doc_id,doc_type,published_at,url,n_chars,gpr_salience,gpr_salience_max,channel,direction,binding,evidence,rationale,n_chunks,model_version,rubric_version,prompt_version,temperature,training_cutoff
fomc_minutes_20000323T1900,minutes,2000-03-23 19:00:00+00:00,https://www.federalreserve.gov/fomc/minutes/20000202.htm,54347,0.0,0.0,,neutral,False,,No geopolitical content mentioned in the document.,5,Qwen3-14B-AWQ,pg1,pg1,0.1,2026-01-01
fomc_minutes_20000518T1800,minutes,2000-05-18 18:00:00+00:00,https://www.federalreserve.gov/fomc/minutes/20000321.htm,29220,0.0,0.0,,neutral,False,,No geopolitical risk mentioned in the text.,3,Qwen3-14B-AWQ,pg1,pg1,0.1,2026-01-01
fomc_minutes_20000629T1800,minutes,2000-06-29 18:00:00+00:00,https://www.federalreserve.gov/fomc/minutes/20000516.htm,26604,0.0,0.0,,neutral,False,,No geopolitical content mentioned in the document.,3,Qwen3-14B-AWQ,pg1,pg1,0.1,2026-01-01
fomc_minutes_20000824T1800,minutes,2000-08-24 18:00:00+00:00,https://www.federalreserve.gov/fomc/minutes/20000628.htm,28584,0.0,0.0,,neutral,False,,No geopolitical risk factors mentioned in the document.,3,Qwen3-14B-AWQ,pg1,pg1,0.1,2026-01-01
fomc_minutes_20001005T1800,minutes,2000-10-05 18:00:00+00:00,https://www.federalreserve.gov/fomc/minutes/20000822.htm,27926,0.0,0.0,,neutral,False,,No geopolitical content mentioned in the document.,3,Qwen3-14B-AWQ,pg1,pg1,0.1,2026-01-01
fomc_minutes_20001116T1900,minutes,2000-11-16 19:00:00+00:00,https://www.federalreserve.gov/fomc/minutes/20001003.htm,25085,0.1861,0.4,energy,risk_up,True,"Developments in world oil markets also might exert continued upward pressure on inflation, while at the same time posing a downward risk to economic activity.",Oil market developments mentioned as a factor affecting both inflation and economic activity.,3,Qwen3-14B-AWQ,pg1,pg1,0.1,2026-01-01
fomc_minutes_20001221T1900,minutes,2000-12-21 19:00:00+00:00,https://www.federalreserve.gov/fomc/minutes/20001115.htm,28820,0.0736,0.4,energy,risk_up,True,the potential for more difficulties in the Middle East,Mentioned in context of uncertainty around energy prices and inflation.,3,Qwen3-14B-AWQ,pg1,pg1,0.1,2026-01-01
fomc_minutes_20010201T1900,minutes,2001-02-01 19:00:00+00:00,https://www.federalreserve.gov/fomc/minutes/20001219.htm,33842,0.0,0.0,,neutral,False,,No geopolitical content mentioned in the document.,3,Qwen3-14B-AWQ,pg1,pg1,0.1,2026-01-01
fomc_minutes_20010322T1900,minutes,2001-03-22 19:00:00+00:00,https://www.federalreserve.gov/fomc/minutes/20010131.htm,59113,0.0,0.0,,neutral,False,,No geopolitical risk mentioned in the text.,5,Qwen3-14B-AWQ,pg1,pg1,0.1,2026-01-01
fomc_minutes_20010517T1800,minutes,2001-05-17 18:00:00+00:00,https://www.federalreserve.gov/fomc/minutes/20010320.htm,31851,0.0,0.0,,neutral,False,,No geopolitical content mentioned in the document.,3,Qwen3-14B-AWQ,pg1,pg1,0.1,2026-01-01
fomc_minutes_20010628T1800,minutes,2001-06-28 18:00:00+00:00,https://www.federalreserve.gov/fomc/minutes/20010515.htm,32282,0.0,0.0,,neutral,False,,No geopolitical risk factors mentioned in the document.,3,Qwen3-14B-AWQ,pg1,pg1,0.1,2026-01-01
fomc_minutes_20010823T1800,minutes,2001-08-23 18:00:00+00:00,https://www.federalreserve.gov/fomc/minutes/20010627.htm,32240,0.0,0.0,,neutral,False,,No geopolitical risk mentioned in the text.,3,Qwen3-14B-AWQ,pg1,pg1,0.1,2026-01-01
fomc_minutes_20011004T1800,minutes,2001-10-04 18:00:00+00:00,https://www.federalreserve.gov/fomc/minutes/20010821.htm,31737,0.1746,0.7,financial,risk_down,True,"Following the terrorist attacks on September 11, 2001, the Committee established or enlarged reciprocal currency (swap) arrangements...",The document discusses the impact of the 9/11 attacks on financial markets and the FOMC's response through swap arrangements.,3,Qwen3-14B-AWQ,pg1,pg1,0.1,2026-01-01
fomc_minutes_20011108T1900,minutes,2001-11-08 19:00:00+00:00,https://www.federalreserve.gov/fomc/minutes/20011002.htm,29130,0.6528,0.9,financial,risk_down,True,The confluence of worldwide economic weakness added to current uncertainties and concerns.,Geopolitical risk (terrorist attacks) is a central theme affecting economic outlook and financial markets.,3,Qwen3-14B-AWQ,pg1,pg1,0.1,2026-01-01
fomc_minutes_20011213T1900,minutes,2001-12-13 19:00:00+00:00,https://www.federalreserve.gov/fomc/minutes/20011106.htm,28251,0.168,0.4,financial,risk_down,True,The heightened degree of uncertainty and risk aversion following the terrorist attacks seemed to be having a pronounced effect on business and household spending.,"The text explicitly links the terrorist attacks to economic uncertainty affecting spending, indicating a financial channel.",3,Qwen3-14B-AWQ,pg1,pg1,0.1,2026-01-01
fomc_minutes_20020131T1900,minutes,2002-01-31 19:00:00+00:00,https://www.federalreserve.gov/fomc/minutes/20011211.htm,30096,0.0397,0.1,,risk_down,True,the possibility of further terrorist incidents,Terrorist incidents mentioned as a risk to consumer confidence and spending.,3,Qwen3-14B-AWQ,pg1,pg1,0.1,2026-01-01
fomc_minutes_20020321T1900,minutes,2002-03-21 19:00:00+00:00,https://www.federalreserve.gov/fomc/minutes/20020130.htm,51668,0.0,0.0,,neutral,False,,No geopolitical content mentioned in the document.,5,Qwen3-14B-AWQ,pg1,pg1,0.1,2026-01-01
fomc_minutes_20020509T1800,minutes,2002-05-09 18:00:00+00:00,https://www.federalreserve.gov/fomc/minutes/20020319.htm,30301,0.0873,0.4,energy,risk_up,True,concern was expressed about heightened tensions in the Middle East and their possible impact on oil markets and the cost of energy,The minutes mention Middle East tensions affecting oil markets and energy costs as a downside risk.,3,Qwen3-14B-AWQ,pg1,pg1,0.1,2026-01-01
fomc_minutes_20020627T1800,minutes,2002-06-27 18:00:00+00:00,https://www.federalreserve.gov/fomc/minutes/20020507.htm,25754,0.0,0.0,,neutral,False,,No geopolitical content mentioned in the document.,3,Qwen3-14B-AWQ,pg1,pg1,0.1,2026-01-01
fomc_minutes_20020815T1800,minutes,2002-08-15 18:00:00+00:00,https://www.federalreserve.gov/fomc/minutes/20020626.htm,27800,0.0,0.0,,neutral,False,,No geopolitical content mentioned in the text.,3,Qwen3-14B-AWQ,pg1,pg1,0.1,2026-01-01
fomc_minutes_20020926T1800,minutes,2002-09-26 18:00:00+00:00,https://www.federalreserve.gov/fomc/minutes/20020813.htm,27005,0.0,0.0,,neutral,False,,No geopolitical content mentioned in the document.,3,Qwen3-14B-AWQ,pg1,pg1,0.1,2026-01-01
fomc_minutes_20021107T1900,minutes,2002-11-07 19:00:00+00:00,https://www.federalreserve.gov/fomc/minutes/20020924.htm,25272,0.1854,0.4,financial,risk_up,True,the addition was not intended to signal that any particular policy response would be forthcoming in the event of a crisis.,"Geopolitical risks are mentioned as a major source of uncertainty, affecting business and consumer sentiment.",3,Qwen3-14B-AWQ,pg1,pg1,0.1,2026-01-01
fomc_minutes_20021212T1900,minutes,2002-12-12 19:00:00+00:00,https://www.federalreserve.gov/fomc/minutes/20021106.htm,30167,0.3157,0.4,military,risk_up,True,possibility of a military conflict as well as persisting concerns about the near-term course of economic activity and corporate earnings.,The text explicitly mentions the possibility of a military conflict as a factor affecting spending decisions.,3,Qwen3-14B-AWQ,pg1,pg1,0.1,2026-01-01
fomc_statement_20030129T1900,statement,2003-01-29 19:00:00+00:00,https://www.federalreserve.gov/boarddocs/press/monetary/2003/20030129/default.htm,1283,0.4,0.4,energy,risk_up,True,Oil price premiums and other aspects of geopolitical risks have reportedly fostered continued restraint on spending and hiring by businesses.,"Geopolitical risks are mentioned as a factor affecting business spending and hiring, indicating a risk-up channel through energy prices.",1,Qwen3-14B-AWQ,pg1,pg1,0.1,2026-01-01
fomc_minutes_20030130T1900,minutes,2003-01-30 19:00:00+00:00,https://www.federalreserve.gov/fomc/minutes/20021210.htm,21945,0.2159,0.4,trade,risk_down,True,"Faced with heightened geopolitical tensions as well as persisting concerns about the near-term course of economic activity and corporate earnings, businesses and households were likely to hold down their spending","Geopolitical tensions are mentioned as a factor affecting spending and economic growth, indicating a risk to the outlook.",2,Qwen3-14B-AWQ,pg1,pg1,0.1,2026-01-01
fomc_statement_20030318T1900,statement,2003-03-18 19:00:00+00:00,https://www.federalreserve.gov/boarddocs/press/monetary/2003/20030318/default.htm,1707,0.6,0.6,energy,risk_up,True,"However, the hesitancy of the economic expansion appears to owe importantly to oil price premiums and other aspects of geopolitical uncertainties.","Geopolitical uncertainties are linked to oil prices and economic hesitancy, affecting the FOMC's decision-making.",1,Qwen3-14B-AWQ,pg1,pg1,0.1,2026-01-01
fomc_minutes_20030320T1900,minutes,2003-03-20 19:00:00+00:00,https://www.federalreserve.gov/fomc/minutes/20030129.htm,50072,0.2379,0.6,energy,risk_down,True,"uncertainties relating to geopolitical tensions and possible war in Iraq, important factors contributing to business caution, might be at least partly resolved in the near term, helping to roll back some of the recent increase in oil prices","Geopolitical tensions in Iraq are discussed as factors affecting business caution and oil prices, indicating a transmission channel through energy markets.",5,Qwen3-14B-AWQ,pg1,pg1,0.1,2026-01-01
fomc_statement_20030506T1800,statement,2003-05-06 18:00:00+00:00,https://www.federalreserve.gov/boarddocs/press/monetary/2003/20030506/default.htm,1594,0.4,0.4,energy,risk_down,True,"the ebbing of geopolitical tensions has rolled back oil prices, bolstered consumer confidence, and strengthened debt and equity markets.","The text explicitly links geopolitical tensions to oil prices and market confidence, indicating a risk reduction.",1,Qwen3-14B-AWQ,pg1,pg1,0.1,2026-01-01
fomc_minutes_20030508T1800,minutes,2003-05-08 18:00:00+00:00,https://www.federalreserve.gov/fomc/minutes/20030318.htm,24210,0.6416,0.9,energy,risk_up,True,"Uncertainty about the effects of the war had contributed to higher energy prices, lower equity prices, declines in measures of household confidence, and a tendency for households and especially businesses to postpone making commitments.","Geopolitical risk is central to the discussion, affecting energy prices and economic outlook.",3,Qwen3-14B-AWQ,pg1,pg1,0.1,2026-01-01
fomc_statement_20030625T1800,statement,2003-06-25 18:00:00+00:00,https://www.federalreserve.gov/boarddocs/press/monetary/2003/20030625/default.htm,2058,0.0,0.0,,neutral,False,,No geopolitical risk factors mentioned in the document.,1,Qwen3-14B-AWQ,pg1,pg1,0.1,2026-01-01
fomc_minutes_20030626T1800,minutes,2003-06-26 18:00:00+00:00,https://www.federalreserve.gov/fomc/minutes/20030506.htm,26077,0.639,0.7,energy,risk_up,True,"sharp run-up in energy prices, however, pushed up overall consumer prices","Geopolitical risk (war) is central to the decision, affecting energy prices and inflation.",3,Qwen3-14B-AWQ,pg1,pg1,0.1,2026-01-01
fomc_statement_20030812T1800,statement,2003-08-12 18:00:00+00:00,https://www.federalreserve.gov/boarddocs/press/monetary/2003/20030812/default.htm,1552,0.0,0.0,,neutral,False,,No geopolitical risk mentioned in the document.,1,Qwen3-14B-AWQ,pg1,pg1,0.1,2026-01-01
fomc_minutes_20030814T1800,minutes,2003-08-14 18:00:00+00:00,https://www.federalreserve.gov/fomc/minutes/20030625.htm,32696,0.2554,0.4,trade,risk_down,True,Real GDP growth in the major foreign industrial countries remained weak in the first quarter as external demand sagged amid heightened geopolitical uncertainties.,Geopolitical uncertainties are mentioned as a factor affecting external demand and GDP growth in foreign countries.,3,Qwen3-14B-AWQ,pg1,pg1,0.1,2026-01-01
fomc_statement_20030916T1800,statement,2003-09-16 18:00:00+00:00,https://www.federalreserve.gov/boarddocs/press/monetary/2003/20030916/default.htm,1552,0.0,0.0,,neutral,False,,No geopolitical risk mentioned in the document.,1,Qwen3-14B-AWQ,pg1,pg1,0.1,2026-01-01
fomc_minutes_20030918T1800,minutes,2003-09-18 18:00:00+00:00,https://www.federalreserve.gov/fomc/minutes/20030812.htm,25484,0.0,0.0,,neutral,False,,No geopolitical risk factors mentioned in the document.,3,Qwen3-14B-AWQ,pg1,pg1,0.1,2026-01-01
fomc_statement_20031028T1900,statement,2003-10-28 19:00:00+00:00,https://www.federalreserve.gov/boarddocs/press/monetary/2003/20031028/default.htm,1548,0.0,0.0,,neutral,False,,No geopolitical risk mentioned in the document.,1,Qwen3-14B-AWQ,pg1,pg1,0.1,2026-01-01
fomc_minutes_20031030T1900,minutes,2003-10-30 19:00:00+00:00,https://www.federalreserve.gov/fomc/minutes/20030916.htm,26300,0.0,0.0,,neutral,False,,No geopolitical content mentioned in the document.,3,Qwen3-14B-AWQ,pg1,pg1,0.1,2026-01-01
fomc_statement_20031209T1900,statement,2003-12-09 19:00:00+00:00,https://www.federalreserve.gov/boarddocs/press/monetary/2003/20031209/default.htm,1459,0.0,0.0,,neutral,False,,No geopolitical risk mentioned in the text.,1,Qwen3-14B-AWQ,pg1,pg1,0.1,2026-01-01
fomc_minutes_20031211T1900,minutes,2003-12-11 19:00:00+00:00,https://www.federalreserve.gov/fomc/minutes/20031028.htm,25036,0.0,0.0,,neutral,False,,No geopolitical content mentioned in the text.,3,Qwen3-14B-AWQ,pg1,pg1,0.1,2026-01-01
fomc_statement_20040128T1900,statement,2004-01-28 19:00:00+00:00,https://www.federalreserve.gov/boarddocs/press/monetary/2004/20040128/default.htm,1478,0.0,0.0,,neutral,False,,No geopolitical risk mentioned in the text.,1,Qwen3-14B-AWQ,pg1,pg1,0.1,2026-01-01
fomc_minutes_20040129T1900,minutes,2004-01-29 19:00:00+00:00,https://www.federalreserve.gov/fomc/minutes/20031209.htm,28119,0.1676,0.4,trade,risk_up,True,reflecting concerns about an escalation of trade frictions prompted by the U.S. imposition of import quotas on Chinese textiles,Trade frictions with China mentioned as a concern affecting the dollar and economic outlook.,3,Qwen3-14B-AWQ,pg1,pg1,0.1,2026-01-01
fomc_statement_20040316T1900,statement,2004-03-16 19:00:00+00:00,https://www.federalreserve.gov/boarddocs/press/monetary/2004/20040316/default.htm,1445,0.0,0.0,,neutral,False,,No geopolitical risk factors mentioned in the document.,1,Qwen3-14B-AWQ,pg1,pg1,0.1,2026-01-01
fomc_minutes_20040318T1900,minutes,2004-03-18 19:00:00+00:00,https://www.federalreserve.gov/fomc/minutes/20040128.htm,55435,0.0,0.0,,neutral,False,,No geopolitical content mentioned in the document.,5,Qwen3-14B-AWQ,pg1,pg1,0.1,2026-01-01
fomc_statement_20040504T1800,statement,2004-05-04 18:00:00+00:00,https://www.federalreserve.gov/boarddocs/press/monetary/2004/20040504/default.htm,1447,0.0,0.0,,neutral,False,,No geopolitical risk mentioned in the text.,1,Qwen3-14B-AWQ,pg1,pg1,0.1,2026-01-01
fomc_minutes_20040506T1800,minutes,2004-05-06 18:00:00+00:00,https://www.federalreserve.gov/fomc/minutes/20040316.htm,25681,0.1399,0.3,,risk_down,False,renewed concerns about terrorism,"Mentioned in context of reduced optimism, not binding on policy.",3,Qwen3-14B-AWQ,pg1,pg1,0.1,2026-01-01
fomc_statement_20040630T1800,statement,2004-06-30 18:00:00+00:00,https://www.federalreserve.gov/boarddocs/press/monetary/2004/20040630/default.htm,2005,0.0,0.0,,neutral,False,,No geopolitical risk factors mentioned in the document.,1,Qwen3-14B-AWQ,pg1,pg1,0.1,2026-01-01
fomc_minutes_20040701T1800,minutes,2004-07-01 18:00:00+00:00,https://www.federalreserve.gov/fomc/minutes/20040504.htm,31137,0.0,0.0,,neutral,False,,No geopolitical risk factors mentioned in the text.,3,Qwen3-14B-AWQ,pg1,pg1,0.1,2026-01-01
fomc_statement_20040810T1800,statement,2004-08-10 18:00:00+00:00,https://www.federalreserve.gov/boarddocs/press/monetary/2004/20040810/default.htm,2129,0.0,0.0,,neutral,False,,No geopolitical risk factors mentioned in the document.,1,Qwen3-14B-AWQ,pg1,pg1,0.1,2026-01-01
fomc_minutes_20040812T1800,minutes,2004-08-12 18:00:00+00:00,https://www.federalreserve.gov/fomc/minutes/20040630.htm,29767,0.0,0.0,,neutral,False,,No geopolitical risk mentioned in the text.,3,Qwen3-14B-AWQ,pg1,pg1,0.1,2026-01-01
fomc_statement_20040921T1800,statement,2004-09-21 18:00:00+00:00,https://www.federalreserve.gov/boarddocs/press/monetary/2004/20040921/default.htm,2026,0.0,0.0,,neutral,False,,No geopolitical risk factors mentioned in the document.,1,Qwen3-14B-AWQ,pg1,pg1,0.1,2026-01-01
fomc_minutes_20040923T1800,minutes,2004-09-23 18:00:00+00:00,https://www.federalreserve.gov/fomc/minutes/20040810.htm,25257,0.1883,0.4,energy,risk_down,True,higher energy prices had played an important role in the recent moderation of economic growth,"Energy prices are mentioned as a factor affecting economic growth, indicating a transmission channel.",3,Qwen3-14B-AWQ,pg1,pg1,0.1,2026-01-01
fomc_statement_20041110T1900,statement,2004-11-10 19:00:00+00:00,https://www.federalreserve.gov/boarddocs/press/monetary/2004/20041110/default.htm,1887,0.0,0.0,,neutral,False,,No geopolitical risk mentioned in the text.,1,Qwen3-14B-AWQ,pg1,pg1,0.1,2026-01-01
fomc_minutes_20041111T1900,minutes,2004-11-11 19:00:00+00:00,https://www.federalreserve.gov/fomc/minutes/20040921.htm,26478,0.0,0.0,,neutral,False,,No geopolitical risk factors mentioned in the document.,3,Qwen3-14B-AWQ,pg1,pg1,0.1,2026-01-01
fomc_statement_20041214T1900,statement,2004-12-14 19:00:00+00:00,https://www.federalreserve.gov/boarddocs/press/monetary/2004/20041214/default.htm,2256,0.0,0.0,,neutral,False,,No geopolitical risk factors mentioned in the document.,1,Qwen3-14B-AWQ,pg1,pg1,0.1,2026-01-01
fomc_minutes_20041216T1900,minutes,2004-12-16 19:00:00+00:00,https://www.federalreserve.gov/fomc/minutes/20041110.htm,23514,0.0,0.0,,neutral,False,,No geopolitical content mentioned in the document.,2,Qwen3-14B-AWQ,pg1,pg1,0.1,2026-01-01
fomc_minutes_20050104T1900,minutes,2005-01-04 19:00:00+00:00,https://www.federalreserve.gov/fomc/minutes/20041214.htm,26138,0.0,0.0,,neutral,False,,No geopolitical content mentioned in the document.,3,Qwen3-14B-AWQ,pg1,pg1,0.1,2026-01-01
fomc_statement_20050202T1900,statement,2005-02-02 19:00:00+00:00,https://www.federalreserve.gov/boarddocs/press/monetary/2005/20050202/default.htm,1931,0.0,0.0,,neutral,False,,No geopolitical risk mentioned in the document.,1,Qwen3-14B-AWQ,pg1,pg1,0.1,2026-01-01
fomc_minutes_20050223T1900,minutes,2005-02-23 19:00:00+00:00,https://www.federalreserve.gov/fomc/minutes/20050202.htm,46325,0.0,0.0,,neutral,False,,No geopolitical risk content found in the document.,4,Qwen3-14B-AWQ,pg1,pg1,0.1,2026-01-01
fomc_statement_20050322T1900,statement,2005-03-22 19:00:00+00:00,https://www.federalreserve.gov/boarddocs/press/monetary/2005/20050322/default.htm,2104,0.0,0.0,,neutral,False,,No geopolitical risk factors mentioned in the document.,1,Qwen3-14B-AWQ,pg1,pg1,0.1,2026-01-01
fomc_minutes_20050412T1800,minutes,2005-04-12 18:00:00+00:00,https://www.federalreserve.gov/fomc/minutes/20050322.htm,28356,0.0,0.0,,neutral,False,,No geopolitical risk factors mentioned in the document.,3,Qwen3-14B-AWQ,pg1,pg1,0.1,2026-01-01
fomc_statement_20050503T1800,statement,2005-05-03 18:00:00+00:00,https://www.federalreserve.gov/boarddocs/press/monetary/2005/20050503/default.htm,2075,0.0,0.0,,neutral,False,,No geopolitical risk factors mentioned in the document.,1,Qwen3-14B-AWQ,pg1,pg1,0.1,2026-01-01
fomc_minutes_20050524T1800,minutes,2005-05-24 18:00:00+00:00,https://www.federalreserve.gov/fomc/minutes/20050503.htm,27182,0.1759,0.4,energy,risk_up,True,Earlier increases in energy prices seemed to be an important factor contributing to an uptick in core inflation and a slower pace of economic activity.,"Energy prices linked to inflation and economic activity, discussed as a factor.",3,Qwen3-14B-AWQ,pg1,pg1,0.1,2026-01-01
fomc_statement_20050630T1800,statement,2005-06-30 18:00:00+00:00,https://www.federalreserve.gov/boarddocs/press/monetary/2005/20050630/default.htm,1959,0.0,0.0,,neutral,False,,No geopolitical risk factors mentioned in the document.,1,Qwen3-14B-AWQ,pg1,pg1,0.1,2026-01-01
fomc_minutes_20050721T1800,minutes,2005-07-21 18:00:00+00:00,https://www.federalreserve.gov/fomc/minutes/20050630.htm,28233,0.0,0.0,,neutral,False,,No geopolitical risk mentioned in the text.,3,Qwen3-14B-AWQ,pg1,pg1,0.1,2026-01-01
fomc_statement_20050809T1800,statement,2005-08-09 18:00:00+00:00,https://www.federalreserve.gov/boarddocs/press/monetary/2005/20050809/default.htm,2028,0.0,0.0,,neutral,False,,No geopolitical risk mentioned in the document.,1,Qwen3-14B-AWQ,pg1,pg1,0.1,2026-01-01
fomc_minutes_20050830T1800,minutes,2005-08-30 18:00:00+00:00,https://www.federalreserve.gov/fomc/minutes/20050809.htm,21615,0.0,0.0,,neutral,False,,No geopolitical risk factors mentioned in the document.,2,Qwen3-14B-AWQ,pg1,pg1,0.1,2026-01-01
fomc_minutes_20051011T1800,minutes,2005-10-11 18:00:00+00:00,https://www.federalreserve.gov/fomc/minutes/20050920.htm,23085,0.5463,0.7,energy,risk_up,True,"damage to infrastructure for extracting and processing oil and natural gas was expected to be substantial, with significant near-term implications for energy prices and the national economy",Hurricane Katrina's impact on energy infrastructure is discussed as a key factor affecting energy prices and the economy.,2,Qwen3-14B-AWQ,pg1,pg1,0.1,2026-01-01
fomc_minutes_20051122T1900,minutes,2005-11-22 19:00:00+00:00,https://www.federalreserve.gov/fomc/minutes/20051101.htm,24436,0.3875,0.4,energy,risk_up,True,Hurricane Rita caused further disruption to energy production in the Gulf area,Hurricane impacts on energy production are discussed as a factor affecting economic activity.,3,Qwen3-14B-AWQ,pg1,pg1,0.1,2026-01-01
fomc_minutes_20060103T1900,minutes,2006-01-03 19:00:00+00:00,https://www.federalreserve.gov/fomc/minutes/20051213.htm,23517,0.0,0.0,,neutral,False,,No geopolitical content mentioned in the text.,2,Qwen3-14B-AWQ,pg1,pg1,0.1,2026-01-01
fomc_statement_20060131T1900,statement,2006-01-31 19:00:00+00:00,https://www.federalreserve.gov/newsevents/press/monetary/20060131a.htm,1463,0.0,0.0,,neutral,False,,No geopolitical risk factors mentioned in the document.,1,Qwen3-14B-AWQ,pg1,pg1,0.1,2026-01-01
fomc_minutes_20060221T1900,minutes,2006-02-21 19:00:00+00:00,https://www.federalreserve.gov/fomc/minutes/20060131.htm,44170,0.0,0.0,,neutral,False,,No geopolitical risk mentioned in the text.,4,Qwen3-14B-AWQ,pg1,pg1,0.1,2026-01-01
fomc_statement_20060328T1900,statement,2006-03-28 19:00:00+00:00,https://www.federalreserve.gov/newsevents/press/monetary/20060328a.htm,1792,0.0,0.0,,neutral,False,,No geopolitical risk mentioned; only economic factors like energy prices discussed.,1,Qwen3-14B-AWQ,pg1,pg1,0.1,2026-01-01
fomc_minutes_20060418T1800,minutes,2006-04-18 18:00:00+00:00,https://www.federalreserve.gov/fomc/minutes/20060328.htm,26872,0.0,0.0,,neutral,False,,No geopolitical risk factors mentioned in the document.,3,Qwen3-14B-AWQ,pg1,pg1,0.1,2026-01-01
fomc_statement_20060510T1800,statement,2006-05-10 18:00:00+00:00,https://www.federalreserve.gov/newsevents/press/monetary/20060510a.htm,2103,0.0,0.0,,neutral,False,,No geopolitical risk mentioned in the text.,1,Qwen3-14B-AWQ,pg1,pg1,0.1,2026-01-01
fomc_minutes_20060531T1800,minutes,2006-05-31 18:00:00+00:00,https://www.federalreserve.gov/fomc/minutes/20060510.htm,28229,0.1698,0.4,energy,risk_up,True,higher energy prices and other commodities had the potential to add to inflation pressures,Energy prices mentioned as a factor contributing to inflation risks.,3,Qwen3-14B-AWQ,pg1,pg1,0.1,2026-01-01
fomc_statement_20060629T1800,statement,2006-06-29 18:00:00+00:00,https://www.federalreserve.gov/newsevents/press/monetary/20060629a.htm,1871,0.0,0.0,,neutral,False,,No geopolitical risk mentioned in the document.,1,Qwen3-14B-AWQ,pg1,pg1,0.1,2026-01-01
fomc_minutes_20060720T1800,minutes,2006-07-20 18:00:00+00:00,https://www.federalreserve.gov/fomc/minutes/20060629.htm,27029,0.0,0.0,,neutral,False,,No geopolitical content mentioned in the document.,3,Qwen3-14B-AWQ,pg1,pg1,0.1,2026-01-01
fomc_statement_20060808T1800,statement,2006-08-08 18:00:00+00:00,https://www.federalreserve.gov/newsevents/press/monetary/20060808a.htm,1437,0.0,0.0,,neutral,False,,No geopolitical risk mentioned in the text.,1,Qwen3-14B-AWQ,pg1,pg1,0.1,2026-01-01
fomc_minutes_20060829T1800,minutes,2006-08-29 18:00:00+00:00,https://www.federalreserve.gov/fomc/minutes/20060808.htm,24479,0.1939,0.4,energy,risk_up,True,"Increased geopolitical risks, particularly related to developments in the Middle East, continued to put pressure on energy prices","The text explicitly links geopolitical risks in the Middle East to ongoing pressure on energy prices, which is a key factor in the inflation outlook.",3,Qwen3-14B-AWQ,pg1,pg1,0.1,2026-01-01
fomc_statement_20060920T1800,statement,2006-09-20 18:00:00+00:00,https://www.federalreserve.gov/newsevents/press/monetary/20060920a.htm,1385,0.0,0.0,,neutral,False,,No geopolitical risk mentioned in the text.,1,Qwen3-14B-AWQ,pg1,pg1,0.1,2026-01-01
fomc_minutes_20061011T1800,minutes,2006-10-11 18:00:00+00:00,https://www.federalreserve.gov/fomc/minutes/20060920.htm,24694,0.0,0.0,,neutral,False,,No geopolitical content mentioned in the document.,3,Qwen3-14B-AWQ,pg1,pg1,0.1,2026-01-01
fomc_statement_20061025T1800,statement,2006-10-25 18:00:00+00:00,https://www.federalreserve.gov/newsevents/press/monetary/20061025a.htm,1400,0.0,0.0,,neutral,False,,No geopolitical risk mentioned in the text.,1,Qwen3-14B-AWQ,pg1,pg1,0.1,2026-01-01
fomc_minutes_20061115T1900,minutes,2006-11-15 19:00:00+00:00,https://www.federalreserve.gov/fomc/minutes/20061025.htm,29295,0.0,0.0,,neutral,False,,No geopolitical risk mentioned in the document.,3,Qwen3-14B-AWQ,pg1,pg1,0.1,2026-01-01
fomc_statement_20061212T1900,statement,2006-12-12 19:00:00+00:00,https://www.federalreserve.gov/newsevents/press/monetary/20061212a.htm,1474,0.0,0.0,,neutral,False,,No geopolitical risk mentioned in the text.,1,Qwen3-14B-AWQ,pg1,pg1,0.1,2026-01-01
fomc_minutes_20070103T1900,minutes,2007-01-03 19:00:00+00:00,https://www.federalreserve.gov/fomc/minutes/20061212.htm,27121,0.0,0.0,,neutral,False,,No geopolitical content mentioned in the document.,3,Qwen3-14B-AWQ,pg1,pg1,0.1,2026-01-01
fomc_statement_20070131T1900,statement,2007-01-31 19:00:00+00:00,https://www.federalreserve.gov/newsevents/press/monetary/20070131a.htm,1166,0.0,0.0,,neutral,False,,No geopolitical risk mentioned in the text.,1,Qwen3-14B-AWQ,pg1,pg1,0.1,2026-01-01
fomc_minutes_20070221T1900,minutes,2007-02-21 19:00:00+00:00,https://www.federalreserve.gov/fomc/minutes/20070131.htm,49751,0.0,0.0,,neutral,False,,No geopolitical risk content mentioned in the document.,5,Qwen3-14B-AWQ,pg1,pg1,0.1,2026-01-01
fomc_statement_20070321T1800,statement,2007-03-21 18:00:00+00:00,https://www.federalreserve.gov/newsevents/press/monetary/20070321a.htm,1110,0.0,0.0,,neutral,False,,No geopolitical risk factors mentioned in the document.,1,Qwen3-14B-AWQ,pg1,pg1,0.1,2026-01-01
fomc_minutes_20070411T1800,minutes,2007-04-11 18:00:00+00:00,https://www.federalreserve.gov/fomc/minutes/20070321.htm,27514,0.0,0.0,,neutral,False,,No geopolitical content mentioned in the text.,3,Qwen3-14B-AWQ,pg1,pg1,0.1,2026-01-01
fomc_statement_20070509T1800,statement,2007-05-09 18:00:00+00:00,https://www.federalreserve.gov/newsevents/press/monetary/20070509a.htm,1095,0.0,0.0,,neutral,False,,No geopolitical risk factors mentioned in the text.,1,Qwen3-14B-AWQ,pg1,pg1,0.1,2026-01-01
fomc_minutes_20070530T1800,minutes,2007-05-30 18:00:00+00:00,https://www.federalreserve.gov/fomc/minutes/20070509.htm,28004,0.0,0.0,,neutral,False,,No geopolitical risk factors mentioned in the text.,3,Qwen3-14B-AWQ,pg1,pg1,0.1,2026-01-01
fomc_statement_20070618T1800,statement,2007-06-18 18:00:00+00:00,https://www.federalreserve.gov/newsevents/press/monetary/20070618a.htm,1191,0.0,0.0,,neutral,False,,No geopolitical risk mentioned in the text.,1,Qwen3-14B-AWQ,pg1,pg1,0.1,2026-01-01
fomc_minutes_20070719T1800,minutes,2007-07-19 18:00:00+00:00,https://www.federalreserve.gov/fomc/minutes/20070628.htm,30220,0.0,0.0,,neutral,False,,No geopolitical content mentioned in the document.,3,Qwen3-14B-AWQ,pg1,pg1,0.1,2026-01-01
fomc_statement_20070807T1800,statement,2007-08-07 18:00:00+00:00,https://www.federalreserve.gov/newsevents/press/monetary/20070807a.htm,1403,0.0,0.0,,neutral,False,,No geopolitical risk mentioned in the text.,1,Qwen3-14B-AWQ,pg1,pg1,0.1,2026-01-01
fomc_statement_20070810T1800,statement,2007-08-10 18:00:00+00:00,https://www.federalreserve.gov/newsevents/press/monetary/20070810a.htm,689,0.0,0.0,,neutral,False,,No geopolitical risk mentioned in the text.,1,Qwen3-14B-AWQ,pg1,pg1,0.1,2026-01-01
fomc_minutes_20070828T1800,minutes,2007-08-28 18:00:00+00:00,https://www.federalreserve.gov/fomc/minutes/20070807.htm,28947,0.0,0.0,,neutral,False,,No geopolitical risk factors mentioned in the document.,3,Qwen3-14B-AWQ,pg1,pg1,0.1,2026-01-01
fomc_statement_20070918T1800,statement,2007-09-18 18:00:00+00:00,https://www.federalreserve.gov/newsevents/press/monetary/20070918a.htm,1718,0.0,0.0,,neutral,False,,No geopolitical risk mentioned in the document.,1,Qwen3-14B-AWQ,pg1,pg1,0.1,2026-01-01
fomc_minutes_20071009T1800,minutes,2007-10-09 18:00:00+00:00,https://www.federalreserve.gov/fomc/minutes/20070918.htm,36937,0.0,0.0,,neutral,False,,No geopolitical risk mentioned in the text.,4,Qwen3-14B-AWQ,pg1,pg1,0.1,2026-01-01
fomc_statement_20071031T1800,statement,2007-10-31 18:00:00+00:00,https://www.federalreserve.gov/newsevents/press/monetary/20071031a.htm,1985,0.0,0.0,,neutral,False,,No geopolitical risk factors mentioned in the document.,1,Qwen3-14B-AWQ,pg1,pg1,0.1,2026-01-01
fomc_minutes_20071120T1900,minutes,2007-11-20 19:00:00+00:00,https://www.federalreserve.gov/monetarypolicy/fomcminutes20071031.htm,37088,0.0,0.0,,neutral,False,,No geopolitical risk mentioned in the text.,4,Qwen3-14B-AWQ,pg1,pg1,0.1,2026-01-01
fomc_statement_20071211T1900,statement,2007-12-11 19:00:00+00:00,https://www.federalreserve.gov/newsevents/press/monetary/20071211a.htm,1914,0.0,0.0,,neutral,False,,No geopolitical risk factors mentioned in the document.,1,Qwen3-14B-AWQ,pg1,pg1,0.1,2026-01-01
fomc_minutes_20080102T1900,minutes,2008-01-02 19:00:00+00:00,https://www.federalreserve.gov/monetarypolicy/fomcminutes20071211.htm,40449,0.0,0.0,,neutral,False,,No geopolitical risk factors mentioned in the text.,4,Qwen3-14B-AWQ,pg1,pg1,0.1,2026-01-01
fomc_statement_20080130T1900,statement,2008-01-30 19:00:00+00:00,https://www.federalreserve.gov/newsevents/press/monetary/20080130a.htm,1664,0.0,0.0,,neutral,False,,No geopolitical risk mentioned in the document.,1,Qwen3-14B-AWQ,pg1,pg1,0.1,2026-01-01
fomc_minutes_20080220T1900,minutes,2008-02-20 19:00:00+00:00,https://www.federalreserve.gov/monetarypolicy/fomcminutes20080130.htm,63880,0.0,0.0,,neutral,False,,No geopolitical risk mentioned in the document.,6,Qwen3-14B-AWQ,pg1,pg1,0.1,2026-01-01
fomc_statement_20080311T1800,statement,2008-03-11 18:00:00+00:00,https://www.federalreserve.gov/newsevents/press/monetary/20080311a.htm,2824,0.0,0.0,,neutral,False,,No geopolitical risk factors mentioned; focus is on liquidity and financial market pressures.,1,Qwen3-14B-AWQ,pg1,pg1,0.1,2026-01-01
fomc_statement_20080318T1800,statement,2008-03-18 18:00:00+00:00,https://www.federalreserve.gov/newsevents/press/monetary/20080318a.htm,1953,0.0,0.0,,neutral,False,,No geopolitical risk factors mentioned in the document.,1,Qwen3-14B-AWQ,pg1,pg1,0.1,2026-01-01
fomc_minutes_20080408T1800,minutes,2008-04-08 18:00:00+00:00,https://www.federalreserve.gov/monetarypolicy/fomcminutes20080318.htm,40895,0.0,0.0,,neutral,False,,No geopolitical risk factors mentioned in the document.,4,Qwen3-14B-AWQ,pg1,pg1,0.1,2026-01-01
fomc_statement_20080430T1800,statement,2008-04-30 18:00:00+00:00,https://www.federalreserve.gov/newsevents/press/monetary/20080430a.htm,2066,0.0,0.0,,neutral,False,,No geopolitical risk factors mentioned in the document.,1,Qwen3-14B-AWQ,pg1,pg1,0.1,2026-01-01
fomc_minutes_20080521T1800,minutes,2008-05-21 18:00:00+00:00,https://www.federalreserve.gov/monetarypolicy/fomcminutes20080430.htm,46915,0.0,0.0,,neutral,False,,No geopolitical content mentioned in the text.,4,Qwen3-14B-AWQ,pg1,pg1,0.1,2026-01-01
fomc_statement_20080625T1800,statement,2008-06-25 18:00:00+00:00,https://www.federalreserve.gov/newsevents/press/monetary/20080625a.htm,1691,0.0,0.0,,neutral,False,,No geopolitical risk factors mentioned in the document.,1,Qwen3-14B-AWQ,pg1,pg1,0.1,2026-01-01
fomc_statement_20080805T1800,statement,2008-08-05 18:00:00+00:00,https://www.federalreserve.gov/newsevents/press/monetary/20080805a.htm,1656,0.0,0.0,,neutral,False,,No geopolitical risk factors mentioned in the document.,1,Qwen3-14B-AWQ,pg1,pg1,0.1,2026-01-01
fomc_minutes_20080826T1800,minutes,2008-08-26 18:00:00+00:00,https://www.federalreserve.gov/monetarypolicy/fomcminutes20080805.htm,34968,0.0,0.0,,neutral,False,,No geopolitical content mentioned in the document.,3,Qwen3-14B-AWQ,pg1,pg1,0.1,2026-01-01
fomc_statement_20080916T1800,statement,2008-09-16 18:00:00+00:00,https://www.federalreserve.gov/newsevents/press/monetary/20080916a.htm,1502,0.0,0.0,,neutral,False,,No geopolitical content mentioned in the statement.,1,Qwen3-14B-AWQ,pg1,pg1,0.1,2026-01-01
fomc_minutes_20081007T1800,minutes,2008-10-07 18:00:00+00:00,https://www.federalreserve.gov/monetarypolicy/fomcminutes20080916.htm,31031,0.0,0.0,,neutral,False,,No geopolitical content mentioned in the document.,3,Qwen3-14B-AWQ,pg1,pg1,0.1,2026-01-01
fomc_statement_20081008T1800,statement,2008-10-08 18:00:00+00:00,https://www.federalreserve.gov/newsevents/press/monetary/20081008a.htm,2950,0.0,0.0,,neutral,False,,No geopolitical risk factors mentioned in the text.,1,Qwen3-14B-AWQ,pg1,pg1,0.1,2026-01-01
fomc_statement_20081029T1800,statement,2008-10-29 18:00:00+00:00,https://www.federalreserve.gov/newsevents/press/monetary/20081029a.htm,1968,0.0,0.0,,neutral,False,,No geopolitical risk factors mentioned in the document.,1,Qwen3-14B-AWQ,pg1,pg1,0.1,2026-01-01
fomc_minutes_20081119T1900,minutes,2008-11-19 19:00:00+00:00,https://www.federalreserve.gov/monetarypolicy/fomcminutes20081029.htm,53626,0.0,0.0,,neutral,False,,No geopolitical content mentioned in the text.,5,Qwen3-14B-AWQ,pg1,pg1,0.1,2026-01-01
fomc_minutes_20090106T1900,minutes,2009-01-06 19:00:00+00:00,https://www.federalreserve.gov/monetarypolicy/fomcminutes20081216.htm,51167,0.0,0.0,,neutral,False,,No geopolitical risk factors mentioned in the text.,5,Qwen3-14B-AWQ,pg1,pg1,0.1,2026-01-01
fomc_statement_20090128T1900,statement,2009-01-28 19:00:00+00:00,https://www.federalreserve.gov/newsevents/press/monetary/20090128a.htm,3218,0.0,0.0,,neutral,False,,No geopolitical risk factors mentioned in the document.,1,Qwen3-14B-AWQ,pg1,pg1,0.1,2026-01-01
fomc_minutes_20090218T1900,minutes,2009-02-18 19:00:00+00:00,https://www.federalreserve.gov/monetarypolicy/fomcminutes20090128.htm,72250,0.0,0.0,,neutral,False,,No geopolitical risk mentioned in the text.,7,Qwen3-14B-AWQ,pg1,pg1,0.1,2026-01-01
fomc_statement_20090318T1800,statement,2009-03-18 18:00:00+00:00,https://www.federalreserve.gov/newsevents/press/monetary/20090318a.htm,2776,0.0,0.0,,neutral,False,,No geopolitical risk factors mentioned in the document.,1,Qwen3-14B-AWQ,pg1,pg1,0.1,2026-01-01
fomc_minutes_20090408T1800,minutes,2009-04-08 18:00:00+00:00,https://www.federalreserve.gov/monetarypolicy/fomcminutes20090318.htm,46573,0.0,0.0,,neutral,False,,No geopolitical risk factors mentioned in the document.,4,Qwen3-14B-AWQ,pg1,pg1,0.1,2026-01-01
fomc_statement_20090429T1800,statement,2009-04-29 18:00:00+00:00,https://www.federalreserve.gov/newsevents/press/monetary/20090429a.htm,2819,0.0,0.0,,neutral,False,,No geopolitical risk factors mentioned in the document.,1,Qwen3-14B-AWQ,pg1,pg1,0.1,2026-01-01
fomc_minutes_20090520T1800,minutes,2009-05-20 18:00:00+00:00,https://www.federalreserve.gov/monetarypolicy/fomcminutes20090429.htm,44137,0.0,0.0,,neutral,False,,No geopolitical content mentioned in the document.,4,Qwen3-14B-AWQ,pg1,pg1,0.1,2026-01-01
fomc_statement_20090624T1800,statement,2009-06-24 18:00:00+00:00,https://www.federalreserve.gov/newsevents/press/monetary/20090624a.htm,2480,0.0,0.0,,neutral,False,,No geopolitical risk factors mentioned in the document.,1,Qwen3-14B-AWQ,pg1,pg1,0.1,2026-01-01
fomc_minutes_20090715T1800,minutes,2009-07-15 18:00:00+00:00,https://www.federalreserve.gov/monetarypolicy/fomcminutes20090624.htm,55010,0.0,0.0,,neutral,False,,No geopolitical content mentioned in the document.,5,Qwen3-14B-AWQ,pg1,pg1,0.1,2026-01-01
fomc_statement_20090812T1800,statement,2009-08-12 18:00:00+00:00,https://www.federalreserve.gov/newsevents/press/monetary/20090812a.htm,2748,0.0,0.0,,neutral,False,,No geopolitical risk factors mentioned in the document.,1,Qwen3-14B-AWQ,pg1,pg1,0.1,2026-01-01
fomc_minutes_20090902T1800,minutes,2009-09-02 18:00:00+00:00,https://www.federalreserve.gov/monetarypolicy/fomcminutes20090812.htm,46327,0.0,0.0,,neutral,False,,No geopolitical risk factors mentioned in the document.,4,Qwen3-14B-AWQ,pg1,pg1,0.1,2026-01-01
fomc_statement_20090923T1800,statement,2009-09-23 18:00:00+00:00,https://www.federalreserve.gov/newsevents/press/monetary/20090923a.htm,2795,0.0,0.0,,neutral,False,,No geopolitical risk factors mentioned in the document.,1,Qwen3-14B-AWQ,pg1,pg1,0.1,2026-01-01
fomc_minutes_20091014T1800,minutes,2009-10-14 18:00:00+00:00,https://www.federalreserve.gov/monetarypolicy/fomcminutes20090923.htm,50005,0.0,0.0,,neutral,False,,No geopolitical risk mentioned in the text.,5,Qwen3-14B-AWQ,pg1,pg1,0.1,2026-01-01
fomc_statement_20091104T1900,statement,2009-11-04 19:00:00+00:00,https://www.federalreserve.gov/newsevents/press/monetary/20091104a.htm,3085,0.0,0.0,,neutral,False,,No geopolitical risk factors mentioned in the document.,1,Qwen3-14B-AWQ,pg1,pg1,0.1,2026-01-01
fomc_minutes_20091124T1900,minutes,2009-11-24 19:00:00+00:00,https://www.federalreserve.gov/monetarypolicy/fomcminutes20091104.htm,46801,0.0,0.0,,neutral,False,,No geopolitical risk mentioned in the text.,4,Qwen3-14B-AWQ,pg1,pg1,0.1,2026-01-01
fomc_statement_20091216T1900,statement,2009-12-16 19:00:00+00:00,https://www.federalreserve.gov/newsevents/press/monetary/20091216a.htm,3779,0.0,0.0,,neutral,False,,No geopolitical risk factors mentioned in the document.,1,Qwen3-14B-AWQ,pg1,pg1,0.1,2026-01-01
fomc_minutes_20100106T1900,minutes,2010-01-06 19:00:00+00:00,https://www.federalreserve.gov/monetarypolicy/fomcminutes20091216.htm,53763,0.0,0.0,,neutral,False,,No geopolitical risk factors mentioned in the text.,5,Qwen3-14B-AWQ,pg1,pg1,0.1,2026-01-01
fomc_statement_20100127T1900,statement,2010-01-27 19:00:00+00:00,https://www.federalreserve.gov/newsevents/press/monetary/20100127a.htm,3626,0.0,0.0,,neutral,False,,No geopolitical risk factors mentioned in the document.,1,Qwen3-14B-AWQ,pg1,pg1,0.1,2026-01-01
fomc_minutes_20100217T1900,minutes,2010-02-17 19:00:00+00:00,https://www.federalreserve.gov/monetarypolicy/fomcminutes20100127.htm,74937,0.0,0.0,,neutral,False,,No geopolitical content mentioned in the document.,7,Qwen3-14B-AWQ,pg1,pg1,0.1,2026-01-01
fomc_statement_20100316T1800,statement,2010-03-16 18:00:00+00:00,https://www.federalreserve.gov/newsevents/press/monetary/20100316a.htm,3001,0.0,0.0,,neutral,False,,No geopolitical risk factors mentioned in the document.,1,Qwen3-14B-AWQ,pg1,pg1,0.1,2026-01-01
fomc_minutes_20100406T1800,minutes,2010-04-06 18:00:00+00:00,https://www.federalreserve.gov/monetarypolicy/fomcminutes20100316.htm,44428,0.108,0.4,financial,risk_up,True,Spreads on Greek government debt relative to German bunds widened appreciably before falling back as press reports indicated that euro-area countries were discussing a possible aid package for Greece,"Mentions Greek debt concerns affecting financial markets, influencing spreads and leading to discussions on aid packages.",4,Qwen3-14B-AWQ,pg1,pg1,0.1,2026-01-01
fomc_statement_20100428T1800,statement,2010-04-28 18:00:00+00:00,https://www.federalreserve.gov/newsevents/press/monetary/20100428a.htm,2741,0.0,0.0,,neutral,False,,No geopolitical risk factors mentioned in the document.,1,Qwen3-14B-AWQ,pg1,pg1,0.1,2026-01-01
fomc_statement_20100509T1800,statement,2010-05-09 18:00:00+00:00,https://www.federalreserve.gov/newsevents/press/monetary/20100509a.htm,1971,0.0,0.0,,neutral,False,,No geopolitical risk factors mentioned in the document.,1,Qwen3-14B-AWQ,pg1,pg1,0.1,2026-01-01
fomc_minutes_20100519T1800,minutes,2010-05-19 18:00:00+00:00,https://www.federalreserve.gov/monetarypolicy/fomcminutes20100428.htm,47229,0.1015,0.4,financial,risk_up,True,the escalation of fiscal strains in Greece and spreading concerns about other peripheral European countries as weighing on financial conditions and confidence in the euro area,"Mentions Greek debt crisis affecting financial conditions and euro area confidence, indicating geopolitical risk.",4,Qwen3-14B-AWQ,pg1,pg1,0.1,2026-01-01
fomc_statement_20100623T1800,statement,2010-06-23 18:00:00+00:00,https://www.federalreserve.gov/newsevents/press/monetary/20100623a.htm,2462,0.0,0.0,,neutral,False,,No geopolitical risk factors mentioned in the document.,1,Qwen3-14B-AWQ,pg1,pg1,0.1,2026-01-01
fomc_minutes_20100714T1800,minutes,2010-07-14 18:00:00+00:00,https://www.federalreserve.gov/monetarypolicy/fomcminutes20100623.htm,53000,0.1803,0.4,financial,risk_up,True,concerns about the fiscal situation of several euro-area countries intensified sharply,Mentions European debt issues affecting financial markets and policy responses.,5,Qwen3-14B-AWQ,pg1,pg1,0.1,2026-01-01
fomc_statement_20100810T1800,statement,2010-08-10 18:00:00+00:00,https://www.federalreserve.gov/newsevents/press/monetary/20100810a.htm,3084,0.0,0.0,,neutral,False,,No geopolitical risk factors mentioned in the document.,1,Qwen3-14B-AWQ,pg1,pg1,0.1,2026-01-01
fomc_minutes_20100831T1800,minutes,2010-08-31 18:00:00+00:00,https://www.federalreserve.gov/monetarypolicy/fomcminutes20100810.htm,44749,0.0,0.0,,neutral,False,,No geopolitical risk mentioned in the text.,4,Qwen3-14B-AWQ,pg1,pg1,0.1,2026-01-01
fomc_statement_20100921T1800,statement,2010-09-21 18:00:00+00:00,https://www.federalreserve.gov/newsevents/press/monetary/20100921a.htm,2882,0.0,0.0,,neutral,False,,No geopolitical risk factors mentioned in the document.,1,Qwen3-14B-AWQ,pg1,pg1,0.1,2026-01-01
fomc_minutes_20101012T1800,minutes,2010-10-12 18:00:00+00:00,https://www.federalreserve.gov/monetarypolicy/fomcminutes20100921.htm,40742,0.0,0.0,,neutral,False,,No geopolitical risk factors mentioned in the document.,4,Qwen3-14B-AWQ,pg1,pg1,0.1,2026-01-01
fomc_statement_20101103T1800,statement,2010-11-03 18:00:00+00:00,https://www.federalreserve.gov/newsevents/press/monetary/20101103a.htm,3319,0.0,0.0,,neutral,False,,No geopolitical risk factors mentioned in the text.,1,Qwen3-14B-AWQ,pg1,pg1,0.1,2026-01-01
fomc_minutes_20101123T1900,minutes,2010-11-23 19:00:00+00:00,https://www.federalreserve.gov/monetarypolicy/fomcminutes20101103.htm,48101,0.0,0.0,,neutral,False,,No geopolitical risk mentioned in the text.,5,Qwen3-14B-AWQ,pg1,pg1,0.1,2026-01-01
fomc_statement_20101214T1900,statement,2010-12-14 19:00:00+00:00,https://www.federalreserve.gov/newsevents/press/monetary/20101214a.htm,3296,0.0,0.0,,neutral,False,,No geopolitical risk factors mentioned in the document.,1,Qwen3-14B-AWQ,pg1,pg1,0.1,2026-01-01
fomc_minutes_20110104T1900,minutes,2011-01-04 19:00:00+00:00,https://www.federalreserve.gov/monetarypolicy/fomcminutes20101214.htm,45021,0.106,0.4,financial,risk_up,True,"Participants expressed concerns about a possible worsening of the banking and financial strains in Europe, which could spill over to U.S. financial markets and institutions, and so to the broader U.S. economy.","The document discusses European financial strains as a risk to the U.S. economy, indicating a financial channel.",4,Qwen3-14B-AWQ,pg1,pg1,0.1,2026-01-01
fomc_statement_20110126T1900,statement,2011-01-26 19:00:00+00:00,https://www.federalreserve.gov/newsevents/pressreleases/monetary20110126a.htm,2957,0.0,0.0,,neutral,False,,No geopolitical risk factors mentioned in the document.,1,Qwen3-14B-AWQ,pg1,pg1,0.1,2026-01-01
fomc_minutes_20110216T1900,minutes,2011-02-16 19:00:00+00:00,https://www.federalreserve.gov/monetarypolicy/fomcminutes20110126.htm,69769,0.0153,0.1,,risk_up,True,increases in energy and other commodity prices as well as in the prices of imported goods from EMEs posed upside risks,Mentioned as an upside risk to inflation from commodity prices and imported goods from EMEs.,6,Qwen3-14B-AWQ,pg1,pg1,0.1,2026-01-01
fomc_statement_20110315T1800,statement,2011-03-15 18:00:00+00:00,https://www.federalreserve.gov/newsevents/pressreleases/monetary20110315a.htm,3101,0.4,0.4,energy,risk_up,True,"Commodity prices have risen significantly since the summer, and concerns about global supplies of crude oil have contributed to a sharp run-up in oil prices in recent weeks.",Mentions rising commodity prices and oil supply concerns as a factor affecting inflation.,1,Qwen3-14B-AWQ,pg1,pg1,0.1,2026-01-01
fomc_minutes_20110405T1800,minutes,2011-04-05 18:00:00+00:00,https://www.federalreserve.gov/monetarypolicy/fomcminutes20110315.htm,45359,0.2315,0.4,energy,risk_up,True,"Recent surveys showed further hefty increases in retail gasoline prices in February and early March, and prices of nonfuel industrial commodities also rose sharply on net.",Mentions energy price increases as a factor affecting inflation expectations.,4,Qwen3-14B-AWQ,pg1,pg1,0.1,2026-01-01
fomc_statement_20110427T1800,statement,2011-04-27 18:00:00+00:00,https://www.federalreserve.gov/newsevents/pressreleases/monetary20110427a.htm,3166,0.0,0.0,,neutral,False,,No geopolitical risk factors mentioned in the document.,1,Qwen3-14B-AWQ,pg1,pg1,0.1,2026-01-01
fomc_minutes_20110518T1800,minutes,2011-05-18 18:00:00+00:00,https://www.federalreserve.gov/monetarypolicy/fomcminutes20110427.htm,51770,0.0917,0.4,energy,risk_up,True,"These commodity price increases, in turn, reflected robust global demand and geopolitical developments that had reduced supply.","Geopolitical developments mentioned as a factor in commodity price increases, which are linked to inflation risks.",5,Qwen3-14B-AWQ,pg1,pg1,0.1,2026-01-01
fomc_statement_20110622T1800,statement,2011-06-22 18:00:00+00:00,https://www.federalreserve.gov/newsevents/pressreleases/monetary20110622a.htm,3132,0.4,0.4,energy,risk_up,True,the damping effect of higher food and energy prices on consumer purchasing power and spending as well as supply chain disruptions associated with the tragic events in Japan,Mentions energy prices and supply chain disruptions as temporary factors affecting the recovery.,1,Qwen3-14B-AWQ,pg1,pg1,0.1,2026-01-01
fomc_minutes_20110712T1800,minutes,2011-07-12 18:00:00+00:00,https://www.federalreserve.gov/monetarypolicy/fomcminutes20110622.htm,49961,0.1915,0.4,financial,risk_up,True,an escalation of the fiscal difficulties in Greece and spreading concerns about other peripheral European countries could cause significant financial strains in the United States,Mentions financial strains from European debt issues as a risk factor affecting the U.S. economy.,5,Qwen3-14B-AWQ,pg1,pg1,0.1,2026-01-01
fomc_statement_20110809T1800,statement,2011-08-09 18:00:00+00:00,https://www.federalreserve.gov/newsevents/pressreleases/monetary20110809a.htm,3583,0.0,0.0,,neutral,False,,No geopolitical risk factors are mentioned in the document.,1,Qwen3-14B-AWQ,pg1,pg1,0.1,2026-01-01
fomc_minutes_20110830T1800,minutes,2011-08-30 18:00:00+00:00,https://www.federalreserve.gov/monetarypolicy/fomcminutes20110809.htm,44449,0.1861,0.4,financial,risk_down,True,"Potential shocks included the possibility of a more protracted period of weakness in household financial conditions, the chance of a larger-than-expected near-term fiscal tightening, and potential financial and economic spillovers if the situation in Europe were to deteriorate.","Mentions European situation as a potential shock affecting economic outlook, indicating geopolitical risk.",4,Qwen3-14B-AWQ,pg1,pg1,0.1,2026-01-01
fomc_statement_20110921T1800,statement,2011-09-21 18:00:00+00:00,https://www.federalreserve.gov/newsevents/pressreleases/monetary20110921a.htm,4066,0.0,0.0,,neutral,False,,"No geopolitical risk factors mentioned; focuses on economic indicators, inflation, and monetary policy.",1,Qwen3-14B-AWQ,pg1,pg1,0.1,2026-01-01
fomc_minutes_20111012T1800,minutes,2011-10-12 18:00:00+00:00,https://www.federalreserve.gov/monetarypolicy/fomcminutes20110921.htm,56560,0.0837,0.4,financial,risk_up,True,"Participants agreed that, if European policymakers did not respond effectively, European sovereign debt and banking problems could intensify, with potentially serious spillovers to the U.S. economy.",Geopolitical risk related to European financial instability is discussed as a factor affecting the U.S. economy.,5,Qwen3-14B-AWQ,pg1,pg1,0.1,2026-01-01
fomc_statement_20111102T1800,statement,2011-11-02 18:00:00+00:00,https://www.federalreserve.gov/newsevents/pressreleases/monetary20111102a.htm,3344,0.0,0.0,,neutral,False,,No geopolitical risk mentioned; only economic factors like inflation and financial markets are discussed.,1,Qwen3-14B-AWQ,pg1,pg1,0.1,2026-01-01
fomc_minutes_20111122T1900,minutes,2011-11-22 19:00:00+00:00,https://www.federalreserve.gov/monetarypolicy/fomcminutes20111102.htm,51628,0.0924,0.4,financial,risk_up,True,Participants took note of the possible adverse effects on U.S. financial markets and the broader U.S. economy if European sovereign debt and banking problems intensified.,"Mentions European debt crisis as a risk to U.S. financial markets and economy, indicating a financial channel.",5,Qwen3-14B-AWQ,pg1,pg1,0.1,2026-01-01
fomc_statement_20111213T1900,statement,2011-12-13 19:00:00+00:00,https://www.federalreserve.gov/newsevents/pressreleases/monetary20111213a.htm,2985,0.0,0.0,,neutral,False,,No geopolitical risk factors mentioned in the document.,1,Qwen3-14B-AWQ,pg1,pg1,0.1,2026-01-01
fomc_minutes_20120103T1900,minutes,2012-01-03 19:00:00+00:00,https://www.federalreserve.gov/monetarypolicy/fomcminutes20111213.htm,51744,0.1813,0.4,financial,risk_up,True,strains in global financial markets continued to pose significant downside risks,"Mentions financial market strains as a downside risk, linked to euro area issues.",5,Qwen3-14B-AWQ,pg1,pg1,0.1,2026-01-01
fomc_statement_20120125T1900,statement,2012-01-25 19:00:00+00:00,https://www.federalreserve.gov/newsevents/pressreleases/monetary20120125a.htm,2901,0.0,0.0,,neutral,False,,No mention of geopolitical risks in the text.,1,Qwen3-14B-AWQ,pg1,pg1,0.1,2026-01-01
fomc_minutes_20120215T1900,minutes,2012-02-15 19:00:00+00:00,https://www.federalreserve.gov/monetarypolicy/fomcminutes20120125.htm,71668,0.0666,0.4,trade,risk_down,True,"fiscal austerity programs in Europe and stresses in the European banking system seemed likely to restrain economic growth there, perhaps with some spillover to growth in Asia.","Mentions European fiscal austerity and banking stresses as factors restraining growth, with potential spillover to Asia.",7,Qwen3-14B-AWQ,pg1,pg1,0.1,2026-01-01
fomc_statement_20120313T1800,statement,2012-03-13 18:00:00+00:00,https://www.federalreserve.gov/newsevents/pressreleases/monetary20120313a.htm,2952,0.1,0.1,,risk_down,False,"Strains in global financial markets have eased, though they continue to pose significant downside risks to the economic outlook.",Mentions global financial strains as a risk but does not tie it to geopolitical factors.,1,Qwen3-14B-AWQ,pg1,pg1,0.1,2026-01-01
fomc_minutes_20120403T1800,minutes,2012-04-03 18:00:00+00:00,https://www.federalreserve.gov/monetarypolicy/fomcminutes20120313.htm,42048,0.1113,0.4,energy,risk_up,True,the recent increase in oil and gasoline prices,geopolitical concerns are cited as a cause of rising oil prices.,4,Qwen3-14B-AWQ,pg1,pg1,0.1,2026-01-01
fomc_statement_20120425T1800,statement,2012-04-25 18:00:00+00:00,https://www.federalreserve.gov/newsevents/pressreleases/monetary20120425a.htm,3003,0.0,0.0,,neutral,False,,No geopolitical risk factors mentioned; only economic factors like oil prices and financial markets are discussed.,1,Qwen3-14B-AWQ,pg1,pg1,0.1,2026-01-01
fomc_minutes_20120516T1800,minutes,2012-05-16 18:00:00+00:00,https://www.federalreserve.gov/monetarypolicy/fomcminutes20120425.htm,46621,0.0256,0.1,,risk_down,True,Strains in global financial markets stemming from the sovereign debt and banking situation in Europe continued to pose significant downside risks to economic activity both here and abroad.,"Mentions European sovereign debt and banking strains as downside risks, but no elaboration on channels.",4,Qwen3-14B-AWQ,pg1,pg1,0.1,2026-01-01
fomc_statement_20120620T1800,statement,2012-06-20 18:00:00+00:00,https://www.federalreserve.gov/newsevents/pressreleases/monetary20120620a.htm,3437,0.0,0.0,,neutral,False,,No geopolitical risk factors mentioned in the document.,1,Qwen3-14B-AWQ,pg1,pg1,0.1,2026-01-01
fomc_minutes_20120711T1800,minutes,2012-07-11 18:00:00+00:00,https://www.federalreserve.gov/monetarypolicy/fomcminutes20120620.htm,52692,0.0,0.0,,neutral,False,,No geopolitical risk mentioned in the text.,5,Qwen3-14B-AWQ,pg1,pg1,0.1,2026-01-01
fomc_statement_20120801T1800,statement,2012-08-01 18:00:00+00:00,https://www.federalreserve.gov/newsevents/pressreleases/monetary20120801a.htm,3080,0.0,0.0,,neutral,False,,No geopolitical risk factors mentioned in the document.,1,Qwen3-14B-AWQ,pg1,pg1,0.1,2026-01-01
fomc_minutes_20120822T1800,minutes,2012-08-22 18:00:00+00:00,https://www.federalreserve.gov/monetarypolicy/fomcminutes20120801.htm,47241,0.1974,0.4,financial,risk_down,True,"Financial markets remained sensitive to ongoing developments related to the sovereign debt and banking situation in the euro area, and participants continued to view the possibility of an intensification of strains in global financial markets as a significant downside risk to the domestic economic outlook.","The document explicitly mentions the euro area's sovereign debt and banking issues as a significant downside risk affecting the domestic outlook, indicating a financial channel.",4,Qwen3-14B-AWQ,pg1,pg1,0.1,2026-01-01
fomc_statement_20120913T1800,statement,2012-09-13 18:00:00+00:00,https://www.federalreserve.gov/newsevents/pressreleases/monetary20120913a.htm,3861,0.0,0.0,,neutral,False,,No geopolitical risk factors mentioned in the document.,1,Qwen3-14B-AWQ,pg1,pg1,0.1,2026-01-01
fomc_minutes_20121004T1800,minutes,2012-10-04 18:00:00+00:00,https://www.federalreserve.gov/monetarypolicy/fomcminutes20120913.htm,50151,0.1892,0.4,financial,risk_down,True,"Prominent among these risks were a possible intensification of strains in the euro zone, with potential spillovers to U.S. financial markets and institutions and thus to the broader U.S. economy",The document explicitly mentions risks from euro zone strains affecting U.S. financial markets and economy.,5,Qwen3-14B-AWQ,pg1,pg1,0.1,2026-01-01
fomc_statement_20121024T1800,statement,2012-10-24 18:00:00+00:00,https://www.federalreserve.gov/newsevents/pressreleases/monetary20121024a.htm,3863,0.0,0.0,,neutral,False,,No geopolitical risk factors mentioned in the document.,1,Qwen3-14B-AWQ,pg1,pg1,0.1,2026-01-01
fomc_minutes_20121114T1900,minutes,2012-11-14 19:00:00+00:00,https://www.federalreserve.gov/monetarypolicy/fomcminutes20121024.htm,44401,0.0,0.0,,neutral,False,,No geopolitical content mentioned in the text.,4,Qwen3-14B-AWQ,pg1,pg1,0.1,2026-01-01
fomc_statement_20121212T1900,statement,2012-12-12 19:00:00+00:00,https://www.federalreserve.gov/newsevents/pressreleases/monetary20121212a.htm,4784,0.0,0.0,,neutral,False,,No geopolitical risk factors mentioned in the document.,1,Qwen3-14B-AWQ,pg1,pg1,0.1,2026-01-01
fomc_minutes_20130103T1900,minutes,2013-01-03 19:00:00+00:00,https://www.federalreserve.gov/monetarypolicy/fomcminutes20121212.htm,50568,0.0,0.0,,neutral,False,,No geopolitical risk factors mentioned in the text.,5,Qwen3-14B-AWQ,pg1,pg1,0.1,2026-01-01
fomc_statement_20130130T1900,statement,2013-01-30 19:00:00+00:00,https://www.federalreserve.gov/newsevents/pressreleases/monetary20130130a.htm,4499,0.0,0.0,,neutral,False,,No geopolitical risk factors mentioned in the document.,1,Qwen3-14B-AWQ,pg1,pg1,0.1,2026-01-01
fomc_minutes_20130220T1900,minutes,2013-02-20 19:00:00+00:00,https://www.federalreserve.gov/monetarypolicy/fomcminutes20130130.htm,72779,0.0,0.0,,neutral,False,,No geopolitical content mentioned in the document.,7,Qwen3-14B-AWQ,pg1,pg1,0.1,2026-01-01
fomc_statement_20130320T1800,statement,2013-03-20 18:00:00+00:00,https://www.federalreserve.gov/newsevents/pressreleases/monetary20130320a.htm,4542,0.0,0.0,,neutral,False,,No geopolitical risk factors mentioned in the document.,1,Qwen3-14B-AWQ,pg1,pg1,0.1,2026-01-01
fomc_minutes_20130410T1800,minutes,2013-04-10 18:00:00+00:00,https://www.federalreserve.gov/monetarypolicy/fomcminutes20130320.htm,47905,0.0988,0.4,financial,risk_up,True,Financial market concerns regarding the euro area rose over the intermeeting period amid weaker-than-expected economic data releases and political uncertainties generated by the inconclusive election results in Italy.,"Mentions geopolitical risk (Italy's election) as a factor affecting financial markets, indicating a risk-up direction.",5,Qwen3-14B-AWQ,pg1,pg1,0.1,2026-01-01
fomc_statement_20130501T1800,statement,2013-05-01 18:00:00+00:00,https://www.federalreserve.gov/newsevents/pressreleases/monetary20130501a.htm,4619,0.0,0.0,,neutral,False,,No geopolitical risk factors mentioned in the document.,1,Qwen3-14B-AWQ,pg1,pg1,0.1,2026-01-01
fomc_minutes_20130522T1800,minutes,2013-05-22 18:00:00+00:00,https://www.federalreserve.gov/monetarypolicy/fomcminutes20130501.htm,45276,0.0263,0.1,,risk_down,True,the situation in Europe,Mentions European situation as a downside risk to economic outlook.,4,Qwen3-14B-AWQ,pg1,pg1,0.1,2026-01-01
fomc_statement_20130619T1800,statement,2013-06-19 18:00:00+00:00,https://www.federalreserve.gov/newsevents/pressreleases/monetary20130619a.htm,4788,0.0,0.0,,neutral,False,,No geopolitical risk factors mentioned in the document.,1,Qwen3-14B-AWQ,pg1,pg1,0.1,2026-01-01
fomc_minutes_20130710T1800,minutes,2013-07-10 18:00:00+00:00,https://www.federalreserve.gov/monetarypolicy/fomcminutes20130619.htm,53773,0.0,0.0,,neutral,False,,No geopolitical risk mentioned in the document.,5,Qwen3-14B-AWQ,pg1,pg1,0.1,2026-01-01
fomc_statement_20130731T1800,statement,2013-07-31 18:00:00+00:00,https://www.federalreserve.gov/newsevents/pressreleases/monetary20130731a.htm,4806,0.0,0.0,,neutral,False,,no geopolitical content mentioned in the text.,1,Qwen3-14B-AWQ,pg1,pg1,0.1,2026-01-01
fomc_minutes_20130821T1800,minutes,2013-08-21 18:00:00+00:00,https://www.federalreserve.gov/monetarypolicy/fomcminutes20130731.htm,47211,0.0,0.0,,neutral,False,,No geopolitical risk factors mentioned in the text.,4,Qwen3-14B-AWQ,pg1,pg1,0.1,2026-01-01
fomc_statement_20130918T1800,statement,2013-09-18 18:00:00+00:00,https://www.federalreserve.gov/newsevents/pressreleases/monetary20130918a.htm,5469,0.0,0.0,,neutral,False,,No geopolitical risk factors mentioned in the document.,1,Qwen3-14B-AWQ,pg1,pg1,0.1,2026-01-01
fomc_minutes_20131009T1800,minutes,2013-10-09 18:00:00+00:00,https://www.federalreserve.gov/monetarypolicy/fomcminutes20130918.htm,54134,0.022,0.1,,risk_down,False,including geopolitical events in the Middle East.,Mentioned in a list of potential risks without elaboration.,5,Qwen3-14B-AWQ,pg1,pg1,0.1,2026-01-01
fomc_statement_20131030T1800,statement,2013-10-30 18:00:00+00:00,https://www.federalreserve.gov/newsevents/pressreleases/monetary20131030a.htm,5340,0.0,0.0,,neutral,False,,No geopolitical risk factors mentioned in the document.,1,Qwen3-14B-AWQ,pg1,pg1,0.1,2026-01-01
fomc_minutes_20131120T1900,minutes,2013-11-20 19:00:00+00:00,https://www.federalreserve.gov/monetarypolicy/fomcminutes20131030.htm,50569,0.0,0.0,,neutral,False,,No geopolitical content mentioned in the text.,5,Qwen3-14B-AWQ,pg1,pg1,0.1,2026-01-01
fomc_statement_20131218T1900,statement,2013-12-18 19:00:00+00:00,https://www.federalreserve.gov/newsevents/pressreleases/monetary20131218a.htm,6000,0.0,0.0,,neutral,False,,No geopolitical risk factors mentioned in the document.,1,Qwen3-14B-AWQ,pg1,pg1,0.1,2026-01-01
fomc_minutes_20140108T1900,minutes,2014-01-08 19:00:00+00:00,https://www.federalreserve.gov/monetarypolicy/fomcminutes20131218.htm,58174,0.0,0.0,,neutral,False,,No geopolitical content mentioned in the text.,5,Qwen3-14B-AWQ,pg1,pg1,0.1,2026-01-01
fomc_statement_20140129T1900,statement,2014-01-29 19:00:00+00:00,https://www.federalreserve.gov/newsevents/pressreleases/monetary20140129a.htm,5813,0.0,0.0,,neutral,False,,No geopolitical risk factors mentioned in the document.,1,Qwen3-14B-AWQ,pg1,pg1,0.1,2026-01-01
fomc_minutes_20140219T1900,minutes,2014-02-19 19:00:00+00:00,https://www.federalreserve.gov/monetarypolicy/fomcminutes20140129.htm,79154,0.0,0.0,,neutral,False,,No geopolitical risk mentioned in the document.,7,Qwen3-14B-AWQ,pg1,pg1,0.1,2026-01-01
fomc_statement_20140319T1800,statement,2014-03-19 18:00:00+00:00,https://www.federalreserve.gov/newsevents/pressreleases/monetary20140319a.htm,6142,0.0,0.0,,neutral,False,,No geopolitical risk factors mentioned in the document.,1,Qwen3-14B-AWQ,pg1,pg1,0.1,2026-01-01
fomc_minutes_20140409T1800,minutes,2014-04-09 18:00:00+00:00,https://www.federalreserve.gov/monetarypolicy/fomcminutes20140319.htm,55151,0.0861,0.4,trade,risk_down,True,events in Ukraine were likely to have little direct effect on the U.S. economic outlook but might have negative implications for global growth if they escalated and led to a protracted period of geopolitical tensions in that region.,Ukraine events mentioned as potential risk to global growth if tensions escalate.,5,Qwen3-14B-AWQ,pg1,pg1,0.1,2026-01-01
fomc_statement_20140430T1800,statement,2014-04-30 18:00:00+00:00,https://www.federalreserve.gov/newsevents/pressreleases/monetary20140430a.htm,5684,0.0,0.0,,neutral,False,,No geopolitical risk factors mentioned in the document.,1,Qwen3-14B-AWQ,pg1,pg1,0.1,2026-01-01
fomc_minutes_20140521T1800,minutes,2014-05-21 18:00:00+00:00,https://www.federalreserve.gov/monetarypolicy/fomcminutes20140430.htm,44642,0.1325,0.4,trade,risk_down,True,"potential international developments, such as a further slowing of growth in China or an increase in geopolitical tensions regarding Russia and Ukraine.","Mentioned as a potential downside risk to growth, indicating geopolitical tensions as a factor.",4,Qwen3-14B-AWQ,pg1,pg1,0.1,2026-01-01
fomc_statement_20140618T1800,statement,2014-06-18 18:00:00+00:00,https://www.federalreserve.gov/newsevents/pressreleases/monetary20140618a.htm,5615,0.0,0.0,,neutral,False,,No geopolitical risk factors mentioned in the document.,1,Qwen3-14B-AWQ,pg1,pg1,0.1,2026-01-01
fomc_minutes_20140709T1800,minutes,2014-07-09 18:00:00+00:00,https://www.federalreserve.gov/monetarypolicy/fomcminutes20140618.htm,56418,0.0843,0.4,trade,risk_down,True,developments in Iraq and Ukraine as posing possible downside risks to global economic activity,Mentions Iraq and Ukraine as posing downside risks to global economic activity.,5,Qwen3-14B-AWQ,pg1,pg1,0.1,2026-01-01
fomc_statement_20140730T1800,statement,2014-07-30 18:00:00+00:00,https://www.federalreserve.gov/newsevents/pressreleases/monetary20140730a.htm,5980,0.0,0.0,,neutral,False,,No mention of geopolitical risks in the text.,1,Qwen3-14B-AWQ,pg1,pg1,0.1,2026-01-01
fomc_minutes_20140820T1800,minutes,2014-08-20 18:00:00+00:00,https://www.federalreserve.gov/monetarypolicy/fomcminutes20140730.htm,52754,0.1583,0.4,financial,risk_up,True,geopolitical risks weighed on investor sentiment at times,"Mentions geopolitical risks affecting investor sentiment, indicating a transmission channel through financial markets.",5,Qwen3-14B-AWQ,pg1,pg1,0.1,2026-01-01
fomc_statement_20140917T1800,statement,2014-09-17 18:00:00+00:00,https://www.federalreserve.gov/newsevents/pressreleases/monetary20140917a.htm,6261,0.0,0.0,,neutral,False,,No geopolitical risk factors mentioned in the document.,1,Qwen3-14B-AWQ,pg1,pg1,0.1,2026-01-01
fomc_minutes_20141008T1800,minutes,2014-10-08 18:00:00+00:00,https://www.federalreserve.gov/monetarypolicy/fomcminutes20140917.htm,60293,0.0792,0.4,trade,risk_up,True,slower economic growth in China or Japan or unanticipated events in the Middle East or Ukraine might pose a similar risk.,Mentions geopolitical risks in the Middle East and Ukraine as potential risks to the U.S. external sector.,6,Qwen3-14B-AWQ,pg1,pg1,0.1,2026-01-01
fomc_statement_20141029T1800,statement,2014-10-29 18:00:00+00:00,https://www.federalreserve.gov/newsevents/pressreleases/monetary20141029a.htm,5130,0.0,0.0,,neutral,False,,No geopolitical risk factors mentioned in the document.,1,Qwen3-14B-AWQ,pg1,pg1,0.1,2026-01-01
fomc_minutes_20141119T1900,minutes,2014-11-19 19:00:00+00:00,https://www.federalreserve.gov/monetarypolicy/fomcminutes20141029.htm,55086,0.0865,0.4,trade,risk_down,True,the strengthening of the dollar over the period,"geopolitical risk mentioned in context of foreign economic outlook and risks in Europe, China, Japan.",5,Qwen3-14B-AWQ,pg1,pg1,0.1,2026-01-01
fomc_statement_20141217T1900,statement,2014-12-17 19:00:00+00:00,https://www.federalreserve.gov/newsevents/pressreleases/monetary20141217a.htm,5124,0.0,0.0,,neutral,False,,"No geopolitical risk factors mentioned; focus on economic indicators, inflation, and monetary policy.",1,Qwen3-14B-AWQ,pg1,pg1,0.1,2026-01-01
fomc_minutes_20150107T1900,minutes,2015-01-07 19:00:00+00:00,https://www.federalreserve.gov/monetarypolicy/fomcminutes20141217.htm,49872,0.0962,0.4,trade,risk_down,True,"Many participants regarded the international situation as an important source of downside risks to domestic real activity and employment, particularly if declines in oil prices and the persistence of weak economic growth abroad had a substantial negative effect on global financial markets or if foreign policy responses were insufficient.","The minutes mention international situation as a downside risk, linking it to global financial markets and foreign policy responses.",5,Qwen3-14B-AWQ,pg1,pg1,0.1,2026-01-01
fomc_statement_20150128T1900,statement,2015-01-28 19:00:00+00:00,https://www.federalreserve.gov/newsevents/pressreleases/monetary20150128a.htm,4141,0.0,0.0,,neutral,False,,No geopolitical risk factors mentioned in the document.,1,Qwen3-14B-AWQ,pg1,pg1,0.1,2026-01-01
fomc_minutes_20150218T1900,minutes,2015-02-18 19:00:00+00:00,https://www.federalreserve.gov/monetarypolicy/fomcminutes20150128.htm,94822,0.0623,0.4,trade,risk_down,True,"continuing risks to the international economic outlook were cited, including global disinflationary pressure, tensions in the Middle East and Ukraine, and financial uncertainty in Greece.","Geopolitical risks are mentioned as part of international economic outlook risks, affecting trade and inflation.",8,Qwen3-14B-AWQ,pg1,pg1,0.1,2026-01-01
fomc_statement_20150318T1800,statement,2015-03-18 18:00:00+00:00,https://www.federalreserve.gov/newsevents/pressreleases/monetary20150318a.htm,4068,0.0,0.0,,neutral,False,,No geopolitical risk factors mentioned in the document.,1,Qwen3-14B-AWQ,pg1,pg1,0.1,2026-01-01
fomc_minutes_20150408T1800,minutes,2015-04-08 18:00:00+00:00,https://www.federalreserve.gov/monetarypolicy/fomcminutes20150318.htm,55668,0.0851,0.4,trade,risk_down,True,"Participants pointed to a number of risks to the international economic outlook, including the slowdown in growth in China, fiscal and financial problems in Greece, and geopolitical tensions.","Geopolitical tensions are mentioned as a risk to the international economic outlook, affecting trade and growth.",5,Qwen3-14B-AWQ,pg1,pg1,0.1,2026-01-01
fomc_statement_20150429T1800,statement,2015-04-29 18:00:00+00:00,https://www.federalreserve.gov/newsevents/pressreleases/monetary20150429a.htm,3959,0.0,0.0,,neutral,False,,No geopolitical risk factors mentioned in the document.,1,Qwen3-14B-AWQ,pg1,pg1,0.1,2026-01-01
fomc_minutes_20150520T1800,minutes,2015-05-20 18:00:00+00:00,https://www.federalreserve.gov/monetarypolicy/fomcminutes20150429.htm,50364,0.0,0.0,,neutral,False,,No geopolitical risk mentioned in the text.,5,Qwen3-14B-AWQ,pg1,pg1,0.1,2026-01-01
fomc_statement_20150617T1800,statement,2015-06-17 18:00:00+00:00,https://www.federalreserve.gov/newsevents/pressreleases/monetary20150617a.htm,3822,0.0,0.0,,neutral,False,,No geopolitical risk mentioned in the document.,1,Qwen3-14B-AWQ,pg1,pg1,0.1,2026-01-01
fomc_minutes_20150708T1800,minutes,2015-07-08 18:00:00+00:00,https://www.federalreserve.gov/monetarypolicy/fomcminutes20150617.htm,53213,0.0676,0.3,financial,risk_up,True,"failure of Greece and its official creditors to resolve their differences could result in disruptions in financial markets in the euro area, with possible spillover effects on the United States",Mention of Greece's potential failure to resolve differences as a risk to financial markets with possible spillover effects.,5,Qwen3-14B-AWQ,pg1,pg1,0.1,2026-01-01
fomc_statement_20150729T1800,statement,2015-07-29 18:00:00+00:00,https://www.federalreserve.gov/newsevents/pressreleases/monetary20150729a.htm,3791,0.0,0.0,,neutral,False,,No geopolitical risk mentioned in the document.,1,Qwen3-14B-AWQ,pg1,pg1,0.1,2026-01-01
fomc_minutes_20150819T1800,minutes,2015-08-19 18:00:00+00:00,https://www.federalreserve.gov/monetarypolicy/fomcminutes20150729.htm,55956,0.0845,0.4,trade,risk_down,True,a material slowdown in Chinese economic activity could pose risks to the U.S. economic outlook,"Chinese economic slowdown mentioned as a risk to U.S. outlook, affecting trade.",5,Qwen3-14B-AWQ,pg1,pg1,0.1,2026-01-01
fomc_statement_20150917T1800,statement,2015-09-17 18:00:00+00:00,https://www.federalreserve.gov/newsevents/pressreleases/monetary20150917a.htm,4087,0.4,0.4,energy,risk_down,True,"Inflation has continued to run below the Committee's longer-run objective, partly reflecting declines in energy prices and in prices of non-energy imports.","Mentions energy prices as a factor affecting inflation, indicating a transmission channel.",1,Qwen3-14B-AWQ,pg1,pg1,0.1,2026-01-01
fomc_minutes_20151008T1800,minutes,2015-10-08 18:00:00+00:00,https://www.federalreserve.gov/monetarypolicy/fomcminutes20150917.htm,49454,0.1938,0.4,trade,risk_down,True,A material slowdown in economic growth in China and potential adverse spillovers to other economies were likely to depress U.S. net exports to some extent.,Mentions China's slowdown and spillovers affecting U.S. net exports as a downside risk.,5,Qwen3-14B-AWQ,pg1,pg1,0.1,2026-01-01
fomc_statement_20151028T1800,statement,2015-10-28 18:00:00+00:00,https://www.federalreserve.gov/newsevents/pressreleases/monetary20151028a.htm,3999,0.0,0.0,,neutral,False,,No geopolitical risk mentioned in the document.,1,Qwen3-14B-AWQ,pg1,pg1,0.1,2026-01-01
fomc_minutes_20151118T1900,minutes,2015-11-18 19:00:00+00:00,https://www.federalreserve.gov/monetarypolicy/fomcminutes20151028.htm,53695,0.0112,0.1,,neutral,False,The Committee continues to monitor global economic and financial developments.,Passing mention in the statement without elaboration.,5,Qwen3-14B-AWQ,pg1,pg1,0.1,2026-01-01
fomc_statement_20151216T1900,statement,2015-12-16 19:00:00+00:00,https://www.federalreserve.gov/newsevents/pressreleases/monetary20151216a.htm,4080,0.0,0.0,,neutral,False,,No geopolitical risk factors mentioned in the document.,1,Qwen3-14B-AWQ,pg1,pg1,0.1,2026-01-01
fomc_minutes_20160106T1900,minutes,2016-01-06 19:00:00+00:00,https://www.federalreserve.gov/monetarypolicy/fomcminutes20151216.htm,50756,0.0,0.0,,neutral,False,,No geopolitical risk mentioned in the text.,5,Qwen3-14B-AWQ,pg1,pg1,0.1,2026-01-01
fomc_minutes_20160217T1900,minutes,2016-02-17 19:00:00+00:00,https://www.federalreserve.gov/monetarypolicy/fomcminutes20160127.htm,90440,0.1583,0.4,energy,risk_down,True,Further declines in energy prices pulled down inflation in many foreign economies in the fourth quarter,"Energy price declines are mentioned as a factor affecting foreign inflation, indicating a risk channel.",8,Qwen3-14B-AWQ,pg1,pg1,0.1,2026-01-01
fomc_statement_20160316T1800,statement,2016-03-16 18:00:00+00:00,https://www.federalreserve.gov/newsevents/pressreleases/monetary20160316a.htm,3919,0.0,0.0,,neutral,False,,No geopolitical risk factors mentioned in the document.,1,Qwen3-14B-AWQ,pg1,pg1,0.1,2026-01-01
fomc_minutes_20160406T1800,minutes,2016-04-06 18:00:00+00:00,https://www.federalreserve.gov/monetarypolicy/fomcminutes20160316.htm,51311,0.1005,0.4,trade,risk_down,True,global economic and financial developments ... pose risks to the outlook for economic activity and the labor market in the United States.,Mentions global developments as ongoing downside risks to US economic outlook.,5,Qwen3-14B-AWQ,pg1,pg1,0.1,2026-01-01
fomc_statement_20160427T1800,statement,2016-04-27 18:00:00+00:00,https://www.federalreserve.gov/newsevents/pressreleases/monetary20160427a.htm,3945,0.0,0.0,,neutral,False,,No geopolitical risk mentioned in the document.,1,Qwen3-14B-AWQ,pg1,pg1,0.1,2026-01-01
fomc_minutes_20160518T1800,minutes,2016-05-18 18:00:00+00:00,https://www.federalreserve.gov/monetarypolicy/fomcminutes20160427.htm,61604,0.0191,0.1,,neutral,False,the upcoming British referendum on membership in the European Union or to unanticipated developments associated with China's management of its exchange rate,"passing mention in a list of risks, no elaboration",6,Qwen3-14B-AWQ,pg1,pg1,0.1,2026-01-01
fomc_statement_20160615T1800,statement,2016-06-15 18:00:00+00:00,https://www.federalreserve.gov/newsevents/pressreleases/monetary20160615a.htm,3716,0.0,0.0,,neutral,False,,No geopolitical risk factors mentioned in the document.,1,Qwen3-14B-AWQ,pg1,pg1,0.1,2026-01-01
fomc_minutes_20160706T1800,minutes,2016-07-06 18:00:00+00:00,https://www.federalreserve.gov/monetarypolicy/fomcminutes20160615.htm,54546,0.1971,0.4,financial,risk_up,True,growing concerns among investors about the British referendum on membership in the European Union,The text mentions concerns about the British referendum affecting financial markets and the federal funds rate expectations.,5,Qwen3-14B-AWQ,pg1,pg1,0.1,2026-01-01
fomc_statement_20160727T1800,statement,2016-07-27 18:00:00+00:00,https://www.federalreserve.gov/newsevents/pressreleases/monetary20160727a.htm,3860,0.0,0.0,,neutral,False,,No geopolitical risk factors mentioned in the document.,1,Qwen3-14B-AWQ,pg1,pg1,0.1,2026-01-01
fomc_minutes_20160817T1800,minutes,2016-08-17 18:00:00+00:00,https://www.federalreserve.gov/monetarypolicy/fomcminutes20160727.htm,67951,0.1575,0.4,financial,risk_up,True,"Global financial market developments during the intermeeting period were driven, in large part, by reactions to the U.K. referendum on EU membership on June 23 and to the release of U.S. economic data.","The text discusses how global financial markets were influenced by the U.K. referendum on EU membership, indicating a financial channel and binding risk assessment.",6,Qwen3-14B-AWQ,pg1,pg1,0.1,2026-01-01
fomc_statement_20160921T1800,statement,2016-09-21 18:00:00+00:00,https://www.federalreserve.gov/newsevents/pressreleases/monetary20160921a.htm,4087,0.0,0.0,,neutral,False,,No geopolitical risk mentioned in the text.,1,Qwen3-14B-AWQ,pg1,pg1,0.1,2026-01-01
fomc_minutes_20161012T1800,minutes,2016-10-12 18:00:00+00:00,https://www.federalreserve.gov/monetarypolicy/fomcminutes20160921.htm,71603,0.0,0.0,,neutral,False,,No geopolitical risk mentioned in the text.,6,Qwen3-14B-AWQ,pg1,pg1,0.1,2026-01-01
fomc_statement_20161102T1800,statement,2016-11-02 18:00:00+00:00,https://www.federalreserve.gov/newsevents/pressreleases/monetary20161102a.htm,4060,0.0,0.0,,neutral,False,,No geopolitical risk factors mentioned in the document.,1,Qwen3-14B-AWQ,pg1,pg1,0.1,2026-01-01
fomc_minutes_20161123T1900,minutes,2016-11-23 19:00:00+00:00,https://www.federalreserve.gov/monetarypolicy/fomcminutes20161102.htm,61276,0.0782,0.4,trade,risk_down,True,"important international downside risks remained, including constraints on monetary policies in the low interest rate environments of some countries; investors' concerns about developments potentially affecting profitability in the European banking sector; the possible consequences of upcoming negotiations and eventual terms of the United Kingdom's exit from the EU; potential deleterious effects from rapid credit growth in China; and the potential for further dollar appreciation, which could restrain U.S. inflation for a considerable time.","The minutes mention international downside risks including UK's EU exit, China's credit growth, and dollar appreciation affecting U.S. inflation.",6,Qwen3-14B-AWQ,pg1,pg1,0.1,2026-01-01
fomc_statement_20161214T1900,statement,2016-12-14 19:00:00+00:00,https://www.federalreserve.gov/newsevents/pressreleases/monetary20161214a.htm,3719,0.0,0.0,,neutral,False,,No geopolitical risk mentioned in the document.,1,Qwen3-14B-AWQ,pg1,pg1,0.1,2026-01-01
fomc_minutes_20170104T1900,minutes,2017-01-04 19:00:00+00:00,https://www.federalreserve.gov/monetarypolicy/fomcminutes20161214.htm,55514,0.0,0.0,,neutral,False,,No geopolitical risk factors mentioned in the text.,5,Qwen3-14B-AWQ,pg1,pg1,0.1,2026-01-01
fomc_statement_20170201T1900,statement,2017-02-01 19:00:00+00:00,https://www.federalreserve.gov/newsevents/pressreleases/monetary20170201a.htm,3500,0.0,0.0,,neutral,False,,No geopolitical risk mentioned in the text.,1,Qwen3-14B-AWQ,pg1,pg1,0.1,2026-01-01
fomc_minutes_20170222T1900,minutes,2017-02-22 19:00:00+00:00,https://www.federalreserve.gov/monetarypolicy/fomcminutes20170201.htm,83050,0.0,0.0,,neutral,False,,No geopolitical risk mentioned in the document.,7,Qwen3-14B-AWQ,pg1,pg1,0.1,2026-01-01
fomc_statement_20170315T1800,statement,2017-03-15 18:00:00+00:00,https://www.federalreserve.gov/newsevents/pressreleases/monetary20170315a.htm,3659,0.0,0.0,,neutral,False,,No geopolitical risk factors mentioned in the document.,1,Qwen3-14B-AWQ,pg1,pg1,0.1,2026-01-01
fomc_minutes_20170405T1800,minutes,2017-04-05 18:00:00+00:00,https://www.federalreserve.gov/monetarypolicy/fomcminutes20170315.htm,59593,0.0,0.0,,neutral,False,,No geopolitical content mentioned in the document.,6,Qwen3-14B-AWQ,pg1,pg1,0.1,2026-01-01
fomc_statement_20170503T1800,statement,2017-05-03 18:00:00+00:00,https://www.federalreserve.gov/newsevents/pressreleases/monetary20170503a.htm,3642,0.0,0.0,,neutral,False,,No geopolitical risk factors mentioned in the document.,1,Qwen3-14B-AWQ,pg1,pg1,0.1,2026-01-01
fomc_minutes_20170524T1800,minutes,2017-05-24 18:00:00+00:00,https://www.federalreserve.gov/monetarypolicy/fomcminutes20170503.htm,56646,0.1683,0.4,financial,risk_up,True,some increase in geopolitical tensions,Mentions geopolitical tensions as a factor affecting financial markets.,5,Qwen3-14B-AWQ,pg1,pg1,0.1,2026-01-01
fomc_statement_20170614T1800,statement,2017-06-14 18:00:00+00:00,https://www.federalreserve.gov/newsevents/pressreleases/monetary20170614a.htm,3837,0.0,0.0,,neutral,False,,No geopolitical risk factors mentioned in the document.,1,Qwen3-14B-AWQ,pg1,pg1,0.1,2026-01-01
fomc_minutes_20170705T1800,minutes,2017-07-05 18:00:00+00:00,https://www.federalreserve.gov/monetarypolicy/fomcminutes20170614.htm,58340,0.0,0.0,,neutral,False,,No geopolitical risk mentioned in the document.,5,Qwen3-14B-AWQ,pg1,pg1,0.1,2026-01-01
fomc_statement_20170726T1800,statement,2017-07-26 18:00:00+00:00,https://www.federalreserve.gov/newsevents/pressreleases/monetary20170726a.htm,3525,0.0,0.0,,neutral,False,,No geopolitical risk mentioned in the text.,1,Qwen3-14B-AWQ,pg1,pg1,0.1,2026-01-01
fomc_minutes_20170816T1800,minutes,2017-08-16 18:00:00+00:00,https://www.federalreserve.gov/monetarypolicy/fomcminutes20170726.htm,49688,0.0,0.0,,neutral,False,,No geopolitical risk mentioned in the text.,5,Qwen3-14B-AWQ,pg1,pg1,0.1,2026-01-01
fomc_statement_20170920T1800,statement,2017-09-20 18:00:00+00:00,https://www.federalreserve.gov/newsevents/pressreleases/monetary20170920a.htm,3696,0.0,0.0,,neutral,False,,No geopolitical risk factors mentioned in the document.,1,Qwen3-14B-AWQ,pg1,pg1,0.1,2026-01-01
fomc_minutes_20171011T1800,minutes,2017-10-11 18:00:00+00:00,https://www.federalreserve.gov/monetarypolicy/fomcminutes20170920.htm,57142,0.1211,0.4,financial,risk_up,True,"Investors' interpretations of FOMC communications, market perceptions of a reduced likelihood of U.S. fiscal policy changes, and heightened geopolitical risks all reportedly placed downward pressure on longer-term yields.","Geopolitical risks are mentioned as a factor affecting financial markets, specifically long-term yields.",5,Qwen3-14B-AWQ,pg1,pg1,0.1,2026-01-01
fomc_statement_20171101T1800,statement,2017-11-01 18:00:00+00:00,https://www.federalreserve.gov/newsevents/pressreleases/monetary20171101a.htm,3577,0.4,0.4,energy,risk_up,True,"Gasoline prices rose in the aftermath of the hurricanes, boosting overall inflation in September",Hurricane impacts on energy prices are mentioned as a factor affecting inflation.,1,Qwen3-14B-AWQ,pg1,pg1,0.1,2026-01-01
fomc_minutes_20171122T1900,minutes,2017-11-22 19:00:00+00:00,https://www.federalreserve.gov/monetarypolicy/fomcminutes20171101.htm,50698,0.0,0.0,,neutral,False,,No geopolitical content mentioned in the text.,5,Qwen3-14B-AWQ,pg1,pg1,0.1,2026-01-01
fomc_statement_20171213T1900,statement,2017-12-13 19:00:00+00:00,https://www.federalreserve.gov/newsevents/pressreleases/monetary20171213a.htm,3362,0.0,0.0,,neutral,False,,No geopolitical risk factors mentioned in the document.,1,Qwen3-14B-AWQ,pg1,pg1,0.1,2026-01-01
fomc_minutes_20180103T1900,minutes,2018-01-03 19:00:00+00:00,https://www.federalreserve.gov/monetarypolicy/fomcminutes20171213.htm,49349,0.0,0.0,,neutral,False,,No geopolitical risk factors mentioned in the text.,5,Qwen3-14B-AWQ,pg1,pg1,0.1,2026-01-01
fomc_statement_20180131T1900,statement,2018-01-31 19:00:00+00:00,https://www.federalreserve.gov/newsevents/pressreleases/monetary20180131a.htm,2903,0.0,0.0,,neutral,False,,No geopolitical risk mentioned in the text.,1,Qwen3-14B-AWQ,pg1,pg1,0.1,2026-01-01
fomc_minutes_20180221T1900,minutes,2018-02-21 19:00:00+00:00,https://www.federalreserve.gov/monetarypolicy/fomcminutes20180131.htm,81428,0.0,0.0,,neutral,False,,No geopolitical risk mentioned in the document.,7,Qwen3-14B-AWQ,pg1,pg1,0.1,2026-01-01
fomc_statement_20180321T1800,statement,2018-03-21 18:00:00+00:00,https://www.federalreserve.gov/newsevents/pressreleases/monetary20180321a.htm,3071,0.0,0.0,,neutral,False,,No geopolitical risk mentioned in the document.,1,Qwen3-14B-AWQ,pg1,pg1,0.1,2026-01-01
fomc_minutes_20180411T1800,minutes,2018-04-11 18:00:00+00:00,https://www.federalreserve.gov/monetarypolicy/fomcminutes20180321.htm,48472,0.0976,0.4,trade,risk_down,True,"A strong majority of participants viewed the prospect of retaliatory trade actions by other countries, as well as other issues and uncertainties associated with trade policies, as downside risks for the U.S. economy.","Geopolitical risk related to trade policies is discussed as a downside risk, affecting the economic outlook.",5,Qwen3-14B-AWQ,pg1,pg1,0.1,2026-01-01
fomc_statement_20180502T1800,statement,2018-05-02 18:00:00+00:00,https://www.federalreserve.gov/newsevents/pressreleases/monetary20180502a.htm,2889,0.0,0.0,,neutral,False,,No geopolitical risk mentioned in the document.,1,Qwen3-14B-AWQ,pg1,pg1,0.1,2026-01-01
fomc_minutes_20180523T1800,minutes,2018-05-23 18:00:00+00:00,https://www.federalreserve.gov/monetarypolicy/fomcminutes20180502.htm,52533,0.0,0.0,,neutral,False,,No geopolitical risk mentioned in the text.,5,Qwen3-14B-AWQ,pg1,pg1,0.1,2026-01-01
fomc_statement_20180613T1800,statement,2018-06-13 18:00:00+00:00,https://www.federalreserve.gov/newsevents/pressreleases/monetary20180613a.htm,2250,0.0,0.0,,neutral,False,,No geopolitical risk mentioned in the document.,1,Qwen3-14B-AWQ,pg1,pg1,0.1,2026-01-01
fomc_minutes_20180705T1800,minutes,2018-07-05 18:00:00+00:00,https://www.federalreserve.gov/monetarypolicy/fomcminutes20180613.htm,47407,0.0992,0.4,trade,risk_down,True,Many participants saw potential downside risks to economic growth and inflation associated with political and economic developments in Europe and some EMEs.,Mentions trade-related risks from Europe and EMEs as a downside risk to growth and inflation.,4,Qwen3-14B-AWQ,pg1,pg1,0.1,2026-01-01
fomc_statement_20180801T1800,statement,2018-08-01 18:00:00+00:00,https://www.federalreserve.gov/newsevents/pressreleases/monetary20180801a.htm,2189,0.0,0.0,,neutral,False,,No geopolitical risk mentioned in the document.,1,Qwen3-14B-AWQ,pg1,pg1,0.1,2026-01-01
fomc_minutes_20180822T1800,minutes,2018-08-22 18:00:00+00:00,https://www.federalreserve.gov/monetarypolicy/fomcminutes20180801.htm,55264,0.2586,0.4,trade,risk_up,True,"Escalating trade tensions between China and the United States prompted notable market moves, particularly in foreign exchange markets.","Trade tensions between China and the U.S. are mentioned as a factor affecting market moves, indicating a transmission channel through trade.",5,Qwen3-14B-AWQ,pg1,pg1,0.1,2026-01-01
fomc_statement_20180926T1800,statement,2018-09-26 18:00:00+00:00,https://www.federalreserve.gov/newsevents/pressreleases/monetary20180926a.htm,2065,0.0,0.0,,neutral,False,,No geopolitical risk mentioned in the document.,1,Qwen3-14B-AWQ,pg1,pg1,0.1,2026-01-01
fomc_minutes_20181017T1800,minutes,2018-10-17 18:00:00+00:00,https://www.federalreserve.gov/monetarypolicy/fomcminutes20180926.htm,47432,0.0998,0.4,trade,risk_down,True,"Trade tensions weighed on foreign equity prices, as the United States continued its trade negotiations with Canada and placed additional tariffs on Chinese products.","Trade tensions are mentioned as a factor affecting foreign equity prices, indicating a risk to the economic outlook.",4,Qwen3-14B-AWQ,pg1,pg1,0.1,2026-01-01
fomc_statement_20181108T1900,statement,2018-11-08 19:00:00+00:00,https://www.federalreserve.gov/newsevents/pressreleases/monetary20181108a.htm,2140,0.0,0.0,,neutral,False,,No geopolitical risk mentioned in the text.,1,Qwen3-14B-AWQ,pg1,pg1,0.1,2026-01-01
fomc_minutes_20181129T1900,minutes,2018-11-29 19:00:00+00:00,https://www.federalreserve.gov/monetarypolicy/fomcminutes20181108.htm,55514,0.2582,0.4,trade,risk_up,True,"Investors pointed to a number of uncertainties in the global outlook that may have contributed to the decline in stock prices, including ongoing trade tensions between the United States and China","Trade tensions between the U.S. and China are mentioned as a factor affecting financial markets, indicating geopolitical risk.",5,Qwen3-14B-AWQ,pg1,pg1,0.1,2026-01-01
fomc_statement_20181219T1900,statement,2018-12-19 19:00:00+00:00,https://www.federalreserve.gov/newsevents/pressreleases/monetary20181219a.htm,2320,0.0,0.0,,neutral,False,,No geopolitical risk mentioned in the document.,1,Qwen3-14B-AWQ,pg1,pg1,0.1,2026-01-01
fomc_minutes_20190109T1900,minutes,2019-01-09 19:00:00+00:00,https://www.federalreserve.gov/monetarypolicy/fomcminutes20181219.htm,56475,0.2695,0.4,trade,risk_up,True,uncertainty about the state of trade negotiations between China and the United States,Mentions trade negotiations between China and the US as a source of risk sentiment deterioration.,5,Qwen3-14B-AWQ,pg1,pg1,0.1,2026-01-01
fomc_statement_20190130T1900,statement,2019-01-30 19:00:00+00:00,https://www.federalreserve.gov/newsevents/pressreleases/monetary20190130a.htm,2319,0.0,0.0,,neutral,False,,No geopolitical risk mentioned in the document.,1,Qwen3-14B-AWQ,pg1,pg1,0.1,2026-01-01
fomc_minutes_20190220T1900,minutes,2019-02-20 19:00:00+00:00,https://www.federalreserve.gov/monetarypolicy/fomcminutes20190130.htm,94356,0.0975,0.4,trade,risk_down,True,"an escalation in international trade policy tensions, and the potential for additional extended federal government shutdowns were also cited as downside risks.",Trade tensions and government shutdowns are mentioned as downside risks affecting the economic outlook.,8,Qwen3-14B-AWQ,pg1,pg1,0.1,2026-01-01
fomc_statement_20190320T1800,statement,2019-03-20 18:00:00+00:00,https://www.federalreserve.gov/newsevents/pressreleases/monetary20190320a.htm,2413,0.0,0.0,,neutral,False,,No geopolitical risk mentioned in the text.,1,Qwen3-14B-AWQ,pg1,pg1,0.1,2026-01-01
fomc_minutes_20190410T1800,minutes,2019-04-10 18:00:00+00:00,https://www.federalreserve.gov/monetarypolicy/fomcminutes20190320.htm,64134,0.0179,0.1,,neutral,False,"Participants noted that significant uncertainties surrounded their economic outlooks, including those related to global economic and financial developments.",Mentions global uncertainties but does not elaborate on specific geopolitical risks.,6,Qwen3-14B-AWQ,pg1,pg1,0.1,2026-01-01
fomc_statement_20190501T1800,statement,2019-05-01 18:00:00+00:00,https://www.federalreserve.gov/newsevents/pressreleases/monetary20190501a.htm,2245,0.0,0.0,,neutral,False,,No geopolitical risk mentioned in the text.,1,Qwen3-14B-AWQ,pg1,pg1,0.1,2026-01-01
fomc_minutes_20190522T1800,minutes,2019-05-22 18:00:00+00:00,https://www.federalreserve.gov/monetarypolicy/fomcminutes20190501.htm,62042,0.0,0.0,,neutral,False,,No geopolitical content mentioned in the text.,6,Qwen3-14B-AWQ,pg1,pg1,0.1,2026-01-01
fomc_statement_20190619T1800,statement,2019-06-19 18:00:00+00:00,https://www.federalreserve.gov/newsevents/pressreleases/monetary20190619a.htm,2486,0.0,0.0,,neutral,False,,No geopolitical risk mentioned in the document.,1,Qwen3-14B-AWQ,pg1,pg1,0.1,2026-01-01
fomc_minutes_20190710T1800,minutes,2019-07-10 18:00:00+00:00,https://www.federalreserve.gov/monetarypolicy/fomcminutes20190619.htm,55127,0.0863,0.4,trade,risk_down,True,Escalation of trade tensions and soft economic data also weighed on foreign financial markets.,"Trade tensions are mentioned as a factor affecting foreign financial markets, indicating a risk channel.",5,Qwen3-14B-AWQ,pg1,pg1,0.1,2026-01-01
fomc_statement_20190731T1800,statement,2019-07-31 18:00:00+00:00,https://www.federalreserve.gov/newsevents/pressreleases/monetary20190731a.htm,2770,0.4,0.4,trade,risk_down,True,In light of the implications of global developments for the economic outlook as well as muted inflation pressures,"Global developments mentioned as a factor influencing the economic outlook and inflation, indicating a trade-related channel.",1,Qwen3-14B-AWQ,pg1,pg1,0.1,2026-01-01
fomc_minutes_20190821T1800,minutes,2019-08-21 18:00:00+00:00,https://www.federalreserve.gov/monetarypolicy/fomcminutes20190731.htm,71381,0.1823,0.4,energy,risk_up,True,"More-accommodative-than-expected Federal Reserve communications, stronger-than-expected inflation data releases, and rising oil prices—amid increased geopolitical tensions with Iran—contributed to the upward pressure on inflation compensation.",Mentions geopolitical tensions with Iran as a factor affecting inflation through energy prices.,7,Qwen3-14B-AWQ,pg1,pg1,0.1,2026-01-01
fomc_statement_20190918T1800,statement,2019-09-18 18:00:00+00:00,https://www.federalreserve.gov/newsevents/pressreleases/monetary20190918a.htm,2671,0.4,0.4,trade,risk_down,True,In light of the implications of global developments for the economic outlook as well as muted inflation pressures,"Global developments are mentioned as a factor influencing the economic outlook and inflation, indicating a trade-related channel.",1,Qwen3-14B-AWQ,pg1,pg1,0.1,2026-01-01
fomc_minutes_20191009T1800,minutes,2019-10-09 18:00:00+00:00,https://www.federalreserve.gov/monetarypolicy/fomcminutes20190918.htm,71185,0.3334,0.4,trade,risk_up,True,market participants reacting to incoming information about U.S.–China trade tensions and the global growth outlook,U.S.-China trade tensions are mentioned as a factor affecting financial markets and policy rate expectations.,6,Qwen3-14B-AWQ,pg1,pg1,0.1,2026-01-01
fomc_statement_20191011T1800,statement,2019-10-11 18:00:00+00:00,https://www.federalreserve.gov/newsevents/pressreleases/monetary20191011a.htm,4896,0.0,0.0,,neutral,False,,"No mention of geopolitical risks, military conflicts, sanctions, or political tensions.",1,Qwen3-14B-AWQ,pg1,pg1,0.1,2026-01-01
fomc_statement_20191030T1800,statement,2019-10-30 18:00:00+00:00,https://www.federalreserve.gov/newsevents/pressreleases/monetary20191030a.htm,2444,0.4,0.4,trade,risk_down,True,In light of the implications of global developments for the economic outlook as well as muted inflation pressures,"Global developments mentioned as a factor influencing the economic outlook and inflation, indicating a trade-related channel.",1,Qwen3-14B-AWQ,pg1,pg1,0.1,2026-01-01
fomc_minutes_20191120T1900,minutes,2019-11-20 19:00:00+00:00,https://www.federalreserve.gov/monetarypolicy/fomcminutes20191030.htm,83906,0.1132,0.4,trade,risk_down,True,"Uncertainties associated with trade tensions as well as geopolitical risks had eased somewhat, though they remained elevated.","Geopolitical risks are mentioned as remaining elevated, affecting economic outlook.",8,Qwen3-14B-AWQ,pg1,pg1,0.1,2026-01-01
fomc_statement_20191211T1900,statement,2019-12-11 19:00:00+00:00,https://www.federalreserve.gov/newsevents/pressreleases/monetary20191211a.htm,2237,0.0,0.0,,neutral,False,,No geopolitical risk mentioned in the document.,1,Qwen3-14B-AWQ,pg1,pg1,0.1,2026-01-01
fomc_minutes_20200103T1900,minutes,2020-01-03 19:00:00+00:00,https://www.federalreserve.gov/monetarypolicy/fomcminutes20191211.htm,57126,0.1048,0.4,trade,risk_down,True,international trade tensions and foreign economic developments seemed more likely to move in directions that could have significant negative effects on the U.S. economy,"Trade tensions are mentioned as a factor affecting economic risks, indicating a downward risk direction.",5,Qwen3-14B-AWQ,pg1,pg1,0.1,2026-01-01
fomc_statement_20200129T1900,statement,2020-01-29 19:00:00+00:00,https://www.federalreserve.gov/newsevents/pressreleases/monetary20200129a.htm,2244,0.0,0.0,,neutral,False,,No geopolitical content mentioned in the document.,1,Qwen3-14B-AWQ,pg1,pg1,0.1,2026-01-01
fomc_minutes_20200219T1900,minutes,2020-02-19 19:00:00+00:00,https://www.federalreserve.gov/monetarypolicy/fomcminutes20200129.htm,88093,0.1069,0.4,trade,risk_down,True,Important factors influencing this assessment were that foreign economic and geopolitical developments still seemed more likely to move in directions that could have significant negative effects on the U.S. economy than to resolve more favorably than assumed.,"Geopolitical risks are mentioned as a factor affecting the economic outlook, specifically trade tensions and potential negative impacts on the U.S. economy.",8,Qwen3-14B-AWQ,pg1,pg1,0.1,2026-01-01
fomc_statement_20200303T1900,statement,2020-03-03 19:00:00+00:00,https://www.federalreserve.gov/newsevents/pressreleases/monetary20200303a.htm,951,0.0,0.0,,neutral,False,,"No geopolitical risk mentioned; the focus is on the coronavirus as a health and economic risk, not on geopolitical factors like war, sanctions, or political tensions.",1,Qwen3-14B-AWQ,pg1,pg1,0.1,2026-01-01
fomc_statement_20200315T1800,statement,2020-03-15 18:00:00+00:00,https://www.federalreserve.gov/newsevents/pressreleases/monetary20200315a.htm,4728,0.0,0.0,,neutral,False,,No geopolitical risk factors mentioned; focus is on the coronavirus and economic impacts.,1,Qwen3-14B-AWQ,pg1,pg1,0.1,2026-01-01
fomc_statement_20200323T1800,statement,2020-03-23 18:00:00+00:00,https://www.federalreserve.gov/newsevents/pressreleases/monetary20200323a.htm,4099,0.0,0.0,,neutral,False,,No geopolitical risk factors mentioned in the text.,1,Qwen3-14B-AWQ,pg1,pg1,0.1,2026-01-01
fomc_statement_20200331T1800,statement,2020-03-31 18:00:00+00:00,https://www.federalreserve.gov/newsevents/pressreleases/monetary20200331a.htm,1838,0.0,0.0,,neutral,False,,No geopolitical risk mentioned in the text.,1,Qwen3-14B-AWQ,pg1,pg1,0.1,2026-01-01
fomc_minutes_20200408T1800,minutes,2020-04-08 18:00:00+00:00,https://www.federalreserve.gov/monetarypolicy/fomcminutes20200315.htm,65938,0.1625,0.9,military,risk_up,True,"The coronavirus outbreak was harming communities and disrupting economic activity in many countries, including the United States","The pandemic is a major source of downside risk, affecting economic activity and public health, with repeated mentions and impact on the economic outlook.",6,Qwen3-14B-AWQ,pg1,pg1,0.1,2026-01-01
fomc_statement_20200429T1800,statement,2020-04-29 18:00:00+00:00,https://www.federalreserve.gov/newsevents/pressreleases/monetary20200429a.htm,2947,0.0,0.0,,neutral,False,,No geopolitical risk factors mentioned; focus is on public health crisis and economic impacts.,1,Qwen3-14B-AWQ,pg1,pg1,0.1,2026-01-01
fomc_minutes_20200520T1800,minutes,2020-05-20 18:00:00+00:00,https://www.federalreserve.gov/monetarypolicy/fomcminutes20200429.htm,63000,0.0,0.0,,neutral,False,,No geopolitical content mentioned in the text.,6,Qwen3-14B-AWQ,pg1,pg1,0.1,2026-01-01
fomc_statement_20200610T1800,statement,2020-06-10 18:00:00+00:00,https://www.federalreserve.gov/newsevents/pressreleases/monetary20200610a.htm,2948,0.0,0.0,,neutral,False,,No geopolitical risk factors mentioned; focus on pandemic and economic impacts.,1,Qwen3-14B-AWQ,pg1,pg1,0.1,2026-01-01
fomc_minutes_20200701T1800,minutes,2020-07-01 18:00:00+00:00,https://www.federalreserve.gov/monetarypolicy/fomcminutes20200610.htm,67119,0.0177,0.1,,risk_up,True,"geopolitical developments, including renewed U.S.–China tensions, presented near term risks to financial markets.",Mentioned in the context of near-term risks to financial markets.,6,Qwen3-14B-AWQ,pg1,pg1,0.1,2026-01-01
fomc_statement_20200729T1800,statement,2020-07-29 18:00:00+00:00,https://www.federalreserve.gov/newsevents/pressreleases/monetary20200729a.htm,3082,0.0,0.0,,neutral,False,,No geopolitical risk factors mentioned; focus on pandemic and economic conditions.,1,Qwen3-14B-AWQ,pg1,pg1,0.1,2026-01-01
fomc_minutes_20200819T1800,minutes,2020-08-19 18:00:00+00:00,https://www.federalreserve.gov/monetarypolicy/fomcminutes20200729.htm,60361,0.0791,0.4,financial,risk_down,True,A resurgence of geopolitical tensions between the United States and China weighed on investor sentiment late in the period and prompted a partial retracement of earlier gains for the Shanghai Composite Index.,"The text explicitly links U.S.-China tensions to investor sentiment and market movements, indicating a financial channel.",6,Qwen3-14B-AWQ,pg1,pg1,0.1,2026-01-01
fomc_statement_20200827T1800,statement,2020-08-27 18:00:00+00:00,https://www.federalreserve.gov/newsevents/pressreleases/monetary20200827a.htm,4419,0.0,0.0,,neutral,False,,No geopolitical risk mentioned; focuses on economic strategy and policy adjustments.,1,Qwen3-14B-AWQ,pg1,pg1,0.1,2026-01-01
fomc_statement_20200916T1800,statement,2020-09-16 18:00:00+00:00,https://www.federalreserve.gov/newsevents/pressreleases/monetary20200916a.htm,3680,0.0,0.0,,neutral,False,,No geopolitical risk factors mentioned; focus on pandemic and economic factors.,1,Qwen3-14B-AWQ,pg1,pg1,0.1,2026-01-01
fomc_minutes_20201007T1800,minutes,2020-10-07 18:00:00+00:00,https://www.federalreserve.gov/monetarypolicy/fomcminutes20200916.htm,66100,0.0724,0.4,financial,risk_up,True,Many also cited geopolitical events as heightening uncertainty.,Geopolitical events are mentioned as a factor increasing uncertainty in the economic outlook.,6,Qwen3-14B-AWQ,pg1,pg1,0.1,2026-01-01
fomc_minutes_20201125T1900,minutes,2020-11-25 19:00:00+00:00,https://www.federalreserve.gov/monetarypolicy/fomcminutes20201105.htm,63849,0.0,0.0,,neutral,False,,No geopolitical content mentioned in the text.,6,Qwen3-14B-AWQ,pg1,pg1,0.1,2026-01-01
fomc_statement_20201216T1900,statement,2020-12-16 19:00:00+00:00,https://www.federalreserve.gov/newsevents/pressreleases/monetary20201216a.htm,3266,0.0,0.0,,neutral,False,,No geopolitical risk factors mentioned; focus on pandemic and economic recovery.,1,Qwen3-14B-AWQ,pg1,pg1,0.1,2026-01-01
fomc_minutes_20210106T1900,minutes,2021-01-06 19:00:00+00:00,https://www.federalreserve.gov/monetarypolicy/fomcminutes20201216.htm,55671,0.0,0.0,,neutral,False,,No geopolitical content mentioned in the text.,5,Qwen3-14B-AWQ,pg1,pg1,0.1,2026-01-01
fomc_statement_20210127T1900,statement,2021-01-27 19:00:00+00:00,https://www.federalreserve.gov/newsevents/pressreleases/monetary20210127a.htm,3334,0.0,0.0,,neutral,False,,No geopolitical risk factors mentioned; focus on pandemic and economic recovery.,1,Qwen3-14B-AWQ,pg1,pg1,0.1,2026-01-01
fomc_minutes_20210217T1900,minutes,2021-02-17 19:00:00+00:00,https://www.federalreserve.gov/monetarypolicy/fomcminutes20210127.htm,84474,0.0,0.0,,neutral,False,,No geopolitical content mentioned in the document.,8,Qwen3-14B-AWQ,pg1,pg1,0.1,2026-01-01
fomc_statement_20210317T1800,statement,2021-03-17 18:00:00+00:00,https://www.federalreserve.gov/newsevents/pressreleases/monetary20210317a.htm,3298,0.0,0.0,,neutral,False,,No geopolitical risk factors mentioned; focus on pandemic and economic recovery.,1,Qwen3-14B-AWQ,pg1,pg1,0.1,2026-01-01
fomc_minutes_20210407T1800,minutes,2021-04-07 18:00:00+00:00,https://www.federalreserve.gov/monetarypolicy/fomcminutes20210317.htm,58281,0.0,0.0,,neutral,False,,No geopolitical content mentioned in the text.,5,Qwen3-14B-AWQ,pg1,pg1,0.1,2026-01-01
fomc_statement_20210428T1800,statement,2021-04-28 18:00:00+00:00,https://www.federalreserve.gov/newsevents/pressreleases/monetary20210428a.htm,3286,0.0,0.0,,neutral,False,,No geopolitical risk factors mentioned in the document.,1,Qwen3-14B-AWQ,pg1,pg1,0.1,2026-01-01
fomc_minutes_20210519T1800,minutes,2021-05-19 18:00:00+00:00,https://www.federalreserve.gov/monetarypolicy/fomcminutes20210428.htm,58901,0.0,0.0,,neutral,False,,No geopolitical risk mentioned in the text.,5,Qwen3-14B-AWQ,pg1,pg1,0.1,2026-01-01
fomc_statement_20210616T1800,statement,2021-06-16 18:00:00+00:00,https://www.federalreserve.gov/newsevents/pressreleases/monetary20210616a.htm,3247,0.0,0.0,,neutral,False,,No geopolitical risk factors mentioned in the document.,1,Qwen3-14B-AWQ,pg1,pg1,0.1,2026-01-01
fomc_minutes_20210707T1800,minutes,2021-07-07 18:00:00+00:00,https://www.federalreserve.gov/monetarypolicy/fomcminutes20210616.htm,63709,0.0,0.0,,neutral,False,,No geopolitical content mentioned in the text.,6,Qwen3-14B-AWQ,pg1,pg1,0.1,2026-01-01
fomc_statement_20210728T1800,statement,2021-07-28 18:00:00+00:00,https://www.federalreserve.gov/newsevents/pressreleases/monetary20210728a.htm,3330,0.0,0.0,,neutral,False,,No geopolitical risk factors mentioned in the document.,1,Qwen3-14B-AWQ,pg1,pg1,0.1,2026-01-01
fomc_minutes_20210818T1800,minutes,2021-08-18 18:00:00+00:00,https://www.federalreserve.gov/monetarypolicy/fomcminutes20210728.htm,70436,0.0,0.0,,neutral,False,,No geopolitical content mentioned in the text.,6,Qwen3-14B-AWQ,pg1,pg1,0.1,2026-01-01
fomc_statement_20210922T1800,statement,2021-09-22 18:00:00+00:00,https://www.federalreserve.gov/newsevents/pressreleases/monetary20210922a.htm,3444,0.0,0.0,,neutral,False,,No geopolitical risk factors mentioned in the document.,1,Qwen3-14B-AWQ,pg1,pg1,0.1,2026-01-01
fomc_minutes_20211013T1800,minutes,2021-10-13 18:00:00+00:00,https://www.federalreserve.gov/monetarypolicy/fomcminutes20210922.htm,58499,0.0,0.0,,neutral,False,,No geopolitical content mentioned in the text.,5,Qwen3-14B-AWQ,pg1,pg1,0.1,2026-01-01
fomc_statement_20211103T1800,statement,2021-11-03 18:00:00+00:00,https://www.federalreserve.gov/newsevents/pressreleases/monetary20211103a.htm,4124,0.0,0.0,,neutral,False,,No geopolitical risk factors mentioned in the text.,1,Qwen3-14B-AWQ,pg1,pg1,0.1,2026-01-01
fomc_minutes_20211124T1900,minutes,2021-11-24 19:00:00+00:00,https://www.federalreserve.gov/monetarypolicy/fomcminutes20211103.htm,55713,0.0861,0.4,trade,risk_up,True,"Bottlenecks in the global semiconductor industry continued to weigh on exports and imports of automotive products, and shipping congestion continued to restrain trade overall.","Mentions trade bottlenecks and shipping congestion as factors affecting trade, indicating geopolitical risk.",5,Qwen3-14B-AWQ,pg1,pg1,0.1,2026-01-01
fomc_statement_20211215T1900,statement,2021-12-15 19:00:00+00:00,https://www.federalreserve.gov/newsevents/pressreleases/monetary20211215a.htm,3522,0.0,0.0,,neutral,False,,"No geopolitical risk factors mentioned; focus on pandemic, inflation, and economic conditions.",1,Qwen3-14B-AWQ,pg1,pg1,0.1,2026-01-01
fomc_minutes_20220105T1900,minutes,2022-01-05 19:00:00+00:00,https://www.federalreserve.gov/monetarypolicy/fomcminutes20211215.htm,62877,0.0,0.0,,neutral,False,,No geopolitical content mentioned in the text.,6,Qwen3-14B-AWQ,pg1,pg1,0.1,2026-01-01
fomc_statement_20220126T1900,statement,2022-01-26 19:00:00+00:00,https://www.federalreserve.gov/newsevents/pressreleases/monetary20220126a.htm,2898,0.0,0.0,,neutral,False,,"No geopolitical risk factors mentioned; focus on pandemic, inflation, and labor market.",1,Qwen3-14B-AWQ,pg1,pg1,0.1,2026-01-01
fomc_minutes_20220216T1900,minutes,2022-02-16 19:00:00+00:00,https://www.federalreserve.gov/monetarypolicy/fomcminutes20220126.htm,89861,0.1056,0.4,financial,risk_up,True,"S&P 500 index declined around 5 percent, with sharp moves toward the end of the period, reportedly prompted by concerns about the implications of a tighter path of monetary policy and rising geopolitical risks.","Mentions geopolitical risks as a factor influencing financial markets, specifically the S&P 500 decline.",8,Qwen3-14B-AWQ,pg1,pg1,0.1,2026-01-01
fomc_statement_20220316T1800,statement,2022-03-16 18:00:00+00:00,https://www.federalreserve.gov/newsevents/pressreleases/monetary20220316a.htm,2395,0.7,0.7,energy,risk_up,True,"The invasion of Ukraine by Russia is causing tremendous human and economic hardship. The implications for the U.S. economy are highly uncertain, but in the near term the invasion and related events are likely to create additional upward pressure on inflation and weigh on economic activity.","The invasion of Ukraine is explicitly mentioned as a source of upward inflation pressure and economic uncertainty, directly influencing the FOMC's policy considerations.",1,Qwen3-14B-AWQ,pg1,pg1,0.1,2026-01-01
fomc_minutes_20220406T1800,minutes,2022-04-06 18:00:00+00:00,https://www.federalreserve.gov/monetarypolicy/fomcminutes20220316.htm,57802,0.5968,0.9,energy,risk_up,True,The Russian invasion of Ukraine led to periods of particularly elevated volatility and deteriorating investor risk sentiment.,"The invasion is repeatedly mentioned as a key factor affecting inflation, financial markets, and economic outlook.",5,Qwen3-14B-AWQ,pg1,pg1,0.1,2026-01-01
fomc_statement_20220504T1800,statement,2022-05-04 18:00:00+00:00,https://www.federalreserve.gov/newsevents/pressreleases/monetary20220504a.htm,2637,0.7,0.7,energy,risk_up,True,The invasion of Ukraine by Russia is causing tremendous human and economic hardship. The implications for the U.S. economy are highly uncertain. The invasion and related events are creating additional upward pressure on inflation,"The text explicitly links the Ukraine invasion to increased inflation and economic uncertainty, which are key factors in the FOMC's policy decision.",1,Qwen3-14B-AWQ,pg1,pg1,0.1,2026-01-01
fomc_minutes_20220525T1800,minutes,2022-05-25 18:00:00+00:00,https://www.federalreserve.gov/monetarypolicy/fomcminutes20220504.htm,52452,0.3821,0.7,energy,risk_up,True,The invasion of Ukraine by Russia is causing tremendous human and economic hardship. The implications for the U.S. economy are highly uncertain. The invasion and related events are creating additional upward pressure on inflation and are likely to weigh on economic activity.,"The invasion of Ukraine is explicitly mentioned as a source of upward inflation pressure and economic uncertainty, influencing the Committee's policy stance.",5,Qwen3-14B-AWQ,pg1,pg1,0.1,2026-01-01
fomc_statement_20220615T1800,statement,2022-06-15 18:00:00+00:00,https://www.federalreserve.gov/newsevents/pressreleases/monetary20220615a.htm,2534,0.6,0.6,energy,risk_up,True,The invasion of Ukraine by Russia is causing tremendous human and economic hardship. The invasion and related events are creating additional upward pressure on inflation,"The text explicitly links the Ukraine invasion to increased inflation, indicating a direct channel through energy prices and a binding risk factor.",1,Qwen3-14B-AWQ,pg1,pg1,0.1,2026-01-01
fomc_minutes_20220706T1800,minutes,2022-07-06 18:00:00+00:00,https://www.federalreserve.gov/monetarypolicy/fomcminutes20220615.htm,53115,0.3099,0.4,energy,risk_up,True,"Inflation abroad moved higher, driven by further increases in consumer energy and food prices",Mentions energy prices as a driver of inflation in foreign economies.,5,Qwen3-14B-AWQ,pg1,pg1,0.1,2026-01-01
fomc_statement_20220727T1800,statement,2022-07-27 18:00:00+00:00,https://www.federalreserve.gov/newsevents/pressreleases/monetary20220727a.htm,2202,0.4,0.4,energy,risk_up,True,Russia's war against Ukraine is causing tremendous human and economic hardship. The war and related events are creating additional upward pressure on inflation,"The text explicitly links the Ukraine war to inflationary pressures, indicating a direct channel through energy prices.",1,Qwen3-14B-AWQ,pg1,pg1,0.1,2026-01-01
fomc_minutes_20220817T1800,minutes,2022-08-17 18:00:00+00:00,https://www.federalreserve.gov/monetarypolicy/fomcminutes20220727.htm,57072,0.3487,0.6,energy,risk_up,True,The war and related events are creating additional upward pressure on inflation,Russia's war against Ukraine is explicitly linked to inflation pressures and global economic activity.,5,Qwen3-14B-AWQ,pg1,pg1,0.1,2026-01-01
fomc_statement_20220921T1800,statement,2022-09-21 18:00:00+00:00,https://www.federalreserve.gov/newsevents/pressreleases/monetary20220921a.htm,2204,0.6,0.6,energy,risk_up,True,Russia's war against Ukraine is causing tremendous human and economic hardship. The war and related events are creating additional upward pressure on inflation,"The text explicitly links the Ukraine war to inflationary pressures, indicating a direct channel through energy prices.",1,Qwen3-14B-AWQ,pg1,pg1,0.1,2026-01-01
fomc_minutes_20221012T1800,minutes,2022-10-12 18:00:00+00:00,https://www.federalreserve.gov/monetarypolicy/fomcminutes20220921.htm,52234,0.3178,0.7,energy,risk_up,True,Russia's war against Ukraine was causing tremendous human and economic hardship. They also agreed that the war and related events were creating additional upward pressure on inflation and were weighing on global economic activity.,"The document explicitly links the war in Ukraine to inflation and global economic activity, indicating a prominent theme.",5,Qwen3-14B-AWQ,pg1,pg1,0.1,2026-01-01
fomc_minutes_20221123T1900,minutes,2022-11-23 19:00:00+00:00,https://www.federalreserve.gov/monetarypolicy/fomcminutes20221102.htm,54203,0.3483,0.7,energy,risk_up,True,Russia's war against Ukraine is causing tremendous human and economic hardship. The war and related events are creating additional upward pressure on inflation,"The FOMC explicitly links the Ukraine war to inflationary pressures and economic hardship, indicating it's a binding factor in their policy considerations.",5,Qwen3-14B-AWQ,pg1,pg1,0.1,2026-01-01
fomc_statement_20221214T1900,statement,2022-12-14 19:00:00+00:00,https://www.federalreserve.gov/newsevents/pressreleases/monetary20221214a.htm,2681,0.4,0.4,energy,risk_up,True,Russia's war against Ukraine is causing tremendous human and economic hardship. The war and related events are contributing to upward pressure on inflation,"The document explicitly links the Ukraine war to inflationary pressures, indicating a direct channel through energy prices.",1,Qwen3-14B-AWQ,pg1,pg1,0.1,2026-01-01
fomc_minutes_20230104T1900,minutes,2023-01-04 19:00:00+00:00,https://www.federalreserve.gov/monetarypolicy/fomcminutes20221214.htm,51960,0.3082,0.4,energy,risk_down,True,"High inflation continued to contribute to a decline in real disposable incomes, which, together with disruptions to energy supplies, depressed economic activity, especially in Europe.","The text mentions energy supply disruptions as a factor affecting economic activity in Europe, indicating a geopolitical risk channel.",5,Qwen3-14B-AWQ,pg1,pg1,0.1,2026-01-01
fomc_statement_20230201T1900,statement,2023-02-01 19:00:00+00:00,https://www.federalreserve.gov/newsevents/pressreleases/monetary20230201a.htm,2427,0.4,0.4,financial,risk_up,True,Russia's war against Ukraine is causing tremendous human and economic hardship and is contributing to elevated global uncertainty.,"The document explicitly mentions the war in Ukraine as a source of global uncertainty, which is considered a geopolitical risk. It is tied to the economic outlook and the Committee's risk assessment.",1,Qwen3-14B-AWQ,pg1,pg1,0.1,2026-01-01
fomc_minutes_20230222T1900,minutes,2023-02-22 19:00:00+00:00,https://www.federalreserve.gov/monetarypolicy/fomcminutes20230201.htm,58428,0.1201,0.4,trade,risk_up,True,"Participants also saw a number of upside risks surrounding the outlook for inflation stemming from factors abroad, such as China's relaxation of its zero-COVID policies and Russia's continuing war against Ukraine.",Mentioned geopolitical factors (China's zero-COVID relaxation and Russia's war in Ukraine) as upside risks to inflation.,5,Qwen3-14B-AWQ,pg1,pg1,0.1,2026-01-01
fomc_statement_20230322T1800,statement,2023-03-22 18:00:00+00:00,https://www.federalreserve.gov/newsevents/pressreleases/monetary20230322a.htm,2626,0.0,0.0,,neutral,False,,No geopolitical risk factors mentioned in the document.,1,Qwen3-14B-AWQ,pg1,pg1,0.1,2026-01-01
fomc_minutes_20230412T1800,minutes,2023-04-12 18:00:00+00:00,https://www.federalreserve.gov/monetarypolicy/fomcminutes20230322.htm,50232,0.1192,0.4,financial,risk_up,True,Participants observed that the actions taken by the Federal Reserve in coordination with other government agencies in the days preceding the meeting had served to calm conditions in the banking sector.,"The text discusses banking-sector developments affecting credit conditions and economic activity, indicating a financial channel.",5,Qwen3-14B-AWQ,pg1,pg1,0.1,2026-01-01
fomc_statement_20230503T1800,statement,2023-05-03 18:00:00+00:00,https://www.federalreserve.gov/newsevents/pressreleases/monetary20230503a.htm,2411,0.0,0.0,,neutral,False,,No geopolitical risk factors mentioned in the text.,1,Qwen3-14B-AWQ,pg1,pg1,0.1,2026-01-01
fomc_minutes_20230524T1800,minutes,2023-05-24 18:00:00+00:00,https://www.federalreserve.gov/monetarypolicy/fomcminutes20230503.htm,55057,0.0,0.0,,neutral,False,,No geopolitical content mentioned in the text.,5,Qwen3-14B-AWQ,pg1,pg1,0.1,2026-01-01
fomc_statement_20230614T1800,statement,2023-06-14 18:00:00+00:00,https://www.federalreserve.gov/newsevents/pressreleases/monetary20230614a.htm,2480,0.0,0.0,,neutral,False,,No geopolitical risk mentioned in the text.,1,Qwen3-14B-AWQ,pg1,pg1,0.1,2026-01-01
fomc_minutes_20230705T1800,minutes,2023-07-05 18:00:00+00:00,https://www.federalreserve.gov/monetarypolicy/fomcminutes20230614.htm,47211,0.0,0.0,,neutral,False,,No geopolitical content mentioned in the text.,4,Qwen3-14B-AWQ,pg1,pg1,0.1,2026-01-01
fomc_statement_20230726T1800,statement,2023-07-26 18:00:00+00:00,https://www.federalreserve.gov/newsevents/pressreleases/monetary20230726a.htm,2437,0.0,0.0,,neutral,False,,No geopolitical risk factors mentioned in the document.,1,Qwen3-14B-AWQ,pg1,pg1,0.1,2026-01-01
fomc_minutes_20230816T1800,minutes,2023-08-16 18:00:00+00:00,https://www.federalreserve.gov/monetarypolicy/fomcminutes20230726.htm,46346,0.0,0.0,,neutral,False,,No geopolitical content mentioned in the text.,4,Qwen3-14B-AWQ,pg1,pg1,0.1,2026-01-01
fomc_statement_20230920T1800,statement,2023-09-20 18:00:00+00:00,https://www.federalreserve.gov/newsevents/pressreleases/monetary20230920a.htm,2479,0.0,0.0,,neutral,False,,No geopolitical risk factors mentioned in the document.,1,Qwen3-14B-AWQ,pg1,pg1,0.1,2026-01-01
fomc_minutes_20231011T1800,minutes,2023-10-11 18:00:00+00:00,https://www.federalreserve.gov/monetarypolicy/fomcminutes20230920.htm,44025,0.0,0.0,,neutral,False,,No geopolitical content mentioned in the text.,4,Qwen3-14B-AWQ,pg1,pg1,0.1,2026-01-01
fomc_statement_20231101T1800,statement,2023-11-01 18:00:00+00:00,https://www.federalreserve.gov/newsevents/pressreleases/monetary20231101a.htm,2514,0.0,0.0,,neutral,False,,No geopolitical risk factors mentioned in the document.,1,Qwen3-14B-AWQ,pg1,pg1,0.1,2026-01-01
fomc_minutes_20231121T1900,minutes,2023-11-21 19:00:00+00:00,https://www.federalreserve.gov/monetarypolicy/fomcminutes20231101.htm,46629,0.1949,0.4,energy,risk_up,True,A potential for a broadening of the armed conflict in the Middle East was seen as presenting upside risk to inflation through its potential effect on oil prices as well as downside risk to economic activity.,"The document explicitly mentions the potential for Middle East conflict affecting inflation and economic activity, linking it to oil prices.",4,Qwen3-14B-AWQ,pg1,pg1,0.1,2026-01-01
fomc_statement_20231213T1900,statement,2023-12-13 19:00:00+00:00,https://www.federalreserve.gov/newsevents/pressreleases/monetary20231213a.htm,2568,0.0,0.0,,neutral,False,,No mention of geopolitical risks in the text.,1,Qwen3-14B-AWQ,pg1,pg1,0.1,2026-01-01
fomc_minutes_20240103T1900,minutes,2024-01-03 19:00:00+00:00,https://www.federalreserve.gov/monetarypolicy/fomcminutes20231213.htm,46107,0.0258,0.1,,risk_up,True,possible effects on global energy and food prices of geopolitical developments,Mentioned as an upside risk to inflation linked to global energy and food prices.,4,Qwen3-14B-AWQ,pg1,pg1,0.1,2026-01-01
fomc_statement_20240131T1900,statement,2024-01-31 19:00:00+00:00,https://www.federalreserve.gov/newsevents/pressreleases/monetary20240131a.htm,2381,0.0,0.0,,neutral,False,,No geopolitical risk factors mentioned in the text.,1,Qwen3-14B-AWQ,pg1,pg1,0.1,2026-01-01
fomc_minutes_20240221T1900,minutes,2024-02-21 19:00:00+00:00,https://www.federalreserve.gov/monetarypolicy/fomcminutes20240131.htm,50489,0.0941,0.4,trade,risk_up,True,possible disruptions to supply chains from geopolitical developments,geopolitical risks mentioned as a potential upside risk to inflation.,5,Qwen3-14B-AWQ,pg1,pg1,0.1,2026-01-01
fomc_statement_20240320T1800,statement,2024-03-20 18:00:00+00:00,https://www.federalreserve.gov/newsevents/pressreleases/monetary20240320a.htm,2343,0.0,0.0,,neutral,False,,No geopolitical risk factors mentioned in the document.,1,Qwen3-14B-AWQ,pg1,pg1,0.1,2026-01-01
fomc_minutes_20240410T1800,minutes,2024-04-10 18:00:00+00:00,https://www.federalreserve.gov/monetarypolicy/fomcminutes20240320.htm,48952,0.098,0.4,trade,risk_up,True,Some participants pointed to geopolitical risks that might result in more severe supply bottlenecks or higher shipping costs that could put upward pressure on prices,"Geopolitical risks are mentioned as a factor that could increase supply bottlenecks and shipping costs, affecting inflation.",5,Qwen3-14B-AWQ,pg1,pg1,0.1,2026-01-01
fomc_statement_20240501T1800,statement,2024-05-01 18:00:00+00:00,https://www.federalreserve.gov/newsevents/pressreleases/monetary20240501a.htm,2827,0.0,0.0,,neutral,False,,No mention of geopolitical risks in the text.,1,Qwen3-14B-AWQ,pg1,pg1,0.1,2026-01-01
fomc_minutes_20240522T1800,minutes,2024-05-22 18:00:00+00:00,https://www.federalreserve.gov/monetarypolicy/fomcminutes20240501.htm,47964,0.0999,0.4,trade,risk_up,True,"Some participants pointed to geopolitical events or other factors resulting in more severe supply bottlenecks or higher shipping costs, which could put upward pressure on prices and weigh on economic growth.","Geopolitical events are mentioned as a factor that could increase supply bottlenecks and shipping costs, affecting inflation and growth.",5,Qwen3-14B-AWQ,pg1,pg1,0.1,2026-01-01
fomc_statement_20240612T1800,statement,2024-06-12 18:00:00+00:00,https://www.federalreserve.gov/newsevents/pressreleases/monetary20240612a.htm,2430,0.0,0.0,,neutral,False,,No geopolitical risk factors mentioned in the document.,1,Qwen3-14B-AWQ,pg1,pg1,0.1,2026-01-01
fomc_minutes_20240703T1800,minutes,2024-07-03 18:00:00+00:00,https://www.federalreserve.gov/monetarypolicy/fomcminutes20240612.htm,43969,0.1091,0.4,trade,risk_up,True,"risks that inflation could remain above 2 percent for longer than expected... worsening geopolitical developments, heightened trade tensions","Mentioned geopolitical developments and trade tensions as risks to inflation, indicating a transmission channel through trade.",4,Qwen3-14B-AWQ,pg1,pg1,0.1,2026-01-01
fomc_statement_20240731T1800,statement,2024-07-31 18:00:00+00:00,https://www.federalreserve.gov/newsevents/pressreleases/monetary20240731a.htm,2510,0.0,0.0,,neutral,False,,No mention of geopolitical risks in the text.,1,Qwen3-14B-AWQ,pg1,pg1,0.1,2026-01-01
fomc_minutes_20240821T1800,minutes,2024-08-21 18:00:00+00:00,https://www.federalreserve.gov/monetarypolicy/fomcminutes20240731.htm,44932,0.1315,0.4,trade,risk_up,True,some participants cited the potential for disruptions to supply chains and a further deterioration in geopolitical conditions.,"Geopolitical conditions mentioned as a potential disruption to supply chains, an upside risk to inflation.",4,Qwen3-14B-AWQ,pg1,pg1,0.1,2026-01-01
fomc_statement_20240918T1800,statement,2024-09-18 18:00:00+00:00,https://www.federalreserve.gov/newsevents/pressreleases/monetary20240918a.htm,2504,0.0,0.0,,neutral,False,,No mention of geopolitical risks in the text.,1,Qwen3-14B-AWQ,pg1,pg1,0.1,2026-01-01
fomc_minutes_20241009T1800,minutes,2024-10-09 18:00:00+00:00,https://www.federalreserve.gov/monetarypolicy/fomcminutes20240918.htm,44477,0.1069,0.4,financial,risk_up,True,A couple of participants specifically noted upside inflation risks associated with geopolitical developments.,Mentions geopolitical developments as a specific upside inflation risk.,4,Qwen3-14B-AWQ,pg1,pg1,0.1,2026-01-01
fomc_statement_20241107T1900,statement,2024-11-07 19:00:00+00:00,https://www.federalreserve.gov/newsevents/pressreleases/monetary20241107a.htm,2280,0.0,0.0,,neutral,False,,No geopolitical content mentioned in the document.,1,Qwen3-14B-AWQ,pg1,pg1,0.1,2026-01-01
fomc_minutes_20241126T1900,minutes,2024-11-26 19:00:00+00:00,https://www.federalreserve.gov/monetarypolicy/fomcminutes20241107.htm,49291,0.096,0.3,,risk_up,True,"The VIX rose appreciably, reportedly reflecting uncertainty about the outcome of the U.S. presidential election and escalating tensions in the Middle East.",Mentions Middle East tensions as a factor affecting market uncertainty.,5,Qwen3-14B-AWQ,pg1,pg1,0.1,2026-01-01
fomc_statement_20241218T1900,statement,2024-12-18 19:00:00+00:00,https://www.federalreserve.gov/newsevents/pressreleases/monetary20241218a.htm,2433,0.0,0.0,,neutral,False,,No mention of geopolitical risks in the text.,1,Qwen3-14B-AWQ,pg1,pg1,0.1,2026-01-01
fomc_minutes_20250108T1900,minutes,2025-01-08 19:00:00+00:00,https://www.federalreserve.gov/monetarypolicy/fomcminutes20241218.htm,46032,0.1027,0.4,trade,risk_up,True,possible disruptions in global supply chains due to geopolitical developments,geopolitical developments mentioned as a risk to inflation outlook,4,Qwen3-14B-AWQ,pg1,pg1,0.1,2026-01-01
fomc_statement_20250129T1900,statement,2025-01-29 19:00:00+00:00,https://www.federalreserve.gov/newsevents/pressreleases/monetary20250129a.htm,2210,0.0,0.0,,neutral,False,,No geopolitical risk mentioned in the text.,1,Qwen3-14B-AWQ,pg1,pg1,0.1,2026-01-01
fomc_minutes_20250219T1900,minutes,2025-02-19 19:00:00+00:00,https://www.federalreserve.gov/monetarypolicy/fomcminutes20250129.htm,54996,0.0867,0.4,trade,risk_up,True,the potential for geopolitical developments to disrupt supply chains,"Mentioned as an upside risk to inflation outlook, tied to supply chain disruptions.",5,Qwen3-14B-AWQ,pg1,pg1,0.1,2026-01-01
fomc_statement_20250319T1800,statement,2025-03-19 18:00:00+00:00,https://www.federalreserve.gov/newsevents/pressreleases/monetary20250319a.htm,2591,0.0,0.0,,neutral,False,,No mention of geopolitical risks in the text.,1,Qwen3-14B-AWQ,pg1,pg1,0.1,2026-01-01
fomc_minutes_20250409T1800,minutes,2025-04-09 18:00:00+00:00,https://www.federalreserve.gov/monetarypolicy/fomcminutes20250319.htm,48798,0.0975,0.4,trade,risk_up,True,various participants commented that high uncertainty had the potential to damp consumer spending as well as business hiring and investment activities or that inflation was likely to be boosted by increased tariffs.,Geopolitical risk via trade policies is discussed as a factor affecting inflation and economic activity.,5,Qwen3-14B-AWQ,pg1,pg1,0.1,2026-01-01
fomc_statement_20250507T1800,statement,2025-05-07 18:00:00+00:00,https://www.federalreserve.gov/newsevents/pressreleases/monetary20250507a.htm,2308,0.0,0.0,,neutral,False,,No geopolitical content mentioned in the document.,1,Qwen3-14B-AWQ,pg1,pg1,0.1,2026-01-01
fomc_minutes_20250528T1800,minutes,2025-05-28 18:00:00+00:00,https://www.federalreserve.gov/monetarypolicy/fomcminutes20250507.htm,51117,0.2787,0.6,trade,risk_up,True,"The staff projection for real GDP growth in 2025 and 2026 was weaker than the one prepared for the March meeting, as announced trade policies implied a larger drag on real activity relative to the policies that the staff had assumed in their previous forecast.","Trade policies are explicitly linked to economic projections and inflation, indicating a significant risk factor.",5,Qwen3-14B-AWQ,pg1,pg1,0.1,2026-01-01
fomc_statement_20250618T1800,statement,2025-06-18 18:00:00+00:00,https://www.federalreserve.gov/newsevents/pressreleases/monetary20250618a.htm,2153,0.0,0.0,,neutral,False,,No mention of geopolitical risks in the text.,1,Qwen3-14B-AWQ,pg1,pg1,0.1,2026-01-01
fomc_minutes_20250709T1800,minutes,2025-07-09 18:00:00+00:00,https://www.federalreserve.gov/monetarypolicy/fomcminutes20250618.htm,47403,0.0996,0.4,trade,risk_up,True,The military conflict between Israel and Iran left only a limited imprint outside of energy markets.,Mention of Israel-Iran conflict as a limited risk factor in energy markets.,5,Qwen3-14B-AWQ,pg1,pg1,0.1,2026-01-01
fomc_statement_20250730T1800,statement,2025-07-30 18:00:00+00:00,https://www.federalreserve.gov/newsevents/pressreleases/monetary20250730a.htm,2318,0.0,0.0,,neutral,False,,No geopolitical risk factors mentioned in the document.,1,Qwen3-14B-AWQ,pg1,pg1,0.1,2026-01-01
fomc_minutes_20250820T1800,minutes,2025-08-20 18:00:00+00:00,https://www.federalreserve.gov/monetarypolicy/fomcminutes20250730.htm,47528,0.1003,0.4,trade,risk_up,True,perceived risks associated with trade policy developments contributed to an increase in near-term market measures of inflation compensation,"Trade policy risks are mentioned as contributing to inflation compensation, indicating a binding factor.",4,Qwen3-14B-AWQ,pg1,pg1,0.1,2026-01-01
fomc_statement_20250822T1800,statement,2025-08-22 18:00:00+00:00,https://www.federalreserve.gov/newsevents/pressreleases/monetary20250822a.htm,1476,0.0,0.0,,neutral,False,,No geopolitical risk mentioned in the document.,1,Qwen3-14B-AWQ,pg1,pg1,0.1,2026-01-01
fomc_statement_20250917T1800,statement,2025-09-17 18:00:00+00:00,https://www.federalreserve.gov/newsevents/pressreleases/monetary20250917a.htm,2354,0.0,0.0,,neutral,False,,No geopolitical risk factors mentioned in the document.,1,Qwen3-14B-AWQ,pg1,pg1,0.1,2026-01-01
fomc_minutes_20251008T1800,minutes,2025-10-08 18:00:00+00:00,https://www.federalreserve.gov/monetarypolicy/fomcminutes20250917.htm,42238,0.0,0.0,,neutral,False,,No geopolitical content mentioned in the document.,4,Qwen3-14B-AWQ,pg1,pg1,0.1,2026-01-01
fomc_statement_20251029T1800,statement,2025-10-29 18:00:00+00:00,https://www.federalreserve.gov/newsevents/pressreleases/monetary20251029a.htm,2532,0.0,0.0,,neutral,False,,No mention of geopolitical risks in the text.,1,Qwen3-14B-AWQ,pg1,pg1,0.1,2026-01-01
fomc_minutes_20251119T1900,minutes,2025-11-19 19:00:00+00:00,https://www.federalreserve.gov/monetarypolicy/fomcminutes20251029.htm,55919,0.0208,0.1,trade,risk_up,True,A few participants remarked on the risk that trade tensions could disrupt global supply chains and weigh on overall economic activity.,"Mention of trade tensions as a risk to economic activity, though not central to the discussion.",5,Qwen3-14B-AWQ,pg1,pg1,0.1,2026-01-01
fomc_statement_20251210T1900,statement,2025-12-10 19:00:00+00:00,https://www.federalreserve.gov/newsevents/pressreleases/monetary20251210a.htm,2660,0.0,0.0,,neutral,False,,No mention of geopolitical risks in the text.,1,Qwen3-14B-AWQ,pg1,pg1,0.1,2026-01-01
fomc_minutes_20251230T1900,minutes,2025-12-30 19:00:00+00:00,https://www.federalreserve.gov/monetarypolicy/fomcminutes20251210.htm,51222,0.0,0.0,,neutral,False,,No geopolitical content mentioned in the document.,5,Qwen3-14B-AWQ,pg1,pg1,0.1,2026-01-01
fomc_statement_20260128T1900,statement,2026-01-28 19:00:00+00:00,https://www.federalreserve.gov/newsevents/pressreleases/monetary20260128a.htm,2099,0.0,0.0,,neutral,False,,No geopolitical content mentioned in the document.,1,Qwen3-14B-AWQ,pg1,pg1,0.1,2026-01-01
fomc_minutes_20260218T1900,minutes,2026-02-18 19:00:00+00:00,https://www.federalreserve.gov/monetarypolicy/fomcminutes20260128.htm,44511,0.1077,0.4,trade,risk_up,True,"U.S. tariffs continued to weigh on foreign manufacturing activity, notably for Canada and Mexico in autos, aluminum, steel, and related industries.","U.S. tariffs are mentioned as affecting foreign manufacturing, indicating a trade channel risk.",4,Qwen3-14B-AWQ,pg1,pg1,0.1,2026-01-01
fomc_statement_20260318T1800,statement,2026-03-18 18:00:00+00:00,https://www.federalreserve.gov/newsevents/pressreleases/monetary20260318a.htm,2182,0.4,0.4,trade,neutral,True,The implications of developments in the Middle East for the U.S. economy are uncertain.,"The statement mentions uncertainty from Middle East developments, indicating a discussed factor with a trade channel.",1,Qwen3-14B-AWQ,pg1,pg1,0.1,2026-01-01
fomc_minutes_20260408T1800,minutes,2026-04-08 18:00:00+00:00,https://www.federalreserve.gov/monetarypolicy/fomcminutes20260318.htm,40481,0.467,0.6,energy,risk_up,True,"The conflict in the Middle East—resulted in sharp increases in energy prices, raised questions about the macroeconomic outlook, and caused a notable repricing in several asset classes.",The Middle East conflict is discussed as a factor increasing energy prices and affecting the macroeconomic outlook.,4,Qwen3-14B-AWQ,pg1,pg1,0.1,2026-01-01
fomc_statement_20260429T1800,statement,2026-04-29 18:00:00+00:00,https://www.federalreserve.gov/newsevents/pressreleases/monetary20260429a.htm,2362,0.4,0.4,energy,risk_up,True,"Inflation is elevated, in part reflecting the recent increase in global energy prices.","The document explicitly links energy price increases to inflation, indicating a direct channel.",1,Qwen3-14B-AWQ,pg1,pg1,0.1,2026-01-01
fomc_minutes_20260520T1800,minutes,2026-05-20 18:00:00+00:00,https://www.federalreserve.gov/monetarypolicy/fomcminutes20260429.htm,46083,0.5544,0.6,energy,risk_up,True,The conflict in the Middle East had continued to be a key factor driving asset price movements.,"The Middle East conflict is explicitly mentioned as a key factor affecting asset prices, indicating a direct link to geopolitical risk.",4,Qwen3-14B-AWQ,pg1,pg1,0.1,2026-01-01
fomc_statement_20260617T1800,statement,2026-06-17 18:00:00+00:00,https://www.federalreserve.gov/newsevents/pressreleases/monetary20260617a.htm,1044,0.3,0.3,energy,risk_up,True,"Inflation remains elevated relative to the Committee's 2 percent goal, in part reflecting supply shocks that have driven price increases in certain sectors, including energy.","Mentions energy supply shocks as a factor in elevated inflation, indicating a risk channel.",1,Qwen3-14B-AWQ,pg1,pg1,0.1,2026-01-01
fomc_minutes_20260708T1800,minutes,2026-07-08 18:00:00+00:00,https://www.federalreserve.gov/monetarypolicy/fomcminutes20260617.htm,36171,0.5274,0.6,energy,risk_down,True,Optimism around a near-term resolution of the conflict in the Middle East and the announcement of a memorandum of understanding between the U.S. and Iran pushed the oil futures curve and near-term inflation compensation materially lower relative to levels from the time of the April FOMC meeting.,"The conflict in the Middle East is discussed as affecting oil prices and inflation expectations, indicating a transmission channel through energy markets.",4,Qwen3-14B-AWQ,pg1,pg1,0.1,2026-01-01
fomc_statement_20260729T1800,statement,2026-07-29 18:00:00+00:00,https://www.federalreserve.gov/newsevents/pressreleases/monetary20260729a.htm,1253,0.1,0.1,energy,risk_up,True,"inflation remains elevated... supply shocks that have driven price increases in certain sectors, including energy",Mentions energy prices as a supply shock contributing to inflation.,1,Qwen3-14B-AWQ,pg1,pg1,0.1,2026-01-01
