measure,channel,outcome,family,battery,horizon,beta,beta_std,se,tstat,pvalue,ci_low,ci_high,ci_low_supt,ci_high_supt,supt_c,nobs,converged,rank,threshold,pvalue_adj,reject,family_size
LEVEL,pooled,oil,asset_price,a,1,-0.054610493109997445,-0.019480534444236818,0.05233610333052066,-1.0434573771209756,0.29673651151862,-0.14069572249371137,0.03147473627371649,-0.20231401389993986,0.09309302767994498,2.822210890580512,308,True,1.0,0.025,1.0,False,4.0
LEVEL,pooled,dxy,asset_price,a,1,0.0005294507988377815,0.00018886451917790757,0.004263510452700444,0.12418189299909779,0.9011712585511946,-0.006483399832832057,0.0075423014305076195,-0.011514697406790706,0.012573599004466269,2.824936947908713,308,True,4.0,0.1,1.0,False,4.0
LEVEL,pooled,vix,asset_price,a,1,-0.8350679297335035,-0.29788358687193345,1.6632345082710895,-0.5020746777323335,0.6156149917449101,-3.5708452431340536,1.9007093836670466,-5.390790530760668,3.7206546712936617,2.7390741223634056,308,True,2.0,0.03333333333333333,1.0,False,4.0
LEVEL,pooled,us10y,asset_price,a,1,0.029244246258278178,0.010431942912191705,0.07728449575390818,0.3783973224254275,0.7051354569819848,-0.09787743688965334,0.1563659294062097,-0.18863498421367386,0.24712347673023022,2.819184214719214,308,True,3.0,0.05,1.0,False,4.0
LEVEL,pooled,ip,real_macro,a,1,0.06593113501532494,0.023518808812560195,0.521316755612017,0.12647039310663036,0.899359583718072,-0.7915586212436754,0.9234208912743254,-1.4042854383935088,1.5361477084241586,2.820198195400078,308,True,3.0,0.1,1.0,False,3.0
LEVEL,pooled,cpi,real_macro,a,1,0.037381678980725544,0.013334709933870098,0.09456906747545939,0.3952844199338866,0.6926329962590345,-0.11817059465370235,0.19293395261515345,-0.22890964733608749,0.30367300529753855,2.8158396125235714,308,True,2.0,0.05,1.0,False,3.0
LEVEL,pooled,infl_exp,real_macro,a,1,-0.07857301344251638,-0.028028391753785697,0.12559746314790254,-0.6255939528809547,0.5315813061613845,-0.2851624562372478,0.128016429352215,-0.4333739515937734,0.27622792470874064,2.824905290749753,308,True,1.0,0.03333333333333333,1.0,False,3.0
LEVEL,pooled,freight,physical_channel,a,1,0.006207274910825296,0.0022142453916615965,0.011090682652469154,0.5596837548537511,0.5756951649468552,-0.012035274675456367,0.024449824497106958,-0.025229720287373546,0.03764427010902414,2.8345410452439483,308,True,1.0,0.1,0.5756951649468552,False,1.0
LEVEL,pooled,oil,asset_price,a,2,0.00639141283867057,0.0022799306664430387,0.033458645661256864,0.19102425434008072,0.8485065908308199,-0.04864316183013192,0.06142598750747306,-0.08803594133060294,0.1008187670079441,2.822210890580512,307,True,4.0,0.1,1.0,False,4.0
LEVEL,pooled,dxy,asset_price,a,2,0.0026230685456456264,0.0009356952161211898,0.004015148145998238,0.6532930916284994,0.5135673452769491,-0.003981262445047056,0.009227399536338308,-0.008719471803311963,0.013965608894603217,2.824936947908713,307,True,3.0,0.05,1.0,False,4.0
LEVEL,pooled,vix,asset_price,a,2,-2.2612501284895763,-0.8066281497650843,1.3547759703386892,-1.66909524378726,0.09509850575265139,-4.489658297007869,-0.03284195997128325,-5.972081930444053,1.4495816734649,2.7390741223634056,307,True,1.0,0.025,0.38039402301060554,False,4.0
LEVEL,pooled,us10y,asset_price,a,2,0.047652444244983314,0.0169984746264181,0.05181807772983615,0.919610420390907,0.35777637934168993,-0.03758070885059098,0.1328855973405576,-0.09843226252806399,0.19373715101803063,2.819184214719214,307,True,2.0,0.03333333333333333,1.0,False,4.0
LEVEL,pooled,ip,real_macro,a,2,-0.5757727416517409,-0.20538838027349815,0.5543272935220722,-1.0386873393756404,0.2989501712151781,-1.4875600009197147,0.3360145176162329,-2.1390855745036985,0.9875400912002166,2.820198195400078,307,True,2.0,0.05,0.8001341806285377,False,3.0
LEVEL,pooled,cpi,real_macro,a,2,-0.09745441506769854,-0.03476372362442017,0.08774398648524055,-1.1106677388551451,0.2667113935428459,-0.24178042948112743,0.04687159934573033,-0.3445274079735718,0.14961857783817467,2.8158396125235714,307,True,1.0,0.03333333333333333,0.8001341806285377,False,3.0
LEVEL,pooled,infl_exp,real_macro,a,2,0.0992873084832714,0.03541754931397699,0.18624581875052515,0.5330981879183339,0.5939656133843342,-0.2070598019930764,0.40563441895961916,-0.4268394902851067,0.6254141072516495,2.824905290749753,307,True,3.0,0.1,0.8001341806285377,False,3.0
LEVEL,pooled,freight,physical_channel,a,2,0.009909102546013609,0.00353475316676374,0.008312343582321795,1.1920949185844179,0.2332240292393999,-0.0037634859438351893,0.023581691035862405,-0.013652576520247636,0.033470781612274854,2.8345410452439483,307,True,1.0,0.1,0.2332240292393999,False,1.0
LEVEL,pooled,oil,asset_price,a,6,-0.0013629274062119069,-0.0004861804530537161,0.03109179562666069,-0.043835596456938616,0.9650354524750364,-0.05250438021115866,0.049778525398734855,-0.08911053163147725,0.08638467681905343,2.822210890580512,303,True,4.0,0.1,1.0,False,4.0
LEVEL,pooled,dxy,asset_price,a,6,-0.005287641247874876,-0.0018861957032784372,0.005010156210526473,-1.0553845081247966,0.2912495051891836,-0.01352861486235279,0.0029533323666030373,-0.019441016641785415,0.008865734146035661,2.824936947908713,303,True,1.0,0.025,1.0,False,4.0
LEVEL,pooled,vix,asset_price,a,6,-0.44669073360482403,-0.15934253156042588,1.4042897188677586,-0.3180901544767976,0.7504165516756577,-2.7565417709751197,1.8631603037654718,-4.293144362856483,3.3997628956468358,2.7390741223634056,303,True,2.0,0.03333333333333333,1.0,False,4.0
LEVEL,pooled,us10y,asset_price,a,6,0.009603773491301338,0.003425836860969391,0.07815210272581419,0.12288566981997714,0.9021976334413827,-0.11894499613113815,0.13815254311374084,-0.21072140086042845,0.22992894784303114,2.819184214719214,303,True,3.0,0.05,1.0,False,4.0
LEVEL,pooled,ip,real_macro,a,6,0.21559249695549393,0.0769056791778293,0.23784065954337683,0.9064576989039785,0.364693644931013,-0.1756205745309597,0.6068055684419476,-0.45516530188150167,0.8863502957924896,2.820198195400078,303,True,1.0,0.03333333333333333,1.0,False,3.0
LEVEL,pooled,cpi,real_macro,a,6,0.043654077904968384,0.015572186219711171,0.06612527409825934,0.6601723546748598,0.509143230880706,-0.06511231902871373,0.1524204748386505,-0.14254408828988915,0.22985224409982594,2.8158396125235714,303,True,3.0,0.1,1.0,False,3.0
LEVEL,pooled,infl_exp,real_macro,a,6,0.05836598615688532,0.020820185626430558,0.06798230403268,0.8585467495898346,0.39059062768738484,-0.053454953199786076,0.1701869255135567,-0.1336775841823907,0.25040955649616137,2.824905290749753,303,True,2.0,0.05,1.0,False,3.0
LEVEL,pooled,freight,physical_channel,a,6,0.002800942142186459,0.000999145892480302,0.005307733039353278,0.5277096872467687,0.5977008485790196,-0.005929501798483941,0.01153138608285686,-0.01224404501505782,0.017845929299430737,2.8345410452439483,303,True,1.0,0.1,0.5977008485790196,False,1.0
LEVEL,pooled,oil,asset_price,b,1,-0.05197240763561109,-0.018539482422474062,0.05148782576144602,-1.0094115816117433,0.3127772863551662,-0.136662344583171,0.03271752931194884,-0.19692078589301282,0.09297597062179064,2.8151971094871673,308,True,1.0,0.025,1.0,False,4.0
LEVEL,pooled,dxy,asset_price,b,1,0.0007852117793181007,0.0002800990110493338,0.004146834491346829,0.18935209036111683,0.849816871477021,-0.006035723974141195,0.007606147532777396,-0.010988244594799459,0.01255866815343566,2.8391430616980617,308,True,4.0,0.1,1.0,False,4.0
LEVEL,pooled,vix,asset_price,b,1,-0.881645496968904,-0.3144986337463567,1.8680624416586318,-0.47195718799747444,0.6369573471617157,-3.9543347795029273,2.1910437855651193,-5.992544793027524,4.229253799089716,2.735936006250792,308,True,3.0,0.05,1.0,False,4.0
LEVEL,pooled,us10y,asset_price,b,1,0.04799200748321169,0.017119602874518344,0.0930557154672889,0.5157341195241459,0.6060401210361722,-0.10507102361172266,0.20105503857814605,-0.21496191009315652,0.3109459250595799,2.8257685866571216,308,True,2.0,0.03333333333333333,1.0,False,4.0
LEVEL,pooled,ip,real_macro,b,1,0.10213166624989956,0.03643218233208443,0.5653579500951565,0.18064956233959312,0.8566426507076473,-0.8277994084899681,1.0320627409897671,-1.4894545164673034,1.6937178489671023,2.815183163957135,308,True,3.0,0.1,1.0,False,3.0
LEVEL,pooled,cpi,real_macro,b,1,0.06774642134514228,0.024166353741387894,0.09710632541169692,0.6976519918545069,0.48539485836586216,-0.0919792702082173,0.22747211289850186,-0.20700510488059384,0.34249794757087837,2.829388560023104,308,True,1.0,0.03333333333333333,1.0,False,3.0
LEVEL,pooled,infl_exp,real_macro,b,1,-0.06866840530150665,-0.024495241821244875,0.12302299646878712,-0.5581753596688641,0.5767246448758072,-0.2710232272416293,0.13368641663861597,-0.4172145808639259,0.2798777702609126,2.833179044300477,308,True,2.0,0.05,1.0,False,3.0
LEVEL,pooled,freight,physical_channel,b,1,0.007480004472107328,0.0026682506687575867,0.011220284380195858,0.6666501684493633,0.5049956157970374,-0.010975720986084781,0.025935729930299436,-0.02425896532695219,0.03921897427116685,2.8287134909949128,308,True,1.0,0.1,0.5049956157970374,False,1.0
LEVEL,pooled,oil,asset_price,b,2,-0.0017948866759828173,-0.0006402680093834194,0.03454777427063186,-0.05195375719206903,0.9585655400319668,-0.05862091848813239,0.05503114513616675,-0.09905368094188076,0.09546390758991512,2.8151971094871673,307,True,4.0,0.1,1.0,False,4.0
LEVEL,pooled,dxy,asset_price,b,2,0.0006955052123507062,0.00024809908268094027,0.003997798150399997,0.17397206816985442,0.8618874138295172,-0.0058802875751546154,0.007271297999856028,-0.01065481566842679,0.0120458260931282,2.8391430616980617,307,True,3.0,0.05,1.0,False,4.0
LEVEL,pooled,vix,asset_price,b,2,-2.3802808652552,-0.8490885311942555,1.5949414595740812,-1.4923938750020571,0.13559591978676944,-5.003726109810902,0.24316437930050228,-6.74393863236612,1.9833769018557206,2.735936006250792,307,True,1.0,0.025,0.5423836791470777,False,4.0
LEVEL,pooled,us10y,asset_price,b,2,0.03409752117290356,0.012163192416774592,0.05878213136120594,0.5800660912306878,0.5618700493764843,-0.06259048079651391,0.13078552314232103,-0.13200717908434462,0.20020222143015176,2.8257685866571216,307,True,2.0,0.03333333333333333,1.0,False,4.0
LEVEL,pooled,ip,real_macro,b,2,-0.5494025877322841,-0.19598167723031026,0.5566050286821113,-0.9870600505229344,0.3236132007625585,-1.464936387939483,0.36613121247491476,-2.1163476934520418,1.0175425179874737,2.815183163957135,307,True,2.0,0.05,0.7222196588458846,False,3.0
LEVEL,pooled,cpi,real_macro,b,2,-0.10547828006447045,-0.03762597901791535,0.08991111800388911,-1.1731394560115245,0.24073988628196152,-0.25336890861642924,0.04241234848748836,-0.35987176876356164,0.1489152086346207,2.829388560023104,307,True,1.0,0.03333333333333333,0.7222196588458846,False,3.0
LEVEL,pooled,infl_exp,real_macro,b,2,0.0957408038953313,0.03415244803311411,0.19405224028963575,0.4933764420984362,0.6217466247724701,-0.22344672736313465,0.41492833515379723,-0.45404393679282545,0.645525544583488,2.833179044300477,307,True,3.0,0.1,0.7222196588458846,False,3.0
LEVEL,pooled,freight,physical_channel,b,2,0.009358800659203073,0.003338450693553172,0.00820240428760848,1.1409826108354084,0.2538771594064754,-0.004132953782992043,0.02285055510139819,-0.013843451007749552,0.0325610523261557,2.8287134909949128,307,True,1.0,0.1,0.2538771594064754,False,1.0
LEVEL,pooled,oil,asset_price,b,6,0.018125728156022092,0.006465769700321939,0.033236479938447014,0.5453564333404262,0.5855083980155404,-0.03654341641783232,0.0727948727298765,-0.07544151409622217,0.11169297040826635,2.8151971094871673,303,True,2.0,0.03333333333333333,1.0,False,4.0
LEVEL,pooled,dxy,asset_price,b,6,-0.0047708042262018385,-0.0017018307428215025,0.00437743088355074,-1.0898639757235904,0.2757730674084209,-0.01197103729173966,0.0024294288393359844,-0.01719895674729774,0.007657348294894062,2.8391430616980617,303,True,1.0,0.025,1.0,False,4.0
LEVEL,pooled,vix,asset_price,b,6,-0.37463814576840704,-0.13364009162243598,1.4218822467927066,-0.2634804299817837,0.7921803054262515,-2.713426316503299,1.9641500249664845,-4.264816981417348,3.5155406898805337,2.735936006250792,303,True,3.0,0.05,1.0,False,4.0
LEVEL,pooled,us10y,asset_price,b,6,0.0173860089752618,0.006201898708517518,0.09099833077424972,0.1910585482979168,0.8484797230072436,-0.13229292544529261,0.1670649433958162,-0.23975421556484708,0.2745262335153707,2.8257685866571216,303,True,4.0,0.1,1.0,False,4.0
LEVEL,pooled,ip,real_macro,b,6,0.2629749761545853,0.0938078524695452,0.24725910211888927,1.063560345811413,0.2875279142169075,-0.1437300547624341,0.6696800070716047,-0.4331046852656698,0.9590546375748404,2.815183163957135,303,True,2.0,0.05,0.824370034989802,False,3.0
LEVEL,pooled,cpi,real_macro,b,6,0.04225713829155813,0.01507387300725319,0.06718577079245913,0.6289596412027922,0.5293754785631033,-0.06825362047594855,0.15276789705906482,-0.14783751298496015,0.23235178956807642,2.829388560023104,303,True,3.0,0.1,0.824370034989802,False,3.0
LEVEL,pooled,infl_exp,real_macro,b,6,0.07843049872727961,0.027977554219442462,0.07181635346648231,1.0920980381423044,0.27479001166326733,-0.039696890746492755,0.19655788820105197,-0.125038088952034,0.2818990864065932,2.833179044300477,303,True,1.0,0.03333333333333333,0.824370034989802,False,3.0
LEVEL,pooled,freight,physical_channel,b,6,0.0031396114122266834,0.0011199552462236276,0.005863390196956396,0.5354600848253988,0.5923317515210844,-0.006504807219468752,0.01278403004392212,-0.013446239540871194,0.01972546236532456,2.8287134909949128,303,True,1.0,0.1,0.5923317515210844,False,1.0
LEVEL,act,oil,asset_price,a,1,-0.0429232463876007,-0.02106646621260803,0.022977198054699104,-1.8680800977307326,0.06175090720728832,-0.08071737394505483,-0.0051291188301465646,-0.10787255248129275,0.022026059706091353,2.826685218061615,308,True,1.0,0.025,0.24700362882915328,False,4.0
LEVEL,act,dxy,asset_price,a,1,-0.0010502586445602486,-0.00051546050478883,0.0029942790266143347,-0.350755101720693,0.7257720833166528,-0.0059754093615915615,0.003874892072471064,-0.009540851750317807,0.007440334461197309,2.8356051758335856,308,True,4.0,0.1,1.0,False,4.0
LEVEL,act,vix,asset_price,a,1,-1.113337884791085,-0.5464194092258386,0.9108065469047647,-1.2223648244235747,0.22156969510766544,-2.6114813369185335,0.3848055673363633,-3.5807048698866444,1.354029100304474,2.7089912709570703,308,True,2.0,0.03333333333333333,0.6647090853229963,False,4.0
LEVEL,act,us10y,asset_price,a,1,0.022298086362855324,0.010943764102255848,0.05655279511029391,0.39428796259084564,0.6933684494356074,-0.0707229837885551,0.11531915651426575,-0.13638520417965733,0.18098137690536797,2.805931877160721,308,True,3.0,0.05,1.0,False,4.0
LEVEL,act,ip,real_macro,a,1,0.003172537330957459,0.0015570618747551082,0.26054358195010313,0.012176609023380332,0.9902847117385583,-0.4253835184185978,0.4317285930805127,-0.7416780682960856,0.7480231429580005,2.8588330599127554,308,True,3.0,0.1,1.0,False,3.0
LEVEL,act,cpi,real_macro,a,1,-0.0064513593154409375,-0.0031662876059484245,0.06635767986658428,-0.09722098976956015,0.9225508995772267,-0.11560002972007678,0.1026973110891949,-0.19222314271903992,0.17932042408815804,2.799552120826154,308,True,2.0,0.05,1.0,False,3.0
LEVEL,act,infl_exp,real_macro,a,1,-0.11044843677054783,-0.054207415731123594,0.09850870869116247,-1.121204797403425,0.26220069813524816,-0.27248084354751245,0.05158397000641679,-0.38701429547617383,0.16611742193507817,2.807526993097592,308,True,1.0,0.03333333333333333,0.7866020944057445,False,3.0
LEVEL,act,freight,physical_channel,a,1,0.004963554790893532,0.00243608226536642,0.009029329822700933,0.5497146397747591,0.5825151140056077,-0.009888371116917191,0.019815480698704254,-0.020522224814514597,0.030449334396301663,2.822554952122083,308,True,1.0,0.1,0.5825151140056077,False,1.0
LEVEL,act,oil,asset_price,a,2,-0.003101970687868433,-0.0015224281988921947,0.025341675270045893,-0.12240590469308842,0.9025775624092216,-0.044785317168829844,0.03858137579309298,-0.07473490957462475,0.06853096819888788,2.826685218061615,307,True,4.0,0.1,1.0,False,4.0
LEVEL,act,dxy,asset_price,a,2,0.006896303987529006,0.0033846637235510056,0.002683729815211567,2.569671487956901,0.01017949953324739,0.0024819612672204562,0.011310646707837557,-0.0007136941670238253,0.014506302142081838,2.8356051758335856,307,True,1.0,0.025,0.04071799813298956,True,4.0
LEVEL,act,vix,asset_price,a,2,-0.9691536869516265,-0.47565468875832106,0.9586400424462957,-1.0109672494782314,0.312032105050812,-2.545976237710329,0.6076688638070763,-3.566101193928557,1.6277938200253037,2.7089912709570703,307,True,2.0,0.03333333333333333,0.9360963151524361,False,4.0
LEVEL,act,us10y,asset_price,a,2,0.010902502086503542,0.005350881193006934,0.0400259412527986,0.27238590137443036,0.7853253120925756,-0.05493431255530878,0.07673931672831585,-0.10140756238808638,0.12321256656109345,2.805931877160721,307,True,3.0,0.05,1.0,False,4.0
LEVEL,act,ip,real_macro,a,2,-0.4093128670115864,-0.20088824608979677,0.2102116706292788,-1.9471462539938365,0.05151720304255587,-0.755080295873684,-0.06354543814948893,-1.0102729405860598,0.19164720656288703,2.8588330599127554,307,True,1.0,0.03333333333333333,0.15455160912766763,False,3.0
LEVEL,act,cpi,real_macro,a,2,-0.07982999165385835,-0.03918007055530155,0.06688881916976344,-1.1934728799928473,0.23268422723635884,-0.18985230846774492,0.03019232516002822,-0.26708872722012666,0.10742874391241,2.799552120826154,307,True,2.0,0.05,0.4653684544727177,False,3.0
LEVEL,act,infl_exp,real_macro,a,2,0.07879865568172101,0.03867389718214414,0.14176549521157852,0.5558380448226673,0.57832157485976,-0.1543848332936155,0.31198214465705754,-0.31921179881463313,0.47680911017807515,2.807526993097592,307,True,3.0,0.1,0.57832157485976,False,3.0
LEVEL,act,freight,physical_channel,a,2,0.005668945863335718,0.002782283879757155,0.005085303648173092,1.1147703766661605,0.26494883389303603,-0.0026956342865113456,0.014033526013182782,-0.008684603131859737,0.020022494858531175,2.822554952122083,307,True,1.0,0.1,0.26494883389303603,False,1.0
LEVEL,act,oil,asset_price,a,6,-0.01461144239905663,-0.007171206363042308,0.025279022166031725,-0.5780066294925964,0.5632596433971855,-0.056191733694640575,0.026968848896527314,-0.0860672806828304,0.056844395884717146,2.826685218061615,303,True,2.0,0.03333333333333333,1.0,False,4.0
LEVEL,act,dxy,asset_price,a,6,-0.003727736931548392,-0.0018295504354172167,0.003588085326641216,-1.0389209263977852,0.29884151310729246,-0.009629612094885553,0.0021741382317887695,-0.013902130255104766,0.006446656392007981,2.8356051758335856,303,True,1.0,0.025,1.0,False,4.0
LEVEL,act,vix,asset_price,a,6,-0.19295741347850826,-0.09470231572911675,1.1223879749305017,-0.1719168574400097,0.8635028935783199,-2.039121344889662,1.6532065179326456,-3.23349664019242,2.847581813235404,2.7089912709570703,303,True,4.0,0.1,1.0,False,4.0
LEVEL,act,us10y,asset_price,a,6,-0.02884698667433039,-0.014157924231143048,0.05256648654297253,-0.5487714430133788,0.5831623102596455,-0.1153111627206345,0.05761718937197373,-0.1763449669355971,0.11865099358693632,2.805931877160721,303,True,3.0,0.05,1.0,False,4.0
LEVEL,act,ip,real_macro,a,6,0.10096937681641024,0.04955515121114987,0.14997689108086631,0.673232896673184,0.5007991356791044,-0.1457206564368586,0.3476594100696791,-0.32778951762850483,0.5297282712613253,2.8588330599127554,303,True,1.0,0.03333333333333333,1.0,False,3.0
LEVEL,act,cpi,real_macro,a,6,-0.015550073435180348,-0.007631880721874533,0.05832529553631038,-0.2666094237876542,0.7897698990683296,-0.11148664734109698,0.08038650047073628,-0.17883477825167027,0.14773463138130954,2.799552120826154,303,True,3.0,0.1,1.0,False,3.0
LEVEL,act,infl_exp,real_macro,a,6,-0.03571643679412779,-0.017529408241022414,0.05522925119160797,-0.6466942068473104,0.5178298731840771,-0.12656047093045808,0.055127597342202496,-0.19077405032313452,0.11934117673487896,2.807526993097592,303,True,2.0,0.05,1.0,False,3.0
LEVEL,act,freight,physical_channel,a,6,0.0004427199778970893,0.0002172842513307609,0.00384137967725293,0.11525025253783032,0.9082467682439977,-0.005875787316730069,0.006761227272524247,-0.010399785253114299,0.011285225208908477,2.822554952122083,303,True,1.0,0.1,0.9082467682439977,False,1.0
LEVEL,act,oil,asset_price,b,1,-0.04607930159406199,-0.022615438761693894,0.025059350601982493,-1.8388066923975503,0.0659436235678801,-0.08729826532078144,-0.00486033786734253,-0.11727382249483634,0.025115219306712365,2.841036147805922,308,True,1.0,0.025,0.2637744942715204,False,4.0
LEVEL,act,dxy,asset_price,b,1,1.8777436821013646e-05,9.215850888285469e-06,0.0030715085323248445,0.006113424925699582,0.9951222230218196,-0.0050334045127859,0.005070959386427927,-0.00871344528380817,0.008751000157450199,2.842975244486692,308,True,4.0,0.1,1.0,False,4.0
LEVEL,act,vix,asset_price,b,1,-1.1338991296089724,-0.5565107421444575,1.1139419889673938,-1.0179157809286628,0.3087179813430393,-2.9661706503755267,0.6983723911575821,-4.193424535800457,1.9256262765825123,2.746575168629396,308,True,2.0,0.03333333333333333,0.9261539440291179,False,4.0
LEVEL,act,us10y,asset_price,b,1,0.04593460279075884,0.022544421476019264,0.06986954147898415,0.6574338662945909,0.5109019816791724,-0.06899056592438457,0.16085977150590225,-0.15206258989039803,0.2439317954719157,2.833812681319969,308,True,3.0,0.05,1.0,False,4.0
LEVEL,act,ip,real_macro,b,1,-0.04000256135305216,-0.019633011901105616,0.300553512180487,-0.1330963030937067,0.8941172188399147,-0.5343690959561297,0.4543639732500253,-0.8916521301016184,0.8116470073955141,2.833603781802216,308,True,3.0,0.1,1.0,False,3.0
LEVEL,act,cpi,real_macro,b,1,0.03036796419201028,0.014904410673407949,0.07061672858450455,0.43003923858735554,0.667167098215959,-0.08578621794365972,0.1465221463276803,-0.167625076073594,0.22836100445761454,2.803769648273539,308,True,2.0,0.05,1.0,False,3.0
LEVEL,act,infl_exp,real_macro,b,1,-0.1029325629163832,-0.050518670914917865,0.10178119580501738,-1.0113121790548767,0.31186703875976907,-0.270347731991724,0.0644826061589576,-0.38747543840527243,0.18161031257250604,2.795633056168736,308,True,1.0,0.03333333333333333,0.9356011162793072,False,3.0
LEVEL,act,freight,physical_channel,b,1,0.0074196518563109356,0.003641519649488606,0.009328443845462817,0.7953793772280376,0.4263928524552759,-0.007924272836711717,0.02276357654933359,-0.018577402907245258,0.03341670661986713,2.7868586866394316,308,True,1.0,0.1,0.4263928524552759,False,1.0
LEVEL,act,oil,asset_price,b,2,-0.012036122873233083,-0.005907255326172376,0.030725952773909635,-0.39172496819865354,0.6952614395204211,-0.06257581773493799,0.03850357198847183,-0.099329665379688,0.07525741963322184,2.841036147805922,307,True,3.0,0.05,1.0,False,4.0
LEVEL,act,dxy,asset_price,b,2,0.005813910789767535,0.0028534317770320277,0.0030219937261102706,1.9238659364296076,0.05437138993432146,0.0008431734487504621,0.010784648130784606,-0.00277754256255806,0.01440536414209313,2.842975244486692,307,True,1.0,0.025,0.21748555973728584,False,4.0
LEVEL,act,vix,asset_price,b,2,-1.2366282221174578,-0.6069295510304287,1.2242164179531052,-1.0101385702579493,0.31242890537348667,-3.2502850373611625,0.7770285931262468,-4.599030636695883,2.1257741924609674,2.746575168629396,307,True,2.0,0.03333333333333333,0.93728671612046,False,4.0
LEVEL,act,us10y,asset_price,b,2,0.009833288671392899,0.004826117803022474,0.04884615589491264,0.20131141317544382,0.8404550788252774,-0.0705114880149912,0.09017806535777699,-0.1285875673373427,0.1482541446801285,2.833812681319969,307,True,4.0,0.1,1.0,False,4.0
LEVEL,act,ip,real_macro,b,2,-0.4464466721962375,-0.21911329004858732,0.24856099362629475,-1.7961252314088305,0.07247460246307308,-0.8552931240811101,-0.03760022031136484,-1.1507700437442228,0.2578766993517478,2.833603781802216,307,True,1.0,0.03333333333333333,0.21742380738921924,False,3.0
LEVEL,act,cpi,real_macro,b,2,-0.07332215145476115,-0.03598606247787577,0.06801284477506629,-1.0780632937389094,0.28100551106343696,-0.1851933258623164,0.038549022952794124,-0.26401450132783155,0.11737019841830926,2.803769648273539,307,True,2.0,0.05,0.5620110221268739,False,3.0
LEVEL,act,infl_exp,real_macro,b,2,0.09684345315344633,0.04753017316879151,0.1481754706972904,0.6535727721850069,0.5133870908331299,-0.14688350724823335,0.340570413555126,-0.3174007908412606,0.5110876971481533,2.795633056168736,307,True,3.0,0.1,0.5620110221268739,False,3.0
LEVEL,act,freight,physical_channel,b,2,0.005802409317994893,0.002847786925188678,0.005344235432029244,1.0857323543831372,0.27759742197093007,-0.0029880757156609773,0.014592894351650763,-0.009091219619202041,0.020696038255191826,2.7868586866394316,307,True,1.0,0.1,0.27759742197093007,False,1.0
LEVEL,act,oil,asset_price,b,6,-0.0006312284339970737,-0.00030980304605008095,0.025805395415187886,-0.02446110295312744,0.9804848097707918,-0.04307732667758576,0.041814869809591614,-0.07394528961697107,0.07268283274897692,2.841036147805922,303,True,4.0,0.1,1.0,False,4.0
LEVEL,act,dxy,asset_price,b,6,-0.003065133672276877,-0.00150434881744641,0.0033240652417531108,-0.9221039448252004,0.35647435950692885,-0.008532734441397804,0.0024024670968440494,-0.012515368865639642,0.006385101521085888,2.842975244486692,303,True,1.0,0.025,1.0,False,4.0
LEVEL,act,vix,asset_price,b,6,-0.23107961048690512,-0.1134124563362767,1.138597711010638,-0.2029510583521155,0.8391732858183362,-2.103906185081397,1.641746964107587,-3.358323810606993,2.8961645896331825,2.746575168629396,303,True,3.0,0.05,1.0,False,4.0
LEVEL,act,us10y,asset_price,b,6,-0.02748364259595951,-0.01348880331461666,0.06087318892529454,-0.451490107240616,0.6516363534528616,-0.1276111281838324,0.0726438429919134,-0.19998685732484545,0.14501957213292643,2.833812681319969,303,True,2.0,0.03333333333333333,1.0,False,4.0
LEVEL,act,ip,real_macro,b,6,0.14225572892040428,0.0698182397433322,0.16148145751217363,0.8809415713236303,0.37834944539337556,-0.12335763215390455,0.4078690899947131,-0.3153187397770248,0.5998301976178333,2.833603781802216,303,True,1.0,0.03333333333333333,1.0,False,3.0
LEVEL,act,cpi,real_macro,b,6,-0.0017199722893128143,-0.0008441518563679139,0.05749631917228903,-0.029914476510381094,0.97613526043101,-0.09629300141621189,0.09285305683758627,-0.16292640687202475,0.15948646229339913,2.803769648273539,303,True,3.0,0.1,1.0,False,3.0
LEVEL,act,infl_exp,real_macro,b,6,-0.012626298608959655,-0.006196909959559482,0.0574141617698392,-0.21991610118032762,0.825936496338006,-0.10706419083445821,0.0818115936165389,-0.1731352271449414,0.1478826299270221,2.795633056168736,303,True,2.0,0.05,1.0,False,3.0
LEVEL,act,freight,physical_channel,b,6,0.0038861301891784106,0.0019072888753300843,0.004628806580782785,0.839553375445042,0.4011588503517233,-0.003727579103678996,0.011499839482035817,-0.00901369963924986,0.016785960017606683,2.7868586866394316,303,True,1.0,0.1,0.4011588503517233,False,1.0
LEVEL,threat,oil,asset_price,a,1,-0.03827318684992893,-0.013689395438430571,0.0658415756498563,-0.5812920859224981,0.5610436135323511,-0.14657294136179477,0.07002656766193693,-0.22582911408847772,0.14928274038861988,2.8485941502367154,308,True,1.0,0.025,1.0,False,4.0
LEVEL,threat,dxy,asset_price,a,1,0.0006539033858878091,0.0002338854630278456,0.004694368968120566,0.13929526850753815,0.8892168286169811,-0.007067646437573745,0.008375453209349362,-0.01264504142127072,0.013952848193046338,2.832956867572956,308,True,4.0,0.1,1.0,False,4.0
LEVEL,threat,vix,asset_price,a,1,-0.6365135561740516,-0.227665540540282,2.0956680990145915,-0.30372822703812113,0.7613349512307863,-4.083580829724699,2.810553717376596,-6.34215739846464,5.069130286116537,2.7225894429434945,308,True,3.0,0.05,1.0,False,4.0
LEVEL,threat,us10y,asset_price,a,1,0.028919296646185765,0.010343734613561481,0.0749519624345081,0.38583775136581666,0.6996168345376675,-0.09436571061134537,0.1522043039037169,-0.18357204650429343,0.24141063979666494,2.8350337502657244,308,True,2.0,0.03333333333333333,1.0,False,4.0
LEVEL,threat,ip,real_macro,a,1,0.09568229049850618,0.03422324658316953,0.5317044377656323,0.17995390615995116,0.8571887549150983,-0.7788936824264874,0.9702582634234997,-1.4016208115005389,1.5929853924975512,2.8160440192884657,308,True,3.0,0.1,1.0,False,3.0
LEVEL,threat,cpi,real_macro,a,1,0.06666894198633992,0.02384587188653429,0.08989457038590742,0.7416348028600342,0.4583086312074349,-0.08119446815616431,0.21453235212884414,-0.18716178666169975,0.3204996706343796,2.8236491654431686,308,True,1.0,0.03333333333333333,1.0,False,3.0
LEVEL,threat,infl_exp,real_macro,a,1,-0.026700536366817417,-0.009550137598333772,0.11194082956362199,-0.23852365996307065,0.8114749668301986,-0.2108268158784976,0.1574257431448628,-0.34277095612157926,0.28936988338794445,2.8235490212721897,308,True,2.0,0.05,1.0,False,3.0
LEVEL,threat,freight,physical_channel,a,1,0.007835936922721429,0.0028027255631034973,0.008601323493644555,0.9110152557930574,0.3622873355081351,-0.006311981222382726,0.021983855067825582,-0.016512444764370367,0.032184318609813224,2.8307715324371427,308,True,1.0,0.1,0.3622873355081351,False,1.0
LEVEL,threat,oil,asset_price,a,2,0.010253192709337706,0.0036673196317546218,0.033309877465144765,0.307812381479535,0.7582250996754777,-0.044536680052514765,0.06504306547119018,-0.08463312938297546,0.10513951480165087,2.8485941502367154,307,True,4.0,0.1,1.0,False,4.0
LEVEL,threat,dxy,asset_price,a,2,-0.002181199155533648,-0.0007801623075483819,0.004527276871578388,-0.4817905370945859,0.6299547523202017,-0.009627906937962874,0.0052655086268955775,-0.015006779260275849,0.010644380949208552,2.832956867572956,307,True,3.0,0.05,1.0,False,4.0
LEVEL,threat,vix,asset_price,a,2,-2.6609424329073237,-0.951754902088471,1.6033575083435505,-1.6596064315415082,0.09699365364449805,-5.2982308458060885,-0.023654020008559318,-7.02622665838766,1.7043417925730129,2.7225894429434945,307,True,1.0,0.025,0.3879746145779922,False,4.0
LEVEL,threat,us10y,asset_price,a,2,0.049931345431187255,0.01785923746200051,0.06042325088715346,0.8263597985556769,0.40860002114069893,-0.04945605794274588,0.1493187488051204,-0.12137061013466617,0.2212333009970407,2.8350337502657244,307,True,2.0,0.03333333333333333,1.0,False,4.0
LEVEL,threat,ip,real_macro,a,2,-0.5743105970995923,-0.2054170429811516,0.6721149349916504,-0.8544827189515241,0.3928375804447588,-1.6798412856488614,0.5312200914496767,-2.4670158400572855,1.3183946458581008,2.8160440192884657,307,True,1.0,0.03333333333333333,1.0,False,3.0
LEVEL,threat,cpi,real_macro,a,2,-0.04585261929487067,-0.01640037553905605,0.095252814032594,-0.4813781068891112,0.6302477937228284,-0.202529555933717,0.11082431734397566,-0.31481314814411804,0.2231079095543767,2.8236491654431686,307,True,2.0,0.05,1.0,False,3.0
LEVEL,threat,infl_exp,real_macro,a,2,0.057481151255732305,0.02055962083537396,0.14618732245015714,0.3932020252667985,0.6941702739964579,-0.18297559629073304,0.2979378988021977,-0.35528591997081094,0.4702482224822755,2.8235490212721897,307,True,3.0,0.1,1.0,False,3.0
LEVEL,threat,freight,physical_channel,a,2,0.013239895242175451,0.004735591061288167,0.008733575419924656,1.5159765165558816,0.12952529053539497,-0.0011255579635418463,0.02760534844789275,-0.011482861432940032,0.03796265191729094,2.8307715324371427,307,True,1.0,0.1,0.12952529053539497,False,1.0
LEVEL,threat,oil,asset_price,a,6,0.010185364185969156,0.003643059005587333,0.03251056240919327,0.3132940014316381,0.7540573070772614,-0.04328975230702459,0.06366048067896289,-0.08242403371376444,0.10279476208570276,2.8485941502367154,303,True,3.0,0.05,1.0,False,4.0
LEVEL,threat,dxy,asset_price,a,6,-0.0044461330135519275,-0.00159027449773199,0.004852610906340281,-0.9162352183940277,0.3595435373213379,-0.012427967663030007,0.0035357016359261534,-0.01819337040632805,0.009301104379224198,2.832956867572956,303,True,1.0,0.025,1.0,False,4.0
LEVEL,threat,vix,asset_price,a,6,-0.4233145871523536,-0.15140941362177973,1.5087964359240882,-0.2805644135108838,0.7790445139780227,-2.9050638771135446,2.058434702808837,-4.531147835150047,3.684518660845339,2.7225894429434945,303,True,4.0,0.1,1.0,False,4.0
LEVEL,threat,us10y,asset_price,a,6,0.03778062443856175,0.01351321774897525,0.07049270573196804,0.5359508341503261,0.5919925304818294,-0.07816955825828872,0.1537308071354122,-0.16206857545911774,0.23762982433624125,2.8350337502657244,303,True,2.0,0.03333333333333333,1.0,False,4.0
LEVEL,threat,ip,real_macro,a,6,0.07572014029308184,0.027083267123530957,0.22053630642911223,0.343345463244261,0.7313385824555803,-0.2870298032113247,0.43847008379748836,-0.545319806462588,0.6967600870487517,2.8160440192884657,303,True,3.0,0.1,0.7313385824555803,False,3.0
LEVEL,threat,cpi,real_macro,a,6,0.06780144046833993,0.02425093926736958,0.0700888682893859,0.967363892771081,0.3333621536091228,-0.047484488746380504,0.18308736968306036,-0.13010493398384076,0.2657078149205206,2.8236491654431686,303,True,2.0,0.05,0.6667243072182456,False,3.0
LEVEL,threat,infl_exp,real_macro,a,6,0.09930927633722772,0.035520531901753846,0.07921949775705243,1.2535963891337194,0.20998874434664494,-0.030995201873734002,0.22961375454818944,-0.1243708590203721,0.32298941169482753,2.8235490212721897,303,True,1.0,0.03333333333333333,0.6299662330399348,False,3.0
LEVEL,threat,freight,physical_channel,a,6,0.004144564827454934,0.0014824108341358756,0.0057486143604887656,0.7209676223789258,0.4709294355972945,-0.00531106435334033,0.013600194008250199,-0.012128449055176013,0.02041757871008588,2.8307715324371427,303,True,1.0,0.1,0.4709294355972945,False,1.0
LEVEL,threat,oil,asset_price,b,1,-0.032920778778664665,-0.011774968220161967,0.060551627397975635,-0.5436811559546172,0.5866609020093883,-0.13251934272203902,0.06667778516470968,-0.204202601358733,0.13836104380140365,2.8286906552373625,308,True,1.0,0.025,1.0,False,4.0
LEVEL,threat,dxy,asset_price,b,1,-0.0009511860186156292,-0.000340216287590379,0.004535565387877723,-0.2097171878853029,0.8338884098482257,-0.008411527197141862,0.006509155159910604,-0.01387246432993003,0.011970092292698771,2.848879292061207,308,True,4.0,0.1,1.0,False,4.0
LEVEL,threat,vix,asset_price,b,1,-0.6989838213916402,-0.2500096470569515,2.136946720790011,-0.3270946414299145,0.7435963046197591,-4.2139483856851445,2.815980742901864,-6.535762056176907,5.137794413393626,2.7313634813634753,308,True,2.0,0.03333333333333333,1.0,False,4.0
LEVEL,threat,us10y,asset_price,b,1,0.027694156974133778,0.009905531714393706,0.08504666866441567,0.3256348239037054,0.7447006613761022,-0.11219516443867045,0.167583478386938,-0.21306625940898338,0.2684545733572509,2.830921189084195,308,True,3.0,0.05,1.0,False,4.0
LEVEL,threat,ip,real_macro,b,1,0.19392240490923013,0.06936136506173463,0.5663449469915728,0.34241040895543773,0.7320420562082297,-0.7376321352554975,1.125476945073958,-1.4007192250907843,1.7885640349092444,2.8156720360458034,308,True,2.0,0.05,1.0,False,3.0
LEVEL,threat,cpi,real_macro,b,1,0.07243903277982466,0.02590969413623041,0.0941136236871996,0.769697626568778,0.44147927831221256,-0.08236410248761158,0.2272421680472609,-0.1924556077404176,0.3373336733000669,2.8146258760650675,308,True,1.0,0.03333333333333333,1.0,False,3.0
LEVEL,threat,infl_exp,real_macro,b,1,-0.035424603601527396,-0.012670525944244981,0.10993018787558723,-0.32224636640864257,0.7472660610023557,-0.21624367184014381,0.145394464637089,-0.34751468351886816,0.2766654763158134,2.8389843222186313,308,True,3.0,0.1,1.0,False,3.0
LEVEL,threat,freight,physical_channel,b,1,0.008481547655036385,0.003033644944042652,0.008979835435209277,0.9445103661678318,0.34490890712290245,-0.006288967229994946,0.023252062540067717,-0.017053817036811258,0.03401691234688403,2.8436339258206615,308,True,1.0,0.1,0.34490890712290245,False,1.0
LEVEL,threat,oil,asset_price,b,2,0.00894319721921651,0.0031987658539585346,0.036016537466022534,0.2483080786889464,0.8038960488217909,-0.050298735062004246,0.06818512950043726,-0.09293644574492779,0.1108228401833608,2.8286906552373625,307,True,4.0,0.1,1.0,False,4.0
LEVEL,threat,dxy,asset_price,b,2,-0.004711125968023306,-0.0016850560835032688,0.004354347702442176,-1.0819360992648859,0.2792809229181282,-0.011873390579393128,0.002451138643346518,-0.017116136967945117,0.007693885031898504,2.848879292061207,307,True,2.0,0.03333333333333333,0.8378427687543847,False,4.0
LEVEL,threat,vix,asset_price,b,2,-2.645920169709601,-0.9463818010164292,1.7824430209027249,-1.4844346431728095,0.13769364986167226,-5.577778037475786,0.2859376980565851,-7.514419944614497,2.2225796051952957,2.7313634813634753,307,True,1.0,0.025,0.550774599446689,False,4.0
LEVEL,threat,us10y,asset_price,b,2,0.022891518609371914,0.008187743854689391,0.06222538670965662,0.36788069660673445,0.7129621943266677,-0.07946013440846471,0.12524317162720855,-0.15326364712595306,0.19904668434469688,2.830921189084195,307,True,3.0,0.05,1.0,False,4.0
LEVEL,threat,ip,real_macro,b,2,-0.5039768068716901,-0.1802603433081228,0.6350413918248938,-0.7936125319696586,0.42742103456911174,-1.5485269434791777,0.5405733297357975,-2.2920450955646494,1.2840914818212694,2.8156720360458034,307,True,1.0,0.03333333333333333,1.0,False,3.0
LEVEL,threat,cpi,real_macro,b,2,-0.06668474790599746,-0.023851525282613077,0.09461135710792457,-0.7048281511270279,0.48091718731063515,-0.22230658179576812,0.0889370859837732,-0.33298032179159465,0.1996108259795997,2.8146258760650675,307,True,2.0,0.05,1.0,False,3.0
LEVEL,threat,infl_exp,real_macro,b,2,0.040043784518198025,0.014322695501431304,0.15420578093850856,0.2596775832558831,0.7951124855688917,-0.21360215355539197,0.293689722591788,-0.39774400996170844,0.47783157899810447,2.8389843222186313,307,True,3.0,0.1,1.0,False,3.0
LEVEL,threat,freight,physical_channel,b,2,0.013237251535470519,0.004734645471190092,0.008986354710608158,1.4730390644211149,0.140740502628301,-0.001543986603345756,0.028018489674286794,-0.012316651589073151,0.03879115466001419,2.8436339258206615,307,True,1.0,0.1,0.140740502628301,False,1.0
LEVEL,threat,oil,asset_price,b,6,0.026244886411416195,0.009387162603712905,0.03561597913611816,0.73688515795432,0.4611921905685207,-0.03233818604805572,0.0848279588708881,-0.07450170094805011,0.1269914737708825,2.8286906552373625,303,True,2.0,0.03333333333333333,1.0,False,4.0
LEVEL,threat,dxy,asset_price,b,6,-0.0055788010694553586,-0.0019954025310608696,0.00450647336879849,-1.2379527432873236,0.2157335837618961,-0.012991290134883775,0.001833687995973058,-0.018417199730050685,0.007259597591139967,2.848879292061207,303,True,1.0,0.025,0.8629343350475844,False,4.0
LEVEL,threat,vix,asset_price,b,6,-0.4754363062345399,-0.17005209488698422,1.546208921054096,-0.30748516565951584,0.7584741125780368,-3.018723658055092,2.0678510455860124,-4.6986948877601185,3.747822275291038,2.7313634813634753,303,True,4.0,0.1,1.0,False,4.0
LEVEL,threat,us10y,asset_price,b,6,0.039741695354625704,0.014214645496762986,0.0807822714848475,0.4919606074964126,0.622747191561444,-0.0931333168906042,0.17261670759985562,-0.18894654869418104,0.26842993940343246,2.830921189084195,303,True,3.0,0.05,1.0,False,4.0
LEVEL,threat,ip,real_macro,b,6,0.14229577633145568,0.050895765723866906,0.2622019803094224,0.5426952769904088,0.5873396266388771,-0.2889881019743562,0.5735796546372676,-0.5959790074216174,0.8805705600845286,2.8156720360458034,303,True,3.0,0.1,0.9055151658063751,False,3.0
LEVEL,threat,cpi,real_macro,b,6,0.05557953530295622,0.019879458693359178,0.0740245546601015,0.7508256626218252,0.45275758290318757,-0.06618002191317923,0.17733909251909166,-0.15277189170755842,0.26393096231347085,2.8146258760650675,303,True,2.0,0.05,0.9055151658063751,False,3.0
LEVEL,threat,infl_exp,real_macro,b,6,0.10989234974247106,0.039305841898707575,0.0821480506203557,1.3377353316676333,0.1809827291584365,-0.025229169267414142,0.24501386875235626,-0.12332467806954128,0.3431093775544834,2.8389843222186313,303,True,1.0,0.03333333333333333,0.5429481874753095,False,3.0
LEVEL,threat,freight,physical_channel,b,6,0.0028951528408739653,0.0010355263137303385,0.0061593634447375195,0.47004091686577554,0.6383257847648398,-0.0072360984609148565,0.013026404142662788,-0.014619822012041261,0.020410127693789193,2.8436339258206615,303,True,1.0,0.1,0.6383257847648398,False,1.0
INNOVATION,pooled,oil,asset_price,a,1,-0.051992237572795294,-0.011681017489861466,0.05081517975010753,-1.0231635080004864,0.30623054361403546,-0.13557577028895068,0.03159129514336008,-0.1955705021769113,0.09158602703132072,2.825499492674966,308,True,1.0,0.025,1.0,False,4.0
INNOVATION,pooled,dxy,asset_price,a,1,-0.00028696464539298863,-6.447191346812381e-05,0.004085756525215143,-0.07023537590211104,0.9440063179394353,-0.007007436084733761,0.006433506793947784,-0.011815154138021401,0.011241224847235425,2.8215556706530314,308,True,4.0,0.1,1.0,False,4.0
INNOVATION,pooled,vix,asset_price,a,1,-0.787236386076485,-0.17686720987031296,1.6273777720374862,-0.48374532306095136,0.6285666233227453,-3.46403461683255,1.88956184467958,-5.138397979305031,3.5639252071520615,2.6737255897141003,308,True,2.0,0.03333333333333333,1.0,False,4.0
INNOVATION,pooled,us10y,asset_price,a,1,0.02244488284658542,0.005042657929883747,0.0772505520748053,0.2905465688433009,0.7713981296671647,-0.10462096791766165,0.14951073361083247,-0.19355871529303573,0.23844848098620655,2.796143099798883,308,True,3.0,0.05,1.0,False,4.0
INNOVATION,pooled,ip,real_macro,a,1,0.06705127639980524,0.015064308998954883,0.5113232009847988,0.13113286522235987,0.8956702029472714,-0.7740005452844776,0.9081030980840881,-1.384172204314132,1.5182747571137425,2.83817256466929,308,True,3.0,0.1,1.0,False,3.0
INNOVATION,pooled,cpi,real_macro,a,1,0.03969203054512381,0.008917548554369317,0.09327972005485073,0.4255161842443774,0.6704604261082923,-0.1137394553081154,0.193123516398363,-0.2227162849284765,0.30210034601872415,2.813133608455277,308,True,2.0,0.05,1.0,False,3.0
INNOVATION,pooled,infl_exp,real_macro,a,1,-0.07190460797941894,-0.016154699674797397,0.12515466176554305,-0.5745260061836175,0.56561190738908,-0.2777657073143571,0.13395649135551926,-0.42561706203202787,0.28180784607319,2.8262027883166816,308,True,1.0,0.03333333333333333,1.0,False,3.0
INNOVATION,pooled,freight,physical_channel,a,1,0.0061984740128193895,0.0013926017946971454,0.010967654529353258,0.5651594874938956,0.571965289519752,-0.011841712318938057,0.024238660344576838,-0.024720868433149867,0.037117816458788644,2.8191389839293666,308,True,1.0,0.1,0.571965289519752,False,1.0
INNOVATION,pooled,oil,asset_price,a,2,0.008247712248907042,0.0018530010541657886,0.03254269696630303,0.25344280031391675,0.79992605711599,-0.04528026088689917,0.061775685384713244,-0.08370166151965731,0.10019708601747139,2.825499492674966,307,True,4.0,0.1,1.0,False,4.0
INNOVATION,pooled,dxy,asset_price,a,2,0.001849343746101538,0.0004154892663108089,0.004081775748548906,0.45307333377121217,0.6504959363677028,-0.004864579898301691,0.008563267390504767,-0.00966761376355065,0.013366301255753726,2.8215556706530314,307,True,3.0,0.05,1.0,False,4.0
INNOVATION,pooled,vix,asset_price,a,2,-2.121371458642734,-0.47660532163487057,1.3478710806635126,-1.5738682200959846,0.1155179183691292,-4.3384220943351135,0.09567917704964524,-5.725208858648365,1.4824659413628978,2.6737255897141003,307,True,1.0,0.025,0.4620716734765168,False,4.0
INNOVATION,pooled,us10y,asset_price,a,2,0.03796136830647949,0.008528723283090265,0.052756243196200835,0.7195616292331677,0.47179494413538414,-0.048814929659125386,0.12473766627208437,-0.10955263707788924,0.1854753736908482,2.796143099798883,307,True,2.0,0.03333333333333333,1.0,False,4.0
INNOVATION,pooled,ip,real_macro,a,2,-0.5740512540594266,-0.12897122824068827,0.5375452919909514,-1.0679123463871576,0.28556005272373497,-1.4582345772414311,0.31013206912257796,-2.0996975540552874,0.9515950459364343,2.83817256466929,307,True,2.0,0.05,0.8429975824103616,False,3.0
INNOVATION,pooled,cpi,real_macro,a,2,-0.0922810907978314,-0.020732653294325387,0.08559783048610772,-1.0780774497877998,0.2809991941367872,-0.233076992732083,0.0485148111364202,-0.3330792245491587,0.14851704295349594,2.813133608455277,307,True,1.0,0.03333333333333333,0.8429975824103616,False,3.0
INNOVATION,pooled,infl_exp,real_macro,a,2,0.09577976048105492,0.02151869412789717,0.1850466348241585,0.5175979588716656,0.6047388061960444,-0.20859486796462678,0.4001543889267366,-0.4271995548276006,0.6187590757897105,2.8262027883166816,307,True,3.0,0.1,0.8429975824103616,False,3.0
INNOVATION,pooled,freight,physical_channel,a,2,0.009992988849543692,0.002245109712081098,0.008036559838621143,1.2434411054243104,0.21370533088539057,-0.003225975749224834,0.023211953448312218,-0.012663190288194274,0.03264916798728166,2.8191389839293666,307,True,1.0,0.1,0.21370533088539057,False,1.0
INNOVATION,pooled,oil,asset_price,a,6,-0.0016868696611320472,-0.00037898645903076776,0.03086214754524695,-0.0546582073933426,0.9564107652286573,-0.05245058498644297,0.04907684566417888,-0.08888785189308725,0.08551411257082316,2.825499492674966,303,True,4.0,0.1,1.0,False,4.0
INNOVATION,pooled,dxy,asset_price,a,6,-0.0054126125385471294,-0.0012160434841853123,0.004694593081433513,-1.1529460476464481,0.24893253005178972,-0.013134530995604332,0.002309305918510073,-0.018658668268874346,0.007833443191780087,2.8215556706530314,303,True,1.0,0.025,0.9957301202071589,False,4.0
INNOVATION,pooled,vix,asset_price,a,6,-0.4225920710902782,-0.09494312235688851,1.4050291849716696,-0.3007710271148561,0.7635891029996704,-2.7336594219635995,1.8884752797830433,-4.179254557244177,3.3340704150636213,2.6737255897141003,303,True,2.0,0.03333333333333333,1.0,False,4.0
INNOVATION,pooled,us10y,asset_price,a,6,0.009015370666205913,0.0020254697113600974,0.07687161044520188,0.11727828536430289,0.9066395320399864,-0.11742717658418508,0.13545791791659692,-0.20592865245057307,0.2239593937829849,2.796143099798883,303,True,3.0,0.05,1.0,False,4.0
INNOVATION,pooled,ip,real_macro,a,6,0.21059118717556208,0.047313203959807495,0.23625148717961034,0.8913856572486251,0.3727223095930777,-0.1780079283844992,0.5991903027356233,-0.45993130209992655,0.8811136764510508,2.83817256466929,303,True,1.0,0.03333333333333333,1.0,False,3.0
INNOVATION,pooled,cpi,real_macro,a,6,0.039710349547370356,0.008921664256936246,0.06551478644094468,0.606128046882446,0.5444297279612876,-0.06805188454896863,0.14747258364370933,-0.1445914980404212,0.2240121971351619,2.813133608455277,303,True,3.0,0.1,1.0,False,3.0
INNOVATION,pooled,infl_exp,real_macro,a,6,0.05647488320457579,0.012688126713663697,0.06831649310210514,0.8266654308523859,0.40842672016451054,-0.05589574825502708,0.16884551466417866,-0.1366013800886111,0.24955114649776267,2.8262027883166816,303,True,2.0,0.05,1.0,False,3.0
INNOVATION,pooled,freight,physical_channel,a,6,0.00268705408400802,0.0006036963827062667,0.00529716631495378,0.5072625483595876,0.611970612906346,-0.006026009141708869,0.01140011730972491,-0.012246393978835646,0.017620502146851687,2.8191389839293666,303,True,1.0,0.1,0.611970612906346,False,1.0
INNOVATION,pooled,oil,asset_price,b,1,-0.04966493821572664,-0.011158146658307048,0.049848519857290816,-0.9963172097769453,0.31909604452788365,-0.1316584569011539,0.03232858046970065,-0.19049982616253575,0.09116994973108249,2.8252571661104335,308,True,1.0,0.025,1.0,False,4.0
INNOVATION,pooled,dxy,asset_price,b,1,0.00020685952156653155,4.647481628348621e-05,0.004150707394037923,0.04983717278256343,0.9602521438785476,-0.006620446589931039,0.007034165633064102,-0.011629996469929144,0.012043715513062207,2.8517683536300678,308,True,4.0,0.1,1.0,False,4.0
INNOVATION,pooled,vix,asset_price,b,1,-0.843514626287619,-0.18951115709963656,1.812463842141828,-0.4653966642947312,0.6416474225185357,-3.8247523507530055,2.1377230981777675,-5.730525926368726,4.043496673793488,2.696335886240919,308,True,2.0,0.03333333333333333,1.0,False,4.0
INNOVATION,pooled,us10y,asset_price,b,1,0.04235405516198025,0.009515621604493481,0.09312315828405611,0.4548176408792593,0.6492404378763044,-0.11081990949472546,0.19552801981868595,-0.2198873414760958,0.3045954518000563,2.816070690366342,308,True,3.0,0.05,1.0,False,4.0
INNOVATION,pooled,ip,real_macro,b,1,0.11671131216211517,0.02622135423045714,0.565677982266519,0.2063211152297009,0.8365400857783767,-0.8137461686555592,1.0471687929797895,-1.491511498963697,1.7249341232879272,2.8430005436699117,308,True,3.0,0.1,1.0,False,3.0
INNOVATION,pooled,cpi,real_macro,b,1,0.0715431351266104,0.01607348811490146,0.09602625930073369,0.7450371976122969,0.45624923312008603,-0.08640600576678395,0.22949227602000474,-0.19849523494112678,0.3415815051943476,2.8121304738325255,308,True,1.0,0.03333333333333333,1.0,False,3.0
INNOVATION,pooled,infl_exp,real_macro,b,1,-0.06103417961125374,-0.013712456951293908,0.12222520291030331,-0.4993583823791607,0.6175269325313204,-0.2620767479231458,0.1400083887006383,-0.4068283654479224,0.2847600062254149,2.8291561609468925,308,True,2.0,0.05,1.0,False,3.0
INNOVATION,pooled,freight,physical_channel,b,1,0.007439379882180642,0.0016713942421848257,0.011092275359985346,0.6706811398694371,0.5024236801419908,-0.0108057894748357,0.025684549239196983,-0.023765015161963186,0.038643774926324474,2.8131644799147013,308,True,1.0,0.1,0.5024236801419908,False,1.0
INNOVATION,pooled,oil,asset_price,b,2,0.0008771882117436097,0.00019707655068568962,0.03367298266814933,0.02605020827493628,0.9792172916088746,-0.05450993946023588,0.0562643158837231,-0.09425764737575772,0.09601202379924494,2.8252571661104335,307,True,3.0,0.05,1.0,False,4.0
INNOVATION,pooled,dxy,asset_price,b,2,5.805315805741695e-06,1.3042715341130129e-06,0.004026225044412103,0.0014418756382728153,0.9988495500882563,-0.006616745551418357,0.0066283561830298415,-0.011476055850441508,0.011487666482052992,2.8517683536300678,307,True,4.0,0.1,1.0,False,4.0
INNOVATION,pooled,vix,asset_price,b,2,-2.2667341378199874,-0.5092637352194993,1.5629260932630646,-1.4503143479340843,0.14697087977446374,-4.837518790980834,0.3040505153408595,-6.48090785062751,1.9474395749875346,2.696335886240919,307,True,1.0,0.025,0.587883519097855,False,4.0
INNOVATION,pooled,us10y,asset_price,b,2,0.025883875775737888,0.005815291277250185,0.05992657800866497,0.43192647796433925,0.6657948498623918,-0.07268657341260502,0.1244543249640808,-0.14287360412841574,0.19464135567989152,2.816070690366342,307,True,2.0,0.03333333333333333,1.0,False,4.0
INNOVATION,pooled,ip,real_macro,b,2,-0.5463597705976185,-0.12274982447469915,0.536666222691277,-1.0180625265695507,0.30864824243087086,-1.429097153453712,0.33637761225847485,-2.0721021334781966,0.9793825922829597,2.8430005436699117,307,True,2.0,0.05,0.7729833422364746,False,3.0
INNOVATION,pooled,cpi,real_macro,b,2,-0.09924912525968826,-0.022298151072814854,0.08768082089913512,-1.1319365425862162,0.25766111407882486,-0.2434712415297131,0.04497299101033658,-0.3458190336807979,0.1473207831614214,2.8121304738325255,307,True,1.0,0.03333333333333333,0.7729833422364746,False,3.0
INNOVATION,pooled,infl_exp,real_macro,b,2,0.09421513587978676,0.02116717228183521,0.1911372282591653,0.49291881407864363,0.6220699530090215,-0.2201776272677527,0.4086078990273262,-0.44654193103594325,0.6349722027955168,2.8291561609468925,307,True,3.0,0.1,0.7729833422364746,False,3.0
INNOVATION,pooled,freight,physical_channel,b,2,0.009629742046485552,0.002163499601461843,0.007947440490798848,1.211678408619025,0.22563550725439574,-0.003442634269785921,0.022702118362757026,-0.012727715248465627,0.031987199341436734,2.8131644799147013,307,True,1.0,0.1,0.22563550725439574,False,1.0
INNOVATION,pooled,oil,asset_price,b,6,0.017636545645805458,0.003962376073177295,0.0332998492265258,0.5296283933849358,0.5963696041945276,-0.03713683213138268,0.07240992342299359,-0.07644409201183354,0.11171718330344445,2.8252571661104335,303,True,2.0,0.03333333333333333,1.0,False,4.0
INNOVATION,pooled,dxy,asset_price,b,6,-0.004718384725789531,-0.0010600723700085889,0.0041615127237118466,-1.1338148022243661,0.25687224060353364,-0.011563464022991661,0.0021266945714125997,-0.01658605501449984,0.00714928556292078,2.8517683536300678,303,True,1.0,0.025,1.0,False,4.0
INNOVATION,pooled,vix,asset_price,b,6,-0.3583495390986241,-0.08050984972197216,1.4309966654909587,-0.25041954865469823,0.8022629134820709,-2.71212959448689,1.995430516289642,-4.216797201352988,3.5000981231557398,2.696335886240919,303,True,3.0,0.05,1.0,False,4.0
INNOVATION,pooled,us10y,asset_price,b,6,0.01591006470635586,0.003574490208073164,0.08889304034881294,0.17897986888428347,0.857953508752489,-0.13030597512213266,0.16212610453484438,-0.2344190207974889,0.2662391502102006,2.816070690366342,303,True,4.0,0.1,1.0,False,4.0
INNOVATION,pooled,ip,real_macro,b,6,0.2599717263499827,0.05840745511504173,0.24895929876253992,1.0442338472279622,0.29637721070330025,-0.14952987918287625,0.6694733318828416,-0.4478196953835983,0.9677631480835638,2.8430005436699117,303,True,1.0,0.03333333333333333,0.8891316321099008,False,3.0
INNOVATION,pooled,cpi,real_macro,b,6,0.03968650034552219,0.008916306092777266,0.06662598632694057,0.5956609805485873,0.5514017299343006,-0.0699034949135652,0.14927649560460957,-0.14767446615361657,0.22704746684466093,2.8121304738325255,303,True,3.0,0.1,0.8891316321099008,False,3.0
INNOVATION,pooled,infl_exp,real_macro,b,6,0.07454704643703647,0.016748372332106985,0.07196929195427255,1.0358174217470661,0.30028732825946913,-0.04383190446307815,0.1929259973371511,-0.12906531929437934,0.2781594121684523,2.8291561609468925,303,True,2.0,0.05,0.8891316321099008,False,3.0
INNOVATION,pooled,freight,physical_channel,b,6,0.0031236289114999587,0.0007017809898252907,0.0057811762516363175,0.5403102717402604,0.5889830757964385,-0.006385559814049755,0.012632817637049673,-0.013139770771729745,0.019387028594729662,2.8131644799147013,303,True,1.0,0.1,0.5889830757964385,False,1.0
INNOVATION,act,oil,asset_price,a,1,-0.03561902865825237,-0.010498488032982221,0.021233494300862153,-1.677492557445249,0.09344620361759581,-0.07054501877187891,-0.0006930385446258444,-0.09600039222452289,0.024762334908018137,2.843684732748807,308,True,1.0,0.025,0.37378481447038325,False,4.0
INNOVATION,act,dxy,asset_price,a,1,-0.002011312128073709,-0.0005928217894364632,0.002805111859178961,-0.7170167284032687,0.47336377477627356,-0.006625310543648811,0.0026026862875013924,-0.00996194124780861,0.0059393169916611924,2.83433585499225,308,True,3.0,0.05,0.9467275495525471,False,4.0
INNOVATION,act,vix,asset_price,a,1,-1.1503864293215638,-0.3390692732644033,0.8855219391651157,-1.299105508787469,0.19390772284764568,-2.6069404027024055,0.3061675440592777,-3.5479212550354675,1.24714839639234,2.707482129662804,308,True,2.0,0.03333333333333333,0.581723168542937,False,4.0
INNOVATION,act,us10y,asset_price,a,1,0.01675632234853759,0.004938822204859802,0.05673198645273215,0.2953593448115657,0.7677193867705723,-0.07655949133240067,0.11007213602947585,-0.14261749404796886,0.17613013874504402,2.809240894980704,308,True,4.0,0.1,0.9467275495525471,False,4.0
INNOVATION,act,ip,real_macro,a,1,0.034807434251711275,0.010259275609576258,0.25949300302854844,0.1341363113666764,0.8932947867685719,-0.392020572948326,0.46163544145174856,-0.7061101180424544,0.775724986545877,2.855250598848142,308,True,2.0,0.05,1.0,False,3.0
INNOVATION,act,cpi,real_macro,a,1,0.00572142399116924,0.0016863542765080772,0.06508470260862965,0.08790735398413928,0.929950311601316,-0.1013333851536932,0.11277623313603166,-0.17717020555479934,0.1886130535371378,2.810055546320016,308,True,3.0,0.1,1.0,False,3.0
INNOVATION,act,infl_exp,real_macro,a,1,-0.08909370485708629,-0.026259817560731393,0.09882733391606928,-0.9015087357587787,0.36731789120529534,-0.2516502034908771,0.0734627937767045,-0.3653989705578389,0.1872115608436663,2.795838506939885,308,True,1.0,0.03333333333333333,1.0,False,3.0
INNOVATION,act,freight,physical_channel,a,1,0.004779644909298356,0.001408770726557909,0.008799839650558179,0.5431513640132273,0.5870255900808115,-0.009694803256513639,0.019254093075110352,-0.020100016953603,0.02965930677219971,2.82728582006869,308,True,1.0,0.1,0.5870255900808115,False,1.0
INNOVATION,act,oil,asset_price,a,2,0.0010025074641228753,0.00029548286439953,0.023628859981332385,0.04242724638069254,0.9661581084291854,-0.0378635085769002,0.03986852350514594,-0.06619052091705128,0.06819553584529704,2.843684732748807,307,True,4.0,0.1,1.0,False,4.0
INNOVATION,act,dxy,asset_price,a,2,0.005753476942851883,0.0016958016854447613,0.0026146769124181604,2.2004542570924497,0.02777468195629945,0.0014527161401545951,0.010054237745549172,-0.0016573955792353401,0.013164349464939107,2.83433585499225,307,True,1.0,0.025,0.1110987278251978,False,4.0
INNOVATION,act,vix,asset_price,a,2,-0.9805378208874969,-0.28900744816040497,0.9548858341672927,-1.0268639305373861,0.3044845407003345,-2.5511852485421502,0.5901096067671565,-3.5658741527636018,1.6047985109886078,2.707482129662804,307,True,2.0,0.03333333333333333,0.9134536221010034,False,4.0
INNOVATION,act,us10y,asset_price,a,2,0.0025507082378486683,0.0007518054511708094,0.04156415898801151,0.061367974234348824,0.9510661571291505,-0.0658162494247697,0.07091766590046704,-0.11421302695675306,0.1193144434324504,2.809240894980704,307,True,3.0,0.05,1.0,False,4.0
INNOVATION,act,ip,real_macro,a,2,-0.3807527773797335,-0.11222452232480398,0.19060248572665978,-1.997627554164039,0.04575705368119713,-0.6942659673331961,-0.06723958742627095,-0.9249706388927232,0.16346508413325628,2.855250598848142,307,True,1.0,0.03333333333333333,0.13727116104359138,False,3.0
INNOVATION,act,cpi,real_macro,a,2,-0.06622182653248421,-0.019518473118509263,0.06546298000668463,-1.011591994830087,0.3117331750185147,-0.17389884662753113,0.04145519356256272,-0.25017643657890465,0.11773278351393626,2.810055546320016,307,True,2.0,0.05,0.6234663500370294,False,3.0
INNOVATION,act,infl_exp,real_macro,a,2,0.07831136540416792,0.023081789804834423,0.1406572659535535,0.5567530754509842,0.5776961483788798,-0.15304924865661237,0.3096719794649482,-0.3149436350296614,0.47156636583799727,2.795838506939885,307,True,3.0,0.1,0.6234663500370294,False,3.0
INNOVATION,act,freight,physical_channel,a,2,0.006105298781474795,0.0017994989928015327,0.005028413577589214,1.2141600302499134,0.22468662021463437,-0.0021657055294348523,0.014376303092384442,-0.008111463623884062,0.02032206118683365,2.82728582006869,307,True,1.0,0.1,0.22468662021463437,False,1.0
INNOVATION,act,oil,asset_price,a,6,-0.0138808406408403,-0.004091291785460643,0.024598250932659507,-0.5643019367043889,0.572548663610069,-0.054341362904087726,0.026579681622407123,-0.08383051127036825,0.056068829988687646,2.843684732748807,303,True,2.0,0.03333333333333333,1.0,False,4.0
INNOVATION,act,dxy,asset_price,a,6,-0.0037502818662959367,-0.0011053723466570777,0.0033622275125349387,-1.11541585223316,0.26467225954270857,-0.009280653984925056,0.0017800902523331832,-0.01327996385771512,0.005779400125123246,2.83433585499225,303,True,1.0,0.025,1.0,False,4.0
INNOVATION,act,vix,asset_price,a,6,-0.062176056384432354,-0.018326007431389006,1.1066723732209411,-0.056182893771415436,0.955196108429252,-1.8824901233238909,1.758138010555026,-3.0584717302716555,2.934119617502791,2.707482129662804,303,True,4.0,0.1,1.0,False,4.0
INNOVATION,act,us10y,asset_price,a,6,-0.026568415115152254,-0.007830875760760157,0.05106234705807748,-0.5203132375590525,0.6028452709889675,-0.11055850187428584,0.05742167164398133,-0.17001484866440117,0.11687801843409665,2.809240894980704,303,True,3.0,0.05,1.0,False,4.0
INNOVATION,act,ip,real_macro,a,6,0.10194837092105562,0.030048650746930528,0.14511232392183337,0.7025479860412919,0.48233748705288715,-0.1367401613971289,0.3406369032392401,-0.3123836788570047,0.516280420699116,2.855250598848142,303,True,1.0,0.03333333333333333,1.0,False,3.0
INNOVATION,act,cpi,real_macro,a,6,-0.012716727528773574,-0.003748176657495504,0.0571505497175212,-0.22251277707088937,0.8239147279065604,-0.10672101651390875,0.0812875614563616,-0.17331294673773184,0.14787949168018472,2.810055546320016,303,True,3.0,0.1,1.0,False,3.0
INNOVATION,act,infl_exp,real_macro,a,6,-0.026012755846730583,-0.007667098633766858,0.05292564688806338,-0.4914962286950788,0.6230755188110828,-0.11306769808931454,0.06104218639585336,-0.17398431742108125,0.12195880572762009,2.795838506939885,303,True,2.0,0.05,1.0,False,3.0
INNOVATION,act,freight,physical_channel,a,6,0.001576437910559504,0.000464645307920659,0.0038317633171478993,0.41141317458326104,0.6807695951048258,-0.004726251879270822,0.00787912770038983,-0.009257052181872118,0.012409928002991127,2.82728582006869,303,True,1.0,0.1,0.6807695951048258,False,1.0
INNOVATION,act,oil,asset_price,b,1,-0.03936733306356441,-0.011603277535264895,0.023386452160892565,-1.6833392595305878,0.09230943443506308,-0.07783462372193564,-0.0009000424051931813,-0.1060640324382021,0.027329366311073286,2.851937477124882,308,True,1.0,0.025,0.3692377377402523,False,4.0
INNOVATION,act,dxy,asset_price,b,1,-0.0007404738408339977,-0.00021825007726399709,0.0029537026612144086,-0.2506934264431185,0.8020511433620293,-0.005598882376068733,0.0041179346944007385,-0.0091437581198919,0.007662810438223904,2.8450000703872167,308,True,4.0,0.1,1.0,False,4.0
INNOVATION,act,vix,asset_price,b,1,-1.18758257001247,-0.3500326052986172,1.0609434761519443,-1.1193646001951465,0.26298462662444433,-2.932679294751498,0.5575141547265583,-4.04600547863496,1.6708403386100201,2.694227329612344,308,True,2.0,0.03333333333333333,0.788953879873333,False,4.0
INNOVATION,act,us10y,asset_price,b,1,0.04147148792144161,0.012223464144139396,0.06921041815307545,0.5992087467195685,0.5490336907607372,-0.07236951940047257,0.15531249524335577,-0.1532482348114596,0.23619121065434284,2.8134452576522775,308,True,3.0,0.05,1.0,False,4.0
INNOVATION,act,ip,real_macro,b,1,0.0024866233634082135,0.0007329168314427583,0.3050168161680922,0.008152414003422868,0.993495386784918,-0.49922139299186863,0.5041946397186851,-0.8659233662730704,0.8708966129998869,2.8470888934789262,308,True,3.0,0.1,1.0,False,3.0
INNOVATION,act,cpi,real_macro,b,1,0.04349631732485079,0.012820270066739893,0.0693200064162741,0.6274713401445857,0.5303503170074052,-0.07052494664925699,0.15751758129895857,-0.1531698753884915,0.24016251003819308,2.837076954845339,308,True,2.0,0.05,1.0,False,3.0
INNOVATION,act,infl_exp,real_macro,b,1,-0.08080750610045473,-0.023817511811182163,0.10219583781392037,-0.7907123012934263,0.4291118960431467,-0.24890470058802608,0.08728968838711662,-0.3686713287053768,0.20705631650446732,2.816786170186975,308,True,1.0,0.03333333333333333,1.0,False,3.0
INNOVATION,act,freight,physical_channel,b,1,0.007037271066386443,0.002074192050102217,0.009133000609369873,0.7705322015599839,0.4409842609942123,-0.007985178110885598,0.022059720243658484,-0.018566559311073767,0.03264110144384665,2.8034412207519535,308,True,1.0,0.1,0.4409842609942123,False,1.0
INNOVATION,act,oil,asset_price,b,2,-0.00807572140416791,-0.0023802688538423216,0.02903744719592336,-0.2781140280575932,0.7809248275501455,-0.0558380717417943,0.039686628933458486,-0.09088870530225657,0.07473726249392074,2.851937477124882,307,True,3.0,0.05,1.0,False,4.0
INNOVATION,act,dxy,asset_price,b,2,0.00488810381846059,0.0014407383181178832,0.0028840610546230056,1.6948683560721447,0.09010039661004092,0.0001442455324144505,0.009631962104506729,-0.0033170500849428923,0.013093257721864072,2.8450000703872167,307,True,1.0,0.025,0.3604015864401637,False,4.0
INNOVATION,act,vix,asset_price,b,2,-1.283096119835415,-0.378184632391347,1.193703577665013,-1.074886717140667,0.28242544957779026,-3.24656377906266,0.6803715393918299,-4.499204922236524,1.933012682565694,2.694227329612344,307,True,2.0,0.03333333333333333,0.8472763487333708,False,4.0
INNOVATION,act,us10y,asset_price,b,2,0.003759423566846237,0.0011080668062603773,0.04940477340178494,0.0760943388257786,0.939344044046555,-0.07750419715179534,0.0850230442854878,-0.13523820186579097,0.14275704899948347,2.8134452576522775,307,True,4.0,0.1,1.0,False,4.0
INNOVATION,act,ip,real_macro,b,2,-0.42215670492764445,-0.1244280734673896,0.2287059466549866,-1.8458492710925753,0.06491409417889438,-0.7983445107884691,-0.04596889906681978,-1.0733028655216406,0.22898945566635176,2.8470888934789262,307,True,1.0,0.03333333333333333,0.19474228253668313,False,3.0
INNOVATION,act,cpi,real_macro,b,2,-0.057989709417376356,-0.01709210759775707,0.0666796861084791,-0.8696758008583709,0.3844776004123843,-0.16766803295689392,0.051688614122141194,-0.2471651102320633,0.1311856913973106,2.837076954845339,307,True,2.0,0.05,0.7689552008247686,False,3.0
INNOVATION,act,infl_exp,real_macro,b,2,0.09850013897163308,0.029032305742037415,0.14587835155380083,0.6752210860794217,0.49953531184022604,-0.14144839667533815,0.3384486746186043,-0.31240798421478677,0.5094082621580529,2.816786170186975,307,True,3.0,0.1,0.7689552008247686,False,3.0
INNOVATION,act,freight,physical_channel,b,2,0.006297072894299984,0.0018560232244937567,0.00527267009636566,1.1942853960539694,0.23236634828872327,-0.0023756976374256413,0.014969843426025609,-0.008484547797277683,0.02107869358587765,2.8034412207519535,307,True,1.0,0.1,0.23236634828872327,False,1.0
INNOVATION,act,oil,asset_price,b,6,-0.0003288041924059638,-9.691299873132932e-05,0.025273150371622068,-0.013010020024063216,0.9896197987144425,-0.041899437245658464,0.04124182886084654,-0.07240624890224759,0.07174864051743565,2.851937477124882,303,True,4.0,0.1,1.0,False,4.0
INNOVATION,act,dxy,asset_price,b,6,-0.0029707687985827216,-0.0008756156991229958,0.003132181510929746,-0.9484663606550978,0.3428920901983423,-0.008122748917105856,0.002181211319940413,-0.011881825417643387,0.005940287820477945,2.8450000703872167,303,True,1.0,0.025,1.0,False,4.0
INNOVATION,act,vix,asset_price,b,6,-0.0894589308845779,-0.026367465669716702,1.1204480935664627,-0.07984210192176242,0.9363628386976275,-1.9324320413982365,1.7535141796290807,-3.1082008059833903,2.9292829442142345,2.694227329612344,303,True,3.0,0.05,1.0,False,4.0
INNOVATION,act,us10y,asset_price,b,6,-0.026047082723926175,-0.007677216268161251,0.0595141177967655,-0.4376622503735037,0.6616311382498636,-0.12393909523675306,0.07184492978890072,-0.19348679520259507,0.14139262975474273,2.8134452576522775,303,True,2.0,0.03333333333333333,1.0,False,4.0
INNOVATION,act,ip,real_macro,b,6,0.14292654125619453,0.0421267125886672,0.15934961742189288,0.8969368334144365,0.3697526241057185,-0.11918025491353545,0.4050333374259245,-0.3107559846857927,0.5966090671981817,2.8470888934789262,303,True,1.0,0.03333333333333333,1.0,False,3.0
INNOVATION,act,cpi,real_macro,b,6,0.0020834267059704386,0.0006140771145133017,0.05593023631039308,0.03725045419812202,0.9702853098704937,-0.08991362534543255,0.09408047875737342,-0.15659495780929975,0.16076181122124064,2.837076954845339,303,True,3.0,0.1,1.0,False,3.0
INNOVATION,act,infl_exp,real_macro,b,6,-0.00564992564354878,-0.0016652805814875507,0.056115507453798466,-0.10068385549574739,0.919801427689364,-0.09795172160715156,0.08665187032005399,-0.16371531097243242,0.15241545968533488,2.816786170186975,303,True,2.0,0.05,1.0,False,3.0
INNOVATION,act,freight,physical_channel,b,6,0.005045870061697396,0.0014872389409316508,0.004734929628064429,1.0656694941757932,0.28657307235765506,-0.002742396110384365,0.012834136233779159,-0.00822822683497814,0.018319966958372933,2.8034412207519535,303,True,1.0,0.1,0.28657307235765506,False,1.0
INNOVATION,threat,oil,asset_price,a,1,-0.036576556153712435,-0.008561464444173926,0.06631145425393535,-0.5515873021521277,0.581231138088217,-0.14564919219172462,0.07249607988429976,-0.22485815297921782,0.15170504067179294,2.83935255143845,308,True,1.0,0.025,1.0,False,4.0
INNOVATION,threat,dxy,asset_price,a,1,2.9287008853804428e-05,6.855202111547182e-06,0.004646003106586526,0.00630369980000335,0.9949704085634999,-0.0076127080518428505,0.007671282069550459,-0.013158185790514516,0.013216759808222124,2.8384554415542165,308,True,4.0,0.1,1.0,False,4.0
INNOVATION,threat,vix,asset_price,a,1,-0.6289591134414803,-0.14722028678530583,2.0987111445226208,-0.29968827062408593,0.7644149463084111,-4.081031751432988,2.8231135245500276,-6.32563613392411,5.06771790704115,2.7143692619874153,308,True,3.0,0.05,1.0,False,4.0
INNOVATION,threat,us10y,asset_price,a,1,0.02981708914654553,0.00697927785995248,0.07353765861836388,0.4054669363527925,0.6851343174149014,-0.09114159534938948,0.15077577364248054,-0.17891284505434474,0.23854702334743583,2.8384087571257823,308,True,2.0,0.03333333333333333,1.0,False,4.0
INNOVATION,threat,ip,real_macro,a,1,0.07532097356174627,0.017630359576211865,0.5058197063494102,0.14890873688048056,0.881625647048088,-0.7566784050106097,0.9073203521341022,-1.3481452166313876,1.4987871637548804,2.814177012727598,308,True,3.0,0.1,1.0,False,3.0
INNOVATION,threat,cpi,real_macro,a,1,0.07275907928762897,0.01703069768772207,0.08855537533267394,0.8216223918005724,0.41129184121561135,-0.0729015510143687,0.21841970958962664,-0.1768786956900243,0.3223968542652822,2.819001941325919,308,True,1.0,0.03333333333333333,1.0,False,3.0
INNOVATION,threat,infl_exp,real_macro,a,1,-0.028140777456054283,-0.006586904043369497,0.1104435320571907,-0.25479787663330267,0.7988792153604877,-0.2098042217336556,0.15352266682154703,-0.3402444830636363,0.2839629281515278,2.825912027568678,308,True,2.0,0.05,1.0,False,3.0
INNOVATION,threat,freight,physical_channel,a,1,0.007786578257779349,0.0018226022323041846,0.008335110052828026,0.9341902156573727,0.3502057819170138,-0.005923457743654508,0.021496614259213204,-0.015918313105223472,0.03149146962078217,2.8439806088655026,308,True,1.0,0.1,0.3502057819170138,False,1.0
INNOVATION,threat,oil,asset_price,a,2,0.01155496680167447,0.002704667902861193,0.031786854787001724,0.3635140022220608,0.7162209550359511,-0.04072975658410508,0.06383969018745403,-0.07869912044000238,0.10180905404335133,2.83935255143845,307,True,4.0,0.1,1.0,False,4.0
INNOVATION,threat,dxy,asset_price,a,2,-0.0025927262886880687,-0.0006068787296647916,0.004417852868323497,-0.5868747479750194,0.5572878304559796,-0.009859447602487938,0.0046739950251118,-0.015132604802766802,0.009947152225390665,2.8384554415542165,307,True,3.0,0.05,1.0,False,4.0
INNOVATION,threat,vix,asset_price,a,2,-2.625851427608992,-0.6146323218260653,1.5927307601753902,-1.64864740059383,0.0992198918738753,-5.245660395240658,-0.006042459977326331,-6.949110845650921,1.697407990432937,2.7143692619874153,307,True,1.0,0.025,0.3968795674955012,False,4.0
INNOVATION,threat,us10y,asset_price,a,2,0.04729932259563576,0.011071339437596184,0.059887392203706216,0.7898043453745274,0.42964204093795455,-0.05120667167929573,0.14580531687056725,-0.12268557587679027,0.2172842210680618,2.8384087571257823,307,True,2.0,0.03333333333333333,1.0,False,4.0
INNOVATION,threat,ip,real_macro,a,2,-0.5903210831796901,-0.13817629366334383,0.6757037310151532,-0.8736389279556186,0.38231491954515484,-1.701754815884607,0.5211126495252267,-2.491870990416807,1.3112288240574264,2.814177012727598,307,True,1.0,0.03333333333333333,1.0,False,3.0
INNOVATION,threat,cpi,real_macro,a,2,-0.0370216217329421,-0.00866564082195775,0.09433552917729322,-0.3924462188934568,0.6947285416176285,-0.1921897590505993,0.11814651558471509,-0.3029536616197396,0.22891041815385538,2.819001941325919,307,True,3.0,0.1,1.0,False,3.0
INNOVATION,threat,infl_exp,real_macro,a,2,0.05957422764317047,0.013944523087758202,0.143795487884176,0.4142983101886768,0.6786556512463255,-0.17694830214237292,0.2960967574287139,-0.3467791710788286,0.4659276263651696,2.825912027568678,307,True,2.0,0.05,1.0,False,3.0
INNOVATION,threat,freight,physical_channel,a,2,0.012834000048970569,0.003004050863455487,0.008522465788582758,1.5059022080398161,0.13209227966237944,-0.001184208713949619,0.02685220881189076,-0.01140372739347844,0.03707172749141958,2.8439806088655026,307,True,1.0,0.1,0.13209227966237944,False,1.0
INNOVATION,threat,oil,asset_price,a,6,0.007941741372511305,0.0018589212199158734,0.03212373734734378,0.24722345618256605,0.8047352932095604,-0.04489710451450357,0.06078058725952619,-0.08326887422640787,0.09915235697143047,2.83935255143845,303,True,4.0,0.1,1.0,False,4.0
INNOVATION,threat,dxy,asset_price,a,6,-0.004058221923347785,-0.0009499068900116425,0.004789261819783493,-0.8473585441881822,0.39679530399913976,-0.011935856598038874,0.003819412751343302,-0.01765232819674009,0.009535884350044519,2.8384554415542165,303,True,1.0,0.025,1.0,False,4.0
INNOVATION,threat,vix,asset_price,a,6,-0.4930083035565712,-0.1153983180877919,1.5023991010077207,-0.32814736325779903,0.7428002441486157,-2.9642349139777515,1.9782183068646093,-4.571074242569455,3.585057635456312,2.7143692619874153,303,True,3.0,0.05,1.0,False,4.0
INNOVATION,threat,us10y,asset_price,a,6,0.0387149896051965,0.009062006974317369,0.07010165102224238,0.552269298092747,0.5807638621696267,-0.07659196533402524,0.15402194454441825,-0.1602621505453118,0.2376921297557048,2.8384087571257823,303,True,2.0,0.03333333333333333,1.0,False,4.0
INNOVATION,threat,ip,real_macro,a,6,0.060625220583543055,0.014190528716398131,0.21327094061904261,0.284263858955991,0.7762081805285812,-0.29017425961704124,0.4114247007841274,-0.5395569579893592,0.6608073991564453,2.814177012727598,303,True,3.0,0.1,0.7762081805285812,False,3.0
INNOVATION,threat,cpi,real_macro,a,6,0.06489230368598162,0.015189323685184582,0.06946151383580074,0.9342195426287394,0.3501906569490427,-0.049361719280375096,0.17914632665233832,-0.13091983866457785,0.2607044460365411,2.819001941325919,303,True,2.0,0.05,0.7051634895188595,False,3.0
INNOVATION,threat,infl_exp,real_macro,a,6,0.09498104061359522,0.02223218606657695,0.07998814173105305,1.187439019810628,0.23505449650628651,-0.03658774442583579,0.22654982565302623,-0.13105841116705572,0.3210204923942461,2.825912027568678,303,True,1.0,0.03333333333333333,0.7051634895188595,False,3.0
INNOVATION,threat,freight,physical_channel,a,6,0.0035800933725433502,0.0008379914715601681,0.005780840880018703,0.6193032202145249,0.5357166234623265,-0.005928543715784754,0.013088730460871454,-0.012860505993166828,0.020020692738253527,2.8439806088655026,303,True,1.0,0.1,0.5357166234623265,False,1.0
INNOVATION,threat,oil,asset_price,b,1,-0.03229099484180468,-0.007558344285976593,0.05965352365294977,-0.5413090939885818,0.5882945533671909,-0.13041230958279454,0.0658303198991852,-0.20232072408647506,0.13773873440286571,2.8502881109565887,308,True,1.0,0.025,1.0,False,4.0
INNOVATION,threat,dxy,asset_price,b,1,-0.001110499150657301,-0.00025993423092329147,0.004611456843241123,-0.2408130854102922,0.8096999873422968,-0.008695670664792647,0.006474672363478046,-0.014302575048912018,0.012081576747597415,2.8607176314769065,308,True,4.0,0.1,1.0,False,4.0
INNOVATION,threat,vix,asset_price,b,1,-0.6559292030380917,-0.1535331682432322,2.11674082053203,-0.3098769564396778,0.756654526949103,-4.1376580190064365,2.825799612930253,-6.424470098947837,5.112611692871654,2.7251994386633775,308,True,3.0,0.05,1.0,False,4.0
INNOVATION,threat,us10y,asset_price,b,1,0.02713150676675489,0.006350664330569017,0.08486637917102707,0.3196967636863367,0.7491982133420989,-0.11246126481894789,0.16672427835245765,-0.2142133806668145,0.26847639420032426,2.8438221329933118,308,True,2.0,0.03333333333333333,1.0,False,4.0
INNOVATION,threat,ip,real_macro,b,1,0.19209858034002653,0.044964461893181755,0.5572519385550446,0.3447248309950047,0.7303012486957607,-0.7244992919179776,1.1086964525980305,-1.3836920067866478,1.767889167466701,2.8277884348194506,308,True,3.0,0.1,1.0,False,3.0
INNOVATION,threat,cpi,real_macro,b,1,0.07369774136983381,0.01725041006326991,0.09293159325062837,0.7930321518439639,0.42775909063294737,-0.0791611268468412,0.22655660958650883,-0.18883152626330424,0.33622700900297187,2.8249732781952805,308,True,1.0,0.03333333333333333,1.0,False,3.0
INNOVATION,threat,infl_exp,real_macro,b,1,-0.03846724804716368,-0.009004018175931631,0.10854495303357097,-0.3543900197300418,0.723046612977299,-0.21700780773171008,0.14007331163738274,-0.34707239791835764,0.2701379018240303,2.8431091565883126,308,True,2.0,0.05,1.0,False,3.0
INNOVATION,threat,freight,physical_channel,b,1,0.008632417103288714,0.0020205874983553885,0.008953312887227265,0.9641589891942302,0.3349662218340762,-0.00609447207249841,0.02335930627907584,-0.01676533710477561,0.03403017131135304,2.8366878861450924,308,True,1.0,0.1,0.3349662218340762,False,1.0
INNOVATION,threat,oil,asset_price,b,2,0.01006191154399401,0.002355188869129889,0.03546934369919503,0.2836791012916984,0.7766563118178247,-0.04827996708521528,0.0684037901732033,-0.09103593710525457,0.11115976019324258,2.8502881109565887,307,True,4.0,0.1,1.0,False,4.0
INNOVATION,threat,dxy,asset_price,b,2,-0.005056865034055922,-0.0011836590084127394,0.004337365131482924,-1.165884098009292,0.24366130916525142,-0.012191195801988457,0.0020774657338766137,-0.017464841939842272,0.007351111871730428,2.8607176314769065,307,True,2.0,0.03333333333333333,0.7309839274957542,False,4.0
INNOVATION,threat,vix,asset_price,b,2,-2.5622076984440296,-0.5997352516357882,1.7653699587773064,-1.4513715302024355,0.14667643293012272,-5.465982878050053,0.34156748116199376,-7.373192919137135,2.2487775222490756,2.7251994386633775,307,True,1.0,0.025,0.5867057317204909,False,4.0
INNOVATION,threat,us10y,asset_price,b,2,0.01851141212363268,0.004332961147077415,0.062139729584248814,0.2978997856521885,0.7657796515531552,-0.08369934746080268,0.12072217170806804,-0.1582029262062734,0.19522575045353874,2.8438221329933118,307,True,3.0,0.05,1.0,False,4.0
INNOVATION,threat,ip,real_macro,b,2,-0.5040400808769164,-0.11798052317258072,0.6244846306043826,-0.8071296813007252,0.41959177331759245,-1.5312258905019855,0.5231457287481528,-2.2699504970224864,1.2618703352686538,2.8277884348194506,307,True,1.0,0.03333333333333333,1.0,False,3.0
INNOVATION,threat,cpi,real_macro,b,2,-0.06409967609890979,-0.015003793563768325,0.09389218701594007,-0.6826944619793295,0.4947999298919179,-0.21853858045448474,0.09033922825666515,-0.32934259545025435,0.2011432432524348,2.8249732781952805,307,True,2.0,0.05,1.0,False,3.0
INNOVATION,threat,infl_exp,real_macro,b,2,0.04026099637331343,0.009423880353540413,0.1527314314842578,0.2636064887368202,0.7920831580491197,-0.21095985265305828,0.29148184539968514,-0.3939711349784204,0.47449312772504726,2.8431091565883126,307,True,3.0,0.1,1.0,False,3.0
INNOVATION,threat,freight,physical_channel,b,2,0.013615574939299767,0.003186993883183532,0.008897893216500887,1.530202106050236,0.1259667102450282,-0.0010201569900886182,0.028251306868688153,-0.011624970960160892,0.03885612083876042,2.8366878861450924,307,True,1.0,0.1,0.1259667102450282,False,1.0
INNOVATION,threat,oil,asset_price,b,6,0.024943775914825446,0.005838582771454951,0.0351408364966125,0.709823054930123,0.47781387034979506,-0.0328577564507363,0.08274530828038719,-0.07521773256053854,0.12510528439018945,2.8502881109565887,303,True,2.0,0.03333333333333333,1.0,False,4.0
INNOVATION,threat,dxy,asset_price,b,6,-0.00523218443217286,-0.0012246959717354823,0.00446410783572121,-1.1720560131423352,0.24117456841428908,-0.01257498839686138,0.0021106195325156594,-0.01800273642663474,0.007538367562289021,2.8607176314769065,303,True,1.0,0.025,0.9646982736571563,False,4.0
INNOVATION,threat,vix,asset_price,b,6,-0.39227756956035775,-0.09182030287170953,1.551663256035827,-0.25281101942346973,0.8004142519895681,-2.9445365040582185,2.1599813649375035,-4.620869403903782,3.8363142647830664,2.7251994386633775,303,True,4.0,0.1,1.0,False,4.0
INNOVATION,threat,us10y,asset_price,b,6,0.03717887692506781,0.008702449501549893,0.08061293919836743,0.46120234908666813,0.6446534364978593,-0.09541760849458536,0.16977536234472096,-0.1920699837728936,0.26642773762302924,2.8438221329933118,303,True,3.0,0.05,1.0,False,4.0
INNOVATION,threat,ip,real_macro,b,6,0.1273160052956574,0.02980082236097551,0.25704357494597896,0.4953090359189663,0.6203819935751104,-0.29548305123880864,0.5501150618301234,-0.5995488431812286,0.8541808537725435,2.8277884348194506,303,True,3.0,0.1,0.9985809265019319,False,3.0
INNOVATION,threat,cpi,real_macro,b,6,0.04951888908593113,0.011590872755831094,0.07329545124626177,0.6756065791798601,0.49929046325096593,-0.07104139973552734,0.1700791779073896,-0.15753880209802334,0.2565765802698856,2.8249732781952805,303,True,2.0,0.05,0.9985809265019319,False,3.0
INNOVATION,threat,infl_exp,real_macro,b,6,0.103974710846688,0.024337331985718767,0.08247939352813681,1.2606143959002114,0.2074478094175236,-0.03169181874682561,0.2396412404402016,-0.13052320812300858,0.3384726298163846,2.8431091565883126,303,True,1.0,0.03333333333333333,0.6223434282525708,False,3.0
INNOVATION,threat,freight,physical_channel,b,6,0.002977267677791196,0.0006968882269035174,0.006134480673259888,0.4853332884019119,0.627439945937232,-0.0071130551070840405,0.013067590462666433,-0.014424339335836318,0.020378874691418712,2.8366878861450924,303,True,1.0,0.1,0.627439945937232,False,1.0
LEVEL_PLUS_JUMP,pooled,oil,asset_price,a,1,-0.00217599640136129,-0.003555345967182202,0.0033645730218830987,-0.646737754600261,0.51780168378544,-0.0077102265395487795,0.0033582337368261994,-0.011496297873003457,0.007144305070280878,2.770129050855238,308,True,3.0,0.05,1.0,False,4.0
LEVEL_PLUS_JUMP,pooled,dxy,asset_price,a,1,-0.00011726265788367625,-0.00019159467246681965,0.000446325358115405,-0.2627290960540853,0.7927593889743012,-0.000851402541980215,0.0006168772262128624,-0.001337347473277907,0.0011028221575105543,2.7336219939328585,308,True,4.0,0.1,1.0,False,4.0
LEVEL_PLUS_JUMP,pooled,vix,asset_price,a,1,-0.09601696991460551,-0.15688148498471152,0.1360910358961278,-0.7055348596794498,0.48047744605056586,-0.3198668039039343,0.1278328640747233,-0.4302604327759513,0.23822649294674025,2.456028500778397,308,True,2.0,0.03333333333333333,1.0,False,4.0
LEVEL_PLUS_JUMP,pooled,us10y,asset_price,a,1,0.01163779321884106,0.019014912507034538,0.007199277600687116,1.6165223602060188,0.10598142296171313,-0.00020396465407963513,0.023479551091761756,-0.007676276348714664,0.030951862786396785,2.6827788340475083,308,True,1.0,0.025,0.4239256918468525,False,4.0
LEVEL_PLUS_JUMP,pooled,ip,real_macro,a,1,-0.009892392176955552,-0.016163113417890305,0.024338137064399138,-0.4064564247781212,0.6844072681515778,-0.049925065200574534,0.030140280846663425,-0.07733948513510337,0.05755470078119227,2.7712512580433595,308,True,3.0,0.1,0.6844072681515778,False,3.0
LEVEL_PLUS_JUMP,pooled,cpi,real_macro,a,1,-0.009365958826689853,-0.015302977487662446,0.008884114889063216,-1.0542365720888875,0.2917746199723288,-0.02397902742421906,0.005247109770839354,-0.033928051948982234,0.015196134295602529,2.764720338379407,308,True,2.0,0.05,0.5835492399446576,False,3.0
LEVEL_PLUS_JUMP,pooled,infl_exp,real_macro,a,1,-0.026486811448323464,-0.04327662408237448,0.005331729131028289,-4.967771392245345,6.7726736775366e-07,-0.03525672544741817,-0.01771689744922876,-0.04036674398268336,-0.012606878913963563,2.6032703825077825,308,True,1.0,0.03333333333333333,2.03180210326098e-06,True,3.0
LEVEL_PLUS_JUMP,pooled,freight,physical_channel,a,1,0.000539966565011044,0.000882247759290524,0.002607429287288412,0.2070877118867452,0.8359413585842828,-0.0037488729552047923,0.004828806085226881,-0.006390875150543628,0.007470808280565716,2.6581130116714995,308,True,1.0,0.1,0.8359413585842828,False,1.0
LEVEL_PLUS_JUMP,pooled,oil,asset_price,a,2,0.0012507011954983821,0.0020435123186708024,0.0029287853027035716,0.42703751427045733,0.6693520039093207,-0.0035667219322157526,0.006068124323212517,-0.006862412055238634,0.009363814446235397,2.770129050855238,307,True,4.0,0.1,0.6693520039093207,False,4.0
LEVEL_PLUS_JUMP,pooled,dxy,asset_price,a,2,0.0005980477326980034,0.00097714619072905,0.0003560448680128451,1.679697662926088,0.09301615474152611,1.2406040189616896e-05,0.00118368942520639,-0.00037524434932883165,0.0015713398147248385,2.7336219939328585,307,True,2.0,0.03333333333333333,0.2790484642245783,False,4.0
LEVEL_PLUS_JUMP,pooled,vix,asset_price,a,2,-0.1269445213279898,-0.20741380439645637,0.12379736436400254,-1.0254218414112084,0.3051641867612416,-0.3305730651091523,0.07668402245317271,-0.43099437652722794,0.1771053338712483,2.456028500778397,307,True,3.0,0.05,0.6103283735224831,False,4.0
LEVEL_PLUS_JUMP,pooled,us10y,asset_price,a,2,0.007542558197006678,0.012323735393674628,0.004158000358662869,1.8139869038953658,0.06967974201132845,0.0007032562261945364,0.01438186016781882,-0.003612437157176015,0.01869755355118937,2.6827788340475083,307,True,1.0,0.025,0.2787189680453138,False,4.0
LEVEL_PLUS_JUMP,pooled,ip,real_macro,a,2,-0.02929294229376532,-0.04786154250341869,0.02800620734593504,-1.0459446340568868,0.2955865953458836,-0.07535905402388153,0.01677316943635089,-0.10690517963421098,0.04831929504668034,2.7712512580433595,307,True,2.0,0.05,0.5911731906917672,False,3.0
LEVEL_PLUS_JUMP,pooled,cpi,real_macro,a,2,-0.003605930745662773,-0.005891706128976193,0.01340172674399844,-0.2690646373070978,0.7878799425786014,-0.02564980958794115,0.018437948096615607,-0.04065795724419849,0.03344609575287294,2.764720338379407,307,True,3.0,0.1,0.7878799425786014,False,3.0
LEVEL_PLUS_JUMP,pooled,infl_exp,real_macro,a,2,0.0465483740711577,0.07605507708066342,0.01622050939263105,2.869723320298717,0.004108311093043892,0.019868010365688096,0.0732287377766273,0.004322002380131987,0.08877474576218342,2.6032703825077825,307,True,1.0,0.03333333333333333,0.012324933279131676,True,3.0
LEVEL_PLUS_JUMP,pooled,freight,physical_channel,a,2,0.00040056332242263443,0.0006544777335502409,0.0011586424038390743,0.34571781689967335,0.7295547930498425,-0.001505233837871839,0.002306360482717108,-0.0026792391270963533,0.0034803657719416218,2.6581130116714995,307,True,1.0,0.1,0.7295547930498425,False,1.0
LEVEL_PLUS_JUMP,pooled,oil,asset_price,a,6,0.0037251920233783726,0.0060865663330196785,0.0020819682395607445,1.7892645779093714,0.07357221585372264,0.00030065901333911063,0.007149725033417634,-0.0020421286799867837,0.009492512726743528,2.770129050855238,303,True,1.0,0.025,0.2942888634148906,False,4.0
LEVEL_PLUS_JUMP,pooled,dxy,asset_price,a,6,-0.0008519755767866213,-0.0013920371969232477,0.0004889880548007726,-1.7423239042797067,0.0814517828974543,-0.0016562893522616175,-4.7661801311625184e-05,-0.002188684078160459,0.00048473292458721656,2.7336219939328585,303,True,2.0,0.03333333333333333,0.2942888634148906,False,4.0
LEVEL_PLUS_JUMP,pooled,vix,asset_price,a,6,-0.0007081757859687433,-0.0011570836804348258,0.1263076030190798,-0.005606755009528346,0.9955264801797447,-0.2084656947234489,0.2070493431515114,-0.31092324866583226,0.30950689709389473,2.456028500778397,303,True,4.0,0.1,1.0,False,4.0
LEVEL_PLUS_JUMP,pooled,us10y,asset_price,a,6,-0.0035546522632057265,-0.005807922559438655,0.01113752677156619,-0.31915992985809555,0.7496052405382485,-0.021874253568685494,0.014764949042274041,-0.03343417334960098,0.026324868823189525,2.6827788340475083,303,True,3.0,0.05,1.0,False,4.0
LEVEL_PLUS_JUMP,pooled,ip,real_macro,a,6,0.02381264772366215,0.03890732585738125,0.011556421707685545,2.0605554492551668,0.039345470712825896,0.004804025563194855,0.042821269884129445,-0.008213100472241004,0.055838395919565305,2.7712512580433595,303,True,1.0,0.03333333333333333,0.11803641213847768,False,3.0
LEVEL_PLUS_JUMP,pooled,cpi,real_macro,a,6,0.008938402863374086,0.01460439665868293,0.004392737560014557,2.0348137673274667,0.041869615270262506,0.0017129925555381814,0.01616381317120999,-0.0032062880099612903,0.02108309373670946,2.764720338379407,303,True,2.0,0.05,0.11803641213847768,False,3.0
LEVEL_PLUS_JUMP,pooled,infl_exp,real_macro,a,6,0.006614135778020096,0.010806792212555172,0.005700470671136712,1.1602788891642861,0.24593527676046278,-0.0027623040807296176,0.01599057563676981,-0.008225730686504368,0.02145400224254456,2.6032703825077825,303,True,3.0,0.1,0.24593527676046278,False,3.0
LEVEL_PLUS_JUMP,pooled,freight,physical_channel,a,6,0.00021090605434765026,0.0003445979916649361,0.00046498583045034305,0.45357522861155963,0.6501345860837913,-0.0005539275753496388,0.0009757396840449393,-0.0010250788318152842,0.001446890940510585,2.6581130116714995,303,True,1.0,0.1,0.6501345860837913,False,1.0
LEVEL_PLUS_JUMP,pooled,oil,asset_price,b,1,-0.0026409997345033403,-0.004315111803273939,0.003529151981216686,-0.7483383397936996,0.45425610433340713,-0.00844593817087058,0.0031639387018638997,-0.012574830051600592,0.0072928305825939125,2.814792440214642,308,True,2.0,0.03333333333333333,1.0,False,4.0
LEVEL_PLUS_JUMP,pooled,dxy,asset_price,b,1,0.0001578213854249632,0.0002578633061409128,0.0004777497769226889,0.33034319019787295,0.7411406618294274,-0.0006280070679215784,0.0009436498387715049,-0.001185648231953014,0.0015012910028029405,2.812077958532217,308,True,4.0,0.1,1.0,False,4.0
LEVEL_PLUS_JUMP,pooled,vix,asset_price,b,1,-0.12907563863369415,-0.2108958227093948,0.1904922834004882,-0.6775898547151509,0.49803178045578933,-0.4424075618912549,0.18425628462386662,-0.6151120224257196,0.35696074515833126,2.551475446226814,308,True,3.0,0.05,1.0,False,4.0
LEVEL_PLUS_JUMP,pooled,us10y,asset_price,b,1,0.01918839653556364,0.031351792768007446,0.009519851591159373,2.0156192932023203,0.043839800752888645,0.003529634117805401,0.034847158953321876,-0.006992149467085082,0.04536894253821236,2.7501002249826385,308,True,1.0,0.025,0.17535920301155458,False,4.0
LEVEL_PLUS_JUMP,pooled,ip,real_macro,b,1,-0.00239978203118843,-0.0039209878110848416,0.03451007435202269,-0.06953859347590119,0.9445609138372072,-0.05916380299547793,0.05436423893310107,-0.09949771833792236,0.0946981542755455,2.813611333208932,308,True,3.0,0.1,1.0,False,3.0
LEVEL_PLUS_JUMP,pooled,cpi,real_macro,b,1,-0.0010786152695250856,-0.0017623422751288091,0.010799094816565834,-0.09988015549881898,0.9204394711759376,-0.01884154554634624,0.01668431500729607,-0.03151926739935938,0.029362036860309214,2.8188151550570955,308,True,2.0,0.05,1.0,False,3.0
LEVEL_PLUS_JUMP,pooled,infl_exp,real_macro,b,1,-0.026616388030267054,-0.04348833839300762,0.007729677236320544,-3.4434022555561326,0.0005744442000338981,-0.03933057566759313,-0.013902200392940977,-0.047617290674889574,-0.005615485385644534,2.7169184433655995,308,True,1.0,0.03333333333333333,0.0017233326001016942,True,3.0
LEVEL_PLUS_JUMP,pooled,freight,physical_channel,b,1,0.0006375020297120459,0.0010416103027510787,0.0026771104696704474,0.23813064008170068,0.8117797708235835,-0.0037659528360751487,0.005040956895499241,-0.006621146089254907,0.007896150148678999,2.711374148060649,308,True,1.0,0.1,0.8117797708235835,False,1.0
LEVEL_PLUS_JUMP,pooled,oil,asset_price,b,2,2.138515067965979e-06,3.494105467221694e-06,0.0030531660242358524,0.0007004254111930278,0.9994411414241107,-0.005019872693581382,0.005024149723717315,-0.008591890128671306,0.008596167158807238,2.814792440214642,307,True,4.0,0.1,0.9994411414241107,False,4.0
LEVEL_PLUS_JUMP,pooled,dxy,asset_price,b,2,0.0003411924851003241,0.0005574721195197885,0.0003822809605516695,0.8925175991185891,0.3721155639348752,-0.00028760373937758215,0.0009699887095782303,-0.0007338113780335497,0.0014161963482341978,2.812077958532217,307,True,3.0,0.05,0.7442311278697504,False,4.0
LEVEL_PLUS_JUMP,pooled,vix,asset_price,b,2,-0.2503863089602545,-0.40910451563365074,0.15378413156498863,-1.6281673955055767,0.10348939617032993,-0.5033386955325084,0.002566077611999451,-0.6427627446676369,0.14199012674712796,2.551475446226814,307,True,2.0,0.03333333333333333,0.3104681885109898,False,4.0
LEVEL_PLUS_JUMP,pooled,us10y,asset_price,b,2,0.010657726620298322,0.01741358824633308,0.005451510480249377,1.9550043348372668,0.0505825586253405,0.0016907898344961717,0.019624663406100473,-0.004334473577930702,0.025649926818527347,2.7501002249826385,307,True,1.0,0.025,0.202330234501362,False,4.0
LEVEL_PLUS_JUMP,pooled,ip,real_macro,b,2,-0.03366154656430038,-0.05499937580394488,0.03487606219210504,-0.9651762397625385,0.33445654565212823,-0.09102756395476946,0.023704470826168708,-0.13178923040570667,0.0644661372771059,2.813611333208932,307,True,2.0,0.05,0.6689130913042565,False,3.0
LEVEL_PLUS_JUMP,pooled,cpi,real_macro,b,2,-0.002952997719555463,-0.004824883224416957,0.01326258109323127,-0.22265633656050282,0.8238029866247722,-0.02476800233349494,0.018862006894384015,-0.04033776230032947,0.03443176686121854,2.8188151550570955,307,True,3.0,0.1,0.8238029866247722,False,3.0
LEVEL_PLUS_JUMP,pooled,infl_exp,real_macro,b,2,0.05192409546510458,0.08483843231356152,0.017710719789278483,2.931789113197862,0.003370155124520754,0.02279255378378866,0.0810556371464205,0.0038055142243337697,0.1000426767058754,2.7169184433655995,307,True,1.0,0.03333333333333333,0.010110465373562262,True,3.0
LEVEL_PLUS_JUMP,pooled,freight,physical_channel,b,2,0.0005004777925696744,0.0008177273180983565,0.001160073652222873,0.43141898069203183,0.6661637512264154,-0.0014076735618199587,0.0024086291469593074,-0.0026449159179137227,0.0036458715030530716,2.711374148060649,307,True,1.0,0.1,0.6661637512264154,False,1.0
LEVEL_PLUS_JUMP,pooled,oil,asset_price,b,6,0.0067360040116716344,0.01100591190446714,0.0038160787426211994,1.765163788796661,0.07753624251063627,0.0004591130511387414,0.013012894972204527,-0.004005465584322314,0.017477473607665585,2.814792440214642,303,True,1.0,0.025,0.3101449700425451,False,4.0
LEVEL_PLUS_JUMP,pooled,dxy,asset_price,b,6,-0.0006210548620394497,-0.001014737385489013,0.00045395650313768005,-1.3680933255649177,0.1712828656468156,-0.0013677468627036702,0.00012563713862477068,-0.001897615938645281,0.0006555062145663816,2.812077958532217,303,True,2.0,0.03333333333333333,0.5138485969404468,False,4.0
LEVEL_PLUS_JUMP,pooled,vix,asset_price,b,6,-0.016856499977905715,-0.027541722578107983,0.1593085833461395,-0.10581036893210309,0.9157328097588381,-0.2788958010993042,0.24518280114349272,-0.42332843875875864,0.3896154388029472,2.551475446226814,303,True,4.0,0.1,1.0,False,4.0
LEVEL_PLUS_JUMP,pooled,us10y,asset_price,b,6,-0.006931250018913438,-0.011324923049899783,0.01274762217388593,-0.5437288558106477,0.5866280724450813,-0.02789922258663672,0.014036722548809846,-0.041988488627310805,0.028125988589483928,2.7501002249826385,303,True,3.0,0.05,1.0,False,4.0
LEVEL_PLUS_JUMP,pooled,ip,real_macro,b,6,0.012606306426001367,0.020597359758824995,0.022344815250052802,0.5641714323850396,0.5726374677663132,-0.02414764398160855,0.04936025683361128,-0.05026331900000697,0.07547593185200971,2.813611333208932,303,True,3.0,0.1,0.5726374677663132,False,3.0
LEVEL_PLUS_JUMP,pooled,cpi,real_macro,b,6,0.008093032733845823,0.01322315205785807,0.0061731600458615485,1.3110032258553455,0.18985667375606496,-0.0020609119573414617,0.018246977425033107,-0.009307964358021665,0.02549402982571331,2.8188151550570955,303,True,1.0,0.03333333333333333,0.5695700212681949,False,3.0
LEVEL_PLUS_JUMP,pooled,infl_exp,real_macro,b,6,0.009344181497191253,0.015267395654640845,0.007519467794900666,1.2426652726045344,0.21399120601456778,-0.0030242423779958966,0.021712605372378402,-0.01108559923906802,0.029773962233450527,2.7169184433655995,303,True,2.0,0.05,0.5695700212681949,False,3.0
LEVEL_PLUS_JUMP,pooled,freight,physical_channel,b,6,-1.189820565912554e-05,-1.944039865158436e-05,0.0006355242308529575,-0.018721875707487307,0.9850629770213994,-0.0010572425417931573,0.0010334461304749062,-0.0017350421756599623,0.0017112457643417111,2.711374148060649,303,True,1.0,0.1,0.9850629770213994,False,1.0
LEVEL_PLUS_JUMP,act,oil,asset_price,a,1,-0.0020117970515389897,-0.005500621098002382,0.0012868008351291627,-1.5634098118509967,0.11795623377739518,-0.004128396072365377,0.00010480196928739716,-0.005597377029191554,0.0015737829261135748,2.78642963212925,308,True,2.0,0.03333333333333333,0.35386870133218556,False,4.0
LEVEL_PLUS_JUMP,act,dxy,asset_price,a,1,-0.00010678449624476511,-0.000291968343692608,0.00011736647282070428,-0.9098381648385668,0.3629078640618567,-0.00029983516474640194,8.62661722568717e-05,-0.00042884029426590976,0.0002152713017763795,2.7440187157463227,308,True,4.0,0.1,0.3629078640618567,False,4.0
LEVEL_PLUS_JUMP,act,vix,asset_price,a,1,-0.0953168870154193,-0.2606138026257881,0.04554308305464301,-2.0928949166892634,0.03635853612990523,-0.170228592360401,-0.020405181670437603,-0.201430509309857,0.010796735279018407,2.32996132842218,308,True,1.0,0.025,0.14543414451962092,False,4.0
LEVEL_PLUS_JUMP,act,us10y,asset_price,a,1,0.005271720830527639,0.014413848952107873,0.0035312910636740662,1.492859335430361,0.13547401154425373,-0.0005367360833779707,0.01108017774443325,-0.004358450752819318,0.014901892413874598,2.7270965235381714,308,True,3.0,0.05,0.35386870133218556,False,4.0
LEVEL_PLUS_JUMP,act,ip,real_macro,a,1,-0.01270563134974684,-0.0347395199791123,0.007403640524338056,-1.7161329359494832,0.0861377142739004,-0.024883536318849188,-0.0005277263806444891,-0.033536419308562805,0.008125156609069128,2.8135871657110747,308,True,3.0,0.1,0.0861377142739004,True,3.0
LEVEL_PLUS_JUMP,act,cpi,real_macro,a,1,-0.004964858407962398,-0.013574830963461728,0.0022554543912797387,-2.2012674816915054,0.027717093519297287,-0.008674750743882501,-0.001254966072042295,-0.01124963841199746,0.0013199215960726634,2.78648064369375,308,True,2.0,0.05,0.055434187038594575,True,3.0
LEVEL_PLUS_JUMP,act,infl_exp,real_macro,a,1,-0.017118515461694864,-0.046805152260784015,0.0028814964743809125,-5.940842063800465,2.835617066274948e-09,-0.02185815538862819,-0.01237887553476154,-0.025026900710390647,-0.00921013021299908,2.7445410115918656,308,True,1.0,0.03333333333333333,8.506851198824845e-09,True,3.0
LEVEL_PLUS_JUMP,act,freight,physical_channel,a,1,-0.0006343622274088654,-0.0017344623550331134,0.0006707272171833893,-0.9457827432033654,0.344259409129405,-0.001737610323288031,0.0004688858684703004,-0.0024929212275249784,0.0012241967727072475,2.7709610591334455,308,True,1.0,0.1,0.344259409129405,False,1.0
LEVEL_PLUS_JUMP,act,oil,asset_price,a,2,-0.00013036934256946192,-0.0003564536272292992,0.0012352598807938992,-0.1055400119411907,0.9159473223197424,-0.0021621910377209504,0.0019014523525820266,-0.0035723340777940277,0.003311595392655104,2.78642963212925,307,True,4.0,0.1,0.9159473223197424,False,4.0
LEVEL_PLUS_JUMP,act,dxy,asset_price,a,2,0.00040815116628221916,0.0011159599397507828,0.0001359662524428744,3.001856408844555,0.0026833871623738828,0.00018450658280855776,0.0006317957497558805,3.505722486908268e-05,0.0007812451076953556,2.7440187157463227,307,True,1.0,0.025,0.010733548649495531,True,4.0
LEVEL_PLUS_JUMP,act,vix,asset_price,a,2,-0.07661826998900327,-0.2094883636853696,0.04587311913906588,-1.670221502852955,0.0948755471628216,-0.15207283638447278,-0.0011637035935337658,-0.18350086359713014,0.030264323619123595,2.32996132842218,307,True,3.0,0.05,0.1897510943256432,False,4.0
LEVEL_PLUS_JUMP,act,us10y,asset_price,a,2,0.00396611684730217,0.01084408886608322,0.0017747029080273128,2.2348060790133846,0.025430082592708,0.0010469903322721194,0.006885243362332221,-0.0008736692834921981,0.008805902978096539,2.7270965235381714,307,True,2.0,0.03333333333333333,0.076290247778124,True,4.0
LEVEL_PLUS_JUMP,act,ip,real_macro,a,2,-0.009500248679704806,-0.02597541749247402,0.009738935569187403,-0.9754914807899779,0.3293165254957149,-0.025519372173329405,0.0065188748139197936,-0.036901592804857566,0.01790109544544795,2.8135871657110747,307,True,3.0,0.1,0.3293165254957149,False,3.0
LEVEL_PLUS_JUMP,act,cpi,real_macro,a,2,-0.007570711594155457,-0.020699710186892917,0.003764164912968826,-2.011259275084305,0.04429807769692518,-0.013762211903695703,-0.0013792112846152116,-0.01805948426381426,0.0029180610755033453,2.78648064369375,307,True,2.0,0.05,0.08859615539385036,True,3.0
LEVEL_PLUS_JUMP,act,infl_exp,real_macro,a,2,0.028081183659553154,0.07677909219344745,0.0053722684121084415,5.22706266802708,1.7222413968266734e-07,0.01924458847693976,0.03691777884216655,0.013336772677242027,0.04282559464186428,2.7445410115918656,307,True,1.0,0.03333333333333333,5.166724190480021e-07,True,3.0
LEVEL_PLUS_JUMP,act,freight,physical_channel,a,2,-0.0002829417903247197,-0.0007736146050001091,0.0001898650445503058,-1.490225812733806,0.13616487143031747,-0.000595241997484593,2.9358416835153632e-05,-0.0008090504352642539,0.00024316685461481442,2.7709610591334455,307,True,1.0,0.1,0.13616487143031747,False,1.0
LEVEL_PLUS_JUMP,act,oil,asset_price,a,6,0.0012649761384158108,0.0034586761274536734,0.0007588175921072413,1.6670358615473897,0.09550727424057609,1.6832269843632076e-05,0.00251312000698799,-0.000849415685612773,0.0033793679624443945,2.78642963212925,303,True,3.0,0.05,0.19101454848115218,False,4.0
LEVEL_PLUS_JUMP,act,dxy,asset_price,a,6,-0.000654342250751843,-0.0017890913932131275,9.191638661826128e-05,-7.1188857049983625,1.088030854138286e-12,-0.0008055312526571638,-0.0005031532488465223,-0.0009065625359161269,-0.00040212196558755926,2.7440187157463227,303,True,1.0,0.025,4.352123416553144e-12,True,4.0
LEVEL_PLUS_JUMP,act,vix,asset_price,a,6,-0.07699186710578017,-0.2105098465338129,0.06015892813307882,-1.2798078272848354,0.2006127303778774,-0.17594449823898783,0.021960764027427485,-0.21715984321518295,0.06317610900362262,2.32996132842218,303,True,4.0,0.1,0.2006127303778774,False,4.0
LEVEL_PLUS_JUMP,act,us10y,asset_price,a,6,-0.007139316471366999,-0.019520197018718093,0.001756392414018956,-4.064761618407871,4.808157915615941e-05,-0.010028324903916131,-0.004250308038817868,-0.01192916811760691,-0.002349464825127087,2.7270965235381714,303,True,2.0,0.03333333333333333,0.00014424473746847824,True,4.0
LEVEL_PLUS_JUMP,act,ip,real_macro,a,6,0.014759186202951228,0.04035431454439916,0.0059551035462775,2.4784096679858925,0.013196952316498263,0.004963912535985108,0.024554459869917347,-0.0019960167053356525,0.031514389111238106,2.8135871657110747,303,True,1.0,0.03333333333333333,0.03959085694949479,True,3.0
LEVEL_PLUS_JUMP,act,cpi,real_macro,a,6,0.003257832305961807,0.008907509384318215,0.0016748570103961883,1.9451405616955713,0.051758063222445215,0.0005029376777865371,0.006012726934137077,-0.0014091243344619537,0.007924788946385567,2.78648064369375,303,True,2.0,0.05,0.10351612644489043,False,3.0
LEVEL_PLUS_JUMP,act,infl_exp,real_macro,a,6,0.002521075026992085,0.006893080230190818,0.0020768172702051394,1.2139127804648233,0.22478103196627253,-0.0008949853924202942,0.005937135446404464,-0.003178835144668185,0.008220985198652355,2.7445410115918656,303,True,3.0,0.1,0.22478103196627253,False,3.0
LEVEL_PLUS_JUMP,act,freight,physical_channel,a,6,-0.00010182249794075691,-0.0002784013327764721,0.00016239624027999366,-0.6270003404339952,0.5306590120034581,-0.00036894054276858724,0.00016529554688707345,-0.0005518161559062976,0.0003481711600247839,2.7709610591334455,303,True,1.0,0.1,0.5306590120034581,False,1.0
LEVEL_PLUS_JUMP,act,oil,asset_price,b,1,-0.0024355185129506037,-0.006659153072454854,0.0013779506447633338,-1.767493285921652,0.07714565244957035,-0.004702045628749693,-0.0001689913971515142,-0.006359091785818201,0.0014880547599169934,2.847397537624782,308,True,3.0,0.05,0.1542913048991407,False,4.0
LEVEL_PLUS_JUMP,act,dxy,asset_price,b,1,5.005551593720665e-05,0.00013686093576137107,0.0001623880086228998,0.3082463807623038,0.757894862710675,-0.00021704898901959703,0.00031716002089401035,-0.00040746888295620167,0.000507579914830615,2.8174765044128307,308,True,4.0,0.1,0.757894862710675,False,4.0
LEVEL_PLUS_JUMP,act,vix,asset_price,b,1,-0.12850915339850802,-0.35136752980600444,0.06192379412321306,-2.075279062242319,0.03796067880285012,-0.2303647307566713,-0.026653576040344754,-0.280157621971917,0.023139315174900976,2.4489531160133047,308,True,2.0,0.03333333333333333,0.11388203640855035,False,4.0
LEVEL_PLUS_JUMP,act,us10y,asset_price,b,1,0.010434086823570617,0.02852870177745604,0.004500513675509457,2.3184213127381468,0.020426434866270052,0.0030314005812641853,0.017836773065877047,-0.0020862606880407523,0.022954434335181986,2.781981883477794,308,True,1.0,0.025,0.08170573946508021,True,4.0
LEVEL_PLUS_JUMP,act,ip,real_macro,b,1,-0.012193473782542428,-0.03333918751639641,0.010102780712996522,-1.2069423388410654,0.22745435086530985,-0.028811069280610134,0.004424121715525279,-0.04079155881783441,0.016404611252749557,2.830714220937464,308,True,2.0,0.05,0.4549087017306197,False,3.0
LEVEL_PLUS_JUMP,act,cpi,real_macro,b,1,6.38440234366289e-05,0.00017456123719250487,0.00414835493442719,0.015390202729951449,0.9877208795914053,-0.006759592636337971,0.006887280683211229,-0.01166245943434524,0.011790147481218496,2.826735812903881,308,True,3.0,0.1,0.9877208795914053,False,3.0
LEVEL_PLUS_JUMP,act,infl_exp,real_macro,b,1,-0.015980279514239946,-0.043693006996287434,0.0047958373449942795,-3.3321145745110767,0.0008618876442766024,-0.023868729965423108,-0.008091829063056786,-0.029361784942412244,-0.0025987740860676477,2.7902333764800065,308,True,1.0,0.03333333333333333,0.002585662932829807,True,3.0
LEVEL_PLUS_JUMP,act,freight,physical_channel,b,1,-0.0006172284348889198,-0.0016876154325008875,0.0006902193091890895,-0.8942497358036482,0.3711882868396913,-0.0017525381690005333,0.0005180812992226936,-0.0025449708293239235,0.0013105139595460836,2.792941850177778,308,True,1.0,0.1,0.3711882868396913,False,1.0
LEVEL_PLUS_JUMP,act,oil,asset_price,b,2,-0.00048196559253826303,-0.001317782081845252,0.0013804094189487784,-0.34914684435092724,0.7269790700188171,-0.0027525370319741354,0.0017886058468976095,-0.004412539972967071,0.003448608787890544,2.847397537624782,307,True,4.0,0.1,0.7269790700188171,False,4.0
LEVEL_PLUS_JUMP,act,dxy,asset_price,b,2,0.0002669901431478107,0.000729999884050959,0.0001683925421473895,1.585522373752879,0.11284769761584687,-9.990940554901572e-06,0.000543971226850523,-0.0002074518878708065,0.0007414321741664279,2.8174765044128307,307,True,3.0,0.05,0.22569539523169374,False,4.0
LEVEL_PLUS_JUMP,act,vix,asset_price,b,2,-0.1623663511952898,-0.4439393010876805,0.0575887044165882,-2.8194131616637104,0.004811154691798957,-0.2570913405263512,-0.06764136186422844,-0.30339838832346266,-0.021334314067116972,2.4489531160133047,307,True,1.0,0.025,0.01924461876719583,True,4.0
LEVEL_PLUS_JUMP,act,us10y,asset_price,b,2,0.0060607622223872275,0.016571232433677162,0.0026319065284655576,2.3028029897098,0.021289930245975044,0.0017316612232433966,0.010389863221531058,-0.0012611540588108872,0.013382678503585342,2.781981883477794,307,True,2.0,0.03333333333333333,0.06386979073792513,True,4.0
LEVEL_PLUS_JUMP,act,ip,real_macro,b,2,-0.011970847498848611,-0.03273048653827375,0.013724199490664156,-0.8722437696269092,0.38307540616217506,-0.03454514680807309,0.010603451810375874,-0.05082013416805434,0.02687843917035711,2.830714220937464,307,True,3.0,0.1,0.38307540616217506,False,3.0
LEVEL_PLUS_JUMP,act,cpi,real_macro,b,2,-0.00680166390389229,-0.018596993142350318,0.004198510960681575,-1.6200181368082285,0.10522838095896549,-0.01370759988536489,0.00010427207758030837,-0.018669745197320377,0.005066417389535796,2.826735812903881,307,True,2.0,0.05,0.21045676191793097,False,3.0
LEVEL_PLUS_JUMP,act,infl_exp,real_macro,b,2,0.031801035456895506,0.08694984737088979,0.005932483176047439,5.360493154922553,8.299507191628937e-08,0.022042968987945284,0.04155910192584573,0.015248022893681826,0.04835404802010919,2.7902333764800065,307,True,1.0,0.03333333333333333,2.489852157488681e-07,True,3.0
LEVEL_PLUS_JUMP,act,freight,physical_channel,b,2,-0.0001694682017425761,-0.0004633570594174181,0.00023363014092055726,-0.7253695994653423,0.46822531807365675,-0.0005537555864009383,0.00021481918291578605,-0.0008219835997825322,0.00048304719629738006,2.792941850177778,307,True,1.0,0.1,0.46822531807365675,False,1.0
LEVEL_PLUS_JUMP,act,oil,asset_price,b,6,0.0022552058797826098,0.0061661453540662135,0.0013820576757665052,1.6317740708844488,0.10272708950007452,-1.807670085804793e-05,0.004528488460423268,-0.0016800617430503665,0.0061904735026155865,2.847397537624782,303,True,3.0,0.05,0.20545417900014903,False,4.0
LEVEL_PLUS_JUMP,act,dxy,asset_price,b,6,-0.00048584318316996424,-0.001328384123846375,0.0001683737246281694,-2.885504755821511,0.003907865574142847,-0.0007627933148079371,-0.00020889305153199138,-0.0009602321962703075,-1.1454170069620973e-05,2.8174765044128307,303,True,2.0,0.03333333333333333,0.01172359672242854,True,4.0
LEVEL_PLUS_JUMP,act,vix,asset_price,b,6,-0.079548411922508,-0.21749990765659072,0.08419845094359339,-0.9447728673274456,0.34477484674838277,-0.2180425393407732,0.058945715495757195,-0.2857464707243144,0.12664964687929842,2.4489531160133047,303,True,4.0,0.1,0.34477484674838277,False,4.0
LEVEL_PLUS_JUMP,act,us10y,asset_price,b,6,-0.009630552915229176,-0.026331693105133915,0.0022898434946568022,-4.2057690570126,2.6019583080380317e-05,-0.01339701029256665,-0.005864095537891701,-0.016000856033363882,-0.003260249797094471,2.781981883477794,303,True,1.0,0.025,0.00010407833232152127,True,4.0
LEVEL_PLUS_JUMP,act,ip,real_macro,b,6,0.008309309828823738,0.022719172850612264,0.012594819670873485,0.6597402778254676,0.5094205145163844,-0.012407324987612262,0.02902594464525974,-0.027343025323660744,0.04396164498130822,2.830714220937464,303,True,3.0,0.1,0.6319388212511035,False,3.0
LEVEL_PLUS_JUMP,act,cpi,real_macro,b,6,0.0035823663033899256,0.009794844690782931,0.0028617941921700446,1.2517903325093704,0.21064627375036782,-0.0011248662531896307,0.008289598859969481,-0.00450716982877747,0.011671902435557322,2.826735812903881,303,True,1.0,0.03333333333333333,0.6319388212511035,False,3.0
LEVEL_PLUS_JUMP,act,infl_exp,real_macro,b,6,0.0039415972882837,0.010777047907082143,0.0034967585810310713,1.1272145894388457,0.25965176352520847,-0.0018100587462989417,0.00969325332286634,-0.005815175214002062,0.013698369790569462,2.7902333764800065,303,True,2.0,0.05,0.6319388212511035,False,3.0
LEVEL_PLUS_JUMP,act,freight,physical_channel,b,6,-0.00024414838356270213,-0.000667546335571389,0.0002166434050206824,-1.1269596853843482,0.25975952639444366,-0.0006004950740660883,0.00011219830694068406,-0.0008492208160099805,0.0003609240488845763,2.792941850177778,303,True,1.0,0.1,0.25975952639444366,False,1.0
LEVEL_PLUS_JUMP,threat,oil,asset_price,a,1,-0.008239218589063376,-0.00838599063038837,0.013194046704003174,-0.6244648646395601,0.5323223378981878,-0.029941494164310113,0.013463056986183363,-0.04498628263332595,0.0285078454551992,2.785124599650935,308,True,2.0,0.03333333333333333,1.0,False,4.0
LEVEL_PLUS_JUMP,threat,dxy,asset_price,a,1,0.00045914374239232455,0.0004673228510789141,0.0013942334394331092,0.3293162603953976,0.7419166549383754,-0.0018341661872762509,0.0027524536720609,-0.0034280394584854466,0.004346326943270096,2.7880433010258936,308,True,3.0,0.05,1.0,False,4.0
LEVEL_PLUS_JUMP,threat,vix,asset_price,a,1,-0.07282132587806611,-0.07411855261572102,0.4690345971135821,-0.1552578985136817,0.8766180051928809,-0.8443145841060641,0.6986719323499319,-1.3431198700458196,1.1974772182896873,2.708325893196608,308,True,4.0,0.1,1.0,False,4.0
LEVEL_PLUS_JUMP,threat,us10y,asset_price,a,1,0.015764588278725844,0.0160454159782589,0.021351039748146058,0.7383522519129171,0.46030042190443476,-0.01935474689019725,0.050883923447648936,-0.0431977136491356,0.0747268902065873,2.7615658358268584,308,True,1.0,0.025,1.0,False,4.0
LEVEL_PLUS_JUMP,threat,ip,real_macro,a,1,0.037269670995033546,0.037933586587552595,0.12295376470654702,0.3031193968235526,0.7617988725946985,-0.16497127482986823,0.23951061681993535,-0.30768813866600975,0.3822274806560768,2.8055896497708055,308,True,3.0,0.1,0.9688793585948784,False,3.0
LEVEL_PLUS_JUMP,threat,cpi,real_macro,a,1,-0.01972382534961102,-0.020075182226237977,0.02381909041295919,-0.8280679491807937,0.4076320195109697,-0.05890274260605198,0.01945509190682994,-0.08629131416382041,0.04684366346459837,2.7947116224888333,308,True,2.0,0.05,0.9688793585948784,False,3.0
LEVEL_PLUS_JUMP,threat,infl_exp,real_macro,a,1,-0.024625609604186256,-0.02506428603343847,0.024914773588165674,-0.9883938747042531,0.3229597861982928,-0.06560676530535531,0.016355546096982795,-0.09354823539018567,0.04429701618181316,2.766335625812676,308,True,1.0,0.03333333333333333,0.9688793585948784,False,3.0
LEVEL_PLUS_JUMP,threat,freight,physical_channel,a,1,0.0038196141846751144,0.0038876561433752775,0.0038196848856547052,0.9999814903632872,0.3173194655262268,-0.0024632083533057472,0.010102436722655976,-0.006754615886114165,0.014393844255464394,2.7683514183335114,308,True,1.0,0.1,0.3173194655262268,False,1.0
LEVEL_PLUS_JUMP,threat,oil,asset_price,a,2,0.003914621866483637,0.00398435627589983,0.00880518223515089,0.4445815841103434,0.6566221584985313,-0.010568614068972975,0.018397857801940247,-0.02060890778104451,0.02843815151401178,2.785124599650935,307,True,3.0,0.05,1.0,False,4.0
LEVEL_PLUS_JUMP,threat,dxy,asset_price,a,2,0.00010140741309707052,0.00010321386753991059,0.0011621187361274196,0.08726080214057558,0.930464210489665,-0.0018101078049703764,0.0020129226311645177,-0.00313862994415966,0.003341444770353801,2.7880433010258936,307,True,4.0,0.1,1.0,False,4.0
LEVEL_PLUS_JUMP,threat,vix,asset_price,a,2,-0.4038081955536762,-0.41100156620218,0.3507099700912586,-1.1514020985733622,0.24956685088898822,-0.9806747618663252,0.1730583707589728,-1.3536450885540399,0.5460286974466875,2.708325893196608,307,True,1.0,0.025,0.9982674035559529,False,4.0
LEVEL_PLUS_JUMP,threat,us10y,asset_price,a,2,0.009328328885663291,0.009494502152933695,0.016914055862642517,0.5515134253675043,0.5812817660170928,-0.018492817246464066,0.037149475017790645,-0.03738094992987727,0.05603760770120385,2.7615658358268584,307,True,2.0,0.03333333333333333,1.0,False,4.0
LEVEL_PLUS_JUMP,threat,ip,real_macro,a,2,-0.13254091400212964,-0.13490197534513068,0.13905300248264993,-0.9531683001139596,0.3405048049630742,-0.36126274947420844,0.09618092146994917,-0.5226665785370064,0.2575847505327471,2.8055896497708055,307,True,1.0,0.03333333333333333,1.0,False,3.0
LEVEL_PLUS_JUMP,threat,cpi,real_macro,a,2,-0.0014911050827422106,-0.001517667375568699,0.028187834275938548,-0.05289888780192789,0.9578124705628356,-0.047855966527426755,0.04487375636194234,-0.08026797314649678,0.07728576298101236,2.7947116224888333,307,True,3.0,0.1,1.0,False,3.0
LEVEL_PLUS_JUMP,threat,infl_exp,real_macro,a,2,0.04188767286317957,0.04263385275706454,0.048663295235747035,0.8607652371311215,0.3893673546837324,-0.03815632480474923,0.12193167053110837,-0.09273133441690773,0.17650668014326687,2.766335625812676,307,True,2.0,0.05,1.0,False,3.0
LEVEL_PLUS_JUMP,threat,freight,physical_channel,a,2,0.0034609090319567977,0.0035225610779572123,0.003264028134905895,1.0603183823526015,0.28899977913552877,-0.0019079394842148128,0.008829757548128408,-0.005575067884790423,0.012496885948704019,2.7683514183335114,307,True,1.0,0.1,0.28899977913552877,False,1.0
LEVEL_PLUS_JUMP,threat,oil,asset_price,a,6,0.006023688941643469,0.006130993913919039,0.008120627004847456,0.7417763355031257,0.4582228606790898,-0.0073335538403999385,0.01938093172368688,-0.01659326909414687,0.028640646977433806,2.785124599650935,303,True,1.0,0.025,1.0,False,4.0
LEVEL_PLUS_JUMP,threat,dxy,asset_price,a,6,-0.0006836579966088415,-0.000695836564108389,0.0015413214499083697,-0.4435531580057388,0.6573656784170396,-0.0032189061737887253,0.001851590180571042,-0.004980928939753389,0.003613612946535706,2.7880433010258936,303,True,3.0,0.05,1.0,False,4.0
LEVEL_PLUS_JUMP,threat,vix,asset_price,a,6,0.14553750371042148,0.14813008409629405,0.3894643966470257,0.37368628548175903,0.7086377299456508,-0.4950744216829055,0.7861494291037485,-0.9092590062069125,1.2003340136277554,2.708325893196608,303,True,4.0,0.1,1.0,False,4.0
LEVEL_PLUS_JUMP,threat,us10y,asset_price,a,6,0.016821332288484935,0.017120984646423847,0.025310997087505466,0.6645859201172531,0.5063153772652362,-0.02481155307265658,0.05845421764962645,-0.05307665253908328,0.08671931711605316,2.7615658358268584,303,True,2.0,0.03333333333333333,1.0,False,4.0
LEVEL_PLUS_JUMP,threat,ip,real_macro,a,6,-0.0034704910145557004,-0.003532313752367575,0.038731088437758306,-0.08960478918977076,0.928601278496241,-0.06717746230718068,0.06023648027806928,-0.11213403185988811,0.10519304983077672,2.8055896497708055,303,True,3.0,0.1,1.0,False,3.0
LEVEL_PLUS_JUMP,threat,cpi,real_macro,a,6,0.009240472268477521,0.009405080472883178,0.01560387952697779,0.5921906954293978,0.5537228993787349,-0.01642562556598572,0.034906570102940765,-0.034367871201482866,0.052848815738437915,2.7947116224888333,303,True,1.0,0.03333333333333333,1.0,False,3.0
LEVEL_PLUS_JUMP,threat,infl_exp,real_macro,a,6,0.0067319136109714305,0.006851834777284134,0.016911700183622577,0.39806249743539496,0.6905841176935845,-0.021085357773976042,0.034549184995918907,-0.04005152510004648,0.05351535232198935,2.766335625812676,303,True,2.0,0.05,1.0,False,3.0
LEVEL_PLUS_JUMP,threat,freight,physical_channel,a,6,0.0014247147461947931,0.001450094372835892,0.001292638137722022,1.1021760109178937,0.2703851589921198,-0.0007014857829730713,0.0035509152753626576,-0.002153761875759955,0.005003191368149541,2.7683514183335114,303,True,1.0,0.1,0.2703851589921198,False,1.0
LEVEL_PLUS_JUMP,threat,oil,asset_price,b,1,-0.006422701666597853,-0.006537114583822709,0.012243644982312714,-0.5245743139298917,0.5998791467057112,-0.026561705522861113,0.013716302189665408,-0.04061550499619471,0.027770101662998998,2.7926980387778393,308,True,2.0,0.03333333333333333,1.0,False,4.0
LEVEL_PLUS_JUMP,threat,dxy,asset_price,b,1,0.0005409780712707338,0.0005506149628004546,0.0013599926983107594,0.39778012921884076,0.690792265807086,-0.0016960108511732382,0.0027779669937147058,-0.0032756405728619833,0.004357596715403451,2.8063523053273163,308,True,3.0,0.05,1.0,False,4.0
LEVEL_PLUS_JUMP,threat,vix,asset_price,b,1,-0.08753134817865083,-0.08909061675651846,0.5256766944987743,-0.16651175350680286,0.8677542343306266,-0.9521925657288207,0.7771298693715191,-1.5096934758991603,1.3346307795418586,2.705393148685281,308,True,4.0,0.1,1.0,False,4.0
LEVEL_PLUS_JUMP,threat,us10y,asset_price,b,1,0.021466111486986274,0.021848505153108565,0.024326349151988384,0.8824222390654818,0.37754851377109744,-0.01854717214614969,0.06147939512012224,-0.04592880782683564,0.08886103080080818,2.770449395951106,308,True,1.0,0.025,1.0,False,4.0
LEVEL_PLUS_JUMP,threat,ip,real_macro,b,1,0.07096233578427481,0.07222644678796547,0.14319132048010835,0.495577075107235,0.6201928304139561,-0.16456642705540203,0.30649109862395163,-0.33226769673970774,0.47419236830825734,2.816022864877469,308,True,2.0,0.05,1.0,False,3.0
LEVEL_PLUS_JUMP,threat,cpi,real_macro,b,1,-0.011111756265286168,-0.011309699205157514,0.025835026326756303,-0.4301043136069177,0.6671197623377529,-0.05360659302123804,0.0313830804906657,-0.08360051790287885,0.06137700537230652,2.8058326986305016,308,True,3.0,0.1,1.0,False,3.0
LEVEL_PLUS_JUMP,threat,infl_exp,real_macro,b,1,-0.02329486719687897,-0.02370983800678307,0.02335294741907933,-0.9975129382532284,0.318515596831092,-0.06170704745915862,0.015117313065400685,-0.08829338908484609,0.04170365469108815,2.783311276368627,308,True,1.0,0.03333333333333333,0.955546790493276,False,3.0
LEVEL_PLUS_JUMP,threat,freight,physical_channel,b,1,0.004137442537528968,0.004211146236554997,0.003943478087751445,1.0491861360609513,0.2940924582065517,-0.002349001697912652,0.01062388677297059,-0.006878349881865969,0.015153234956923906,2.793420471540162,308,True,1.0,0.1,0.2940924582065517,False,1.0
LEVEL_PLUS_JUMP,threat,oil,asset_price,b,2,0.001234849388017108,0.0012568467853975788,0.009213626446684189,0.13402425148910904,0.8933833975233039,-0.013920217490187386,0.0163899162662216,-0.02449602711966946,0.026965725895703674,2.7926980387778393,307,True,4.0,0.1,1.0,False,4.0
LEVEL_PLUS_JUMP,threat,dxy,asset_price,b,2,-0.0004483766381759857,-0.00045636394349579863,0.001085003307859573,-0.4132490978857154,0.6794241194935213,-0.002233048264363149,0.0013362949880111779,-0.0034932781724754626,0.0025965248961234907,2.8063523053273163,307,True,3.0,0.05,1.0,False,4.0
LEVEL_PLUS_JUMP,threat,vix,asset_price,b,2,-0.5029971639660202,-0.5119574700603349,0.420307309599599,-1.1967366554847565,0.2314092149867174,-1.194341166595136,0.18834683866309554,-1.6400936796991186,0.6340993517670781,2.705393148685281,307,True,1.0,0.025,0.9256368599468696,False,4.0
LEVEL_PLUS_JUMP,threat,us10y,asset_price,b,2,0.010735548759942334,0.010926790003175311,0.018382889228741976,0.5839968149923415,0.5592224548877389,-0.019501613261801054,0.040972710781685726,-0.04019331559966196,0.06166441311954663,2.770449395951106,307,True,2.0,0.03333333333333333,1.0,False,4.0
LEVEL_PLUS_JUMP,threat,ip,real_macro,b,2,-0.12455953704038401,-0.12677841948904006,0.13112522031512253,-0.949928143045558,0.34214876568327646,-0.34024133126052414,0.09112225717975612,-0.49381115560986466,0.2446920815290966,2.816022864877469,307,True,1.0,0.03333333333333333,1.0,False,3.0
LEVEL_PLUS_JUMP,threat,cpi,real_macro,b,2,-0.002715902886589754,-0.0027642835195825894,0.02764910403803442,-0.09822751879604226,0.9217516312850935,-0.04819463194550926,0.04276282617232976,-0.08029466308434337,0.07486285731116386,2.8058326986305016,307,True,3.0,0.1,1.0,False,3.0
LEVEL_PLUS_JUMP,threat,infl_exp,real_macro,b,2,0.04181037024939922,0.04255517308764455,0.05219483347194598,0.8010442311665145,0.4231060400182589,-0.044042490895059225,0.12766323139385766,-0.10346409832125068,0.18708483882004912,2.783311276368627,307,True,2.0,0.05,1.0,False,3.0
LEVEL_PLUS_JUMP,threat,freight,physical_channel,b,2,0.003578693707647581,0.0036424439498666137,0.003231047171503739,1.1075956238614884,0.2680364942235507,-0.0017359059512516394,0.008893293366546802,-0.0054469796057429005,0.012604367021038062,2.793420471540162,307,True,1.0,0.1,0.2680364942235507,False,1.0
LEVEL_PLUS_JUMP,threat,oil,asset_price,b,6,0.012043992945972016,0.012258542591824425,0.00965890327942415,1.246931726879251,0.21242253227057117,-0.0038434891455622656,0.027931475037506297,-0.014930407299220648,0.03901839319116468,2.7926980387778393,303,True,1.0,0.025,0.8496901290822847,False,4.0
LEVEL_PLUS_JUMP,threat,dxy,asset_price,b,6,-0.000443955340114421,-0.00045186388518108766,0.001345707872153297,-0.32990469127897587,0.74147197864967,-0.0026574478144429196,0.0017695371342140778,-0.004220485729428944,0.0033325750492001014,2.8063523053273163,303,True,4.0,0.1,1.0,False,4.0
LEVEL_PLUS_JUMP,threat,vix,asset_price,b,6,0.1519675572697609,0.15467468153822764,0.401823150220361,0.37819512685225193,0.7052856453123231,-0.5089727087632663,0.812907823302788,-0.9351220403195402,1.239057154859062,2.705393148685281,303,True,3.0,0.05,1.0,False,4.0
LEVEL_PLUS_JUMP,threat,us10y,asset_price,b,6,0.013937788983505115,0.014186074390495223,0.028445370088500593,0.4899844487922358,0.6241449032960744,-0.032850681176542,0.06072625914355224,-0.064868669395787,0.09274424736279724,2.770449395951106,303,True,2.0,0.03333333333333333,1.0,False,4.0
LEVEL_PLUS_JUMP,threat,ip,real_macro,b,6,-0.011596538042394182,-0.011803116802550443,0.042303370277332435,-0.27412799420872613,0.7839862612729787,-0.08117939007533553,0.05798631399054718,-0.13072379600474024,0.10753071991995186,2.816022864877469,303,True,2.0,0.05,1.0,False,3.0
LEVEL_PLUS_JUMP,threat,cpi,real_macro,b,6,0.004024616295269573,0.004096310126768428,0.017063754780441354,0.23585760268206785,0.8135431683059986,-0.02404276264474991,0.03209199523528906,-0.043853424829105314,0.05190265741964446,2.8058326986305016,303,True,3.0,0.1,1.0,False,3.0
LEVEL_PLUS_JUMP,threat,infl_exp,real_macro,b,6,0.008826067722703789,0.00898329379487687,0.018868142763761725,0.4677761787797785,0.6399446573703472,-0.02220926533610786,0.03986140078151544,-0.04368984679580733,0.06134198224121491,2.783311276368627,303,True,1.0,0.03333333333333333,1.0,False,3.0
LEVEL_PLUS_JUMP,threat,freight,physical_channel,b,6,0.000865240045908846,0.0008806532852107795,0.0014460083780723821,0.5983644763263848,0.5495967634551786,-0.0015132320793657273,0.003243712171183419,-0.003174069359417132,0.004904549451234824,2.793420471540162,303,True,1.0,0.1,0.5495967634551786,False,1.0
