measure,channel,outcome,family,battery,horizon,beta,beta_std,se,tstat,pvalue,ci_low,ci_high,ci_low_supt,ci_high_supt,supt_c,nobs,converged,rank,threshold,pvalue_adj,reject,family_size
LEVEL,pooled,oil,asset_price,a,1,-0.05202607830086983,-0.018330088085203037,0.05340229177234919,-0.9742293181471299,0.32994269064727555,-0.13986503161013916,0.0358128750083995,-0.2032440960654306,0.09919193946369093,2.831676558174586,302,True,1.0,0.025,1.0,False,4.0
LEVEL,pooled,dxy,asset_price,a,1,0.0018136027593705212,0.0006389775938632134,0.004453065311614421,0.4072706399882141,0.6838092241250266,-0.005511037869490246,0.009138243388231288,-0.010798302015620351,0.014425507534361393,2.832184998970638,302,True,4.0,0.1,1.0,False,4.0
LEVEL,pooled,vix,asset_price,a,1,-0.9086651949428755,-0.32014546564396,1.7111170007780312,-0.5310362731068142,0.5953936433137701,-3.7232021998109452,1.9058718099251941,-5.582888015569603,3.7655576256838525,2.7316792589293404,302,True,3.0,0.05,1.0,False,4.0
LEVEL,pooled,us10y,asset_price,a,1,0.04120103183281277,0.014516153578388894,0.07580102988226553,0.5435418476082235,0.5867567862570101,-0.0834805670956886,0.16588263076131415,-0.17165036908322742,0.254052432748853,2.808027822928552,302,True,2.0,0.03333333333333333,1.0,False,4.0
LEVEL,pooled,ip,real_macro,a,1,0.0542992939377555,0.019130998786559484,0.5435576724480747,0.09989610429598458,0.92042680920304,-0.8397735150457606,0.9483721029212715,-1.485194884913313,1.593793472788824,2.8322554475544344,302,True,3.0,0.1,1.0,False,3.0
LEVEL,pooled,cpi,real_macro,a,1,0.054532976019226576,0.019213330826128704,0.09883589450280972,0.5517527442186129,0.5811177677463633,-0.10803760352671307,0.21710355556516622,-0.22243735567463707,0.3315033077130902,2.802325340273921,302,True,1.0,0.03333333333333333,1.0,False,3.0
LEVEL,pooled,infl_exp,real_macro,a,1,-0.06821751595441755,-0.024034736371380715,0.13148421746535485,-0.5188266490797071,0.6038816324677709,-0.28448980793918255,0.14805477603034747,-0.4387656027040903,0.3023305707952552,2.8181944106509174,302,True,2.0,0.05,1.0,False,3.0
LEVEL,pooled,freight,physical_channel,a,1,0.007091758388522614,0.0024986037807586143,0.011690595170548903,0.6066208165678564,0.5441025822864276,-0.012137559478976115,0.026321076256021342,-0.02604810694696763,0.04023162372401286,2.834745780862947,302,True,1.0,0.1,0.5441025822864276,False,1.0
LEVEL,pooled,oil,asset_price,a,2,0.0007996754409487654,0.0002817456504677459,0.033344811994419354,0.023982004789308765,0.980866962677279,-0.05404765950808686,0.05564701038998439,-0.09362204702038729,0.09522139790228482,2.831676558174586,301,True,4.0,0.1,1.0,False,4.0
LEVEL,pooled,dxy,asset_price,a,2,0.0036823748688375782,0.0012973927290499288,0.004056903364114653,0.9076811889112353,0.3640466853224331,-0.002990637343818038,0.010355387081493195,-0.007807525981281458,0.015172275718956615,2.832184998970638,301,True,2.0,0.03333333333333333,1.0,False,4.0
LEVEL,pooled,vix,asset_price,a,2,-1.941206206071668,-0.6839354783395535,1.4026039830284118,-1.3840016352159081,0.16635795403762432,-4.2482844547325325,0.3658720425891966,-5.772670415002061,1.890258002858725,2.7316792589293404,301,True,1.0,0.025,0.6654318161504973,False,4.0
LEVEL,pooled,us10y,asset_price,a,2,0.029934737025480513,0.010546756250033797,0.05332706187209721,0.561342327414883,0.5745641917891491,-0.057780474109504154,0.11764994816046517,-0.1198091364264008,0.17967861047736183,2.808027822928552,301,True,3.0,0.05,1.0,False,4.0
LEVEL,pooled,ip,real_macro,a,2,-0.6160393403748037,-0.21704606116413225,0.5734140661575544,-1.0743359410467224,0.2826721419881708,-1.5592215468390485,0.3271428660894411,-2.240094452953876,1.0080157722042686,2.8322554475544344,301,True,2.0,0.05,0.6859169441516818,False,3.0
LEVEL,pooled,cpi,real_macro,a,2,-0.10842805313598945,-0.0382019139208602,0.09006608331837108,-1.2038721918517468,0.22863898138389394,-0.25657357694752564,0.03971747067554672,-0.3608225207182831,0.14396641444630415,2.802325340273921,301,True,1.0,0.03333333333333333,0.6859169441516818,False,3.0
LEVEL,pooled,infl_exp,real_macro,a,2,0.09726788788970725,0.03426990869019967,0.19186227228549582,0.506967246509883,0.6121778003560454,-0.2183174665542415,0.412853242333656,-0.44343729548006144,0.637973071259476,2.8181944106509174,301,True,3.0,0.1,0.6859169441516818,False,3.0
LEVEL,pooled,freight,physical_channel,a,2,0.009790088999040467,0.0034492931155910072,0.00872205239536914,1.122452440693705,0.26167011820208796,-0.004556410517943237,0.024136588516024172,-0.01493471222919776,0.034514890227278695,2.834745780862947,301,True,1.0,0.1,0.26167011820208796,False,1.0
LEVEL,pooled,oil,asset_price,a,6,-0.005615655443450409,-0.001978535809278458,0.03266659108937496,-0.17190821742269094,0.8635096861952338,-0.05934741627694945,0.04811610539004864,-0.0981168756667083,0.08688556477980748,2.831676558174586,297,True,3.0,0.05,1.0,False,4.0
LEVEL,pooled,dxy,asset_price,a,6,-0.004851603567872615,-0.0017093412315128031,0.00514729150812283,-0.9425546542713586,0.3459087432358504,-0.013318144673984966,0.003614937538239736,-0.019429685362507047,0.009726478226761818,2.832184998970638,297,True,1.0,0.025,1.0,False,4.0
LEVEL,pooled,vix,asset_price,a,6,-0.367344612166297,-0.1294246908193423,1.4474153106612964,-0.2537935100316607,0.7996550875736784,-2.7481309356126222,2.0134417112800285,-4.321218995356528,3.586529771023934,2.7316792589293404,297,True,2.0,0.03333333333333333,1.0,False,4.0
LEVEL,pooled,us10y,asset_price,a,6,-0.0005571833860597161,-0.00019630963700593843,0.07911352809402142,-0.0070428332484115605,0.9943806785412841,-0.13068735701243805,0.1295729902403186,-0.22271017144411154,0.22159580467199208,2.808027822928552,297,True,4.0,0.1,1.0,False,4.0
LEVEL,pooled,ip,real_macro,a,6,0.17791191620235922,0.06268281603962415,0.24834301187370053,0.7163959028283012,0.47374692411553887,-0.23057598760614964,0.5863998200108681,-0.5254589320390046,0.8812827644437231,2.8322554475544344,297,True,1.0,0.03333333333333333,1.0,False,3.0
LEVEL,pooled,cpi,real_macro,a,6,0.042861747251322135,0.015101265139742588,0.06906189987815375,0.6206279776105685,0.5348444271261334,-0.0707349692474185,0.15645846375006278,-0.15067216482468856,0.23639565932733284,2.802325340273921,297,True,3.0,0.1,1.0,False,3.0
LEVEL,pooled,infl_exp,real_macro,a,6,0.04428753006857486,0.015603604072142466,0.07103148212245577,0.6234915666299166,0.5329615424598422,-0.07254886092828518,0.16112392106543488,-0.15589299582918056,0.24446805596633028,2.8181944106509174,297,True,2.0,0.05,1.0,False,3.0
LEVEL,pooled,freight,physical_channel,a,6,0.0026156601820712167,0.0009215624760538988,0.005570950727288634,0.4695177376562889,0.6386996092485768,-0.006547738327277435,0.011779058691419868,-0.013176568887505605,0.01840788925164804,2.834745780862947,297,True,1.0,0.1,0.6386996092485768,False,1.0
LEVEL,pooled,oil,asset_price,b,1,-0.04783875395325085,-0.016854789030577043,0.05366301231887427,-0.8914660561540091,0.3726791938077152,-0.13610655439909272,0.04042904649259102,-0.19835236172849963,0.10267485382199792,2.8047923750696784,302,True,1.0,0.025,1.0,False,4.0
LEVEL,pooled,dxy,asset_price,b,1,0.0020130544614714693,0.0007092494149893683,0.004332305746060975,0.46466121725175596,0.6421740856936862,-0.005112954357999629,0.009139063280942567,-0.010215684178115862,0.0142417931010588,2.822685968252809,302,True,4.0,0.1,1.0,False,4.0
LEVEL,pooled,vix,asset_price,b,1,-1.0972870694732904,-0.3866016677613665,1.9459234970564943,-0.5638901380928408,0.5728289020734798,-4.298046391376758,2.1034722524301768,-6.428740382440878,4.234166243494297,2.739806226211988,302,True,3.0,0.05,1.0,False,4.0
LEVEL,pooled,us10y,asset_price,b,1,0.06865929076739849,0.024190384682770533,0.09088270838116953,0.7554714421519635,0.44996616111728305,-0.08082946174054118,0.21814804327533815,-0.18810931394507238,0.3254278954798694,2.82527456857428,302,True,2.0,0.03333333333333333,1.0,False,4.0
LEVEL,pooled,ip,real_macro,b,1,0.09712459178040415,0.034219421888357665,0.5986479338814099,0.16223991812797972,0.8711169260689028,-0.8875636335314381,1.0818128170922463,-1.5952688825715369,1.7895180661323453,2.827026334792627,302,True,3.0,0.1,1.0,False,3.0
LEVEL,pooled,cpi,real_macro,b,1,0.09642406444804155,0.03397260859533873,0.09941398805401146,0.9699245180231028,0.33208411789625314,-0.06709739437230952,0.2599455232683926,-0.18427135463656089,0.377119483532644,2.8235002395447717,302,True,1.0,0.03333333333333333,0.9962523536887594,False,3.0
LEVEL,pooled,infl_exp,real_macro,b,1,-0.05213540484645326,-0.018368606560476265,0.12916161132997253,-0.40364473863105954,0.6864739818095462,-0.26458734970545494,0.16031654001254841,-0.4168288006706077,0.3125579909777012,2.8235432499557684,302,True,2.0,0.05,1.0,False,3.0
LEVEL,pooled,freight,physical_channel,b,1,0.009241019734390584,0.0032558422864182508,0.011813680998315493,0.7822303425755492,0.4340792154396459,-0.010190756303336343,0.02867279577211751,-0.024176398031101526,0.0426584374998827,2.828704937119691,302,True,1.0,0.1,0.4340792154396459,False,1.0
LEVEL,pooled,oil,asset_price,b,2,-0.006574931408724376,-0.0023165127146258673,0.035079294576522646,-0.18743054807962842,0.8513230730839911,-0.06427523632381676,0.051125373506368005,-0.10496506935977822,0.09181520654232946,2.8047923750696784,301,True,4.0,0.1,1.0,False,4.0
LEVEL,pooled,dxy,asset_price,b,2,0.0016366750528343653,0.0005766415394951395,0.0041485171799285426,0.3945204953598762,0.6931967985885479,-0.005187028477041591,0.008460378582710322,-0.010073286180005645,0.013346636285674377,2.822685968252809,301,True,2.0,0.03333333333333333,1.0,False,4.0
LEVEL,pooled,vix,asset_price,b,2,-2.2132984326996405,-0.7798003723365008,1.670233910251564,-1.3251427953383381,0.1851237943465388,-4.960588737834265,0.5339918724349841,-6.789415699237271,2.3628188338379896,2.739806226211988,301,True,1.0,0.025,0.7404951773861552,False,4.0
LEVEL,pooled,us10y,asset_price,b,2,0.018943859779203872,0.006674395414130923,0.06149857494533463,0.3080373780375049,0.7580538907009167,-0.08221229427197672,0.12010001383038447,-0.15480650001740945,0.1926942195758172,2.82527456857428,301,True,3.0,0.05,1.0,False,4.0
LEVEL,pooled,ip,real_macro,b,2,-0.5946354508501727,-0.2095049357676812,0.5818515514884096,-1.0219710668968074,0.3067945945469315,-1.5516960856632245,0.36242518396287915,-2.239545109847855,1.0502742081475094,2.827026334792627,301,True,2.0,0.05,0.690594402725937,False,3.0
LEVEL,pooled,cpi,real_macro,b,2,-0.11329379144813721,-0.039916235176162745,0.09442340371502507,-1.1998486285250212,0.230198134241979,-0.2686064695178993,0.04201888662162488,-0.3798982944561432,0.15331071155986875,2.8235002395447717,301,True,1.0,0.03333333333333333,0.690594402725937,False,3.0
LEVEL,pooled,infl_exp,real_macro,b,2,0.09266111320362036,0.032646826794687195,0.20123957839750428,0.46045173589356675,0.6451920069458115,-0.23834853720969967,0.4236707636169404,-0.47554754000459754,0.6608697664118383,2.8235432499557684,301,True,3.0,0.1,0.690594402725937,False,3.0
LEVEL,pooled,freight,physical_channel,b,2,0.009353295710755653,0.0032953999198943357,0.008474329256615985,1.1037210648209652,0.26971415505282414,-0.004585735502970123,0.02329232692448143,-0.01461808129621182,0.03332467271772313,2.828704937119691,301,True,1.0,0.1,0.26971415505282414,False,1.0
LEVEL,pooled,oil,asset_price,b,6,0.012887660342776499,0.004540644942121682,0.03530522155210032,0.36503553231518543,0.7150848827168995,-0.045184261377521004,0.070959582063074,-0.08613615586670016,0.11191147655225316,2.8047923750696784,297,True,2.0,0.03333333333333333,1.0,False,4.0
LEVEL,pooled,dxy,asset_price,b,6,-0.004052067630259251,-0.001427644731557831,0.004599116689373746,-0.881053450898854,0.37828889031050084,-0.011616941397548704,0.0035128061370302017,-0.017033929775711835,0.008929794515193334,2.822685968252809,297,True,1.0,0.025,1.0,False,4.0
LEVEL,pooled,vix,asset_price,b,6,-0.3711185430803519,-0.13075434103210762,1.4934314150620722,-0.24850056007756266,0.8037471367872343,-2.827594622748471,2.0853575365877672,-4.462831232487997,3.720594146327293,2.739806226211988,297,True,3.0,0.05,1.0,False,4.0
LEVEL,pooled,us10y,asset_price,b,6,0.005969035779529789,0.0021030405365126343,0.09220615976119548,0.06473575946540862,0.9483843905879408,-0.1456966005309395,0.15763467208999907,-0.25453868245967287,0.26647675401873244,2.82527456857428,297,True,4.0,0.1,1.0,False,4.0
LEVEL,pooled,ip,real_macro,b,6,0.2366166937964659,0.08336597685945936,0.25694447357513517,0.9208864876686089,0.3571096939777577,-0.18601935548873186,0.6592527430816637,-0.48977209957986945,0.9630054871728012,2.827026334792627,297,True,1.0,0.03333333333333333,1.0,False,3.0
LEVEL,pooled,cpi,real_macro,b,6,0.04842045724458771,0.017059737643232303,0.07049192862675442,0.6868936371562158,0.4921497568636112,-0.06752844722793361,0.16436936171710903,-0.15061352011902635,0.24745443460820177,2.8235002395447717,297,True,3.0,0.1,1.0,False,3.0
LEVEL,pooled,infl_exp,real_macro,b,6,0.06646283880492139,0.02341651974307068,0.07585606317523727,0.876170420964026,0.3809373940906847,-0.05830928183512764,0.19123495944497043,-0.14772003634173814,0.28064571395158094,2.8235432499557684,297,True,2.0,0.05,1.0,False,3.0
LEVEL,pooled,freight,physical_channel,b,6,0.0031327510891835902,0.001103746530377841,0.006103577402655377,0.5132647433652072,0.6077661427613057,-0.006906740338953152,0.013172242517320333,-0.014132468443799853,0.020397970622167035,2.828704937119691,297,True,1.0,0.1,0.6077661427613057,False,1.0
LEVEL,pooled,oil,asset_price,c,1,-0.04438215416731331,-0.015636942507817518,0.053103075539823213,-0.8357737045574717,0.40328222217040244,-0.13172894057126955,0.042964632236642916,-0.19514326245400146,0.10637895411937484,2.839027810613887,302,True,1.0,0.025,1.0,False,4.0
LEVEL,pooled,dxy,asset_price,c,1,0.0013767265496650604,0.00048505518287693606,0.004106166852985023,0.3352826611671257,0.7374118719353812,-0.005377316891335268,0.00813076999066539,-0.010299373237703774,0.013052826337033894,2.843552199755537,302,True,4.0,0.1,1.0,False,4.0
LEVEL,pooled,vix,asset_price,c,1,-1.4255868675349082,-0.5022698944153676,1.9341881390351512,-0.7370466392406101,0.4610939873941313,-4.607043243233395,1.7558695081635787,-6.7318462176530245,3.8806724825832086,2.743403934203157,302,True,2.0,0.03333333333333333,1.0,False,4.0
LEVEL,pooled,us10y,asset_price,c,1,0.06052819891787162,0.021325597739407703,0.0968840076679602,0.6247491239763037,0.5321357264429746,-0.09883181248836695,0.21988821032411018,-0.2126189226848906,0.33367532052063387,2.819321043560554,302,True,3.0,0.05,1.0,False,4.0
LEVEL,pooled,ip,real_macro,c,1,0.08242473222223132,0.02904029385600477,0.5364324807500442,0.15365350753366833,0.8778829449439473,-0.7999281793540547,0.9647776437985174,-1.4326631630334878,1.5975126274779505,2.824377623698906,302,True,3.0,0.1,1.0,False,3.0
LEVEL,pooled,cpi,real_macro,c,1,0.09812427239482935,0.03457163436175444,0.10426178658336759,0.9411336176976913,0.34663638970820765,-0.07337110541926317,0.26961965020892187,-0.19605715973919696,0.39230570452885566,2.8215652328075085,302,True,1.0,0.03333333333333333,1.0,False,3.0
LEVEL,pooled,infl_exp,real_macro,c,1,-0.06271496882413637,-0.022096051448643635,0.1371067111176134,-0.4574172067356934,0.6473711990093296,-0.2882354398853305,0.1628055022370578,-0.4504068449111028,0.3249769072628301,2.8276652027222435,302,True,2.0,0.05,1.0,False,3.0
LEVEL,pooled,freight,physical_channel,c,1,0.008472193977970272,0.002984965751080365,0.01146398864878793,0.739026724251513,0.4598907698206116,-0.01038438933031906,0.027328777286259605,-0.02403080737288,0.04097519532882054,2.8352262329121167,302,True,1.0,0.1,0.4598907698206116,False,1.0
LEVEL,pooled,oil,asset_price,c,2,-0.0037299311600112583,-0.0013141479993814336,0.0339326299917238,-0.10992166421880627,0.9124715010923143,-0.05954414067390045,0.05208427835387793,-0.10006561139378599,0.09260574907376347,2.839027810613887,301,True,4.0,0.1,1.0,False,4.0
LEVEL,pooled,dxy,asset_price,c,2,0.0017998356968656783,0.0006341271135535329,0.0040841226866767995,0.440690898619939,0.6594367864314881,-0.004917948317229446,0.008517619710960803,-0.009813580352905629,0.013413251746636984,2.843552199755537,301,True,3.0,0.05,1.0,False,4.0
LEVEL,pooled,vix,asset_price,c,2,-2.4777152437698837,-0.8729610255400119,1.6282541643832817,-1.5217005415787432,0.12808413185956366,-5.155955011654563,0.2005245241147957,-6.9446741242216525,1.9892436366818855,2.743403934203157,301,True,1.0,0.025,0.5123365274382546,False,4.0
LEVEL,pooled,us10y,asset_price,c,2,0.02884998270188999,0.010164570181977101,0.06089483170877184,0.47376734432676293,0.6356658238399314,-0.0713131020968829,0.12901306750066288,-0.14283209777872896,0.20053206318250894,2.819321043560554,301,True,2.0,0.03333333333333333,1.0,False,4.0
LEVEL,pooled,ip,real_macro,c,2,-0.5102134120548416,-0.1797609408714721,0.5794833224136481,-0.8804626333847101,0.37860873913947124,-1.46337865668482,0.4429518325751368,-2.1468931411866476,1.1264663170769647,2.824377623698906,301,True,2.0,0.05,0.7572174782789425,False,3.0
LEVEL,pooled,cpi,real_macro,c,2,-0.1175642594121179,-0.04142082780549985,0.09316923459331627,-1.2618356255182939,0.20700793998699696,-0.2708140128532267,0.03568549402899093,-0.3804473325079057,0.1453188136836699,2.8215652328075085,301,True,1.0,0.03333333333333333,0.6210238199609909,False,3.0
LEVEL,pooled,infl_exp,real_macro,c,2,0.08197738288807369,0.028882681501436247,0.19886081837896769,0.4122349669297345,0.6801672100693669,-0.24511955548110928,0.4090743212572566,-0.4803344334270012,0.6442891992031485,2.8276652027222435,301,True,3.0,0.1,0.7572174782789425,False,3.0
LEVEL,pooled,freight,physical_channel,c,2,0.00847060265176833,0.002984405087074802,0.008333382226565543,1.0164663544131396,0.30940736163535965,-0.005236591328370939,0.022177796631907595,-0.015156421245873882,0.03209762654941054,2.8352262329121167,301,True,1.0,0.1,0.30940736163535965,False,1.0
LEVEL,pooled,oil,asset_price,c,6,0.009105712963975063,0.003208170328407159,0.035755733564027566,0.2546644148041186,0.798982303070729,-0.04970723507312617,0.0679186610010763,-0.09240580901319959,0.11061723494114972,2.839027810613887,297,True,3.0,0.05,1.0,False,4.0
LEVEL,pooled,dxy,asset_price,c,6,-0.004525610318636878,-0.0015944856596760018,0.004503023534553483,-1.0050159151756766,0.3148891864185104,-0.011932424911695013,0.0028812042744212566,-0.017330192795867387,0.008278972158593632,2.843552199755537,297,True,1.0,0.025,1.0,False,4.0
LEVEL,pooled,vix,asset_price,c,6,-0.7771387892116763,-0.2738054246237487,1.5334231636562887,-0.5067999542661592,0.612295188439653,-3.299395441603124,1.7451178631797712,-4.98393792918459,3.429660350761237,2.743403934203157,297,True,2.0,0.03333333333333333,1.0,False,4.0
LEVEL,pooled,us10y,asset_price,c,6,-0.017970883853832425,-0.006331591670329569,0.09110276088014004,-0.19725948676216234,0.8436244812823694,-0.16782159051282344,0.13187982280515861,-0.27481881472967645,0.2388770470220116,2.819321043560554,297,True,4.0,0.1,1.0,False,4.0
LEVEL,pooled,ip,real_macro,c,6,0.354983610355031,0.12506960084481944,0.3146272045670361,1.1282673754913535,0.25920701717922334,-0.16253208821466103,0.872499308924723,-0.533642426031044,1.243609646741106,2.824377623698906,297,True,1.0,0.03333333333333333,0.77762105153767,False,3.0
LEVEL,pooled,cpi,real_macro,c,6,0.045237581961123124,0.015938331106058308,0.0699720860238722,0.6465089799622314,0.5179497834064295,-0.06985625752060348,0.16033142144284973,-0.15219322323085085,0.2426683871530971,2.8215652328075085,297,True,3.0,0.1,0.8905009342223735,False,3.0
LEVEL,pooled,infl_exp,real_macro,c,6,0.060306338188104644,0.021247430657588506,0.07900147845648858,0.7633570835173596,0.44525046711118677,-0.06963953018557918,0.19025220656178848,-0.16308339340691907,0.2836960697831284,2.8276652027222435,297,True,2.0,0.05,0.8905009342223735,False,3.0
LEVEL,pooled,freight,physical_channel,c,6,0.0023732922508353477,0.0008361701944583122,0.006216719013217602,0.3817596140004721,0.7026396772923262,-0.007852300565793802,0.012598885067464498,-0.015252512578082727,0.019999097079753423,2.8352262329121167,297,True,1.0,0.1,0.7026396772923262,False,1.0
LEVEL,act,oil,asset_price,a,1,-0.038313738697049744,-0.01871565993101224,0.02265522266637371,-1.691165841151382,0.09080513301648449,-0.07557826386922775,-0.0010492135248717435,-0.10244421367280807,0.02581673627870857,2.8307148387000742,302,True,1.0,0.025,0.36322053206593796,False,4.0
LEVEL,act,dxy,asset_price,a,1,3.803902202499055e-05,1.8581465149023103e-05,0.003052439540088865,0.012461842904801033,0.9900571452979017,-0.004982777226540262,0.005058855270590243,-0.008600359889975083,0.008676437934025066,2.8299983664045274,302,True,4.0,0.1,1.0,False,4.0
LEVEL,act,vix,asset_price,a,1,-1.1439011537366441,-0.5587777574334222,0.9247047234184054,-1.2370447828015019,0.2160704574108664,-2.6649050719105665,0.37710276443727797,-3.6719700345075132,1.3841677270342247,2.733920154993068,302,True,2.0,0.03333333333333333,0.6482113722325992,False,4.0
LEVEL,act,us10y,asset_price,a,1,0.030049580595337102,0.014678748423347668,0.055780337100215766,0.5387127822721758,0.5900850524693907,-0.061700909196528556,0.12180007038720277,-0.1261625272528284,0.1862616884435026,2.8004869810577255,302,True,3.0,0.05,1.0,False,4.0
LEVEL,act,ip,real_macro,a,1,0.007016913455575258,0.0034276520764078534,0.2744136067181315,0.02557057406698786,0.9795998568853803,-0.4443533028395782,0.4583871297507287,-0.7735127764852512,0.7875466033964018,2.8443549110979784,302,True,2.0,0.05,1.0,False,3.0
LEVEL,act,cpi,real_macro,a,1,-0.00014289421322491447,-6.980158010611957e-05,0.06853949319372453,-0.0020848449057104764,0.9983365356431282,-0.11288032818233845,0.11259453975588862,-0.19233034483896916,0.19204455641251933,2.8040395642047278,302,True,3.0,0.1,1.0,False,3.0
LEVEL,act,infl_exp,real_macro,a,1,-0.1093428603072372,-0.053412270871701896,0.10155160788698535,-1.0767220980776844,0.2816044369898575,-0.2763803908628988,0.057694670248424396,-0.39290833579890283,0.17422261518442841,2.7923287616207877,302,True,1.0,0.03333333333333333,0.8448133109695725,False,3.0
LEVEL,act,freight,physical_channel,a,1,0.005049344726717773,0.0024665256378902183,0.00938522910407449,0.5380097460301376,0.5905703201469774,-0.01038798340488967,0.020486672858325214,-0.021292715811164785,0.03139140526460033,2.8067573253429106,302,True,1.0,0.1,0.5905703201469774,False,1.0
LEVEL,act,oil,asset_price,a,2,-0.01186833552782393,-0.0057974956044424715,0.023810337797675035,-0.4984530513037415,0.618164752377397,-0.05103285601326944,0.02729618495762158,-0.0792686120461639,0.05553194099051603,2.8307148387000742,301,True,3.0,0.05,1.0,False,4.0
LEVEL,act,dxy,asset_price,a,2,0.007149963719706456,0.003492645041905178,0.0027151073207460847,2.6334000372927124,0.008453471565249823,0.002684009595614765,0.011615917843798148,-0.0005337855626179368,0.01483371300203085,2.8299983664045274,301,True,1.0,0.025,0.03381388626099929,True,4.0
LEVEL,act,vix,asset_price,a,2,-0.7530294599038988,-0.36784307062887645,0.9872421745965764,-0.7627606268052867,0.4456061664791169,-2.376898331468536,0.8708394116607384,-3.4520707388926644,1.946011819084867,2.733920154993068,301,True,2.0,0.03333333333333333,1.0,False,4.0
LEVEL,act,us10y,asset_price,a,2,-0.006327274973525135,-0.003090774503392943,0.04124443961538874,-0.1534091633327553,0.8780756191286465,-0.07416834106647828,0.061513791119428014,-0.1218317911574428,0.10917724121039254,2.8004869810577255,301,True,4.0,0.1,1.0,False,4.0
LEVEL,act,ip,real_macro,a,2,-0.43740564995222053,-0.21366579391114102,0.22058131119852203,-1.982967856957554,0.04737102004121447,-0.8002296197148209,-0.07458168018962019,-1.0648171857561683,0.19000588585172717,2.8443549110979784,301,True,1.0,0.03333333333333333,0.14211306012364341,False,3.0
LEVEL,act,cpi,real_macro,a,2,-0.09108904740293439,-0.04449556980364453,0.0673697532800209,-1.3520763097398436,0.17635090497183803,-0.2019024304324026,0.019724335626533834,-0.2799965010308242,0.09781840622495544,2.8040395642047278,301,True,2.0,0.05,0.35270180994367606,False,3.0
LEVEL,act,infl_exp,real_macro,a,2,0.07695671935610345,0.037592149392251445,0.1455657754329973,0.5286731659773005,0.5970321951114101,-0.1624776743248657,0.31639111303707257,-0.32951078209308765,0.4834242208052945,2.7923287616207877,301,True,3.0,0.1,0.5970321951114101,False,3.0
LEVEL,act,freight,physical_channel,a,2,0.005309248808893998,0.0025934847022392855,0.005232951124664459,1.0145802401765087,0.3103059624476008,-0.0032981898281701227,0.013916687445958118,-0.009378375093419395,0.01999687271120739,2.8067573253429106,301,True,1.0,0.1,0.3103059624476008,False,1.0
LEVEL,act,oil,asset_price,a,6,-0.016797906787680627,-0.008205513783891866,0.02629700652881291,-0.6387763857941633,0.5229684123605145,-0.060052633354565094,0.026456819779203836,-0.09123723338218406,0.0576414198068228,2.8307148387000742,297,True,2.0,0.03333333333333333,1.0,False,4.0
LEVEL,act,dxy,asset_price,a,6,-0.0036946632726504464,-0.0018047850124282203,0.0036427603209742802,-1.0142482477854278,0.3104643116234753,-0.0096864707987199,0.0022971442534190072,-0.014003669030210891,0.006614342484909998,2.8299983664045274,297,True,1.0,0.025,1.0,False,4.0
LEVEL,act,vix,asset_price,a,6,-0.04167011092542691,-0.020355195078571146,1.1625067497103798,-0.03584504858643475,0.9714059125517188,-1.9538235545421125,1.8704833326912587,-3.2198707442741163,3.1365305224232625,2.733920154993068,297,True,4.0,0.1,1.0,False,4.0
LEVEL,act,us10y,asset_price,a,6,-0.032887356122464156,-0.016064957222917224,0.05328251995458766,-0.617225989883621,0.5370856752987961,-0.12052930232288186,0.05475459007795355,-0.18210435957323537,0.11632964732830706,2.8004869810577255,297,True,3.0,0.05,1.0,False,4.0
LEVEL,act,ip,real_macro,a,6,0.08283768192148314,0.04046490729016797,0.16031315552587555,0.5167241680805953,0.6053487225473642,-0.1808539933932887,0.346529357236255,-0.373149829312155,0.5388251931551212,2.8443549110979784,297,True,2.0,0.05,1.0,False,3.0
LEVEL,act,cpi,real_macro,a,6,-0.022671169287167645,-0.011074510320490113,0.06147611680156333,-0.36878011277692024,0.7122916292011765,-0.12379038297911142,0.07844804440477614,-0.1950526330524222,0.14971029447808692,2.8040395642047278,297,True,3.0,0.1,1.0,False,3.0
LEVEL,act,infl_exp,real_macro,a,6,-0.04907378651161013,-0.02397177438465731,0.05816837317121283,-0.8436506616261437,0.39886464550373446,-0.14475224609614626,0.046604673072926005,-0.2114990079342787,0.11335143491105845,2.7923287616207877,297,True,1.0,0.03333333333333333,1.0,False,3.0
LEVEL,act,freight,physical_channel,a,6,-0.0009072257920764227,-0.0004431655584280789,0.003801245569430078,-0.23866539940813225,0.8113650487404286,-0.007159718353886701,0.005345266769733855,-0.011576399639501578,0.009761948055348732,2.8067573253429106,297,True,1.0,0.1,0.8113650487404286,False,1.0
LEVEL,act,oil,asset_price,b,1,-0.04033318111577079,-0.01970212585275102,0.025328546495619705,-1.5924001451384497,0.11129482365301699,-0.08199493268449987,0.0013285704529582831,-0.11245920370793829,0.0317928414763967,2.847617908301248,302,True,1.0,0.025,0.44517929461206796,False,4.0
LEVEL,act,dxy,asset_price,b,1,0.001106028561834327,0.0005402775907868203,0.00317242466201857,0.3486382435101158,0.7273609128703176,-0.004112145649717216,0.006324202773385869,-0.007877815528778616,0.010089872652447271,2.8318541959942554,302,True,4.0,0.1,0.8020685627962707,False,4.0
LEVEL,act,vix,asset_price,b,1,-1.2773129247644526,-0.6239473133750563,1.1515918672239092,-1.1091715399515747,0.2673561875987569,-3.171512984335518,0.6168871348066125,-4.444009799966197,1.8893839504372913,2.7498430349595626,302,True,2.0,0.03333333333333333,0.8020685627962707,False,4.0
LEVEL,act,us10y,asset_price,b,1,0.06046816534418271,0.029537749583312973,0.06988632516466858,0.8652360129353707,0.38690926291060124,-0.054484610077232355,0.17542094076559778,-0.13618697161215954,0.25712330230052494,2.8139287119901724,302,True,3.0,0.05,0.8020685627962707,False,4.0
LEVEL,act,ip,real_macro,b,1,-0.027776384848827045,-0.0135683279842277,0.32574314996111325,-0.08527081798080159,0.9320460908918784,-0.5635761865169615,0.5080234168193074,-0.9543282781270994,0.8987755084294453,2.844424797233289,302,True,3.0,0.1,1.0,False,3.0
LEVEL,act,cpi,real_macro,b,1,0.04711321186566492,0.023014064445854056,0.0727099946650003,0.6479606013276651,0.5170104330247874,-0.07248408657468303,0.16671051030601286,-0.15860476064790188,0.2528311843792317,2.8292942870011135,302,True,2.0,0.05,1.0,False,3.0
LEVEL,act,infl_exp,real_macro,b,1,-0.09950490530691941,-0.048606584283440876,0.10613726309607098,-0.9375115054253073,0.3484955083037091,-0.2740851674651944,0.07507535685135558,-0.3976011514645745,0.19859134085073565,2.808591793890812,302,True,1.0,0.03333333333333333,1.0,False,3.0
LEVEL,act,freight,physical_channel,b,1,0.008240488727668844,0.004025349389989592,0.00971160117443541,0.8485200925837968,0.3961483874496109,-0.007733673687607417,0.024214651142945104,-0.01910804754690109,0.035589025002238775,2.8160687185715134,302,True,1.0,0.1,0.3961483874496109,False,1.0
LEVEL,act,oil,asset_price,b,2,-0.022446124617658453,-0.010964579532030009,0.03056077798997744,-0.7344749084928326,0.46265934715659474,-0.07271413113693156,0.02782188190161466,-0.10947154331353683,0.06457929407821993,2.847617908301248,301,True,3.0,0.05,1.0,False,4.0
LEVEL,act,dxy,asset_price,b,2,0.00603411527757265,0.002947570593737732,0.003113863782486886,1.9378224929137735,0.05264488258439754,0.0009122651411162652,0.011155965414029035,-0.002783892940617382,0.014852123495762683,2.8318541959942554,301,True,1.0,0.025,0.21057953033759017,False,4.0
LEVEL,act,vix,asset_price,b,2,-1.1221790997337666,-0.5481668750307543,1.291864703148452,-0.8686506388779427,0.3850382478160913,-3.247107442238085,1.0027492427705518,-4.67460425579664,2.430246056329107,2.7498430349595626,301,True,2.0,0.03333333333333333,1.0,False,4.0
LEVEL,act,us10y,asset_price,b,2,-0.007421037940490046,-0.0036250605436228545,0.05107730879050606,-0.14529030828400702,0.8844816664020936,-0.09143573455947425,0.07659365867849414,-0.15114894367728307,0.136306867796303,2.8139287119901724,301,True,4.0,0.1,1.0,False,4.0
LEVEL,act,ip,real_macro,b,2,-0.48451601160684893,-0.23667846607364437,0.26283097727561394,-1.8434509380481745,0.06526319872250752,-0.9168344978538425,-0.05219752535985539,-1.2321189608506642,0.2630869376369664,2.844424797233289,301,True,1.0,0.03333333333333333,0.19578959616752256,False,3.0
LEVEL,act,cpi,real_macro,b,2,-0.082207988199516,-0.04015731179148233,0.0700620486695096,-1.1733597541131024,0.24065156925087405,-0.19744980306520943,0.033033826666177435,-0.28043414223575347,0.11601816583672148,2.8292942870011135,301,True,2.0,0.05,0.4813031385017481,False,3.0
LEVEL,act,infl_exp,real_macro,b,2,0.09491688219248945,0.04636540701164655,0.1538275833982285,0.6170342151626269,0.5372121579582898,-0.15810697628526676,0.34794074067024566,-0.3371220062138296,0.5269557705988085,2.808591793890812,301,True,3.0,0.1,0.5372121579582898,False,3.0
LEVEL,act,freight,physical_channel,b,2,0.005623229243229136,0.002746859215764912,0.0054525230219290306,1.031307748837292,0.3023965257136523,-0.003345373025427231,0.014591831511885502,-0.009731450276116226,0.020977908762574497,2.8160687185715134,301,True,1.0,0.1,0.3023965257136523,False,1.0
LEVEL,act,oil,asset_price,b,6,-0.003646721373116616,-0.0017813661470646317,0.027239994729397286,-0.13387379143583644,0.8935023751064509,-0.04845252550190472,0.0411590827556715,-0.08121581818657993,0.0739223754403467,2.847617908301248,297,True,4.0,0.1,1.0,False,4.0
LEVEL,act,dxy,asset_price,b,6,-0.0030549224506291337,-0.001492281663078524,0.0034496116771661183,-0.8855844473308297,0.3758414954057545,-0.008729028729389975,0.002619183828131707,-0.012823719753162786,0.00671387485190452,2.8318541959942554,297,True,1.0,0.025,1.0,False,4.0
LEVEL,act,vix,asset_price,b,6,-0.17308760755904068,-0.08455057928337739,1.1989940401091725,-0.1443606905195963,0.8852156560281784,-2.145257303125812,1.7990820880077307,-3.4701330177112752,3.123957802593194,2.7498430349595626,297,True,3.0,0.05,1.0,False,4.0
LEVEL,act,us10y,asset_price,b,6,-0.03361585698214139,-0.016420818457368327,0.0619241141113181,-0.5428556785117947,0.5872291740667486,-0.1354719606738998,0.06824024670961704,-0.2078658996445352,0.1406341856802524,2.8139287119901724,297,True,2.0,0.03333333333333333,1.0,False,4.0
LEVEL,act,ip,real_macro,b,6,0.1332838709873285,0.06510707877954576,0.17186303446231557,0.7755237849972542,0.43803021642454454,-0.1494056645868971,0.4159734065615541,-0.3555676059650412,0.6221353479396982,2.844424797233289,297,True,1.0,0.03333333333333333,1.0,False,3.0
LEVEL,act,cpi,real_macro,b,6,-0.0030832602595786797,-0.0015061242379231067,0.0612218186273175,-0.050362114826215124,0.9598338260444685,-0.10378419067728707,0.09761767015812971,-0.17629780194166642,0.17013128142250908,2.8292942870011135,297,True,3.0,0.1,1.0,False,3.0
LEVEL,act,infl_exp,real_macro,b,6,-0.024748965081553307,-0.012089480950250238,0.060554705942493986,-0.4087042401800491,0.6827567216928858,-0.1243525927800444,0.0748546626169378,-0.19482241527311311,0.1453244851100065,2.808591793890812,297,True,2.0,0.05,1.0,False,3.0
LEVEL,act,freight,physical_channel,b,6,0.002887518657679947,0.0014105075380114805,0.004578177664019658,0.6307135435947006,0.5282278419060089,-0.004642913477811006,0.0104179507931709,-0.010004944250028616,0.01577998156538851,2.8160687185715134,297,True,1.0,0.1,0.5282278419060089,False,1.0
LEVEL,act,oil,asset_price,c,1,-0.038412306248615566,-0.01876380863270708,0.024686269715981334,-1.5560190620354564,0.11970355963713933,-0.07901760652684975,0.0021929940296186168,-0.10846773915487874,0.03164312665764761,2.8378298427530697,302,True,1.0,0.025,0.4788142385485573,False,4.0
LEVEL,act,dxy,asset_price,c,1,0.0007425063735182559,0.0003627027081136014,0.0030328481533122985,0.24482148000299128,0.8065946613132458,-0.004246084911450553,0.0057310976584870645,-0.00786981305447055,0.009354825801507063,2.8396803903891255,302,True,4.0,0.1,0.8814764339102643,False,4.0
LEVEL,act,vix,asset_price,c,1,-1.5187470514034564,-0.7418840943727426,1.1491467442386833,-1.3216302086898706,0.1862913189917449,-3.4089252415639306,0.3714311387570177,-4.679137720631587,1.6416436178246743,2.750206346641924,302,True,2.0,0.03333333333333333,0.5588739569752347,False,4.0
LEVEL,act,us10y,asset_price,c,1,0.056099629363932375,0.02740378833120859,0.07276714662822102,0.7709472194994033,0.44073821695513216,-0.06359167569040655,0.17579093441827132,-0.1492330731614113,0.26143233188927606,2.821777574630228,302,True,3.0,0.05,0.8814764339102643,False,4.0
LEVEL,act,ip,real_macro,c,1,0.014986225211188794,0.007320535772296453,0.30453913720943293,0.04920952147074187,0.9607523234247358,-0.48593607917641896,0.5159085295987965,-0.8474897715213238,0.8774622219437013,2.8320694825485893,302,True,3.0,0.1,1.0,False,3.0
LEVEL,act,cpi,real_macro,c,1,0.045666497185571045,0.022307367034151843,0.07656545185783423,0.5964373758332155,0.5508830779552475,-0.08027246400196593,0.17160545837310803,-0.17091677113519127,0.2622497655063334,2.8287336267917733,302,True,2.0,0.05,1.0,False,3.0
LEVEL,act,infl_exp,real_macro,c,1,-0.11009638127866585,-0.05378035403799521,0.10873785192329893,-1.0124936195753176,0.31130209586045676,-0.2889542314016162,0.06876146884428451,-0.41532556338221494,0.19513280082488327,2.8070186848904317,302,True,1.0,0.03333333333333333,0.9339062875813703,False,3.0
LEVEL,act,freight,physical_channel,c,1,0.007746949532181314,0.003784263240229917,0.009440880412160938,0.8205749033959114,0.41188844768758426,-0.007781916855376714,0.023275815919739342,-0.018984259348516552,0.03447815841287918,2.8314317853518194,302,True,1.0,0.1,0.41188844768758426,False,1.0
LEVEL,act,oil,asset_price,c,2,-0.01863664595717828,-0.009103709004939292,0.02942153852888398,-0.6334354656158496,0.5264493111090924,-0.06703077031690557,0.029757478402549012,-0.10212996601415447,0.06485667409979792,2.8378298427530697,301,True,3.0,0.05,1.0,False,4.0
LEVEL,act,dxy,asset_price,c,2,0.005660971333322859,0.0027652956343265423,0.003012068652681507,1.8794297162792604,0.06018584193027266,0.0007065592853328475,0.01061538338131287,-0.0028923409542026103,0.014214283620848329,2.8396803903891255,301,True,1.0,0.025,0.24074336772109065,False,4.0
LEVEL,act,vix,asset_price,c,2,-1.3167660419996021,-0.6432195418367562,1.2516883069220723,-1.0519919653460352,0.2928032359363547,-3.37561009345312,0.7420780094539159,-4.75916716771417,2.1256350837149656,2.750206346641924,301,True,2.0,0.03333333333333333,0.8784097078090641,False,4.0
LEVEL,act,us10y,asset_price,c,2,-0.0008637898300614964,-0.00042194777281139294,0.05019536641778305,-0.01720855711804259,0.9862702356078411,-0.08342782033851007,0.08170024067838708,-0.14250394913810893,0.14077636947798594,2.821777574630228,301,True,4.0,0.1,1.0,False,4.0
LEVEL,act,ip,real_macro,c,2,-0.42133315798448406,-0.20581463387973317,0.25323578689228926,-1.663797850829405,0.09615283363172955,-0.8378689605281762,-0.004797355440792017,-1.1385145019313145,0.29584818596234636,2.8320694825485893,301,True,1.0,0.03333333333333333,0.28845850089518865,False,3.0
LEVEL,act,cpi,real_macro,c,2,-0.07729091641440801,-0.037755399409239596,0.0688502994772111,-1.122593757780105,0.26161006770666595,-0.19053958122619374,0.03595774839737771,-0.27205007376027907,0.11746824093146306,2.8287336267917733,301,True,2.0,0.05,0.5232201354133319,False,3.0
LEVEL,act,infl_exp,real_macro,c,2,0.09063914277974586,0.04427579845750766,0.148771104824954,0.6092523335522246,0.5423571966857308,-0.1540675485771574,0.3353458341366491,-0.3269641282356931,0.5082424137951849,2.8070186848904317,301,True,3.0,0.1,0.5423571966857308,False,3.0
LEVEL,act,freight,physical_channel,c,2,0.005796578879959138,0.0028315377921851515,0.0055843376579947195,1.0380065166117896,0.299267021220017,-0.003388839170915166,0.014981996930833442,-0.010015092265024249,0.021608250024942523,2.8314317853518194,301,True,1.0,0.1,0.299267021220017,False,1.0
LEVEL,act,oil,asset_price,c,6,-0.00572866202706677,-0.002798361475658881,0.027179543675011065,-0.2107710893002856,0.8330658991456789,-0.05043503301979466,0.03897770896566113,-0.08285958218042362,0.07140225812629007,2.8378298427530697,297,True,4.0,0.1,1.0,False,4.0
LEVEL,act,dxy,asset_price,c,6,-0.0033631373573743614,-0.0016428398068797322,0.0034648325408123347,-0.9706493222283895,0.33172293594584923,-0.009062279728909016,0.0023360050141602922,-0.013202154379501278,0.0064758796647525554,2.8396803903891255,297,True,1.0,0.025,1.0,False,4.0
LEVEL,act,vix,asset_price,c,6,-0.28913761033424473,-0.14123918396661056,1.2525237856696438,-0.23084400762869461,0.8174359912663952,-2.349355902035947,1.7710806813674576,-3.7338364750028683,3.155561254334379,2.750206346641924,297,True,3.0,0.05,1.0,False,4.0
LEVEL,act,us10y,asset_price,c,6,-0.05056165524833287,-0.02469857490701489,0.06261505411946491,-0.8074999847778612,0.41937848328316385,-0.15355425411849746,0.05243094362183171,-0.22724741079689703,0.1261241003002313,2.821777574630228,297,True,2.0,0.03333333333333333,1.0,False,4.0
LEVEL,act,ip,real_macro,c,6,0.1583132676354395,0.0773335461480392,0.19863214344636274,0.7970173653097054,0.42544094609255856,-0.16840753394145538,0.4850340692123344,-0.40422676407221814,0.7208532993430972,2.8320694825485893,297,True,1.0,0.03333333333333333,1.0,False,3.0
LEVEL,act,cpi,real_macro,c,6,-0.010313669143426319,-0.005038065479738861,0.06303577508933265,-0.16361612320638647,0.8700333512760784,-0.1139982924268124,0.09337095413995976,-0.1886250858295048,0.16799774754265215,2.8287336267917733,297,True,3.0,0.1,1.0,False,3.0
LEVEL,act,infl_exp,real_macro,c,6,-0.025400228551112274,-0.01240761293204755,0.06359565456856807,-0.3994019516494803,0.6895970561436677,-0.13000577162657442,0.07920531452434987,-0.2039144192029204,0.15311396210069586,2.8070186848904317,297,True,2.0,0.05,1.0,False,3.0
LEVEL,act,freight,physical_channel,c,6,0.0029418706836827537,0.0014370576495334449,0.004800495625040369,0.6128264482395012,0.5399911008957863,-0.004954241956329573,0.01083798332369508,-0.010650405214498898,0.016534146581864403,2.8314317853518194,297,True,1.0,0.1,0.5399911008957863,False,1.0
LEVEL,threat,oil,asset_price,a,1,-0.0366605816404251,-0.01298528702348219,0.06826191492970239,-0.5370576210494382,0.5912278128713837,-0.14894143999519893,0.07562027671434873,-0.23055014043929248,0.15722897715844228,2.8403767898767427,302,True,2.0,0.03333333333333333,1.0,False,4.0
LEVEL,threat,dxy,asset_price,a,1,0.0019711741917943664,0.0006981957598159258,0.0048421057224332575,0.4070902836057472,0.68394167945788,-0.005993380967832456,0.009935729351421188,-0.01173569026811467,0.0156780386517034,2.8307652177864995,302,True,3.0,0.05,1.0,False,4.0
LEVEL,threat,vix,asset_price,a,1,-0.7396271286967383,-0.26197812818906985,2.181105077471563,-0.3391066007485288,0.7345294260686672,-4.327225726138111,2.847971468744634,-6.69984700367824,5.220592746284764,2.732660584097517,302,True,4.0,0.1,1.0,False,4.0
LEVEL,threat,us10y,asset_price,a,1,0.04227124179529113,0.014972599533052775,0.07509901153330549,0.5628734777227308,0.5735210415388039,-0.08125563970573685,0.1657981232963191,-0.17161543994506298,0.25615792353564526,2.8480625426807116,302,True,1.0,0.025,1.0,False,4.0
LEVEL,threat,ip,real_macro,a,1,0.07166286308373153,0.025383199186361016,0.5482728407777204,0.13070657117007356,0.8960074339033856,-0.830165707628489,0.9734914337959519,-1.4726599506436904,1.6159856768111533,2.816704930225639,302,True,2.0,0.05,1.0,False,3.0
LEVEL,threat,cpi,real_macro,a,1,0.08679868721407531,0.030744353098134652,0.0930688591309658,0.9326286797169486,0.351011720249341,-0.06628596328372942,0.23988333771188003,-0.1739378054238938,0.3475351798520444,2.801543879151486,302,True,1.0,0.03333333333333333,1.0,False,3.0
LEVEL,threat,infl_exp,real_macro,a,1,-0.015031582022528264,-0.0053242310472322646,0.11745667387267908,-0.12797554644551087,0.8981683250031025,-0.20823061805166068,0.17816745400660414,-0.34923631799201843,0.31917315394696194,2.8453447977912445,302,True,3.0,0.1,1.0,False,3.0
LEVEL,threat,freight,physical_channel,a,1,0.009039664584350963,0.0032018760742837733,0.008943219600488356,1.0107841457742288,0.3121197528489722,-0.005670622612135806,0.023749951780837733,-0.016371230140899987,0.03445055930960191,2.841358689644986,302,True,1.0,0.1,0.3121197528489722,False,1.0
LEVEL,threat,oil,asset_price,a,2,0.009029094346533924,0.0031981320646194706,0.034278639572015775,0.2634029372013075,0.7922400269605376,-0.047354250280458476,0.06541243897352633,-0.08833515788237012,0.10639334657543797,2.8403767898767427,301,True,3.0,0.05,1.0,False,4.0
LEVEL,threat,dxy,asset_price,a,2,-0.0007327419749886834,-0.00025953938627338517,0.004607597209773256,-0.15902908644758518,0.8736459577665212,-0.008311564957015707,0.006846081007038339,-0.013775767893984941,0.012310283944007573,2.8307652177864995,301,True,4.0,0.1,1.0,False,4.0
LEVEL,threat,vix,asset_price,a,2,-2.366741370267879,-0.8383068306092915,1.6583903653858658,-1.4271316450377456,0.15354195260072606,-5.094550777674197,0.3610680371384398,-6.898559354804914,2.1650766142691564,2.732660584097517,301,True,1.0,0.025,0.6141678104029042,False,4.0
LEVEL,threat,us10y,asset_price,a,2,0.03869838702727118,0.013707083750706393,0.06163916241692835,0.62782142894017,0.5301209265797173,-0.0626890128364643,0.14008578689100665,-0.13685380261459512,0.2142505766691375,2.8480625426807116,301,True,2.0,0.03333333333333333,1.0,False,4.0
LEVEL,threat,ip,real_macro,a,2,-0.6250150445316489,-0.22138218719063005,0.6961671684748767,-0.8977944850529165,0.3692951253891098,-1.7701081365620865,0.5200780474987887,-2.585912540236057,1.3358824511727592,2.816704930225639,301,True,1.0,0.03333333333333333,1.0,False,3.0
LEVEL,threat,cpi,real_macro,a,2,-0.0509661485372119,-0.018052361354446027,0.09913303065595697,-0.5141187372157608,0.607168978024742,-0.2140254735623542,0.11209317648793041,-0.32869168379314473,0.22675938671872095,2.801543879151486,301,True,2.0,0.05,1.0,False,3.0
LEVEL,threat,infl_exp,real_macro,a,2,0.05634042269296174,0.01995594524026036,0.15086125265474284,0.3734585369107399,0.7088071994057318,-0.19180425590263445,0.30448510128855794,-0.3729118577364814,0.4855927031224049,2.8453447977912445,301,True,3.0,0.1,1.0,False,3.0
LEVEL,threat,freight,physical_channel,a,2,0.013278431299791131,0.004703259848426622,0.009163790420169094,1.4490108013127294,0.14733456616587923,-0.0017946626094471584,0.02835152520902942,-0.0127591842406418,0.039316046840224064,2.841358689644986,301,True,1.0,0.1,0.14733456616587923,False,1.0
LEVEL,threat,oil,asset_price,a,6,0.004661253663273944,0.0016510299072867662,0.03393992833711591,0.13733834724030652,0.8907633608839219,-0.05116496056050421,0.0604874678870521,-0.09174093103555005,0.10106343836209793,2.8403767898767427,297,True,4.0,0.1,1.0,False,4.0
LEVEL,threat,dxy,asset_price,a,6,-0.0038148182745563635,-0.0013512199758150118,0.00495700868589068,-0.7695807121368627,0.44154864999378285,-0.0119683719903736,0.004338735441260873,-0.017846946046841262,0.010217309497728536,2.8307652177864995,297,True,1.0,0.025,1.0,False,4.0
LEVEL,threat,vix,asset_price,a,6,-0.425868548627592,-0.1508439061999274,1.5494547201183564,-0.27485059298477704,0.7834310267624534,-2.974494764811349,2.1227576675561646,-4.660002389138874,3.8082652918836906,2.732660584097517,297,True,3.0,0.05,1.0,False,4.0
LEVEL,threat,us10y,asset_price,a,6,0.027722988440991483,0.009819564937234836,0.07258731398523686,0.381926082106164,0.7025161934396784,-0.0916725182382907,0.14711849512027367,-0.1790102215941654,0.23445619847614835,2.8480625426807116,297,True,2.0,0.03333333333333333,1.0,False,4.0
LEVEL,threat,ip,real_macro,a,6,0.028741048539137115,0.01018016485109431,0.22614525250823125,0.12709109839964913,0.8988682967793441,-0.3432347902668836,0.4007168873451578,-0.6082433991479199,0.665725496226194,2.816704930225639,297,True,3.0,0.1,0.925360599046288,False,3.0
LEVEL,threat,cpi,real_macro,a,6,0.07013531245103233,0.024842136210245315,0.07255839579010655,0.9666050591018633,0.3337415045591686,-0.04921262803010486,0.1894832529321695,-0.1331402171557916,0.27341084205785626,2.801543879151486,297,True,2.0,0.05,0.925360599046288,False,3.0
LEVEL,threat,infl_exp,real_macro,a,6,0.0847174501768106,0.030007172751192652,0.08318090316448913,1.018472353074635,0.3084535330154293,-0.05210296008639853,0.22153786044001972,-0.1519608999178458,0.32139580027146697,2.8453447977912445,297,True,1.0,0.03333333333333333,0.925360599046288,False,3.0
LEVEL,threat,freight,physical_channel,a,6,0.00447173614017955,0.0015839022370959996,0.005965276427233791,0.7496276483960319,0.45347899407678516,-0.005340270426924071,0.014283742707283172,-0.012477753872475579,0.021421226152834677,2.841358689644986,297,True,1.0,0.1,0.45347899407678516,False,1.0
LEVEL,threat,oil,asset_price,b,1,-0.029667159247375254,-0.010508196017646559,0.06366691050599231,-0.46597453860405225,0.6412337256583431,-0.1343899079099515,0.07505558941520099,-0.21029325086540485,0.15095893237065433,2.8370481649337944,302,True,2.0,0.03333333333333333,1.0,False,4.0
LEVEL,threat,dxy,asset_price,b,1,0.00022709218231226769,8.043672621009588e-05,0.004678626815984551,0.04853821243797564,0.961287311195192,-0.0074685641051123386,0.007922748469736875,-0.01316463562914651,0.013618819993771045,2.8623201503710183,302,True,4.0,0.1,1.0,False,4.0
LEVEL,threat,vix,asset_price,b,1,-0.8865583195042536,-0.3140215928577742,2.2353158721842936,-0.39661433560078085,0.6916518795311146,-4.563325739248782,2.790209100240275,-6.975527743361156,5.20241110435265,2.7239861263575773,302,True,3.0,0.05,1.0,False,4.0
LEVEL,threat,us10y,asset_price,b,1,0.04635333605499549,0.016418489457524672,0.0846002305842464,0.547910280325253,0.5837535095767683,-0.09280166006243305,0.18550833217242402,-0.19273398580514267,0.2854406579151336,2.826083572219709,302,True,1.0,0.025,1.0,False,4.0
LEVEL,threat,ip,real_macro,b,1,0.17680320447650152,0.0626242207315989,0.5914773730971922,0.2989179510801828,0.7650026499850668,-0.7960904979221441,1.1496969068751473,-1.4908792349802904,1.8444856439332935,2.819520264527104,302,True,2.0,0.05,1.0,False,3.0
LEVEL,threat,cpi,real_macro,b,1,0.09947519162914464,0.035234408654225544,0.09617786151355025,1.0342836705215144,0.3010035684933752,-0.05872331271385489,0.2576736959721442,-0.17190670770535005,0.37085709096363934,2.8216670142562945,302,True,1.0,0.03333333333333333,0.9030107054801255,False,3.0
LEVEL,threat,infl_exp,real_macro,b,1,-0.018226736486006867,-0.006455964258657352,0.1149375390133014,-0.15857949145663836,0.8740001877579356,-0.207282164404912,0.17082869143289828,-0.3443185702511698,0.30786509727915606,2.837122114885592,302,True,3.0,0.1,1.0,False,3.0
LEVEL,threat,freight,physical_channel,b,1,0.010225202707176525,0.003621797202463443,0.009281112703610693,1.1017216398200342,0.27058270614461444,-0.005040869185502908,0.025491274599855958,-0.015846175008950712,0.03629658042330376,2.809078884042052,302,True,1.0,0.1,0.27058270614461444,False,1.0
LEVEL,threat,oil,asset_price,b,2,0.008680261951888013,0.0030745745932188816,0.03744675030090145,0.23180281018080903,0.8166911742924179,-0.052914161098095866,0.0702746850018719,-0.09755797227201847,0.11491849617579449,2.8370481649337944,301,True,3.0,0.05,1.0,False,4.0
LEVEL,threat,dxy,asset_price,b,2,-0.0035424592530247227,-0.0012547496005571545,0.004504173722806815,-0.7864837084519042,0.43158415980859377,-0.010951165737403026,0.0038662472313535814,-0.016434846460586315,0.009349927954536869,2.8623201503710183,301,True,2.0,0.03333333333333333,1.0,False,4.0
LEVEL,threat,vix,asset_price,b,2,-2.450563085896459,-0.867996731520127,1.8468004846335577,-1.3269235666151018,0.18453396774381037,-5.488279561301703,0.587153389508785,-7.481221984188721,2.5800958123958027,2.7239861263575773,301,True,1.0,0.025,0.7381358709752415,False,4.0
LEVEL,threat,us10y,asset_price,b,2,0.011724332579827745,0.00415279346086396,0.06379424651264427,0.18378354194533728,0.8541832678385406,-0.0932078651751315,0.11665653033478698,-0.1685635394916907,0.1920122046513462,2.826083572219709,301,True,4.0,0.1,1.0,False,4.0
LEVEL,threat,ip,real_macro,b,2,-0.5535987108923588,-0.19608630946651995,0.6627005334852495,-0.835367836480972,0.4035106333813028,-1.643644086978247,0.5364466651935293,-2.422096294366942,1.3148988725822248,2.819520264527104,301,True,1.0,0.03333333333333333,1.0,False,3.0
LEVEL,threat,cpi,real_macro,b,2,-0.07145003731472081,-0.025307815666162033,0.09930091315331592,-0.719530516344853,0.47181410667900403,-0.23478550447454566,0.09188542984510402,-0.35164414844496134,0.20874407381551968,2.8216670142562945,301,True,2.0,0.05,1.0,False,3.0
LEVEL,threat,infl_exp,real_macro,b,2,0.03590339097165525,0.012717087837175857,0.15921309740841913,0.22550526028367243,0.8215862336394095,-0.22597884975876098,0.29778563170207145,-0.4158036086652046,0.4876103906085151,2.837122114885592,301,True,3.0,0.1,1.0,False,3.0
LEVEL,threat,freight,physical_channel,b,2,0.013148686480983492,0.004657303847822171,0.00929547281458217,1.4145258388961814,0.15720756622038712,-0.0021410056923107986,0.028438378654277785,-0.012963029919646221,0.039260402881613206,2.809078884042052,301,True,1.0,0.1,0.15720756622038712,False,1.0
LEVEL,threat,oil,asset_price,b,6,0.02000633438769507,0.007086303126885412,0.037324470168480735,0.5360112091983492,0.5919508035516996,-0.04138695574297249,0.08139962451836263,-0.08588498521091935,0.12589765398630948,2.8370481649337944,297,True,2.0,0.03333333333333333,1.0,False,4.0
LEVEL,threat,dxy,asset_price,b,6,-0.004584866358086294,-0.0016239732966595577,0.004644826824441428,-0.9870909145547435,0.3235980713435057,-0.012224926606830265,0.0030551938906576773,-0.017879847772668822,0.008710115056496232,2.8623201503710183,297,True,1.0,0.025,1.0,False,4.0
LEVEL,threat,vix,asset_price,b,6,-0.48110104285053745,-0.17040741988179742,1.6090594728663015,-0.29899519002459685,0.7649437155873167,-3.1277683527752975,2.1655662670742224,-4.864156723422579,3.9019546377215044,2.7239861263575773,297,True,4.0,0.1,1.0,False,4.0
LEVEL,threat,us10y,asset_price,b,6,0.028664339193241597,0.01015299417269082,0.08295590713663034,0.34553704712107786,0.7296906637589826,-0.10778598553749433,0.16511466392397753,-0.20577598718417314,0.2631046655706563,2.826083572219709,297,True,3.0,0.05,1.0,False,4.0
LEVEL,threat,ip,real_macro,b,6,0.1060812695139392,0.037574301083508364,0.2693711124928642,0.39381086016322314,0.6937206857756382,-0.33699478186590154,0.5491573208937799,-0.6534160408379015,0.86557857986578,2.819520264527104,297,True,3.0,0.1,0.8579800003430949,False,3.0
LEVEL,threat,cpi,real_macro,b,6,0.060949692373515725,0.021588562266298728,0.07706165357414109,0.7909211591842623,0.4289900001715474,-0.06580544800678814,0.18770483275381958,-0.15649263358068388,0.2783920183277153,2.8216670142562945,297,True,2.0,0.05,0.8579800003430949,False,3.0
LEVEL,threat,infl_exp,real_macro,b,6,0.0967371998742543,0.0342646038335084,0.08715620762776308,1.1099289712949747,0.26702963512050915,-0.04662200435360736,0.24009640410211597,-0.15053560423603266,0.3440100039845413,2.837122114885592,297,True,1.0,0.03333333333333333,0.8010889053615274,False,3.0
LEVEL,threat,freight,physical_channel,b,6,0.003220600660788158,0.0011407463301737648,0.006342174896321365,0.5078069768552416,0.6115887164622141,-0.007211348720186616,0.013652550041762931,-0.014595068919369781,0.021036270240946096,2.809078884042052,297,True,1.0,0.1,0.6115887164622141,False,1.0
LEVEL,threat,oil,asset_price,c,1,-0.024637961474929165,-0.008726839212847308,0.06461022622127384,-0.38133222735593464,0.7029567430184447,-0.13091232641314654,0.08163640346328822,-0.20920403464072623,0.1599281116908679,2.8566077532944165,302,True,3.0,0.05,1.0,False,4.0
LEVEL,threat,dxy,asset_price,c,1,-0.0007131783562301091,-0.0002526098943387034,0.004607993801417151,-0.15476981674992205,0.877002787189031,-0.008292653673461011,0.006866296961000794,-0.013738517061320699,0.01231216034886048,2.826683208880349,302,True,4.0,0.1,1.0,False,4.0
LEVEL,threat,vix,asset_price,c,1,-1.2917169437561613,-0.45752998226501845,2.302717197124701,-0.5609533577849116,0.574829334035572,-5.079349677290254,2.495915789777931,-7.564583351703344,4.981149464191021,2.72411497850445,302,True,1.0,0.025,1.0,False,4.0
LEVEL,threat,us10y,asset_price,c,1,0.03800037937095549,0.013459847363385883,0.08995626371654562,0.42243172182757177,0.6727099278663521,-0.1099645072702077,0.18596526601211869,-0.2172685144461183,0.2932692731880293,2.8377000474523073,302,True,2.0,0.03333333333333333,1.0,False,4.0
LEVEL,threat,ip,real_macro,c,1,0.1239623330724373,0.04390782696341945,0.525623832095329,0.23583849419132702,0.8135579964837689,-0.7406119335616963,0.9885365997065709,-1.368899130554694,1.6168237966995687,2.840170807468982,302,True,2.0,0.05,1.0,False,3.0
LEVEL,threat,cpi,real_macro,c,1,0.10352856227247995,0.03667012458837282,0.09896923239714815,1.0460681543637311,0.29552956693789234,-0.05926133859257235,0.26631846313753227,-0.1754526913750276,0.38250981591998745,2.8188685199456645,302,True,1.0,0.03333333333333333,0.886588700813677,False,3.0
LEVEL,threat,infl_exp,real_macro,c,1,-0.026496713554096916,-0.009385214726095374,0.1275744587384994,-0.20769606875941807,0.8354662874230591,-0.2363380247164886,0.18334459760829477,-0.388201832163117,0.3352084050549231,2.83524713477671,302,True,3.0,0.1,1.0,False,3.0
LEVEL,threat,freight,physical_channel,c,1,0.009472254252444112,0.0033551006209829536,0.009049666569799358,1.0466964920072324,0.2952395821875262,-0.005413122627591851,0.024357631132480073,-0.01618074205502444,0.03512525055991266,2.834689666145049,302,True,1.0,0.1,0.2952395821875262,False,1.0
LEVEL,threat,oil,asset_price,c,2,0.010716662604357061,0.003795873759349907,0.03711911384854507,0.288710087425137,0.7728032426333648,-0.05033884643864692,0.07177217164736104,-0.09531808581081493,0.11675141101952906,2.8566077532944165,301,True,4.0,0.1,1.0,False,4.0
LEVEL,threat,dxy,asset_price,c,2,-0.0032663434333217527,-0.001156948556216562,0.004471819766478437,-0.7304282381429701,0.4651284628918172,-0.010621832395287096,0.00408914552864359,-0.015906761280365594,0.00937407441372209,2.826683208880349,301,True,2.0,0.03333333333333333,1.0,False,4.0
LEVEL,threat,vix,asset_price,c,2,-2.79994752686325,-0.9917497393690238,1.8720105363544302,-1.495690046871153,0.13473444520660272,-5.879130847277205,0.2792357935507055,-7.8995194688645025,2.2996244151380023,2.72411497850445,301,True,1.0,0.025,0.5389377808264109,False,4.0
LEVEL,threat,us10y,asset_price,c,2,0.022737234827245923,0.00805359618262402,0.06455276953346395,0.3522271002711822,0.7246679545176964,-0.08344262226963475,0.1289170919241266,-0.16044416234104258,0.20591863199553445,2.8377000474523073,301,True,3.0,0.05,1.0,False,4.0
LEVEL,threat,ip,real_macro,c,2,-0.4737717268822739,-0.16781135437287634,0.6752848743975394,-0.701587944354526,0.48293617207557893,-1.5845165017605358,0.6369730479959881,-2.3916961138715234,1.4441526601069756,2.840170807468982,301,True,2.0,0.05,1.0,False,3.0
LEVEL,threat,cpi,real_macro,c,2,-0.08009197634723869,-0.02836881616739078,0.10012078885287455,-0.7999535088055709,0.42373773388031644,-0.24477601902513194,0.08459206633065455,-0.3623193162367336,0.2021353635422562,2.8188685199456645,301,True,1.0,0.03333333333333333,1.0,False,3.0
LEVEL,threat,infl_exp,real_macro,c,2,0.02533378100224932,0.008973300558371424,0.15985984851255908,0.15847494688610955,0.8740825606744669,-0.23761227062754642,0.28827983263204504,-0.4279083964588227,0.47857595846332135,2.83524713477671,301,True,3.0,0.1,1.0,False,3.0
LEVEL,threat,freight,physical_channel,c,2,0.012011957389061502,0.0042546710235171455,0.009128541481423346,1.3158681935669494,0.18821828587438094,-0.003003157175434654,0.027027071953557656,-0.013864624815305673,0.03788853959342868,2.834689666145049,301,True,1.0,0.1,0.18821828587438094,False,1.0
LEVEL,threat,oil,asset_price,c,6,0.015328768837672547,0.005429495500810593,0.038183454128411475,0.4014505546334726,0.6880884351293148,-0.04747742417498023,0.07813496185032533,-0.09374638227310937,0.12440391994845447,2.8566077532944165,297,True,3.0,0.05,1.0,False,4.0
LEVEL,threat,dxy,asset_price,c,6,-0.005434050628868564,-0.0019247568903321413,0.004568488544747666,-1.1894635557565365,0.23425730392938215,-0.012948545581383017,0.0020804443236458877,-0.018347720488269013,0.007479619230531885,2.826683208880349,297,True,1.0,0.025,0.9370292157175286,False,4.0
LEVEL,threat,vix,asset_price,c,6,-1.087371863527665,-0.38515034724914715,1.691022193008506,-0.6430263706906864,0.5202069887580536,-3.8688558509531386,1.6941121238978085,-5.69391074848558,3.5191670214302495,2.72411497850445,297,True,2.0,0.03333333333333333,1.0,False,4.0
LEVEL,threat,us10y,asset_price,c,6,0.009859991829247471,0.0034924384235842415,0.08377153517986315,0.11770098050701115,0.9063045898500808,-0.12793192164664327,0.1476519053051382,-0.2278584975258028,0.24757848118429773,2.8377000474523073,297,True,4.0,0.1,1.0,False,4.0
LEVEL,threat,ip,real_macro,c,6,0.2665729618211478,0.0944209357041512,0.3228518092250568,0.825682106168166,0.4089844454111582,-0.2644710075505316,0.7976169311928272,-0.6503813218784036,1.183527245520699,2.840170807468982,297,True,3.0,0.1,0.9227737676858747,False,3.0
LEVEL,threat,cpi,real_macro,c,6,0.06629242694605687,0.02348097473796086,0.07685536307237316,0.8625608454107571,0.3883789658938417,-0.060123395754208345,0.1927082496463221,-0.1503527366076503,0.2829375904997641,2.8188685199456645,297,True,2.0,0.05,0.9227737676858747,False,3.0
LEVEL,threat,infl_exp,real_macro,c,6,0.09028851717711524,0.031980461247691445,0.08849305127698147,1.0202893433351508,0.30759125589529157,-0.05526959917583034,0.2358466335300608,-0.16061115290359496,0.3411881872578254,2.83524713477671,297,True,1.0,0.03333333333333333,0.9227737676858747,False,3.0
LEVEL,threat,freight,physical_channel,c,6,0.0020538541897446557,0.0007274812609303314,0.006413324640583513,0.3202479688534505,0.7487803624830356,-0.008495126106136383,0.012602834485625693,-0.01612593089455084,0.02023363927404015,2.834689666145049,297,True,1.0,0.1,0.7487803624830356,False,1.0
INNOVATION,pooled,oil,asset_price,a,1,-0.050310922871431775,-0.011265602000956956,0.05192140220506843,-0.9689823605441948,0.33255399026187904,-0.13571402960484474,0.0350921838619812,-0.1960079312503508,0.09538608550748726,2.806106965360355,302,True,1.0,0.025,1.0,False,4.0
INNOVATION,pooled,dxy,asset_price,a,1,0.0010998441978805197,0.00024627667888436547,0.004215068000802828,0.26093154313786554,0.7941452993196623,-0.005833325691087103,0.008033014086848143,-0.010789774777888837,0.012989463173649877,2.820741912942991,302,True,4.0,0.1,1.0,False,4.0
INNOVATION,pooled,vix,asset_price,a,1,-0.8132972427677247,-0.1821131977425822,1.6770863372752858,-0.4849465556371209,0.627714256853746,-3.5718587873457386,1.9452643018102889,-5.314416220299357,3.687821734763908,2.6838922227727835,302,True,2.0,0.03333333333333333,1.0,False,4.0
INNOVATION,pooled,us10y,asset_price,a,1,0.03317332287220359,0.007428157370170151,0.07649904397055735,0.43364362677488116,0.6645472490663438,-0.0926564070610878,0.15900305280549498,-0.1823533885493928,0.24870003429379997,2.817377842062281,302,True,3.0,0.05,1.0,False,4.0
INNOVATION,pooled,ip,real_macro,a,1,0.05159165388154627,0.011552382783474192,0.5324572879145304,0.09689350686439983,0.9228109653168948,-0.8242226473414133,0.9274059551045059,-1.445106864005966,1.5482901717690585,2.8109269078645065,302,True,3.0,0.1,1.0,False,3.0
INNOVATION,pooled,cpi,real_macro,a,1,0.05572170854081229,0.012477182993408501,0.09752985812103851,0.5713297405975859,0.5677761453346781,-0.10470063232564039,0.21614404940726498,-0.21822854820909185,0.3296719652907164,2.808886037852334,302,True,1.0,0.03333333333333333,1.0,False,3.0
INNOVATION,pooled,infl_exp,real_macro,a,1,-0.06192762138601257,-0.013866808549380003,0.1306600638335602,-0.47395982803818576,0.635528554245989,-0.276844301280355,0.15298905850832983,-0.42788602639261664,0.30403078362059144,2.8008436110422834,302,True,2.0,0.05,1.0,False,3.0
INNOVATION,pooled,freight,physical_channel,a,1,0.00695355192070368,0.0015570366028033892,0.011577825852440956,0.6005922017938852,0.5481116332174211,-0.012090276924896348,0.025997380766303705,-0.025770530710093924,0.039677634551501285,2.826444536985187,302,True,1.0,0.1,0.5481116332174211,False,1.0
INNOVATION,pooled,oil,asset_price,a,2,0.002312092682706751,0.0005177228813564367,0.03240478385747089,0.07135035039506057,0.9431189234861214,-0.05098903357583276,0.05561321894124627,-0.08861919701073911,0.09324338237615262,2.806106965360355,301,True,4.0,0.1,1.0,False,4.0
INNOVATION,pooled,dxy,asset_price,a,2,0.0029963569273951116,0.0006709430610745417,0.004049335700451237,0.7399625886935511,0.45932269502273737,-0.0036642075862361864,0.009656921441026409,-0.008425774002444056,0.01441848785723428,2.820741912942991,301,True,2.0,0.03333333333333333,1.0,False,4.0
INNOVATION,pooled,vix,asset_price,a,2,-1.772750788432789,-0.39695365716908193,1.38501932444757,-1.2799466095102103,0.2005639137113675,-4.050904847648252,0.5054032707826739,-5.489993381707636,1.9444918048420585,2.6838922227727835,301,True,1.0,0.025,0.80225565484547,False,4.0
INNOVATION,pooled,us10y,asset_price,a,2,0.02108058178243258,0.004720355556116452,0.05468259946629784,0.3855080407328667,0.6998610503355707,-0.06886429028084207,0.11102545384570722,-0.13298096230028167,0.17514212586514682,2.817377842062281,301,True,3.0,0.05,1.0,False,4.0
INNOVATION,pooled,ip,real_macro,a,2,-0.6158019108674333,-0.13789012093834102,0.5560528113422522,-1.1074522029318639,0.2680984665481799,-1.5304273943802995,0.2988235726454329,-2.1788257204630757,0.9472218987282093,2.8109269078645065,301,True,2.0,0.05,0.7139878738473283,False,3.0
INNOVATION,pooled,cpi,real_macro,a,2,-0.1035086527837722,-0.023177616695625482,0.08771840161552409,-1.180010703312378,0.23799595794910944,-0.24779258383145286,0.04077527826390846,-0.34989964634434145,0.142882340776797,2.808886037852334,301,True,1.0,0.03333333333333333,0.7139878738473283,False,3.0
INNOVATION,pooled,infl_exp,real_macro,a,2,0.09396468056646086,0.021040534201965385,0.19045041974394067,0.49338132566363335,0.6217431747773654,-0.21929838310379024,0.40722774423671193,-0.4394571607936765,0.6273865219265983,2.8008436110422834,301,True,3.0,0.1,0.7139878738473283,False,3.0
INNOVATION,pooled,freight,physical_channel,a,2,0.009944491992536325,0.0022267667237174144,0.008421788427371448,1.1808052503689093,0.23768009785547473,-0.003908117247643537,0.023797101232716188,-0.013859225899652773,0.033748209884725426,2.826444536985187,301,True,1.0,0.1,0.23768009785547473,False,1.0
INNOVATION,pooled,oil,asset_price,a,6,-0.00588135701373358,-0.0013169511422316247,0.03224096907351168,-0.1824187418288722,0.8552541187120559,-0.05891303193072951,0.04715031790326235,-0.09635296490088248,0.08459025087341533,2.806106965360355,297,True,3.0,0.05,1.0,False,4.0
INNOVATION,pooled,dxy,asset_price,a,6,-0.004954124974766754,-0.0011093257098731266,0.004812285680477579,-1.0294744127233733,0.30325679749621315,-0.012869630530226933,0.002961380580693425,-0.018528340890745246,0.008620090941211736,2.820741912942991,297,True,1.0,0.025,1.0,False,4.0
INNOVATION,pooled,vix,asset_price,a,6,-0.2887373652995593,-0.06465395692665386,1.4423142422187503,-0.20019033082235044,0.8413317290007883,-2.661133177816835,2.0836584472177164,-4.159753342784883,3.5822786121857653,2.6838922227727835,297,True,2.0,0.03333333333333333,1.0,False,4.0
INNOVATION,pooled,us10y,asset_price,a,6,-0.0007203109853659782,-0.000161291751669657,0.07760054588122507,-0.009282292762070023,0.9925939082691058,-0.12836185033151318,0.1269212283607812,-0.21935036948306688,0.2179097475123349,2.817377842062281,297,True,4.0,0.1,1.0,False,4.0
INNOVATION,pooled,ip,real_macro,a,6,0.17116537209359642,0.038327282591890284,0.24484619652340486,0.6990730283908442,0.4845063932846838,-0.23157078230319902,0.5739015264903918,-0.5170793900023233,0.8594101341895161,2.8109269078645065,297,True,1.0,0.03333333333333333,1.0,False,3.0
INNOVATION,pooled,cpi,real_macro,a,6,0.0385594430580968,0.008634215277290119,0.06822286089071673,0.5651982715861698,0.5719389121817102,-0.07365717711900435,0.15077606323519796,-0.15307079836017948,0.23018968447637309,2.808886037852334,297,True,3.0,0.1,1.0,False,3.0
INNOVATION,pooled,infl_exp,real_macro,a,6,0.04250718153563048,0.009518191319737393,0.07084569003678737,0.599996718410932,0.5485084225147283,-0.074023608675259,0.15903797174651996,-0.15592051677378735,0.24093487984504833,2.8008436110422834,297,True,2.0,0.05,1.0,False,3.0
INNOVATION,pooled,freight,physical_channel,a,6,0.00257669978942844,0.000576973600302083,0.005514112984061717,0.4672918013969371,0.6402911213794087,-0.00649320895182568,0.01164660853068256,-0.013008634730691887,0.01816203430954877,2.826444536985187,297,True,1.0,0.1,0.6402911213794087,False,1.0
INNOVATION,pooled,oil,asset_price,b,1,-0.046562923576685386,-0.010426351477519311,0.05221691672234487,-0.8917210455813833,0.372542470230931,-0.1324521084356573,0.03932626128228654,-0.19360490953296017,0.10047906237958938,2.815983692375923,302,True,1.0,0.025,1.0,False,4.0
INNOVATION,pooled,dxy,asset_price,b,1,0.0015786541029397462,0.0003534916039275348,0.004266962934631012,0.36997136537729525,0.7114038260730547,-0.005439875356155572,0.008597183562035064,-0.010519875256836156,0.013677183462715648,2.835395935029871,302,True,4.0,0.1,1.0,False,4.0
INNOVATION,pooled,vix,asset_price,b,1,-1.0015992778248746,-0.22427771514460065,1.899734093544251,-0.5272313010692115,0.5980329745702291,-4.126383791834503,2.123185236184754,-6.1032048026924475,4.100006247042698,2.6854313675814123,302,True,3.0,0.05,1.0,False,4.0
INNOVATION,pooled,us10y,asset_price,b,1,0.06140327346973218,0.013749396770829618,0.09207451682179696,0.6668867303270613,0.5048444876131626,-0.0900458294744049,0.21285237641386925,-0.1972957922212284,0.32010233916069275,2.809670630057744,302,True,2.0,0.03333333333333333,1.0,False,4.0
INNOVATION,pooled,ip,real_macro,b,1,0.10373896494056863,0.023229188102913734,0.5963077899989135,0.1739688239537465,0.8618899634628074,-0.8771000662185611,1.0845779960996984,-1.5907622181871945,1.7982401480683319,2.8416552853197685,302,True,3.0,0.1,1.0,False,3.0
INNOVATION,pooled,cpi,real_macro,b,1,0.09919438533004643,0.022211567629430457,0.09828205050146738,1.0092828224881758,0.31283901580722306,-0.06246520190151994,0.2608539725616128,-0.17867146568257813,0.377060236342671,2.8272288743963063,302,True,1.0,0.03333333333333333,0.9385170474216692,False,3.0
INNOVATION,pooled,infl_exp,real_macro,b,1,-0.04482256963322528,-0.010036652109095469,0.12806789285040204,-0.349990685687186,0.7263456878720991,-0.2554755076842416,0.16583036841779103,-0.4068839919767438,0.31723885271029323,2.827105328940234,302,True,2.0,0.05,1.0,False,3.0
INNOVATION,pooled,freight,physical_channel,b,1,0.008975750878477035,0.002009846595640165,0.011694047006452338,0.7675487257340895,0.4427553345365247,-0.010259244753827099,0.02821074651078117,-0.024063926968223754,0.04201542872517783,2.8253416313848176,302,True,1.0,0.1,0.4427553345365247,False,1.0
INNOVATION,pooled,oil,asset_price,b,2,-0.0046058877473545414,-0.001031348567295796,0.03413358027329437,-0.13493714138619448,0.8926615735079921,-0.06075063106072201,0.051538855566012926,-0.10072549315935599,0.0915137176646469,2.815983692375923,301,True,4.0,0.1,1.0,False,4.0
INNOVATION,pooled,dxy,asset_price,b,2,0.001114621836228147,0.0002495856818331661,0.004120881697042869,0.27048139650017033,0.7867899271679251,-0.0056636253693907535,0.007892869041847047,-0.010569709376306198,0.012798953048762492,2.835395935029871,301,True,2.0,0.03333333333333333,1.0,False,4.0
INNOVATION,pooled,vix,asset_price,b,2,-2.063938969393262,-0.462156399771644,1.638157939771385,-1.259914516961226,0.20770020125362698,-4.758468998145576,0.6305910593590522,-6.463099685907881,2.3352217471213574,2.6854313675814123,301,True,1.0,0.025,0.8308008050145079,False,4.0
INNOVATION,pooled,us10y,asset_price,b,2,0.011652432975652535,0.0026092081948484486,0.06299668153395718,0.1849689966505856,0.8532533530247018,-0.09196788713138376,0.11527275308268883,-0.165347492921408,0.18865235887271303,2.809670630057744,301,True,3.0,0.05,1.0,False,4.0
INNOVATION,pooled,ip,real_macro,b,2,-0.5948026385165771,-0.13318797215806535,0.5628305116653259,-1.0568059587897087,0.29060015424920027,-1.5205764469882412,0.33097116995508713,-2.19417293672958,1.0045676596964261,2.8416552853197685,301,True,2.0,0.05,0.7312771192136998,False,3.0
INNOVATION,pooled,cpi,real_macro,b,2,-0.10718898254674947,-0.024001714684206032,0.09195700029303593,-1.1656424438071529,0.24375903973789992,-0.2584447880023272,0.04406682290882827,-0.36717246897809025,0.15279450388459132,2.8272288743963063,301,True,1.0,0.03333333333333333,0.7312771192136998,False,3.0
INNOVATION,pooled,infl_exp,real_macro,b,2,0.09180600107958557,0.02055716354289572,0.19808216988750618,0.46347433053527015,0.6430244102479437,-0.23401017449429662,0.4176221766534678,-0.4681931569774279,0.6518051591365991,2.827105328940234,301,True,3.0,0.1,0.7312771192136998,False,3.0
INNOVATION,pooled,freight,physical_channel,b,2,0.009574415228144048,0.0021438992806355325,0.008227479855468262,1.163711780075714,0.24454083386417935,-0.003958584852793096,0.02310741530908119,-0.013671026128890373,0.03281985658517847,2.8253416313848176,301,True,1.0,0.1,0.24454083386417935,False,1.0
INNOVATION,pooled,oil,asset_price,b,6,0.01228530222608392,0.002750920027728628,0.03506892886781625,0.35031871866946274,0.7260995187852477,-0.045397952615446824,0.06996855706761466,-0.08646822957477787,0.11103883402694573,2.815983692375923,297,True,2.0,0.03333333333333333,1.0,False,4.0
INNOVATION,pooled,dxy,asset_price,b,6,-0.0039733433424029765,-0.0008897094736873013,0.004350631905580529,-0.9132795944668161,0.3610955115293697,-0.011129496011827904,0.003182809327021951,-0.01630910736229727,0.008362420677491315,2.835395935029871,297,True,1.0,0.025,1.0,False,4.0
INNOVATION,pooled,vix,asset_price,b,6,-0.2618592445028598,-0.05863541872167891,1.4900468245322793,-0.17573893665056906,0.8604990443009228,-2.7127681681623033,2.189049679156584,-4.26327772626692,3.7395592372612,2.6854313675814123,297,True,3.0,0.05,1.0,False,4.0
INNOVATION,pooled,us10y,asset_price,b,6,0.00502768257590651,0.0011257966989007633,0.09010632742264363,0.05579722001457423,0.9555033496027179,-0.14318403689650575,0.1532394020483188,-0.24814141916586197,0.258196784317675,2.809670630057744,297,True,4.0,0.1,1.0,False,4.0
INNOVATION,pooled,ip,real_macro,b,6,0.2280505768699326,0.05106499520334057,0.2549816809970351,0.8943802393105422,0.37111848159834415,-0.19135696592422388,0.6474581196640891,-0.4965194645950114,0.9526206183348765,2.8416552853197685,297,True,1.0,0.03333333333333333,1.0,False,3.0
INNOVATION,pooled,cpi,real_macro,b,6,0.04512800160634071,0.01010504431601798,0.06970430838529874,0.6474205490554527,0.5173598000560058,-0.06952538285536183,0.15978138606804326,-0.1519420317304005,0.2421980349430819,2.8272288743963063,297,True,3.0,0.1,1.0,False,3.0
INNOVATION,pooled,infl_exp,real_macro,b,6,0.06278686685743937,0.014059210456356658,0.07582926286139925,0.8280031281881405,0.40766872831918866,-0.061941171189189764,0.1875149049040685,-0.15159044626763224,0.27716417998251097,2.827105328940234,297,True,2.0,0.05,1.0,False,3.0
INNOVATION,pooled,freight,physical_channel,b,6,0.003179880373095112,0.0007120375586329326,0.006021050800534977,0.5281271456491575,0.5974110910057205,-0.0067238668742239105,0.013083627620414134,-0.013831645118339243,0.020191405864529468,2.8253416313848176,297,True,1.0,0.1,0.5974110910057205,False,1.0
INNOVATION,pooled,oil,asset_price,c,1,-0.043878777835361676,-0.009825318622057879,0.0520014946292523,-0.8437983974921873,0.3987820711539817,-0.1294136248831848,0.04165606921246147,-0.1913865602110477,0.10362900454032434,2.8366065903942066,302,True,1.0,0.025,1.0,False,4.0
INNOVATION,pooled,dxy,asset_price,c,1,0.0010935468168990162,0.0002448665718193985,0.004195843062591589,0.26062624378128674,0.794380749329938,-0.005808000862723932,0.007995094496521964,-0.010814651463733813,0.013001745097531846,2.838094300237639,302,True,4.0,0.1,1.0,False,4.0
INNOVATION,pooled,vix,asset_price,c,1,-1.241154348058859,-0.2779187919633244,1.9073358974096624,-0.6507266757493847,0.5152229401288049,-4.378442716727883,1.8961340206101651,-6.372549692703267,3.8902409965855496,2.690346965950421,302,True,2.0,0.03333333333333333,1.0,False,4.0
INNOVATION,pooled,us10y,asset_price,c,1,0.053866679261712916,0.012061805569069455,0.09772690062980939,0.551196026012945,0.5814993039854013,-0.10687976768995518,0.21461312621338102,-0.22115347335454782,0.32888683187797363,2.8141704161686265,302,True,3.0,0.05,1.0,False,4.0
INNOVATION,pooled,ip,real_macro,c,1,0.06644822378769173,0.014879060055718516,0.531524218955219,0.1250144799014135,0.9005120869687835,-0.8078313155733485,0.9407277631487321,-1.4273994081110333,1.5602958556864168,2.810497769669047,302,True,3.0,0.1,1.0,False,3.0
INNOVATION,pooled,cpi,real_macro,c,1,0.1013967978203224,0.022704730965368278,0.10338861512435422,0.9807346553425047,0.32672360937850087,-0.06866234075246147,0.2714559363931063,-0.19131929148766474,0.39411288712830955,2.831221686797069,302,True,1.0,0.03333333333333333,0.9801708281355026,False,3.0
INNOVATION,pooled,infl_exp,real_macro,c,1,-0.0517018344148661,-0.011577054365027295,0.1363853455733604,-0.37908643481829335,0.7046236793043181,-0.27603576474423785,0.17263209591450568,-0.4380093583012021,0.3346056894714699,2.8324709099963,302,True,2.0,0.05,1.0,False,3.0
INNOVATION,pooled,freight,physical_channel,c,1,0.008287511807077668,0.0018557363742930598,0.011402247766333041,0.726831408763794,0.4673292397470794,-0.010467516786774557,0.02704254040092989,-0.023896735049417674,0.040471758663573006,2.8226230052222223,302,True,1.0,0.1,0.4673292397470794,False,1.0
INNOVATION,pooled,oil,asset_price,c,2,-0.0029961682347579704,-0.0006709008090936752,0.03311405596349013,-0.09048025521432326,0.9279055836451584,-0.05746394328937874,0.0514716068198628,-0.09692771761547665,0.09093538114596071,2.8366065903942066,301,True,4.0,0.1,1.0,False,4.0
INNOVATION,pooled,dxy,asset_price,c,2,0.0015962411530878705,0.00035742968925834765,0.004113425924088446,0.3880563750377017,0.6979743147902033,-0.005169742397345221,0.008362224703520962,-0.010078049516517291,0.013270531822693032,2.838094300237639,301,True,2.0,0.03333333333333333,1.0,False,4.0
INNOVATION,pooled,vix,asset_price,c,2,-2.2212518376433317,-0.4973818351679124,1.6097990744640256,-1.3798317273743532,0.16763846141073124,-4.869135683938607,0.42663200865194373,-6.552169893417419,2.1096662181307555,2.690346965950421,301,True,1.0,0.025,0.670553845642925,False,4.0
INNOVATION,pooled,us10y,asset_price,c,2,0.020816077301538054,0.004661127817105536,0.061964222693804076,0.3359370358666582,0.7369183477977571,-0.08110599913759431,0.1227381537406704,-0.15356180506425002,0.19519395966732614,2.8141704161686265,301,True,3.0,0.05,1.0,False,4.0
INNOVATION,pooled,ip,real_macro,c,2,-0.5299711642682071,-0.11867093402135981,0.5667520299126538,-0.9351023662851013,0.34973554721465705,-1.462195296252145,0.4022529677157308,-2.1228264802931256,1.0628841517567116,2.810497769669047,301,True,2.0,0.05,0.6994710944293141,False,3.0
INNOVATION,pooled,cpi,real_macro,c,2,-0.11371123460684394,-0.025462174792376075,0.09114933564061821,-1.247526751650526,0.2122044175195814,-0.2636385499295319,0.03621608071584402,-0.3717752104097073,0.14435274119601937,2.831221686797069,301,True,1.0,0.03333333333333333,0.6366132525587442,False,3.0
INNOVATION,pooled,infl_exp,real_macro,c,2,0.08263350530665295,0.018503261908107874,0.19439741265351201,0.4250751292350602,0.6707819076240418,-0.2371217839664583,0.4023887945797642,-0.46799151101296643,0.6332585216262723,2.8324709099963,301,True,3.0,0.1,0.6994710944293141,False,3.0
INNOVATION,pooled,freight,physical_channel,c,2,0.008592769616687543,0.0019240895825921164,0.008131936301932105,1.0566695676952051,0.29066241851951213,-0.004783075303683822,0.02196861453705891,-0.01436062086614774,0.031546160099522824,2.8226230052222223,301,True,1.0,0.1,0.29066241851951213,False,1.0
INNOVATION,pooled,oil,asset_price,c,6,0.007950378189405857,0.001780245547628259,0.03546239083094087,0.2241918269782636,0.8226080427539298,-0.05038006398923786,0.06628082036804958,-0.09264247335277609,0.10854322973158781,2.8366065903942066,297,True,3.0,0.05,1.0,False,4.0
INNOVATION,pooled,dxy,asset_price,c,6,-0.004341602163549103,-0.0009721698436347109,0.0043070489900879335,-1.0080224704991025,0.31344367494172454,-0.011426067316352916,0.00274286298925471,-0.016565413353161945,0.00788220902606374,2.838094300237639,297,True,1.0,0.025,1.0,False,4.0
INNOVATION,pooled,vix,asset_price,c,6,-0.600205247073438,-0.1343977221347075,1.5444899134327377,-0.388610661586931,0.6975641787271853,-3.140665082973242,1.9402545888263658,-4.755418999618232,3.5550085054713563,2.690346965950421,297,True,2.0,0.03333333333333333,1.0,False,4.0
INNOVATION,pooled,us10y,asset_price,c,6,-0.01838601855897414,-0.0041169900221652645,0.08991232216687467,-0.20448830722946093,0.8379719284306182,-0.1662786277827872,0.1295065906648389,-0.27141461565001546,0.23464257853206716,2.8141704161686265,297,True,4.0,0.1,1.0,False,4.0
INNOVATION,pooled,ip,real_macro,c,6,0.33659553280674986,0.07537033891409874,0.3084972417174348,1.0910811744471007,0.2752371656756737,-0.17083727413669775,0.8440283397501975,-0.5304352769891536,1.2036263426026532,2.810497769669047,297,True,1.0,0.03333333333333333,0.8257114970270211,False,3.0
INNOVATION,pooled,cpi,real_macro,c,6,0.04021273697519107,0.009004420198956609,0.06886138652689754,0.5839664143196392,0.5592429084307678,-0.07305416441048357,0.15347963836086573,-0.15474911394267676,0.2351745878930589,2.831221686797069,297,True,3.0,0.1,0.9850596292984652,False,3.0
INNOVATION,pooled,infl_exp,real_macro,c,6,0.0537175685398451,0.012028416755055232,0.07827232516430745,0.6862906963231568,0.4925298146492326,-0.075028949396591,0.1824640864762812,-0.16798651554582708,0.27542165262551727,2.8324709099963,297,True,2.0,0.05,0.9850596292984652,False,3.0
INNOVATION,pooled,freight,physical_channel,c,6,0.002307252876730731,0.0005166391539116624,0.006075011820819841,0.37979397321063324,0.704098356421665,-0.007685252350517851,0.012299758103979312,-0.014840215245712293,0.019454720999173756,2.8226230052222223,297,True,1.0,0.1,0.704098356421665,False,1.0
INNOVATION,act,oil,asset_price,a,1,-0.03181424698499443,-0.00932711304833289,0.021102557337987674,-1.5076014947119303,0.13165654997555717,-0.06652486496033486,0.002896370990345995,-0.09160372553735402,0.027975231567365158,2.8332811798468533,302,True,1.0,0.025,0.5266261999022287,False,4.0
INNOVATION,act,dxy,asset_price,a,1,-0.000986599618160733,-0.00028924544957381864,0.002816059320415695,-0.3503475977967308,0.7260778480860492,-0.0056186050050569866,0.0036454057687355206,-0.00897139128747132,0.006998192051149855,2.835448675183414,302,True,4.0,0.1,1.0,False,4.0
INNOVATION,act,vix,asset_price,a,1,-1.140827506453964,-0.3344610710529348,0.8962319197114009,-1.272915504751634,0.20304802673674027,-2.6149978301809425,0.3333428172730146,-3.569966759647042,1.2883117467391143,2.7103913616190938,302,True,2.0,0.03333333333333333,0.6091440802102208,False,4.0
INNOVATION,act,us10y,asset_price,a,1,0.022563685875847,0.006615088172615251,0.05649858236531378,0.3993672926154611,0.6896225901979385,-0.07036821224535586,0.11549558399704984,-0.13574492521834355,0.18087229697003757,2.8019926247101927,302,True,3.0,0.05,1.0,False,4.0
INNOVATION,act,ip,real_macro,a,1,0.037034741215699704,0.010857626716656516,0.27107389158578715,0.13662230987663843,0.8913293411266088,-0.40884213253103246,0.4829116149624319,-0.7286446126809519,0.8027140951123514,2.82461490266515,302,True,3.0,0.1,1.0,False,3.0
INNOVATION,act,cpi,real_macro,a,1,0.011868815794653122,0.0034796293220072895,0.06707168565420119,0.1769571717020011,0.8595420306262476,-0.09845428961940872,0.12219192120871497,-0.17691136237388203,0.20064899396318828,2.8146031567153624,302,True,2.0,0.05,1.0,False,3.0
INNOVATION,act,infl_exp,real_macro,a,1,-0.08768648641085207,-0.02570740624321164,0.10138336785375479,-0.8649001139648425,0.38709361504466555,-0.25444728673765593,0.07907431391595178,-0.37187251588995013,0.19649954306824596,2.8030833409384814,302,True,1.0,0.03333333333333333,1.0,False,3.0
INNOVATION,act,freight,physical_channel,a,1,0.004870532781798999,0.001427914037471237,0.009114493397044534,0.5343722980125608,0.5930839809810746,-0.010121474740154948,0.019862540303752944,-0.020868221136154386,0.030609286699752387,2.8239368659040816,302,True,1.0,0.1,0.5930839809810746,False,1.0
INNOVATION,act,oil,asset_price,a,2,-0.007033631650507989,-0.0020620785893679305,0.022266044625926407,-0.315890485655368,0.7520856337977163,-0.04365801591132637,0.029590752610310394,-0.07011959683877544,0.056052333537759465,2.8332811798468533,301,True,3.0,0.05,1.0,False,4.0
INNOVATION,act,dxy,asset_price,a,2,0.006011086341928868,0.0017622947945586955,0.0026172115009692213,2.296752226445133,0.02163290826798145,0.0017061565120605375,0.010316016171797199,-0.0014098825411691055,0.013432055225026841,2.835448675183414,301,True,1.0,0.025,0.0865316330719258,True,4.0
INNOVATION,act,vix,asset_price,a,2,-0.7464177216505431,-0.21883033957702538,0.9740496842481495,-0.7663035404879668,0.44349571216428707,-2.348586877617048,0.8557514343159619,-3.3864735716245336,1.8936381283234476,2.7103913616190938,301,True,2.0,0.03333333333333333,1.0,False,4.0
INNOVATION,act,us10y,asset_price,a,2,-0.013427482240049377,-0.003936589945582979,0.04307429559652617,-0.31172842304430554,0.7552469250908415,-0.08427839358037527,0.05742342910027652,-0.13412134081610244,0.10726637633600368,2.8019926247101927,301,True,4.0,0.1,1.0,False,4.0
INNOVATION,act,ip,real_macro,a,2,-0.4057703192369729,-0.1189613458701837,0.199203582307818,-2.0369629628947084,0.041653753676788044,-0.7334310540977135,-0.07810958437623228,-0.9684437264879195,0.15690308801397373,2.82461490266515,301,True,1.0,0.03333333333333333,0.12496126103036413,False,3.0
INNOVATION,act,cpi,real_macro,a,2,-0.07587693392432439,-0.02224515138789422,0.06577085403251767,-1.1536559018499317,0.24864126995049052,-0.18406036172740695,0.03230649387875817,-0.26099578730411394,0.10924191945546517,2.8146031567153624,301,True,2.0,0.05,0.49728253990098104,False,3.0
INNOVATION,act,infl_exp,real_macro,a,2,0.07689209533532154,0.02254277041521684,0.144095549974053,0.5336188060572818,0.5936052943554126,-0.16012399266706664,0.31390818333770976,-0.32701974030031483,0.4808039309709579,2.8030833409384814,301,True,3.0,0.1,0.5936052943554126,False,3.0
INNOVATION,act,freight,physical_channel,a,2,0.005830282606106009,0.0017092878230475948,0.005164663379009871,1.1288794986719435,0.25894867029666624,-0.0026648326848418237,0.014325397897053841,-0.008754400709864711,0.020414965922076728,2.8239368659040816,301,True,1.0,0.1,0.25894867029666624,False,1.0
INNOVATION,act,oil,asset_price,a,6,-0.01579398835634683,-0.004630388233082551,0.025542692821146424,-0.6183368553557993,0.5363533122438893,-0.057807979285316856,0.026220002572623198,-0.08816361920911031,0.05657564249641666,2.8332811798468533,297,True,2.0,0.03333333333333333,1.0,False,4.0
INNOVATION,act,dxy,asset_price,a,6,-0.003753957479919974,-0.001100563084531374,0.0034006944391373707,-1.1038796772556292,0.26964533571855376,-0.009347602062288782,0.0018396871024488328,-0.013396452022075634,0.005888537062235686,2.835448675183414,297,True,1.0,0.025,1.0,False,4.0
INNOVATION,act,vix,asset_price,a,6,0.11099654129828443,0.03254131047487467,1.1408668149926782,0.09729141021513259,0.9224949772953047,-1.7655623772109963,1.9875554598075653,-2.9811990188157593,3.2031921014123284,2.7103913616190938,297,True,4.0,0.1,1.0,False,4.0
INNOVATION,act,us10y,asset_price,a,6,-0.030132390537678733,-0.008834036307507311,0.05157849044757216,-0.5842045836589056,0.5590826780529604,-0.11497145762304965,0.05470667654769219,-0.17465494036546106,0.11439015929010359,2.8019926247101927,297,True,3.0,0.05,1.0,False,4.0
INNOVATION,act,ip,real_macro,a,6,0.08405099063523391,0.02464157306155813,0.15368359265062442,0.5469093296531053,0.584441025761263,-0.1687360241390783,0.3368380054095461,-0.35004597546084015,0.518147956731308,2.82461490266515,297,True,2.0,0.05,1.0,False,3.0
INNOVATION,act,cpi,real_macro,a,6,-0.01929686103143982,-0.005657339757345205,0.05991054378961952,-0.32209457318902385,0.7473810493660653,-0.11784093627643048,0.07924721421355084,-0.18792126670223688,0.14932754463935724,2.8146031567153624,297,True,3.0,0.1,1.0,False,3.0
INNOVATION,act,infl_exp,real_macro,a,6,-0.03782389826634831,-0.011088987120307127,0.05510114395550811,-0.6864448821042544,0.4924326101963571,-0.128457214750741,0.052809418218044385,-0.1922769969546862,0.11662920042198956,2.8030833409384814,297,True,1.0,0.03333333333333333,1.0,False,3.0
INNOVATION,act,freight,physical_channel,a,6,0.0004733389754993915,0.00013877072547865835,0.0037847421430404118,0.1250650526799541,0.9004720499444756,-0.005752007865556717,0.0066986858165555005,-0.010214533890173245,0.011161211841172029,2.8239368659040816,297,True,1.0,0.1,0.9004720499444756,False,1.0
INNOVATION,act,oil,asset_price,b,1,-0.034776098103551076,-0.010195451067715808,0.023801095411332865,-1.4611133438418333,0.14398433883019396,-0.07392541621629997,0.004373220009197827,-0.10210593796184578,0.032553741754743626,2.828854668018165,302,True,1.0,0.025,0.5759373553207758,False,4.0
INNOVATION,act,dxy,asset_price,b,1,0.00034032210711003444,9.977362555082022e-05,0.003015733420678292,0.11284886945792773,0.9101503735425166,-0.004620117947811425,0.005300762162031493,-0.008267313247839138,0.008947957462059208,2.854242784169286,302,True,4.0,0.1,0.9101503735425166,False,4.0
INNOVATION,act,vix,asset_price,b,1,-1.270652071328912,-0.3725222702889374,1.1037681713128047,-1.1511947022513054,0.24965214421470416,-3.086189151226373,0.5448850085685486,-4.240282820793065,1.698978678135241,2.690447891727228,302,True,2.0,0.03333333333333333,0.7489564326441125,False,4.0
INNOVATION,act,us10y,asset_price,b,1,0.05371380818207394,0.015747497069692452,0.0698788287188736,0.7686706999364223,0.44208882299664365,-0.061226636683286,0.16865425304743387,-0.1430395971045125,0.2504672134686604,2.8156368515868557,302,True,3.0,0.05,0.8841776459932873,False,4.0
INNOVATION,act,ip,real_macro,b,1,0.010397286764957719,0.0030482151313666545,0.3274509475259766,0.03175219630150224,0.9746696692191839,-0.528211591921841,0.5490061654517565,-0.9167092707777074,0.9375038443076229,2.8312837832576987,302,True,3.0,0.1,1.0,False,3.0
INNOVATION,act,cpi,real_macro,b,1,0.0595525741995081,0.017459272009173465,0.07115656083902425,0.8369231662872583,0.40263575764249004,-0.05748955297795402,0.17659470137697023,-0.140678887011748,0.2597840354107642,2.8139564201849896,302,True,1.0,0.03333333333333333,1.0,False,3.0
INNOVATION,act,infl_exp,real_macro,b,1,-0.07714044615140861,-0.02261558044081268,0.10598797079114047,-0.7278226536049199,0.4667221553072699,-0.2514751443204427,0.0971942520176255,-0.37379084796984896,0.21950995566703171,2.7989063249736006,302,True,2.0,0.05,1.0,False,3.0
INNOVATION,act,freight,physical_channel,b,1,0.007732383831034237,0.0022669346270925202,0.009477624572122624,0.8158567341629233,0.41458208011563213,-0.007856921321306056,0.023321688983374528,-0.018926842858842524,0.034391610520911,2.812859539540309,302,True,1.0,0.1,0.41458208011563213,False,1.0
INNOVATION,act,oil,asset_price,b,2,-0.017961089846159045,-0.005265726249796345,0.028904889082222766,-0.6213858767998376,0.5343457622835477,-0.06550540148968317,0.029583221797365084,-0.09972882025495221,0.06380664056263412,2.828854668018165,301,True,3.0,0.05,1.0,False,4.0
INNOVATION,act,dxy,asset_price,b,2,0.005199982630842557,0.0015245001986095093,0.002950877061962399,1.762182063723269,0.07803854154558192,0.0003462217927858004,0.010053743468899312,-0.0032225369302342844,0.013622502191919399,2.854242784169286,301,True,1.0,0.025,0.31215416618232766,False,4.0
INNOVATION,act,vix,asset_price,b,2,-1.121374012657077,-0.32875781062642884,1.2560552554987139,-0.8927744283127401,0.371977983126241,-3.1874010553155947,0.9446530300014406,-4.500725226706496,2.2579772013923423,2.690447891727228,301,True,2.0,0.03333333333333333,1.0,False,4.0
INNOVATION,act,us10y,asset_price,b,2,-0.01219107950684211,-0.0035741086939811042,0.05175638025925006,-0.235547374947329,0.813783913110004,-0.09732274929414914,0.07294059028046493,-0.15791825106952903,0.1335360920558448,2.8156368515868557,301,True,4.0,0.1,1.0,False,4.0
INNOVATION,act,ip,real_macro,b,2,-0.45883802095953746,-0.1345194212637339,0.24221762922383386,-1.8943213276004953,0.058182371799839865,-0.8572505668999475,-0.06042547501912743,-1.1446248666001042,0.22694882468102934,2.8312837832576987,301,True,1.0,0.03333333333333333,0.1745471153995196,False,3.0
INNOVATION,act,cpi,real_macro,b,2,-0.06528797452225642,-0.019140742804724588,0.06833642074921677,-0.9553906073285922,0.33938020213327713,-0.17769138404448748,0.04711543499997463,-0.25758368442197765,0.12700773537746485,2.8139564201849896,301,True,2.0,0.05,0.6787604042665543,False,3.0
INNOVATION,act,infl_exp,real_macro,b,2,0.09763177150449168,0.028623106193929576,0.15114093972439765,0.6459650951126886,0.5183019608102095,-0.15097295138203765,0.346236494391021,-0.32539756065257863,0.520661103661562,2.7989063249736006,301,True,3.0,0.1,0.6787604042665543,False,3.0
INNOVATION,act,freight,physical_channel,b,2,0.0061316388307210545,0.0017976376612860755,0.005375654268376358,1.1406311724308549,0.25402343945526606,-0.00271052558985496,0.014973803251297069,-0.008989321559351964,0.021252599220794074,2.812859539540309,301,True,1.0,0.1,0.25402343945526606,False,1.0
INNOVATION,act,oil,asset_price,b,6,-0.003245459217056916,-0.0009514845668206879,0.02659374030288353,-0.12203846394277282,0.9028685561020094,-0.046988269408460424,0.0404973509743466,-0.0784752856129318,0.07198436717881795,2.828854668018165,297,True,3.0,0.05,1.0,False,4.0
INNOVATION,act,dxy,asset_price,b,6,-0.00297510196819769,-0.0008722228252262495,0.0032450851315226855,-0.9168024404961259,0.3592461735512815,-0.008312792016549074,0.0023625880801536945,-0.012237362788861353,0.006287158852465974,2.854242784169286,297,True,1.0,0.025,1.0,False,4.0
INNOVATION,act,vix,asset_price,b,6,0.058686655323864655,0.017205407026996734,1.1718032532426108,0.050082345446189114,0.9600567683746419,-1.868758175845778,1.9861314864935076,-3.0939889368818245,3.211362247529554,2.690447891727228,297,True,4.0,0.1,1.0,False,4.0
INNOVATION,act,us10y,asset_price,b,6,-0.0317769802376268,-0.00931618740342275,0.060510343059628005,-0.525149563378168,0.5994792235652276,-0.13130763748733376,0.06775367701208017,-0.20215213205847837,0.13859817158322474,2.8156368515868557,297,True,2.0,0.03333333333333333,1.0,False,4.0
INNOVATION,act,ip,real_macro,b,6,0.13050592592196406,0.03826095664391,0.16719687619974435,0.7805524175347218,0.43506578671298846,-0.14450846231014172,0.40552031415406986,-0.34287587827371724,0.6038877301176453,2.8312837832576987,297,True,1.0,0.03333333333333333,1.0,False,3.0
INNOVATION,act,cpi,real_macro,b,6,0.0009658630250724107,0.0002831660176745414,0.05908742794026838,0.016346337262281983,0.9869580906809899,-0.09622430712971179,0.09815603317985662,-0.16530358417966376,0.16723531022980856,2.8139564201849896,297,True,3.0,0.1,1.0,False,3.0
INNOVATION,act,infl_exp,real_macro,b,6,-0.017086508586765838,-0.005009321681108571,0.05885830803288586,-0.29029901058690144,0.7715874957107085,-0.11389981003088512,0.07972679285735343,-0.18182539921725455,0.14765238204372289,2.7989063249736006,297,True,2.0,0.05,1.0,False,3.0
INNOVATION,act,freight,physical_channel,b,6,0.004249732879520948,0.001245911588327228,0.004724504887725668,0.899508621646644,0.3683818055777105,-0.0035213861206045746,0.012020851879646471,-0.009039635763523013,0.01753910152256491,2.812859539540309,297,True,1.0,0.1,0.3683818055777105,False,1.0
INNOVATION,act,oil,asset_price,c,1,-0.03350121979842989,-0.009821689775162165,0.023693102667510544,-1.4139650795659129,0.15737215586324305,-0.0724729056548182,0.00547046605795843,-0.10075566282308561,0.03375322322622583,2.838566310560887,302,True,1.0,0.025,0.6294886234529722,False,4.0
INNOVATION,act,dxy,asset_price,c,1,0.0002168876704057344,6.358584635424469e-05,0.0030395563850105028,0.07135504097746322,0.943115190457757,-0.0047827376738022965,0.005216513014613765,-0.008418950936622257,0.008852726277433727,2.8411509816417344,302,True,4.0,0.1,0.9730961603448511,False,4.0
INNOVATION,act,vix,asset_price,c,1,-1.4517496099839962,-0.42561537717930314,1.1332943023635398,-1.2809996546848446,0.20019378738573457,-3.315852853630103,0.41235363366211053,-4.506566051735895,1.603066831767903,2.6955191033617063,302,True,2.0,0.03333333333333333,0.6294886234529722,False,4.0
INNOVATION,act,us10y,asset_price,c,1,0.05047027609612945,0.01479657748779041,0.07253460793500273,0.6958095939714071,0.48654808017242557,-0.06883853684526281,0.16977908903752173,-0.154284338644565,0.2552248908368239,2.8228540908937187,302,True,3.0,0.05,0.9730961603448511,False,4.0
INNOVATION,act,ip,real_macro,c,1,0.028234063727672936,0.008277496064139097,0.29945221274726963,0.09428570745443714,0.9248822031339973,-0.4643209945083174,0.5207891219636632,-0.8214983456190658,0.8779664730744116,2.837622743044788,302,True,3.0,0.1,1.0,False,3.0
INNOVATION,act,cpi,real_macro,c,1,0.05773044553915775,0.01692507108932422,0.0756829260693566,0.7627935194558015,0.4455865465967235,-0.06675688990432359,0.18221778098263908,-0.15541136601729716,0.2708722570956127,2.8162469743985534,302,True,2.0,0.05,1.0,False,3.0
INNOVATION,act,infl_exp,real_macro,c,1,-0.08562876495863465,-0.025104135619963382,0.10922024016349408,-0.7840008850965274,0.43303959095741373,-0.2652800731280687,0.09402254321079943,-0.3930031032859263,0.22174557336865702,2.8142616960663753,302,True,1.0,0.03333333333333333,1.0,False,3.0
INNOVATION,act,freight,physical_channel,c,1,0.007257469373246643,0.0021277020110208,0.009212627681501153,0.7877740883656413,0.43082886010387267,-0.007895954682424062,0.022410893428917347,-0.01878982918436272,0.033304767930856,2.8273473603966464,302,True,1.0,0.1,0.43082886010387267,False,1.0
INNOVATION,act,oil,asset_price,c,2,-0.01543048277614286,-0.004523817813802742,0.02834180447605742,-0.5444424962136133,0.5861370090571272,-0.06204860266293538,0.03118763711064966,-0.09588057414238321,0.06501960859009748,2.838566310560887,301,True,3.0,0.05,1.0,False,4.0
INNOVATION,act,dxy,asset_price,c,2,0.005178687485198068,0.0015182570135704122,0.0029528852919312775,1.753771980018583,0.07946958609294573,0.0003216234027932493,0.010035751567602887,-0.00321090546064792,0.013568280431044057,2.8411509816417344,301,True,1.0,0.025,0.3178783443717829,False,4.0
INNOVATION,act,vix,asset_price,c,2,-1.2247827303179706,-0.35907456777806634,1.24816049594562,-0.9812702246997985,0.326459501895334,-3.277824049091672,0.828258588455731,-4.589223191200811,2.1396577305648696,2.6955191033617063,301,True,2.0,0.03333333333333333,0.979378505686002,False,4.0
INNOVATION,act,us10y,asset_price,c,2,-0.0059905090913856636,-0.0017562620777657801,0.050635465009920784,-0.11830658788680956,0.9058247376817978,-0.08927843736532823,0.07729741918255689,-0.1489270386389463,0.136946020456175,2.8228540908937187,301,True,4.0,0.1,1.0,False,4.0
INNOVATION,act,ip,real_macro,c,2,-0.406150439429186,-0.11907278726329283,0.23817473294337002,-1.7052624953535898,0.08814547900437694,-0.7979130127592864,-0.014387866099085544,-1.0820004784479114,0.26969959958953943,2.837622743044788,301,True,1.0,0.03333333333333333,0.2644364370131308,False,3.0
INNOVATION,act,cpi,real_macro,c,2,-0.06534554359355717,-0.019157620565067708,0.06802285453517265,-0.9606410086740609,0.336732701787286,-0.1772331825913283,0.04654209540421396,-0.25691470186819004,0.12622361468107574,2.8162469743985534,301,True,2.0,0.05,0.673465403574572,False,3.0
INNOVATION,act,infl_exp,real_macro,c,2,0.09240076142498489,0.02708950955115689,0.1457380122879017,0.6340196354705975,0.5260680078087224,-0.14731693667146845,0.3321184595214382,-0.31774414421770764,0.5025456670676774,2.8142616960663753,301,True,3.0,0.1,0.673465403574572,False,3.0
INNOVATION,act,freight,physical_channel,c,2,0.006217674161519356,0.0018228609914778908,0.005490200748310929,1.13250397327133,0.2574226148931328,-0.0028129024520315606,0.015248250775070273,-0.00930503043226524,0.021740378755303953,2.8273473603966464,301,True,1.0,0.1,0.2574226148931328,False,1.0
INNOVATION,act,oil,asset_price,c,6,-0.005797371084845828,-0.0016996390176073435,0.02629672224001552,-0.22045983647437298,0.8255130487270781,-0.049051630038270795,0.03745688786857914,-0.08044236091353112,0.06884761874383945,2.838566310560887,297,True,3.0,0.05,1.0,False,4.0
INNOVATION,act,dxy,asset_price,c,6,-0.0032458656168497003,-0.0009516037127118953,0.003275785082444696,-0.990866474801617,0.32175078450926553,-0.008634052590822386,0.002142321357122985,-0.012552865619484798,0.006061134385785398,2.8411509816417344,297,True,1.0,0.025,1.0,False,4.0
INNOVATION,act,vix,asset_price,c,6,-0.03613722134393996,-0.010594497141061757,1.2410284928164121,-0.029118768467538973,0.9767698670718552,-2.0774474389031345,2.0051729962152542,-3.381353231546765,3.309078788858885,2.6955191033617063,297,True,4.0,0.1,1.0,False,4.0
INNOVATION,act,us10y,asset_price,c,6,-0.048207088023005794,-0.014133069374031837,0.06196418036763915,-0.7779831466661663,0.4365789487886872,-0.15012909484179227,0.05371491879578067,-0.22312292806267223,0.12670875201666063,2.8228540908937187,297,True,2.0,0.03333333333333333,1.0,False,4.0
INNOVATION,act,ip,real_macro,c,6,0.15756012019126933,0.046192545548100886,0.1943415379707415,0.8107382592340621,0.4175159971380823,-0.16210326340723205,0.47722350378977074,-0.39390784787280897,0.7090280882553476,2.837622743044788,297,True,1.0,0.03333333333333333,1.0,False,3.0
INNOVATION,act,cpi,real_macro,c,6,-0.004821482894576786,-0.0014135338812052301,0.06025529209001185,-0.08001758397211411,0.9362232708261737,-0.10393261863185313,0.09428965284269955,-0.17451526693457375,0.16487230114542017,2.8162469743985534,297,True,3.0,0.1,1.0,False,3.0
INNOVATION,act,infl_exp,real_macro,c,6,-0.019470255949575625,-0.0057081746554404475,0.06183147509652535,-0.31489230879872326,0.7528434214580603,-0.12117398202185498,0.08223347012270371,-0.1934802079250089,0.15453969602585763,2.8142616960663753,297,True,2.0,0.05,1.0,False,3.0
INNOVATION,act,freight,physical_channel,c,6,0.0041496265767154246,0.0012165630136600936,0.004843778857555807,0.8566919958045619,0.3916151280802532,-0.003817680645286102,0.01211693379871695,-0.009545418790540067,0.017844671943970918,2.8273473603966464,297,True,1.0,0.1,0.3916151280802532,False,1.0
INNOVATION,threat,oil,asset_price,a,1,-0.03589916658346324,-0.008399043242231528,0.06874213035512705,-0.5222294740940588,0.6015105667183649,-0.14896990902246487,0.07717157585553838,-0.2312127370516555,0.15941440388472902,2.841249892303127,302,True,2.0,0.03333333333333333,1.0,False,4.0
INNOVATION,threat,dxy,asset_price,a,1,0.0013795595157653265,0.0003227645968105133,0.004797397997797035,0.2875641162977973,0.7736804161322943,-0.0065114579808408565,0.00927057701237151,-0.012247407366833574,0.015006526398364228,2.8404912181262434,302,True,4.0,0.1,1.0,False,4.0
INNOVATION,threat,vix,asset_price,a,1,-0.6977422350130928,-0.16324521601863,2.1872228584904105,-0.3190082950644839,0.7497202226156194,-4.295403686752211,2.8999192167260257,-6.64487814589984,5.2493936758736535,2.7190351855555193,302,True,3.0,0.05,1.0,False,4.0
INNOVATION,threat,us10y,asset_price,a,1,0.042087697653711065,0.009846924767393399,0.07422096267254666,0.5670594416754815,0.5706737972434466,-0.07999492199405714,0.16417031730147927,-0.1674333988296028,0.2516087941370249,2.822936929660883,302,True,1.0,0.025,1.0,False,4.0
INNOVATION,threat,ip,real_macro,a,1,0.04865223343993499,0.011382777133366405,0.5229697951939906,0.09303067574273179,0.9258791911735095,-0.811556530970969,0.908860997850839,-1.4205203593019744,1.5178248261818446,2.809287661053033,302,True,3.0,0.1,1.0,False,3.0
INNOVATION,threat,cpi,real_macro,a,1,0.09219911903147174,0.02157109652784249,0.09208583690664082,1.0012301796740553,0.31671553911324957,-0.05926860379527815,0.24366684185822163,-0.16668912580550851,0.35108736386845196,2.8113796163838782,302,True,1.0,0.03333333333333333,0.9501466173397487,False,3.0
INNOVATION,threat,infl_exp,real_macro,a,1,-0.016796038302292853,-0.0039296358502126935,0.11609662106338416,-0.14467292974119275,0.8849691132010996,-0.20775798653521096,0.17416590993062528,-0.3442279248194184,0.31063584821483264,2.8203395027178324,302,True,2.0,0.05,1.0,False,3.0
INNOVATION,threat,freight,physical_channel,a,1,0.00904102358464919,0.00211525657190279,0.008736357235213947,1.0348733850084808,0.30072804558346755,-0.005329005300036207,0.023411052469334587,-0.01574205251640566,0.033824099685704045,2.836774577069814,302,True,1.0,0.1,0.30072804558346755,False,1.0
INNOVATION,threat,oil,asset_price,a,2,0.009944824476346968,0.0023267116973048887,0.032805037608867514,0.30314930880185265,0.7617760780226035,-0.04401466061687821,0.06390430956957215,-0.08326248509684789,0.10315213404954182,2.841249892303127,301,True,3.0,0.05,1.0,False,4.0
INNOVATION,threat,dxy,asset_price,a,2,-0.0011197068052230265,-0.00026196891935706477,0.004495096506048895,-0.2490951648571451,0.8032871694899026,-0.008513482596694441,0.006274068986248389,-0.013887988955284874,0.01164857534483882,2.8404912181262434,301,True,4.0,0.1,1.0,False,4.0
INNOVATION,threat,vix,asset_price,a,2,-2.2931915343868803,-0.536519832995426,1.6486506662229465,-1.3909505399591866,0.16424042551363627,-5.0049805622996555,0.4185974935258945,-6.77593070453662,2.18954763576286,2.7190351855555193,301,True,1.0,0.025,0.6569617020545451,False,4.0
INNOVATION,threat,us10y,asset_price,a,2,0.03544231825327491,0.008292158062279729,0.061340530826355655,0.5777960799459974,0.5634018021853588,-0.06545387635558478,0.13633851286213458,-0.13771813150144627,0.20860276800799607,2.822936929660883,301,True,2.0,0.03333333333333333,1.0,False,4.0
INNOVATION,threat,ip,real_macro,a,2,-0.6430559787475497,-0.15045070642849284,0.6988641290816218,-0.9201444915946543,0.3574972568988075,-1.7925851762137373,0.5064732187186377,-2.6063663533291237,1.3202543958340245,2.809287661053033,301,True,1.0,0.03333333333333333,1.0,False,3.0
INNOVATION,threat,cpi,real_macro,a,2,-0.04289421806256936,-0.010035619949884445,0.09849034578998037,-0.43551698106570236,0.6631872159211558,-0.20489642055492321,0.11910798442978451,-0.3197879686271199,0.23399953250198116,2.8113796163838782,301,True,2.0,0.05,1.0,False,3.0
INNOVATION,threat,infl_exp,real_macro,a,2,0.057965085777423306,0.013561631322341158,0.1487217998163805,0.3897551391187435,0.69671761926502,-0.18666050605730095,0.3025906776121476,-0.3614808811600083,0.47741105271485496,2.8203395027178324,301,True,3.0,0.1,1.0,False,3.0
INNOVATION,threat,freight,physical_channel,a,2,0.013112786182830058,0.0030678945685178884,0.008985128514233356,1.4593877162756297,0.14445842497836586,-0.001666435042431769,0.027892007408091883,-0.012375997958052196,0.03860157032371231,2.836774577069814,301,True,1.0,0.1,0.14445842497836586,False,1.0
INNOVATION,threat,oil,asset_price,a,6,0.00252134081641594,0.00058989811076104,0.03351849818414651,0.0752223683341659,0.940037787415034,-0.052611682491743784,0.05765436412457566,-0.09271308853945288,0.09775577017228478,2.841249892303127,297,True,4.0,0.1,1.0,False,4.0
INNOVATION,threat,dxy,asset_price,a,6,-0.003374232280870023,-0.0007894423613002665,0.0048999513407480206,-0.6886256712000158,0.49105886195523896,-0.011433935015585133,0.004685470453845087,-0.01729250103351069,0.010544036471770641,2.8404912181262434,297,True,1.0,0.025,1.0,False,4.0
INNOVATION,threat,vix,asset_price,a,6,-0.4531466984875642,-0.10601913854525852,1.5425770207268998,-0.2937595286321784,0.7689416627208912,-2.9904601058822013,2.0841667089070732,-4.647467894273411,3.7411744972982826,2.7190351855555193,297,True,3.0,0.05,1.0,False,4.0
INNOVATION,threat,us10y,asset_price,a,6,0.028960521942598655,0.006775663595085481,0.07229837367412856,0.4005694799323261,0.6887371196623284,-0.08995972021798454,0.14788076410318185,-0.175133227056521,0.23305427094171832,2.822936929660883,297,True,2.0,0.03333333333333333,1.0,False,4.0
INNOVATION,threat,ip,real_macro,a,6,0.011072503581242388,0.0025905458323775546,0.21906477262912957,0.050544427788888825,0.9596885463713106,-0.34925698221508095,0.37140198937756574,-0.6043434591371596,0.6264884662996443,2.809287661053033,297,True,3.0,0.1,1.0,False,3.0
INNOVATION,threat,cpi,real_macro,a,6,0.06659889809710899,0.015581615904706235,0.0720503552184197,0.9243382339367421,0.3553102421884824,-0.05191339000705057,0.18511118620126854,-0.13596200191717395,0.2691597981113919,2.8113796163838782,297,True,2.0,0.05,1.0,False,3.0
INNOVATION,threat,infl_exp,real_macro,a,6,0.08090666648380733,0.018929090980494456,0.08386085246103109,0.9647727647581865,0.3346586401280388,-0.05703216084596195,0.2188454938135766,-0.15560940844363058,0.31742274141124527,2.8203395027178324,297,True,1.0,0.03333333333333333,1.0,False,3.0
INNOVATION,threat,freight,physical_channel,a,6,0.004098288243388776,0.0009588439914147643,0.005997852294016548,0.6832926258416242,0.49442195291636837,-0.005767300856343549,0.013963877343121102,-0.012916266661297228,0.02111284314807478,2.836774577069814,297,True,1.0,0.1,0.49442195291636837,False,1.0
INNOVATION,threat,oil,asset_price,b,1,-0.02970101626767276,-0.0069489111784928745,0.06283828182859859,-0.47265799451180107,0.6364571995710409,-0.13306079204484195,0.07365875950949642,-0.20883471824799946,0.14943268571265392,2.8507097388331264,302,True,2.0,0.03333333333333333,1.0,False,4.0
INNOVATION,threat,dxy,asset_price,b,1,0.00012530342909030425,2.9316249358673225e-05,0.00474700148410786,0.02639633240263321,0.9789412194508392,-0.007682819179188531,0.00793342603736914,-0.013387848326203189,0.013638455184383795,2.8466710618341255,302,True,4.0,0.1,1.0,False,4.0
INNOVATION,threat,vix,asset_price,b,1,-0.8159307292946927,-0.19089684051797587,2.2188376154522382,-0.36772890616801246,0.7130753844981366,-4.465593828687663,2.8337323700982777,-6.866382718351402,5.234521259762016,2.7268565968598475,302,True,3.0,0.05,1.0,False,4.0
INNOVATION,threat,us10y,asset_price,b,1,0.04508364124684061,0.010547861925125992,0.08492767336324034,0.530847478348022,0.5955244760260031,-0.09460995031323519,0.1847772328069164,-0.19456994939704347,0.2847372318907247,2.821855128644258,302,True,1.0,0.025,1.0,False,4.0
INNOVATION,threat,ip,real_macro,b,1,0.17143558467601197,0.040109423866523664,0.5813377956472516,0.29489839807359935,0.7680714957098675,-0.7847799969783437,1.1276511663303677,-1.474919053847556,1.8177902231995802,2.8320103231728546,302,True,2.0,0.05,1.0,False,3.0
INNOVATION,threat,cpi,real_macro,b,1,0.10012753486499447,0.023426045089763294,0.09505726302033599,1.0533391314199083,0.2921855903935193,-0.05622774898208523,0.2564828187120742,-0.16874759489180902,0.369002664621798,2.8285595567724475,302,True,1.0,0.03333333333333333,0.876556771180558,False,3.0
INNOVATION,threat,infl_exp,real_macro,b,1,-0.021277634437857792,-0.004978159348643067,0.11353533555733047,-0.18740979919078585,0.8513393400785628,-0.20802664291648526,0.16547137404076967,-0.3420950785344045,0.2995398096586889,2.8257056934891223,302,True,3.0,0.1,1.0,False,3.0
INNOVATION,threat,freight,physical_channel,b,1,0.010334003276292705,0.0024177647740414874,0.009298923384338938,1.1113117991376322,0.2664341623342592,-0.004961364579181055,0.025629371131766464,-0.01589729872620407,0.036565305278789484,2.820896669250444,302,True,1.0,0.1,0.2664341623342592,False,1.0
INNOVATION,threat,oil,asset_price,b,2,0.00942273992659653,0.0022045637165360303,0.03691856402271835,0.255230401724133,0.7985451512665289,-0.051302894008011884,0.07014837386120494,-0.09582137007670094,0.11466684992989401,2.8507097388331264,301,True,3.0,0.05,1.0,False,4.0
INNOVATION,threat,dxy,asset_price,b,2,-0.0038409481155315993,-0.0008986361630015704,0.00448197369042888,-0.8569769438258481,0.39145762692797237,-0.011213138796134618,0.003531242565071419,-0.016599652919977392,0.008917756688914195,2.8466710618341255,301,True,2.0,0.03333333333333333,1.0,False,4.0
INNOVATION,threat,vix,asset_price,b,2,-2.3371409412652664,-0.5468023271024628,1.829524057627662,-1.2774584359911778,0.20144044546734274,-5.3464402230491,0.6721583405185676,-7.325990686921052,2.651708804390519,2.7268565968598475,301,True,1.0,0.025,0.805761781869371,False,4.0
INNOVATION,threat,us10y,asset_price,b,2,0.007253471839938168,0.0016970372696064999,0.0639979369248304,0.11333915104885063,0.9097616791500852,-0.09801376682828065,0.112520710508157,-0.17333943469404625,0.18784637837392257,2.821855128644258,301,True,4.0,0.1,1.0,False,4.0
INNOVATION,threat,ip,real_macro,b,2,-0.5545971415795122,-0.1297546939791646,0.6521632962221603,-0.8503961274609787,0.3951048884301781,-1.6273103047351598,0.5181160215761355,-2.4015303288751064,1.2923360457160822,2.8320103231728546,301,True,1.0,0.03333333333333333,1.0,False,3.0
INNOVATION,threat,cpi,real_macro,b,2,-0.06977328444221759,-0.016324301897656223,0.0987087732977639,-0.7068600096137372,0.47965347772254907,-0.23213476821297516,0.09258819932853998,-0.3489769284908926,0.20943035960645745,2.8285595567724475,301,True,2.0,0.05,1.0,False,3.0
INNOVATION,threat,infl_exp,real_macro,b,2,0.035986647942658566,0.00841951056191324,0.157987400262464,0.2277817590698629,0.8198159081095077,-0.22387950039168927,0.2958527962770064,-0.4104392484785308,0.4824125443638479,2.8257056934891223,301,True,3.0,0.1,1.0,False,3.0
INNOVATION,threat,freight,physical_channel,b,2,0.013616916429887917,0.0031858419235048503,0.009243096869758882,1.473198498485836,0.14069751984591478,-0.0015866249805987793,0.02882045784037461,-0.012456904743574117,0.03969073760334995,2.820896669250444,301,True,1.0,0.1,0.14069751984591478,False,1.0
INNOVATION,threat,oil,asset_price,b,6,0.018758762130683206,0.004388838775408247,0.036768917260061824,0.5101798891168019,0.6099254401833109,-0.041720724783608075,0.07923824904497448,-0.08605874838892447,0.12357627265029089,2.8507097388331264,297,True,2.0,0.03333333333333333,1.0,False,4.0
INNOVATION,threat,dxy,asset_price,b,6,-0.004201165135485121,-0.000982913281807194,0.004595180272888158,-0.9142546942656962,0.3605830307188923,-0.011759564073841064,0.0033572338028708213,-0.01728213184222688,0.008879801571256639,2.8466710618341255,297,True,1.0,0.025,1.0,False,4.0
INNOVATION,threat,vix,asset_price,b,6,-0.34700377688172224,-0.08118572113564873,1.611683596741846,-0.21530514896547906,0.8295294154716528,-2.997987386480742,2.303979832717297,-4.741833824708031,4.0478262709445865,2.7268565968598475,297,True,4.0,0.1,1.0,False,4.0
INNOVATION,threat,us10y,asset_price,b,6,0.02651172276917467,0.006202737477112503,0.08283992663899886,0.32003556551550166,0.7489413698746783,-0.10974783101937648,0.16277127655772583,-0.20725054907359836,0.2602739946119477,2.821855128644258,297,True,3.0,0.05,1.0,False,4.0
INNOVATION,threat,ip,real_macro,b,6,0.08872728860814964,0.020758819903331387,0.2620749707676268,0.33855689594570704,0.7349435588173263,-0.3423476775921824,0.5198022548084816,-0.6534717340509937,0.8309263112672929,2.8320103231728546,297,True,3.0,0.1,0.9567137087345148,False,3.0
INNOVATION,threat,cpi,real_macro,b,6,0.05410669157816715,0.01265891343751829,0.07631970868437538,0.70894782633315,0.4783568543672574,-0.07142805805920745,0.17964144121554176,-0.16176814979111198,0.26998153294744626,2.8285595567724475,297,True,2.0,0.05,0.9567137087345148,False,3.0
INNOVATION,threat,infl_exp,real_macro,b,6,0.09174215020067569,0.021464183155319352,0.0873395545175975,1.0504078101542313,0.29353065635183506,-0.051918632823920396,0.23540293322527178,-0.15505372626650318,0.3385380266678546,2.8257056934891223,297,True,1.0,0.03333333333333333,0.8805919690555052,False,3.0
INNOVATION,threat,freight,physical_channel,b,6,0.003444188097510217,0.0008058093688083814,0.0063133088809246745,0.5455440502707933,0.5853793927859705,-0.006940280913343674,0.013828657108364107,-0.014365003896639444,0.021253380091659876,2.820896669250444,297,True,1.0,0.1,0.5853793927859705,False,1.0
INNOVATION,threat,oil,asset_price,c,1,-0.024974722846098578,-0.005843137797069534,0.06390657899999864,-0.39080049717727977,0.6959447074454062,-0.13009169110030713,0.08014224540810999,-0.20656565983688416,0.156616214144687,2.8415061458819353,302,True,3.0,0.05,1.0,False,4.0
INNOVATION,threat,dxy,asset_price,c,1,-0.0008042652508999589,-0.0001881675610721455,0.004679617236322339,-0.17186560572890408,0.8635431868441656,-0.008501550634809382,0.006893020133009465,-0.014042100499715965,0.012433569997916047,2.8288286371086793,302,True,4.0,0.1,1.0,False,4.0
INNOVATION,threat,vix,asset_price,c,1,-1.178278071054103,-0.2756723738181513,2.2911101605117,-0.5142825916283941,0.6070544309592805,-4.946818928317143,2.5902627862089362,-7.409931181694671,5.053375039586466,2.719927316479964,302,True,1.0,0.025,1.0,False,4.0
INNOVATION,threat,us10y,asset_price,c,1,0.036621734618003325,0.008568096753639563,0.09001513323419046,0.4068397535192815,0.6841256871204181,-0.11143998376277484,0.1846834529987815,-0.2180363767146859,0.29127984595069256,2.8290588724692616,302,True,2.0,0.03333333333333333,1.0,False,4.0
INNOVATION,threat,ip,real_macro,c,1,0.10731971964869856,0.025108743512970606,0.5158679196069654,0.2080372040394843,0.8351999181773941,-0.741207498944729,0.9558469382421262,-1.3500057801669443,1.5646452194643414,2.8249973383225,302,True,3.0,0.1,1.0,False,3.0
INNOVATION,threat,cpi,real_macro,c,1,0.10525843695333212,0.0246264815514681,0.09820035952022127,1.0718742524731537,0.2837765162964738,-0.05626678057144238,0.2667836544781066,-0.17226263904479003,0.3827795129514543,2.826069857116719,302,True,1.0,0.03333333333333333,0.8513295488894215,False,3.0
INNOVATION,threat,infl_exp,real_macro,c,1,-0.02708342296858545,-0.006336493637865701,0.12622682088156328,-0.21456155498043808,0.8301091704825658,-0.23470806711417866,0.18054122117700774,-0.3846561120722071,0.3304892661350362,2.832779013258416,302,True,2.0,0.05,1.0,False,3.0
INNOVATION,threat,freight,physical_channel,c,1,0.009549552264905134,0.0022342329934153743,0.009062300563577309,1.05376688821006,0.29198965666883014,-0.0053566056856193724,0.024455710215429638,-0.016127288355416228,0.0352263928852265,2.8333689045274313,302,True,1.0,0.1,0.29198965666883014,False,1.0
INNOVATION,threat,oil,asset_price,c,2,0.011013344363473699,0.0025767048194654417,0.036499320716524286,0.30174107756716806,0.7628494515287503,-0.04902269569836628,0.07104938442531368,-0.0926996997730459,0.11472638849999331,2.8415061458819353,301,True,3.0,0.05,1.0,False,4.0
INNOVATION,threat,dxy,asset_price,c,2,-0.0034246612142806126,-0.0008012408188324329,0.004452896233990176,-0.769086238331636,0.4418421171774132,-0.010749023735197904,0.0038997013066366794,-0.01602114159906541,0.009171819170504187,2.8288286371086793,301,True,2.0,0.03333333333333333,1.0,False,4.0
INNOVATION,threat,vix,asset_price,c,2,-2.6470416969575687,-0.6193073486830717,1.862277045476648,-1.421400593100293,0.1552003341625923,-5.710214849598305,0.41613145568316723,-7.712299903803104,2.4182165098879667,2.719927316479964,301,True,1.0,0.025,0.6208013366503692,False,4.0
INNOVATION,threat,us10y,asset_price,c,2,0.018179230310361956,0.004253250312433468,0.06479959670018952,0.28054542367713203,0.779059080951656,-0.08840662134693741,0.12476508196766134,-0.1651426436667391,0.20150110428746298,2.8290588724692616,301,True,4.0,0.1,1.0,False,4.0
INNOVATION,threat,ip,real_macro,c,2,-0.48604908784209433,-0.11371704959060115,0.6679304126666431,-0.7276942008099221,0.4668008010867162,-1.5846968496680156,0.6125986739838271,-2.37295072581001,1.4008525501258213,2.8249973383225,301,True,2.0,0.05,1.0,False,3.0
INNOVATION,threat,cpi,real_macro,c,2,-0.07831666321645551,-0.018323128460739763,0.09960291849921254,-0.7862888396897193,0.4316982892526353,-0.24214888496483716,0.08551555853192612,-0.3598014688679333,0.20316814243502224,2.826069857116719,301,True,1.0,0.03333333333333333,1.0,False,3.0
INNOVATION,threat,infl_exp,real_macro,c,2,0.02753346604478029,0.006441786646522023,0.15829620367778582,0.17393636363399498,0.8619154741458566,-0.23284061870727468,0.2879075507968353,-0.4208846976121311,0.4759516297016917,2.832779013258416,301,True,3.0,0.1,1.0,False,3.0
INNOVATION,threat,freight,physical_channel,c,2,0.01231007452372196,0.0028800904889937137,0.009077403283783758,1.356122906394737,0.17506006578728228,-0.0026209251909109586,0.02724107423835488,-0.013409557674406132,0.038029706721850055,2.8333689045274313,301,True,1.0,0.1,0.17506006578728228,False,1.0
INNOVATION,threat,oil,asset_price,c,6,0.013544796879568482,0.003168968684391209,0.03760446071831936,0.36019122787127245,0.7187041342289047,-0.048309036722513285,0.07539863048165024,-0.0933085093641118,0.12039810312324876,2.8415061458819353,297,True,3.0,0.05,1.0,False,4.0
INNOVATION,threat,dxy,asset_price,c,6,-0.004968406423234744,-0.0011624186399065914,0.004531110308112779,-1.096509704109168,0.2728557789548517,-0.012421419647651252,0.0024846068011817627,-0.017786141020722505,0.007849328174253016,2.8288286371086793,297,True,1.0,0.025,1.0,False,4.0
INNOVATION,threat,vix,asset_price,c,6,-0.9331919907119917,-0.21833152769915937,1.6856447019877925,-0.5536113213012963,0.5798448763301682,-3.705830792528146,1.8394468111041624,-5.518023061528317,3.651639080104334,2.719927316479964,297,True,2.0,0.03333333333333333,1.0,False,4.0
INNOVATION,threat,us10y,asset_price,c,6,0.007792235655657442,0.0018230875659289863,0.0836093840532056,0.09319809903992093,0.9257461845642345,-0.12973296295143635,0.14531743426275126,-0.22874363412175386,0.24432810543306877,2.8290588724692616,297,True,4.0,0.1,1.0,False,4.0
INNOVATION,threat,ip,real_macro,c,6,0.24322192711444623,0.05690470497535557,0.31229984846318665,0.7788089821731592,0.4360922458137839,-0.2704656113266215,0.756909465555514,-0.6390243135525762,1.1254681677814686,2.8249973383225,297,True,2.0,0.05,1.0,False,3.0
INNOVATION,threat,cpi,real_macro,c,6,0.058071495754905875,0.013586527220695876,0.0758505070148076,0.7656045824923637,0.4439116170005406,-0.06669148581450848,0.18283447732432023,-0.1562873357666621,0.27243032727647387,2.826069857116719,297,True,3.0,0.1,1.0,False,3.0
INNOVATION,threat,infl_exp,real_macro,c,6,0.08346490583450074,0.0195276219486298,0.08858160568044689,0.9422374452727313,0.34607108671751874,-0.062238869550167455,0.22916868121916895,-0.1674672076978017,0.33439701936680316,2.832779013258416,297,True,1.0,0.03333333333333333,1.0,False,3.0
INNOVATION,threat,freight,physical_channel,c,6,0.0021755930692947865,0.0005090062529452547,0.006372099353010571,0.3414248505505337,0.7327837697956874,-0.00830557766279978,0.012656763801389354,-0.01587891509408473,0.0202301012326743,2.8333689045274313,297,True,1.0,0.1,0.7327837697956874,False,1.0
LEVEL_PLUS_JUMP,pooled,oil,asset_price,a,1,-0.00246745613250473,-0.0040620937426234524,0.0033629360851556342,-0.7337207933853842,0.46311892292796364,-0.007998993749378961,0.0030640814843695,-0.011772286589164523,0.0068373743241550615,2.7668769851833717,302,True,2.0,0.03333333333333333,1.0,False,4.0
LEVEL_PLUS_JUMP,pooled,dxy,asset_price,a,1,-6.655955446293295e-05,-0.00010957485571231995,0.0004523526220100225,-0.14714086140846605,0.8830208381224428,-0.0008106134054371268,0.0006774942965112609,-0.0013049645723475247,0.0011718454634216588,2.737698330080981,302,True,4.0,0.1,1.0,False,4.0
LEVEL_PLUS_JUMP,pooled,vix,asset_price,a,1,-0.08635882250784756,-0.14216975447233587,0.1374154809053927,-0.6284504623413104,0.529708888565944,-0.31238717467436355,0.1396695296586684,-0.4275970741468586,0.2548794291311635,2.483259159671722,302,True,3.0,0.05,1.0,False,4.0
LEVEL_PLUS_JUMP,pooled,us10y,asset_price,a,1,0.011237113531029696,0.018499298916900827,0.007176639934476727,1.5657903466838805,0.11739770689734828,-0.0005674086945191247,0.023041635756578516,-0.007896769321977887,0.03037099638403728,2.6661338770930967,302,True,1.0,0.025,0.46959082758939313,False,4.0
LEVEL_PLUS_JUMP,pooled,ip,real_macro,a,1,-0.011291192148677014,-0.01858832680739139,0.024222551452742366,-0.466143798711951,0.6411125744157583,-0.05113374375973895,0.02855135946238492,-0.07856935707458484,0.05598697277723081,2.7775011669256213,302,True,3.0,0.1,0.6545177483851494,False,3.0
LEVEL_PLUS_JUMP,pooled,cpi,real_macro,a,1,-0.008796315533321717,-0.014481091604970662,0.008979038220371749,-0.9796500824959774,0.3272588741925747,-0.023565519116636083,0.005972888049992646,-0.03364493519721485,0.01605230413057141,2.767403262357909,302,True,2.0,0.05,0.6545177483851494,False,3.0
LEVEL_PLUS_JUMP,pooled,infl_exp,real_macro,a,1,-0.02619895141963264,-0.04313049185476514,0.0054236505285638345,-4.830501390466623,1.3618966332764303e-06,-0.03512006266285813,-0.01727784017640715,-0.04042435653289905,-0.011973546306366226,2.6228469253960682,302,True,1.0,0.03333333333333333,4.0856898998292906e-06,True,3.0
LEVEL_PLUS_JUMP,pooled,freight,physical_channel,a,1,0.0005374681886932578,0.0008848166082425209,0.002648126476305592,0.20296167630296913,0.8391649866189604,-0.003818312250484217,0.004893248627870732,-0.006515111388552234,0.007590047765938751,2.663233663629452,302,True,1.0,0.1,0.8391649866189604,False,1.0
LEVEL_PLUS_JUMP,pooled,oil,asset_price,a,2,0.0006340245104610372,0.0010437741780638281,0.0027863911257240605,0.22754325643937806,0.8200013374463379,-0.003949181038791579,0.005217230059713654,-0.007075576967024052,0.008343625987946126,2.7668769851833717,301,True,4.0,0.1,0.8345353299740945,False,4.0
LEVEL_PLUS_JUMP,pooled,dxy,asset_price,a,2,0.0006541466304522037,0.0010769005776085539,0.0003430323724073375,1.9069530547846667,0.05652666691791041,8.990858853622646e-05,0.001218384672368181,-0.00028497252265108147,0.0015932657835554887,2.737698330080981,301,True,1.0,0.025,0.22610666767164164,False,4.0
LEVEL_PLUS_JUMP,pooled,vix,asset_price,a,2,-0.09953159501684107,-0.1638556665649117,0.12270117544126377,-0.8111706726435247,0.41726766498704726,-0.3013570684726127,0.10229387843893055,-0.40423041283384625,0.20516722280016414,2.483259159671722,301,True,3.0,0.05,0.8345353299740945,False,4.0
LEVEL_PLUS_JUMP,pooled,us10y,asset_price,a,2,0.0067317528598737795,0.011082268417563606,0.004367314006919572,1.541394287016686,0.12322085361643445,-0.0004518394244438463,0.013915345144191404,-0.004912090965877687,0.018375596685625245,2.6661338770930967,301,True,2.0,0.03333333333333333,0.3696625608493034,False,4.0
LEVEL_PLUS_JUMP,pooled,ip,real_macro,a,2,-0.03095031384014597,-0.05095250712914061,0.028719399965028963,-1.0776796826477415,0.2811767285212604,-0.07818952303649385,0.016288895356201902,-0.11071848075641756,0.048817853076125614,2.7775011669256213,301,True,2.0,0.05,0.5623534570425208,False,3.0
LEVEL_PLUS_JUMP,pooled,cpi,real_macro,a,2,-0.0036720697720877436,-0.0060452104688616,0.013331084673819596,-0.27545168768593753,0.7829692382351434,-0.02559975274901709,0.018255613204841602,-0.04056455698918561,0.03322041744501013,2.767403262357909,301,True,3.0,0.1,0.7829692382351434,False,3.0
LEVEL_PLUS_JUMP,pooled,infl_exp,real_macro,a,2,0.04645279359064951,0.07647374139146705,0.016339922757180717,2.8429016636712947,0.004470486123416821,0.019576012379393905,0.0733295748019051,0.0035956774257688146,0.0893099097555302,2.6228469253960682,301,True,1.0,0.03333333333333333,0.013411458370250463,True,3.0
LEVEL_PLUS_JUMP,pooled,freight,physical_channel,a,2,0.0003720882866021554,0.0006125569896862998,0.0011591650310544023,0.32099681808352654,0.7482128022194312,-0.0015345685189629941,0.002278745092167305,-0.002715039045804008,0.0034592156190083184,2.663233663629452,301,True,1.0,0.1,0.7482128022194312,False,1.0
LEVEL_PLUS_JUMP,pooled,oil,asset_price,a,6,0.0037790958686854006,0.006221404092553479,0.002069872008605042,1.8257630679455699,0.06788595861807507,0.0003744593880060684,0.007183732349364733,-0.001947985354199168,0.00950617709156997,2.7668769851833717,297,True,1.0,0.025,0.2715438344723003,False,4.0
LEVEL_PLUS_JUMP,pooled,dxy,asset_price,a,6,-0.0007964943665852789,-0.001311243081455143,0.000500949980079548,-1.5899678575868994,0.11184205039441003,-0.001620483758240391,2.7495025069833355e-05,-0.002167944290503158,0.0005749555573326005,2.737698330080981,297,True,2.0,0.03333333333333333,0.3355261511832301,False,4.0
LEVEL_PLUS_JUMP,pooled,vix,asset_price,a,6,0.014277570288443358,0.023504705175722552,0.12990597790525946,0.10990695361883963,0.9124831677661789,-0.19939874863170046,0.2279538892085872,-0.3083126392409045,0.3368677798177912,2.483259159671722,297,True,4.0,0.1,1.0,False,4.0
LEVEL_PLUS_JUMP,pooled,us10y,asset_price,a,6,-0.003899927705015736,-0.006420325661938751,0.01102194759762531,-0.35383290207766727,0.7234641142594824,-0.02202941818703879,0.014229562777007319,-0.03328591558658944,0.025486060176557974,2.6661338770930967,297,True,3.0,0.05,1.0,False,4.0
LEVEL_PLUS_JUMP,pooled,ip,real_macro,a,6,0.021243534841486195,0.0349725487776788,0.011841846542074685,1.7939376908834979,0.072823114671555,0.0017654306069519003,0.040721639076020485,-0.011647207747680376,0.054134277430652765,2.7775011669256213,297,True,2.0,0.05,0.14564622934311,False,3.0
LEVEL_PLUS_JUMP,pooled,cpi,real_macro,a,6,0.008753342847755296,0.014410347053590981,0.004399768511318379,1.9895007715149948,0.04664595673841574,0.0015163676541663802,0.01599031804134421,-0.003422590884086788,0.02092927657959738,2.767403262357909,297,True,1.0,0.03333333333333333,0.13993787021524723,False,3.0
LEVEL_PLUS_JUMP,pooled,infl_exp,real_macro,a,6,0.006111253850870297,0.010060760837925908,0.0055602656064255365,1.0990938713085987,0.2717271228791591,-0.003034569198672274,0.015257076900412867,-0.008472471699328427,0.02069497940106902,2.6228469253960682,297,True,3.0,0.1,0.2717271228791591,False,3.0
LEVEL_PLUS_JUMP,pooled,freight,physical_channel,a,6,0.00024017791133829959,0.0003953971776484285,0.0004972937727940514,0.4829698751079406,0.6291171262150541,-0.0005777975545023772,0.0010581533771789765,-0.0010842316050801142,0.0015645874277567134,2.663233663629452,297,True,1.0,0.1,0.6291171262150541,False,1.0
LEVEL_PLUS_JUMP,pooled,oil,asset_price,b,1,-0.002760563766384393,-0.004544627421667679,0.0035904532701346832,-0.7688621905614832,0.4419751249096947,-0.0086663338501652,0.003145206317396415,-0.01290403265119498,0.007382905118426194,2.825122100650565,302,True,2.0,0.03333333333333333,1.0,False,4.0
LEVEL_PLUS_JUMP,pooled,dxy,asset_price,b,1,0.00019854993719113927,0.00032686638146782134,0.0004904805417973861,0.40480696025890217,0.6856194121838437,-0.0006082187609334144,0.001005318635315693,-0.0011800089867104319,0.0015771088610927104,2.8106291818423323,302,True,4.0,0.1,1.0,False,4.0
LEVEL_PLUS_JUMP,pooled,vix,asset_price,b,1,-0.1352675120035982,-0.2226865583755239,0.1970948996038146,-0.6863065065382353,0.49251984682810435,-0.45945977247056896,0.18892474846337254,-0.6381300958257075,0.36759507181851103,2.5513728910942186,302,True,3.0,0.05,1.0,False,4.0
LEVEL_PLUS_JUMP,pooled,us10y,asset_price,b,1,0.019895422213659843,0.03275319427823885,0.009431492151444785,2.109467080520458,0.03490428462267689,0.004381998140791545,0.03540884628652814,-0.006003383600004686,0.04579422802732437,2.745992404785828,302,True,1.0,0.025,0.13961713849070756,False,4.0
LEVEL_PLUS_JUMP,pooled,ip,real_macro,b,1,-0.004276313945039948,-0.007039958234234943,0.03534004186383625,-0.12100477870163291,0.9036872501538937,-0.062405509981387865,0.05385288209130797,-0.10454325533286024,0.09599062744278034,2.8372049409037134,302,True,2.0,0.05,1.0,False,3.0
LEVEL_PLUS_JUMP,pooled,cpi,real_macro,b,1,0.0006771478993009171,0.001114766827399959,0.010947777644190812,0.061852544078681584,0.9506802594308291,-0.017330343865804582,0.018684639664406418,-0.030206988769898514,0.031561284568500346,2.8210416463461323,302,True,3.0,0.1,1.0,False,3.0
LEVEL_PLUS_JUMP,pooled,infl_exp,real_macro,b,1,-0.025846065601858464,-0.04254954727246534,0.007900246792911297,-3.2715516716578428,0.0010695904102804156,-0.03884081519299035,-0.01285131601072658,-0.04740326112717151,-0.004288870076545416,2.728673684555754,302,True,1.0,0.03333333333333333,0.0032087712308412467,True,3.0
LEVEL_PLUS_JUMP,pooled,freight,physical_channel,b,1,0.0007090064174204663,0.0011672144820503822,0.002703908495725003,0.2622153887757061,0.7931553898426338,-0.0037385272787177036,0.005156540113558636,-0.006633847079506012,0.008051859914346945,2.7156442270645806,302,True,1.0,0.1,0.7931553898426338,False,1.0
LEVEL_PLUS_JUMP,pooled,oil,asset_price,b,2,-0.0004542308908957336,-0.0007477857195948745,0.002998656101854952,-0.15147815403531897,0.8795985425319189,-0.005386581256012015,0.004478119474220547,-0.00892580051649683,0.008017338734705363,2.825122100650565,301,True,4.0,0.1,0.8795985425319189,False,4.0
LEVEL_PLUS_JUMP,pooled,dxy,asset_price,b,2,0.0003963839556516023,0.000652554168934397,0.0003782916292573198,1.047826398986946,0.2947185973314127,-0.00022585040277768185,0.0010186183140808865,-0.0006668535367857014,0.001459621448088906,2.8106291818423323,301,True,3.0,0.05,0.5894371946628254,False,4.0
LEVEL_PLUS_JUMP,pooled,vix,asset_price,b,2,-0.2352776647895257,-0.38733005921788494,0.16081540798577953,-1.463029368493911,0.1434593429995185,-0.4997954718846159,0.029240142305564515,-0.6455777371947004,0.17502240761564894,2.5513728910942186,301,True,2.0,0.03333333333333333,0.43037802899855554,False,4.0
LEVEL_PLUS_JUMP,pooled,us10y,asset_price,b,2,0.009939156014122827,0.016362513164901907,0.005737435576699896,1.7323342251521558,0.08321407161650099,0.0005019142963875924,0.019376397731858064,-0.005815798502443086,0.025694110530688742,2.745992404785828,301,True,1.0,0.025,0.33285628646600396,False,4.0
LEVEL_PLUS_JUMP,pooled,ip,real_macro,b,2,-0.036784102495927104,-0.06055648593235477,0.03557364141413934,-1.0340269096350267,0.301123583322907,-0.0952975355998453,0.021729330607991086,-0.1377138136820602,0.06414560869020598,2.8372049409037134,301,True,2.0,0.05,0.602247166645814,False,3.0
LEVEL_PLUS_JUMP,pooled,cpi,real_macro,b,2,-0.002362584662804091,-0.0038894472119561543,0.013373689453396963,-0.17665915385854772,0.8597761266625312,-0.02436034626594674,0.019635176940338558,-0.040090319576136964,0.03536515025052878,2.8210416463461323,301,True,3.0,0.1,0.8597761266625312,False,3.0
LEVEL_PLUS_JUMP,pooled,infl_exp,real_macro,b,2,0.05196562835665056,0.08554934411934938,0.01805111765160824,2.8788039255852254,0.003991864348622285,0.022274182016875005,0.08165707469642612,0.0027100186438872922,0.10122123806941383,2.728673684555754,301,True,1.0,0.03333333333333333,0.011975593045866855,True,3.0
LEVEL_PLUS_JUMP,pooled,freight,physical_channel,b,2,0.0005295290432547159,0.0008717466482206007,0.0011498486321813357,0.4605206532708273,0.6451425504586572,-0.0013618036498339434,0.002420861736343375,-0.0025930507567266323,0.0036521088432360646,2.7156442270645806,301,True,1.0,0.1,0.6451425504586572,False,1.0
LEVEL_PLUS_JUMP,pooled,oil,asset_price,b,6,0.006620445083011041,0.010899026001237247,0.0038215341357308833,1.7324050624357055,0.08320146726864584,0.0003345807993352379,0.012906309366686844,-0.004175855462232834,0.017416745628254914,2.825122100650565,297,True,1.0,0.025,0.33280586907458337,False,4.0
LEVEL_PLUS_JUMP,pooled,dxy,asset_price,b,6,-0.0005733240964985847,-0.000943845037082004,0.0004737964729194733,-1.2100640871508286,0.2262543023000816,-0.0013526499434169952,0.00020600175041982592,-0.0019049902895400266,0.0007583420965428573,2.8106291818423323,297,True,2.0,0.03333333333333333,0.6787629069002448,False,4.0
LEVEL_PLUS_JUMP,pooled,vix,asset_price,b,6,-0.013033458877704778,-0.02145656453803771,0.1644569201066635,-0.07925150774592846,0.936832576134502,-0.28354102039241874,0.25747410263700915,-0.43262438659069374,0.40655746883528415,2.5513728910942186,297,True,4.0,0.1,1.0,False,4.0
LEVEL_PLUS_JUMP,pooled,us10y,asset_price,b,6,-0.007159440413274583,-0.011786356693574328,0.012946410534941328,-0.5530058230388899,0.580259422826191,-0.028454390737675576,0.014135509911126408,-0.0427101854114627,0.028391304584913533,2.745992404785828,297,True,3.0,0.05,1.0,False,4.0
LEVEL_PLUS_JUMP,pooled,ip,real_macro,b,6,0.009757153457336293,0.01606288820406681,0.022921771371629835,0.42567187758502273,0.6703469568651741,-0.027945805319441464,0.047460112234114046,-0.05527660953251717,0.07479091644718976,2.8372049409037134,297,True,3.0,0.1,0.6703469568651741,False,3.0
LEVEL_PLUS_JUMP,pooled,cpi,real_macro,b,6,0.008694402812294201,0.014313315967168594,0.006303546639380593,1.3792874566798703,0.16780614235756242,-0.0016740087401487316,0.019062814364737134,-0.009088164777083657,0.02647697040167206,2.8210416463461323,297,True,1.0,0.03333333333333333,0.5034184270726872,False,3.0
LEVEL_PLUS_JUMP,pooled,infl_exp,real_macro,b,6,0.008820601704570743,0.014521073148295123,0.007750167936447871,1.1381174933111815,0.2550714244369211,-0.003927290135178545,0.02156849354432003,-0.012327077594502335,0.02996828100364382,2.728673684555754,297,True,2.0,0.05,0.5101428488738422,False,3.0
LEVEL_PLUS_JUMP,pooled,freight,physical_channel,b,6,7.674451980289502e-06,1.263420368716054e-05,0.0006592995198081697,0.01164031180020041,0.9907125846680963,-0.0010767767544235425,0.0010921256583841213,-0.0017827484828932167,0.0017980973868537955,2.7156442270645806,297,True,1.0,0.1,0.9907125846680963,False,1.0
LEVEL_PLUS_JUMP,pooled,oil,asset_price,c,1,-0.0030628251642487382,-0.005042230648216234,0.0039737560127364475,-0.7707632663988309,0.4408472641294946,-0.009599072154418504,0.003473421825921028,-0.014268607253138409,0.008142956924640933,2.8199471867355625,302,True,3.0,0.05,1.0,False,4.0
LEVEL_PLUS_JUMP,pooled,dxy,asset_price,c,1,0.00029506674620600413,0.00048575890271369354,0.00048015929229337643,0.6145184544834735,0.5388727819844719,-0.0004947250072372081,0.0010848584996492165,-0.001065007546514765,0.0016551410389267734,2.8325481034109954,302,True,4.0,0.1,1.0,False,4.0
LEVEL_PLUS_JUMP,pooled,vix,asset_price,c,1,-0.14692803441740893,-0.2418829017304833,0.18140236894463627,-0.8099565362470605,0.41796515644440635,-0.445308378913583,0.15145231007876514,-0.6104293234157423,0.31657325458092445,2.5551005298050615,302,True,2.0,0.03333333333333333,1.0,False,4.0
LEVEL_PLUS_JUMP,pooled,us10y,asset_price,c,1,0.01984721774367807,0.032673836808292396,0.01074124321998499,1.8477579677881837,0.06463736394723801,0.002179444875317852,0.03751499061203829,-0.010016884735855519,0.04971132022321166,2.78032085000821,302,True,1.0,0.025,0.25854945578895205,False,4.0
LEVEL_PLUS_JUMP,pooled,ip,real_macro,c,1,-0.0009303109430827139,-0.0015315410113306929,0.031535188059804695,-0.029500726024478813,0.9764652399109472,-0.052801079399849224,0.0509404575136838,-0.08989863256351227,0.08803801067734685,2.8212396086462586,302,True,3.0,0.1,1.0,False,3.0
LEVEL_PLUS_JUMP,pooled,cpi,real_macro,c,1,-0.0008118346697004977,-0.0013364973295341238,0.012067196344035616,-0.06727616312481387,0.9463618529576828,-0.020660606343323028,0.019036937003922033,-0.03450370630644893,0.03288003696704793,2.792021499956874,302,True,2.0,0.05,1.0,False,3.0
LEVEL_PLUS_JUMP,pooled,infl_exp,real_macro,c,1,-0.02827980146375725,-0.04655612841714488,0.009561726695769183,-2.957604035709401,0.0031004010587143633,-0.04400744229921191,-0.012552160628302594,-0.054609374749558834,-0.0019502281779556659,2.7536421112571374,302,True,1.0,0.03333333333333333,0.00930120317614309,True,3.0
LEVEL_PLUS_JUMP,pooled,freight,physical_channel,c,1,0.0005649633191278647,0.0009300809579587029,0.002593388803645967,0.21784751994517745,0.8275479180378867,-0.0037007816606445436,0.004830708298900273,-0.006495068172886016,0.007624994811141745,2.7223189527495437,302,True,1.0,0.1,0.8275479180378867,False,1.0
LEVEL_PLUS_JUMP,pooled,oil,asset_price,c,2,-5.083672125273264e-06,-8.369086063005097e-06,0.0031647888060754143,-0.0016063227080158362,0.998718340462779,-0.005210698018333838,0.005200530674083291,-0.008929620962429838,0.008919453618179292,2.8199471867355625,301,True,4.0,0.1,0.998718340462779,False,4.0
LEVEL_PLUS_JUMP,pooled,dxy,asset_price,c,2,0.0004488798091671903,0.0007389764056948468,0.0004123009168618809,1.088718920597412,0.27627785553403195,-0.00022929484932849187,0.0011270544676628726,-0.0007189823709245448,0.0016167419892589253,2.8325481034109954,301,True,3.0,0.05,0.5525557110680639,False,4.0
LEVEL_PLUS_JUMP,pooled,vix,asset_price,c,2,-0.22667509823964188,-0.3731679303384902,0.15234961686994494,-1.4878612949394272,0.13678747685194134,-0.47726791811283803,0.023917721633554268,-0.6159436850196364,0.1625934885403526,2.5551005298050615,301,True,2.0,0.03333333333333333,0.410362430555824,False,4.0
LEVEL_PLUS_JUMP,pooled,us10y,asset_price,c,2,0.011094646005191576,0.0182647592071121,0.0056902519757602655,1.9497635697774593,0.051204305519283,0.0017350144045945228,0.020454277605788627,-0.004726080204815103,0.026915372215198255,2.78032085000821,301,True,1.0,0.025,0.204817222077132,False,4.0
LEVEL_PLUS_JUMP,pooled,ip,real_macro,c,2,-0.026112302953317262,-0.04298784526899978,0.03193702439428927,-0.8176185304848395,0.41357504312125803,-0.07864403336230161,0.02641942745566709,-0.11621430115678794,0.06398969525015341,2.8212396086462586,301,True,2.0,0.05,0.8271500862425161,False,3.0
LEVEL_PLUS_JUMP,pooled,cpi,real_macro,c,2,-0.0044159063957310875,-0.007269764800195793,0.015016880387245501,-0.29406283341523526,0.7687098905337377,-0.02911647656618828,0.020284663774726104,-0.046343359299201234,0.037511546507739066,2.792021499956874,301,True,3.0,0.1,0.8271500862425161,False,3.0
LEVEL_PLUS_JUMP,pooled,infl_exp,real_macro,c,2,0.04974780134651106,0.08189820677938628,0.017687120378517697,2.812656909766578,0.004913404480552428,0.020655077241578928,0.07884052545144318,0.0010438018453504463,0.09845180084767166,2.7536421112571374,301,True,1.0,0.03333333333333333,0.014740213441657286,True,3.0
LEVEL_PLUS_JUMP,pooled,freight,physical_channel,c,2,0.00047915342446500526,0.0007888148857585275,0.0011420980844360717,0.4195378934564929,0.6748230669884545,-0.001399430752053996,0.0023577376009840064,-0.0026300018366942615,0.003588308685624272,2.7223189527495437,301,True,1.0,0.1,0.6748230669884545,False,1.0
LEVEL_PLUS_JUMP,pooled,oil,asset_price,c,6,0.006618492908571872,0.010895812199188492,0.004395013637877933,1.5059095269992184,0.13209040054804685,-0.0006106612141928303,0.013847647031336575,-0.005775213435226436,0.01901219925237018,2.8199471867355625,297,True,2.0,0.03333333333333333,0.47995785211279657,False,4.0
LEVEL_PLUS_JUMP,pooled,dxy,asset_price,c,6,-0.0007090250568903416,-0.001167245167610684,0.0004560180917765277,-1.5548178234073227,0.11998946302819914,-0.0014591080691044524,4.105795532376936e-05,-0.002000718237873046,0.0005826681240923632,2.8325481034109954,297,True,1.0,0.025,0.47995785211279657,False,4.0
LEVEL_PLUS_JUMP,pooled,vix,asset_price,c,6,-0.05131048581088168,-0.08447080399835734,0.19737187853365626,-0.25996857400398155,0.7948880146635581,-0.3759583360751916,0.27333736445342827,-0.555615477220847,0.45299450559908366,2.5551005298050615,297,True,4.0,0.1,0.8159764913356158,False,4.0
LEVEL_PLUS_JUMP,pooled,us10y,asset_price,c,6,-0.010386708191793667,-0.01709930393352593,0.01255283756260297,-0.827439066266374,0.4079882456678079,-0.03103428858517384,0.010260872201586507,-0.045287624193864943,0.024514207810277612,2.78032085000821,297,True,3.0,0.05,0.8159764913356158,False,4.0
LEVEL_PLUS_JUMP,pooled,ip,real_macro,c,6,0.017534534790886968,0.028866541178007604,0.028498948799896628,0.6152695285010151,0.5383767375402968,-0.029342064506927303,0.06441113408870124,-0.06286782836816315,0.0979368979499371,2.8212396086462586,297,True,3.0,0.1,0.7776095725382726,False,3.0
LEVEL_PLUS_JUMP,pooled,cpi,real_macro,c,6,0.00900410837287914,0.014823174279596101,0.007386149460823766,1.2190530966963298,0.22282404034515857,-0.003145026356962493,0.02115324310272077,-0.01161817972363569,0.029626396469393967,2.792021499956874,297,True,1.0,0.03333333333333333,0.6684721210354757,False,3.0
LEVEL_PLUS_JUMP,pooled,infl_exp,real_macro,c,6,0.007408391165789138,0.012196196317748004,0.008596546349836512,0.8617869158502274,0.3888047862691363,-0.006731669276995889,0.021548451608574166,-0.016263420874494512,0.03108020320607279,2.7536421112571374,297,True,2.0,0.05,0.7776095725382726,False,3.0
LEVEL_PLUS_JUMP,pooled,freight,physical_channel,c,6,-3.3261560184195436e-05,-5.475743771661749e-05,0.0006611348046724606,-0.05030980058699811,0.9598755139223102,-0.0011207315415535453,0.0010542084211851545,-0.0018330813692664025,0.0017665582488980117,2.7223189527495437,297,True,1.0,0.1,0.9598755139223102,False,1.0
LEVEL_PLUS_JUMP,act,oil,asset_price,a,1,-0.0021444478201605626,-0.005914190738973065,0.001330627131537638,-1.6116068651647697,0.10704751583537825,-0.0043331346835902805,4.423904326915492e-05,-0.005846417032246448,0.0015575213919253234,2.7821236500776796,302,True,2.0,0.03333333333333333,0.32114254750613475,False,4.0
LEVEL_PLUS_JUMP,act,dxy,asset_price,a,1,-8.611233459577839e-05,-0.00023748993423377884,0.00011790996135078272,-0.730322812502616,0.4651928871548151,-0.00028005696217732126,0.00010783229298576448,-0.0004095964897716769,0.00023737182058012013,2.7434845323503376,302,True,4.0,0.1,0.4651928871548151,False,4.0
LEVEL_PLUS_JUMP,act,vix,asset_price,a,1,-0.08977663544291231,-0.24759574046100055,0.04501774542095072,-1.994249925300154,0.04612474859731437,-0.16382423727574114,-0.0157290336100835,-0.1956816010582494,0.01612833017242475,2.352515982865063,302,True,1.0,0.025,0.1844989943892575,False,4.0
LEVEL_PLUS_JUMP,act,us10y,asset_price,a,1,0.004978087583431127,0.013729109753540563,0.0035921757996033392,1.3858140194532866,0.16580370038230796,-0.0009305158091937301,0.010886690976055984,-0.00477746125618103,0.014733636423043284,2.715777117781763,302,True,3.0,0.05,0.3316074007646159,False,4.0
LEVEL_PLUS_JUMP,act,ip,real_macro,a,1,-0.013199707888263848,-0.03640358576972729,0.007508731989571545,-1.757914373105363,0.0787620798549729,-0.025550472935117148,-0.000848942841410549,-0.03430125067555562,0.007901834899027923,2.8102671418554444,302,True,3.0,0.1,0.0787620798549729,True,3.0
LEVEL_PLUS_JUMP,act,cpi,real_macro,a,1,-0.004776711983623009,-0.013173734287537781,0.002292940026649206,-2.0832258707627296,0.03723064001606893,-0.008548262702839161,-0.0010051612644068567,-0.01111731021721686,0.001563886249970844,2.765269985216187,302,True,2.0,0.05,0.07446128003213787,True,3.0
LEVEL_PLUS_JUMP,act,infl_exp,real_macro,a,1,-0.017043556854568452,-0.04700456926991232,0.002869379840170678,-5.939805046359655,2.8536122256619045e-09,-0.021763266691774627,-0.012323847017362277,-0.024874455447699485,-0.00921265826143742,2.7291258144007973,302,True,1.0,0.03333333333333333,8.560836676985713e-09,True,3.0
LEVEL_PLUS_JUMP,act,freight,physical_channel,a,1,-0.000661080418306181,-0.0018231992641211097,0.0006760628562775256,-0.9778386908373586,0.32815411170079534,-0.001773104859501441,0.00045094402288907887,-0.0025421185389819297,0.0012199577023695675,2.7823420606671774,302,True,1.0,0.1,0.32815411170079534,False,1.0
LEVEL_PLUS_JUMP,act,oil,asset_price,a,2,-0.0004958451710597813,-0.0013674955814157817,0.0011590052737704593,-0.4278195986517861,0.6687824669490319,-0.002402239199277005,0.0014105488571574426,-0.0037203411537813317,0.002728650811661769,2.7821236500776796,301,True,4.0,0.1,0.6687824669490319,False,4.0
LEVEL_PLUS_JUMP,act,dxy,asset_price,a,2,0.00042346701669807095,0.0011678832587443256,0.00013600040319026947,3.1137188329186443,0.0018474545175966614,0.00019976626024369363,0.0006471677731524482,5.035201415215713e-05,0.0007965820192439848,2.7434845323503376,301,True,1.0,0.025,0.0073898180703866456,True,4.0
LEVEL_PLUS_JUMP,act,vix,asset_price,a,2,-0.06535299200363096,-0.18023756812283526,0.043347342142090836,-1.5076585731463417,0.13164193333195498,-0.13665302494475545,0.005947040937493556,-0.16732830720761993,0.036622323200358034,2.352515982865063,301,True,3.0,0.05,0.26328386666390996,False,4.0
LEVEL_PLUS_JUMP,act,us10y,asset_price,a,2,0.0036133218391955226,0.00996521079104608,0.0019223132909907893,1.8796737535603065,0.06015255475165611,0.00045139785037230217,0.006775245828018743,-0.001607252609685019,0.008833896288076064,2.715777117781763,301,True,2.0,0.03333333333333333,0.18045766425496834,False,4.0
LEVEL_PLUS_JUMP,act,ip,real_macro,a,2,-0.010121257509995416,-0.027913501494242283,0.010130914414469614,-0.9990467884655697,0.31777202629165247,-0.02678512882897071,0.006542613808979879,-0.03859183340592906,0.01834931838593823,2.8102671418554444,301,True,3.0,0.1,0.31777202629165247,False,3.0
LEVEL_PLUS_JUMP,act,cpi,real_macro,a,2,-0.00759546844249614,-0.020947606511316018,0.0037937144423958557,-2.0021191784006156,0.045271915340487696,-0.013835573402689146,-0.0013553634823031341,-0.01808611312253456,0.002895176237542282,2.765269985216187,301,True,2.0,0.05,0.09054383068097539,True,3.0
LEVEL_PLUS_JUMP,act,infl_exp,real_macro,a,2,0.028036870660812927,0.07732312218235753,0.005427545413017121,5.165663025788945,2.39588095890953e-07,0.01910935290276789,0.03696438841885796,0.013224416365315265,0.04284932495631059,2.7291258144007973,301,True,1.0,0.03333333333333333,7.18764287672859e-07,True,3.0
LEVEL_PLUS_JUMP,act,freight,physical_channel,a,2,-0.00030759903637919185,-0.0008483299780801593,0.000196013785361998,-1.5692724662763813,0.11658446508780244,-0.0006300130221643616,1.4814949405977918e-05,-0.0008529764358624672,0.0002377783631040835,2.7823420606671774,301,True,1.0,0.1,0.11658446508780244,False,1.0
LEVEL_PLUS_JUMP,act,oil,asset_price,a,6,0.0013445614192831906,0.0037081772842156315,0.0007813348659622106,1.7208516832630638,0.08527774110131166,5.937993114160612e-05,0.002629742907424775,-0.0008292087899405495,0.003518331628506931,2.7821236500776796,297,True,3.0,0.05,0.17055548220262332,False,4.0
LEVEL_PLUS_JUMP,act,dxy,asset_price,a,6,-0.0006327003906186533,-0.0017449297462790725,8.858247043906399e-05,-7.142501078177639,9.164779785984459e-13,-0.0007784055884046693,-0.0004869951928326374,-0.0008757250281056064,-0.00038967575313170026,2.7434845323503376,297,True,1.0,0.025,3.6659119143937835e-12,True,4.0
LEVEL_PLUS_JUMP,act,vix,asset_price,a,6,-0.07015091349332815,-0.19346979628614977,0.05619530747096757,-1.2483411275856178,0.21190615882872887,-0.16258396880460232,0.022282141817946022,-0.20235127248079582,0.06204944549413953,2.352515982865063,297,True,4.0,0.1,0.21190615882872887,False,4.0
LEVEL_PLUS_JUMP,act,us10y,asset_price,a,6,-0.007239108952589977,-0.01996479966699262,0.0017414119207333637,-4.157034224011375,3.2240570760663446e-05,-0.01010347666642478,-0.004374741238755173,-0.011968395599550034,-0.002509822305629918,2.715777117781763,297,True,2.0,0.03333333333333333,9.672171228199033e-05,True,4.0
LEVEL_PLUS_JUMP,act,ip,real_macro,a,6,0.013708488713819467,0.03780675670183363,0.005767654041034061,2.376787618725086,0.01746414020837513,0.004221542045423276,0.023195435382215655,-0.0025001599232883295,0.029917137350927263,2.8102671418554444,297,True,1.0,0.03333333333333333,0.05239242062512539,True,3.0
LEVEL_PLUS_JUMP,act,cpi,real_macro,a,6,0.0031466730329715595,0.008678236110582202,0.0017318017086013376,1.8169938378874337,0.06921805689133231,0.00029811271141789303,0.005995233354525226,-0.0016422262521698285,0.007935572318112948,2.765269985216187,297,True,2.0,0.05,0.13843611378266463,False,3.0
LEVEL_PLUS_JUMP,act,infl_exp,real_macro,a,6,0.0023683829928464926,0.006531783441382722,0.0020238689996737785,1.1702254410874642,0.2419102572068832,-0.0009605852717415697,0.005697351257434554,-0.0031550101391287348,0.00789177612482172,2.7291258144007973,297,True,3.0,0.1,0.2419102572068832,False,3.0
LEVEL_PLUS_JUMP,act,freight,physical_channel,a,6,-0.00011108238403454115,-0.00030635504428871746,0.00016376096044873675,-0.6783203013108491,0.4975686294193725,-0.00038044519378170236,0.00015828042571262009,-0.0005667213921863155,0.00034455662411723325,2.7823420606671774,297,True,1.0,0.1,0.4975686294193725,False,1.0
LEVEL_PLUS_JUMP,act,oil,asset_price,b,1,-0.0025254774892766534,-0.006965035678716868,0.001404848380433243,-1.797686871018649,0.07222664312443329,-0.0048362474431491755,-0.0002147075354041318,-0.006533401463262131,0.001482446484708824,2.8529227992201323,302,True,3.0,0.05,0.14445328624886658,False,4.0
LEVEL_PLUS_JUMP,act,dxy,asset_price,b,1,6.577541731880985e-05,0.00018140257846416955,0.00016804066241041764,0.39142560125216525,0.6954826717824625,-0.0002106268757222935,0.0003421777103599132,-0.0004053473749133352,0.0005368982095509549,2.803623750788892,302,True,4.0,0.1,0.6954826717824625,False,4.0
LEVEL_PLUS_JUMP,act,vix,asset_price,b,1,-0.1319961965773579,-0.36403342438009434,0.0642928531038598,-2.0530461817292336,0.04006809877061335,-0.2377485291922999,-0.026243863962415875,-0.28988666389302825,0.025894270738312464,2.4558012235140865,302,True,2.0,0.03333333333333333,0.12020429631184004,False,4.0
LEVEL_PLUS_JUMP,act,us10y,asset_price,b,1,0.010696938218591731,0.0295011761783159,0.004541676136465117,2.3552842380604853,0.018508542120790367,0.0032265457530881343,0.018167330684095328,-0.0020245735975809465,0.023418450034764407,2.8010609814362724,302,True,1.0,0.025,0.07403416848316147,True,4.0
LEVEL_PLUS_JUMP,act,ip,real_macro,b,1,-0.01321132713110831,-0.03643563057761609,0.010504073419687704,-1.257733700370603,0.2084880801265121,-0.030488990393246183,0.0040663361310295625,-0.04300967338784385,0.01658701912562723,2.836837202687933,302,True,2.0,0.05,0.4169761602530242,False,3.0
LEVEL_PLUS_JUMP,act,cpi,real_macro,b,1,0.0009372526487724778,0.002584856988981495,0.004277871845681723,0.21909320395340567,0.8265774446332183,-0.006099220372230693,0.007973725669775649,-0.011129822690138675,0.01300432798768363,2.8208127251619755,302,True,3.0,0.1,0.8265774446332183,False,3.0
LEVEL_PLUS_JUMP,act,infl_exp,real_macro,b,1,-0.01565332191937146,-0.04317042861074569,0.004875560096359146,-3.2105689623353575,0.0013247247782949268,-0.023672904627287668,-0.00763373921145525,-0.02935163451778619,-0.001955009320956727,2.8095874787071193,302,True,1.0,0.03333333333333333,0.00397417433488478,True,3.0
LEVEL_PLUS_JUMP,act,freight,physical_channel,b,1,-0.0005976712580649146,-0.0016483226060185693,0.0006958015442916147,-0.8589679959296367,0.39035817322956134,-0.0017421629518314125,0.0005468204357015833,-0.0025455078254043853,0.001350165309274556,2.79941397560785,302,True,1.0,0.1,0.39035817322956134,False,1.0
LEVEL_PLUS_JUMP,act,oil,asset_price,b,2,-0.0007943991746941692,-0.002190880187363257,0.0013726518814029184,-0.5787331700461837,0.5627692308037671,-0.0030522106003615214,0.001463412250973183,-0.004710469022540964,0.0031216706731526257,2.8529227992201323,301,True,4.0,0.1,0.5627692308037671,False,4.0
LEVEL_PLUS_JUMP,act,dxy,asset_price,b,2,0.0002963482081172254,0.0008173012238772631,0.00016989604940378564,1.7442913426015314,0.08110830049763544,1.6894075050682077e-05,0.0005758023411837687,-0.00017997639115643102,0.0007726728073908818,2.803623750788892,301,True,3.0,0.05,0.16221660099527088,False,4.0
LEVEL_PLUS_JUMP,act,vix,asset_price,b,2,-0.15736291566786528,-0.4339925130148447,0.05918569152217266,-2.6587999839270715,0.007841950321841125,-0.254714715031742,-0.06001111630398859,-0.3027112093225442,-0.012014622013186371,2.4558012235140865,301,True,1.0,0.025,0.0313678012873645,True,4.0
LEVEL_PLUS_JUMP,act,us10y,asset_price,b,2,0.005775415821589094,0.0159280680297473,0.002797766513332217,2.0642951418810194,0.03898974136072037,0.0011734994247712223,0.010377332218406966,-0.002061298794074783,0.013612130437252972,2.8010609814362724,301,True,2.0,0.03333333333333333,0.11696922408216112,False,4.0
LEVEL_PLUS_JUMP,act,ip,real_macro,b,2,-0.01362297450895531,-0.037570916354633964,0.014213322759810916,-0.9584651484503782,0.3378282574268088,-0.0370018100014622,0.009755860983551584,-0.05394385728779805,0.026697908269887424,2.836837202687933,301,True,3.0,0.1,0.3378282574268088,False,3.0
LEVEL_PLUS_JUMP,act,cpi,real_macro,b,2,-0.006490247453433436,-0.017899508219260635,0.0042560984746921006,-1.5249288737152542,0.12727683917240576,-0.013490906466193366,0.0005104115593264945,-0.018495904190387387,0.005515409283520515,2.8208127251619755,301,True,2.0,0.05,0.2545536783448115,False,3.0
LEVEL_PLUS_JUMP,act,infl_exp,real_macro,b,2,0.031887669655428885,0.0879432732242697,0.006078214272808103,5.246223351829443,1.5524867907681918e-07,0.02188989686341227,0.0418854424474455,0.01481039494164834,0.04896494436920943,2.8095874787071193,301,True,1.0,0.03333333333333333,4.657460372304575e-07,True,3.0
LEVEL_PLUS_JUMP,act,freight,physical_channel,b,2,-0.0001537233499927474,-0.00042395492412725187,0.0002401488578188239,-0.6401169315938254,0.5220965821330902,-0.0005487330697842933,0.0002412863697987985,-0.0008259994187970255,0.0005185527188115307,2.79941397560785,301,True,1.0,0.1,0.5220965821330902,False,1.0
LEVEL_PLUS_JUMP,act,oil,asset_price,b,6,0.0022087894556780904,0.006091639078508625,0.0013890616459809263,1.5901306195221374,0.11180536535700761,-7.60136307728183e-05,0.004493592542128999,-0.0017540961836631382,0.0061716750950193185,2.8529227992201323,297,True,3.0,0.05,0.22361073071401522,False,4.0
LEVEL_PLUS_JUMP,act,dxy,asset_price,b,6,-0.00047385248661091175,-0.001306841771390727,0.00016840612739142183,-2.8137484897419984,0.004896752390785257,-0.0007508559160515436,-0.00019684905717027987,-0.0009459999051438818,-1.705068077941733e-06,2.803623750788892,297,True,2.0,0.03333333333333333,0.014690257172355772,True,4.0
LEVEL_PLUS_JUMP,act,vix,asset_price,b,6,-0.07954036320459285,-0.21936503887697073,0.08212361556729528,-0.9685443420280783,0.33277258480557004,-0.21462169012882687,0.05554096371964118,-0.28121963879415707,0.12213891238497138,2.4558012235140865,297,True,4.0,0.1,0.33277258480557004,False,4.0
LEVEL_PLUS_JUMP,act,us10y,asset_price,b,6,-0.009794705259712658,-0.027012900287602296,0.002320796172413913,-4.220407365427944,2.4386124999555523e-05,-0.013612075261322777,-0.00597733525810254,-0.01629539686412792,-0.003294013655297399,2.8010609814362724,297,True,1.0,0.025,9.754449999822209e-05,True,4.0
LEVEL_PLUS_JUMP,act,ip,real_macro,b,6,0.006770129085567593,0.018671396134282304,0.01283150148319856,0.5276178391462863,0.5977646088480826,-0.014335812668304753,0.027876070839439937,-0.02963075168831547,0.04317100985945066,2.836837202687933,297,True,3.0,0.1,0.6175987730896066,False,3.0
LEVEL_PLUS_JUMP,act,cpi,real_macro,b,6,0.003850989074218083,0.010620675264050847,0.0029382208951610825,1.31065335508308,0.1899749043746225,-0.0009819542219722246,0.00868393237040839,-0.004437181816189109,0.012139159964625276,2.8208127251619755,297,True,1.0,0.03333333333333333,0.5699247131238675,False,3.0
LEVEL_PLUS_JUMP,act,infl_exp,real_macro,b,6,0.0036488443356260214,0.010063178583705512,0.003585226236216337,1.0177445146325894,0.3087993865448033,-0.0022483280424559957,0.009546016713708038,-0.0064241624059796516,0.013721851077231695,2.8095874787071193,297,True,2.0,0.05,0.6175987730896066,False,3.0
LEVEL_PLUS_JUMP,act,freight,physical_channel,b,6,-0.00023731312155875374,-0.000654487860494775,0.00022480261364365184,-1.055651078572125,0.29112765549222985,-0.0006070805159586849,0.0001324542728411775,-0.0008666286999459646,0.0003920024568284572,2.79941397560785,297,True,1.0,0.1,0.29112765549222985,False,1.0
LEVEL_PLUS_JUMP,act,oil,asset_price,c,1,-0.0029318209614051186,-0.00808569376939701,0.00141919856641116,-2.065828581562795,0.03884466831634204,-0.005266194870730845,-0.0005974470520793925,-0.00695333632397957,0.0010896944011693326,2.833652356867846,302,True,2.0,0.03333333333333333,0.11653400494902613,False,4.0
LEVEL_PLUS_JUMP,act,dxy,asset_price,c,1,0.0001593309641131312,0.0004394202104292637,0.00017917417817382592,0.8892518204188785,0.37386775844139486,-0.00013538433271213568,0.00045404626093839806,-0.0003462676726280583,0.0006649296008543207,2.8218275752362194,302,True,4.0,0.1,0.37386775844139486,False,4.0
LEVEL_PLUS_JUMP,act,vix,asset_price,c,1,-0.12168879316854789,-0.33560654954073393,0.07415784987683965,-1.6409428451694188,0.10080928002984262,-0.24366760150539038,0.00029001516829460505,-0.30449205060203777,0.06111446426494199,2.4650560626701967,302,True,3.0,0.05,0.20161856005968523,False,4.0
LEVEL_PLUS_JUMP,act,us10y,asset_price,c,1,0.011214531265255644,0.030928650409378033,0.004946686376271371,2.267079497711909,0.023385369780187584,0.003077956237854243,0.019351106292657044,-0.002644275814164626,0.025073338344675913,2.801634473108951,302,True,1.0,0.025,0.09354147912075034,True,4.0
LEVEL_PLUS_JUMP,act,ip,real_macro,c,1,-0.009851431470656244,-0.027169345983443224,0.011178735168403236,-0.8812653061592671,0.378174239505649,-0.028238814557134284,0.008535951615821796,-0.04135040823780817,0.02164754529649568,2.8177585650462476,302,True,2.0,0.05,0.756348479011298,False,3.0
LEVEL_PLUS_JUMP,act,cpi,real_macro,c,1,1.0437420537302757e-05,2.878545017516974e-05,0.004931646400312736,0.0021164170522527483,0.998311344770431,-0.008101399047859273,0.008122273888933879,-0.013843306825242986,0.013864181666317593,2.809151979124409,302,True,3.0,0.1,0.998311344770431,False,3.0
LEVEL_PLUS_JUMP,act,infl_exp,real_macro,c,1,-0.016539126452716168,-0.04561339640804811,0.005584737385159854,-2.9614868725367582,0.0030615754448334,-0.025725201996267835,-0.0073530509091645005,-0.03222062175933391,-0.0008576311460984226,2.8079199119170197,302,True,1.0,0.03333333333333333,0.0091847263345002,True,3.0
LEVEL_PLUS_JUMP,act,freight,physical_channel,c,1,-0.000635471874477463,-0.0017525732450002294,0.000667738600521733,-0.9516776085446331,0.3412605086331466,-0.0017338041334011357,0.0004628603844462097,-0.0025147782683334293,0.0012438345193785034,2.8144342597351466,302,True,1.0,0.1,0.3412605086331466,False,1.0
LEVEL_PLUS_JUMP,act,oil,asset_price,c,2,-0.0007663082673693561,-0.0021134080370092696,0.0014266739698666011,-0.5371292135098031,0.5911783627880134,-0.0031129781211816903,0.0015803615864429781,-0.004809006324563856,0.003276389789825144,2.833652356867846,301,True,4.0,0.1,0.5911783627880134,False,4.0
LEVEL_PLUS_JUMP,act,dxy,asset_price,c,2,0.0003396222134301488,0.0009366469682940242,0.00017286873468201324,1.9646248585950115,0.049457672640135696,5.527844820192758e-05,0.00062396597865837,-0.00014818354899174993,0.0008274279758520475,2.8218275752362194,301,True,3.0,0.05,0.18355630059353065,False,4.0
LEVEL_PLUS_JUMP,act,vix,asset_price,c,2,-0.13677573441047186,-0.3772149521017889,0.06915149262069742,-1.9779144198766598,0.047938361933214296,-0.250519817856734,-0.02303165096420974,-0.3072380405378154,0.03368657171687167,2.4650560626701967,301,True,2.0,0.03333333333333333,0.18355630059353065,False,4.0
LEVEL_PLUS_JUMP,act,us10y,asset_price,c,2,0.005794955546600659,0.015981956802241105,0.0029026849157970103,1.9964121889576492,0.04588907514838266,0.001020463734954618,0.010569447358246699,-0.0023373065780695973,0.013927217671270916,2.801634473108951,301,True,1.0,0.025,0.18355630059353065,False,4.0
LEVEL_PLUS_JUMP,act,ip,real_macro,c,2,-0.01063912240408124,-0.02934172545560327,0.013457995707402602,-0.7905428590848165,0.4292108025054372,-0.032775555454899755,0.011497310646737273,-0.04856050507697056,0.027282260268808076,2.8177585650462476,301,True,3.0,0.1,0.4292108025054372,False,3.0
LEVEL_PLUS_JUMP,act,cpi,real_macro,c,2,-0.008088772837353224,-0.022308094864602245,0.004820463481393956,-1.6780072846883505,0.09334567691357161,-0.016017729678311193,-0.00015981599639525515,-0.021630187366407993,0.005452641691701544,2.809151979124409,301,True,2.0,0.05,0.18669135382714322,False,3.0
LEVEL_PLUS_JUMP,act,infl_exp,real_macro,c,2,0.030485855104055132,0.08407719704393551,0.006315718976521864,4.826980937148035,1.3861838434414305e-06,0.020097421838716906,0.04087428836939336,0.012751822031807209,0.04821988817630306,2.8079199119170197,301,True,1.0,0.03333333333333333,4.158551530324291e-06,True,3.0
LEVEL_PLUS_JUMP,act,freight,physical_channel,c,2,-0.00014817105527853845,-0.00040864220368233795,0.0002690369424515603,-0.550746131473065,0.5818077162089121,-0.000590697445853922,0.000294355335296845,-0.0009053578432486029,0.0006090157326915259,2.8144342597351466,301,True,1.0,0.1,0.5818077162089121,False,1.0
LEVEL_PLUS_JUMP,act,oil,asset_price,c,6,0.0021510127196497676,0.005932296130671725,0.0016427508235918689,1.3093968292443683,0.19039996497344658,-0.000551071930712836,0.004853097370012371,-0.0025039720233679267,0.006805997462667462,2.833652356867846,297,True,3.0,0.05,0.38079992994689316,False,4.0
LEVEL_PLUS_JUMP,act,dxy,asset_price,c,6,-0.0005129605233673515,-0.0014146981559713676,0.0001913451508726953,-2.680812767022414,0.007344359580083625,-0.0008276952887798811,-0.00019822575795482201,-0.0010529035464876579,2.698249975295478e-05,2.8218275752362194,297,True,2.0,0.03333333333333333,0.022033078740250876,True,4.0
LEVEL_PLUS_JUMP,act,vix,asset_price,c,6,-0.0680205188076135,-0.18759436280525135,0.10856553271300531,-0.6265388020286955,0.5309615944718664,-0.246594929052519,0.110553891437292,-0.3356406434188268,0.1995996058035998,2.4650560626701967,297,True,4.0,0.1,0.5309615944718664,False,4.0
LEVEL_PLUS_JUMP,act,us10y,asset_price,c,6,-0.011286563144661366,-0.031127307737426356,0.002571902000241278,-4.388411045056358,1.1418181907185602e-05,-0.015516965477921977,-0.007056160811400754,-0.018492092449995196,-0.004081033839327536,2.801634473108951,297,True,1.0,0.025,4.567272762874241e-05,True,4.0
LEVEL_PLUS_JUMP,act,ip,real_macro,c,6,0.003451173661527184,0.009518020963580077,0.014075548168266684,0.2451892899850148,0.806309868690952,-0.01970104279437642,0.026603390117430792,-0.036210322747327287,0.04311267007038165,2.8177585650462476,297,True,3.0,0.1,0.9737542145699487,False,3.0
LEVEL_PLUS_JUMP,act,cpi,real_macro,c,6,0.0036993865508476317,0.010202569385561652,0.0034892639922655755,1.0602197366114519,0.28904464415740627,-0.0020399419822215736,0.009438715083916837,-0.006102486298712746,0.01350125940040801,2.809151979124409,297,True,1.0,0.03333333333333333,0.8671339324722188,False,3.0
LEVEL_PLUS_JUMP,act,infl_exp,real_macro,c,6,0.0027992738275157652,0.007720140910355122,0.00402608478963618,0.6952843702451491,0.48687710728497435,-0.0038230463411314613,0.009421593996162991,-0.008505649820369911,0.014104197475401443,2.8079199119170197,297,True,2.0,0.05,0.9737542145699487,False,3.0
LEVEL_PLUS_JUMP,act,freight,physical_channel,c,6,-0.00023599252367147497,-0.0006508457724376887,0.0002538021037348703,-0.9298288713871348,0.3524596952788024,-0.0006534598345276902,0.0001814747871847403,-0.0009503018596157476,0.00047831681227279764,2.8144342597351466,297,True,1.0,0.1,0.3524596952788024,False,1.0
LEVEL_PLUS_JUMP,threat,oil,asset_price,a,1,-0.008603776362642866,-0.008802478120551467,0.013238533793265376,-0.649904022378953,0.5157542197829961,-0.03037922668801505,0.013171673962729316,-0.045397803562088564,0.02819025083680283,2.7793128585103077,302,True,2.0,0.03333333333333333,1.0,False,4.0
LEVEL_PLUS_JUMP,threat,dxy,asset_price,a,1,0.0005765715508123422,0.0005898873061129959,0.0013974584474143437,0.41258582813617634,0.6799100861366516,-0.001722043044931114,0.002875186146555799,-0.003327987403977133,0.004481130505601817,2.794042972808179,302,True,3.0,0.05,1.0,False,4.0
LEVEL_PLUS_JUMP,threat,vix,asset_price,a,1,-0.06575029878562712,-0.0672687831581924,0.4705381037118939,-0.139734270757136,0.8888699478910896,-0.8397166052950038,0.7082160077237496,-1.3306746367349553,1.1991740391637011,2.6882505964359256,302,True,4.0,0.1,1.0,False,4.0
LEVEL_PLUS_JUMP,threat,us10y,asset_price,a,1,0.01603852272186013,0.016408927823616134,0.021186130007341868,0.75702937328819,0.44903226492413106,-0.01880956006178156,0.05088660550550182,-0.04269372641761146,0.07477077186133173,2.7722028100043965,302,True,1.0,0.025,1.0,False,4.0
LEVEL_PLUS_JUMP,threat,ip,real_macro,a,1,0.03409335609938039,0.03488073242163871,0.12367024564230948,0.27567953732370154,0.7827942136641284,-0.16932609599135187,0.23751280819011264,-0.31482769801849875,0.38301441021725957,2.8213823972425907,302,True,3.0,0.1,1.0,False,3.0
LEVEL_PLUS_JUMP,threat,cpi,real_macro,a,1,-0.01816808980929837,-0.018587676654747243,0.02408656178494164,-0.7542832377453157,0.4506791652862364,-0.05778695832205035,0.02145077870345361,-0.08543945840761524,0.0491032787890185,2.792900423022325,302,True,2.0,0.05,1.0,False,3.0
LEVEL_PLUS_JUMP,threat,infl_exp,real_macro,a,1,-0.0238338260116307,-0.02438426141657235,0.025178867527494146,-0.9465805396372683,0.3438525641345641,-0.06524937758676008,0.01758172556349869,-0.09363971482317178,0.04597206279991038,2.772399860133356,302,True,1.0,0.03333333333333333,1.0,False,3.0
LEVEL_PLUS_JUMP,threat,freight,physical_channel,a,1,0.003951020724149963,0.004042268419386518,0.0038857376419161854,1.0168006922365411,0.30924825276036894,-0.0024404489295377354,0.01034249037783766,-0.0067996219436365505,0.014701663391936477,2.766692880089819,302,True,1.0,0.1,0.30924825276036894,False,1.0
LEVEL_PLUS_JUMP,threat,oil,asset_price,a,2,0.0028431809899267723,0.002908843442893789,0.00886306483921941,0.32078982174942294,0.7483696731655118,-0.011735263356769339,0.017421625336622885,-0.021790049083526324,0.02747641106337987,2.7793128585103077,301,True,3.0,0.05,1.0,False,4.0
LEVEL_PLUS_JUMP,threat,dxy,asset_price,a,2,0.0002515792721910264,0.00025738942363275535,0.0011516506271971433,0.21845103562641502,0.8270777048875633,-0.0016427174389351327,0.0021458759833171853,-0.002966182069859284,0.0034693406142413366,2.794042972808179,301,True,4.0,0.1,1.0,False,4.0
LEVEL_PLUS_JUMP,threat,vix,asset_price,a,2,-0.348932863917171,-0.3569913687562167,0.35251089409401826,-0.9898498734740011,0.3222475034233776,-0.9287616866076231,0.23089595877328123,-1.296570485215577,0.598704757381235,2.6882505964359256,301,True,1.0,0.025,1.0,False,4.0
LEVEL_PLUS_JUMP,threat,us10y,asset_price,a,2,0.0075659358539675835,0.007740668981729318,0.017017277869785626,0.4446031798893635,0.6566065490667311,-0.020424995370990327,0.0355568670789255,-0.03960940967527776,0.05474128138321292,2.7722028100043965,301,True,2.0,0.03333333333333333,1.0,False,4.0
LEVEL_PLUS_JUMP,threat,ip,real_macro,a,2,-0.13724561439545138,-0.14041526266339463,0.1394677578322162,-0.9840669738202995,0.3250825840409899,-0.36664966170856184,0.09215843291765904,-0.5307374913261587,0.25624626253525584,2.8213823972425907,301,True,1.0,0.03333333333333333,0.9752477521229697,False,3.0
LEVEL_PLUS_JUMP,threat,cpi,real_macro,a,2,-0.0017322334936041275,-0.001772238931423477,0.02831688757754167,-0.06117315996896405,0.9512213049311784,-0.04830936872950063,0.04484490174229237,-0.08081848078759588,0.07735401380038762,2.792900423022325,301,True,3.0,0.1,0.9752477521229697,False,3.0
LEVEL_PLUS_JUMP,threat,infl_exp,real_macro,a,2,0.04153338983215853,0.042492591608646595,0.04892381525449099,0.848940124888276,0.39591461016889384,-0.03893912513349475,0.1220059047978118,-0.09410298873658245,0.17716976840089949,2.772399860133356,301,True,2.0,0.05,0.9752477521229697,False,3.0
LEVEL_PLUS_JUMP,threat,freight,physical_channel,a,2,0.003470292938511791,0.0035504383628319884,0.0033081819276352333,1.049003051955017,0.29417671376615717,-0.001971182103774335,0.008911767980797918,-0.005682430446718423,0.012623016323742004,2.766692880089819,301,True,1.0,0.1,0.29417671376615717,False,1.0
LEVEL_PLUS_JUMP,threat,oil,asset_price,a,6,0.005887024229405978,0.006022983372685496,0.008190103399663631,0.7187973023207203,0.47226582008236784,-0.0075844970526383285,0.019358545511450283,-0.01687583546180814,0.028649883920620095,2.7793128585103077,297,True,1.0,0.025,1.0,False,4.0
LEVEL_PLUS_JUMP,threat,dxy,asset_price,a,6,-0.0005856670496446548,-0.0005991928628932211,0.0015412067795881682,-0.38000549790025784,0.7039413340219196,-0.0031207266109324516,0.0019493925116431418,-0.0048918650217973,0.0037205309225079902,2.794042972808179,297,True,4.0,0.1,1.0,False,4.0
LEVEL_PLUS_JUMP,threat,vix,asset_price,a,6,0.16506803397782824,0.16888023308011127,0.3921691311032936,0.4209103187531374,0.6738205699788029,-0.47999278369583165,0.8101288516514881,-0.8891808666143596,1.219316934570016,2.6882505964359256,297,True,3.0,0.05,1.0,False,4.0
LEVEL_PLUS_JUMP,threat,us10y,asset_price,a,6,0.015938513752481873,0.016306609175652045,0.02540029863847674,0.6274931637354052,0.5303360159541113,-0.02584125958866713,0.057718287093630874,-0.05447626550805419,0.08635329301301793,2.7722028100043965,297,True,2.0,0.03333333333333333,1.0,False,4.0
LEVEL_PLUS_JUMP,threat,ip,real_macro,a,6,-0.00941291146167357,-0.009630299963610181,0.03960780941868451,-0.23765291743787129,0.8121503038979268,-0.07456196043959946,0.055736137516252324,-0.12116168774888934,0.1023358648255422,2.8213823972425907,297,True,3.0,0.1,1.0,False,3.0
LEVEL_PLUS_JUMP,threat,cpi,real_macro,a,6,0.009052289621002107,0.009261349664519834,0.015739673794045256,0.5751256181959015,0.565206343231291,-0.016837169906166273,0.034941749148170484,-0.03490705197662029,0.05301163121862451,2.792900423022325,297,True,1.0,0.03333333333333333,1.0,False,3.0
LEVEL_PLUS_JUMP,threat,infl_exp,real_macro,a,6,0.005298428006359285,0.005420793687967071,0.017103392594823623,0.30978812986862414,0.7567220788614077,-0.022834149336411303,0.03343100534912987,-0.042119015231335606,0.05271587124405417,2.772399860133356,297,True,2.0,0.05,1.0,False,3.0
LEVEL_PLUS_JUMP,threat,freight,physical_channel,a,6,0.0015542312639730011,0.0015901257911353829,0.0013384549576905434,1.161212975485385,0.24555529929288555,-0.0006473312276954685,0.0037557937556414707,-0.0021488625377903453,0.005257325065736347,2.766692880089819,297,True,1.0,0.1,0.24555529929288555,False,1.0
LEVEL_PLUS_JUMP,threat,oil,asset_price,b,1,-0.006586034710302342,-0.006738137301004985,0.012430998643849769,-0.529807370991934,0.5962454941253554,-0.027033207916267468,0.013861138495662784,-0.0413271662071267,0.02815509678652202,2.7947176644583194,302,True,2.0,0.03333333333333333,1.0,False,4.0
LEVEL_PLUS_JUMP,threat,dxy,asset_price,b,1,0.0006505204296293848,0.0006655440131669643,0.001366850284482305,0.4759266153833151,0.6341266599187527,-0.0015977482183009862,0.002898789077559756,-0.0032011178074019563,0.004502158666660726,2.8178932841135196,302,True,3.0,0.05,1.0,False,4.0
LEVEL_PLUS_JUMP,threat,vix,asset_price,b,1,-0.10631718910590009,-0.10877255422475288,0.5371247209304785,-0.1979376203756241,0.8430938696453457,-0.9898087344536949,0.7771743562418948,-1.5635137619157153,1.3508793837039152,2.7129575609282455,302,True,4.0,0.1,1.0,False,4.0
LEVEL_PLUS_JUMP,threat,us10y,asset_price,b,1,0.02344328643316018,0.023984702438072804,0.02411119449847301,0.9722988396383626,0.330901900944334,-0.016216099287785533,0.0631026721541059,-0.04325145455552866,0.09013802742184902,2.7661317647664743,302,True,1.0,0.025,1.0,False,4.0
LEVEL_PLUS_JUMP,threat,ip,real_macro,b,1,0.06784602276283282,0.06941290728212554,0.14519872357033223,0.46726321757208256,0.6403115691836611,-0.17098462433055234,0.306676669856218,-0.34133662688782107,0.4770286724134867,2.818087098764691,302,True,2.0,0.05,1.0,False,3.0
LEVEL_PLUS_JUMP,threat,cpi,real_macro,b,1,-0.007762414207730465,-0.007941684946959321,0.0262233863637905,-0.29601112915183525,0.7672215822394081,-0.05089604637916105,0.035371217963700116,-0.08135754523916998,0.06583271682370904,2.806469386160605,302,True,3.0,0.1,1.0,False,3.0
LEVEL_PLUS_JUMP,threat,infl_exp,real_macro,b,1,-0.021382951862929947,-0.02187678502936223,0.023594067545485778,-0.9062850999178867,0.36478496996954546,-0.06019173943966025,0.017425835713800353,-0.08713384821630979,0.044367944490449895,2.7867554514126103,302,True,1.0,0.03333333333333333,1.0,False,3.0
LEVEL_PLUS_JUMP,threat,freight,physical_channel,b,1,0.004356976181523165,0.004457599302109323,0.003966131367983042,1.098545604589715,0.27196631524914905,-0.0021667293840697457,0.010880681747116075,-0.006613404728478239,0.015327357091524569,2.766015517932867,302,True,1.0,0.1,0.27196631524914905,False,1.0
LEVEL_PLUS_JUMP,threat,oil,asset_price,b,2,0.00073874764440256,0.0007558088102681655,0.009304428454396765,0.07939742328326123,0.9367165180952979,-0.01456567524552244,0.01604317053432756,-0.025264502914788697,0.02674199820359382,2.7947176644583194,301,True,4.0,0.1,1.0,False,4.0
LEVEL_PLUS_JUMP,threat,dxy,asset_price,b,2,-0.00030682625076169673,-0.0003139123153953115,0.0010935513295670077,-0.2805778224266663,0.779034228135742,-0.002105558121457594,0.0014919056199342007,-0.0033883371981819777,0.0027746846966585845,2.8178932841135196,301,True,3.0,0.05,1.0,False,4.0
LEVEL_PLUS_JUMP,threat,vix,asset_price,b,2,-0.46797077011108357,-0.47877842139716964,0.4294132334494618,-1.0897912166141002,0.27580512393074397,-1.1742926846113901,0.2383511443892229,-1.6329506485604468,0.6970091083382797,2.7129575609282455,301,True,1.0,0.025,1.0,False,4.0
LEVEL_PLUS_JUMP,threat,us10y,asset_price,b,2,0.0093753161671682,0.009591836416515198,0.018583979629922823,0.5044837733287557,0.6139214621254045,-0.02119261013030263,0.03994324246463903,-0.04203042020293443,0.06078105253727083,2.7661317647664743,301,True,2.0,0.03333333333333333,1.0,False,4.0
LEVEL_PLUS_JUMP,threat,ip,real_macro,b,2,-0.13064425366292887,-0.13366144539006333,0.1321620833234082,-0.9885153924460686,0.32290029980267565,-0.3480315357628995,0.08674302843704179,-0.5030885156224896,0.2418000082966319,2.818087098764691,301,True,1.0,0.03333333333333333,0.968700899408027,False,3.0
LEVEL_PLUS_JUMP,threat,cpi,real_macro,b,2,-0.0020764814149358325,-0.0021244371601832077,0.027888071728763196,-0.07445769055428064,0.9406462057221083,-0.04794827734667479,0.04379531451680312,-0.0803435009607608,0.07619053813088915,2.806469386160605,301,True,3.0,0.1,0.968700899408027,False,3.0
LEVEL_PLUS_JUMP,threat,infl_exp,real_macro,b,2,0.04147951628496571,0.042437473867267324,0.052588622722315924,0.7887545658685586,0.43025546901735845,-0.04502107053621823,0.12798010310614966,-0.10507211476872924,0.18803114733866066,2.7867554514126103,301,True,2.0,0.05,0.968700899408027,False,3.0
LEVEL_PLUS_JUMP,threat,freight,physical_channel,b,2,0.003617939904129189,0.0037014951929532375,0.0032363600405596877,1.1179040214275764,0.26360798734773827,-0.0017053986467062267,0.008941278454964605,-0.005333882189676752,0.012569761997935129,2.766015517932867,301,True,1.0,0.1,0.26360798734773827,False,1.0
LEVEL_PLUS_JUMP,threat,oil,asset_price,b,6,0.011648959511568954,0.011917988904616062,0.009745062533846749,1.195370421801764,0.23194233669491993,-0.004380241942097775,0.027678160965235683,-0.015585738893023504,0.03888365791616141,2.7947176644583194,297,True,1.0,0.025,0.9277693467796797,False,4.0
LEVEL_PLUS_JUMP,threat,dxy,asset_price,b,6,-0.0003177100562420333,-0.0003250474792548672,0.0013654465906008308,-0.23267849392939852,0.8160110702669794,-0.002563669833200332,0.0019282497207162652,-0.004165392833711817,0.0035299727212277504,2.8178932841135196,297,True,4.0,0.1,1.0,False,4.0
LEVEL_PLUS_JUMP,threat,vix,asset_price,b,6,0.15913026721215626,0.16280533528677646,0.41225231399852874,0.38600212008203344,0.6994950986647297,-0.5189644466874609,0.8372249811117735,-0.9592927650603175,1.27755329948463,2.7129575609282455,297,True,3.0,0.05,1.0,False,4.0
LEVEL_PLUS_JUMP,threat,us10y,asset_price,b,6,0.01320568069852987,0.013510662122799659,0.028734867592032937,0.4595699164520004,0.6458249566495293,-0.03405897048019582,0.06047033187725556,-0.06627874930415117,0.09269011070121091,2.7661317647664743,297,True,2.0,0.03333333333333333,1.0,False,4.0
LEVEL_PLUS_JUMP,threat,ip,real_macro,b,6,-0.017127166833588316,-0.01752271386019449,0.043104514411547216,-0.39734044258250917,0.6911164279504647,-0.08802778370140377,0.05377345003422713,-0.13859944279528622,0.1043451091281096,2.818087098764691,297,True,1.0,0.03333333333333333,1.0,False,3.0
LEVEL_PLUS_JUMP,threat,cpi,real_macro,b,6,0.005003993355431885,0.005119559152865263,0.01723620729748063,0.29031870347505656,0.7715724314274581,-0.023347044732716565,0.03335503144358033,-0.043368894758465525,0.05337688146932929,2.806469386160605,297,True,3.0,0.1,1.0,False,3.0
LEVEL_PLUS_JUMP,threat,infl_exp,real_macro,b,6,0.0073428011936565105,0.007512381090164274,0.0192165063984248,0.3821090598579567,0.7023804720058535,-0.0242655390531287,0.03895114144044172,-0.04620890276925911,0.06089450515657213,2.7867554514126103,297,True,2.0,0.05,1.0,False,3.0
LEVEL_PLUS_JUMP,threat,freight,physical_channel,b,6,0.0009781616496993715,0.001000752013642111,0.001479493940295946,0.6611461007428715,0.5085186231157208,-0.00145538932404914,0.003411712623447883,-0.003114141547846858,0.005070464847245601,2.766015517932867,297,True,1.0,0.1,0.5085186231157208,False,1.0
LEVEL_PLUS_JUMP,threat,oil,asset_price,c,1,-0.005756231976566136,-0.005889170510119796,0.012796790144673298,-0.4498184241117828,0.6528413719310631,-0.026805078659368868,0.015292614706236595,-0.041833449737567883,0.030320985784435615,2.819239618149009,302,True,2.0,0.03333333333333333,1.0,False,4.0
LEVEL_PLUS_JUMP,threat,dxy,asset_price,c,1,0.0005584743719894518,0.0005713721781136359,0.0013296619765731281,0.42001229021287056,0.6744764754076713,-0.0016286249527963216,0.0027455736967752255,-0.0031756719316197706,0.004292620675598674,2.808342548256552,302,True,3.0,0.05,1.0,False,4.0
LEVEL_PLUS_JUMP,threat,vix,asset_price,c,1,-0.21403990339056655,-0.21898309383086623,0.526212246264815,-0.40675583837106577,0.6841873247511012,-1.0795820252055288,0.6515022184243957,-1.6359073656042615,1.2078275588231286,2.702079764023857,302,True,4.0,0.1,1.0,False,4.0
LEVEL_PLUS_JUMP,threat,us10y,asset_price,c,1,0.02045265497666212,0.02092500320219323,0.025954332119693536,0.7880247074877772,0.43068225387745596,-0.022238422345518885,0.06314373229884312,-0.05155723578858302,0.09246254574190726,2.774484445724023,302,True,1.0,0.025,1.0,False,4.0
LEVEL_PLUS_JUMP,threat,ip,real_macro,c,1,0.06651197914624646,0.06804805430920893,0.12502051385683619,0.5320085247962653,0.594720091247744,-0.13912846651450733,0.27215242480700025,-0.28806095767720397,0.4210849159696969,2.8361180568292967,302,True,2.0,0.05,1.0,False,3.0
LEVEL_PLUS_JUMP,threat,cpi,real_macro,c,1,-0.009998228198631238,-0.010229134423444955,0.026680753740477074,-0.374735597647792,0.707857115124034,-0.05388416275845401,0.03388770636119154,-0.08485502880116902,0.06485857240390655,2.8056478962576445,302,True,3.0,0.1,1.0,False,3.0
LEVEL_PLUS_JUMP,threat,infl_exp,real_macro,c,1,-0.025115920586324995,-0.025695965599310734,0.02584062051714837,-0.9719550105098115,0.3310729307908834,-0.06761995896663311,0.01738811779398313,-0.09714363680186669,0.04691179562921669,2.7873833822118397,302,True,1.0,0.03333333333333333,0.9932187923726502,False,3.0
LEVEL_PLUS_JUMP,threat,freight,physical_channel,c,1,0.004058283055007262,0.004152007943141491,0.0039477437715308246,1.028000622602103,0.3039495348218987,-0.0024351776058702986,0.010551743715884822,-0.00690387925647265,0.015020445366487174,2.7768170747386405,302,True,1.0,0.1,0.3039495348218987,False,1.0
LEVEL_PLUS_JUMP,threat,oil,asset_price,c,2,0.0022210311977036244,0.0022723252789014752,0.009247705534729037,0.2401710553350466,0.8101976515470702,-0.012990090792074636,0.017432153187481883,-0.023850466622780342,0.028292529018187594,2.819239618149009,301,True,4.0,0.1,1.0,False,4.0
LEVEL_PLUS_JUMP,threat,dxy,asset_price,c,2,-0.0004226796874377242,-0.000432441354104329,0.001173916181246206,-0.3600595120760801,0.7188026296479909,-0.002353599975897568,0.0015082406010221198,-0.0037194384473182946,0.0028740790724428467,2.808342548256552,301,True,3.0,0.05,1.0,False,4.0
LEVEL_PLUS_JUMP,threat,vix,asset_price,c,2,-0.5508080206646426,-0.563528774594444,0.42053138074960666,-1.3097905314053255,0.1902667071818338,-1.2425205875375438,0.14090454620825843,-1.6871173547251666,0.5855013133958813,2.702079764023857,301,True,1.0,0.025,0.7610668287273352,False,4.0
LEVEL_PLUS_JUMP,threat,us10y,asset_price,c,2,0.013586888753224287,0.013900674068646523,0.018521168526380055,0.7335870160606887,0.4632004765940191,-0.0168777224727714,0.04405149997921998,-0.037799805239850506,0.06497358274629908,2.774484445724023,301,True,2.0,0.03333333333333333,1.0,False,4.0
LEVEL_PLUS_JUMP,threat,ip,real_macro,c,2,-0.10414639652548816,-0.1065516278096616,0.13238942226446054,-0.7866670519752383,0.43147679635916303,-0.3219076179071961,0.11361482485621976,-0.4796184275429233,0.2713256344919469,2.8361180568292967,301,True,1.0,0.03333333333333333,1.0,False,3.0
LEVEL_PLUS_JUMP,threat,cpi,real_macro,c,2,-0.003211390904928521,-0.003285557060723972,0.02953694589507055,-0.10872454167526079,0.9134209758013543,-0.051795343489504715,0.04537256167964767,-0.08608166101730907,0.07965887920745204,2.8056478962576445,301,True,3.0,0.1,1.0,False,3.0
LEVEL_PLUS_JUMP,threat,infl_exp,real_macro,c,2,0.038781785825358135,0.039677440093150655,0.05130602911612144,0.7558913931456854,0.44971431469544765,-0.04560912225077205,0.12317269390148833,-0.1042277871401956,0.18179135879091185,2.7873833822118397,301,True,2.0,0.05,1.0,False,3.0
LEVEL_PLUS_JUMP,threat,freight,physical_channel,c,2,0.0035175292930523126,0.003598765627490205,0.0031946406436959922,1.101071978156128,0.2708653317000822,-0.001737186956537626,0.008772245542642252,-0.005353403394016761,0.012388461980121387,2.7768170747386405,301,True,1.0,0.1,0.2708653317000822,False,1.0
LEVEL_PLUS_JUMP,threat,oil,asset_price,c,6,0.011649359038068319,0.011918397658065828,0.010323617797636325,1.1284182799498381,0.25914331130403556,-0.005331481139634562,0.0286301992157712,-0.017455393259656227,0.04075411133579287,2.819239618149009,297,True,1.0,0.025,1.0,False,4.0
LEVEL_PLUS_JUMP,threat,dxy,asset_price,c,6,-0.0006404130648293074,-0.0006552032216634316,0.0013250021132328801,-0.4833298441062558,0.6288615528115993,-0.0028198475964987756,0.0015390214668401605,-0.00436147287595105,0.0030806467462924352,2.808342548256552,297,True,2.0,0.03333333333333333,1.0,False,4.0
LEVEL_PLUS_JUMP,threat,vix,asset_price,c,6,-0.014583357964001037,-0.014920156451260564,0.45309784517408225,-0.03218589123591626,0.9743238075135395,-0.7598629919624867,0.7306962760344847,-1.2388898765317033,1.209723160603701,2.702079764023857,297,True,4.0,0.1,1.0,False,4.0
LEVEL_PLUS_JUMP,threat,us10y,asset_price,c,6,0.007184879390916698,0.0073508121284917,0.029102486282100302,0.2468819784423646,0.804999563819205,-0.04068445072350144,0.05505420950533484,-0.07355951613066736,0.08792927491250074,2.774484445724023,297,True,3.0,0.05,1.0,False,4.0
LEVEL_PLUS_JUMP,threat,ip,real_macro,c,6,0.02720463929317836,0.027832922668173412,0.056807312879172046,0.4788932606448408,0.6320145656227026,-0.06623507533349486,0.12064435391985158,-0.13390760652339295,0.18831688510974964,2.8361180568292967,297,True,1.0,0.03333333333333333,1.0,False,3.0
LEVEL_PLUS_JUMP,threat,cpi,real_macro,c,6,0.007609620025240248,0.0077853620264615895,0.017657264138175532,0.4309625752716709,0.6664955827533197,-0.021433994934477937,0.036653234984958434,-0.04193044595769749,0.05714968600817798,2.8056478962576445,297,True,2.0,0.05,1.0,False,3.0
LEVEL_PLUS_JUMP,threat,infl_exp,real_macro,c,6,0.005606126529428737,0.00573559842054997,0.020466733078076213,0.27391408819583285,0.7841506446897877,-0.028058653605892592,0.03927090666475007,-0.05144250514056627,0.06265475819942375,2.7873833822118397,297,True,3.0,0.1,1.0,False,3.0
LEVEL_PLUS_JUMP,threat,freight,physical_channel,c,6,0.000857407693173658,0.0008772092789770379,0.001449496415594184,0.5915210854951894,0.5541713314860333,-0.0015268017432695942,0.00324161712961691,-0.003167578703420729,0.004882394089768045,2.7768170747386405,297,True,1.0,0.1,0.5541713314860333,False,1.0
