measure,channel,outcome,family,battery,horizon,beta,se,tstat,pvalue,ci_low,ci_high,ci_low_supt,ci_high_supt,supt_c,nobs,converged,rank,threshold,pvalue_adj,reject,family_size
LEVEL,pooled,oil,asset_price,a,1,-0.05330593706226892,0.09878883955044611,-0.5395947285629209,0.5894765527826131,-0.21579911809914723,0.10918724397460941,-0.33489011390608936,0.2282782397815515,2.8503642529380118,224,True,2.0,0.03333333333333333,1.0,False,4.0
LEVEL,pooled,dxy,asset_price,a,1,0.010268622998302678,0.00657251299062521,1.5623587222953326,0.1182035054632418,-0.0005421988325128666,0.02107944482911822,-0.00828430601781277,0.028821552014418127,2.8228059864740715,224,True,1.0,0.025,0.4728140218529672,False,4.0
LEVEL,pooled,vix,asset_price,a,1,0.19066080771526916,2.9704724991412967,0.06418534686666358,0.9488226448416357,-4.695331656256896,5.076653271687435,-7.986257852597498,8.367579468028037,2.7527333320461804,224,True,4.0,0.1,1.0,False,4.0
LEVEL,pooled,us10y,asset_price,a,1,0.010311954436253747,0.10203021517821736,0.10106765352049621,0.9194967552837692,-0.15751281505827625,0.17813672393078372,-0.27833886736526886,0.2989627762377764,2.829071969487988,224,True,3.0,0.05,1.0,False,4.0
LEVEL,pooled,ip,real_macro,a,1,0.3896438661905409,0.7919322046428363,0.49201669525015895,0.622707541213393,-0.9129686929159039,1.6922564252969856,-1.84308159124387,2.622369323624952,2.8193391357804125,224,True,3.0,0.1,0.622707541213393,False,3.0
LEVEL,pooled,cpi,real_macro,a,1,0.14627645221263222,0.11544631629733579,1.2670517077036256,0.205136801590027,-0.04361583986722742,0.3361687442924919,-0.1783059545557932,0.4708588589810576,2.811544076750381,224,True,1.0,0.03333333333333333,0.615410404770081,False,3.0
LEVEL,pooled,infl_exp,real_macro,a,1,-0.15857611547843,0.1444869508229317,-1.09751167545064,0.27241777974384096,-0.3962360005866882,0.07908376962982819,-0.5644442395841958,0.24729200862733572,2.8090296168209394,224,True,2.0,0.05,0.615410404770081,False,3.0
LEVEL,pooled,freight,physical_channel,a,1,0.018895173008718798,0.012594153005944865,1.500313121477851,0.1335333121019747,-0.0018203652414913972,0.039610711258928996,-0.016446454884412896,0.05423680090185049,2.806193308628953,224,True,1.0,0.1,0.1335333121019747,False,1.0
LEVEL,pooled,oil,asset_price,a,2,0.006009829287818746,0.051068536880777914,0.11768164225752142,0.906319913049754,-0.07799043882363382,0.09001009739927132,-0.1395541026869971,0.15157376126263458,2.8503642529380118,223,True,4.0,0.1,1.0,False,4.0
LEVEL,pooled,dxy,asset_price,a,2,0.0024334769777265984,0.00618195278469592,0.393642116411974,0.6938452821704694,-0.00773493048182324,0.012601884437276436,-0.015016976351013102,0.019883930306466298,2.8228059864740715,223,True,2.0,0.03333333333333333,1.0,False,4.0
LEVEL,pooled,vix,asset_price,a,2,-2.063039933120348,2.4640255833736853,-0.8372640069327862,0.4024441861893594,-6.116001350833772,1.9899214845930757,-8.845845287487627,4.71976542124693,2.7527333320461804,223,True,1.0,0.025,1.0,False,4.0
LEVEL,pooled,us10y,asset_price,a,2,0.024338507619480632,0.07942175618183943,0.3064463541168317,0.759264819362242,-0.10629865609507345,0.15497567133403473,-0.20035135656207062,0.2490283718010319,2.829071969487988,223,True,3.0,0.05,1.0,False,4.0
LEVEL,pooled,ip,real_macro,a,2,-1.121970415778162,0.9855576310787595,-1.1384117786699999,0.2549485779671482,-2.743068459827761,0.49912762827143653,-3.900591615645542,1.6566507840892182,2.8193391357804125,223,True,2.0,0.05,0.5098971559342964,False,3.0
LEVEL,pooled,cpi,real_macro,a,2,-0.04144248341772504,0.16029039482402144,-0.25854626824784877,0.7959853454686661,-0.3050967207095002,0.22221175387405012,-0.4921059935451825,0.40922102670973237,2.811544076750381,223,True,3.0,0.1,0.7959853454686661,False,3.0
LEVEL,pooled,infl_exp,real_macro,a,2,-0.19500672977058348,0.11033132628600913,-1.7674647476372434,0.07715042778447449,-0.3764856119784919,-0.013527847562675055,-0.5049306929711177,0.1149172334299508,2.8090296168209394,223,True,1.0,0.03333333333333333,0.23145128335342346,False,3.0
LEVEL,pooled,freight,physical_channel,a,2,0.016691390172907012,0.013733166171530557,1.2154072822266566,0.22421079194832005,-0.00589765801386229,0.03928043835967632,-0.021846528843931536,0.05522930918974556,2.806193308628953,223,True,1.0,0.1,0.22421079194832005,False,1.0
LEVEL,pooled,oil,asset_price,a,6,-0.0034342883160473625,0.05636161669713922,-0.06093310513964868,0.9514124843313637,-0.09614089796118545,0.08927232132909073,-0.16408542578736715,0.15721684915527243,2.8503642529380118,219,True,4.0,0.1,1.0,False,4.0
LEVEL,pooled,dxy,asset_price,a,6,0.0025642121526333436,0.0063065719439244885,0.40659365744707127,0.6843064563789255,-0.0078091755829612485,0.012937599888227935,-0.015238016884806124,0.02036644119007281,2.8228059864740715,219,True,3.0,0.05,1.0,False,4.0
LEVEL,pooled,vix,asset_price,a,6,1.7270118858632055,2.53896187416808,0.6802039461223027,0.49637533407036283,-2.449208761553668,5.903232533280079,-5.26207309395371,8.71609686568012,2.7527333320461804,219,True,2.0,0.03333333333333333,1.0,False,4.0
LEVEL,pooled,us10y,asset_price,a,6,0.09814919906221534,0.09672737042946825,1.0146993413181211,0.3102491682164381,-0.06095316701417408,0.25725156513860475,-0.17549949330207457,0.3717978914265052,2.829071969487988,219,True,1.0,0.025,1.0,False,4.0
LEVEL,pooled,ip,real_macro,a,6,0.14147986301986037,0.42273904011999824,0.3346742306546849,0.7378708424937965,-0.5538639803755027,0.8368237064152234,-1.0503648570126967,1.3333245830524174,2.8193391357804125,219,True,3.0,0.1,0.896143409759433,False,3.0
LEVEL,pooled,cpi,real_macro,a,6,0.08639981955994959,0.11388871738197043,0.7586337044272257,0.4480717048797165,-0.10093045029463564,0.2737300894145348,-0.23380332920402758,0.40660296832392673,2.811544076750381,219,True,2.0,0.05,0.896143409759433,False,3.0
LEVEL,pooled,infl_exp,real_macro,a,6,0.1480151065369047,0.11668763302491178,1.2684729538159778,0.20462910330475537,-0.04391896986450383,0.3399491829383132,-0.17976391054680563,0.475794123620615,2.8090296168209394,219,True,1.0,0.03333333333333333,0.6138873099142661,False,3.0
LEVEL,pooled,freight,physical_channel,a,6,-0.0008644926632719508,0.009260330463053124,-0.0933544074610625,0.9256220098536012,-0.016096380812194087,0.014367395485650187,-0.02685077004438448,0.025121784717840583,2.806193308628953,219,True,1.0,0.1,0.9256220098536012,False,1.0
LEVEL,pooled,oil,asset_price,b,1,-0.05506140409268035,0.09695995747424505,-0.567877766523423,0.5701179699056385,-0.2145463418132528,0.10442353362789211,-0.32972567691543664,0.21960286873007595,2.8327598317657463,224,True,2.0,0.03333333333333333,1.0,False,4.0
LEVEL,pooled,dxy,asset_price,b,1,0.010264331618751475,0.006369561492326911,1.6114659747168463,0.10707819753752373,-0.0002126647039928757,0.020741327941495826,-0.0076647824811667264,0.028193445718669677,2.8148113683361875,224,True,1.0,0.025,0.42831279015009494,False,4.0
LEVEL,pooled,vix,asset_price,b,1,0.4405277497228308,2.9826714356199053,0.14769570139772148,0.8825829242185977,-4.465530179161125,5.346585678606787,-7.780947580982302,8.662003080427963,2.75641333890215,224,True,3.0,0.05,1.0,False,4.0
LEVEL,pooled,us10y,asset_price,b,1,0.002299439640709857,0.10193695482488481,0.022557468433896347,0.982003270459528,-0.16537193022339028,0.16997080950481,-0.28612338606599935,0.290722265347419,2.8294236001279836,224,True,4.0,0.1,1.0,False,4.0
LEVEL,pooled,ip,real_macro,b,1,0.33790119618433856,0.8168783829021325,0.4136493304962648,0.6791309401780774,-1.0057441747104876,1.6815465670791647,-1.9535999884643673,2.6294023808330445,2.8051925875522192,224,True,3.0,0.1,0.6791309401780774,False,3.0
LEVEL,pooled,cpi,real_macro,b,1,0.12999248067294966,0.11376410716727273,1.142649328595491,0.2531842159617672,-0.057132823618034845,0.31711778496393417,-0.19338271948643215,0.4533676808323315,2.84250637755112,224,True,2.0,0.05,0.6301172819103174,False,3.0
LEVEL,pooled,infl_exp,real_macro,b,1,-0.18115002232959015,0.1445202231698052,-1.2534579476586227,0.21003909397010578,-0.41886463557828046,0.05656459091910013,-0.5892344098776181,0.22693436521843785,2.8237182215567573,224,True,1.0,0.03333333333333333,0.6301172819103174,False,3.0
LEVEL,pooled,freight,physical_channel,b,1,0.018656231963551234,0.012760977118652494,1.4619751912478356,0.14374800836747775,-0.0023337075335090676,0.039646171460611536,-0.017095497790180963,0.05440796171728343,2.80164515783627,224,True,1.0,0.1,0.14374800836747775,False,1.0
LEVEL,pooled,oil,asset_price,b,2,0.005200239386122327,0.05524506895260449,0.09413038095008416,0.9250055870113832,-0.08566981265175334,0.09607029142399799,-0.15129577284594461,0.16169625161818926,2.8327598317657463,223,True,3.0,0.05,1.0,False,4.0
LEVEL,pooled,dxy,asset_price,b,2,0.0021909351043206274,0.0063775117308941765,0.34354074077311675,0.731191696887465,-0.008299138197166222,0.012681008405807475,-0.015760557417497698,0.02014242762613895,2.8148113683361875,223,True,2.0,0.03333333333333333,1.0,False,4.0
LEVEL,pooled,vix,asset_price,b,2,-1.7594004771592657,2.582374317809087,-0.6813111736070699,0.49567461461506,-6.007028239953877,2.4882272856353453,-8.877491492806573,5.358690538488043,2.75641333890215,223,True,1.0,0.025,1.0,False,4.0
LEVEL,pooled,us10y,asset_price,b,2,0.0035754554914344426,0.07822482690281236,0.04570742605639306,0.9635434448602269,-0.12509293475730757,0.13224384574017647,-0.21775571586330925,0.22490662684617815,2.8294236001279836,223,True,4.0,0.1,1.0,False,4.0
LEVEL,pooled,ip,real_macro,b,2,-1.1182590981019205,0.9573685719863735,-1.1680549485573013,0.2427846010530933,-2.6929902660630587,0.4564720698592175,-3.8038623197935486,1.5673441235897076,2.8051925875522192,223,True,2.0,0.05,0.4855692021061866,False,3.0
LEVEL,pooled,cpi,real_macro,b,2,-0.06165956010441678,0.1640750923194002,-0.37580085577148975,0.7070649515493442,-0.33153907079837985,0.20821995058954626,-0.5280440564196006,0.4047249362107671,2.84250637755112,223,True,3.0,0.1,0.7070649515493442,False,3.0
LEVEL,pooled,infl_exp,real_macro,b,2,-0.2126976670005558,0.11282601153874995,-1.8851828944383544,0.05940514943099377,-0.3982799412945373,-0.027115392706574315,-0.531286531648097,0.1058911976469854,2.8237182215567573,223,True,1.0,0.03333333333333333,0.1782154482929813,False,3.0
LEVEL,pooled,freight,physical_channel,b,2,0.016064053609426525,0.013752930958790176,1.1680458265631877,0.24278828036674238,-0.006557504759352684,0.03868561197820573,-0.0224667788173245,0.05459488603617755,2.80164515783627,223,True,1.0,0.1,0.24278828036674238,False,1.0
LEVEL,pooled,oil,asset_price,b,6,-0.003958762078648509,0.05728439462327046,-0.06910716443253384,0.9449043182724568,-0.09818320634245434,0.09026568218515732,-0.16623169415446676,0.15831416999716974,2.8327598317657463,219,True,4.0,0.1,1.0,False,4.0
LEVEL,pooled,dxy,asset_price,b,6,0.0017630888483622382,0.006363064508480733,0.277081718409798,0.7817173590592728,-0.008703220886938482,0.012229398583662957,-0.016147737467565846,0.01967391516429032,2.8148113683361875,219,True,3.0,0.05,1.0,False,4.0
LEVEL,pooled,vix,asset_price,b,6,2.1539899817843473,2.6337317492392702,0.817847141192913,0.4134444762206867,-2.1781132383691117,6.486093201937806,-5.10566334290887,9.413643306477564,2.75641333890215,219,True,2.0,0.03333333333333333,1.0,False,4.0
LEVEL,pooled,us10y,asset_price,b,6,0.08814375672714195,0.09554907311665253,0.9224972451541241,0.35626926662309655,-0.06902048274063538,0.24530799619491928,-0.18220504571946897,0.3584925591737529,2.8294236001279836,219,True,1.0,0.025,1.0,False,4.0
LEVEL,pooled,ip,real_macro,b,6,0.16187261244835868,0.4867991362676202,0.33252444466000125,0.7394932846485005,-0.6388407124382803,0.9625859373349978,-1.2036927162363922,1.5274379411331096,2.8051925875522192,219,True,3.0,0.1,0.930530819928648,False,3.0
LEVEL,pooled,cpi,real_macro,b,6,0.07790734606671451,0.10669255538846825,0.7302041438885157,0.465265409964324,-0.09758629063272833,0.25340098276615736,-0.2253669230622326,0.3811816151956616,2.84250637755112,219,True,2.0,0.05,0.930530819928648,False,3.0
LEVEL,pooled,infl_exp,real_macro,b,6,0.13767527284458722,0.11810808581054005,1.165671866576818,0.2437471390143756,-0.056595240473175296,0.3319457861623497,-0.1958286811718238,0.4711792268609982,2.8237182215567573,219,True,1.0,0.03333333333333333,0.7312414170431268,False,3.0
LEVEL,pooled,freight,physical_channel,b,6,-0.000501860753707579,0.009754467573156102,-0.051449323086447014,0.958967482647171,-0.016546532120393916,0.015542810612978759,-0.027830417597311283,0.026826696089896126,2.80164515783627,219,True,1.0,0.1,0.958967482647171,False,1.0
LEVEL,act,oil,asset_price,a,1,-0.051487102593881895,0.03872632549223248,-1.329511693646455,0.18367921044866553,-0.11518623953828375,0.012212034350519957,-0.16113823307468872,0.058164027886924916,2.8314364734345903,224,True,2.0,0.03333333333333333,0.555753562557626,False,4.0
LEVEL,act,dxy,asset_price,a,1,0.006350784095093882,0.004291778069407518,1.479755940868259,0.1389383906394065,-0.0007085626284418613,0.013410130818629625,-0.005793519931510954,0.01849508812169872,2.8296672917855146,224,True,1.0,0.025,0.555753562557626,False,4.0
LEVEL,act,vix,asset_price,a,1,-0.4725952813158706,1.4970068559407814,-0.31569346488989325,0.7522351874926465,-2.934952437881285,1.9897618752495436,-4.614636914226038,3.669446351594297,2.766882206633006,224,True,3.0,0.05,1.0,False,4.0
LEVEL,act,us10y,asset_price,a,1,0.011012656887156653,0.06853268347013845,0.16069204253405844,0.8723359571226905,-0.10171357608341779,0.12373888985773109,-0.1823146670474537,0.20433998082176702,2.8209507368677356,224,True,4.0,0.1,1.0,False,4.0
LEVEL,act,ip,real_macro,a,1,0.20312360988523026,0.37783650575534294,0.5375965709802457,0.590855598070807,-0.41836213700111635,0.8246093567715769,-0.8711658181269113,1.2774130378973718,2.843265305623397,224,True,3.0,0.1,1.0,False,3.0
LEVEL,act,cpi,real_macro,a,1,0.042808584725123486,0.07272164077845805,0.5886636256673192,0.5560869431715438,-0.07680786986718532,0.1624250393174323,-0.1616213755441021,0.24723854499434905,2.811129645603139,224,True,2.0,0.05,1.0,False,3.0
LEVEL,act,infl_exp,real_macro,a,1,-0.17165546412378524,0.11513134308232335,-1.490953371412031,0.13597373744776578,-0.3610296713685391,0.017718743120968605,-0.49632377768964875,0.15301284944207827,2.8199819864319062,224,True,1.0,0.03333333333333333,0.40792121234329737,False,3.0
LEVEL,act,freight,physical_channel,a,1,0.01159896572800171,0.009443835321730628,1.2282049964713007,0.2193700235427244,-0.003934761053279336,0.027132692509282755,-0.014910571382164256,0.03810850283816768,2.807073207764064,224,True,1.0,0.1,0.2193700235427244,False,1.0
LEVEL,act,oil,asset_price,a,2,-0.02900468566567936,0.0329687411194401,-0.8797632145128125,0.3789875962324354,-0.08323343907201455,0.025224067740655824,-0.1223535817544848,0.06434421042312607,2.8314364734345903,223,True,2.0,0.03333333333333333,1.0,False,4.0
LEVEL,act,dxy,asset_price,a,2,0.008699023931201037,0.003981505126867896,2.184858151380616,0.028899248730616535,0.002150030782546496,0.015248017079855576,-0.002567310898373384,0.01996535876077546,2.8296672917855146,223,True,1.0,0.025,0.11559699492246614,False,4.0
LEVEL,act,vix,asset_price,a,2,-0.04322754563779796,1.5544223119174374,-0.02780939600929633,0.9778141719303812,-2.6000247232094873,2.5135696319338914,-4.344130982075496,4.2576758907999,2.766882206633006,223,True,4.0,0.1,1.0,False,4.0
LEVEL,act,us10y,asset_price,a,2,-0.04431171516323705,0.05157474798115169,-0.8591746328926521,0.3902441764342195,-0.12914462643914254,0.040521196112668426,-0.18980153848443465,0.10117810815796056,2.8209507368677356,223,True,3.0,0.05,1.0,False,4.0
LEVEL,act,ip,real_macro,a,2,-0.7826598598232071,0.35147209530327245,-2.226805115631949,0.02596030135657668,-1.3607800105550283,-0.20453970909138586,-1.7819882742937616,0.21666855464734758,2.843265305623397,223,True,1.0,0.03333333333333333,0.07788090406973004,True,3.0
LEVEL,act,cpi,real_macro,a,2,-0.0817968468595806,0.11574934691747522,-0.7066722105818753,0.4797702028568035,-0.2721875799540539,0.10859388623489273,-0.40718326743849753,0.24358957371933632,2.811129645603139,223,True,3.0,0.1,0.4797702028568035,False,3.0
LEVEL,act,infl_exp,real_macro,a,2,-0.11615025756416397,0.07814505203844978,-1.4863418032790414,0.13718873475853977,-0.24468742983791963,0.01238691470959169,-0.33651789664137627,0.10421738151304832,2.8199819864319062,223,True,2.0,0.05,0.27437746951707953,False,3.0
LEVEL,act,freight,physical_channel,a,2,0.008306927577635712,0.0075697149754371616,1.0973897438134355,0.2724710549024064,-0.004144145554700978,0.020758000709972402,-0.012941816520324355,0.02955567167559578,2.807073207764064,223,True,1.0,0.1,0.2724710549024064,False,1.0
LEVEL,act,oil,asset_price,a,6,-0.027490282164437017,0.039875209345068705,-0.689407845524871,0.49056664763847424,-0.0930791648811225,0.03809860055224847,-0.14039440428990438,0.08541383996103033,2.8314364734345903,219,True,2.0,0.03333333333333333,1.0,False,4.0
LEVEL,act,dxy,asset_price,a,6,0.001360254550170886,0.00475720360576178,0.2859357435371039,0.7749273367357891,-0.006464649054912999,0.009185158155254771,-0.012101048893417335,0.014821557993759107,2.8296672917855146,219,True,3.0,0.05,1.0,False,4.0
LEVEL,act,vix,asset_price,a,6,1.755880804888697,1.939705179739934,0.9052307655971288,0.36534314623133046,-1.4346502952230908,4.946411905000485,-3.6110549430476033,7.122816552824997,2.766882206633006,219,True,1.0,0.025,1.0,False,4.0
LEVEL,act,us10y,asset_price,a,6,-0.01191863849304749,0.07647680382480987,-0.15584645143317247,0.876154054983533,-0.13771178664194222,0.11387450965584724,-0.22765593459593417,0.20381865760983917,2.8209507368677356,219,True,4.0,0.1,1.0,False,4.0
LEVEL,act,ip,real_macro,a,6,-0.11140977568688165,0.24487756855148451,-0.4549611315805686,0.6491372019718743,-0.5141975324778487,0.2913779811040854,-0.8076616704747326,0.5848421191009694,2.843265305623397,219,True,1.0,0.03333333333333333,1.0,False,3.0
LEVEL,act,cpi,real_macro,a,6,-0.027341112469172882,0.09085400274304273,-0.30093459444489434,0.7634643697880298,-0.17678264840412572,0.12210042346577994,-0.2827434930018492,0.22806126806350346,2.811129645603139,219,True,2.0,0.05,1.0,False,3.0
LEVEL,act,infl_exp,real_macro,a,6,-0.01113182325478734,0.08728939235902594,-0.12752778950507015,0.8985226798970898,-0.1547100968709213,0.1324464503613466,-0.2572863373138274,0.2350226908042527,2.8199819864319062,219,True,3.0,0.1,1.0,False,3.0
LEVEL,act,freight,physical_channel,a,6,-0.003048686725251078,0.0060118025042677735,-0.507116912620935,0.6120727888738777,-0.012937221878911869,0.006839848428409713,-0.01992425646535005,0.013826883014847894,2.807073207764064,219,True,1.0,0.1,0.6120727888738777,False,1.0
LEVEL,act,oil,asset_price,b,1,-0.05058214823469254,0.03905044467173661,-1.2953027464832478,0.19521581212971983,-0.11481441378706629,0.013650117317681218,-0.16220571555427954,0.061041419084894466,2.858445486547209,224,True,2.0,0.03333333333333333,0.5856474363891595,False,4.0
LEVEL,act,dxy,asset_price,b,1,0.006097235641303492,0.004139829252768814,1.4728229762678062,0.14079877523971365,-0.0007121775200730944,0.012906648802680078,-0.005625366208303773,0.017819837490910758,2.831663127595641,224,True,1.0,0.025,0.5631951009588546,False,4.0
LEVEL,act,vix,asset_price,b,1,-0.40086216372688177,1.5120212523316305,-0.26511675223395664,0.7909195225411538,-2.8879158046522715,2.0861914771985077,-4.567988179016254,3.76626385156249,2.7559969867244956,224,True,3.0,0.05,1.0,False,4.0
LEVEL,act,us10y,asset_price,b,1,0.009195894042739723,0.06772737805340209,0.1357780901467777,0.8919967121679506,-0.10220572939231225,0.1205975174777917,-0.18267722699625905,0.20106901508173847,2.8330215424508163,224,True,4.0,0.1,1.0,False,4.0
LEVEL,act,ip,real_macro,b,1,0.19491615735910395,0.38880020180925257,0.5013273050067264,0.6161407916393793,-0.4446032647463095,0.8344355794645174,-0.9069490194484523,1.2967813341666603,2.8340139014334595,224,True,3.0,0.1,1.0,False,3.0
LEVEL,act,cpi,real_macro,b,1,0.04327405208281825,0.07049894672049192,0.6138255122361961,0.5393306365910266,-0.07268639612664149,0.15923450029227798,-0.1552930759376926,0.2418411801033291,2.8165970877234874,224,True,2.0,0.05,1.0,False,3.0
LEVEL,act,infl_exp,real_macro,b,1,-0.1760674023975396,0.11498878610896576,-1.5311701980286536,0.1257273341933004,-0.36520712428761903,0.013072319492539813,-0.4987465967287397,0.14661179193366053,2.8061796741242455,224,True,1.0,0.03333333333333333,0.3771820025799012,False,3.0
LEVEL,act,freight,physical_channel,b,1,0.011424946295509959,0.009446974819108216,1.2093761774828633,0.22651835660698993,-0.004113944499419419,0.026963837090439334,-0.015107513063661208,0.03795740565468113,2.8085667493793323,224,True,1.0,0.1,0.22651835660698993,False,1.0
LEVEL,act,oil,asset_price,b,2,-0.027936929767081495,0.034016013294329,-0.8212875955025281,0.4114824716726192,-0.08388829260868805,0.028014433074525065,-0.12516984943858608,0.0692959899044231,2.858445486547209,223,True,3.0,0.05,1.0,False,4.0
LEVEL,act,dxy,asset_price,b,2,0.008472805480687382,0.004085783327440542,2.073728536651258,0.03810452939619879,0.0017522899556089528,0.01519332100576581,-0.0030967565149710267,0.02004236747634579,2.831663127595641,223,True,1.0,0.025,0.15241811758479515,False,4.0
LEVEL,act,vix,asset_price,b,2,0.02503180650103043,1.5683699570685687,0.015960396581312507,0.9872659866173523,-2.554707205784929,2.6047708187869905,-4.297391069249171,4.347454682251232,2.7559969867244956,223,True,4.0,0.1,1.0,False,4.0
LEVEL,act,us10y,asset_price,b,2,-0.04574882102314131,0.050257663470490946,-0.91028547417456,0.3626719770869631,-0.12841532106468487,0.03691767901840224,-0.18812986430828563,0.09663222226200299,2.8330215424508163,223,True,2.0,0.03333333333333333,1.0,False,4.0
LEVEL,act,ip,real_macro,b,2,-0.7685087453181064,0.3228109609652749,-2.380677356865759,0.017280840130782713,-1.299485525281529,-0.2375319653546839,-1.6833594962287894,0.14634200559257649,2.8340139014334595,223,True,1.0,0.03333333333333333,0.05184252039234814,True,3.0
LEVEL,act,cpi,real_macro,b,2,-0.07659827164050706,0.12283324265708308,-0.6235956161667778,0.5328931903491319,-0.27864097633522045,0.12544443305420633,-0.4225700251840797,0.26937348190306554,2.8165970877234874,223,True,3.0,0.1,0.5328931903491319,False,3.0
LEVEL,act,infl_exp,real_macro,b,2,-0.11778652753941082,0.07961536991369204,-1.479444580450969,0.1390215327505139,-0.2487421575030303,0.013169102424208656,-0.34120156033909643,0.10562850526027479,2.8061796741242455,223,True,2.0,0.05,0.2780430655010278,False,3.0
LEVEL,act,freight,physical_channel,b,2,0.007955584220444407,0.007450581184601415,1.0677803547576548,0.28561960170812806,-0.004299531263943626,0.02021069970483244,-0.012969870358178405,0.02888103879906722,2.8085667493793323,223,True,1.0,0.1,0.28561960170812806,False,1.0
LEVEL,act,oil,asset_price,b,6,-0.02574565361819132,0.04063245580288876,-0.6336228787914152,0.5263269661345049,-0.0925800959175183,0.04108878868113565,-0.14189131351528764,0.090400006278905,2.858445486547209,219,True,2.0,0.03333333333333333,1.0,False,4.0
LEVEL,act,dxy,asset_price,b,6,0.00042174982109440527,0.004770198719948502,0.08841346993170096,0.9295480557645494,-0.007424528844692158,0.008268028486880968,-0.013085846005487692,0.013929345647676502,2.831663127595641,219,True,4.0,0.1,1.0,False,4.0
LEVEL,act,vix,asset_price,b,6,1.5384419956920992,1.97946517807841,0.7772008382514516,0.4370402877463575,-1.7174884818943155,4.794372473278514,-3.916958070418066,6.9938420618022645,2.7559969867244956,219,True,1.0,0.025,1.0,False,4.0
LEVEL,act,us10y,asset_price,b,6,-0.008221228983909794,0.07597764364547527,-0.10820589570099674,0.9138323683251012,-0.13319333170139627,0.11675087373357668,-0.22346753017619259,0.20702507220837302,2.8330215424508163,219,True,3.0,0.05,1.0,False,4.0
LEVEL,act,ip,real_macro,b,6,-0.08351676615635048,0.2500228379242014,-0.3340365498197808,0.7383519783945838,-0.49476773793667317,0.32773420562397226,-0.792084964509382,0.625051432196681,2.8340139014334595,219,True,1.0,0.03333333333333333,1.0,False,3.0
LEVEL,act,cpi,real_macro,b,6,-0.0005360166321030182,0.0881683869906961,-0.006079465105328296,0.9951493185346509,-0.14556010775621048,0.14448807449200446,-0.24887083865937504,0.24779880539516902,2.8165970877234874,219,True,3.0,0.1,1.0,False,3.0
LEVEL,act,infl_exp,real_macro,b,6,-0.014423740061393863,0.08866825399120548,-0.16267084793193826,0.8707776011968643,-0.16027003923428254,0.13142255911149484,-0.2632427921516007,0.23439531202881297,2.8061796741242455,219,True,2.0,0.05,1.0,False,3.0
LEVEL,act,freight,physical_channel,b,6,-0.002047593276825083,0.006185745628938453,-0.3310180210524555,0.74063087336061,-0.012222239409983713,0.008127052856333545,-0.01942067277038017,0.015325486216730001,2.8085667493793323,219,True,1.0,0.1,0.74063087336061,False,1.0
LEVEL,threat,oil,asset_price,a,1,-0.02461651569218667,0.09956281894601618,-0.24724606989617237,0.8047177931785614,-0.18838277954505414,0.1391497481606808,-0.3075970223877733,0.2583639910034,2.842230761355011,224,True,2.0,0.03333333333333333,1.0,False,4.0
LEVEL,threat,dxy,asset_price,a,1,0.006068783585432187,0.006206487901878231,0.977812843813911,0.32816689746625904,-0.004139980550602655,0.01627754772146703,-0.01145879838645883,0.023596365557323203,2.8240741380623255,224,True,1.0,0.025,1.0,False,4.0
LEVEL,threat,vix,asset_price,a,1,-0.16598802910659405,3.1141238448229847,-0.053301678859862194,0.9574915425684533,-5.288265930039744,4.956289871826556,-8.682483503630792,8.350507445417605,2.7347966551433984,224,True,4.0,0.1,1.0,False,4.0
LEVEL,threat,us10y,asset_price,a,1,0.009525048152097516,0.08933264538217031,0.10662449445383376,0.915086885593117,-0.13741407760993501,0.15646417391413003,-0.24311268779167552,0.26216278409587057,2.8280561362867283,224,True,3.0,0.05,1.0,False,4.0
LEVEL,threat,ip,real_macro,a,1,0.38365592516194347,0.721889857512323,0.5314604730478489,0.5950997252222789,-0.8037472252266825,1.5710590755505693,-1.6657520667689147,2.433063917092802,2.8389483113022873,224,True,3.0,0.1,0.9486464240197516,False,3.0
LEVEL,threat,cpi,real_macro,a,1,0.15123674556028635,0.10784155177530355,1.4023977128537628,0.16079651597078048,-0.02614682201339666,0.32862031313396933,-0.15007182146939838,0.4525453125899711,2.7939932435086345,224,True,1.0,0.03333333333333333,0.48238954791234145,False,3.0
LEVEL,threat,infl_exp,real_macro,a,1,-0.08259277748558427,0.11543967735980044,-0.7154626500571419,0.4743232120098758,-0.2724741494849598,0.10728859451379125,-0.410111417796006,0.24492586282483744,2.8371409882723175,224,True,2.0,0.05,0.9486464240197516,False,3.0
LEVEL,threat,freight,physical_channel,a,1,0.016499339370170295,0.010195940645495064,1.6182263063153768,0.10561383558255005,-0.00027149058075419397,0.033270169321094785,-0.012136314932591274,0.04513499367293186,2.8085348177672884,224,True,1.0,0.1,0.10561383558255005,False,1.0
LEVEL,threat,oil,asset_price,a,2,0.02382721897067794,0.04895419150475117,0.4867247979851823,0.6264533693692262,-0.056695260480388976,0.10434969842174485,-0.11531189002139,0.16296632796274588,2.842230761355011,223,True,3.0,0.05,1.0,False,4.0
LEVEL,threat,dxy,asset_price,a,2,-0.002458296556507931,0.005463749770507079,-0.44992846666910624,0.652762020794979,-0.011445365183281772,0.0065287720702659115,-0.017888330980240938,0.012971737867225077,2.8240741380623255,223,True,4.0,0.1,1.0,False,4.0
LEVEL,threat,vix,asset_price,a,2,-2.922918491670921,2.449766648640493,-1.1931415970957908,0.23281392284731117,-6.952426048871989,1.1065890655301471,-9.622532128254795,3.776695144912953,2.7347966551433984,223,True,1.0,0.025,0.9312556913892447,False,4.0
LEVEL,threat,us10y,asset_price,a,2,0.07287527085145677,0.07488274687802014,0.9731917416192887,0.3304580145076864,-0.05029588694694369,0.19604642864985722,-0.1388973409589339,0.2846478826618475,2.8280561362867283,223,True,2.0,0.03333333333333333,0.9913740435230592,False,4.0
LEVEL,threat,ip,real_macro,a,2,-0.8635138726730329,1.001521488376555,-0.8622020422874506,0.38857634605152935,-2.5108701252990464,0.7838423799529803,-3.706781610832607,1.9797538654865414,2.8389483113022873,223,True,2.0,0.05,0.7771526921030587,False,3.0
LEVEL,threat,cpi,real_macro,a,2,0.030511894372571846,0.13834529213857874,0.22054884485702964,0.8254437360293809,-0.1970458611732304,0.2580696499183741,-0.35602391713384535,0.41704770587898904,2.7939932435086345,223,True,3.0,0.1,0.8254437360293809,False,3.0
LEVEL,threat,infl_exp,real_macro,a,2,-0.15813990449949544,0.10061352853021789,-1.5717558742808657,0.11600717855386582,-0.32363443182280976,0.007354622823818879,-0.44359467026728283,0.12731486126829195,2.8371409882723175,223,True,1.0,0.03333333333333333,0.34802153566159744,False,3.0
LEVEL,threat,freight,physical_channel,a,2,0.01714701480119156,0.012275402360907187,1.3968596952714751,0.1624557668414479,-0.003044225294435293,0.03733825489681841,-0.01732888013151905,0.05162290973390217,2.8085348177672884,223,True,1.0,0.1,0.1624557668414479,False,1.0
LEVEL,threat,oil,asset_price,a,6,0.02684482030120187,0.048064972924878255,0.558511087547229,0.5764954354720842,-0.05221502474360844,0.10590466534601219,-0.10976692428958283,0.16345656489198657,2.842230761355011,219,True,2.0,0.03333333333333333,1.0,False,4.0
LEVEL,threat,dxy,asset_price,a,6,0.0012593618504487068,0.005207204816161141,0.24184987818035056,0.8088964886839841,-0.007305727877693121,0.009824451578590535,-0.013446170602465559,0.015964894303362974,2.8240741380623255,219,True,4.0,0.1,1.0,False,4.0
LEVEL,threat,vix,asset_price,a,6,0.8380469982630697,2.1612936906124345,0.3877524844971887,0.6981992115143946,-2.716964767648126,4.393058764174265,-5.072651757606347,6.748745754132487,2.7347966551433984,219,True,3.0,0.05,1.0,False,4.0
LEVEL,threat,us10y,asset_price,a,6,0.11376272291017188,0.07406476237513343,1.5359898454000398,0.12454087087537401,-0.008062970111865284,0.23558841593220903,-0.0956965828074426,0.3232220286277864,2.8280561362867283,219,True,1.0,0.025,0.49816348350149603,False,4.0
LEVEL,threat,ip,real_macro,a,6,0.06381956703285693,0.3278270925483693,0.19467447469565277,0.8456477958196158,-0.47540801515828424,0.6030471492239982,-0.8668646037564747,0.9945037378221886,2.8389483113022873,219,True,3.0,0.1,0.8456477958196158,False,3.0
LEVEL,threat,cpi,real_macro,a,6,0.12090623729312677,0.09301973827757452,1.2997912005765684,0.1936725422105552,-0.03209761659081836,0.2739100911770719,-0.13899028296735794,0.3808027575536115,2.7939932435086345,219,True,2.0,0.05,0.3873450844211104,False,3.0
LEVEL,threat,infl_exp,real_macro,a,6,0.16297044867461558,0.0988905488461321,1.647988109846453,0.09935511113256229,0.00030997073383345897,0.3256309266153977,-0.11759598080949157,0.4435368781587227,2.8371409882723175,219,True,1.0,0.03333333333333333,0.29806533339768687,False,3.0
LEVEL,threat,freight,physical_channel,a,6,0.0019077107247115373,0.0077832778859424755,0.24510376639090448,0.8063760867041958,-0.01089464213555213,0.014710063584975204,-0.01995189621431608,0.023767317663739154,2.8085348177672884,219,True,1.0,0.1,0.8063760867041958,False,1.0
LEVEL,threat,oil,asset_price,b,1,-0.028003359385497376,0.09988116942717278,-0.2803667552762857,0.7791961400785173,-0.192293263181937,0.13628654441094223,-0.3107487665911123,0.25474204782011756,2.830817949240928,224,True,2.0,0.03333333333333333,1.0,False,4.0
LEVEL,threat,dxy,asset_price,b,1,0.0066092580858287875,0.0062041109552564535,1.065303011744023,0.2867388303348074,-0.003595596320934153,0.016814112492591727,-0.010993084097730383,0.02421160026938796,2.8372062186678866,224,True,1.0,0.025,1.0,False,4.0
LEVEL,threat,vix,asset_price,b,1,0.20356923119938042,3.1274161209946985,0.06509182766974855,0.9481008872096338,-4.940572518405253,5.347710980804014,-8.35426195618096,8.761400418579722,2.736390315932265,224,True,4.0,0.1,1.0,False,4.0
LEVEL,threat,us10y,asset_price,b,1,0.008229652776513437,0.0911580123365353,0.0902789844312464,0.9280655199416069,-0.1417119344409237,0.15817123999395058,-0.25143235592126023,0.2678916614742871,2.8484825638711686,224,True,3.0,0.05,1.0,False,4.0
LEVEL,threat,ip,real_macro,b,1,0.30010413436569183,0.7241963932433989,0.41439606323036227,0.6785840715711914,-0.8910929296858874,1.491301198417271,-1.7434216814888737,2.343629950220257,2.82178402836611,224,True,3.0,0.1,0.707571288085322,False,3.0
LEVEL,threat,cpi,real_macro,b,1,0.13969221284991742,0.10665691212477293,1.3097342691348315,0.1902857462680294,-0.035742795897959784,0.3151272215977946,-0.16082910582550633,0.44021353152534115,2.8176450329244287,224,True,1.0,0.03333333333333333,0.5708572388040882,False,3.0
LEVEL,threat,infl_exp,real_macro,b,1,-0.1104478678464089,0.11911061728721996,-0.9272713916012882,0.353785644042661,-0.3063673986997214,0.08547166300690358,-0.44786030157378176,0.22696456588096392,2.8327653857568893,224,True,2.0,0.05,0.707571288085322,False,3.0
LEVEL,threat,freight,physical_channel,b,1,0.017515953456046153,0.010451631155312576,1.6759062002626044,0.0937565670645689,0.00032455004267125526,0.03470735686942105,-0.011881175590549416,0.04691308250264172,2.812683361070676,224,True,1.0,0.1,0.0937565670645689,True,1.0
LEVEL,threat,oil,asset_price,b,2,0.021449106763792386,0.053268677014726866,0.40265889760810997,0.687199174954703,-0.06617006982678762,0.1090682833543724,-0.1293448202618141,0.17224303378939887,2.830817949240928,223,True,4.0,0.1,1.0,False,4.0
LEVEL,threat,dxy,asset_price,b,2,-0.002325803883351503,0.005592726143203743,-0.4158622867986858,0.6775107774347836,-0.011525019764546498,0.006873411997843493,-0.01819352127615563,0.013541913509452623,2.8372062186678866,223,True,3.0,0.05,1.0,False,4.0
LEVEL,threat,vix,asset_price,b,2,-2.4457164414821246,2.540945034480196,-0.9625223719105155,0.33578727081249626,-6.625199097331208,1.733766214366959,-9.398733827149908,4.507300944185658,2.736390315932265,223,True,1.0,0.025,1.0,False,4.0
LEVEL,threat,us10y,asset_price,b,2,0.04638828933264198,0.07299185983306837,0.6355268853092868,0.5250848378382598,-0.07367263605171401,0.16644921471699797,-0.1615277507063816,0.2543043293716655,2.8484825638711686,223,True,2.0,0.03333333333333333,1.0,False,4.0
LEVEL,threat,ip,real_macro,b,2,-0.887518833609315,1.0064415103372824,-0.8818384620402695,0.37786416906316755,-2.5429678022021114,0.7679301349834814,-3.7274794129637234,1.9524417457450935,2.82178402836611,223,True,2.0,0.05,0.7557283381263351,False,3.0
LEVEL,threat,cpi,real_macro,b,2,0.009842868992259512,0.13844197925709575,0.07109743045482371,0.9433202131974726,-0.21787392271111494,0.23755966069563395,-0.38023748620972314,0.39992322419424214,2.8176450329244287,223,True,3.0,0.1,0.9433202131974726,False,3.0
LEVEL,threat,infl_exp,real_macro,b,2,-0.17792338220461065,0.10056051940543533,-1.7693164599445559,0.07684107808546697,-0.34333071727676484,-0.012516047132456465,-0.4627877407500618,0.10694097634084052,2.8327653857568893,223,True,1.0,0.03333333333333333,0.23052323425640092,False,3.0
LEVEL,threat,freight,physical_channel,b,2,0.017885123151223346,0.012659346738993061,1.4127998482049595,0.1577145829153822,-0.0029376492472456828,0.038707895549692374,-0.017721610783566755,0.05349185708601345,2.812683361070676,223,True,1.0,0.1,0.1577145829153822,False,1.0
LEVEL,threat,oil,asset_price,b,6,0.022625687269135837,0.050073411888221356,0.4518503216765627,0.6513768149249803,-0.059737745889040024,0.1049891204273117,-0.11912302588377527,0.16437440042204693,2.830817949240928,219,True,3.0,0.05,1.0,False,4.0
LEVEL,threat,dxy,asset_price,b,6,0.0013597179048955763,0.005254213817908499,0.25878617658480213,0.7958002241366506,-0.0072826947502697605,0.010002130560060914,-0.013547570213485157,0.01626700602327631,2.8372062186678866,219,True,4.0,0.1,1.0,False,4.0
LEVEL,threat,vix,asset_price,b,6,1.8512170395918301,2.173979431134624,0.8515338337978935,0.39447287701067746,-1.7246609126278545,5.427094991811515,-4.097639222800889,7.80007330198455,2.736390315932265,219,True,2.0,0.03333333333333333,1.0,False,4.0
LEVEL,threat,us10y,asset_price,b,6,0.09506626394520502,0.07579574872874315,1.2542426922310241,0.2097538067025434,-0.029606648258770574,0.21973917614918062,-0.12083660472418013,0.3109691326145902,2.8484825638711686,219,True,1.0,0.025,0.8390152268101736,False,4.0
LEVEL,threat,ip,real_macro,b,6,0.0380999085811964,0.3781717581561072,0.10074763056597412,0.9197507999729306,-0.5839372794324915,0.6601370965948843,-1.0290191185628381,1.1052189357252309,2.82178402836611,219,True,3.0,0.1,0.9197507999729306,False,3.0
LEVEL,threat,cpi,real_macro,b,6,0.09173243716261657,0.08731639784018554,1.0505751431765848,0.2934537623057971,-0.051890256517150304,0.23535513084238346,-0.15429417750463553,0.33775905182986865,2.8176450329244287,219,True,2.0,0.05,0.5869075246115942,False,3.0
LEVEL,threat,infl_exp,real_macro,b,6,0.14566260112668708,0.0986830688190709,1.476064768453342,0.13992650577564852,-0.016656602539063425,0.3079818047924376,-0.13388338038424194,0.4252085826376161,2.8327653857568893,219,True,1.0,0.03333333333333333,0.4197795173269456,False,3.0
LEVEL,threat,freight,physical_channel,b,6,0.0014614015996288548,0.008688029465128604,0.16820863758514226,0.8664191459566806,-0.012829135177149188,0.0157519383764069,-0.022975274317430135,0.025898077516687844,2.812683361070676,219,True,1.0,0.1,0.8664191459566806,False,1.0
INNOVATION,pooled,oil,asset_price,a,1,-0.05738165797511663,0.09647652502278982,-0.5947732669845007,0.5519950393492561,-0.21607142007452693,0.10130810412429367,-0.33104317923399873,0.21627986328376547,2.836560719763045,224,True,2.0,0.03333333333333333,1.0,False,4.0
INNOVATION,pooled,dxy,asset_price,a,1,0.009755683130073864,0.006531981302746534,1.4935258810327343,0.13529958474843487,-0.0009884700069279738,0.020499836267075702,-0.008799862918009637,0.028311229178157364,2.8407224681248495,224,True,1.0,0.025,0.5411983389937395,False,4.0
INNOVATION,pooled,vix,asset_price,a,1,-0.18157590596545692,2.9285594475515024,-0.06200178252050445,0.9505614124883963,-4.998627535013545,4.635475723082632,-8.210294225256252,7.847142413325337,2.741524788237921,224,True,4.0,0.1,1.0,False,4.0
INNOVATION,pooled,us10y,asset_price,a,1,0.016920969507679337,0.09982394541010695,0.1695081219056498,0.8653969844472227,-0.14727480915674085,0.1811167481720995,-0.26733316715569905,0.30117510617105775,2.8475546172371415,224,True,3.0,0.05,1.0,False,4.0
INNOVATION,pooled,ip,real_macro,a,1,0.3221219682991875,0.7629165025787117,0.4222244075339732,0.6728612277901449,-0.9327640080285385,1.5770079446269136,-1.836639357166586,2.480883293764961,2.82961676431039,224,True,3.0,0.1,0.6897499297525584,False,3.0
INNOVATION,pooled,cpi,real_macro,a,1,0.1390334538473199,0.11580585544200699,1.200573609310669,0.22991664325085281,-0.051450227498683165,0.329517135193323,-0.18588032521510645,0.46394723290974627,2.8056766026406668,224,True,1.0,0.03333333333333333,0.6897499297525584,False,3.0
INNOVATION,pooled,infl_exp,real_macro,a,1,-0.1685432931910193,0.14505127658682734,-1.1619566346258916,0.2452530803258346,-0.4071314115788034,0.07004482519676483,-0.5789144238946942,0.24182783751265557,2.8291452537339628,224,True,2.0,0.05,0.6897499297525584,False,3.0
INNOVATION,pooled,freight,physical_channel,a,1,0.017398257545772566,0.012226487163900127,1.422997244633159,0.15473695400268933,-0.0027125242106441766,0.03750903930218931,-0.017062654930141696,0.05185917002168683,2.81854567170065,224,True,1.0,0.1,0.15473695400268933,False,1.0
INNOVATION,pooled,oil,asset_price,a,2,0.0009078769744421504,0.05015466168177441,0.01810154717426918,0.9855578436879353,-0.08158920020134851,0.08340495415023282,-0.1413588662650839,0.14317462021396818,2.836560719763045,223,True,4.0,0.1,1.0,False,4.0
INNOVATION,pooled,dxy,asset_price,a,2,0.0013905487268292196,0.005955004796110525,0.23350925388631896,0.8153659845930603,-0.008404562510566588,0.011185659964225029,-0.015525967195273185,0.018307064648931625,2.8407224681248495,223,True,3.0,0.05,1.0,False,4.0
INNOVATION,pooled,vix,asset_price,a,2,-2.5007436612662364,2.4281538210487703,-1.0298950748458402,0.3030592629939658,-6.4947012806143825,1.4932139580819093,-9.157587551326063,4.1561002287935915,2.741524788237921,223,True,1.0,0.025,1.0,False,4.0
INNOVATION,pooled,us10y,asset_price,a,2,0.0266338853403785,0.07614537150090171,0.3497768126334915,0.7265062019993079,-0.09861410514844696,0.15188187582920396,-0.19019421885825163,0.24346198953900863,2.8475546172371415,223,True,2.0,0.03333333333333333,1.0,False,4.0
INNOVATION,pooled,ip,real_macro,a,2,-1.1514958701375184,0.9544209739473546,-1.2064863425780439,0.2276300219686258,-2.7213786707733814,0.4183869304983443,-3.8521414582284033,1.5491497179533662,2.82961676431039,223,True,2.0,0.05,0.4552600439372516,False,3.0
INNOVATION,pooled,cpi,real_macro,a,2,-0.037953393633131154,0.15444080649234126,-0.2457471862205878,0.8058779426834932,-0.29198591434136917,0.21607912707510685,-0.4712643509016478,0.3953575636353855,2.8056766026406668,223,True,3.0,0.1,0.8058779426834932,False,3.0
INNOVATION,pooled,infl_exp,real_macro,a,2,-0.22237209147449552,0.11459565933176202,-1.940493145824255,0.052319786364176876,-0.4108651773592396,-0.03387900558975143,-0.5465798571714642,0.10183567422247311,2.8291452537339628,223,True,1.0,0.03333333333333333,0.15695935909253061,False,3.0
INNOVATION,pooled,freight,physical_channel,a,2,0.01600091462733116,0.013206302865485065,1.2116119697019723,0.22566095048196333,-0.005721520539581568,0.03772334979424389,-0.021221653153349663,0.05322348240801199,2.81854567170065,223,True,1.0,0.1,0.22566095048196333,False,1.0
INNOVATION,pooled,oil,asset_price,a,6,-0.004814305810618117,0.05657550924155006,-0.08509522716027813,0.9321856847198794,-0.09787273738320827,0.08824412576197203,-0.16529417302579016,0.15566556140455393,2.836560719763045,219,True,4.0,0.1,1.0,False,4.0
INNOVATION,pooled,dxy,asset_price,a,6,0.0027453614766697844,0.006071958004547878,0.4521377576415247,0.6511697443983628,-0.007242120669807817,0.012732843623147385,-0.014503386052359901,0.01999410900569947,2.8407224681248495,219,True,2.0,0.03333333333333333,1.0,False,4.0
INNOVATION,pooled,vix,asset_price,a,6,1.0901582666813283,2.5800568855038843,0.4225326475576606,0.6726362761129755,-3.1536576591808547,5.333974192543511,-5.983131639991497,8.163448173354155,2.741524788237921,219,True,3.0,0.05,1.0,False,4.0
INNOVATION,pooled,us10y,asset_price,a,6,0.09171322400680239,0.09563144629717675,0.9590278883977306,0.3375446959868307,-0.06558650728572372,0.2490129552993285,-0.18060254244978902,0.36402899046339376,2.8475546172371415,219,True,1.0,0.025,1.0,False,4.0
INNOVATION,pooled,ip,real_macro,a,6,0.17021895068662096,0.42060706661244013,0.404698266383303,0.6856993166508167,-0.5216181083522706,0.8620560097255126,-1.0199378561873567,1.3603757575605986,2.82961676431039,219,True,3.0,0.1,1.0,False,3.0
INNOVATION,pooled,cpi,real_macro,a,6,0.07453138614387832,0.11358956862726532,0.6561463965801898,0.5117299344222443,-0.11230682779653221,0.26136960008428883,-0.2441642088576863,0.39322698114544297,2.8056766026406668,219,True,2.0,0.05,1.0,False,3.0
INNOVATION,pooled,infl_exp,real_macro,a,6,0.14580362552186868,0.11608198493074774,1.256040078991174,0.20910143932550707,-0.04513424841519789,0.3367414994589353,-0.18260917118897366,0.474216422232711,2.8291452537339628,219,True,1.0,0.03333333333333333,0.6273043179765212,False,3.0
INNOVATION,pooled,freight,physical_channel,a,6,-0.002707153447304889,0.009491517023125305,-0.2852182049201546,0.7754769738627192,-0.018319309648064188,0.012905002753454409,-0.029459427670707757,0.02404512077609798,2.81854567170065,219,True,1.0,0.1,0.7754769738627192,False,1.0
INNOVATION,pooled,oil,asset_price,b,1,-0.05616499998715736,0.09703876491169856,-0.5787893120678658,0.562731343694024,-0.21577956440705598,0.10344956443274127,-0.33377367365387245,0.22144367367955775,2.8608018034785174,224,True,2.0,0.03333333333333333,1.0,False,4.0
INNOVATION,pooled,dxy,asset_price,b,1,0.009412048716144261,0.0065078529927836415,1.4462601915840745,0.14810423675198475,-0.001292416882702905,0.020116514314991427,-0.00917527122416336,0.027999368656451883,2.8561370333531704,224,True,1.0,0.025,0.592416947007939,False,4.0
INNOVATION,pooled,vix,asset_price,b,1,-0.13823074219797693,2.9315793571347815,-0.04715231121462071,0.9623918353507586,-4.960249680477188,4.683788196081234,-8.183404880548721,7.906943396152767,2.7443139544459756,224,True,4.0,0.1,1.0,False,4.0
INNOVATION,pooled,us10y,asset_price,b,1,0.017232140469202906,0.09953723727659702,0.17312255132536705,0.862555099195423,-0.146492045281937,0.1809563262203428,-0.26571267711663105,0.30017695805503686,2.842602681442509,224,True,3.0,0.05,1.0,False,4.0
INNOVATION,pooled,ip,real_macro,b,1,0.2944822084467948,0.7385534115951008,0.398728384194696,0.6900933510274174,-0.9203300493127902,1.5092944662063799,-1.7920473606767473,2.381011777570337,2.8251573093638975,224,True,3.0,0.1,0.7075284180576897,False,3.0
INNOVATION,pooled,cpi,real_macro,b,1,0.13798294000202904,0.11785868550588408,1.170749015312412,0.24169967685865112,-0.05587734632005728,0.33184322632411534,-0.19293135050158627,0.46889723050564436,2.807720865740476,224,True,2.0,0.05,0.7075284180576897,False,3.0
INNOVATION,pooled,infl_exp,real_macro,b,1,-0.1727677848679287,0.14574126058498602,-1.1854418177423596,0.2358428060192299,-0.4124908259376226,0.06695525620176518,-0.5837576656722651,0.23822209593640764,2.819996747349911,224,True,1.0,0.03333333333333333,0.7075284180576897,False,3.0
INNOVATION,pooled,freight,physical_channel,b,1,0.017910736884063506,0.012321006987201752,1.4536747607292162,0.14603649886878087,-0.0023555161465297243,0.038176989914656734,-0.016786916402680256,0.05260839017080727,2.8161377818213555,224,True,1.0,0.1,0.14603649886878087,False,1.0
INNOVATION,pooled,oil,asset_price,b,2,0.0023084501249037194,0.04847323686388849,0.04762318908856414,0.9620165507745329,-0.07742292934074108,0.08203982959054851,-0.13636387331574984,0.14098077356555727,2.8608018034785174,223,True,4.0,0.1,1.0,False,4.0
INNOVATION,pooled,dxy,asset_price,b,2,0.0010554456833810994,0.005845119245019111,0.18056871710196368,0.8567061123392739,-0.008558919906752435,0.010669811273514636,-0.015639015856683307,0.017749907223445507,2.8561370333531704,223,True,3.0,0.05,1.0,False,4.0
INNOVATION,pooled,vix,asset_price,b,2,-2.4808284215519745,2.421648612543988,-1.0244378183942289,0.30562852690833886,-6.4640859250969545,1.502429081993005,-9.126592501721177,4.164935658617228,2.7443139544459756,223,True,1.0,0.025,1.0,False,4.0
INNOVATION,pooled,us10y,asset_price,b,2,0.027106248596672253,0.07591896630233974,0.35704185550583384,0.7210604718522826,-0.09776933848013787,0.1519818356734824,-0.1887012085867022,0.24291370578004667,2.842602681442509,223,True,2.0,0.03333333333333333,1.0,False,4.0
INNOVATION,pooled,ip,real_macro,b,2,-1.1443624224289137,0.9585734336864165,-1.193818211744094,0.232549086144482,-2.7210754115273423,0.4323505666695149,-3.8524831651701423,1.5637583203123149,2.8251573093638975,223,True,2.0,0.05,0.465098172288964,False,3.0
INNOVATION,pooled,cpi,real_macro,b,2,-0.03256656813336965,0.15483540467328874,-0.21033024198881975,0.8334099334695894,-0.2872481450907276,0.22211500882398827,-0.46730116458993287,0.40216802832319354,2.807720865740476,223,True,3.0,0.1,0.8334099334695894,False,3.0
INNOVATION,pooled,infl_exp,real_macro,b,2,-0.22643710100744077,0.11502487706330591,-1.9685924192104742,0.048999913802913714,-0.4156361872346667,-0.03723801478021482,-0.5508068801902868,0.09793267817540527,2.819996747349911,223,True,1.0,0.03333333333333333,0.14699974140874114,False,3.0
INNOVATION,pooled,freight,physical_channel,b,2,0.01569927362918383,0.01277323698512495,1.2290755779029536,0.21904347079638797,-0.005310831553709632,0.036709378812077295,-0.020271921640784445,0.051670468899152104,2.8161377818213555,223,True,1.0,0.1,0.21904347079638797,False,1.0
INNOVATION,pooled,oil,asset_price,b,6,-0.008520742832692704,0.05569300977554446,-0.1529948348461188,0.8784023485331972,-0.1001275919578408,0.08308610629245539,-0.167847405639717,0.15080591997433157,2.8608018034785174,219,True,4.0,0.1,1.0,False,4.0
INNOVATION,pooled,dxy,asset_price,b,6,0.002318418162727485,0.006045547878606383,0.3834918206390793,0.7013551337564534,-0.007625623192307002,0.012262459517761972,-0.014948495020269901,0.01958533134572487,2.8561370333531704,219,True,3.0,0.05,1.0,False,4.0
INNOVATION,pooled,vix,asset_price,b,6,1.028340496663132,2.610774417702635,0.39388332047777064,0.6936671853340244,-3.2660012734471646,5.322682266773429,-6.136444169748775,8.193125163075038,2.7443139544459756,219,True,2.0,0.03333333333333333,1.0,False,4.0
INNOVATION,pooled,us10y,asset_price,b,6,0.09678890101382974,0.0980758523480408,0.9868780000030581,0.323702450541981,-0.06453152043720221,0.2581093224648617,-0.1820017798554706,0.3755795818831301,2.842602681442509,219,True,1.0,0.025,1.0,False,4.0
INNOVATION,pooled,ip,real_macro,b,6,0.19564577198782238,0.43512830897786164,0.449627771742556,0.6529788596954774,-0.5200766052236742,0.911368149199319,-1.033660150632136,1.4249516946077807,2.8251573093638975,219,True,3.0,0.1,0.9078043093982922,False,3.0
INNOVATION,pooled,cpi,real_macro,b,6,0.08553216517080636,0.11420651810899263,0.7489254255101185,0.4539021546991461,-0.10232084036226916,0.2733851707038819,-0.2351278587273798,0.4061921890689925,2.807720865740476,219,True,2.0,0.05,0.9078043093982922,False,3.0
INNOVATION,pooled,infl_exp,real_macro,b,6,0.14969563810819556,0.11727734499957568,1.276424173046697,0.20180561563180333,-0.0432084281735956,0.3425997043899867,-0.1810260933284412,0.4804173695448323,2.819996747349911,219,True,1.0,0.03333333333333333,0.60541684689541,False,3.0
INNOVATION,pooled,freight,physical_channel,b,6,-0.0017175869228105087,0.009229281003362412,-0.18610192085220478,0.8523648356071911,-0.016898403255345494,0.013463229409724477,-0.027708513855425505,0.024273340009804488,2.8161377818213555,219,True,1.0,0.1,0.8523648356071911,False,1.0
INNOVATION,act,oil,asset_price,a,1,-0.048677935869916984,0.03500725584290672,-1.3905099013860656,0.16437409474943654,-0.10625974761274021,0.008903875872906246,-0.1488731477726892,0.051517276032855226,2.8621269931123177,224,True,1.0,0.025,0.6574963789977462,False,4.0
INNOVATION,act,dxy,asset_price,a,1,0.005532196763770203,0.004209192863664982,1.3143129675824048,0.18874090515447606,-0.0013913093845673965,0.012455702912107802,-0.006410749106693463,0.01747514263423387,2.8373482178872735,224,True,2.0,0.03333333333333333,0.6574963789977462,False,4.0
INNOVATION,act,vix,asset_price,a,1,-0.8290988569066025,1.459631815027454,-0.568019173308447,0.570021948931187,-3.2299795418682704,1.5717818280550657,-4.875561745884867,3.2173640320716617,2.772249033844302,224,True,3.0,0.05,1.0,False,4.0
INNOVATION,act,us10y,asset_price,a,1,0.009896750492046351,0.06767834845080653,0.1462321513244375,0.8837381252748719,-0.10142422642334831,0.12121772740744102,-0.1818674717991179,0.20166097278321063,2.833464862555744,224,True,4.0,0.1,1.0,False,4.0
INNOVATION,act,ip,real_macro,a,1,0.20063672086873813,0.3822209243902481,0.5249234358082598,0.5996364168704587,-0.4280607529113058,0.829334194648782,-0.8829615627028833,1.2842350044403594,2.835005135577732,224,True,2.0,0.05,1.0,False,3.0
INNOVATION,act,cpi,real_macro,a,1,0.03628758088744587,0.07038236943605515,0.5155777104153109,0.6061493813464018,-0.0794811147528879,0.15205627652777964,-0.16125968387370015,0.23383484564859192,2.806772013275635,224,True,3.0,0.1,1.0,False,3.0
INNOVATION,act,infl_exp,real_macro,a,1,-0.16656925864061267,0.11494567074842332,-1.4491129379302652,0.14730604547551568,-0.35563806207352655,0.02249954479230118,-0.4893862599539095,0.15624774267268415,2.808431141524526,224,True,1.0,0.03333333333333333,0.44191813642654704,False,3.0
INNOVATION,act,freight,physical_channel,a,1,0.010005675528562907,0.009304078028106661,1.075407525424528,0.28219231404279244,-0.005298170961407837,0.02530952201853365,-0.016263273039954496,0.03627462409708031,2.8233800801284787,224,True,1.0,0.1,0.28219231404279244,False,1.0
INNOVATION,act,oil,asset_price,a,2,-0.025843258592104203,0.03176609090859799,-0.8135485938910197,0.4159035973288777,-0.0780938284371818,0.02640731125297339,-0.1167618448472623,0.06507532766305389,2.8621269931123177,223,True,2.0,0.03333333333333333,1.0,False,4.0
INNOVATION,act,dxy,asset_price,a,2,0.007340671296981627,0.0038953683331805653,1.8844614088105949,0.059502590121378054,0.0009333605658376634,0.013747982028125591,-0.003711845101182769,0.018393187695146022,2.8373482178872735,223,True,1.0,0.025,0.23801036048551222,False,4.0
INNOVATION,act,vix,asset_price,a,2,-0.6612062614277163,1.5886195254614068,-0.4162143614819742,0.6772531516665902,-3.274252849728838,1.9518403268734055,-5.065255206034294,3.742842683178862,2.772249033844302,223,True,4.0,0.1,1.0,False,4.0
INNOVATION,act,us10y,asset_price,a,2,-0.04021878153110123,0.05144302014624848,-0.7818122150830643,0.43432494126817467,-0.12483501979999569,0.04439745673779323,-0.18598077153924353,0.10554320847704107,2.833464862555744,223,True,3.0,0.05,1.0,False,4.0
INNOVATION,act,ip,real_macro,a,2,-0.7371579298084042,0.30908309616343815,-2.3849829995834098,0.017079910624217032,-1.245554381562226,-0.22876147805458236,-1.6134100947520174,0.1390942351352089,2.835005135577732,223,True,1.0,0.03333333333333333,0.0512397318726511,True,3.0
INNOVATION,act,cpi,real_macro,a,2,-0.08372857459701759,0.11445677531556836,-0.7315300851886648,0.4644554351570309,-0.27199321660399994,0.10453606740996475,-0.4049826482825324,0.23752549908849718,2.806772013275635,223,True,3.0,0.1,0.4644554351570309,False,3.0
INNOVATION,act,infl_exp,real_macro,a,2,-0.14267605899682523,0.08012384003168278,-1.7806942220992887,0.07496241757323585,-0.2744680478782182,-0.010884070115432243,-0.3676983465203326,0.08234622852668216,2.808431141524526,223,True,2.0,0.05,0.1499248351464717,False,3.0
INNOVATION,act,freight,physical_channel,a,2,0.007387554962284512,0.007584825932103772,0.9739913649192284,0.33006082674157855,-0.005088373481931958,0.01986348340650098,-0.0140272914856592,0.028802401410228225,2.8233800801284787,223,True,1.0,0.1,0.33006082674157855,False,1.0
INNOVATION,act,oil,asset_price,a,6,-0.023632048676257608,0.038847617069698685,-0.6083268539704256,0.5429707138921758,-0.08753069251177341,0.04026659515925819,-0.13481886210953303,0.08755476475701783,2.8621269931123177,219,True,2.0,0.03333333333333333,1.0,False,4.0
INNOVATION,act,dxy,asset_price,a,6,0.0013080231447956834,0.004643458822862183,0.28169155681010877,0.778180029125262,-0.006329786941588993,0.00894583323118036,-0.01186708647108527,0.014483132760676636,2.8373482178872735,219,True,3.0,0.05,1.0,False,4.0
INNOVATION,act,vix,asset_price,a,6,1.163224545444555,1.8684951489518569,0.6225461950474276,0.533582778073977,-1.910176477250138,4.236625568139248,-4.0167093259799955,6.343158416869105,2.772249033844302,219,True,1.0,0.025,1.0,False,4.0
INNOVATION,act,us10y,asset_price,a,6,-0.006266142691491406,0.07374938473798968,-0.08496535549080451,0.9322889333925672,-0.1275730856632133,0.11504080028023048,-0.21523243298169,0.20270014759870722,2.833464862555744,219,True,4.0,0.1,1.0,False,4.0
INNOVATION,act,ip,real_macro,a,6,-0.09111534941801899,0.24466713834057344,-0.37240534236022993,0.7095910768955498,-0.49355697931334885,0.3113262804773108,-0.7847479431206521,0.6025172442846141,2.835005135577732,219,True,1.0,0.03333333333333333,1.0,False,3.0
INNOVATION,act,cpi,real_macro,a,6,-0.03224113938552165,0.0916397509425305,-0.3518248255142121,0.7249696393384091,-0.18297511609627254,0.11849283732522925,-0.28945302763456576,0.22497074886352247,2.806772013275635,219,True,2.0,0.05,1.0,False,3.0
INNOVATION,act,infl_exp,real_macro,a,6,0.010994995536959942,0.08348624495733943,0.13169828805425693,0.8952229396587056,-0.12632765728167888,0.14831764835559874,-0.22347037469017705,0.2454603657640969,2.808431141524526,219,True,3.0,0.1,1.0,False,3.0
INNOVATION,act,freight,physical_channel,a,6,-0.0029000054969713774,0.006014541085519462,-0.48216571401488906,0.6296882308275282,-0.01279304521593671,0.006993034221993955,-0.019881340988941343,0.014081329994998587,2.8233800801284787,219,True,1.0,0.1,0.6296882308275282,False,1.0
INNOVATION,act,oil,asset_price,b,1,-0.0456903529967885,0.035948114565493856,-1.271008328226652,0.20372568583100237,-0.10481973962190812,0.013439033628331112,-0.1479972708600482,0.05661656486647121,2.8459606046060295,224,True,1.0,0.025,0.8149027433240095,False,4.0
INNOVATION,act,dxy,asset_price,b,1,0.004916966264370723,0.004140924085429443,1.187407970523275,0.23506673758282182,-0.0018942477364786037,0.01172818026522005,-0.006853043307652091,0.016686975836393537,2.8423630400367945,224,True,2.0,0.03333333333333333,0.8149027433240095,False,4.0
INNOVATION,act,vix,asset_price,b,1,-0.7413719324614054,1.4737401914364863,-0.5030547017509065,0.6149258134135583,-3.165458831529867,1.682714966607056,-4.833134795435191,3.3503909305123805,2.7764479022489414,224,True,3.0,0.05,1.0,False,4.0
INNOVATION,act,us10y,asset_price,b,1,0.020978905308182933,0.06956829217527402,0.30155843491640666,0.7629886977683918,-0.09345075239713627,0.13540856301350213,-0.17663805069346314,0.21859586130982903,2.8406181871442167,224,True,4.0,0.1,1.0,False,4.0
INNOVATION,act,ip,real_macro,b,1,0.12647759565604816,0.33629764858830746,0.3760882545178925,0.7068512859651835,-0.42668281135968106,0.6796380026717774,-0.8254876121507251,1.0784428034628215,2.830722164733779,224,True,3.0,0.1,1.0,False,3.0
INNOVATION,act,cpi,real_macro,b,1,0.04020730698193894,0.07114788822668745,0.5651229851521755,0.5719901155511066,-0.07682055501766585,0.15723516898154374,-0.16095500071117372,0.2413696146750516,2.8273826912779265,224,True,2.0,0.05,1.0,False,3.0
INNOVATION,act,infl_exp,real_macro,b,1,-0.1732264824342212,0.11773133131107356,-1.4713711337937438,0.14119077553015102,-0.366877289747066,0.020424324878623584,-0.5061604876471036,0.15970752277866127,2.8279133643124563,224,True,1.0,0.03333333333333333,0.4235723265904531,False,3.0
INNOVATION,act,freight,physical_channel,b,1,0.01055725923462987,0.009300710900462625,1.1351023967538594,0.2563324174669789,-0.004741048823223171,0.025855567292482912,-0.015649380221138494,0.036763898690398235,2.81770283328179,224,True,1.0,0.1,0.2563324174669789,False,1.0
INNOVATION,act,oil,asset_price,b,2,-0.021988906832474956,0.031404849794792626,-0.7001755135323409,0.4838177015980556,-0.0736452879213058,0.02966747425635589,-0.11136587214202452,0.06738805847707462,2.8459606046060295,223,True,3.0,0.05,1.0,False,4.0
INNOVATION,act,dxy,asset_price,b,2,0.00659885921728634,0.0039955657153644235,1.6515456602080885,0.09862720532532847,2.6738458646214866e-05,0.013170979975926466,-0.0047579890961036726,0.01795570753067635,2.8423630400367945,223,True,1.0,0.025,0.3945088213013139,False,4.0
INNOVATION,act,vix,asset_price,b,2,-0.7279275465794142,1.5730558372302073,-0.4627474304161565,0.6435454164087301,-3.3153741458447055,1.859519052685877,-5.095435125977676,3.6395800328188477,2.7764479022489414,223,True,4.0,0.1,1.0,False,4.0
INNOVATION,act,us10y,asset_price,b,2,-0.04128074619089339,0.05124231515784037,-0.8055987724937366,0.4204742336242707,-0.12556685413165752,0.04300536174987074,-0.1868405985796305,0.10427910619784372,2.8406181871442167,223,True,2.0,0.03333333333333333,1.0,False,4.0
INNOVATION,act,ip,real_macro,b,2,-0.7399317027829481,0.317533908635,-2.3302446846188243,0.019793222495148217,-1.262228504081305,-0.21763490148459097,-1.638781976010593,0.15891857044469704,2.830722164733779,223,True,1.0,0.03333333333333333,0.059379667485444654,True,3.0
INNOVATION,act,cpi,real_macro,b,2,-0.07557382564797613,0.1139282941019685,-0.6633455389083223,0.5071092771824373,-0.26296919341399305,0.11182154211804077,-0.39769271243870297,0.24654506114275068,2.8273826912779265,223,True,3.0,0.1,0.5071092771824373,False,3.0
INNOVATION,act,infl_exp,real_macro,b,2,-0.1432123967238839,0.07863775798341945,-1.8211658164781328,0.06858165498143978,-0.27255999815824344,-0.013864795289524334,-0.3655931634647643,0.0791683700169965,2.8279133643124563,223,True,2.0,0.05,0.13716330996287956,False,3.0
INNOVATION,act,freight,physical_channel,b,2,0.008043512367595125,0.007510530900727956,1.0709645528274852,0.28418536835257946,-0.00431021162479836,0.02039723635998861,-0.013118931830836471,0.029205956566026724,2.81770283328179,223,True,1.0,0.1,0.28418536835257946,False,1.0
INNOVATION,act,oil,asset_price,b,6,-0.02865396080548083,0.04051313031300901,-0.7072759025061036,0.47939503764639835,-0.09529213013999133,0.03798420852902967,-0.14395273364557482,0.08664481203461315,2.8459606046060295,219,True,1.0,0.025,1.0,False,4.0
INNOVATION,act,dxy,asset_price,b,6,0.0009686891510707056,0.0047040742129285315,0.205925567332333,0.8368490535927716,-0.0067688243795136814,0.008706202681655093,-0.012401997529347526,0.014339375831488938,2.8423630400367945,219,True,3.0,0.05,1.0,False,4.0
INNOVATION,act,vix,asset_price,b,6,1.2865616933873592,1.905500366035169,0.6751831258182049,0.4995594260084404,-1.8477074948429466,4.420830881617665,-4.003960800625576,6.577084187400294,2.7764479022489414,219,True,2.0,0.03333333333333333,1.0,False,4.0
INNOVATION,act,us10y,asset_price,b,6,-0.014118557339530536,0.07283703219884204,-0.1938376250831784,0.8463030251471299,-0.13392481392817704,0.10568769924911596,-0.22102075570117014,0.19278364102210904,2.8406181871442167,219,True,4.0,0.1,1.0,False,4.0
INNOVATION,act,ip,real_macro,b,6,-0.07554589063812897,0.26043399367555226,-0.29007691957542137,0.7717573925418889,-0.5039216897168178,0.35282990844055995,-0.8127621689856516,0.6616703877093936,2.830722164733779,219,True,1.0,0.03333333333333333,1.0,False,3.0
INNOVATION,act,cpi,real_macro,b,6,-0.023118397868805256,0.08956341858942647,-0.2581232185294737,0.7963118128142678,-0.1704371117777963,0.12420031604018578,-0.27634845736022934,0.2301116616226188,2.8273826912779265,219,True,2.0,0.05,1.0,False,3.0
INNOVATION,act,infl_exp,real_macro,b,6,0.005486241583830282,0.08522730286753115,0.06437187848543736,0.9486741212906354,-0.1347001966531199,0.1456726798207805,-0.23552918719956636,0.24650167036722695,2.8279133643124563,219,True,3.0,0.1,1.0,False,3.0
INNOVATION,act,freight,physical_channel,b,6,-0.001193168163204572,0.006111503411176291,-0.19523316652701023,0.8452104154732747,-0.011245696715204187,0.008859360388795045,-0.01841356864048733,0.016027232314078186,2.81770283328179,219,True,1.0,0.1,0.8452104154732747,False,1.0
INNOVATION,threat,oil,asset_price,a,1,-0.028334934432877795,0.10152165273867603,-0.279102375389947,0.7801662602432362,-0.1953231931541969,0.13865332428844132,-0.31601267015805057,0.2593428012922949,2.833658908860317,224,True,2.0,0.03333333333333333,1.0,False,4.0
INNOVATION,threat,dxy,asset_price,a,1,0.005784807049190021,0.0062086509794456535,0.9317333295656642,0.3514743572832132,-0.004427515032826972,0.015997129131207016,-0.01177786587521648,0.02334747997359652,2.8287421828911703,224,True,1.0,0.025,1.0,False,4.0
INNOVATION,threat,vix,asset_price,a,1,-0.3550506393199413,3.1374347614822025,-0.11316590345681213,0.9098990270768467,-5.515671586067569,4.805570307427686,-8.945917603779032,8.23581632513915,2.738181864345938,224,True,4.0,0.1,1.0,False,4.0
INNOVATION,threat,us10y,asset_price,a,1,0.01880656032490762,0.08621087475313459,0.21814603295419902,0.8273153318493442,-0.1229977096954449,0.16061083034526016,-0.2262188761942971,0.26383199684411235,2.8421639058974484,224,True,3.0,0.05,1.0,False,4.0
INNOVATION,threat,ip,real_macro,a,1,0.2965978781363762,0.6838892692926187,0.4336928380864382,0.6645115080807495,-0.8282998668927797,1.4214956231655322,-1.6330910054408967,2.226286761713649,2.8216393650586853,224,True,3.0,0.1,0.8681064940883536,False,3.0
INNOVATION,threat,cpi,real_macro,a,1,0.15990627398873367,0.10770326651598525,1.4846928896534488,0.13762519611113433,-0.017249834574605716,0.33706238255207305,-0.1429682781182057,0.46278082609567306,2.812120392485839,224,True,1.0,0.03333333333333333,0.412875588333403,False,3.0
INNOVATION,threat,infl_exp,real_macro,a,1,-0.09063411201509641,0.11585972387238576,-0.782274538431714,0.4340532470441768,-0.2812063990441862,0.09993817501399338,-0.4172013683842341,0.23593314435404128,2.818643489335748,224,True,2.0,0.05,0.8681064940883536,False,3.0
INNOVATION,threat,freight,physical_channel,a,1,0.015496786126465458,0.009634607134440719,1.608450236758412,0.10773660668387505,-0.0003507323628718882,0.0313443046158028,-0.011825583998989503,0.04281915625192042,2.8358572118406364,224,True,1.0,0.1,0.10773660668387505,False,1.0
INNOVATION,threat,oil,asset_price,a,2,0.019253690110745778,0.04402457605362623,0.43733959157932384,0.6618650866353137,-0.05316029348606226,0.09166767370755381,-0.10549694203241076,0.1440043222539023,2.833658908860317,223,True,4.0,0.1,1.0,False,4.0
INNOVATION,threat,dxy,asset_price,a,2,-0.002747546984187315,0.005217065480746256,-0.526646060764854,0.5984393993994367,-0.01132885606223612,0.005833762093861491,-0.01750528018047965,0.012010186212105022,2.8287421828911703,223,True,3.0,0.05,1.0,False,4.0
INNOVATION,threat,vix,asset_price,a,2,-3.185470206126836,2.3780364819715003,-1.3395379887048395,0.18039559597180566,-7.096992138520577,0.7260517262669053,-9.696966573814215,3.3260261615605424,2.738181864345938,223,True,1.0,0.025,0.7215823838872226,False,4.0
INNOVATION,threat,us10y,asset_price,a,2,0.07709581411052586,0.07187675468198625,1.072611228089401,0.28344558486104643,-0.041130926521640424,0.19532255474269217,-0.12718970371966087,0.28138133194071263,2.8421639058974484,223,True,2.0,0.03333333333333333,0.8503367545831393,False,4.0
INNOVATION,threat,ip,real_macro,a,2,-0.9221971337498109,1.0148902247678517,-0.9086668796723866,0.3635259919782078,-2.591543000916807,0.7471487334171849,-3.7858513431680385,1.9414570756684166,2.8216393650586853,223,True,2.0,0.05,0.7270519839564156,False,3.0
INNOVATION,threat,cpi,real_macro,a,2,0.04563352730083472,0.1345535157226867,0.3391477885638077,0.7344983993884293,-0.17568731105469843,0.2669543656563679,-0.33274715814359657,0.42401421274526596,2.812120392485839,223,True,3.0,0.1,0.7344983993884293,False,3.0
INNOVATION,threat,infl_exp,real_macro,a,2,-0.16976311249772144,0.10215156288621857,-1.6618748426474095,0.09653787183617234,-0.33778748120987945,-0.0017387437855634347,-0.4576919501524327,0.11816572515698978,2.818643489335748,223,True,1.0,0.03333333333333333,0.289613615508517,False,3.0
INNOVATION,threat,freight,physical_channel,a,2,0.016295273994752044,0.011864410871343897,1.3734583344639562,0.16960990558704714,-0.003219945258620443,0.035810493248124534,-0.017350501138988998,0.049941049128493085,2.8358572118406364,223,True,1.0,0.1,0.16960990558704714,False,1.0
INNOVATION,threat,oil,asset_price,a,6,0.018681694607523787,0.046728091512151466,0.3997957974094808,0.6893069263543494,-0.05817917619675885,0.09554256541180642,-0.11372977819992439,0.15109316741497195,2.833658908860317,219,True,2.0,0.03333333333333333,1.0,False,4.0
INNOVATION,threat,dxy,asset_price,a,6,0.0018780534321821494,0.005050676961214915,0.37184192269750566,0.7100105483143344,-0.0064295708860324435,0.010185677750396742,-0.012409009540163074,0.016165116404527374,2.8287421828911703,219,True,3.0,0.05,1.0,False,4.0
INNOVATION,threat,vix,asset_price,a,6,0.42703304697134736,2.1634850168723174,0.19738202189571696,0.8435285973233513,-3.1315831298862506,3.9856492238289456,-5.496982390012597,6.351048483955292,2.738181864345938,219,True,4.0,0.1,1.0,False,4.0
INNOVATION,threat,us10y,asset_price,a,6,0.10431054152355594,0.07406710590873113,1.4083247920081035,0.15903491773191347,-0.01751900626821927,0.22614008931533114,-0.10620031350452329,0.31482139655163516,2.8421639058974484,219,True,1.0,0.025,0.6361396709276539,False,4.0
INNOVATION,threat,ip,real_macro,a,6,0.07016842692960606,0.31183954374389233,0.22501452537794248,0.8219679743855968,-0.44276197762442754,0.5830988314836396,-0.8097303052801004,0.9500671591393126,2.8216393650586853,219,True,3.0,0.1,0.8219679743855968,False,3.0
INNOVATION,threat,cpi,real_macro,a,6,0.10950990326024777,0.09143128328795704,1.1977290411133492,0.23102251963086062,-0.04088117467277587,0.25990098119327143,-0.1476058729849659,0.3666256795054615,2.812120392485839,219,True,2.0,0.05,0.4634817632158336,False,3.0
INNOVATION,threat,infl_exp,real_macro,a,6,0.14271154159219743,0.10023031510633261,1.423836106279794,0.15449392107194454,-0.02215265574094269,0.3075757389253375,-0.13980198351633746,0.42522506670073235,2.818643489335748,219,True,1.0,0.03333333333333333,0.4634817632158336,False,3.0
INNOVATION,threat,freight,physical_channel,a,6,-6.798879206948167e-05,0.00800681948676581,-0.008491360668472413,0.9932249558395825,-0.013238034865221949,0.013102057281082987,-0.022774185577520447,0.022638207993381485,2.8358572118406364,219,True,1.0,0.1,0.9932249558395825,False,1.0
INNOVATION,threat,oil,asset_price,b,1,-0.027529410486613917,0.1008639167195854,-0.27293616371401874,0.7849022868882692,-0.1934357897313552,0.13837696875812736,-0.31314375409578094,0.25808493312255315,2.831680078448782,224,True,2.0,0.03333333333333333,1.0,False,4.0
INNOVATION,threat,dxy,asset_price,b,1,0.005476820779514724,0.006236296305663265,0.8782168952654076,0.3798260249562061,-0.004780973817599565,0.015734615376629013,-0.012180919609653097,0.023134561168682545,2.8314466670117304,224,True,1.0,0.025,1.0,False,4.0
INNOVATION,threat,vix,asset_price,b,1,-0.31797987699935604,3.124785308416905,-0.10176055172265663,0.9189467382152471,-5.457794324993577,4.821834570994865,-8.839552312189825,8.203592558191113,2.7270905339438225,224,True,4.0,0.1,1.0,False,4.0
INNOVATION,threat,us10y,asset_price,b,1,0.009753182711601045,0.08483719394261924,0.11496352317118998,0.9084740345862701,-0.12979158344530167,0.14929794886850378,-0.23057896344116116,0.25008532886436324,2.8328629812451607,224,True,3.0,0.05,1.0,False,4.0
INNOVATION,threat,ip,real_macro,b,1,0.30285349179047183,0.6769605613438914,0.44737243066162063,0.6546061781245821,-0.8106475428391325,1.416354526420076,-1.6087823016770395,2.214489285257983,2.8238510522275657,224,True,3.0,0.1,0.8288425729628526,False,3.0
INNOVATION,threat,cpi,real_macro,b,1,0.15466666354934466,0.10959304908779714,1.4112816901867395,0.15816157112819762,-0.0255978607313892,0.3349311878300785,-0.15204808278494736,0.4613814098836367,2.798669704759987,224,True,1.0,0.03333333333333333,0.47448471338459286,False,3.0
INNOVATION,threat,infl_exp,real_macro,b,1,-0.09390745475155042,0.11506322420799545,-0.816137870270326,0.4144212864814263,-0.2831696164188022,0.09535470691570132,-0.42089319053944435,0.23307828103634348,2.8417918760629735,224,True,2.0,0.05,0.8288425729628526,False,3.0
INNOVATION,threat,freight,physical_channel,b,1,0.015980672738421756,0.00979093054335497,1.6321914109857225,0.10263916958835087,-0.0001239748770456156,0.03208532035388913,-0.01178465618232422,0.04374600165916773,2.8358212529237163,224,True,1.0,0.1,0.10263916958835087,False,1.0
INNOVATION,threat,oil,asset_price,b,2,0.018630023867159538,0.04308614081314722,0.4323901726996819,0.6654578593864203,-0.05224037112068752,0.08950041885500659,-0.10337614273066845,0.14063619046498751,2.831680078448782,223,True,4.0,0.1,1.0,False,4.0
INNOVATION,threat,dxy,asset_price,b,2,-0.0027326832328798253,0.005072759430021796,-0.5386975807894923,0.5900955432829921,-0.011076629980003461,0.00561126351424381,-0.017095931013567368,0.011630564547807715,2.8314466670117304,223,True,3.0,0.05,1.0,False,4.0
INNOVATION,threat,vix,asset_price,b,2,-3.0839160271106594,2.392027523823169,-1.2892477182627262,0.19731198045358533,-7.018451175438948,0.8506191212176293,-9.607191644261905,3.4393595900405862,2.7270905339438225,223,True,1.0,0.025,0.7892479218143413,False,4.0
INNOVATION,threat,us10y,asset_price,b,2,0.07925613803892431,0.07135069739027403,1.1107969639793303,0.26665575359101323,-0.038105315348984856,0.1966175914268335,-0.12287061128400867,0.2813828873618573,2.8328629812451607,223,True,2.0,0.03333333333333333,0.7999672607730397,False,4.0
INNOVATION,threat,ip,real_macro,b,2,-0.9106397769799923,1.0079872112540382,-0.9034239391262358,0.3663009394395246,-2.568631197331897,0.7473516433719123,-3.7570455241116374,1.935765970151653,2.8238510522275657,223,True,2.0,0.05,0.7326018788790492,False,3.0
INNOVATION,threat,cpi,real_macro,b,2,0.04797194100416007,0.13513294310669074,0.3549981218590426,0.7225909982595528,-0.17430197058550714,0.2702458525938273,-0.3302205329835902,0.4261644149919104,2.798669704759987,223,True,3.0,0.1,0.7326018788790492,False,3.0
INNOVATION,threat,infl_exp,real_macro,b,2,-0.17725704931429437,0.10463477985667294,-1.694054783286191,0.09025487343559144,-0.3493659464668117,-0.005148152161777053,-0.4746073166646252,0.12009321803603645,2.8417918760629735,223,True,1.0,0.03333333333333333,0.2707646203067743,False,3.0
INNOVATION,threat,freight,physical_channel,b,2,0.015503045847473126,0.011520473566305764,1.3456951885046893,0.1784008387303817,-0.003446446882263473,0.03445253857720973,-0.01716695793560264,0.04817304963054889,2.8358212529237163,223,True,1.0,0.1,0.1784008387303817,False,1.0
INNOVATION,threat,oil,asset_price,b,6,0.01679839946659517,0.0454381208031791,0.3696983759376744,0.7116072420114955,-0.05794065833837311,0.09153745727156345,-0.11186782201391626,0.1454646209471066,2.831680078448782,219,True,2.0,0.03333333333333333,1.0,False,4.0
INNOVATION,threat,dxy,asset_price,b,6,0.0014581571598993566,0.004990020921615341,0.29221463853649143,0.7701225199182808,-0.006749696851583365,0.009666011171382077,-0.012670820946927203,0.015587135266725918,2.8314466670117304,219,True,3.0,0.05,1.0,False,4.0
INNOVATION,threat,vix,asset_price,b,6,0.301668169144646,2.181204589613309,0.13830347257710782,0.8900005811668463,-3.2860941112040027,3.889430449493295,-5.646674219784629,6.250010558073921,2.7270905339438225,219,True,4.0,0.1,1.0,False,4.0
INNOVATION,threat,us10y,asset_price,b,6,0.11352379593652764,0.07708899148327923,1.4726330407520145,0.14085001057209262,-0.013276311302775345,0.24032390317583063,-0.10485875429797756,0.3319063461710329,2.8328629812451607,219,True,1.0,0.025,0.5634000422883705,False,4.0
INNOVATION,threat,ip,real_macro,b,6,0.0915113945540915,0.31562853180954736,0.28993384732819455,0.7718668468093651,-0.42765134076221056,0.6106741298703936,-0.7997765671093405,0.9827993562175236,2.8238510522275657,219,True,3.0,0.1,0.7718668468093651,False,3.0
INNOVATION,threat,cpi,real_macro,b,6,0.11701190249444691,0.09251057264457599,1.2648489696848446,0.20592547322753385,-0.03515444845134154,0.2691782534402354,-0.14189463453592588,0.37591843952481974,2.798669704759987,219,True,2.0,0.05,0.4342676155531441,False,3.0
INNOVATION,threat,infl_exp,real_macro,b,6,0.14899397266552203,0.10216912267938068,1.4583072532890735,0.14475587185104802,-0.019059279336107182,0.31704722466715124,-0.14134941014922328,0.4393373554802673,2.8417918760629735,219,True,1.0,0.03333333333333333,0.4342676155531441,False,3.0
INNOVATION,threat,freight,physical_channel,b,6,0.0002701742755409376,0.00770084056297524,0.03508373837005594,0.9720129683305677,-0.012396581255043903,0.012936929806125777,-0.021568033058321282,0.02210838160940316,2.8358212529237163,219,True,1.0,0.1,0.9720129683305677,False,1.0
LEVEL_PLUS_JUMP,pooled,oil,asset_price,a,1,-0.0004243081765565159,0.016380143213182114,-0.02590381360127846,0.9793340582546548,-0.02736724615074366,0.026518629797630623,-0.04624784210153828,0.04539922574842525,2.7975050845773275,224,True,4.0,0.1,1.0,False,4.0
LEVEL_PLUS_JUMP,pooled,dxy,asset_price,a,1,0.0012932849394830673,0.002070904551108439,0.6245024372518011,0.5322976702124023,-0.002113049922477959,0.004699619801444094,-0.004357494253852542,0.006944064132818677,2.7286526509930478,224,True,1.0,0.025,1.0,False,4.0
LEVEL_PLUS_JUMP,pooled,vix,asset_price,a,1,0.2910242692787566,0.5112809850217064,0.5692061269722385,0.5692162631699187,-0.5499581133255185,1.1320066518830316,-1.0621135530646675,1.6441620916221806,2.6465639481702548,224,True,2.0,0.03333333333333333,1.0,False,4.0
LEVEL_PLUS_JUMP,pooled,us10y,asset_price,a,1,-0.001597377585864125,0.025940505889515526,-0.061578505549105086,0.9508984945383744,-0.04426571278318976,0.04107095761146151,-0.07096956383968822,0.06777480866795998,2.674280391804638,224,True,3.0,0.05,1.0,False,4.0
LEVEL_PLUS_JUMP,pooled,ip,real_macro,a,1,0.07934647148806484,0.09391042491044198,0.8449165421595515,0.3981574377602063,-0.07512243153442952,0.2338153745105592,-0.18297529360739873,0.3416682365835284,2.793318903046469,224,True,2.0,0.05,1.0,False,3.0
LEVEL_PLUS_JUMP,pooled,cpi,real_macro,a,1,-0.005082838735181269,0.032824182335313874,-0.15485042957834477,0.8769392336072038,-0.05907381410113874,0.0489081366307762,-0.0966333794025415,0.08646770193217897,2.789118697066999,224,True,3.0,0.1,1.0,False,3.0
LEVEL_PLUS_JUMP,pooled,infl_exp,real_macro,a,1,-0.017732533931710523,0.01897972789510281,-0.9342881009524857,0.3501553005862559,-0.04895140819852241,0.013486340335101363,-0.06967276272828465,0.034207694864863615,2.736616092898564,224,True,1.0,0.03333333333333333,1.0,False,3.0
LEVEL_PLUS_JUMP,pooled,freight,physical_channel,a,1,0.009503776434521482,0.003353589564562235,2.8339116196415253,0.004598204710316171,0.003987612475944681,0.015019940393098282,0.0005841351812572882,0.018423417687785673,2.65972954696635,224,True,1.0,0.1,0.004598204710316171,True,1.0
LEVEL_PLUS_JUMP,pooled,oil,asset_price,a,2,2.954762100465698e-05,0.012354729958902447,0.002391603952732763,0.998091777949658,-0.020292174761902045,0.020351270003911362,-0.03453287225760478,0.03459196749961409,2.7975050845773275,223,True,4.0,0.1,1.0,False,4.0
LEVEL_PLUS_JUMP,pooled,dxy,asset_price,a,2,0.0008937757839232504,0.0013611856221248735,0.6566156513819366,0.5114280825143063,-0.0013451753235830441,0.003132726891429545,-0.0028204269723814067,0.004607978540227908,2.7286526509930478,223,True,1.0,0.025,1.0,False,4.0
LEVEL_PLUS_JUMP,pooled,vix,asset_price,a,2,0.10305146768468021,0.5087143045023411,0.20257238055354498,0.8394692795247559,-0.7337091011580912,0.9398120365274516,-1.243293470529721,1.4493964058990811,2.6465639481702548,223,True,3.0,0.05,1.0,False,4.0
LEVEL_PLUS_JUMP,pooled,us10y,asset_price,a,2,0.00423212662057576,0.015578921227097644,0.2716572321589565,0.785885588719517,-0.02139291846380708,0.0298571717049586,-0.03743027694252052,0.04589453018367204,2.674280391804638,223,True,2.0,0.03333333333333333,1.0,False,4.0
LEVEL_PLUS_JUMP,pooled,ip,real_macro,a,2,-0.14979567239383457,0.10257498155186263,-1.4603529060163352,0.14419310866935825,-0.3185165028338962,0.018925158046227047,-0.43632030734229527,0.13672896255462613,2.793318903046469,223,True,2.0,0.05,0.2883862173387165,False,3.0
LEVEL_PLUS_JUMP,pooled,cpi,real_macro,a,2,0.02668253890568918,0.051120738414878374,0.5219513593317617,0.601704197524721,-0.057403593088460964,0.11076867089983933,-0.11589926841511926,0.1692643462264976,2.789118697066999,223,True,3.0,0.1,0.601704197524721,False,3.0
LEVEL_PLUS_JUMP,pooled,infl_exp,real_macro,a,2,-0.035523256549523916,0.016397556841076626,-2.166374960234109,0.030282545787129234,-0.06249483739271173,-0.008551675706336102,-0.08039707448503315,0.00935056138598532,2.736616092898564,223,True,1.0,0.03333333333333333,0.0908476373613877,True,3.0
LEVEL_PLUS_JUMP,pooled,freight,physical_channel,a,2,0.0041542156622134075,0.004565656363603568,0.9098835592029928,0.3628839211285759,-0.0033556207668739907,0.011664052091300805,-0.007989195469357942,0.01629762679378476,2.65972954696635,223,True,1.0,0.1,0.3628839211285759,False,1.0
LEVEL_PLUS_JUMP,pooled,oil,asset_price,a,6,0.005623715499113781,0.010584380218253864,0.5313221353684082,0.5951955688452945,-0.0117860406919145,0.02303347169014206,-0.023986141978551083,0.03523357297677865,2.7975050845773275,219,True,4.0,0.1,0.7142259067748337,False,4.0
LEVEL_PLUS_JUMP,pooled,dxy,asset_price,a,6,0.0014557157365635797,0.0013056009625695083,1.1149775301165799,0.26486005077614505,-0.0006918067420702094,0.0036032382151973685,-0.0021068157910907838,0.0050182472642179435,2.7286526509930478,219,True,3.0,0.05,0.7142259067748337,False,4.0
LEVEL_PLUS_JUMP,pooled,vix,asset_price,a,6,0.6070527698588677,0.5145338124323607,1.1798112294877983,0.2380753022582779,-0.23928003770966932,1.4533855774274047,-0.7546938682392144,1.9687994079569497,2.6465639481702548,219,True,2.0,0.03333333333333333,0.7142259067748337,False,4.0
LEVEL_PLUS_JUMP,pooled,us10y,asset_price,a,6,0.043012610429853264,0.027120063890665777,1.5860069726700536,0.11273772785389231,-0.0015959250238639922,0.08762114588357052,-0.02951404465744322,0.11553926551714974,2.674280391804638,219,True,1.0,0.025,0.45095091141556926,False,4.0
LEVEL_PLUS_JUMP,pooled,ip,real_macro,a,6,0.0017794206505402739,0.05300435499329987,0.03357121600225501,0.9732190756276587,-0.08540498490441238,0.08896382620549294,-0.14627864609602975,0.14983748739711028,2.793318903046469,219,True,3.0,0.1,0.9732190756276587,False,3.0
LEVEL_PLUS_JUMP,pooled,cpi,real_macro,a,6,0.02107134728545133,0.0179911843103212,1.171204014255087,0.24151678212769934,-0.008521517480532915,0.05066421205143558,-0.029108201256843966,0.07125089582774663,2.789118697066999,219,True,1.0,0.03333333333333333,0.724550346383098,False,3.0
LEVEL_PLUS_JUMP,pooled,infl_exp,real_macro,a,6,0.013516448447858244,0.016847788581835374,0.8022684034883456,0.4223977154357854,-0.014195697707085272,0.04122859460280176,-0.03258948091494512,0.059622377810661605,2.736616092898564,219,True,2.0,0.05,0.8447954308715708,False,3.0
LEVEL_PLUS_JUMP,pooled,freight,physical_channel,a,6,0.0010194398880097914,0.0013943120232668708,0.731141861361308,0.46469250731041445,-0.0012739993005627668,0.0033128790765823493,-0.002689052997963538,0.0047279327739831204,2.65972954696635,219,True,1.0,0.1,0.46469250731041445,False,1.0
LEVEL_PLUS_JUMP,pooled,oil,asset_price,b,1,0.0003245967609117389,0.016105525242881488,0.020154372863760407,0.983920225664071,-0.026166634848800368,0.026815828370623847,-0.04465825509977054,0.04530744862159402,2.793007441999716,224,True,4.0,0.1,1.0,False,4.0
LEVEL_PLUS_JUMP,pooled,dxy,asset_price,b,1,0.001245022803089078,0.0019851429123452164,0.6271703640813586,0.530547567342142,-0.0020202467162989597,0.004510292322477115,-0.0042116736968821665,0.006701719303060323,2.748767590502988,224,True,2.0,0.03333333333333333,1.0,False,4.0
LEVEL_PLUS_JUMP,pooled,vix,asset_price,b,1,0.31879189554082643,0.5076329893340048,0.6279968052491413,0.5300060328376563,-0.5161900681254293,1.153773859207082,-1.0060368111546523,1.6436206022363051,2.609816017736758,224,True,1.0,0.025,1.0,False,4.0
LEVEL_PLUS_JUMP,pooled,us10y,asset_price,b,1,-0.0012719368154695907,0.026323664666468346,-0.04831913913148314,0.9614619015471121,-0.04457051211676436,0.042026638485825184,-0.07199611197583536,0.06945223834489617,2.6867146370564337,224,True,3.0,0.05,1.0,False,4.0
LEVEL_PLUS_JUMP,pooled,ip,real_macro,b,1,0.08407617198856977,0.0948281276284547,0.8866163878927139,0.3752854677619506,-0.07190221767811104,0.24005456165525058,-0.18370872306683778,0.3518610670439773,2.823897315621514,224,True,2.0,0.05,0.9846042800304838,False,3.0
LEVEL_PLUS_JUMP,pooled,cpi,real_macro,b,1,-0.005948549578555444,0.03284598911395416,-0.18110429123987884,0.856285716373989,-0.05997539390345151,0.04807829474634062,-0.09760095411423786,0.08570385495712696,2.790368230888354,224,True,3.0,0.1,0.9846042800304838,False,3.0
LEVEL_PLUS_JUMP,pooled,infl_exp,real_macro,b,1,-0.02057318540499795,0.021041505247531126,-0.9777430446622574,0.32820142667682795,-0.05518338162791796,0.014037010817922056,-0.07798098100973215,0.036834610199736245,2.7283122062510263,224,True,1.0,0.03333333333333333,0.9846042800304838,False,3.0
LEVEL_PLUS_JUMP,pooled,freight,physical_channel,b,1,0.009525360787590142,0.0033970164361619725,2.804037297609344,0.00504670666424483,0.003937765981755358,0.015112955593424928,0.000504300618707999,0.018546420956472284,2.6555833150676023,224,True,1.0,0.1,0.00504670666424483,True,1.0
LEVEL_PLUS_JUMP,pooled,oil,asset_price,b,2,-0.00016332134096305392,0.01261974481104086,-0.012941730867661134,0.9896742809911208,-0.020920954364605632,0.020594311682679525,-0.035410362514337476,0.035083719832411375,2.793007441999716,223,True,4.0,0.1,1.0,False,4.0
LEVEL_PLUS_JUMP,pooled,dxy,asset_price,b,2,0.0007207530067639443,0.0014073121474760632,0.5121486431113205,0.6085469829497173,-0.0015940694832649233,0.0030355754967928117,-0.0031476210139394197,0.004589127027467308,2.748767590502988,223,True,1.0,0.025,1.0,False,4.0
LEVEL_PLUS_JUMP,pooled,vix,asset_price,b,2,0.13359654030389956,0.5080295034977335,0.2629700428500716,0.7925736690338341,-0.7020376311227029,0.969230711730502,-1.1922669954073375,1.4594600760151368,2.609816017736758,223,True,2.0,0.03333333333333333,1.0,False,4.0
LEVEL_PLUS_JUMP,pooled,us10y,asset_price,b,2,0.0023823320643932963,0.015116931914899377,0.15759362268776572,0.8747770291332888,-0.022482808224207406,0.027247472352994,-0.0382325501787524,0.04299721430753899,2.6867146370564337,223,True,3.0,0.05,1.0,False,4.0
LEVEL_PLUS_JUMP,pooled,ip,real_macro,b,2,-0.13667475068557075,0.09754860696974373,-1.4010938231846062,0.16118601845606373,-0.2971279306638174,0.023778429292675873,-0.4121420000500482,0.13879249867890667,2.823897315621514,223,True,2.0,0.05,0.32237203691212746,False,3.0
LEVEL_PLUS_JUMP,pooled,cpi,real_macro,b,2,0.026212840967295477,0.05181701274421991,0.505873256273722,0.6129456277287907,-0.0590185603828253,0.11144424231741626,-0.11837570521371274,0.1708013871483037,2.790368230888354,223,True,3.0,0.1,0.6129456277287907,False,3.0
LEVEL_PLUS_JUMP,pooled,infl_exp,real_macro,b,2,-0.03930891718170134,0.017167080002532593,-2.289784702809228,0.022033800357910836,-0.06754625098803316,-0.011071583375369516,-0.08614607109829892,0.007528236734896235,2.7283122062510263,223,True,1.0,0.03333333333333333,0.06610140107373251,True,3.0
LEVEL_PLUS_JUMP,pooled,freight,physical_channel,b,2,0.00396265124358253,0.004555155966852874,0.8699265782375173,0.38434052966429477,-0.0035299135698250595,0.01145521605699012,-0.008133944939522594,0.016059247426687656,2.6555833150676023,223,True,1.0,0.1,0.38434052966429477,False,1.0
LEVEL_PLUS_JUMP,pooled,oil,asset_price,b,6,0.006870313474186936,0.010683984926314933,0.6430478441864116,0.5201930554852826,-0.010703277882157039,0.02444390483053091,-0.022970135935223464,0.036710762883597335,2.793007441999716,219,True,4.0,0.1,0.8558874053192217,False,4.0
LEVEL_PLUS_JUMP,pooled,dxy,asset_price,b,6,0.0012582513714979207,0.0013171499553807288,0.955283311788305,0.3394344444513425,-0.000908267509849041,0.0034247702528448823,-0.0023622877376850834,0.004878790480680925,2.748767590502988,219,True,3.0,0.05,0.8558874053192217,False,4.0
LEVEL_PLUS_JUMP,pooled,vix,asset_price,b,6,0.602338351893761,0.5637242081606487,1.068498289011048,0.2852958017730739,-0.32490545649962876,1.5295821602871507,-0.8688781161498705,2.0735548199373923,2.609816017736758,219,True,2.0,0.03333333333333333,0.8558874053192217,False,4.0
LEVEL_PLUS_JUMP,pooled,us10y,asset_price,b,6,0.04439879922652087,0.02660122868947569,1.6690506947931498,0.09510733346526462,0.0006436717352712243,0.0881539267177705,-0.027071111257179002,0.11586870971022073,2.6867146370564337,219,True,1.0,0.025,0.3804293338610585,False,4.0
LEVEL_PLUS_JUMP,pooled,ip,real_macro,b,6,0.005818920304788498,0.05547494646138951,0.10489276107437903,0.9164609031071349,-0.08542924658716677,0.09706708719674376,-0.15083663209177653,0.16247447270135354,2.823897315621514,219,True,3.0,0.1,0.9164609031071349,False,3.0
LEVEL_PLUS_JUMP,pooled,cpi,real_macro,b,6,0.02368095648601911,0.01719329013912025,1.3773371061852402,0.16840804806063692,-0.004599489158541817,0.05196140213058004,-0.024294654102628044,0.07165656707466626,2.790368230888354,219,True,1.0,0.03333333333333333,0.5052241441819108,False,3.0
LEVEL_PLUS_JUMP,pooled,infl_exp,real_macro,b,6,0.013253400936563605,0.017106609246366006,0.7747532398554701,0.4384854847727836,-0.01488446732716311,0.04139126920029032,-0.03341876987786344,0.05992557175099065,2.7283122062510263,219,True,2.0,0.05,0.8769709695455672,False,3.0
LEVEL_PLUS_JUMP,pooled,freight,physical_channel,b,6,0.001239221558816031,0.0014541371081695999,0.8522040678653098,0.39410083927346296,-0.0011526211376414605,0.0036310642552735226,-0.002622360683459812,0.0051008038010918735,2.6555833150676023,219,True,1.0,0.1,0.39410083927346296,False,1.0
LEVEL_PLUS_JUMP,act,oil,asset_price,a,1,-0.010932128195352817,0.010765510808122155,-1.0154769606570786,0.30987852356385004,-0.028639817694077817,0.006775561303372184,-0.040924934070248734,0.019060677679543104,2.786008616726995,224,True,2.0,0.03333333333333333,0.9296355706915501,False,4.0
LEVEL_PLUS_JUMP,act,dxy,asset_price,a,1,0.0005840921509970605,0.0009721143140817509,0.6008471869368448,0.547941771980457,-0.0010148936043317502,0.002183077906325871,-0.0020821127860186682,0.003250297088012789,2.7426866350941435,224,True,3.0,0.05,1.0,False,4.0
LEVEL_PLUS_JUMP,act,vix,asset_price,a,1,-0.164270589025598,0.3782090810950797,-0.43433803479800964,0.6640429878966116,-0.7863691678108233,0.45782798975962735,-1.2107923760052204,0.8822511979540244,2.7670456350479125,224,True,4.0,0.1,1.0,False,4.0
LEVEL_PLUS_JUMP,act,us10y,asset_price,a,1,-0.021131560325293335,0.01655104789908389,-1.2767505993661572,0.20169031127326498,-0.048355611491949016,0.006092490841362347,-0.06597464911405561,0.02371152846346894,2.709380642372763,224,True,1.0,0.025,0.8067612450930599,False,4.0
LEVEL_PLUS_JUMP,act,ip,real_macro,a,1,0.024197342029036582,0.050566657013963075,0.4785236647610484,0.6322775350947609,-0.058977407163191685,0.10737209122126484,-0.11872023737784643,0.1671149214359196,2.8263205014209043,224,True,3.0,0.1,1.0,False,3.0
LEVEL_PLUS_JUMP,act,cpi,real_macro,a,1,0.009530389314240526,0.01965479189769779,0.48488884358815537,0.6277551966266084,-0.022798866425664092,0.04185964505414515,-0.04452561245353276,0.06358639108201382,2.7502708779178167,224,True,2.0,0.05,1.0,False,3.0
LEVEL_PLUS_JUMP,act,infl_exp,real_macro,a,1,-0.02603058348541022,0.02541708966420865,-1.0241370601161102,0.3057705419739496,-0.0678379756061346,0.015776808635314155,-0.0949232685594336,0.04286210158861316,2.710486762417782,224,True,1.0,0.03333333333333333,0.9173116259218488,False,3.0
LEVEL_PLUS_JUMP,act,freight,physical_channel,a,1,0.003916313658013059,0.00360958502632629,1.0849761480751008,0.2779322195003928,-0.002020925364329464,0.009853552680355582,-0.005789324395423095,0.013621951711449212,2.6888514836604958,224,True,1.0,0.1,0.2779322195003928,False,1.0
LEVEL_PLUS_JUMP,act,oil,asset_price,a,2,-0.0065847822417850164,0.009628774945980119,-0.683865006579479,0.49406041278942436,-0.02242270763477988,0.009253143151209849,-0.03341063220981064,0.0202410677262406,2.786008616726995,223,True,3.0,0.05,1.0,False,4.0
LEVEL_PLUS_JUMP,act,dxy,asset_price,a,2,0.001230369618886406,0.0011803403939556329,1.0423854213470674,0.2972330228045287,-0.0007111175591488464,0.0031718567969216582,-0.0020069342044774646,0.0044676734422502765,2.7426866350941435,223,True,1.0,0.025,1.0,False,4.0
LEVEL_PLUS_JUMP,act,vix,asset_price,a,2,0.017954498693055654,0.3986629252505955,0.045036790621474615,0.9640779840177072,-0.63778765983647,0.6736966572225813,-1.0851640084770366,1.1210730058631482,2.7670456350479125,223,True,4.0,0.1,1.0,False,4.0
LEVEL_PLUS_JUMP,act,us10y,asset_price,a,2,-0.010289157523016875,0.01216640300678592,-0.8457025069182736,0.39771872429590616,-0.030301109635681993,0.009722794589648242,-0.043252574316908425,0.02267425927087468,2.709380642372763,223,True,2.0,0.03333333333333333,1.0,False,4.0
LEVEL_PLUS_JUMP,act,ip,real_macro,a,2,-0.12212862119404386,0.0559423495737506,-2.1831156918612753,0.029027291276493124,-0.21414559779061468,-0.030111644597473036,-0.28023963069199015,0.035982388303902435,2.8263205014209043,223,True,1.0,0.03333333333333333,0.08708187382947938,True,3.0
LEVEL_PLUS_JUMP,act,cpi,real_macro,a,2,-0.01994143186306551,0.039862552597911195,-0.500254764520786,0.6168957013703054,-0.08550949608328356,0.04562663235715255,-0.12957424939256787,0.08969138566643686,2.7502708779178167,223,True,3.0,0.1,0.6168957013703054,False,3.0
LEVEL_PLUS_JUMP,act,infl_exp,real_macro,a,2,-0.030441088767097297,0.01557761261186095,-1.9541562321250143,0.050682743621748454,-0.056063981370961774,-0.0048181961632328164,-0.0726640015416187,0.011781824007424103,2.710486762417782,223,True,2.0,0.05,0.10136548724349691,False,3.0
LEVEL_PLUS_JUMP,act,freight,physical_channel,a,2,0.00028081229755259006,0.0013702578949971373,0.20493390228061903,0.8376237671216982,-0.001973061370892341,0.0025346859659975208,-0.0034036076764079708,0.0039652322715131505,2.6888514836604958,223,True,1.0,0.1,0.8376237671216982,False,1.0
LEVEL_PLUS_JUMP,act,oil,asset_price,a,6,-0.005740282618137616,0.007545045210845006,-0.7608016198347914,0.4467755667606018,-0.01815077759870886,0.006670212362433627,-0.02676084358914655,0.015280278352871317,2.786008616726995,219,True,1.0,0.025,1.0,False,4.0
LEVEL_PLUS_JUMP,act,dxy,asset_price,a,6,4.239255757897702e-05,0.001051131591885461,0.04033040002435434,0.9678297177739436,-0.0016865650537370984,0.0017713501688950523,-0.002840532011210509,0.0029253171263684628,2.7426866350941435,219,True,4.0,0.1,1.0,False,4.0
LEVEL_PLUS_JUMP,act,vix,asset_price,a,6,-0.028060133651166767,0.46367459159107915,-0.06051686713063065,0.9517439824425757,-0.7907369673549959,0.7346167000526623,-1.3110688883958859,1.2549486210935523,2.7670456350479125,219,True,3.0,0.05,1.0,False,4.0
LEVEL_PLUS_JUMP,act,us10y,asset_price,a,6,-0.006747008279679399,0.025977638926213974,-0.2597236915503899,0.7950769163973492,-0.0494764218870982,0.03598240532773941,-0.07713032032091272,0.06363630376155391,2.709380642372763,219,True,2.0,0.03333333333333333,1.0,False,4.0
LEVEL_PLUS_JUMP,act,ip,real_macro,a,6,0.027026025957071386,0.05220796093961258,0.5176610131993394,0.6046948041909308,-0.05884842795019116,0.11290047986433394,-0.12053040438393743,0.1745824562980802,2.8263205014209043,219,True,2.0,0.05,1.0,False,3.0
LEVEL_PLUS_JUMP,act,cpi,real_macro,a,6,0.004450658292705967,0.017744700019007877,0.2508162035953543,0.8019562132840029,-0.024736775892724997,0.03363809247813693,-0.044352073406959125,0.05325338999237106,2.7502708779178167,219,True,3.0,0.1,1.0,False,3.0
LEVEL_PLUS_JUMP,act,infl_exp,real_macro,a,6,0.014472266412345369,0.01806271236139852,0.8012233225433947,0.42300237163899357,-0.015238251527882178,0.04418278435257292,-0.03448647633658536,0.0634310091612761,2.710486762417782,219,True,1.0,0.03333333333333333,1.0,False,3.0
LEVEL_PLUS_JUMP,act,freight,physical_channel,a,6,-0.00018762320450034173,0.0011771195016947154,-0.15939180705970632,0.8733601934127944,-0.002123812486218204,0.0017485660772175206,-0.003352722723077881,0.0029774763140771976,2.6888514836604958,219,True,1.0,0.1,0.8733601934127944,False,1.0
LEVEL_PLUS_JUMP,act,oil,asset_price,b,1,-0.010190500909064454,0.0110906064456172,-0.9188407287765178,0.35817888564167666,-0.02843292514622928,0.008051923328100372,-0.04124426573759718,0.02086326391946827,2.800006021384393,224,True,2.0,0.03333333333333333,1.0,False,4.0
LEVEL_PLUS_JUMP,act,dxy,asset_price,b,1,0.0004959824175164429,0.0008662268211573791,0.5725779962039886,0.5669304617039954,-0.0009288339110269162,0.001920798746059802,-0.0018786789783428839,0.0028706438133757695,2.7413852098074094,224,True,3.0,0.05,1.0,False,4.0
LEVEL_PLUS_JUMP,act,vix,asset_price,b,1,-0.15140903894798963,0.37550138950958134,-0.40321831870112496,0.6867876246079314,-0.769053861408142,0.46623578351216277,-1.1848382228623173,0.8820201449663381,2.752131450868995,224,True,4.0,0.1,1.0,False,4.0
LEVEL_PLUS_JUMP,act,us10y,asset_price,b,1,-0.021465456829390224,0.01783014850502852,-1.2038854765195288,0.22863384598718872,-0.050793441266969754,0.007862527608189306,-0.069810646436857,0.026879732778076544,2.711429441758844,224,True,1.0,0.025,0.9145353839487549,False,4.0
LEVEL_PLUS_JUMP,act,ip,real_macro,b,1,0.028568715928849558,0.0526981628641504,0.542119769952822,0.5877360002122198,-0.0581120483919276,0.11524948024962672,-0.12005678908151456,0.17719422093921366,2.820316628370955,224,True,2.0,0.05,1.0,False,3.0
LEVEL_PLUS_JUMP,act,cpi,real_macro,b,1,0.008532121168881811,0.019934527905035516,0.4280071847965145,0.668645889494085,-0.02425725935728119,0.04132150169504481,-0.046313081532248876,0.06337732387001249,2.7512666947721716,224,True,3.0,0.1,1.0,False,3.0
LEVEL_PLUS_JUMP,act,infl_exp,real_macro,b,1,-0.028331101144181983,0.027496977419420695,-1.0303351060023114,0.30285272474244096,-0.07355960418271884,0.01689740189435488,-0.10321932309369163,0.04655712080532766,2.7235074170958598,224,True,1.0,0.03333333333333333,0.9085581742273229,False,3.0
LEVEL_PLUS_JUMP,act,freight,physical_channel,b,1,0.003862370409183279,0.0036632336539589652,1.054360920988237,0.29171770678696907,-0.002163112752901819,0.009887853571268377,-0.005956856040073534,0.01368159685844009,2.680480519893915,224,True,1.0,0.1,0.29171770678696907,False,1.0
LEVEL_PLUS_JUMP,act,oil,asset_price,b,2,-0.006564242432903766,0.010059020243371544,-0.6525727430789611,0.5140317624040118,-0.02310985836379173,0.009981373497984197,-0.034729559683571595,0.02160107481776406,2.800006021384393,223,True,3.0,0.05,1.0,False,4.0
LEVEL_PLUS_JUMP,act,dxy,asset_price,b,2,0.0011019705542105733,0.0011651344288890054,0.9457883372833975,0.34425655529811205,-0.0008145050370335393,0.0030184461454546858,-0.0020921117365831493,0.0042960528450042956,2.7413852098074094,223,True,2.0,0.03333333333333333,1.0,False,4.0
LEVEL_PLUS_JUMP,act,vix,asset_price,b,2,0.032192101894323755,0.39176491253109974,0.0821719885181607,0.9345099480214284,-0.612203835394782,0.6765880391834295,-1.0459964352294566,1.1103806390181044,2.752131450868995,223,True,4.0,0.1,1.0,False,4.0
LEVEL_PLUS_JUMP,act,us10y,asset_price,b,2,-0.01155618275216663,0.011288051049910137,-1.0237535869629706,0.3059516776330563,-0.030123374462824693,0.007011008958491435,-0.042162936708969805,0.019050571204636546,2.711429441758844,223,True,1.0,0.025,1.0,False,4.0
LEVEL_PLUS_JUMP,act,ip,real_macro,b,2,-0.1115067642521061,0.051668881946503924,-2.158102905488765,0.03091983191779448,-0.1964945121223405,-0.02651901638187168,-0.257229371175167,0.03421584267095476,2.820316628370955,223,True,1.0,0.03333333333333333,0.09275949575338344,True,3.0
LEVEL_PLUS_JUMP,act,cpi,real_macro,b,2,-0.020046256587645354,0.041079853909383526,-0.48798266497891213,0.6255621198158491,-0.08761660328513146,0.04752409010984076,-0.13306789047463863,0.09297537729934793,2.7512666947721716,223,True,3.0,0.1,0.6255621198158491,False,3.0
LEVEL_PLUS_JUMP,act,infl_exp,real_macro,b,2,-0.03311234230274336,0.015952511323630614,-2.0756821061580264,0.03792336197513709,-0.059351888412401604,-0.006872796193085114,-0.07655912521395702,0.01033444060847031,2.7235074170958598,223,True,2.0,0.05,0.09275949575338344,True,3.0
LEVEL_PLUS_JUMP,act,freight,physical_channel,b,2,5.186062894918937e-05,0.001379952140180933,0.03758146926920932,0.9700213828646164,-0.0022179586538468646,0.0023216799117452436,-0.0036470742011917184,0.0037507954590900974,2.680480519893915,223,True,1.0,0.1,0.9700213828646164,False,1.0
LEVEL_PLUS_JUMP,act,oil,asset_price,b,6,-0.0036456190094588475,0.007057830223881966,-0.5165353789785091,0.6054805357797985,-0.015254716651618821,0.007963478632701125,-0.023407586134237112,0.01611634811531942,2.800006021384393,219,True,1.0,0.025,1.0,False,4.0
LEVEL_PLUS_JUMP,act,dxy,asset_price,b,6,-0.0002850436329290927,0.0010374088067624284,-0.27476500206188154,0.7834967878455373,-0.0019914292713636723,0.0014213420055054866,-0.003128980792311567,0.0025588935264533813,2.7413852098074094,219,True,2.0,0.03333333333333333,1.0,False,4.0
LEVEL_PLUS_JUMP,act,vix,asset_price,b,6,-0.10390761096957246,0.5098255259004533,-0.20381013835282366,0.8385018698727608,-0.9424959763593748,0.7346807544202298,-1.5070144752560353,1.2991992533168903,2.752131450868995,219,True,3.0,0.05,1.0,False,4.0
LEVEL_PLUS_JUMP,act,us10y,asset_price,b,6,-0.004352451627716846,0.025185931724863168,-0.17281280975681246,0.8627985678082689,-0.04577962277351017,0.037074719518076484,-0.07264232842463894,0.06393742516920525,2.711429441758844,219,True,4.0,0.1,1.0,False,4.0
LEVEL_PLUS_JUMP,act,ip,real_macro,b,6,0.029754342118599675,0.053593931654210586,0.5551811781709811,0.5787707416113155,-0.05839983074541792,0.11790851498261727,-0.12139751450554692,0.18090619874274627,2.820316628370955,219,True,2.0,0.05,1.0,False,3.0
LEVEL_PLUS_JUMP,act,cpi,real_macro,b,6,0.009321536076489856,0.017052790209410015,0.5466282034799254,0.5846341887215452,-0.01872780774910076,0.037370879902080475,-0.03759523767959688,0.05623830983257659,2.7512666947721716,219,True,3.0,0.1,1.0,False,3.0
LEVEL_PLUS_JUMP,act,infl_exp,real_macro,b,6,0.014575846688936847,0.01834672418471457,0.7944658971371359,0.426924254678102,-0.015601829128969203,0.0447535225068429,-0.03539159270754527,0.06454328608541897,2.7235074170958598,219,True,1.0,0.03333333333333333,1.0,False,3.0
LEVEL_PLUS_JUMP,act,freight,physical_channel,b,6,6.813515921092421e-05,0.001208396831760031,0.05638475492499041,0.9550353014412147,-0.0019195007523062307,0.0020557710707280793,-0.0031709490086233626,0.0033072193270452114,2.680480519893915,219,True,1.0,0.1,0.9550353014412147,False,1.0
LEVEL_PLUS_JUMP,threat,oil,asset_price,a,1,-0.002132152523731311,0.024786005809212152,-0.0860224329867162,0.931448584378741,-0.04290150407665418,0.038637199029191556,-0.07195644796369782,0.06769214291623521,2.817085414141842,224,True,4.0,0.1,1.0,False,4.0
LEVEL_PLUS_JUMP,threat,dxy,asset_price,a,1,0.0016716433594587228,0.0020546694546549216,0.8135826206359176,0.41588409739687127,-0.0017079871452168284,0.005051273864134274,-0.004048026980995535,0.007391313699912981,2.783742332615183,224,True,1.0,0.025,1.0,False,4.0
LEVEL_PLUS_JUMP,threat,vix,asset_price,a,1,0.3141818150722415,0.7969624652878475,0.39422410559669846,0.6934155900935101,-0.9967047865006613,1.6250684166451443,-1.8862542043588502,2.5146178345033334,2.7610284238873617,224,True,3.0,0.05,1.0,False,4.0
LEVEL_PLUS_JUMP,threat,us10y,asset_price,a,1,0.012670778633804832,0.02995970428956293,0.4229273597409623,0.6723482603637452,-0.03660854962927633,0.061950106896886,-0.06989495985321556,0.09523651712082523,2.755892971740173,224,True,2.0,0.03333333333333333,1.0,False,4.0
LEVEL_PLUS_JUMP,threat,ip,real_macro,a,1,0.15411319676231283,0.20838364216356434,0.7395647525987017,0.4595641356513568,-0.1886473928477837,0.49687378637240937,-0.43083198381188215,0.7390583773365078,2.8070590114509093,224,True,1.0,0.03333333333333333,1.0,False,3.0
LEVEL_PLUS_JUMP,threat,cpi,real_macro,a,1,-0.004025790296149412,0.03621563683395425,-0.11116165966119368,0.9114881543098466,-0.06359521189483638,0.05554363130253757,-0.10418991047185325,0.09613832987955442,2.765769952767866,224,True,3.0,0.1,1.0,False,3.0
LEVEL_PLUS_JUMP,threat,infl_exp,real_macro,a,1,-0.003257927591131813,0.019861004490595524,-0.16403639567548003,0.8697024922586486,-0.03592637286238733,0.029410517680123708,-0.058268837270709604,0.05175298208844598,2.7697949368888297,224,True,2.0,0.05,1.0,False,3.0
LEVEL_PLUS_JUMP,threat,freight,physical_channel,a,1,0.008383829092802489,0.003442156478733629,2.435632762368462,0.014865768263157898,0.0027219855242229703,0.014045672661382007,-0.0010468145601465091,0.017814472745751486,2.7397486753474194,224,True,1.0,0.1,0.014865768263157898,True,1.0
LEVEL_PLUS_JUMP,threat,oil,asset_price,a,2,0.0015677299650175033,0.015664087981179447,0.10008434368481242,0.9202773648473073,-0.024197401963712475,0.027332861893747482,-0.042559343812597655,0.045694803742632656,2.817085414141842,223,True,4.0,0.1,1.0,False,4.0
LEVEL_PLUS_JUMP,threat,dxy,asset_price,a,2,0.0003783000064522045,0.0014524671826471457,0.260453393351543,0.7945140616704993,-0.0020107959069529395,0.0027673959198573485,-0.003664994376616964,0.004421594389521373,2.783742332615183,223,True,2.0,0.03333333333333333,1.0,False,4.0
LEVEL_PLUS_JUMP,threat,vix,asset_price,a,2,-0.13906811558804238,0.5893747062604588,-0.23595874426037014,0.8134646836128174,-1.1085032388140166,0.8303670076379319,-1.766348431893434,1.488212200717349,2.7610284238873617,223,True,3.0,0.05,1.0,False,4.0
LEVEL_PLUS_JUMP,threat,us10y,asset_price,a,2,0.009482217194097507,0.019783895243287133,0.4792896988935945,0.6317325493969496,-0.02305939465205131,0.04202382904024632,-0.04504008066052134,0.06400451504871636,2.755892971740173,223,True,1.0,0.025,1.0,False,4.0
LEVEL_PLUS_JUMP,threat,ip,real_macro,a,2,-0.2197054845430408,0.25925690101793786,-0.8474431487856113,0.3967481625254865,-0.6461451384945948,0.2067341694085131,-0.9474549048262797,0.508043935740198,2.8070590114509093,223,True,2.0,0.05,0.793496325050973,False,3.0
LEVEL_PLUS_JUMP,threat,cpi,real_macro,a,2,0.03381036982183462,0.04434845669437112,0.7623798513404857,0.44583332811813436,-0.03913635002160201,0.10675708966527125,-0.08884725915508394,0.15646799879875317,2.765769952767866,223,True,3.0,0.1,0.793496325050973,False,3.0
LEVEL_PLUS_JUMP,threat,infl_exp,real_macro,a,2,-0.04250388064243334,0.020988193464914012,-2.025132878324527,0.0428537216526669,-0.07702638678635634,-0.007981374498510344,-0.1006368726359954,0.01562911135112871,2.7697949368888297,223,True,1.0,0.03333333333333333,0.12856116495800068,False,3.0
LEVEL_PLUS_JUMP,threat,freight,physical_channel,a,2,0.006337032347577501,0.0050167208837040385,1.2631821650995712,0.20652372081237003,-0.0019147391933862813,0.014588803888541283,-0.007407522048138373,0.020081586743293377,2.7397486753474194,223,True,1.0,0.1,0.20652372081237003,False,1.0
LEVEL_PLUS_JUMP,threat,oil,asset_price,a,6,0.009344272002810378,0.014451420814384466,0.6465988446969448,0.517891605931069,-0.01442619993833191,0.03311474394395267,-0.031366614787017924,0.05005515879263868,2.817085414141842,219,True,4.0,0.1,0.517891605931069,False,4.0
LEVEL_PLUS_JUMP,threat,dxy,asset_price,a,6,0.0018559298331502912,0.0013689638476172528,1.3557186600512687,0.175188699962034,-0.0003958153167683894,0.004107674983068972,-0.0019549127812816163,0.005666772447582198,2.783742332615183,219,True,3.0,0.05,0.350377399924068,False,4.0
LEVEL_PLUS_JUMP,threat,vix,asset_price,a,6,0.8622394895962131,0.5440677764123477,1.5848016129202325,0.11301141583491167,-0.03267236574305965,1.7571513449354859,-0.6399471055994728,2.3644260847918988,2.7610284238873617,219,True,2.0,0.03333333333333333,0.339034247504735,False,4.0
LEVEL_PLUS_JUMP,threat,us10y,asset_price,a,6,0.0494421926977857,0.023991294993709764,2.060838846371105,0.039318417076088116,0.009980024112119498,0.0889043612834519,-0.016675248558324238,0.11555963395389564,2.755892971740173,219,True,1.0,0.025,0.15727366830435247,False,4.0
LEVEL_PLUS_JUMP,threat,ip,real_macro,a,6,-0.013470138428081585,0.05450949063146277,-0.24711547057287392,0.8048188611742987,-0.10313027179652043,0.07618999494035725,-0.16648149531472808,0.1395412184585649,2.8070590114509093,219,True,3.0,0.1,1.0,False,3.0
LEVEL_PLUS_JUMP,threat,cpi,real_macro,a,6,0.016471582711909967,0.025267753840244586,0.6518815568669687,0.5144775835161499,-0.02509017383713333,0.05803333926095326,-0.05341321163337336,0.08635637705719329,2.765769952767866,219,True,1.0,0.03333333333333333,1.0,False,3.0
LEVEL_PLUS_JUMP,threat,infl_exp,real_macro,a,6,0.009980774024196021,0.021330970394463095,0.46790060834676056,0.6398556684301668,-0.025105549995531076,0.045067098043923115,-0.04910163977331339,0.06906318782170542,2.7697949368888297,219,True,2.0,0.05,1.0,False,3.0
LEVEL_PLUS_JUMP,threat,freight,physical_channel,a,6,0.001375894212194893,0.0016566342377672485,0.8305359027526036,0.4062358575441336,-0.0013490266223285534,0.00410081504671834,-0.003162867246263108,0.005914655670652894,2.7397486753474194,219,True,1.0,0.1,0.4062358575441336,False,1.0
LEVEL_PLUS_JUMP,threat,oil,asset_price,b,1,-0.0013637569957992892,0.02460061062222388,-0.05543590021978107,0.9557911955596846,-0.04182816060298515,0.03910064661138657,-0.07050901323245892,0.06778149924086035,2.8107130062127275,224,True,4.0,0.1,1.0,False,4.0
LEVEL_PLUS_JUMP,threat,dxy,asset_price,b,1,0.0015665791913259254,0.0020387243047295363,0.7684114952137939,0.4422427531763702,-0.001786823875662571,0.004919982258314422,-0.004096342037486631,0.007229500420138481,2.7776787747492016,224,True,1.0,0.025,1.0,False,4.0
LEVEL_PLUS_JUMP,threat,vix,asset_price,b,1,0.3357189800746727,0.8043662594865371,0.41737078863673016,0.6764072178986833,-0.9873457792391469,1.6587837393884923,-1.8887835436412985,2.560221503790644,2.765534353884971,224,True,3.0,0.05,1.0,False,4.0
LEVEL_PLUS_JUMP,threat,us10y,asset_price,b,1,0.012727484318326755,0.03006456851034641,0.4233383330928805,0.6720484301638909,-0.03672433023864756,0.06217929887530106,-0.07027234587084227,0.09572731450749578,2.7607191555270614,224,True,2.0,0.03333333333333333,1.0,False,4.0
LEVEL_PLUS_JUMP,threat,ip,real_macro,b,1,0.15877446137202314,0.20815689510899796,0.7627634015624776,0.44560451136667567,-0.1836131625229693,0.5011620852670156,-0.4247505162476336,0.7422994389916798,2.8032940120196517,224,True,1.0,0.03333333333333333,1.0,False,3.0
LEVEL_PLUS_JUMP,threat,cpi,real_macro,b,1,-0.0048583678177672104,0.03594109735922074,-0.1351758342047614,0.8924728532192941,-0.06397621216569743,0.054259476530163005,-0.10511042417172839,0.09539368853619398,2.7893432232180126,224,True,3.0,0.1,1.0,False,3.0
LEVEL_PLUS_JUMP,threat,infl_exp,real_macro,b,1,-0.007549388202711227,0.020611453605500415,-0.36627150841494177,0.7141624876278865,-0.04145221242246058,0.02635343601703813,-0.06480606180837865,0.0497072854029562,2.7779056587444075,224,True,2.0,0.05,1.0,False,3.0
LEVEL_PLUS_JUMP,threat,freight,physical_channel,b,1,0.00842377582672192,0.0034949633464405835,2.4102615654899626,0.015941087244244555,0.0026750726902666716,0.014172478963177169,-0.0011339580136026633,0.0179815096670465,2.7347164742252814,224,True,1.0,0.1,0.015941087244244555,True,1.0
LEVEL_PLUS_JUMP,threat,oil,asset_price,b,2,0.001482471219545757,0.015744185935230585,0.09415991564406312,0.9249821259371481,-0.024414410119416627,0.027379352558508138,-0.042769916960838344,0.045734859399929856,2.8107130062127275,223,True,4.0,0.1,1.0,False,4.0
LEVEL_PLUS_JUMP,threat,dxy,asset_price,b,2,0.00020284628148393703,0.0014432950776597014,0.14054387396155446,0.8882302900581633,-0.0021711628617658296,0.0025768554247337034,-0.003806163821431416,0.00421185638439929,2.7776787747492016,223,True,3.0,0.05,1.0,False,4.0
LEVEL_PLUS_JUMP,threat,vix,asset_price,b,2,-0.11662057211736893,0.6030837117251011,-0.19337377191597435,0.8466662547349366,-1.1086050027037575,0.8753638584690198,-1.7844692951615966,1.5512281509268586,2.765534353884971,223,True,2.0,0.03333333333333333,1.0,False,4.0
LEVEL_PLUS_JUMP,threat,us10y,asset_price,b,2,0.008480602389523341,0.01888389328621456,0.44909184038411554,0.6533654063652259,-0.022580637973271235,0.03954184275231792,-0.043652523536658064,0.060613728315704746,2.7607191555270614,223,True,1.0,0.025,1.0,False,4.0
LEVEL_PLUS_JUMP,threat,ip,real_macro,b,2,-0.20686501166595644,0.25544842416214597,-0.8098112655987606,0.4180486568277815,-0.6270402786481003,0.2133102553161874,-0.9229620494995563,0.5092320261676435,2.8032940120196517,223,True,2.0,0.05,0.836097313655563,False,3.0
LEVEL_PLUS_JUMP,threat,cpi,real_macro,b,2,0.03443232821556195,0.04375723194119593,0.786894570064088,0.4313435864203685,-0.03754191344827098,0.10640656987939487,-0.08762161016639167,0.15648626659751558,2.7893432232180126,223,True,3.0,0.1,0.836097313655563,False,3.0
LEVEL_PLUS_JUMP,threat,infl_exp,real_macro,b,2,-0.04677723021839459,0.02169989995093639,-2.1556426676693534,0.031111578143852427,-0.08247038935717638,-0.011084071079612796,-0.10705750508628828,0.013503044649499099,2.7779056587444075,223,True,1.0,0.03333333333333333,0.09333473443155728,True,3.0
LEVEL_PLUS_JUMP,threat,freight,physical_channel,b,2,0.006118246199627805,0.0050941614959816766,1.2010310635919053,0.22973915179466664,-0.0022609038133141936,0.014497396212569803,-0.00781284116579739,0.020049333565053,2.7347164742252814,223,True,1.0,0.1,0.22973915179466664,False,1.0
LEVEL_PLUS_JUMP,threat,oil,asset_price,b,6,0.010235016679671336,0.014690712450142264,0.6966998172762017,0.48599067318076805,-0.013929054976446316,0.03439908833578899,-0.031056359874474766,0.05152639323381744,2.8107130062127275,219,True,4.0,0.1,0.48599067318076805,False,4.0
LEVEL_PLUS_JUMP,threat,dxy,asset_price,b,6,0.0017103344012319272,0.001394510226736359,1.22647677187331,0.22001931117009577,-0.0005834308030362924,0.004004099605500147,-0.0021631670567443537,0.005583835859208208,2.7776787747492016,219,True,3.0,0.05,0.44003862234019153,False,4.0
LEVEL_PLUS_JUMP,threat,vix,asset_price,b,6,0.8772920179533624,0.582091245911143,1.5071383122763578,0.13177520824203118,-0.08016287910028252,1.8347469150070075,-0.7325013197096081,2.487085355616333,2.765534353884971,219,True,2.0,0.03333333333333333,0.39532562472609356,False,4.0
LEVEL_PLUS_JUMP,threat,us10y,asset_price,b,6,0.05076858941129789,0.023379055886742644,2.1715414710175183,0.029890265838477287,0.01231346454128808,0.0892237142813077,-0.013774418013370232,0.11531159683596601,2.7607191555270614,219,True,1.0,0.025,0.11956106335390915,False,4.0
LEVEL_PLUS_JUMP,threat,ip,real_macro,b,6,-0.00996965905269561,0.05648139408805927,-0.176512269459073,0.8598915103824596,-0.10287328497371534,0.08293396686832413,-0.16830361289027432,0.14836429478488308,2.8032940120196517,219,True,3.0,0.1,1.0,False,3.0
LEVEL_PLUS_JUMP,threat,cpi,real_macro,b,6,0.018033970346867195,0.02349399691180367,0.7675990770989974,0.4427254108748606,-0.02061021568509976,0.05667815637883415,-0.04749885072537728,0.08356679141911168,2.7893432232180126,219,True,1.0,0.03333333333333333,1.0,False,3.0
LEVEL_PLUS_JUMP,threat,infl_exp,real_macro,b,6,0.009530479189262107,0.021595772427816396,0.4413122624401427,0.6589869499197034,-0.025991405415450294,0.04505236379397451,-0.05046053924292551,0.06952149762144973,2.7779056587444075,219,True,2.0,0.05,1.0,False,3.0
LEVEL_PLUS_JUMP,threat,freight,physical_channel,b,6,0.0016088682377423907,0.0016888817411162616,0.9526233830197097,0.3407809253806766,-0.0011690950196248094,0.004386831495109591,-0.003009744482706527,0.006227480958191308,2.7347164742252814,219,True,1.0,0.1,0.3407809253806766,False,1.0
