measure,channel,outcome,family,battery,tau,horizon,beta,se,pvalue,ci_low,ci_high,nobs,converged
LEVEL,pooled,oil,asset_price,a,0.1,0,-0.043794486311782066,0.044942240546444474,0.3306423403213057,-0.11771789367792677,0.030128921054362642,303,True
LEVEL,pooled,oil,asset_price,a,0.1,1,-0.03165010282785374,0.044716389108733906,0.47964404675004957,-0.10520201763752801,0.041901811981820525,302,True
LEVEL,pooled,oil,asset_price,a,0.1,2,-0.023147644777903764,0.046924888419782235,0.6221839304413189,-0.10033221768947571,0.054036928133668186,301,True
LEVEL,pooled,oil,asset_price,a,0.1,3,0.04630693436294209,0.06983981460923587,0.5078358149621863,-0.06856933800267795,0.16118320672856212,300,True
LEVEL,pooled,oil,asset_price,a,0.1,4,0.024953032904527106,0.03877574376037028,0.5204031049649391,-0.03882738985745887,0.08873345566651308,299,True
LEVEL,pooled,oil,asset_price,a,0.1,5,-0.07632066555362371,0.03206144192944211,0.01795125657006974,-0.1290570445965606,-0.02358428651068685,298,True
LEVEL,pooled,oil,asset_price,a,0.1,6,-0.03799687890112935,0.04316700312838925,0.3794817472825068,-0.10900028056148596,0.03300652275922726,297,True
LEVEL,pooled,oil,asset_price,a,0.1,7,0.0006977230553388836,0.04565722690838764,0.9878181953742136,-0.07440173222146887,0.07579717833214664,296,True
LEVEL,pooled,oil,asset_price,a,0.1,8,0.011590977383491463,0.045453970705221884,0.798905982658759,-0.06317415119033871,0.08635610595732164,295,True
LEVEL,pooled,oil,asset_price,a,0.1,9,0.03828315252488501,0.03565532221374827,0.2838811807555964,-0.020364633538522227,0.09693093858829224,294,True
LEVEL,pooled,oil,asset_price,a,0.1,10,0.08251598046955166,0.037436555829269864,0.028329974524666575,0.020938325833205852,0.14409363510589748,293,True
LEVEL,pooled,oil,asset_price,a,0.1,11,-0.06983560034472269,0.037157291981121755,0.06122777247510352,-0.13095390682756566,-0.008717293861879721,292,True
LEVEL,pooled,oil,asset_price,a,0.1,12,-0.014123942135253031,0.07588839552291328,0.8524910756051237,-0.13894924475464482,0.11070136048413874,291,True
LEVEL,pooled,oil,asset_price,a,0.1,13,0.042433711623850456,0.040345631940377616,0.2938320303706983,-0.023928947404928833,0.10879637065262975,290,True
LEVEL,pooled,oil,asset_price,a,0.1,14,0.0380876928327083,0.041447696594909815,0.35893545313680936,-0.030087701240213302,0.1062630869056299,289,True
LEVEL,pooled,oil,asset_price,a,0.1,15,-0.06831829617482299,0.030161418220013197,0.02428824310097795,-0.1179294143280119,-0.018707178021634067,288,True
LEVEL,pooled,oil,asset_price,a,0.1,16,0.02406133701425972,0.037982894472124204,0.5269517315373119,-0.0384149647203288,0.08653763874884823,287,True
LEVEL,pooled,oil,asset_price,a,0.1,17,-0.06399472640100612,0.037172848603438426,0.08628896008977718,-0.12513862125048977,-0.0028508315515224578,286,True
LEVEL,pooled,oil,asset_price,a,0.1,18,-0.013708576793477256,0.07377957165179427,0.8527370682099593,-0.13506517281985708,0.10764801923290257,285,True
LEVEL,pooled,oil,asset_price,a,0.1,19,0.05982961627824368,0.039572237748728145,0.1317265834162074,-0.005260922509337768,0.12492015506582513,284,True
LEVEL,pooled,oil,asset_price,a,0.1,20,0.050485505856855184,0.039118012249779545,0.19795235982997975,-0.013857898471326818,0.11482891018503719,283,True
LEVEL,pooled,oil,asset_price,a,0.1,21,-0.025705136829742514,0.034564147676587116,0.4577133323977587,-0.08255810049806314,0.031147826838578106,282,True
LEVEL,pooled,oil,asset_price,a,0.1,22,-0.03718130236734396,0.04219653182348178,0.3790313299731854,-0.10658842078197119,0.032225816047283265,281,True
LEVEL,pooled,oil,asset_price,a,0.1,23,0.0003413176734727852,0.08312413989970781,0.9967268773604921,-0.13638572532778317,0.13706836067472875,280,True
LEVEL,pooled,oil,asset_price,a,0.1,24,0.07657204051922317,0.07372706773569848,0.2999431361483178,-0.044698194250337345,0.19784227528878368,279,True
LEVEL,pooled,dxy,asset_price,a,0.1,0,-0.009503849262614494,0.006582641653142999,0.14988559661270356,-0.02033133126070859,0.0013236327354796025,303,False
LEVEL,pooled,dxy,asset_price,a,0.1,1,-0.0016121757977538564,0.005454585057174708,0.7677764950134245,-0.010584169812562978,0.007359818217055265,302,True
LEVEL,pooled,dxy,asset_price,a,0.1,2,0.007182200016488061,0.00469753871850406,0.12738359217389855,-0.0005445635823883134,0.014908963615364434,301,True
LEVEL,pooled,dxy,asset_price,a,0.1,3,0.0020371254771305303,0.005107141276658684,0.69028087175728,-0.006363374375135077,0.010437625329396138,300,True
LEVEL,pooled,dxy,asset_price,a,0.1,4,0.010014370164695974,0.005710789877409882,0.08057616286738606,0.0006209567220805765,0.019407783607311373,299,True
LEVEL,pooled,dxy,asset_price,a,0.1,5,0.00041778625912125555,0.007189974338550184,0.9537044363107487,-0.011408669109331028,0.01224424162757354,298,True
LEVEL,pooled,dxy,asset_price,a,0.1,6,-0.004739851407757428,0.011540768508078595,0.6815996469679276,-0.023722726346077836,0.01424302353056298,297,True
LEVEL,pooled,dxy,asset_price,a,0.1,7,-0.021468182511621636,0.006141538637156222,0.0005492430638428529,-0.03157011461401065,-0.011366250409232623,296,True
LEVEL,pooled,dxy,asset_price,a,0.1,8,-0.010091461686757633,0.012276386828454645,0.41176123976479856,-0.030284321087400538,0.010101397713885272,295,True
LEVEL,pooled,dxy,asset_price,a,0.1,9,0.002001718804827135,0.006215459027294246,0.7476514450602197,-0.008221801519386075,0.012225239129040345,294,True
LEVEL,pooled,dxy,asset_price,a,0.1,10,0.0010526924606526489,0.005423241170581905,0.8462328649799363,-0.007867745448611546,0.009973130369916844,293,True
LEVEL,pooled,dxy,asset_price,a,0.1,11,5.746214979041042e-05,0.005850464271382346,0.99217049978228,-0.009565695226342843,0.009680619525923664,292,True
LEVEL,pooled,dxy,asset_price,a,0.1,12,0.004582764144459794,0.0046013868823149996,0.3201422941040452,-0.00298584375792296,0.012151372046842548,291,True
LEVEL,pooled,dxy,asset_price,a,0.1,13,-0.00538381842085478,0.005255893126543446,0.3065719430484924,-0.01402899329291908,0.0032613564512095194,290,True
LEVEL,pooled,dxy,asset_price,a,0.1,14,-0.0055515751658812285,0.00538983561885964,0.30391117773635706,-0.01441706583223474,0.0033139155004722823,289,True
LEVEL,pooled,dxy,asset_price,a,0.1,15,0.004507861207244002,0.01085046682091608,0.6781353221516683,-0.013339568497256423,0.022355290911744426,288,True
LEVEL,pooled,dxy,asset_price,a,0.1,16,0.010810646648258704,0.01067063558991911,0.3118993570089734,-0.006740987003697206,0.028362280300214614,287,True
LEVEL,pooled,dxy,asset_price,a,0.1,17,-0.0012025786196581123,0.005468208117505763,0.8260969555815972,-0.010196980574662949,0.007791823335346724,286,True
LEVEL,pooled,dxy,asset_price,a,0.1,18,-0.0060255565908420294,0.005705236905617508,0.2918426426863987,-0.015409836207664382,0.003358723025980323,285,False
LEVEL,pooled,dxy,asset_price,a,0.1,19,-0.008242987219057474,0.007209133410935751,0.25388163830361826,-0.02010095645721218,0.003614982019097235,284,True
LEVEL,pooled,dxy,asset_price,a,0.1,20,-0.0066449315772643125,0.00544136288515257,0.22308376063235863,-0.015595177054466645,0.0023053138999380197,283,True
LEVEL,pooled,dxy,asset_price,a,0.1,21,-0.006720951951349363,0.005718073805627418,0.24088291883271934,-0.01612634638971183,0.002684442487013102,282,True
LEVEL,pooled,dxy,asset_price,a,0.1,22,0.009130791932564719,0.005593642989413099,0.10378421052691786,-6.993202644309249e-05,0.01833151589157253,281,True
LEVEL,pooled,dxy,asset_price,a,0.1,23,-0.009718892692466174,0.01128313014702117,0.3898128699454691,-0.028277990238159443,0.008840204853227094,280,True
LEVEL,pooled,dxy,asset_price,a,0.1,24,0.0016177586251573395,0.010200761235567617,0.8741111611401453,-0.015161000490832036,0.018396517741146715,279,True
LEVEL,pooled,vix,asset_price,a,0.1,0,-1.4349267967045307,0.5442298636455619,0.00882642786641151,-2.3301052618172386,-0.539748331591823,303,False
LEVEL,pooled,vix,asset_price,a,0.1,1,-1.0490541458295866,0.9098080747841752,0.24984597176364892,-2.5455552574680738,0.4474469658089004,302,True
LEVEL,pooled,vix,asset_price,a,0.1,2,-0.7274755691041719,0.7163583925197003,0.31071381757711075,-1.9057802692373274,0.4508291310289836,301,True
LEVEL,pooled,vix,asset_price,a,0.1,3,0.17381335089885397,0.7828463974327537,0.824451011700934,-1.1138543852643048,1.4614810870620127,300,True
LEVEL,pooled,vix,asset_price,a,0.1,4,-0.3791714515386957,0.8042215082191266,0.6376612968613902,-1.7019981162053093,0.9436552131279179,299,True
LEVEL,pooled,vix,asset_price,a,0.1,5,0.1331631575430947,0.7399582192024958,0.857312014503171,-1.083959803104683,1.3502861181908725,298,True
LEVEL,pooled,vix,asset_price,a,0.1,6,1.2420537560319644,0.9875927394202116,0.2095523113534956,-0.3823917433543109,2.8664992554182396,297,True
LEVEL,pooled,vix,asset_price,a,0.1,7,-0.1725144018419087,1.092180034467989,0.8746059490238384,-1.9689906928205645,1.623961889136747,296,False
LEVEL,pooled,vix,asset_price,a,0.1,8,0.1348069769628637,0.8613807193519846,0.8757504795377903,-1.2820382234493164,1.5516521773750438,295,True
LEVEL,pooled,vix,asset_price,a,0.1,9,-0.9490630269210669,0.900657891019062,0.29290849809813185,-2.430513425606235,0.532387371764101,294,True
LEVEL,pooled,vix,asset_price,a,0.1,10,0.7445498164174182,0.9600955105876378,0.4387036953027858,-0.8346667663924834,2.3237663992273196,293,True
LEVEL,pooled,vix,asset_price,a,0.1,11,1.5056091656133503,0.9849076783258883,0.1274806674801723,-0.11441980129334084,3.1256381325200415,292,False
LEVEL,pooled,vix,asset_price,a,0.1,12,1.7024326028440555,1.3420447111583627,0.2056714767717644,-0.505034507835818,3.909899713523929,291,True
LEVEL,pooled,vix,asset_price,a,0.1,13,1.812318986550963,1.259835233334417,0.15141486767561446,-0.259925566360407,3.884563539462333,290,True
LEVEL,pooled,vix,asset_price,a,0.1,14,0.3995941585176297,1.2347763345997538,0.7464742617118979,-1.63143217392262,2.4306204909578795,289,True
LEVEL,pooled,vix,asset_price,a,0.1,15,-0.9031322412192822,1.2312280136823388,0.46386754961000176,-2.928322105128934,1.1220576226903698,288,False
LEVEL,pooled,vix,asset_price,a,0.1,16,-0.23824754008273885,1.545895525334589,0.8776319845681528,-2.781019401817389,2.304524321651911,287,True
LEVEL,pooled,vix,asset_price,a,0.1,17,-0.7314802560504177,1.3373759094214934,0.5848602352475328,-2.9312678712598847,1.4683073591590494,286,True
LEVEL,pooled,vix,asset_price,a,0.1,18,-0.3671651732220198,1.09618493523921,0.7379232711948559,-2.1702289397597987,1.4358985933157593,285,True
LEVEL,pooled,vix,asset_price,a,0.1,19,-0.05407282576288708,1.0401975909420862,0.9585804977212259,-1.7650456059701614,1.6568999544443872,284,True
LEVEL,pooled,vix,asset_price,a,0.1,20,-1.1923034826768344,1.326308292538942,0.3694757822965461,-3.3738864881153274,0.9892795227616586,283,True
LEVEL,pooled,vix,asset_price,a,0.1,21,-0.7502694771901588,1.2251540359398427,0.5408003985308067,-2.7654685367800433,1.2649295823997257,282,True
LEVEL,pooled,vix,asset_price,a,0.1,22,-0.7491648990039721,1.347302188058618,0.5786436037283972,-2.9652797896318446,1.4669499916239004,281,False
LEVEL,pooled,vix,asset_price,a,0.1,23,-1.0280031609217986,1.2211333560417887,0.40063178156232726,-3.0365887905985582,0.9805824687549611,280,True
LEVEL,pooled,vix,asset_price,a,0.1,24,-1.8253421393765166,1.0420599847593652,0.08098787538431602,-3.5393782848089543,-0.11130599394407881,279,True
LEVEL,pooled,us10y,asset_price,a,0.1,0,-0.034682164295475104,0.07789560354846982,0.6564803220658307,-0.16280903031574964,0.09344470172479943,303,True
LEVEL,pooled,us10y,asset_price,a,0.1,1,-0.08876888857457743,0.101880824368986,0.3843154178200337,-0.25634793205470996,0.07881015490555512,302,True
LEVEL,pooled,us10y,asset_price,a,0.1,2,0.08126000279804657,0.09076386741921394,0.37138221504757446,-0.06803327372259005,0.2305532793186832,301,True
LEVEL,pooled,us10y,asset_price,a,0.1,3,-0.031308420663840764,0.15218275245931745,0.8371488874692731,-0.28162677300600714,0.2190099316783256,300,True
LEVEL,pooled,us10y,asset_price,a,0.1,4,-0.09994769074752341,0.07577181010619502,0.18820731583154254,-0.22458122742137648,0.024685845926329678,299,True
LEVEL,pooled,us10y,asset_price,a,0.1,5,-0.03942593479263223,0.09060668138358322,0.6637965539786325,-0.18846066329245553,0.10960879370719107,298,True
LEVEL,pooled,us10y,asset_price,a,0.1,6,-0.08642551226353135,0.17360893895947932,0.6189995088309138,-0.37198680518222765,0.19913578065516496,297,True
LEVEL,pooled,us10y,asset_price,a,0.1,7,-0.07085399368605749,0.09155540238381747,0.43964294679283095,-0.22144922936408112,0.07974124199196614,296,True
LEVEL,pooled,us10y,asset_price,a,0.1,8,-0.14891788163606634,0.09119939995753239,0.10361374846160015,-0.2989275454320114,0.0010917821598787347,295,True
LEVEL,pooled,us10y,asset_price,a,0.1,9,-0.08253985775182215,0.10607901546435197,0.4371683016443112,-0.2570243110818028,0.09194459557815848,294,True
LEVEL,pooled,us10y,asset_price,a,0.1,10,-0.004903980782490436,0.1814650836333799,0.9784596107504512,-0.3033874817619076,0.29357952019692674,293,True
LEVEL,pooled,us10y,asset_price,a,0.1,11,-0.042451687197399224,0.10072881103291967,0.6737555978817944,-0.2081358373634066,0.12323246296860815,292,True
LEVEL,pooled,us10y,asset_price,a,0.1,12,0.033957419254875276,0.0883387820187305,0.7009770082281188,-0.11134694674910908,0.17926178525885963,291,False
LEVEL,pooled,us10y,asset_price,a,0.1,13,-0.1148809240621631,0.0876958992240132,0.19128780352426453,-0.259127841969552,0.029365993845225813,290,False
LEVEL,pooled,us10y,asset_price,a,0.1,14,0.04317848727424689,0.20153733476247257,0.8305143109872676,-0.2883209287759391,0.3746779033244329,289,False
LEVEL,pooled,us10y,asset_price,a,0.1,15,0.02717703266011995,0.11396929107474613,0.8117031517055289,-0.16028576912526427,0.21463983444550416,288,True
LEVEL,pooled,us10y,asset_price,a,0.1,16,-0.08492778919639932,0.09672451360273995,0.38069523576633363,-0.24402545621098315,0.07416987781818452,287,True
LEVEL,pooled,us10y,asset_price,a,0.1,17,0.17810651381199705,0.08823807741650082,0.0445229527792006,0.03296779213824089,0.32324523548575324,286,True
LEVEL,pooled,us10y,asset_price,a,0.1,18,-0.013365613283895073,0.09380481049301431,0.8868041915037476,-0.16766079604882517,0.14092956948103502,285,True
LEVEL,pooled,us10y,asset_price,a,0.1,19,-0.11826066106277722,0.15137899207550295,0.4353561435594761,-0.3672569452224264,0.13073562309687198,284,False
LEVEL,pooled,us10y,asset_price,a,0.1,20,-0.27250711721936427,0.07851875718679664,0.000604726022424441,-0.40165897976178866,-0.14335525467693985,283,True
LEVEL,pooled,us10y,asset_price,a,0.1,21,0.0747175084646301,0.08982744937106642,0.40626841993247537,-0.07303549743316823,0.22247051436242843,282,True
LEVEL,pooled,us10y,asset_price,a,0.1,22,-0.19827984248078678,0.0841034358112046,0.01911672274048986,-0.336617683913927,-0.059942001047646576,281,True
LEVEL,pooled,us10y,asset_price,a,0.1,23,-0.11628428422626413,0.16098087569499067,0.47071484511074535,-0.3810742614829936,0.14850569303046535,280,True
LEVEL,pooled,us10y,asset_price,a,0.1,24,0.292048856956292,0.17016647766441415,0.08728422695883534,0.012149908984423696,0.5719478049281603,279,True
LEVEL,pooled,ip,real_macro,a,0.1,0,-0.0305027040864303,0.2098275493075736,0.8845198090603841,-0.3756383095993316,0.314632901426471,303,True
LEVEL,pooled,ip,real_macro,a,0.1,1,-0.28745577458562366,0.226294215226148,0.20501212273820457,-0.6596766352584903,0.08476508608724298,302,True
LEVEL,pooled,ip,real_macro,a,0.1,2,0.07399215902177048,0.24024092662917174,0.7583122186036019,-0.3211690004864052,0.46915331852994613,301,True
LEVEL,pooled,ip,real_macro,a,0.1,3,0.400458771909058,0.2012960163212244,0.04760913170300742,0.06935628937220928,0.7315612544459067,300,True
LEVEL,pooled,ip,real_macro,a,0.1,4,0.04715086152069148,0.25601288562588426,0.8540081011389861,-0.37395286194735666,0.4682545849887396,299,True
LEVEL,pooled,ip,real_macro,a,0.1,5,0.09156639756966456,0.210179603220381,0.663415913633967,-0.2541482850986005,0.4372810802379296,298,True
LEVEL,pooled,ip,real_macro,a,0.1,6,0.45833083845508327,0.17359640583543728,0.008745335947683784,0.17279016069092457,0.743871516219242,297,True
LEVEL,pooled,ip,real_macro,a,0.1,7,0.47840576275561375,0.14651449748115744,0.0012286647142491396,0.23741086017275959,0.7194006653384679,296,True
LEVEL,pooled,ip,real_macro,a,0.1,8,-0.49921223908823364,0.2164342967711298,0.021808587970056695,-0.8552149771289178,-0.14320950104754948,295,True
LEVEL,pooled,ip,real_macro,a,0.1,9,-0.007295357761904597,0.23104877568845086,0.9748335008746515,-0.38733677445575015,0.37274605893194096,294,False
LEVEL,pooled,ip,real_macro,a,0.1,10,0.01364034416371851,0.23852475657486483,0.954437738657685,-0.3786979668061649,0.40597865513360193,293,True
LEVEL,pooled,ip,real_macro,a,0.1,11,0.39349584764105217,0.4446271801836856,0.37692047896336073,-0.33785078232528876,1.124842477607393,292,True
LEVEL,pooled,ip,real_macro,a,0.1,12,0.15445412954569093,0.4308699119764563,0.7202643257872725,-0.5542638079130447,0.8631720670044266,291,True
LEVEL,pooled,ip,real_macro,a,0.1,13,0.40832177410334225,0.2094635624250844,0.05226412043394616,0.06378487373426606,0.7528586744724184,290,True
LEVEL,pooled,ip,real_macro,a,0.1,14,-0.33078594639258085,0.2538052126438776,0.19356030434476837,-0.7482583709490527,0.08668647816389091,289,True
LEVEL,pooled,ip,real_macro,a,0.1,15,-0.03650734747145634,0.2692006847458341,0.8922261133401062,-0.4793030701534614,0.4062883752105487,288,True
LEVEL,pooled,ip,real_macro,a,0.1,16,0.037151538124106764,0.260460545681098,0.886681400616867,-0.39126793511720687,0.4655710113654204,287,True
LEVEL,pooled,ip,real_macro,a,0.1,17,0.19698313404131085,0.20597093325556037,0.3397377168598699,-0.14180890257067724,0.5357751706532989,286,True
LEVEL,pooled,ip,real_macro,a,0.1,18,0.004232559996186325,0.43806725167185867,0.9922981514458731,-0.7163239477649338,0.7247890677573064,285,True
LEVEL,pooled,ip,real_macro,a,0.1,19,0.2298452388343435,0.24702599494922786,0.35296950690396955,-0.17647636490919,0.636166842577877,284,True
LEVEL,pooled,ip,real_macro,a,0.1,20,0.048566837884472136,0.2024863327751888,0.8106273310559583,-0.2844935409888999,0.38162721675784417,283,True
LEVEL,pooled,ip,real_macro,a,0.1,21,-0.2754581084318488,0.21792081393986182,0.207318111345229,-0.6339059496290474,0.08298973276534982,282,False
LEVEL,pooled,ip,real_macro,a,0.1,22,0.17236185661031733,0.46952274480252876,0.7138351187543716,-0.5999343331143325,0.9446580463349672,281,True
LEVEL,pooled,ip,real_macro,a,0.1,23,0.24389298845835583,0.27443043252962857,0.37495423817354623,-0.207504903833865,0.6952908807505767,280,False
LEVEL,pooled,ip,real_macro,a,0.1,24,0.16280629016876347,0.26078130611170175,0.5329663605394135,-0.26614078703021127,0.5917533673677382,279,True
LEVEL,pooled,cpi,real_macro,a,0.1,0,-0.1537184862406047,0.20032411870123332,0.44350056440652136,-0.48322233945218557,0.1757853669709762,303,True
LEVEL,pooled,cpi,real_macro,a,0.1,1,0.054274436703499074,0.11165124559646947,0.6272610596032365,-0.12937551956950333,0.23792439297650148,302,True
LEVEL,pooled,cpi,real_macro,a,0.1,2,-0.1830594218313557,0.11509146717037687,0.11281041168387047,-0.3723680390377164,0.0062491953750049845,301,True
LEVEL,pooled,cpi,real_macro,a,0.1,3,-0.00726406644423605,0.08506663107942104,0.9320089701200905,-0.14718622310776458,0.13265809021929248,300,False
LEVEL,pooled,cpi,real_macro,a,0.1,4,-0.029283913601517497,0.08875482444529453,0.7416864317936149,-0.1752726084998014,0.1167047812967664,299,True
LEVEL,pooled,cpi,real_macro,a,0.1,5,0.028008595450096152,0.07583436391593631,0.712150212081272,-0.09672783308458954,0.15274502398478185,298,True
LEVEL,pooled,cpi,real_macro,a,0.1,6,0.16137075720367267,0.0897025977407171,0.07309145659600427,0.013823113962885214,0.3089184004444601,297,True
LEVEL,pooled,cpi,real_macro,a,0.1,7,0.018172555682910208,0.10824356715635741,0.8667934742725997,-0.15987226834838952,0.19621737971420994,296,True
LEVEL,pooled,cpi,real_macro,a,0.1,8,0.18388861150944003,0.09489782885275448,0.053655040887534595,0.02779557353116674,0.3399816494877133,295,True
LEVEL,pooled,cpi,real_macro,a,0.1,9,-0.11676804812671104,0.10396057253228949,0.26231658805018815,-0.287767972916399,0.054231876662976936,294,True
LEVEL,pooled,cpi,real_macro,a,0.1,10,0.18581972064783958,0.17983358330895896,0.3023643915165773,-0.10998020110558132,0.4816196424012605,293,True
LEVEL,pooled,cpi,real_macro,a,0.1,11,0.09921132939633193,0.18703034572559335,0.5962194152293526,-0.20842621312039805,0.4068488719130619,292,True
LEVEL,pooled,cpi,real_macro,a,0.1,12,0.1390156496578343,0.08825465307300033,0.11635973292162467,-0.006150336544634177,0.28418163586030276,291,True
LEVEL,pooled,cpi,real_macro,a,0.1,13,-0.017420367066478093,0.09485674081894033,0.8544234893418249,-0.17344582124330785,0.13860508711035166,290,True
LEVEL,pooled,cpi,real_macro,a,0.1,14,-0.018579703239367973,0.10951439182106652,0.8654059193444426,-0.1987148478296339,0.16155544135089794,289,False
LEVEL,pooled,cpi,real_macro,a,0.1,15,0.06358715927898473,0.11282171683862666,0.5734822862863522,-0.1219880508619223,0.24916236941989175,288,True
LEVEL,pooled,cpi,real_macro,a,0.1,16,0.03244229895614392,0.08185422281882804,0.6921620644233817,-0.10219591632869934,0.1670805142409872,287,True
LEVEL,pooled,cpi,real_macro,a,0.1,17,-0.05135918901034309,0.10891715514859966,0.6376305928934722,-0.23051196669375346,0.12779358867306728,286,True
LEVEL,pooled,cpi,real_macro,a,0.1,18,-0.11408244282319757,0.2068694317827095,0.5817654186270308,-0.45435237799637745,0.2261874923499823,285,True
LEVEL,pooled,cpi,real_macro,a,0.1,19,0.014501252992106473,0.10026058300867599,0.8851064646521322,-0.15041273060998336,0.1794152365941963,284,False
LEVEL,pooled,cpi,real_macro,a,0.1,20,0.11409667530894296,0.2230042279067978,0.6093265086182602,-0.2527126377890661,0.48090598840695203,283,False
LEVEL,pooled,cpi,real_macro,a,0.1,21,0.16375776298121014,0.08388272741342725,0.051952950164274654,0.025782954556652637,0.30173257140576765,282,True
LEVEL,pooled,cpi,real_macro,a,0.1,22,0.146807988459841,0.09023310868998673,0.10491964193039537,-0.0016122676399900615,0.29522824455967206,281,False
LEVEL,pooled,cpi,real_macro,a,0.1,23,-0.012573786017014754,0.0908646970885694,0.8900454167354896,-0.162032912584995,0.1368853405509655,280,True
LEVEL,pooled,cpi,real_macro,a,0.1,24,-0.0649305901531898,0.10561064157588884,0.5392070497501971,-0.23864463699396252,0.10878345668758291,279,True
LEVEL,pooled,infl_exp,real_macro,a,0.1,0,-0.46109227636696914,0.21887027281884475,0.036006124592777064,-0.8211018384449041,-0.10108271428903415,303,True
LEVEL,pooled,infl_exp,real_macro,a,0.1,1,-0.20607346396491266,0.12067440870108116,0.08877307572066775,-0.4045652027971103,-0.007581725132715017,302,True
LEVEL,pooled,infl_exp,real_macro,a,0.1,2,-0.12974110675675377,0.0926017947916771,0.16227507421116505,-0.2820575047820598,0.02257529126855226,301,True
LEVEL,pooled,infl_exp,real_macro,a,0.1,3,-0.004602109325958281,0.1288408981757012,0.9715310823293604,-0.21652652798994573,0.20732230933802917,300,True
LEVEL,pooled,infl_exp,real_macro,a,0.1,4,-0.08370595761621757,0.1106667438504153,0.45004699726212677,-0.2657365526214827,0.09832463738904756,299,True
LEVEL,pooled,infl_exp,real_macro,a,0.1,5,-0.08835532986009298,0.13360564121360527,0.5089468764723131,-0.30811705339146866,0.13140639367128273,298,True
LEVEL,pooled,infl_exp,real_macro,a,0.1,6,0.17945240588392153,0.1405824041073083,0.20282792283585058,-0.05178507139754207,0.41068988316538513,297,True
LEVEL,pooled,infl_exp,real_macro,a,0.1,7,0.15618483219350665,0.12584213250191895,0.21559389632395912,-0.05080705587558246,0.36317672026259573,296,True
LEVEL,pooled,infl_exp,real_macro,a,0.1,8,0.024491642165230587,0.12854199299790833,0.8490281471607711,-0.18694112123294968,0.23592440556341085,295,False
LEVEL,pooled,infl_exp,real_macro,a,0.1,9,0.0528679338724487,0.15820720531945723,0.7385022325878816,-0.20735976160711678,0.3130956293520142,294,True
LEVEL,pooled,infl_exp,real_macro,a,0.1,10,0.01358690944542218,0.2602898908910761,0.9584073688365035,-0.41455186164556734,0.4417256805364117,293,True
LEVEL,pooled,infl_exp,real_macro,a,0.1,11,0.029708506762062825,0.11179405730105585,0.7906339821937228,-0.1541763538611996,0.21359336738532525,292,True
LEVEL,pooled,infl_exp,real_macro,a,0.1,12,-0.07403442513236769,0.1267727876066617,0.5597002568198389,-0.2825571046259338,0.13448825436119843,291,True
LEVEL,pooled,infl_exp,real_macro,a,0.1,13,-0.25316346550558677,0.11970597771393257,0.03533667416627537,-0.4500622771161209,-0.05626465389505267,290,True
LEVEL,pooled,infl_exp,real_macro,a,0.1,14,-0.18269107673260265,0.1154594981926653,0.11473143701760365,-0.3726050511008051,0.007222897635599801,289,True
LEVEL,pooled,infl_exp,real_macro,a,0.1,15,-0.4302155805516463,0.127697686526863,0.0008626856351614857,-0.6402595833886691,-0.22017157771462356,288,True
LEVEL,pooled,infl_exp,real_macro,a,0.1,16,-0.09312657853092787,0.12509366930785384,0.4572417259942958,-0.2988873542006193,0.11263419713876358,287,True
LEVEL,pooled,infl_exp,real_macro,a,0.1,17,0.42376197288089656,0.10474775860702681,6.80642302317305e-05,0.2514672422210912,0.596056703540702,286,True
LEVEL,pooled,infl_exp,real_macro,a,0.1,18,-0.13713463131700365,0.26426077375861023,0.6042283425751294,-0.5718049234948561,0.2975356608608488,285,True
LEVEL,pooled,infl_exp,real_macro,a,0.1,19,0.03525016772910883,0.262857717629054,0.8934205536031201,-0.3971123024852266,0.46761263794344426,284,True
LEVEL,pooled,infl_exp,real_macro,a,0.1,20,-0.23694108984074802,0.13122436751698516,0.07209588538755851,-0.452785966695474,-0.021096212986022017,283,True
LEVEL,pooled,infl_exp,real_macro,a,0.1,21,-0.06943036242784473,0.1033091455875966,0.5021218806367369,-0.23935878524486068,0.10049806038917122,282,True
LEVEL,pooled,infl_exp,real_macro,a,0.1,22,0.20985733642565663,0.10640352812356156,0.04960973079353399,0.03483910727118342,0.3848755655801298,281,True
LEVEL,pooled,infl_exp,real_macro,a,0.1,23,-0.16162966666161083,0.11741057710208631,0.16978757519955723,-0.35475288025044294,0.03149354692722131,280,False
LEVEL,pooled,infl_exp,real_macro,a,0.1,24,0.10559088454950327,0.20981488058585396,0.6152013746100241,-0.23952388277052866,0.4507056518695352,279,True
LEVEL,pooled,freight,physical_channel,a,0.1,0,-0.025263899991763594,0.010119350500541163,0.013096168209469709,-0.04190875036497192,-0.008619049618555266,303,True
LEVEL,pooled,freight,physical_channel,a,0.1,1,-0.010003775328956799,0.01583161878368485,0.527962751857834,-0.03604447090581388,0.01603692024790028,302,True
LEVEL,pooled,freight,physical_channel,a,0.1,2,-0.0029855094687505357,0.01622668199891788,0.854153052093577,-0.029676026208058773,0.0237050072705577,301,True
LEVEL,pooled,freight,physical_channel,a,0.1,3,0.00625163452438926,0.016765261131162112,0.7095049089270178,-0.021324766053991282,0.0338280351027698,300,True
LEVEL,pooled,freight,physical_channel,a,0.1,4,-0.020513800342863153,0.011123705923874926,0.0661988572985753,-0.0388106683768904,-0.002216932308835906,299,True
LEVEL,pooled,freight,physical_channel,a,0.1,5,0.008489155265847037,0.019097073025633515,0.657000526340509,-0.022922734564523373,0.03990104509621745,298,True
LEVEL,pooled,freight,physical_channel,a,0.1,6,0.018927935591201428,0.009124728338386191,0.038950176638760936,0.003919093088860022,0.033936778093542834,297,True
LEVEL,pooled,freight,physical_channel,a,0.1,7,0.004181794181042253,0.008730557456204343,0.6323214613244387,-0.01017869491610368,0.018542283278188187,296,True
LEVEL,pooled,freight,physical_channel,a,0.1,8,0.009665075288125546,0.008448842543138213,0.25361684839900495,-0.004232034012497244,0.023562184588748335,295,True
LEVEL,pooled,freight,physical_channel,a,0.1,9,0.00872729726751853,0.00916721750824259,0.34191217684428976,-0.0063514336999673324,0.02380602823500439,294,True
LEVEL,pooled,freight,physical_channel,a,0.1,10,-0.01946903438992731,0.01120324818282303,0.08334898537494172,-0.03789673779708126,-0.0010413309827733593,293,True
LEVEL,pooled,freight,physical_channel,a,0.1,11,0.017608482145293314,0.007184803018202988,0.014870279351765296,0.005790532841870245,0.029426431448716383,292,True
LEVEL,pooled,freight,physical_channel,a,0.1,12,-0.002463392552100707,0.008229394220613463,0.764904584590758,-0.015999541483490247,0.01107275637928883,291,True
LEVEL,pooled,freight,physical_channel,a,0.1,13,-0.006387314925417442,0.007766222808174358,0.4115319037914608,-0.01916161467915628,0.006386984828321398,290,True
LEVEL,pooled,freight,physical_channel,a,0.1,14,-0.00018581907143744303,0.007715174022247766,0.9808023676827304,-0.01287615104449346,0.012504512901618574,289,True
LEVEL,pooled,freight,physical_channel,a,0.1,15,-0.002138070924225133,0.007485312985760722,0.7753731421644688,-0.014450315137720611,0.010174173289270345,288,True
LEVEL,pooled,freight,physical_channel,a,0.1,16,-0.03422068019542657,0.008259171379748173,4.5693033962370904e-05,-0.047805808195019145,-0.02063555219583399,287,True
LEVEL,pooled,freight,physical_channel,a,0.1,17,-0.011923950140301898,0.011475105021294164,0.29967421067287014,-0.030798818254226652,0.006950917973622857,286,True
LEVEL,pooled,freight,physical_channel,a,0.1,18,-0.025212385402282766,0.010960355573813876,0.02218961626827131,-0.04324056602054831,-0.007184204784017229,285,True
LEVEL,pooled,freight,physical_channel,a,0.1,19,-0.002754567705524069,0.009282501982813171,0.7668867443153579,-0.018022924759138546,0.012513789348090408,284,True
LEVEL,pooled,freight,physical_channel,a,0.1,20,-0.019708656460275087,0.009923837401673668,0.04804920346671474,-0.03603191640369469,-0.003385396516855481,283,True
LEVEL,pooled,freight,physical_channel,a,0.1,21,0.020196040648357894,0.007956278070621846,0.011703242186877391,0.00710912780686109,0.033282953489854696,282,True
LEVEL,pooled,freight,physical_channel,a,0.1,22,-0.0010829854830984864,0.00886847326514166,0.9028987425035824,-0.01567032589878891,0.013504354932591939,281,True
LEVEL,pooled,freight,physical_channel,a,0.1,23,0.010407384319073731,0.010348397279786991,0.3154738196694693,-0.00661421447971865,0.027428983117866113,280,True
LEVEL,pooled,freight,physical_channel,a,0.1,24,-0.013454645423449207,0.010330783714727414,0.19391597259397017,-0.030447272485869797,0.003537981638971382,279,True
LEVEL,pooled,oil,asset_price,a,0.25,0,-0.010641642367218207,0.02758257037573881,0.6999209432646354,-0.05601093329039642,0.03472764855596001,303,True
LEVEL,pooled,oil,asset_price,a,0.25,1,-0.02025827872660102,0.029455816762905568,0.4921628702047377,-0.06870878576388421,0.028192228310682174,302,True
LEVEL,pooled,oil,asset_price,a,0.25,2,0.021569662663918354,0.02900152171014023,0.4576407465902461,-0.02613359550811767,0.06927292083595438,301,True
LEVEL,pooled,oil,asset_price,a,0.25,3,-0.011473461632228066,0.028402633177779177,0.6865457317812005,-0.058191635829670366,0.035244712565214234,300,True
LEVEL,pooled,oil,asset_price,a,0.25,4,-0.0013285205085935559,0.02836378019157663,0.962674646967456,-0.0479827872307627,0.04532574621357559,299,True
LEVEL,pooled,oil,asset_price,a,0.25,5,-0.045055894096321936,0.028595298527973864,0.11622206663836383,-0.09209097459381985,0.0019791864011759683,298,True
LEVEL,pooled,oil,asset_price,a,0.25,6,-0.05393092524947818,0.03253135649192686,0.0984631103910217,-0.10744024496487539,-0.00042160553408096546,297,True
LEVEL,pooled,oil,asset_price,a,0.25,7,-0.028547433353398155,0.034439484049027136,0.40785308550885874,-0.08519534360177781,0.028100476894981505,296,True
LEVEL,pooled,oil,asset_price,a,0.25,8,-0.006871415316865637,0.034133143354186456,0.840600174660102,-0.06301543996225377,0.049272609328522496,295,True
LEVEL,pooled,oil,asset_price,a,0.25,9,3.057963483144022e-05,0.03434883126545558,0.9992903036491179,-0.056468220053697296,0.05652937932336018,294,True
LEVEL,pooled,oil,asset_price,a,0.25,10,0.05703643965527405,0.040663947348001606,0.16183919254654006,-0.009849801626250085,0.12392268093679819,293,True
LEVEL,pooled,oil,asset_price,a,0.25,11,-0.008439579327031765,0.03168160445083371,0.7901383628842805,-0.0605511813156275,0.04367202266156397,292,True
LEVEL,pooled,oil,asset_price,a,0.25,12,-0.006503408516174147,0.04668584416700241,0.8893131233413308,-0.0832947886215593,0.070287971589211,291,True
LEVEL,pooled,oil,asset_price,a,0.25,13,0.024012409275132263,0.03538980493858095,0.49801558489557674,-0.03419863973519774,0.08222345828546226,290,True
LEVEL,pooled,oil,asset_price,a,0.25,14,0.004998574210112849,0.03444349415440953,0.8847193557493247,-0.0516559320746495,0.061653080494875195,289,True
LEVEL,pooled,oil,asset_price,a,0.25,15,0.003591609159627751,0.027890213118462553,0.897628828343351,-0.04228370904472491,0.04946692736398041,288,False
LEVEL,pooled,oil,asset_price,a,0.25,16,-0.015592121943726056,0.032368777747035136,0.6304031971813138,-0.0688340234209229,0.03764977953347079,287,True
LEVEL,pooled,oil,asset_price,a,0.25,17,-0.06578141338793841,0.04447234848156772,0.14025656432177241,-0.13893191708689487,0.0073690903110180395,286,True
LEVEL,pooled,oil,asset_price,a,0.25,18,-0.0508210984512516,0.042036423625360635,0.2277251507906678,-0.1199648623154946,0.018322665412991393,285,False
LEVEL,pooled,oil,asset_price,a,0.25,19,0.07655983833424074,0.03261984130039116,0.01964632557597022,0.02290497406071091,0.13021470260777057,284,True
LEVEL,pooled,oil,asset_price,a,0.25,20,0.0350062382718086,0.036262151366870686,0.33522872253137426,-0.024639692925051936,0.09465216946866914,283,True
LEVEL,pooled,oil,asset_price,a,0.25,21,0.003412912698051329,0.03433927422242212,0.9209044907564501,-0.053070167053580884,0.05989599244968354,282,True
LEVEL,pooled,oil,asset_price,a,0.25,22,-0.00710994246821528,0.031144068032108445,0.8195939620784988,-0.05833737572885225,0.04411749079242169,281,True
LEVEL,pooled,oil,asset_price,a,0.25,23,0.004556067897886429,0.045489272685844455,0.9202951489055231,-0.07026712726680936,0.07937926306258222,280,True
LEVEL,pooled,oil,asset_price,a,0.25,24,0.028477065622173114,0.04601728528646423,0.5365572366363288,-0.04721463298372819,0.10416876422807442,279,True
LEVEL,pooled,dxy,asset_price,a,0.25,0,-0.006317398567968868,0.005750350502165705,0.2728521592235896,-0.015775883447698348,0.0031410863117606116,303,True
LEVEL,pooled,dxy,asset_price,a,0.25,1,0.0027021807685843058,0.0066285522477426495,0.6838278155280394,-0.008200817437552525,0.013605178974721136,302,True
LEVEL,pooled,dxy,asset_price,a,0.25,2,0.0023561616313034772,0.005080163386680628,0.6431451655801828,-0.005999963540784229,0.010712286803391183,301,True
LEVEL,pooled,dxy,asset_price,a,0.25,3,-0.0028531207920903245,0.004700787399225951,0.5443687397343168,-0.010585227995234908,0.004878986411054258,300,True
LEVEL,pooled,dxy,asset_price,a,0.25,4,0.0032379174748813355,0.004515770005318723,0.47394622694039684,-0.004189863196845834,0.010665698146608504,299,True
LEVEL,pooled,dxy,asset_price,a,0.25,5,-0.0014785176302662961,0.0048271236350018575,0.7596054464241146,-0.009418429449042276,0.006461394188509684,298,False
LEVEL,pooled,dxy,asset_price,a,0.25,6,-0.005245505228556158,0.006575101854982802,0.42566525371631836,-0.016060585362299973,0.005569574905187658,297,True
LEVEL,pooled,dxy,asset_price,a,0.25,7,-0.015128309324416,0.005781601360539291,0.009359046096730349,-0.02463819729188662,-0.005618421356945381,296,True
LEVEL,pooled,dxy,asset_price,a,0.25,8,-0.014035149221671928,0.00669921650393716,0.03706228490292425,-0.025054379785906127,-0.0030159186574377286,295,True
LEVEL,pooled,dxy,asset_price,a,0.25,9,-0.009381334543404396,0.0053419190640161115,0.08015211018443236,-0.01816800949073251,-0.0005946595960762812,294,True
LEVEL,pooled,dxy,asset_price,a,0.25,10,0.0014549995629249968,0.006924878908434008,0.833733682593933,-0.009935412625812434,0.012845411751662428,293,True
LEVEL,pooled,dxy,asset_price,a,0.25,11,0.001096659538563749,0.004475217566081472,0.8065972138717088,-0.006264418306402299,0.008457737383529798,292,True
LEVEL,pooled,dxy,asset_price,a,0.25,12,0.011511913926090411,0.006115097104119245,0.06081077585097387,0.0014534742752194268,0.021570353576961396,291,True
LEVEL,pooled,dxy,asset_price,a,0.25,13,-0.0054714743185031445,0.0044532716899244274,0.22025283973481577,-0.01279645440947565,0.001853505772469362,290,False
LEVEL,pooled,dxy,asset_price,a,0.25,14,-0.007935992073539788,0.006949124985433296,0.2544419310361258,-0.019366285509968842,0.0034943013628892655,289,True
LEVEL,pooled,dxy,asset_price,a,0.25,15,-0.001006160552331714,0.007093910890898064,0.8873150457509104,-0.012674605610495944,0.010662284505832516,288,False
LEVEL,pooled,dxy,asset_price,a,0.25,16,0.0037191381212489105,0.006663943356591445,0.5772343837398264,-0.007242073278639696,0.014680349521137517,287,True
LEVEL,pooled,dxy,asset_price,a,0.25,17,0.0019415390180537173,0.004749871923315273,0.6830403122436461,-0.005871305042566374,0.009754383078673809,286,False
LEVEL,pooled,dxy,asset_price,a,0.25,18,-0.01899579070804802,0.004776076716548469,8.950668236597366e-05,-0.026851737817861248,-0.011139843598234795,285,True
LEVEL,pooled,dxy,asset_price,a,0.25,19,-0.010705551605773633,0.007776744909270036,0.16977304553212394,-0.02349715867566285,0.0020860554641155844,284,True
LEVEL,pooled,dxy,asset_price,a,0.25,20,-0.0073623995845713,0.0054369532732575715,0.1768279596406217,-0.016305391895654695,0.0015805927265120957,283,True
LEVEL,pooled,dxy,asset_price,a,0.25,21,-0.004362828857343626,0.005111724956769561,0.39414735467625384,-0.012770868192464396,0.004045210477777145,282,True
LEVEL,pooled,dxy,asset_price,a,0.25,22,0.0011265265224407184,0.0056301674035314254,0.8415644050609767,-0.0081342747516019,0.010387327796483336,281,True
LEVEL,pooled,dxy,asset_price,a,0.25,23,-0.010381942350725204,0.007107727128107161,0.1452900859809188,-0.022073113096773636,0.0013092283953232298,280,True
LEVEL,pooled,dxy,asset_price,a,0.25,24,-0.002226011041338141,0.006902037557381071,0.7473168341700527,-0.013578852550951676,0.009126830468275393,279,True
LEVEL,pooled,vix,asset_price,a,0.25,0,-1.5817574137327028,0.7962860117184309,0.0479311732249868,-2.8915313481984866,-0.2719834792669191,303,True
LEVEL,pooled,vix,asset_price,a,0.25,1,-1.7848615206709155,0.8450660049718356,0.03553899489843996,-3.1748714039622303,-0.39485163737960094,302,True
LEVEL,pooled,vix,asset_price,a,0.25,2,-0.24770982743484637,0.8938639807072426,0.7818855324518137,-1.7179852381024352,1.2225655832327424,301,True
LEVEL,pooled,vix,asset_price,a,0.25,3,-0.7732747498330355,0.8973090845775525,0.3895356249463222,-2.249216852096928,0.7026673524308571,300,True
LEVEL,pooled,vix,asset_price,a,0.25,4,-1.6162646030788892,0.9534118811141579,0.09112155374839655,-3.1844875937081376,-0.04804161244964078,299,True
LEVEL,pooled,vix,asset_price,a,0.25,5,-0.9445596871883026,0.9136672613566366,0.3021038287648841,-2.447408595857585,0.5582892214809796,298,True
LEVEL,pooled,vix,asset_price,a,0.25,6,0.30057932937347687,1.08032107120808,0.781037845626181,-1.4763907028752332,2.0775493616221867,297,True
LEVEL,pooled,vix,asset_price,a,0.25,7,0.03692290501339812,1.1262305416551368,0.9738696309536149,-1.8155614862115748,1.889407296238371,296,True
LEVEL,pooled,vix,asset_price,a,0.25,8,0.7106981188389909,1.0673065098589094,0.5060340171480234,-1.0448648649713534,2.4662611026493355,295,True
LEVEL,pooled,vix,asset_price,a,0.25,9,1.3639811811372056,1.068447474807492,0.20280088366664192,-0.3934585230070393,3.1214208852814505,294,True
LEVEL,pooled,vix,asset_price,a,0.25,10,1.4220089983664366,1.1132762767439799,0.2025515385339244,-0.40916752323492966,3.253185519967803,293,True
LEVEL,pooled,vix,asset_price,a,0.25,11,1.358618711004965,1.2091602360042149,0.2621498904214231,-0.6302728887520659,3.347510310761996,292,False
LEVEL,pooled,vix,asset_price,a,0.25,12,0.05578463679307788,1.2938224306494024,0.9656400118233311,-2.072363880891761,2.183933154477917,291,True
LEVEL,pooled,vix,asset_price,a,0.25,13,1.6847991029814011,1.3833349439518339,0.22429239237283047,-0.5905843968664843,3.9601826028292866,290,True
LEVEL,pooled,vix,asset_price,a,0.25,14,0.8394393087484673,1.4242621576391217,0.5560866529870587,-1.5032634669739715,3.182142084470906,289,True
LEVEL,pooled,vix,asset_price,a,0.25,15,-0.9477612134069204,1.4228770805671958,0.5059153136874334,-3.2881857400839944,1.3926633132701536,288,False
LEVEL,pooled,vix,asset_price,a,0.25,16,-1.4498551384590428,1.4112976094841008,0.30517887857975673,-3.7712331301269084,0.8715228532088228,287,True
LEVEL,pooled,vix,asset_price,a,0.25,17,-1.4133263245148555,1.4380015241755446,0.3265592921075023,-3.778628347116745,0.951975698087034,286,True
LEVEL,pooled,vix,asset_price,a,0.25,18,-0.5612641712905315,1.3172476686803587,0.6703815362938611,-2.7279437767127908,1.6054154341317277,285,True
LEVEL,pooled,vix,asset_price,a,0.25,19,-1.4237412596939976,1.3812290209104403,0.30356713245528866,-3.695660824389166,0.8481783050011709,284,True
LEVEL,pooled,vix,asset_price,a,0.25,20,0.5212510152687173,1.4926580120093516,0.7272049056457642,-1.9339529295830387,2.9764549601204733,283,True
LEVEL,pooled,vix,asset_price,a,0.25,21,-1.1718127702351921,1.3444965548372028,0.38422719404142347,-3.383312804882924,1.0396872644125397,282,True
LEVEL,pooled,vix,asset_price,a,0.25,22,-0.30678119640424484,1.3103377602705233,0.8150683263835409,-2.462095013916684,1.8485326211081943,281,True
LEVEL,pooled,vix,asset_price,a,0.25,23,-2.6146318082755897,1.2761439222608875,0.04145763777311271,-4.713701767318488,-0.5155618492326912,280,True
LEVEL,pooled,vix,asset_price,a,0.25,24,-3.1668320656172,1.3067102472235794,0.016041200849973392,-5.31617915513756,-1.0174849760968403,279,True
LEVEL,pooled,us10y,asset_price,a,0.25,0,-0.11053623279926716,0.10735300566242341,0.30403436713735765,-0.28711621352724626,0.0660437479287119,303,True
LEVEL,pooled,us10y,asset_price,a,0.25,1,0.008312690197776362,0.08382090481896899,0.9210706659237147,-0.12956042910805893,0.14618580950361165,302,True
LEVEL,pooled,us10y,asset_price,a,0.25,2,0.1245951727295107,0.08839985264447792,0.1597847853416306,-0.020809645514734493,0.26999999097375593,301,True
LEVEL,pooled,us10y,asset_price,a,0.25,3,-0.020832753142258298,0.10856291329298774,0.8479601015103606,-0.19940285482464737,0.15773734854013077,300,False
LEVEL,pooled,us10y,asset_price,a,0.25,4,-0.062184053850087184,0.07813689400278231,0.42679045312295605,-0.1907078073492864,0.06633969964911204,299,True
LEVEL,pooled,us10y,asset_price,a,0.25,5,-0.02299755048454699,0.08061039028671357,0.7756279056799894,-0.15558984331762155,0.10959474234852756,298,True
LEVEL,pooled,us10y,asset_price,a,0.25,6,-0.11301407304242161,0.10470971241442659,0.28136927662378425,-0.2852462232843368,0.05921807719949354,297,True
LEVEL,pooled,us10y,asset_price,a,0.25,7,-0.08256245400480111,0.07915646224334504,0.29782836613762864,-0.21276324802241445,0.047638340012812225,296,False
LEVEL,pooled,us10y,asset_price,a,0.25,8,-0.08490011559078425,0.07947067711977575,0.28629307557895933,-0.21561774708753678,0.045817515905968276,295,True
LEVEL,pooled,us10y,asset_price,a,0.25,9,-0.0862282936301142,0.10751500459401679,0.4232263183635734,-0.2630747388882869,0.09061815162805853,294,True
LEVEL,pooled,us10y,asset_price,a,0.25,10,0.025559754160338954,0.09924981339355274,0.7969598888908676,-0.13769166137430308,0.188811169694981,293,True
LEVEL,pooled,us10y,asset_price,a,0.25,11,-0.10588584231171749,0.07455872738588339,0.15667956279725384,-0.22852403547327382,0.01675235084983885,292,True
LEVEL,pooled,us10y,asset_price,a,0.25,12,-0.14591257779643207,0.07577162355891537,0.055166721977807025,-0.2705458076273156,-0.02127934796554852,291,True
LEVEL,pooled,us10y,asset_price,a,0.25,13,-0.026637884016025737,0.07451469567844182,0.7210019792396459,-0.14920365146389597,0.09592788343184448,290,True
LEVEL,pooled,us10y,asset_price,a,0.25,14,0.09925773446252606,0.11082166225556629,0.371221518515143,-0.08302767864333321,0.28154314756838533,289,True
LEVEL,pooled,us10y,asset_price,a,0.25,15,-0.004800386014835567,0.08435368352692725,0.9546600847687926,-0.14354984831081852,0.13394907628114738,288,True
LEVEL,pooled,us10y,asset_price,a,0.25,16,-0.043902578847687224,0.08760170826638675,0.616661517473877,-0.18799456641679824,0.10018940872142379,287,True
LEVEL,pooled,us10y,asset_price,a,0.25,17,0.12041288422425023,0.08712879861689281,0.16810248180068732,-0.022901236192670316,0.26372700464117077,286,True
LEVEL,pooled,us10y,asset_price,a,0.25,18,0.06998545627228037,0.08105741613744484,0.38867779128325736,-0.06334212865271058,0.2033130411972713,285,True
LEVEL,pooled,us10y,asset_price,a,0.25,19,-0.08856823834715455,0.10928127235235932,0.41838888431842536,-0.2683199355338044,0.09118345883949533,284,True
LEVEL,pooled,us10y,asset_price,a,0.25,20,0.10264279649385344,0.07879562268231725,0.19380975811011802,-0.02696446926305579,0.23225006225076267,283,True
LEVEL,pooled,us10y,asset_price,a,0.25,21,-0.04395045142823051,0.07707724661856018,0.5690109287493613,-0.17073124008420232,0.0828303372277413,282,True
LEVEL,pooled,us10y,asset_price,a,0.25,22,-0.07324413332828783,0.0837318787589605,0.38249824432055435,-0.21097081779642496,0.0644825511398493,281,True
LEVEL,pooled,us10y,asset_price,a,0.25,23,-0.24088760279607868,0.11243636172978956,0.03306633118263781,-0.42582896018855076,-0.055946245403606626,280,True
LEVEL,pooled,us10y,asset_price,a,0.25,24,0.18160762434412447,0.08056079320162522,0.024994741162086047,0.049096911456343734,0.3141183372319052,279,False
LEVEL,pooled,ip,real_macro,a,0.25,0,0.17259375104376318,0.14123277400482714,0.2226838762071928,-0.05971348952249436,0.4049009916100207,303,True
LEVEL,pooled,ip,real_macro,a,0.25,1,-0.0015490298096416666,0.1434129728988439,0.9913895483285139,-0.23744237843419821,0.23434431881491488,302,True
LEVEL,pooled,ip,real_macro,a,0.25,2,-0.0763067237306565,0.15143486323467045,0.6147242725239898,-0.32539490776910435,0.17278146030779135,301,True
LEVEL,pooled,ip,real_macro,a,0.25,3,0.5304136600402298,0.150006769424777,0.00047382984310147144,0.28367448128461215,0.7771528387958475,300,True
LEVEL,pooled,ip,real_macro,a,0.25,4,0.06505416082719684,0.17485102607432976,0.7101285469135997,-0.2225501835873509,0.3526585052417446,299,True
LEVEL,pooled,ip,real_macro,a,0.25,5,0.09807914435005216,0.17398432276366452,0.5733868088883467,-0.188099599980457,0.3842578886805613,298,True
LEVEL,pooled,ip,real_macro,a,0.25,6,0.4189429608959472,0.17408438089515196,0.016744847973122465,0.1325996355849549,0.7052862862069395,297,False
LEVEL,pooled,ip,real_macro,a,0.25,7,0.1584618507391724,0.16262315373875694,0.3306874202716526,-0.10902943351430883,0.42595313499265364,296,True
LEVEL,pooled,ip,real_macro,a,0.25,8,-0.09339399093104461,0.1732240566191148,0.5902093065224138,-0.3783222087362428,0.19153422687415356,295,True
LEVEL,pooled,ip,real_macro,a,0.25,9,0.19120553270568053,0.18107544892744962,0.291904036325501,-0.10663707621450103,0.4890481416258621,294,False
LEVEL,pooled,ip,real_macro,a,0.25,10,-0.015904713383710245,0.2395905938794055,0.947120543995327,-0.4099961707097076,0.37818674394228713,293,True
LEVEL,pooled,ip,real_macro,a,0.25,11,0.023607805933579584,0.19540973179948753,0.9039273563221809,-0.2978126001584219,0.3450282120255811,292,True
LEVEL,pooled,ip,real_macro,a,0.25,12,0.03546008643512266,0.2531448764027579,0.8886999807065431,-0.3809261816601358,0.45184635453038113,291,True
LEVEL,pooled,ip,real_macro,a,0.25,13,0.2989622309343005,0.18644165844869637,0.10996443496932641,-0.007707007179885261,0.6056314690484863,290,True
LEVEL,pooled,ip,real_macro,a,0.25,14,-0.1988680109138503,0.255103867865952,0.4363220326523229,-0.6184765332225106,0.22074051139481,289,True
LEVEL,pooled,ip,real_macro,a,0.25,15,0.2939394385234735,0.17900489779162612,0.1017216695087871,-0.0004974168511603372,0.5883762938981073,288,True
LEVEL,pooled,ip,real_macro,a,0.25,16,0.15258992216773493,0.17525367875278172,0.38469371248098816,-0.13567672696536626,0.4408565713008361,287,True
LEVEL,pooled,ip,real_macro,a,0.25,17,0.011696518385493793,0.1737498429893486,0.9463778825751467,-0.2740965410377851,0.29748957780877266,286,True
LEVEL,pooled,ip,real_macro,a,0.25,18,-0.13330261111954744,0.18691779874394987,0.4763593697273487,-0.4407550303253187,0.17414980808622382,285,True
LEVEL,pooled,ip,real_macro,a,0.25,19,0.09142720645412439,0.18603106385034113,0.6234989648405549,-0.2145666636457501,0.3974210765539989,284,True
LEVEL,pooled,ip,real_macro,a,0.25,20,-0.09315979142597985,0.1644533443103257,0.5715387643158371,-0.36366147127911835,0.17734188842715864,283,True
LEVEL,pooled,ip,real_macro,a,0.25,21,0.036688298675109365,0.20096280673981767,0.8552792304268177,-0.2938661028732275,0.36724270022344624,282,True
LEVEL,pooled,ip,real_macro,a,0.25,22,0.04058575160259181,0.27018019226117884,0.8807065560236091,-0.4038211175686543,0.4849926207738379,281,False
LEVEL,pooled,ip,real_macro,a,0.25,23,0.34387281078716114,0.19673015806220023,0.08162794524249814,0.020280496767814682,0.6674651248065075,280,True
LEVEL,pooled,ip,real_macro,a,0.25,24,0.08992063635858827,0.1909358419454914,0.6380661096672371,-0.2241408757804863,0.40398214849766284,279,True
LEVEL,pooled,cpi,real_macro,a,0.25,0,-0.16904227714726616,0.07360601088630393,0.022357855717083184,-0.2901133911190327,-0.0479711631754996,303,True
LEVEL,pooled,cpi,real_macro,a,0.25,1,-0.04908956837849132,0.09558069935037786,0.6079304332771833,-0.20630582837151856,0.10812669161453592,302,False
LEVEL,pooled,cpi,real_macro,a,0.25,2,-0.11849830016462803,0.07812846790578666,0.13044034606252655,-0.2470081939676229,0.010011593638366845,301,True
LEVEL,pooled,cpi,real_macro,a,0.25,3,-0.059930142925625596,0.06898292999852508,0.3857026408187314,-0.17339696553143907,0.053536679680187896,300,True
LEVEL,pooled,cpi,real_macro,a,0.25,4,-0.04738153344321461,0.07172377657427345,0.5093952556047828,-0.16535664748006534,0.07059358059363612,299,True
LEVEL,pooled,cpi,real_macro,a,0.25,5,0.1758553888591834,0.06576147870339684,0.00792617244198102,0.06768738210020911,0.2840233956181577,298,False
LEVEL,pooled,cpi,real_macro,a,0.25,6,-0.0415161956737542,0.07714708031486127,0.5909009942001365,-0.16841185053837027,0.08537945919086187,297,True
LEVEL,pooled,cpi,real_macro,a,0.25,7,-0.027185147650286012,0.08041143038986888,0.7355577143622585,-0.15945018057541768,0.10507988527484566,296,True
LEVEL,pooled,cpi,real_macro,a,0.25,8,0.0811796294683127,0.07986716919403283,0.310297569563571,-0.05019017345483909,0.21254943239146448,295,True
LEVEL,pooled,cpi,real_macro,a,0.25,9,0.10880599874975161,0.0660375563964618,0.1005486323868399,0.00018388459601902107,0.21742811290348418,294,True
LEVEL,pooled,cpi,real_macro,a,0.25,10,0.13907348390551988,0.09326572769405564,0.13705102839968214,-0.01433498656231591,0.29248195437335567,293,True
LEVEL,pooled,cpi,real_macro,a,0.25,11,-0.012015936034803332,0.06909984326611202,0.8620766004299664,-0.12567506385284594,0.10164319178323927,292,True
LEVEL,pooled,cpi,real_macro,a,0.25,12,0.08854428564200134,0.06864676480469752,0.19817727586941597,-0.02436959442549004,0.2014581657094927,291,True
LEVEL,pooled,cpi,real_macro,a,0.25,13,0.05078089126136831,0.0772330313172285,0.5114059842540746,-0.07625614042123163,0.17781792294396825,290,True
LEVEL,pooled,cpi,real_macro,a,0.25,14,0.01377688803719046,0.07578602740655142,0.8558840832108644,-0.11088003401471933,0.13843381008910025,289,True
LEVEL,pooled,cpi,real_macro,a,0.25,15,0.08721571029602693,0.0807273232927919,0.2809256401142584,-0.0455689202162059,0.22000034080825975,288,True
LEVEL,pooled,cpi,real_macro,a,0.25,16,0.011876084064276426,0.07870855507785603,0.8801764218428463,-0.11758796822764478,0.14134013635619763,287,True
LEVEL,pooled,cpi,real_macro,a,0.25,17,-0.07865384685518251,0.0765004295302772,0.30479312101921063,-0.20448585583140447,0.04717816212103945,286,True
LEVEL,pooled,cpi,real_macro,a,0.25,18,-0.12136616594244387,0.10267637682057168,0.2382314390022637,-0.29025377675799724,0.047521444873109525,285,True
LEVEL,pooled,cpi,real_macro,a,0.25,19,-0.07146811162033373,0.10108751417532598,0.4801808737437027,-0.237742275951127,0.09480605271045955,284,True
LEVEL,pooled,cpi,real_macro,a,0.25,20,0.047140424036932416,0.11027473252920687,0.6693705447625803,-0.134245369724837,0.22852621779870183,283,True
LEVEL,pooled,cpi,real_macro,a,0.25,21,0.12405681979733174,0.10893679879633426,0.25580505135960785,-0.05512826881130145,0.30324190840596493,282,False
LEVEL,pooled,cpi,real_macro,a,0.25,22,0.08548900728495301,0.08044864297474807,0.28889943251625955,-0.04683723489538544,0.21781524946529146,281,True
LEVEL,pooled,cpi,real_macro,a,0.25,23,-0.11379684191432204,0.07724200400235146,0.14186576235125306,-0.24084863235058998,0.013254948521945892,280,True
LEVEL,pooled,cpi,real_macro,a,0.25,24,-0.04072016170766957,0.11246627521040499,0.7175916128231862,-0.22571072239722667,0.14427039898188754,279,True
LEVEL,pooled,infl_exp,real_macro,a,0.25,0,-0.09361383307647486,0.11061328460769401,0.3980764969352018,-0.2755564954524558,0.08832882929950608,303,True
LEVEL,pooled,infl_exp,real_macro,a,0.25,1,-0.1610914064300033,0.10758793626488541,0.13541038094048824,-0.33805781361152387,0.015875000751517293,302,True
LEVEL,pooled,infl_exp,real_macro,a,0.25,2,-0.025572496228079444,0.08380464493271253,0.7604775546738782,-0.16341887040103195,0.11227387794487306,301,True
LEVEL,pooled,infl_exp,real_macro,a,0.25,3,0.050395114195602275,0.08262496177605169,0.5423951039530508,-0.0855108538584631,0.18630108224966765,300,True
LEVEL,pooled,infl_exp,real_macro,a,0.25,4,-0.09155747463564268,0.07768115560374611,0.2395279481583984,-0.21933160517624614,0.03621665590496079,299,True
LEVEL,pooled,infl_exp,real_macro,a,0.25,5,0.009097107331232479,0.08258287808594526,0.9123624223242734,-0.12673963921252585,0.1449338538749908,298,True
LEVEL,pooled,infl_exp,real_macro,a,0.25,6,0.12095307796673183,0.08376828033701732,0.14987302470460398,-0.016833481769098796,0.2587396377025625,297,True
LEVEL,pooled,infl_exp,real_macro,a,0.25,7,-0.015338676326606127,0.08244302121437745,0.8525378642928364,-0.15094537878791203,0.12026802613469978,296,True
LEVEL,pooled,infl_exp,real_macro,a,0.25,8,0.0826921977652546,0.08032597975608158,0.3041499309975188,-0.04943228137496672,0.21481667690547593,295,False
LEVEL,pooled,infl_exp,real_macro,a,0.25,9,0.00922455286157886,0.08662777219040187,0.9152738575241246,-0.13326545242052953,0.15171455814368726,294,True
LEVEL,pooled,infl_exp,real_macro,a,0.25,10,0.0023046372155022254,0.08201435466196987,0.977602154173248,-0.1325969715123233,0.13720624594332775,293,True
LEVEL,pooled,infl_exp,real_macro,a,0.25,11,-0.018659790619352634,0.10596179068604435,0.860344189295577,-0.1929514263475654,0.15563184510886013,292,True
LEVEL,pooled,infl_exp,real_macro,a,0.25,12,-0.02053500151347798,0.08229051363906642,0.8031259219308355,-0.15589085133639596,0.11482084830944,291,True
LEVEL,pooled,infl_exp,real_macro,a,0.25,13,-0.04156504238501846,0.07862251399239724,0.5974620958409982,-0.17088756968545593,0.08775748491541902,290,True
LEVEL,pooled,infl_exp,real_macro,a,0.25,14,0.09328207297750168,0.07398859284085696,0.20846289109286775,-0.02841833230981762,0.21498247826482098,289,True
LEVEL,pooled,infl_exp,real_macro,a,0.25,15,0.03251391480552002,0.07900306797222802,0.68098914676457,-0.09743456808889292,0.16246239769993295,288,True
LEVEL,pooled,infl_exp,real_macro,a,0.25,16,-0.031635470809392954,0.06864587482380531,0.6452729341002467,-0.14454788698858587,0.08127694536979996,287,True
LEVEL,pooled,infl_exp,real_macro,a,0.25,17,0.21937817311837016,0.07109849022964859,0.0022412378426582076,0.10243156359335887,0.33632478264338145,286,True
LEVEL,pooled,infl_exp,real_macro,a,0.25,18,-0.2331197833883607,0.10448461955355384,0.026490149524467124,-0.40498168882166846,-0.06125787795505294,285,True
LEVEL,pooled,infl_exp,real_macro,a,0.25,19,-0.11295155511379473,0.10785941124612858,0.29593884502334866,-0.2903644989028398,0.06446138867525028,284,True
LEVEL,pooled,infl_exp,real_macro,a,0.25,20,-0.03568160535505882,0.08079413483462297,0.6591073683832613,-0.1685761310741947,0.09721292036407705,283,True
LEVEL,pooled,infl_exp,real_macro,a,0.25,21,-0.07665433354594597,0.11350668597782237,0.5000491415417323,-0.2633562176598089,0.11004755056791696,282,True
LEVEL,pooled,infl_exp,real_macro,a,0.25,22,0.020262701550009865,0.08588619728136303,0.8136717349457127,-0.1210075215533098,0.16153292465332952,281,True
LEVEL,pooled,infl_exp,real_macro,a,0.25,23,0.15212795685792457,0.08367732829973978,0.070184199486341,0.014490999910488522,0.2897649138053606,280,True
LEVEL,pooled,infl_exp,real_macro,a,0.25,24,-0.0013688883193534451,0.08803369976520245,0.9876054190826224,-0.14617143867210367,0.14343366203339677,279,True
LEVEL,pooled,freight,physical_channel,a,0.25,0,-0.006054137938627857,0.0042549510294017994,0.1558594685746392,-0.013052909571840307,0.0009446336945845932,303,True
LEVEL,pooled,freight,physical_channel,a,0.25,1,-0.007875751580546653,0.005449591819464114,0.14948882599559368,-0.016839532450197273,0.0010880292891039672,302,True
LEVEL,pooled,freight,physical_channel,a,0.25,2,0.00030428227011780606,0.005418071563913328,0.9552529276712634,-0.008607652392867668,0.00921621693310328,301,True
LEVEL,pooled,freight,physical_channel,a,0.25,3,-0.004946913255439167,0.004135476114203654,0.23260391891875593,-0.01174916614105823,0.0018553396301798945,300,True
LEVEL,pooled,freight,physical_channel,a,0.25,4,-0.004371371843607363,0.003724962018199,0.24156127571215036,-0.010498389129498464,0.0017556454422837375,299,True
LEVEL,pooled,freight,physical_channel,a,0.25,5,0.00021500202770996513,0.0047813608783291535,0.9641654512348908,-0.00764963675477362,0.00807964081019355,298,True
LEVEL,pooled,freight,physical_channel,a,0.25,6,0.004331066983983556,0.005443444781192033,0.42690339774729213,-0.004622602907470224,0.013284736875437336,297,True
LEVEL,pooled,freight,physical_channel,a,0.25,7,0.0018776715432534674,0.004762344712077435,0.6936763091853855,-0.005955688429200266,0.009711031515707201,296,True
LEVEL,pooled,freight,physical_channel,a,0.25,8,0.002687774339586113,0.004511095659682288,0.5517790251681239,-0.004732317717767342,0.010107866396939568,295,True
LEVEL,pooled,freight,physical_channel,a,0.25,9,-0.016550361245184497,0.004258326752912029,0.00012698216816536148,-0.023554685449456336,-0.009546037040912659,294,True
LEVEL,pooled,freight,physical_channel,a,0.25,10,0.0037139126704128778,0.00506806575640971,0.464291531716666,-0.004622313670646191,0.012050139011471946,293,True
LEVEL,pooled,freight,physical_channel,a,0.25,11,0.003582318161591047,0.00438681646713444,0.414850552187495,-0.00363335281514548,0.010797989138327574,292,True
LEVEL,pooled,freight,physical_channel,a,0.25,12,-0.0067418275299586106,0.004576438034456167,0.14184317871610513,-0.014269398229452503,0.0007857431695352819,291,True
LEVEL,pooled,freight,physical_channel,a,0.25,13,0.006061039915487371,0.004467286224358446,0.17596579475136478,-0.001286992033278967,0.013409071864253708,290,True
LEVEL,pooled,freight,physical_channel,a,0.25,14,0.005220761161484733,0.004573150853932634,0.25460866773278823,-0.0023014026072025818,0.012742924930172046,289,True
LEVEL,pooled,freight,physical_channel,a,0.25,15,-0.003969251417677455,0.004852672881502499,0.41409556845458295,-0.011951188007225893,0.004012685171870983,288,True
LEVEL,pooled,freight,physical_channel,a,0.25,16,-0.014790787447616499,0.006519438041345595,0.024066133297923908,-0.025514308755609203,-0.004067266139623795,287,True
LEVEL,pooled,freight,physical_channel,a,0.25,17,0.0019673156986402263,0.0047809401442152726,0.6810363017118315,-0.005896631037810159,0.009831262435090611,286,True
LEVEL,pooled,freight,physical_channel,a,0.25,18,-0.010626880956158935,0.004494038359610769,0.018751583203874447,-0.018018916251623752,-0.0032348456606941176,285,True
LEVEL,pooled,freight,physical_channel,a,0.25,19,0.008063218122995153,0.004211486314823319,0.056603135116207605,0.0011359395832015269,0.014990496662788778,284,True
LEVEL,pooled,freight,physical_channel,a,0.25,20,0.0032634476220627096,0.006240276358219132,0.6014289229007729,-0.007000893578933553,0.013527788823058972,283,True
LEVEL,pooled,freight,physical_channel,a,0.25,21,-0.001023674512707018,0.003976165394164972,0.7970268895951682,-0.007563884582658202,0.005516535557244166,282,True
LEVEL,pooled,freight,physical_channel,a,0.25,22,-0.00026488216096964834,0.004864063323221207,0.9566118137967093,-0.008265554359891682,0.007735790037952385,281,True
LEVEL,pooled,freight,physical_channel,a,0.25,23,0.0047624056309968354,0.006077858750073223,0.43399172721956775,-0.0052347823781598475,0.014759593640153518,280,True
LEVEL,pooled,freight,physical_channel,a,0.25,24,0.0004164947569631483,0.004967863493452702,0.9332486889476572,-0.007754913528442339,0.008587903042368636,279,False
LEVEL,pooled,oil,asset_price,a,0.5,0,-0.011973464044589655,0.025345615903618505,0.6369923425005818,-0.05366329229097547,0.029716364201796158,303,True
LEVEL,pooled,oil,asset_price,a,0.5,1,-0.05184971344398259,0.02729129172660498,0.05844986666602739,-0.0967398936246795,-0.006959533263285689,302,True
LEVEL,pooled,oil,asset_price,a,0.5,2,0.004874365388055413,0.029520818963836987,0.8689687639310385,-0.04368306075518966,0.05343179153130048,301,True
LEVEL,pooled,oil,asset_price,a,0.5,3,-0.025380066615716235,0.03159313388126069,0.4224446790684123,-0.07734614746707133,0.026586014235638854,300,True
LEVEL,pooled,oil,asset_price,a,0.5,4,0.03214964830502742,0.03153365938292154,0.30881403323896095,-0.019718605702023398,0.08401790231207824,299,True
LEVEL,pooled,oil,asset_price,a,0.5,5,-0.02894896487062404,0.0289033187025867,0.31739943841226065,-0.0764906934695081,0.01859276372826002,298,True
LEVEL,pooled,oil,asset_price,a,0.5,6,-0.012929559649364819,0.029114549466677596,0.6573149265963542,-0.06081873193668751,0.034959612637957875,297,True
LEVEL,pooled,oil,asset_price,a,0.5,7,-0.016631856958909452,0.028804309645716297,0.5641241484005829,-0.06401073015149918,0.03074701623368027,296,True
LEVEL,pooled,oil,asset_price,a,0.5,8,0.02335876461379449,0.02935501967937545,0.42685878183704545,-0.02492594597505806,0.07164347520264705,295,True
LEVEL,pooled,oil,asset_price,a,0.5,9,-0.023881667554494612,0.026695351019058164,0.3717691648967152,-0.06779161250093511,0.02002827739194589,294,True
LEVEL,pooled,oil,asset_price,a,0.5,10,0.059146396460784345,0.02767077841094194,0.03342626706453202,0.013632016230975999,0.10466077669059269,293,True
LEVEL,pooled,oil,asset_price,a,0.5,11,-0.0042582744177172005,0.03161649083785138,0.8929582092932581,-0.056262774043835034,0.04774622520840063,292,True
LEVEL,pooled,oil,asset_price,a,0.5,12,-0.03223200685086658,0.031566351673275844,0.30810393415759074,-0.08415403489028003,0.019690021188546868,291,True
LEVEL,pooled,oil,asset_price,a,0.5,13,-0.0012092212955709947,0.030446557204585577,0.9683481062096471,-0.05128935134171906,0.04887090875057707,290,True
LEVEL,pooled,oil,asset_price,a,0.5,14,0.02072652914823908,0.02947933534541559,0.48259649295039053,-0.027762662514786485,0.06921572081126465,289,True
LEVEL,pooled,oil,asset_price,a,0.5,15,0.003798456943101325,0.02985028246470624,0.8988356428595415,-0.045300888434496665,0.052897802320699315,288,True
LEVEL,pooled,oil,asset_price,a,0.5,16,-0.010958175514564239,0.029357136320548684,0.7092362345483677,-0.05924636766832754,0.03733001663919906,287,True
LEVEL,pooled,oil,asset_price,a,0.5,17,-0.07836720366577157,0.029923390248869048,0.00931548202124272,-0.12758680064730815,-0.029147606684235,286,True
LEVEL,pooled,oil,asset_price,a,0.5,18,-0.027916184638788755,0.030653619941151927,0.3632639298972591,-0.07833690257818447,0.022504533300606963,285,True
LEVEL,pooled,oil,asset_price,a,0.5,19,0.07233156289364384,0.031697339134207,0.023270953966838974,0.020194079654032623,0.12446904613325506,284,False
LEVEL,pooled,oil,asset_price,a,0.5,20,0.029926295126045943,0.03195390591551438,0.3498323013416941,-0.02263320291435398,0.08248579316644586,283,True
LEVEL,pooled,oil,asset_price,a,0.5,21,0.005066979510485403,0.031158253225573074,0.8709395713168082,-0.046183786317070874,0.05631774533804168,282,True
LEVEL,pooled,oil,asset_price,a,0.5,22,0.0004375861878598286,0.032010692159151505,0.9891034658679007,-0.05221531691134758,0.053090489287067236,281,True
LEVEL,pooled,oil,asset_price,a,0.5,23,0.017058162790966946,0.030771540396700676,0.5798059997554161,-0.0335565170374299,0.0676728426193638,280,True
LEVEL,pooled,oil,asset_price,a,0.5,24,0.014922068509406472,0.031143763846406103,0.6322376988696993,-0.03630486441027474,0.06614900142908768,279,True
LEVEL,pooled,dxy,asset_price,a,0.5,0,-0.005618386700282148,0.00499211509051495,0.2613312593016219,-0.01382968531307484,0.0025929119125105444,303,True
LEVEL,pooled,dxy,asset_price,a,0.5,1,0.0008624386830098363,0.005364633222940486,0.8723921656470859,-0.007961597731008189,0.009686475097027861,302,True
LEVEL,pooled,dxy,asset_price,a,0.5,2,0.005538192262724617,0.005290742409034217,0.296086276413842,-0.0031643045780412847,0.014240689103490519,301,True
LEVEL,pooled,dxy,asset_price,a,0.5,3,0.006241525143388937,0.005463463173815892,0.2542383422621991,-0.0027450720737779346,0.01522812236055581,300,True
LEVEL,pooled,dxy,asset_price,a,0.5,4,0.0010393980737427588,0.005413209918207454,0.8478700033802011,-0.007864539893670454,0.009943336041155972,299,True
LEVEL,pooled,dxy,asset_price,a,0.5,5,-7.405304316814021e-05,0.005336629140900043,0.9889383564072316,-0.008852026841272495,0.008703920754936215,298,True
LEVEL,pooled,dxy,asset_price,a,0.5,6,-0.0013224236580855475,0.005637058880251147,0.8146930290608266,-0.010594560402605651,0.007949713086434556,297,True
LEVEL,pooled,dxy,asset_price,a,0.5,7,-0.01101934498301868,0.005491129727232397,0.045730271353881254,-0.020051449630917935,-0.0019872403351194248,296,True
LEVEL,pooled,dxy,asset_price,a,0.5,8,-0.007447508087967403,0.005515284486723711,0.1779935630608954,-0.016519343779624086,0.0016243276036892827,295,True
LEVEL,pooled,dxy,asset_price,a,0.5,9,0.0040625931969742735,0.005337376846543319,0.44720257491147003,-0.004716610467469316,0.012841796861417863,294,True
LEVEL,pooled,dxy,asset_price,a,0.5,10,-0.003420464015992563,0.005500211089577625,0.5345294813175802,-0.012467506175683029,0.005626578143697903,293,True
LEVEL,pooled,dxy,asset_price,a,0.5,11,0.0036880117424953757,0.0055841044841033,0.5095131209778015,-0.005497022771457917,0.012873046256448669,292,True
LEVEL,pooled,dxy,asset_price,a,0.5,12,0.0033391325610391265,0.005515701460817231,0.5454177200566077,-0.00573338899196763,0.012411654114045883,291,True
LEVEL,pooled,dxy,asset_price,a,0.5,13,-0.0013558511382016636,0.005552229080471292,0.8072578065626078,-0.010488455278880305,0.007776753002476978,290,True
LEVEL,pooled,dxy,asset_price,a,0.5,14,-0.01390438606031074,0.005528745554840393,0.012476414236168276,-0.02299836323868179,-0.00481040888193969,289,True
LEVEL,pooled,dxy,asset_price,a,0.5,15,0.002773751983374373,0.005794286177123142,0.6325304976188977,-0.0067570006506614076,0.012304504617410153,288,True
LEVEL,pooled,dxy,asset_price,a,0.5,16,-0.004697814731722094,0.005573710997182609,0.4000489225657461,-0.013865753481017215,0.004470124017573027,287,True
LEVEL,pooled,dxy,asset_price,a,0.5,17,-0.0059660889067083,0.005821846996426765,0.3063794125068721,-0.0155421750543374,0.003609997240920799,286,False
LEVEL,pooled,dxy,asset_price,a,0.5,18,-0.011423211554768775,0.005885394804797413,0.05330205172490969,-0.021103824545481153,-0.0017425985640563985,285,True
LEVEL,pooled,dxy,asset_price,a,0.5,19,-0.006560607062087484,0.006064074242303351,0.28027068612010625,-0.016535121573643154,0.003413907449468184,284,True
LEVEL,pooled,dxy,asset_price,a,0.5,20,-0.0026560212353364254,0.005831337649353029,0.6491358757887411,-0.012247718117853426,0.006935675647180575,283,True
LEVEL,pooled,dxy,asset_price,a,0.5,21,0.0008348957214829311,0.005852400058805197,0.8866669374039317,-0.008791445741613805,0.010461237184579667,282,False
LEVEL,pooled,dxy,asset_price,a,0.5,22,-0.00025581926848988745,0.005920460950706599,0.965566947792719,-0.009994110936484198,0.009482472399504423,281,True
LEVEL,pooled,dxy,asset_price,a,0.5,23,-0.009545245905723365,0.005687182936358834,0.09444760179722735,-0.01889982938572972,-0.00019066242571701315,280,True
LEVEL,pooled,dxy,asset_price,a,0.5,24,-0.004111047949949265,0.005410683705831901,0.44804838163229593,-0.0130108306677741,0.00478873476787557,279,True
LEVEL,pooled,vix,asset_price,a,0.5,0,-0.3294841336319223,0.9857800840512697,0.7384431781850903,-1.9509480802601804,1.2919798129963358,303,False
LEVEL,pooled,vix,asset_price,a,0.5,1,-1.2653044908947777,1.0775604970721948,0.24127272051685456,-3.037733782763609,0.5071248009740532,302,True
LEVEL,pooled,vix,asset_price,a,0.5,2,-0.6298236633617762,1.1799583470606623,0.5939154125983465,-2.570682430176171,1.3110351034526182,301,True
LEVEL,pooled,vix,asset_price,a,0.5,3,-2.0259268230183807,1.3009272600805195,0.12050644164580306,-4.1657617451618645,0.11390809912510313,300,True
LEVEL,pooled,vix,asset_price,a,0.5,4,-0.9565221287632539,1.3457656939925227,0.47781158866593826,-3.17010971155372,1.2570654540272121,299,True
LEVEL,pooled,vix,asset_price,a,0.5,5,-1.3516804204518849,1.4091232869274517,0.33825626577462503,-3.669481969776284,0.9661211288725142,298,False
LEVEL,pooled,vix,asset_price,a,0.5,6,0.4031557603739202,1.4926854478899843,0.7872897462773802,-2.0520933124856033,2.8584048332334437,297,False
LEVEL,pooled,vix,asset_price,a,0.5,7,-1.1786810720268477,1.5036005883877273,0.4337533706953427,-3.6518839533227685,1.2945218092690731,296,True
LEVEL,pooled,vix,asset_price,a,0.5,8,0.9510265020653605,1.6302933405956974,0.560127716012661,-1.7305674122083041,3.632620416339025,295,False
LEVEL,pooled,vix,asset_price,a,0.5,9,1.9157080742643302,1.5717857241180775,0.22394218161587973,-0.6696493748418355,4.501065523370496,294,True
LEVEL,pooled,vix,asset_price,a,0.5,10,-0.037796030614117626,1.606099110710598,0.9812420863216134,-2.679593978109979,2.6040019168817437,293,True
LEVEL,pooled,vix,asset_price,a,0.5,11,0.9093670008478512,1.8718622060025853,0.6274854628568565,-2.1695723378488854,3.9883063395445877,292,True
LEVEL,pooled,vix,asset_price,a,0.5,12,1.6130395233940362,1.8466926096824658,0.38316091219401593,-1.424499513506647,4.650578560294719,291,True
LEVEL,pooled,vix,asset_price,a,0.5,13,0.5492328620784974,1.885652523266754,0.771064070437814,-2.552389529987018,3.650855254144013,290,True
LEVEL,pooled,vix,asset_price,a,0.5,14,-0.41074273937920225,1.907487103509328,0.8296682064678078,-3.5482798199496783,2.726794341191274,289,True
LEVEL,pooled,vix,asset_price,a,0.5,15,-1.1498370249246364,1.9451891893658892,0.5549284371385619,-4.3493885181599135,2.0497144683106407,288,True
LEVEL,pooled,vix,asset_price,a,0.5,16,-0.6613891050219536,1.9456506582771669,0.7341690559209203,-3.861699647069671,2.538921437025764,287,False
LEVEL,pooled,vix,asset_price,a,0.5,17,-1.0551481684196915,1.8653413020155893,0.5720915428556325,-4.123361574542415,2.013065237703032,286,True
LEVEL,pooled,vix,asset_price,a,0.5,18,-2.139754992959979,1.8777593397357843,0.2554901642220919,-5.228394253466385,0.9488842675464273,285,True
LEVEL,pooled,vix,asset_price,a,0.5,19,-1.0710566265952366,1.8860542733125307,0.5705868925520386,-4.1733398386806755,2.0312265854902027,284,True
LEVEL,pooled,vix,asset_price,a,0.5,20,-1.9567736349708866,1.7879110471624382,0.2747380487962491,-4.897625605562627,0.9840783356208544,283,True
LEVEL,pooled,vix,asset_price,a,0.5,21,-2.0988276841530933,1.7673824775343783,0.2360682961346105,-5.005913162535994,0.8082577942298075,282,True
LEVEL,pooled,vix,asset_price,a,0.5,22,-2.158792183132391,1.7930992773800218,0.2296772473387784,-5.108178033014983,0.7905936667502016,281,True
LEVEL,pooled,vix,asset_price,a,0.5,23,-2.917190298641799,1.7507665179553988,0.09684349476970543,-5.7969449556459365,-0.037435641637661554,280,True
LEVEL,pooled,vix,asset_price,a,0.5,24,-1.6651798234734088,1.7770189459663104,0.3495790331954887,-4.5881158819075765,1.257756234960759,279,True
LEVEL,pooled,us10y,asset_price,a,0.5,0,-0.013244447682019711,0.07264321521326117,0.8554579511419588,-0.1327319036989687,0.10624300833492929,303,True
LEVEL,pooled,us10y,asset_price,a,0.5,1,0.07332142570487699,0.07282245552196613,0.31485113770293466,-0.046460854383941264,0.19310370579369524,302,True
LEVEL,pooled,us10y,asset_price,a,0.5,2,-0.003811895293985401,0.07226428482118519,0.9579683011771347,-0.12267606628116608,0.11505227569319527,301,True
LEVEL,pooled,us10y,asset_price,a,0.5,3,-0.1079965662030773,0.07520105589983284,0.15206551550237543,-0.23169129575049774,0.015698163344343152,300,True
LEVEL,pooled,us10y,asset_price,a,0.5,4,0.020838596684456867,0.07794447979222413,0.7893916751075056,-0.10736866360262873,0.14904585697154246,299,True
LEVEL,pooled,us10y,asset_price,a,0.5,5,0.04823507923186199,0.07677457216465354,0.5303326824630938,-0.07804785425081592,0.1745180127145399,298,True
LEVEL,pooled,us10y,asset_price,a,0.5,6,-0.0170352132318925,0.07678292274140318,0.8245813218595502,-0.1433318821910242,0.10926145572723919,297,True
LEVEL,pooled,us10y,asset_price,a,0.5,7,-0.038448681126920015,0.07578773068859734,0.6123263543000932,-0.16310840482848077,0.08621104257464073,296,True
LEVEL,pooled,us10y,asset_price,a,0.5,8,-0.01191603656549134,0.07595412743622401,0.8754484195246597,-0.13684945856089872,0.11301738542991605,295,True
LEVEL,pooled,us10y,asset_price,a,0.5,9,0.011152311186747532,0.07591124830145173,0.8833068093853278,-0.11371058090830913,0.1360152032818042,294,True
LEVEL,pooled,us10y,asset_price,a,0.5,10,0.03831229342063193,0.07667928961674604,0.6177200580862947,-0.08781391421753516,0.16443850105879904,293,True
LEVEL,pooled,us10y,asset_price,a,0.5,11,-0.17722555285338937,0.07510132152708103,0.018975035889560624,-0.3007562339560573,-0.05369487175072146,292,True
LEVEL,pooled,us10y,asset_price,a,0.5,12,0.041289631167579444,0.07859987701799939,0.5997850166507743,-0.08799566162341652,0.1705749239585754,291,False
LEVEL,pooled,us10y,asset_price,a,0.5,13,0.03732738931315982,0.07896872375174566,0.6368109704825266,-0.09256460236562788,0.16721938099194752,290,True
LEVEL,pooled,us10y,asset_price,a,0.5,14,-0.07986249110720678,0.07623165723022486,0.29572947245077863,-0.20525240899086356,0.04552742677645,289,True
LEVEL,pooled,us10y,asset_price,a,0.5,15,-0.016426302854977592,0.0753522674566843,0.8275964527842891,-0.14036975328012213,0.10751714757016696,288,True
LEVEL,pooled,us10y,asset_price,a,0.5,16,-0.10655460933287486,0.07556575602299558,0.15965103695828348,-0.23084921720062918,0.017739998534879467,287,True
LEVEL,pooled,us10y,asset_price,a,0.5,17,0.053110180365042226,0.08120761284390307,0.5136611656734106,-0.0804644561573227,0.18668481688740715,286,True
LEVEL,pooled,us10y,asset_price,a,0.5,18,0.06673499405029304,0.08059404262483978,0.4083771377898976,-0.06583040927185621,0.1993003973724423,285,True
LEVEL,pooled,us10y,asset_price,a,0.5,19,0.019969952899380417,0.07794543764008176,0.7979882177476278,-0.10823888290722786,0.1481787887059887,284,False
LEVEL,pooled,us10y,asset_price,a,0.5,20,0.03855824844650568,0.07809406144495921,0.621891918154519,-0.0898950517646066,0.16701154865761797,283,True
LEVEL,pooled,us10y,asset_price,a,0.5,21,0.012331045568423127,0.07698324596156413,0.8728612842899275,-0.11429512576595291,0.13895721690279916,282,True
LEVEL,pooled,us10y,asset_price,a,0.5,22,-0.05771696519356817,0.07583464193206063,0.4472751411129454,-0.1824538510240843,0.06701992063694796,281,True
LEVEL,pooled,us10y,asset_price,a,0.5,23,-0.013155594281998972,0.07421834618118928,0.859442766568158,-0.1352339101844681,0.10892272162047015,280,True
LEVEL,pooled,us10y,asset_price,a,0.5,24,0.05390126366374659,0.07434682195860041,0.4690932111482772,-0.06838837608717266,0.17619090341466584,279,True
LEVEL,pooled,ip,real_macro,a,0.5,0,0.11179486824256202,0.16746972989749984,0.5049518658207778,-0.16366832438392398,0.387258060869048,303,True
LEVEL,pooled,ip,real_macro,a,0.5,1,-0.16894800077558614,0.16186347876175633,0.29746782423422646,-0.43518973088784363,0.09729372933667135,302,True
LEVEL,pooled,ip,real_macro,a,0.5,2,0.0335559573415658,0.16328845444770834,0.837326320558251,-0.23502964919604752,0.3021415638791791,301,True
LEVEL,pooled,ip,real_macro,a,0.5,3,0.34400581184925016,0.18174622245772268,0.05939656915623141,0.045059878654935936,0.6429517450435644,300,True
LEVEL,pooled,ip,real_macro,a,0.5,4,-0.18289387261751244,0.18508214455966887,0.32390428438819874,-0.4873269093804405,0.1215391641454156,299,True
LEVEL,pooled,ip,real_macro,a,0.5,5,0.05876963671789781,0.18546139180505858,0.751564889031643,-0.24628720625212086,0.3638264796879165,298,True
LEVEL,pooled,ip,real_macro,a,0.5,6,0.17541384439192598,0.18887328702011036,0.3538162200509747,-0.13525506679734894,0.4860827555812009,297,False
LEVEL,pooled,ip,real_macro,a,0.5,7,0.05879398769872418,0.1872963833581912,0.7538223705123271,-0.24928114778289,0.3668691231803384,296,True
LEVEL,pooled,ip,real_macro,a,0.5,8,-0.07870403838833795,0.18487674033040935,0.6706444084599852,-0.3827992152597773,0.22539113848310138,295,True
LEVEL,pooled,ip,real_macro,a,0.5,9,0.04151639831999887,0.17934435389937,0.8171033441097836,-0.2534788126646483,0.336511609304646,294,True
LEVEL,pooled,ip,real_macro,a,0.5,10,-0.14280395949797686,0.1827602361170848,0.4352455323824027,-0.44341779673767123,0.1578098777417175,293,False
LEVEL,pooled,ip,real_macro,a,0.5,11,-0.053234251743022654,0.1905887268747441,0.7802109360971664,-0.366724810399009,0.2602563069129637,292,True
LEVEL,pooled,ip,real_macro,a,0.5,12,0.031052625821246238,0.17910534971217593,0.8624822660786589,-0.26354945825923815,0.3256547099017306,291,True
LEVEL,pooled,ip,real_macro,a,0.5,13,0.20749728479429308,0.18388538605598564,0.26012859382793646,-0.09496725940326656,0.5099618289918527,290,True
LEVEL,pooled,ip,real_macro,a,0.5,14,-0.17293173566165976,0.1822378349064789,0.3434871802089509,-0.4726862993753652,0.1268228280520457,289,True
LEVEL,pooled,ip,real_macro,a,0.5,15,0.29610501581191073,0.18705001715783218,0.11456909643996484,-0.011564883331484643,0.6037749149553061,288,True
LEVEL,pooled,ip,real_macro,a,0.5,16,0.059288281663597786,0.18145929207689404,0.7441221012906717,-0.23918569305312792,0.3577622563803235,287,True
LEVEL,pooled,ip,real_macro,a,0.5,17,-0.2057269482245747,0.18185537908985197,0.2589392457361196,-0.5048524281011526,0.09339853165200324,286,True
LEVEL,pooled,ip,real_macro,a,0.5,18,-0.2968630549501805,0.18603668720204372,0.11171607324644106,-0.6028661746404986,0.009140064740137621,285,True
LEVEL,pooled,ip,real_macro,a,0.5,19,-0.09410131543551259,0.19764455372075937,0.6343782761151505,-0.4191976764703087,0.23099504559928352,284,False
LEVEL,pooled,ip,real_macro,a,0.5,20,0.017878422378757364,0.20006240916664325,0.9288589509807971,-0.31119495695564525,0.34695180171316,283,True
LEVEL,pooled,ip,real_macro,a,0.5,21,-0.014414278952585846,0.20024164897452557,0.9426679974380595,-0.3437824815350778,0.3149539236299061,282,True
LEVEL,pooled,ip,real_macro,a,0.5,22,-0.013809938207842265,0.19769657548037414,0.9443619878042228,-0.33899186742262116,0.31137199100693663,281,True
LEVEL,pooled,ip,real_macro,a,0.5,23,0.1916233012212274,0.19560922199487976,0.32816234458731297,-0.1301252370422063,0.5133718394846611,280,True
LEVEL,pooled,ip,real_macro,a,0.5,24,0.02119110359990195,0.20688101473032341,0.9184917598530793,-0.3190978838266715,0.3614800910264754,279,True
LEVEL,pooled,cpi,real_macro,a,0.5,0,-0.05669851989318886,0.060981199389040716,0.3532658861639272,-0.1570036668841034,0.04360662709772567,303,True
LEVEL,pooled,cpi,real_macro,a,0.5,1,-0.06736039134536043,0.06844211062585082,0.3258456684078856,-0.17993764524450503,0.04521686255378418,302,True
LEVEL,pooled,cpi,real_macro,a,0.5,2,-0.12141904458945874,0.07033700384026458,0.0853791447542431,-0.23711312046501754,-0.005724968713899922,301,False
LEVEL,pooled,cpi,real_macro,a,0.5,3,-0.030547280437801305,0.07432177928771432,0.681370173395943,-0.152795728660685,0.09170116778508239,300,True
LEVEL,pooled,cpi,real_macro,a,0.5,4,0.008285029497479002,0.07425453516704655,0.91123808248049,-0.11385281198963317,0.13042287098459115,299,True
LEVEL,pooled,cpi,real_macro,a,0.5,5,0.05226184677612089,0.07155517588017467,0.46576531362802565,-0.06543594379753491,0.1699596373497767,298,True
LEVEL,pooled,cpi,real_macro,a,0.5,6,0.02272514294782013,0.07214785754138184,0.7530088426575764,-0.09594752220589992,0.14139780810154018,297,True
LEVEL,pooled,cpi,real_macro,a,0.5,7,-0.04336894965473448,0.0726616806401116,0.5510788209420814,-0.1628867785960116,0.07614887928654265,296,True
LEVEL,pooled,cpi,real_macro,a,0.5,8,-0.03910237127469429,0.07347014017095205,0.5949933098192911,-0.15994999780751784,0.08174525525812924,295,True
LEVEL,pooled,cpi,real_macro,a,0.5,9,0.05541177517343243,0.06752054765447357,0.4125350235487284,-0.05564964252977814,0.166473192876643,294,True
LEVEL,pooled,cpi,real_macro,a,0.5,10,0.06280189327435437,0.0683580404236821,0.35903565332115667,-0.04963707744783448,0.1752408639965432,293,True
LEVEL,pooled,cpi,real_macro,a,0.5,11,0.03216739169639027,0.06958450320305419,0.6442434904727855,-0.08228893077676976,0.14662371416955028,292,True
LEVEL,pooled,cpi,real_macro,a,0.5,12,0.02523982480927245,0.07155363791396946,0.7245516818404569,-0.09245543603509258,0.1429350856536375,291,True
LEVEL,pooled,cpi,real_macro,a,0.5,13,-0.008314259421297265,0.07252357979631437,0.9088121209044419,-0.12760493268876946,0.11097641384617493,290,True
LEVEL,pooled,cpi,real_macro,a,0.5,14,-0.03729001156474965,0.07275035929625406,0.608660131268447,-0.1569537039152159,0.08237368078571661,289,True
LEVEL,pooled,cpi,real_macro,a,0.5,15,-0.06037310109866212,0.07339900176529496,0.4114888457169826,-0.18110371536692504,0.06035751316960081,288,True
LEVEL,pooled,cpi,real_macro,a,0.5,16,-0.06931401446336594,0.07498741673628272,0.35612460629041903,-0.1926573388577621,0.05402930993103022,287,True
LEVEL,pooled,cpi,real_macro,a,0.5,17,-0.062437135912237096,0.073709390535044,0.3976998661797438,-0.18367829427418672,0.05880402244971253,286,True
LEVEL,pooled,cpi,real_macro,a,0.5,18,-0.08388868664582105,0.07238366148305293,0.24749877455133573,-0.20294921476824823,0.03517184147660614,285,True
LEVEL,pooled,cpi,real_macro,a,0.5,19,0.04462842878895401,0.0740825903583604,0.5474038299794998,-0.07722658865595526,0.1664834462338633,284,True
LEVEL,pooled,cpi,real_macro,a,0.5,20,0.06734131040904145,0.07299432538971717,0.3570656510104615,-0.05272367045511077,0.1874062912731937,283,True
LEVEL,pooled,cpi,real_macro,a,0.5,21,0.06071578256286614,0.07502444535255925,0.41907201028873564,-0.06268844848531348,0.18412001361104574,282,True
LEVEL,pooled,cpi,real_macro,a,0.5,22,0.07810079321465935,0.07501356143282513,0.29874515568494875,-0.04528553537867014,0.20148712180798883,281,True
LEVEL,pooled,cpi,real_macro,a,0.5,23,0.05805278464861985,0.07809479298600995,0.4579179514231747,-0.07040171884044302,0.18650728813768272,280,True
LEVEL,pooled,cpi,real_macro,a,0.5,24,-0.022025221450149957,0.07702487560585072,0.7751402321116222,-0.1487198674559195,0.10466942455561959,279,True
LEVEL,pooled,infl_exp,real_macro,a,0.5,0,0.02495788064613158,0.07673790205048625,0.7452382625117026,-0.10126473586625753,0.1511804971585207,303,True
LEVEL,pooled,infl_exp,real_macro,a,0.5,1,-0.10012051379855791,0.07556155665005096,0.1862150656595614,-0.22440821431249336,0.024167186715377542,302,True
LEVEL,pooled,infl_exp,real_macro,a,0.5,2,0.002098888084720474,0.07695434597767575,0.9782597838535979,-0.12447974700633793,0.12867752317577888,301,True
LEVEL,pooled,infl_exp,real_macro,a,0.5,3,0.06416902249650991,0.07651427999675352,0.40236377095917225,-0.06168576846973059,0.1900238134627504,300,True
LEVEL,pooled,infl_exp,real_macro,a,0.5,4,0.05856532404467174,0.07383061365936153,0.42829845745099376,-0.06287522861298198,0.18000587670232546,299,True
LEVEL,pooled,infl_exp,real_macro,a,0.5,5,-0.02239161127292455,0.07308946073378192,0.7595558249053542,-0.14261307585281296,0.09782985330696385,298,True
LEVEL,pooled,infl_exp,real_macro,a,0.5,6,0.021620379827453462,0.06975467924355884,0.7568279986321366,-0.09311585732315086,0.1363566169780578,297,True
LEVEL,pooled,infl_exp,real_macro,a,0.5,7,-0.04415749040217132,0.07410319667311935,0.5517254493051689,-0.16604640221864994,0.0777314214143073,296,True
LEVEL,pooled,infl_exp,real_macro,a,0.5,8,-0.021785840037762405,0.07544748933591591,0.7729817659782451,-0.1458859165163262,0.1023142364408014,295,True
LEVEL,pooled,infl_exp,real_macro,a,0.5,9,-0.033306966319655795,0.07470324708894441,0.6560450976514004,-0.15618287323895802,0.08956894059964642,294,True
LEVEL,pooled,infl_exp,real_macro,a,0.5,10,-0.11957264961754355,0.07703015715494614,0.12172795820516605,-0.2462759829984986,0.0071306837634114995,293,True
LEVEL,pooled,infl_exp,real_macro,a,0.5,11,0.007656922168410407,0.07881708785349525,0.9226788660708057,-0.12198565065316408,0.1372994949899849,292,True
LEVEL,pooled,infl_exp,real_macro,a,0.5,12,0.005925723397980587,0.07838178280657221,0.9397912922953735,-0.12300083633833225,0.13485228313429343,291,True
LEVEL,pooled,infl_exp,real_macro,a,0.5,13,-0.01480325587832887,0.07956478478007271,0.8525399756211758,-0.14567568070144477,0.11606916894478703,290,True
LEVEL,pooled,infl_exp,real_macro,a,0.5,14,0.016402548484947488,0.07896668986354273,0.8356054176061007,-0.11348609774545282,0.1462911947153478,289,True
LEVEL,pooled,infl_exp,real_macro,a,0.5,15,0.035736661417597126,0.07860016896508594,0.6497110359934547,-0.09354911158362303,0.16502243441881728,288,True
LEVEL,pooled,infl_exp,real_macro,a,0.5,16,0.008618502926788896,0.08002788087015998,0.9143177277334038,-0.1230156471797341,0.14025265303331189,287,True
LEVEL,pooled,infl_exp,real_macro,a,0.5,17,0.11437139733854496,0.08134358901835864,0.16085700933148156,-0.019426900087552212,0.24816969476464212,286,True
LEVEL,pooled,infl_exp,real_macro,a,0.5,18,-0.1659723801734856,0.07959149926886662,0.03797755339407236,-0.2968887464203863,-0.03505601392658489,285,True
LEVEL,pooled,infl_exp,real_macro,a,0.5,19,0.014849802480888519,0.07917627480369953,0.8513673995698082,-0.11538358029848311,0.14508318526026015,284,True
LEVEL,pooled,infl_exp,real_macro,a,0.5,20,0.06761996996133249,0.0795360198568405,0.395980834577849,-0.06320514077347592,0.1984450806961409,283,True
LEVEL,pooled,infl_exp,real_macro,a,0.5,21,-0.03474143044666533,0.0799052792350461,0.6640700724751366,-0.16617391880900106,0.0966910579156704,282,True
LEVEL,pooled,infl_exp,real_macro,a,0.5,22,0.051610964032236195,0.08220679677567344,0.530659301108384,-0.08360718380429286,0.18682911186876525,281,True
LEVEL,pooled,infl_exp,real_macro,a,0.5,23,0.00815239964730452,0.08455702940793787,0.9232651401882036,-0.13093153685858439,0.14723633615319343,280,True
LEVEL,pooled,infl_exp,real_macro,a,0.5,24,-0.030766291257444678,0.08490115906363953,0.7173585879964304,-0.170416270675656,0.10888368816076666,279,True
LEVEL,pooled,freight,physical_channel,a,0.5,0,7.576460538644136e-05,0.0036661553535746157,0.9835263870858877,-0.005954524324908323,0.006106053535681205,303,True
LEVEL,pooled,freight,physical_channel,a,0.5,1,-0.002187055779188249,0.0038595430399316964,0.5713852876786484,-0.00853543914679521,0.0041613275884187124,302,True
LEVEL,pooled,freight,physical_channel,a,0.5,2,0.0011469858525455373,0.003780422530328218,0.7618037251434329,-0.005071255857873894,0.007365227562964968,301,True
LEVEL,pooled,freight,physical_channel,a,0.5,3,-0.0019406890669013133,0.003943431335820797,0.6230035119121152,-0.008427056402260241,0.004545678268457614,300,True
LEVEL,pooled,freight,physical_channel,a,0.5,4,-0.0024624052220353423,0.003816353921242157,0.5193007585132051,-0.008739748811120978,0.0038149383670502924,299,True
LEVEL,pooled,freight,physical_channel,a,0.5,5,-0.0021562704719007234,0.0037352079264310325,0.5642059223212739,-0.008300140777108694,0.003987599833307248,298,True
LEVEL,pooled,freight,physical_channel,a,0.5,6,-0.0033880059096510345,0.003818284990917495,0.3756649888017806,-0.009668525825696045,0.002892514006393976,297,True
LEVEL,pooled,freight,physical_channel,a,0.5,7,0.006257535159892136,0.004005164214788588,0.11932311564409787,-0.00033037372533911875,0.01284544404512339,296,True
LEVEL,pooled,freight,physical_channel,a,0.5,8,0.004902150468538202,0.003992907287196229,0.2205815738533209,-0.0016655975648874784,0.011469898501963883,295,True
LEVEL,pooled,freight,physical_channel,a,0.5,9,-0.005776395946155116,0.0039931137892421165,0.14913047365369955,-0.012344483645219947,0.0007916917529097152,294,True
LEVEL,pooled,freight,physical_channel,a,0.5,10,0.00011046582296669882,0.003981489251989525,0.977885487036484,-0.006438501213836575,0.006659432859769973,293,True
LEVEL,pooled,freight,physical_channel,a,0.5,11,0.004281220477166947,0.003942188848531015,0.2784193942006955,-0.00220310314846694,0.010765544102800834,292,True
LEVEL,pooled,freight,physical_channel,a,0.5,12,0.003925962000393968,0.004091474667623183,0.338120076326337,-0.0028039149462260934,0.010655838947014029,291,True
LEVEL,pooled,freight,physical_channel,a,0.5,13,9.322616035412068e-05,0.004214699158826099,0.982368780365672,-0.006839337037550307,0.007025789358258548,290,True
LEVEL,pooled,freight,physical_channel,a,0.5,14,0.0030649732082362532,0.004366058033047869,0.4832728082839575,-0.004116553182903145,0.010246499599375652,289,True
LEVEL,pooled,freight,physical_channel,a,0.5,15,0.0017396393186830672,0.004277495189131999,0.6845489175247053,-0.005296214157428175,0.00877549279479431,288,True
LEVEL,pooled,freight,physical_channel,a,0.5,16,-0.007598804243558632,0.004136247885094032,0.0672783543754237,-0.014402326579325907,-0.0007952819077913578,287,True
LEVEL,pooled,freight,physical_channel,a,0.5,17,-0.001993288174568536,0.0041363010370094235,0.6302636932883571,-0.00879689793745662,0.0048103215883195495,286,True
LEVEL,pooled,freight,physical_channel,a,0.5,18,-0.0023239990476694034,0.003988709531826618,0.5606172135264921,-0.008884842387950325,0.004236844292611518,285,True
LEVEL,pooled,freight,physical_channel,a,0.5,19,0.0031141582077433144,0.004006897157233536,0.437721519662078,-0.0034766011141538107,0.00970491752964044,284,True
LEVEL,pooled,freight,physical_channel,a,0.5,20,-4.870373606719047e-05,0.004053292951916821,0.990421880803781,-0.0067157773491244134,0.0066183698769900325,283,True
LEVEL,pooled,freight,physical_channel,a,0.5,21,0.0019370098634298172,0.003965090196842014,0.6255839060088829,-0.004584983128035496,0.00845900285489513,282,True
LEVEL,pooled,freight,physical_channel,a,0.5,22,-0.0012234923978669127,0.0041686105440863095,0.7693670492848649,-0.008080246570655428,0.005633261774921603,281,True
LEVEL,pooled,freight,physical_channel,a,0.5,23,0.0007549151019650147,0.004041608182814617,0.851970944865835,-0.005892938776254357,0.0074027689801843865,280,True
LEVEL,pooled,freight,physical_channel,a,0.5,24,0.0007514177668641528,0.004141644497069827,0.8561689149719807,-0.006060981205684758,0.007563816739413064,279,True
LEVEL,pooled,oil,asset_price,a,0.75,0,0.029782470783189297,0.02658563299153617,0.26353868673508984,-0.013947004067739695,0.07351194563411828,303,True
LEVEL,pooled,oil,asset_price,a,0.75,1,-0.04226985980460718,0.026776364898298134,0.11551960468555607,-0.08631306072414896,0.0017733411149345943,302,True
LEVEL,pooled,oil,asset_price,a,0.75,2,0.03286916443888899,0.024466108996786876,0.18018532075302582,-0.00737400368186595,0.07311233255964392,301,True
LEVEL,pooled,oil,asset_price,a,0.75,3,-0.06447746824142264,0.03636321896198203,0.07726797157020465,-0.12428964083866934,-0.0046652956441759486,300,True
LEVEL,pooled,oil,asset_price,a,0.75,4,0.06731111389095545,0.027779744669897587,0.016014846631774812,0.021617500114888583,0.11300472766702233,299,True
LEVEL,pooled,oil,asset_price,a,0.75,5,-0.0009929791929721432,0.03936973773924366,0.9798956895679598,-0.06575043510549533,0.06376447671955104,298,True
LEVEL,pooled,oil,asset_price,a,0.75,6,-0.007759826102535783,0.037303403521974,0.8353635585344721,-0.06911846468328903,0.05359881247821747,297,True
LEVEL,pooled,oil,asset_price,a,0.75,7,0.04046732440526668,0.02649037710534577,0.12772685614266877,-0.003105468455773551,0.08404011726630692,296,True
LEVEL,pooled,oil,asset_price,a,0.75,8,0.008577122231764989,0.02611332279309658,0.7428102439414903,-0.03437547147621447,0.051529715939744446,295,True
LEVEL,pooled,oil,asset_price,a,0.75,9,-0.0180039794010316,0.03567080774501739,0.6141483751322663,-0.07667723689671212,0.04066927809464892,294,True
LEVEL,pooled,oil,asset_price,a,0.75,10,0.022806952190320473,0.028966163935031337,0.43173641500378407,-0.024838147617086748,0.0704520519977277,293,True
LEVEL,pooled,oil,asset_price,a,0.75,11,-0.026855607701065765,0.037256857932366445,0.4716239995114882,-0.08813768559993443,0.03442647019780291,292,True
LEVEL,pooled,oil,asset_price,a,0.75,12,0.021931174033966272,0.026998221589069824,0.4173060436246585,-0.022476948668054768,0.06633929673598732,291,True
LEVEL,pooled,oil,asset_price,a,0.75,13,-0.03137271236548145,0.035630431036777876,0.37935277097013614,-0.08997955608616984,0.02723413135520695,290,True
LEVEL,pooled,oil,asset_price,a,0.75,14,0.04709018516145602,0.03462974583949885,0.17500102794203287,-0.009870677883051314,0.10405104820596336,289,True
LEVEL,pooled,oil,asset_price,a,0.75,15,-0.009964287721771686,0.029315222057946098,0.7341911239017639,-0.05818353704867213,0.03825496160512876,288,True
LEVEL,pooled,oil,asset_price,a,0.75,16,0.011902182542710804,0.03596518427270463,0.7409465154692013,-0.047255281252225445,0.07105964633764705,287,True
LEVEL,pooled,oil,asset_price,a,0.75,17,-0.0814821558165022,0.025037856703996216,0.0012802127979431135,-0.1226657652271616,-0.04029854640584279,286,True
LEVEL,pooled,oil,asset_price,a,0.75,18,0.0044363450587923126,0.026220057850403638,0.8657682145835498,-0.038691812195321536,0.04756450231290616,285,True
LEVEL,pooled,oil,asset_price,a,0.75,19,0.04739625719342189,0.027232176041786734,0.08291920765193705,0.0026033136613079905,0.09218920072553578,284,True
LEVEL,pooled,oil,asset_price,a,0.75,20,0.02094009969678723,0.03563768287783003,0.5573050652453019,-0.037678672240957875,0.07955887163453233,283,True
LEVEL,pooled,oil,asset_price,a,0.75,21,0.02481406082139692,0.02605820391696521,0.341825590254264,-0.018047870403264367,0.0676759920460582,282,True
LEVEL,pooled,oil,asset_price,a,0.75,22,0.0011068440018831005,0.03690186928252119,0.9760940443016164,-0.059591329528761,0.0618050175325272,281,True
LEVEL,pooled,oil,asset_price,a,0.75,23,-0.0018199770711930796,0.024219867325643636,0.9401566422889628,-0.04165811368606147,0.03801815954367531,280,True
LEVEL,pooled,oil,asset_price,a,0.75,24,0.04497356115957629,0.028125101376147942,0.11100012647258521,-0.0012881138473584894,0.09123523616651108,279,True
LEVEL,pooled,dxy,asset_price,a,0.75,0,0.0021395860081881435,0.007444016633996001,0.7739939842783803,-0.010104731751327268,0.014383903767703555,303,True
LEVEL,pooled,dxy,asset_price,a,0.75,1,0.0020525142462567425,0.005607011375671685,0.7145875016369253,-0.007170198751374993,0.011275227243888478,302,True
LEVEL,pooled,dxy,asset_price,a,0.75,2,0.005979783022266538,0.006242628269387442,0.33892187531496526,-0.004288426728345188,0.016247992772878264,301,True
LEVEL,pooled,dxy,asset_price,a,0.75,3,0.004043315133150482,0.008031934734612686,0.6150671332002272,-0.009168041846514704,0.01725467211281567,300,True
LEVEL,pooled,dxy,asset_price,a,0.75,4,-0.000999818255551732,0.005249680267786006,0.8490896243850538,-0.00963477388435512,0.0076351373732516555,299,True
LEVEL,pooled,dxy,asset_price,a,0.75,5,0.008205941635027691,0.005727141324687527,0.15301016585414542,-0.0012143675449482454,0.01762625081500363,298,True
LEVEL,pooled,dxy,asset_price,a,0.75,6,-0.010271393475584034,0.0053023107803895535,0.05372152154273143,-0.018992918593931683,-0.0015498683572363857,297,True
LEVEL,pooled,dxy,asset_price,a,0.75,7,-0.0005392097251517569,0.005900235728948445,0.9272493153670166,-0.01024423386378127,0.009165814413477757,296,True
LEVEL,pooled,dxy,asset_price,a,0.75,8,-0.016045816323238205,0.005495159342686484,0.0037840217245828727,-0.025084549098732336,-0.007007083547744073,295,True
LEVEL,pooled,dxy,asset_price,a,0.75,9,-0.0018019311094867874,0.005547930689254391,0.7455799923489178,-0.010927465025782254,0.007323602806808679,294,False
LEVEL,pooled,dxy,asset_price,a,0.75,10,-0.0025004763063982693,0.0060491257167755155,0.6796592322756663,-0.0124504026815219,0.007449450068725362,293,True
LEVEL,pooled,dxy,asset_price,a,0.75,11,0.004245108019922839,0.006278521457787836,0.4995190670208209,-0.006082140771812128,0.014572356811657805,292,True
LEVEL,pooled,dxy,asset_price,a,0.75,12,0.0008158830077009682,0.006527802522494588,0.9006254022944244,-0.009921396647447223,0.01155316266284916,291,True
LEVEL,pooled,dxy,asset_price,a,0.75,13,0.006079989398934171,0.006260202777998388,0.3322926571917171,-0.004217127845908159,0.0163771066437765,290,True
LEVEL,pooled,dxy,asset_price,a,0.75,14,-0.02040465239267436,0.005568176207633859,0.00029729531092674566,-0.029563487223305807,-0.011245817562042914,289,True
LEVEL,pooled,dxy,asset_price,a,0.75,15,-0.000990854372050265,0.005671106321952722,0.8614288676792837,-0.010318994174541622,0.008337285430441092,288,True
LEVEL,pooled,dxy,asset_price,a,0.75,16,0.001661702389233799,0.006137484302919792,0.7867905959130228,-0.008433560926781549,0.011756965705249147,287,True
LEVEL,pooled,dxy,asset_price,a,0.75,17,-0.004117676446338425,0.006571343934205633,0.5314397920219047,-0.014926575350462117,0.006691222457785266,286,True
LEVEL,pooled,dxy,asset_price,a,0.75,18,-0.016335044902423768,0.005807769493381513,0.005273359698333038,-0.025887975618110463,-0.0067821141867370725,285,True
LEVEL,pooled,dxy,asset_price,a,0.75,19,-0.004507423356288509,0.005712353497503395,0.4307658175880856,-0.013903408725085897,0.004888562012508878,284,True
LEVEL,pooled,dxy,asset_price,a,0.75,20,0.0015558352252980079,0.005708030301337189,0.7853932379517569,-0.007833039118605372,0.010944709569201388,283,True
LEVEL,pooled,dxy,asset_price,a,0.75,21,-0.0027813490121686435,0.008325328601558586,0.738578358615437,-0.016475295958005114,0.010912597933667825,282,True
LEVEL,pooled,dxy,asset_price,a,0.75,22,0.0018658135218845295,0.006108509945024418,0.7602652817361392,-0.008181791216458022,0.011913418260227081,281,True
LEVEL,pooled,dxy,asset_price,a,0.75,23,-0.014536054190370962,0.005673268356500821,0.01095243509824693,-0.023867750223230354,-0.005204358157511569,280,False
LEVEL,pooled,dxy,asset_price,a,0.75,24,-0.010894447906121263,0.00815256603926843,0.1825905581000554,-0.024304225724773337,0.0025153299125308132,279,True
LEVEL,pooled,vix,asset_price,a,0.75,0,0.16702182158223877,1.5533680392601883,0.9144491809440864,-2.3880412317853787,2.7220848749498563,303,True
LEVEL,pooled,vix,asset_price,a,0.75,1,-3.6600831218937344,1.5986217278735688,0.0227723125722127,-6.289581869110004,-1.0305843746774652,302,True
LEVEL,pooled,vix,asset_price,a,0.75,2,-2.5838567692535435,1.7294083037606371,0.13625597180003152,-5.428480290174221,0.2607667516671337,301,True
LEVEL,pooled,vix,asset_price,a,0.75,3,-2.03168457305037,1.6121723463431008,0.20861889472881176,-4.683472104203684,0.6201029581029442,300,True
LEVEL,pooled,vix,asset_price,a,0.75,4,-2.4319165952474577,1.8078298280150373,0.17962576666396177,-5.405532044769048,0.5416988542741326,299,True
LEVEL,pooled,vix,asset_price,a,0.75,5,2.2571222686929104,2.4613247703426633,0.3599020948978336,-1.7913967069107182,6.305641244296539,298,True
LEVEL,pooled,vix,asset_price,a,0.75,6,1.3639941774308681,2.458711621602749,0.5794971937912459,-2.680226550990149,5.408214905851885,297,False
LEVEL,pooled,vix,asset_price,a,0.75,7,1.0344575124327093,2.806006944483832,0.7126591092574266,-3.58101318745254,5.649928212317959,296,False
LEVEL,pooled,vix,asset_price,a,0.75,8,-0.7357303358485296,2.0176793079407696,0.7156530267325851,-4.054517463539841,2.5830567918427816,295,True
LEVEL,pooled,vix,asset_price,a,0.75,9,-0.29915222812996944,3.370271483174322,0.9293344659022692,-5.8427555010403704,5.244451044780432,294,True
LEVEL,pooled,vix,asset_price,a,0.75,10,0.5159849930389555,3.2710879261164063,0.8747749181605742,-4.864475846310785,5.896445832388696,293,True
LEVEL,pooled,vix,asset_price,a,0.75,11,2.1040338013237943,3.5720664763399954,0.5563233194583206,-3.7714926979958125,7.979560300643401,292,True
LEVEL,pooled,vix,asset_price,a,0.75,12,1.713075951042697,2.4130140819531936,0.4783434986702123,-2.2559790135429902,5.682130915628385,291,True
LEVEL,pooled,vix,asset_price,a,0.75,13,-1.2577311643110534,3.509689838195985,0.7203481366186929,-7.030657224142445,4.515194895520338,290,True
LEVEL,pooled,vix,asset_price,a,0.75,14,-1.5518734255201707,3.165346908471522,0.6243340474555471,-6.758405768479183,3.6546589174388417,289,True
LEVEL,pooled,vix,asset_price,a,0.75,15,0.2980694711486649,2.7331093068249475,0.913235721797043,-4.197495285037174,4.793634227334504,288,True
LEVEL,pooled,vix,asset_price,a,0.75,16,0.9423462449799445,3.11017872499803,0.7621298981366706,-4.173442511300371,6.0581350012602595,287,True
LEVEL,pooled,vix,asset_price,a,0.75,17,0.11738420084111567,3.011264902626316,0.9689335809080629,-4.835705795955452,5.070474197637683,286,True
LEVEL,pooled,vix,asset_price,a,0.75,18,-3.2909643570963,2.9028999695017714,0.2579300095942257,-8.065809900608606,1.4838811864160073,285,True
LEVEL,pooled,vix,asset_price,a,0.75,19,-4.588563942496876,2.03677376059106,0.025071053434898134,-7.9387586498846705,-1.2383692351090811,284,True
LEVEL,pooled,vix,asset_price,a,0.75,20,-4.72744011337636,3.198624368433553,0.14058826893104223,-9.988709007049653,0.5338287802969317,283,True
LEVEL,pooled,vix,asset_price,a,0.75,21,-4.493189889962196,3.261659553697581,0.1694829655578343,-9.858142436742583,0.8717626568181904,282,True
LEVEL,pooled,vix,asset_price,a,0.75,22,-4.1754118798498325,3.365415044499729,0.21581208727368298,-9.711027021992262,1.3602032622925968,281,True
LEVEL,pooled,vix,asset_price,a,0.75,23,-1.592176386503752,2.845162152711381,0.5762175367237165,-6.272051672656126,3.087698899648622,280,True
LEVEL,pooled,vix,asset_price,a,0.75,24,-1.8231118500611956,2.7666710587430425,0.5104967982838478,-6.3738807756163585,2.7276570754939673,279,True
LEVEL,pooled,us10y,asset_price,a,0.75,0,-0.07037912012073377,0.06901128809259673,0.308666588399003,-0.18389258764043442,0.04313434739896689,303,True
LEVEL,pooled,us10y,asset_price,a,0.75,1,0.0819213980512501,0.09574703100975958,0.39292894243977816,-0.07556845317498803,0.23941124927748822,302,True
LEVEL,pooled,us10y,asset_price,a,0.75,2,-0.013873906546614023,0.0942899713189486,0.8831241562881751,-0.16896710785573693,0.14121929476250888,301,True
LEVEL,pooled,us10y,asset_price,a,0.75,3,-0.0660927387704362,0.06840217703831199,0.33474175199006123,-0.1786043077632804,0.04641883022240799,300,True
LEVEL,pooled,us10y,asset_price,a,0.75,4,0.035937818739668614,0.067551267413081,0.5951348779383713,-0.07517412846990645,0.14704976594924368,299,True
LEVEL,pooled,us10y,asset_price,a,0.75,5,0.03225341914520641,0.10374802206929637,0.7561181848774875,-0.1383968912445171,0.2029037295349299,298,True
LEVEL,pooled,us10y,asset_price,a,0.75,6,0.04551016436022337,0.074299387371309,0.54068292732604,-0.07670145243774666,0.16772178115819342,297,True
LEVEL,pooled,us10y,asset_price,a,0.75,7,0.07174687665271762,0.07169466632368532,0.31781612947100235,-0.046180355282871746,0.18967410858830697,296,True
LEVEL,pooled,us10y,asset_price,a,0.75,8,-0.06239140225039819,0.07794089277695716,0.42409952361995173,-0.19059276242241197,0.06580995792161559,295,True
LEVEL,pooled,us10y,asset_price,a,0.75,9,-0.044999141249164154,0.06549973902794375,0.4926434374450839,-0.15273662455365233,0.06273834205532401,294,True
LEVEL,pooled,us10y,asset_price,a,0.75,10,-0.009878833358470729,0.07101953090398161,0.8894712956210031,-0.12669556635027704,0.10693789963333558,293,False
LEVEL,pooled,us10y,asset_price,a,0.75,11,-0.041795497060189035,0.07195519747206108,0.5618091322457546,-0.1601512646001181,0.07656027047974004,292,True
LEVEL,pooled,us10y,asset_price,a,0.75,12,-0.03201405276864433,0.06938157276623914,0.6448593519129578,-0.14613658437679028,0.08210847883950162,291,True
LEVEL,pooled,us10y,asset_price,a,0.75,13,0.15211681547708622,0.09621599377336236,0.11502490734215823,-0.0061444108517691165,0.31037804180594153,290,False
LEVEL,pooled,us10y,asset_price,a,0.75,14,-0.11674500290983758,0.0678693720464622,0.08653148970264546,-0.2283801856793798,-0.00510982014029536,289,True
LEVEL,pooled,us10y,asset_price,a,0.75,15,-0.0420149688559448,0.06377997740126186,0.5106104153111877,-0.1469236960112933,0.0628937582994037,288,True
LEVEL,pooled,us10y,asset_price,a,0.75,16,-0.12942673629135015,0.06437415784916849,0.045357475777493154,-0.2353128033115015,-0.023540669271198786,287,False
LEVEL,pooled,us10y,asset_price,a,0.75,17,0.004275947126213708,0.06433903135598866,0.9470607335315501,-0.10155234195422874,0.11010423620665616,286,True
LEVEL,pooled,us10y,asset_price,a,0.75,18,0.03802651399391266,0.07269977196589901,0.6013582573734996,-0.08155396960274129,0.15760699759056662,285,True
LEVEL,pooled,us10y,asset_price,a,0.75,19,0.06074753996529125,0.06419336956984477,0.34483096420547454,-0.04484115679790418,0.16633623672848669,284,True
LEVEL,pooled,us10y,asset_price,a,0.75,20,0.12579238541245075,0.06521162300953272,0.054784395916019545,0.018528810785828784,0.2330559600390727,283,True
LEVEL,pooled,us10y,asset_price,a,0.75,21,0.13177710447962454,0.10772343768137618,0.22229434559354552,-0.04541218269826797,0.30896639165751705,282,True
LEVEL,pooled,us10y,asset_price,a,0.75,22,-0.0914620707810645,0.10256069051251754,0.3733112200232363,-0.26015939455322645,0.07723525299109743,281,True
LEVEL,pooled,us10y,asset_price,a,0.75,23,-0.02797162315959234,0.07548803163231897,0.711272234098638,-0.15213838578143968,0.09619513946225498,280,True
LEVEL,pooled,us10y,asset_price,a,0.75,24,0.0878876086040119,0.09575473830380957,0.3595367971856805,-0.06961491999279831,0.24539013720082212,279,True
LEVEL,pooled,ip,real_macro,a,0.75,0,0.09540513649368165,0.17703317786813022,0.5903631121088742,-0.19578852821345744,0.38659880120082074,303,True
LEVEL,pooled,ip,real_macro,a,0.75,1,-0.46086544572335697,0.16906110199123436,0.006802928675355098,-0.7389462125100515,-0.1827846789366624,302,True
LEVEL,pooled,ip,real_macro,a,0.75,2,-0.2795587541398845,0.16234626683192893,0.08614862395094922,-0.5465945999604143,-0.012522908319354709,301,True
LEVEL,pooled,ip,real_macro,a,0.75,3,0.4751973103155933,0.19989184181299532,0.018098890541633956,0.14640448931147804,0.8039901313197086,300,True
LEVEL,pooled,ip,real_macro,a,0.75,4,-0.21796276404923276,0.196919180420848,0.269286062462771,-0.5418659921807759,0.10594046408231039,299,True
LEVEL,pooled,ip,real_macro,a,0.75,5,0.04797162773991204,0.18200805473107656,0.7923034072213759,-0.25140498121888133,0.3473482366987054,298,True
LEVEL,pooled,ip,real_macro,a,0.75,6,-0.02639395576966308,0.25193072353920815,0.9166351307045529,-0.44078312012363824,0.3879952085843121,297,True
LEVEL,pooled,ip,real_macro,a,0.75,7,-0.04919543962689232,0.23736874964874388,0.8359616785596343,-0.4396322884115647,0.34124140915778006,296,True
LEVEL,pooled,ip,real_macro,a,0.75,8,0.08751900981617666,0.23732665704890163,0.7125766725565743,-0.3028486028029774,0.4778866224353307,295,True
LEVEL,pooled,ip,real_macro,a,0.75,9,0.04385227821148874,0.16617821696649457,0.7920610712334953,-0.2294865646861785,0.317191121109156,294,True
LEVEL,pooled,ip,real_macro,a,0.75,10,-0.3028961415950562,0.17730320558830334,0.08868340604887129,-0.5945339623770995,-0.011258320813012868,293,False
LEVEL,pooled,ip,real_macro,a,0.75,11,-0.14118696066373104,0.16786856627006225,0.40103908325521975,-0.4173061807441865,0.13493225941672443,292,True
LEVEL,pooled,ip,real_macro,a,0.75,12,-0.21711899714637184,0.1622044250127582,0.18181426650606128,-0.48392153393618526,0.04968353964344158,291,True
LEVEL,pooled,ip,real_macro,a,0.75,13,0.21131994044262115,0.17876536873801357,0.23818035125387413,-0.08272292469941778,0.5053628055846601,290,True
LEVEL,pooled,ip,real_macro,a,0.75,14,-0.49163253478758673,0.2087875689510582,0.019240639857533787,-0.8350575248391154,-0.14820754473605807,289,True
LEVEL,pooled,ip,real_macro,a,0.75,15,0.3835340837833314,0.17815385202514938,0.03220543182211663,0.09049707412438857,0.6765710934422743,288,True
LEVEL,pooled,ip,real_macro,a,0.75,16,0.1004395237086726,0.19270259622559607,0.6026393977705815,-0.2165280406159642,0.4174070880333094,287,True
LEVEL,pooled,ip,real_macro,a,0.75,17,-0.34108750226909024,0.24829858685857312,0.17066624778830175,-0.7495023334303395,0.06732732889215892,286,True
LEVEL,pooled,ip,real_macro,a,0.75,18,-0.22404296093449716,0.19612935364770187,0.2543282675149051,-0.5466470396335675,0.09856111776457321,285,True
LEVEL,pooled,ip,real_macro,a,0.75,19,-0.20430981161223372,0.18917116854795069,0.2810943287659655,-0.5154686943129787,0.10684907108851122,284,True
LEVEL,pooled,ip,real_macro,a,0.75,20,-0.126813585288303,0.20841853255610238,0.543398254278051,-0.46963156448711146,0.21600439391050547,283,True
LEVEL,pooled,ip,real_macro,a,0.75,21,0.08684582962646914,0.17295095935954616,0.6159803972647422,-0.19763318316081702,0.3713248424137553,282,True
LEVEL,pooled,ip,real_macro,a,0.75,22,0.09028542013993501,0.1857025457834317,0.6272362130528736,-0.21516808582606445,0.3957389261059345,281,False
LEVEL,pooled,ip,real_macro,a,0.75,23,0.1295258583737997,0.2487513788939549,0.6030060883716825,-0.2796337494091019,0.5386854661567013,280,False
LEVEL,pooled,ip,real_macro,a,0.75,24,-0.19320687881578102,0.17384607485945608,0.2674174840999743,-0.4791582255796345,0.09274446794807245,279,True
LEVEL,pooled,cpi,real_macro,a,0.75,0,-0.05246659309055701,0.06200236881828136,0.39813959724212866,-0.15445141432089,0.04951822813977595,303,True
LEVEL,pooled,cpi,real_macro,a,0.75,1,0.011542594391750427,0.060108338532208476,0.8478541605195502,-0.08732682425297962,0.11041201303648047,302,True
LEVEL,pooled,cpi,real_macro,a,0.75,2,-0.23721435314336858,0.06595920530846056,0.0003798007010270172,-0.3457075912258267,-0.12872111506091044,301,True
LEVEL,pooled,cpi,real_macro,a,0.75,3,-0.04126966636804852,0.07874743402940249,0.6006313504968827,-0.17079766884443298,0.08825833610833594,300,True
LEVEL,pooled,cpi,real_macro,a,0.75,4,0.061340180876483075,0.08285647206931261,0.4597161847788792,-0.07494658772312912,0.19762694947609527,299,True
LEVEL,pooled,cpi,real_macro,a,0.75,5,-0.04921723720087812,0.07590485242927976,0.5172456608271977,-0.1740696090223952,0.07563513462063896,298,True
LEVEL,pooled,cpi,real_macro,a,0.75,6,-0.014653328159127454,0.10170361148982926,0.8855408376124517,-0.18194088239223652,0.1526342260739816,297,True
LEVEL,pooled,cpi,real_macro,a,0.75,7,-0.1471943731241936,0.1003522833067561,0.14355113429768956,-0.31225919029417304,0.01787044404578586,296,True
LEVEL,pooled,cpi,real_macro,a,0.75,8,-0.07057787066421639,0.06672120910775853,0.29105392618372083,-0.18032449345970059,0.03916875213126782,295,True
LEVEL,pooled,cpi,real_macro,a,0.75,9,-0.10127454139135494,0.07055785266405551,0.1523062049303402,-0.21733188125573424,0.014782798473024356,294,True
LEVEL,pooled,cpi,real_macro,a,0.75,10,-0.03598092665413688,0.0714984465267583,0.6151921275773248,-0.15358540574507115,0.08162355243679739,293,True
LEVEL,pooled,cpi,real_macro,a,0.75,11,-0.05855073425664159,0.07140483089853145,0.41292838281966915,-0.1760012293419476,0.05889976082866441,292,False
LEVEL,pooled,cpi,real_macro,a,0.75,12,-0.07236368716649721,0.10173170932845411,0.4774852077440308,-0.2396974582313779,0.09497008389838346,291,True
LEVEL,pooled,cpi,real_macro,a,0.75,13,-0.03005050437582213,0.0720411459508782,0.6769077775725293,-0.1485476445828645,0.08844663583122024,290,False
LEVEL,pooled,cpi,real_macro,a,0.75,14,-0.05392404655253813,0.08225396374503581,0.5126425156787288,-0.18921977714969518,0.08137168404461892,289,True
LEVEL,pooled,cpi,real_macro,a,0.75,15,-0.09523291422763691,0.09548109205327421,0.3194500240350113,-0.2522853347967524,0.061819506341478564,288,True
LEVEL,pooled,cpi,real_macro,a,0.75,16,0.10419048279865706,0.11019781859232224,0.3452469339690249,-0.07706879879506454,0.2854497643923787,287,True
LEVEL,pooled,cpi,real_macro,a,0.75,17,-0.08862852292817869,0.11390093787564358,0.4371749837711991,-0.27597889370610534,0.09872184784974797,286,True
LEVEL,pooled,cpi,real_macro,a,0.75,18,-0.11075967634252493,0.08383654077054832,0.18756960422592564,-0.2486585145000263,0.027139161814976442,285,False
LEVEL,pooled,cpi,real_macro,a,0.75,19,0.04689970872284732,0.07188150658620104,0.5146604529549168,-0.0713348480962016,0.16513426554189625,284,True
LEVEL,pooled,cpi,real_macro,a,0.75,20,0.0004372791317166502,0.07254207431375366,0.9951948982858285,-0.11888381490984429,0.11975837317327759,283,True
LEVEL,pooled,cpi,real_macro,a,0.75,21,0.0014724411867614862,0.08306424956796588,0.9858702031148562,-0.13515609098510944,0.13810097335863242,282,True
LEVEL,pooled,cpi,real_macro,a,0.75,22,0.11078380174040348,0.10199681088615982,0.2783924073830235,-0.05698602258317992,0.27855362606398687,281,True
LEVEL,pooled,cpi,real_macro,a,0.75,23,0.0029087624092198894,0.07329371221803477,0.9683729269193091,-0.11764866596535203,0.12346619078379181,280,True
LEVEL,pooled,cpi,real_macro,a,0.75,24,0.09675343492551391,0.07226080853732879,0.1817351426013568,-0.02210501808355725,0.21561188793458508,279,True
LEVEL,pooled,infl_exp,real_macro,a,0.75,0,0.1852639423890423,0.08774642582998694,0.03560016053784434,0.04093391561055995,0.3295939691675247,303,True
LEVEL,pooled,infl_exp,real_macro,a,0.75,1,0.00861489128637416,0.09134659260182447,0.9249285370595057,-0.14163688286439532,0.15886666543714364,302,True
LEVEL,pooled,infl_exp,real_macro,a,0.75,2,-0.04911050617961621,0.1168421097156625,0.674569777617624,-0.24129867412608552,0.1430776617668531,301,True
LEVEL,pooled,infl_exp,real_macro,a,0.75,3,0.08346563192828427,0.08864389441063943,0.34720053113339133,-0.06234059930015934,0.22927186315672787,300,True
LEVEL,pooled,infl_exp,real_macro,a,0.75,4,0.020598854798183908,0.1206782413203979,0.8645867796395823,-0.1778991881317976,0.2190968977281654,299,True
LEVEL,pooled,infl_exp,real_macro,a,0.75,5,0.22011125463131653,0.11941785708687241,0.06634141617781059,0.023686359279201874,0.4165361499834312,298,True
LEVEL,pooled,infl_exp,real_macro,a,0.75,6,-0.006388691735679686,0.09956552203897719,0.948883585514102,-0.17015940178080805,0.15738201830944867,297,True
LEVEL,pooled,infl_exp,real_macro,a,0.75,7,-0.11836550342379226,0.09850953429377177,0.2305406450102131,-0.2803992681962032,0.04366826134861865,296,True
LEVEL,pooled,infl_exp,real_macro,a,0.75,8,-0.06145936569177479,0.1318063758055194,0.6413726136231598,-0.2782615609908121,0.15534282960726256,295,True
LEVEL,pooled,infl_exp,real_macro,a,0.75,9,-0.043936920541256086,0.09223540918791598,0.6341920443898353,-0.19565066787735283,0.10777682679484066,294,True
LEVEL,pooled,infl_exp,real_macro,a,0.75,10,-0.06535313821477473,0.12840218681360674,0.6111740093226882,-0.2765559409036363,0.14584966447408682,293,True
LEVEL,pooled,infl_exp,real_macro,a,0.75,11,-0.02514810700377268,0.09309888680255385,0.7872664035417655,-0.17828214862609792,0.12798593461855257,292,True
LEVEL,pooled,infl_exp,real_macro,a,0.75,12,0.11449966048960647,0.08261586397592133,0.166883521211221,-0.021391343014917213,0.2503906639941301,291,True
LEVEL,pooled,infl_exp,real_macro,a,0.75,13,-0.006426874843409536,0.08921493627282548,0.9426237583535768,-0.153172386350011,0.14031863666319191,290,True
LEVEL,pooled,infl_exp,real_macro,a,0.75,14,-0.0062514769519737,0.1103176730366145,0.954850852114808,-0.1877079015630957,0.1752049476591483,289,True
LEVEL,pooled,infl_exp,real_macro,a,0.75,15,0.15977553235331854,0.07760399243185935,0.04045309437678506,0.0321283239358601,0.287422740770777,288,True
LEVEL,pooled,infl_exp,real_macro,a,0.75,16,-0.08666840633546258,0.11404690310350903,0.4479482848321416,-0.27425886854785253,0.10092205587692735,287,True
LEVEL,pooled,infl_exp,real_macro,a,0.75,17,0.14837732904508982,0.08475811823364816,0.0811427141639872,0.008962630854891934,0.28779202723528774,286,True
LEVEL,pooled,infl_exp,real_macro,a,0.75,18,-0.04687232703469135,0.08507776646251307,0.582132071301811,-0.1868127997734863,0.0930681457041036,285,True
LEVEL,pooled,infl_exp,real_macro,a,0.75,19,-0.16671556093565698,0.088756477805416,0.0614110883135711,-0.31270697536933334,-0.020724146501980623,284,True
LEVEL,pooled,infl_exp,real_macro,a,0.75,20,0.2917598398815322,0.0770990639285007,0.0001901133457500959,0.1649431649441744,0.41857651481889,283,True
LEVEL,pooled,infl_exp,real_macro,a,0.75,21,0.1679685311858634,0.0897096987777158,0.06224617394711171,0.02040920777861352,0.3155278545931133,282,False
LEVEL,pooled,infl_exp,real_macro,a,0.75,22,0.23574821807473967,0.12492642727182565,0.060232087041983406,0.03026253107458793,0.4412339050748914,281,True
LEVEL,pooled,infl_exp,real_macro,a,0.75,23,0.08300508364735748,0.12569360000160176,0.5095837816288227,-0.12374249019986475,0.2897526574945797,280,True
LEVEL,pooled,infl_exp,real_macro,a,0.75,24,-0.047672823551593524,0.09992444468308936,0.6336921658775346,-0.2120339088096848,0.11668826170649776,279,True
LEVEL,pooled,freight,physical_channel,a,0.75,0,0.00420731079747938,0.005820084835413989,0.4703289480904253,-0.005365876853216583,0.013780498448175343,303,True
LEVEL,pooled,freight,physical_channel,a,0.75,1,0.0040291754869477,0.006928907951126417,0.5613568530160082,-0.007367863887275481,0.015426214861170882,302,True
LEVEL,pooled,freight,physical_channel,a,0.75,2,-0.005293555637621017,0.007977886584586777,0.5075247163688084,-0.01841601132168607,0.007828900046444036,301,True
LEVEL,pooled,freight,physical_channel,a,0.75,3,0.00027018693097691227,0.006612648651905708,0.9674367250977257,-0.010606652187865955,0.01114702604981978,300,True
LEVEL,pooled,freight,physical_channel,a,0.75,4,0.005685386445879459,0.0066990109904862035,0.3967658408847129,-0.0053335060788095474,0.016704278970568465,299,True
LEVEL,pooled,freight,physical_channel,a,0.75,5,-0.00016685049018505538,0.005958664729875341,0.9776807628059712,-0.009967981782908326,0.009634280802538215,298,True
LEVEL,pooled,freight,physical_channel,a,0.75,6,0.00960849475639547,0.00565908854216583,0.09062825979089699,0.0003001224425744839,0.018916867070216455,297,True
LEVEL,pooled,freight,physical_channel,a,0.75,7,0.01657890837791598,0.00777696579838032,0.03388790727998666,0.0037869379777725597,0.029370878778059398,296,True
LEVEL,pooled,freight,physical_channel,a,0.75,8,0.020090635612333096,0.007728381451612892,0.009826692208055788,0.0073785793511831465,0.032802691873483045,295,True
LEVEL,pooled,freight,physical_channel,a,0.75,9,-0.008700060810708177,0.008415819713894426,0.3021335791122457,-0.022542852390877124,0.005142730769460771,294,True
LEVEL,pooled,freight,physical_channel,a,0.75,10,0.001006465267828105,0.006944850572426385,0.8848766788952368,-0.010416797384863442,0.012429727920519652,293,True
LEVEL,pooled,freight,physical_channel,a,0.75,11,0.0023821490945958868,0.008949630086994538,0.7903033483294245,-0.012338682413871099,0.017102980603062874,292,True
LEVEL,pooled,freight,physical_channel,a,0.75,12,0.004467994886309334,0.007220258089963742,0.5365476233865487,-0.007408272820493236,0.016344262593111905,291,True
LEVEL,pooled,freight,physical_channel,a,0.75,13,-0.005525913201791521,0.008929408374643578,0.5365293777285345,-0.02021348295335486,0.009161656549771819,290,True
LEVEL,pooled,freight,physical_channel,a,0.75,14,0.0019434833286743336,0.008985951098293457,0.8289296846176918,-0.012837090926962225,0.016724057584310892,289,True
LEVEL,pooled,freight,physical_channel,a,0.75,15,-0.005269084698386273,0.006994914649335145,0.4519322547442078,-0.01677469542956117,0.006236526032788627,288,True
LEVEL,pooled,freight,physical_channel,a,0.75,16,-0.003953345067003511,0.006326998545510227,0.5325996903881468,-0.014360331572302697,0.006453641438295675,287,True
LEVEL,pooled,freight,physical_channel,a,0.75,17,-0.007922062648630046,0.006277769027198082,0.20805742319524656,-0.018248073802180426,0.002403948504920334,286,True
LEVEL,pooled,freight,physical_channel,a,0.75,18,-0.014585927282244171,0.005972907997554689,0.015245147378679949,-0.02441048666546946,-0.004761367899018884,285,True
LEVEL,pooled,freight,physical_channel,a,0.75,19,0.0028941797665202884,0.008020269053373144,0.7184876332642419,-0.010297988875047178,0.016086348408087755,284,True
LEVEL,pooled,freight,physical_channel,a,0.75,20,-0.006335458685779116,0.005635779470843659,0.2619517560688154,-0.015605490989094957,0.0029345736175367242,283,False
LEVEL,pooled,freight,physical_channel,a,0.75,21,0.014733415457037047,0.0076329693673043006,0.05463297644982341,0.002178298108817084,0.02728853280525701,282,True
LEVEL,pooled,freight,physical_channel,a,0.75,22,0.010992639434022622,0.005290659138999847,0.038688492758723846,0.0022902795602747703,0.019694999307770474,281,True
LEVEL,pooled,freight,physical_channel,a,0.75,23,0.007010445318755831,0.005532640562798873,0.20622542109726566,-0.0020899385775827294,0.016110829215094394,280,True
LEVEL,pooled,freight,physical_channel,a,0.75,24,-0.0006058358119958029,0.006002646750580287,0.9196838440731793,-0.010479311090996257,0.009267639467004651,279,True
LEVEL,pooled,oil,asset_price,a,0.9,0,-0.007748077803043429,0.029306814529386715,0.7916770810537191,-0.05595349797609927,0.04045734237001241,303,True
LEVEL,pooled,oil,asset_price,a,0.9,1,-0.04718518708870789,0.026427702941672005,0.07524150809596424,-0.09065489012431319,-0.0037154840531026037,302,True
LEVEL,pooled,oil,asset_price,a,0.9,2,0.08332433957045993,0.031599284519883454,0.008822334479241424,0.031348141818858116,0.13530053732206174,301,True
LEVEL,pooled,oil,asset_price,a,0.9,3,-0.09380433565554638,0.05477795111471655,0.08789820849277603,-0.18390604722355836,-0.0037026240875344257,300,True
LEVEL,pooled,oil,asset_price,a,0.9,4,0.16139266695497412,0.03469773399133756,5.0526919209941e-06,0.10431997335232515,0.21846536055762308,299,True
LEVEL,pooled,oil,asset_price,a,0.9,5,0.03394799170489193,0.058093569616413765,0.5594370139373714,-0.061607426981224095,0.12950341039100796,298,True
LEVEL,pooled,oil,asset_price,a,0.9,6,-0.017472175606549456,0.058149306629075075,0.7640385848583914,-0.11311927352009687,0.07817492230699796,297,True
LEVEL,pooled,oil,asset_price,a,0.9,7,0.010806072186973381,0.02708396322561164,0.6902068419471111,-0.03374308295689422,0.05535522733084098,296,True
LEVEL,pooled,oil,asset_price,a,0.9,8,0.05865983478960146,0.03660798980568649,0.11019553456623146,-0.0015549500176844783,0.1188746195968874,295,False
LEVEL,pooled,oil,asset_price,a,0.9,9,-0.02261095574134231,0.03461656874852642,0.5141742594945893,-0.07955014439997098,0.03432823291728636,294,True
LEVEL,pooled,oil,asset_price,a,0.9,10,-0.009229158119584469,0.03618358197971438,0.7988609678480767,-0.0687458541750136,0.05028753793584466,293,True
LEVEL,pooled,oil,asset_price,a,0.9,11,-0.03815474458858992,0.06318300686631621,0.5464180748171775,-0.1420815425943499,0.06577205341717007,292,True
LEVEL,pooled,oil,asset_price,a,0.9,12,0.06681312666981132,0.034836449000824464,0.05615068448184147,0.009512267180695207,0.12411398615892744,291,True
LEVEL,pooled,oil,asset_price,a,0.9,13,-0.03040992748355631,0.06656669737051764,0.6481497297035653,-0.13990240108763327,0.07908254612052065,290,True
LEVEL,pooled,oil,asset_price,a,0.9,14,0.016205071946991723,0.05881790173408939,0.7831293658736436,-0.0805417670500005,0.11295191094398395,289,True
LEVEL,pooled,oil,asset_price,a,0.9,15,0.038982811895294844,0.04561338731961126,0.39349968860411283,-0.03604453367491002,0.11401015746549971,288,True
LEVEL,pooled,oil,asset_price,a,0.9,16,-0.0069641740871766444,0.029323367358956874,0.8124503774357678,-0.05519682124198727,0.04126847306763398,287,True
LEVEL,pooled,oil,asset_price,a,0.9,17,-0.08753543561894617,0.036541781108044936,0.0172745449889424,-0.14764131680978065,-0.027429554428111666,286,True
LEVEL,pooled,oil,asset_price,a,0.9,18,0.04164578127586083,0.030847382887074466,0.17812361112677189,-0.009093648347904382,0.09238521089962604,285,True
LEVEL,pooled,oil,asset_price,a,0.9,19,0.028654491942202043,0.05898965437947385,0.6275351756246534,-0.06837485501648932,0.1256838389008934,284,True
LEVEL,pooled,oil,asset_price,a,0.9,20,-0.007040749008661251,0.03012469799190292,0.81538000783559,-0.0565914677614605,0.042509969744137996,283,True
LEVEL,pooled,oil,asset_price,a,0.9,21,-0.00699256640648116,0.028041994677518774,0.8032729302245681,-0.05311754305875179,0.03913241024578947,282,True
LEVEL,pooled,oil,asset_price,a,0.9,22,-0.026601174913430725,0.04385061121468269,0.5446107501992562,-0.09872901181394045,0.045526661987079,281,True
LEVEL,pooled,oil,asset_price,a,0.9,23,0.0032708134432937186,0.02984444710142515,0.9128129113028706,-0.04581893361584679,0.05236056050243423,280,True
LEVEL,pooled,oil,asset_price,a,0.9,24,0.09977711600186012,0.03342829324789345,0.003102586672974286,0.044792466610265175,0.15476176539345507,279,True
LEVEL,pooled,dxy,asset_price,a,0.9,0,-0.001386938518485703,0.006076788943235001,0.8196246243692974,-0.011382366851984398,0.008608489815012992,303,True
LEVEL,pooled,dxy,asset_price,a,0.9,1,0.0131356977339383,0.007252377546231803,0.07114754882871331,0.001206598222997502,0.0250647972448791,302,True
LEVEL,pooled,dxy,asset_price,a,0.9,2,-0.003511967631663282,0.01255132098997542,0.7798259034749764,-0.024157053485056496,0.017133118221729932,301,True
LEVEL,pooled,dxy,asset_price,a,0.9,3,0.00955069542104714,0.006438869722910804,0.13909915168900344,-0.0010403027961507164,0.020141693638244994,300,True
LEVEL,pooled,dxy,asset_price,a,0.9,4,-0.00702618475165373,0.004656448704766374,0.13242830740287664,-0.014685361292402187,0.0006329917890947256,299,True
LEVEL,pooled,dxy,asset_price,a,0.9,5,0.0072909145621202764,0.0065322250329003006,0.2653032600033215,-0.003453639475308983,0.018035468599549534,298,True
LEVEL,pooled,dxy,asset_price,a,0.9,6,-0.0007658814715707507,0.006153758917231468,0.9010414012153649,-0.010887914145963896,0.009356151202822394,297,True
LEVEL,pooled,dxy,asset_price,a,0.9,7,0.0039002897983267393,0.006139909195876239,0.5257897692988432,-0.0061989621116629885,0.013999541708316467,296,True
LEVEL,pooled,dxy,asset_price,a,0.9,8,-0.017693330837882826,0.005690317308622915,0.0020673482772334104,-0.02705306990147597,-0.008333591774289684,295,True
LEVEL,pooled,dxy,asset_price,a,0.9,9,0.00555779072796625,0.006222304454306912,0.3725146743187065,-0.004676989321696776,0.015792570777629276,294,True
LEVEL,pooled,dxy,asset_price,a,0.9,10,-0.011535176764990496,0.006429918326660875,0.07389825569488338,-0.022111451245600378,-0.0009589022843806139,293,True
LEVEL,pooled,dxy,asset_price,a,0.9,11,-0.0020307053071686454,0.009021345391745697,0.8220668167251355,-0.016869497994763505,0.012808087380426214,292,True
LEVEL,pooled,dxy,asset_price,a,0.9,12,0.007586076724185098,0.007328682412181126,0.3015149961594108,-0.0044685331222664906,0.019640686570636688,291,True
LEVEL,pooled,dxy,asset_price,a,0.9,13,4.3342726142370225e-05,0.0069153138520973234,0.995003704061962,-0.01133133634498767,0.01141802179727241,290,True
LEVEL,pooled,dxy,asset_price,a,0.9,14,-0.013564532783912675,0.006516731525670536,0.03831373024400431,-0.02428360226978086,-0.002845463298044493,289,True
LEVEL,pooled,dxy,asset_price,a,0.9,15,-0.011135652902538595,0.004727670536314461,0.019206804685617952,-0.01891197893122705,-0.0033593268738501417,288,True
LEVEL,pooled,dxy,asset_price,a,0.9,16,0.0054544167875221206,0.006591662569513259,0.40869225373231427,-0.0053879032975820244,0.016296736872626266,287,True
LEVEL,pooled,dxy,asset_price,a,0.9,17,-0.00496743736551819,0.007970718872290367,0.5336682687785989,-0.01807810321201555,0.008143228480979167,286,True
LEVEL,pooled,dxy,asset_price,a,0.9,18,-0.016260095022982757,0.007137252415458429,0.0234932226299715,-0.027999830545017708,-0.004520359500947804,285,True
LEVEL,pooled,dxy,asset_price,a,0.9,19,-0.010561555216959562,0.005289381051905858,0.046856499710076695,-0.019261812824515306,-0.001861297609403817,284,True
LEVEL,pooled,dxy,asset_price,a,0.9,20,-0.005951000842412402,0.007135079746752013,0.4049938111920467,-0.017687162642445443,0.00578516095762064,283,True
LEVEL,pooled,dxy,asset_price,a,0.9,21,0.010600632175130797,0.006568903705060706,0.10775634075154952,-0.0002042529092332688,0.021405517259494862,282,True
LEVEL,pooled,dxy,asset_price,a,0.9,22,0.002980228287249531,0.00584179194931714,0.6103632727731365,-0.006628664388480678,0.01258912096297974,281,True
LEVEL,pooled,dxy,asset_price,a,0.9,23,-0.0008109149066143906,0.007699374293842761,0.916199538414302,-0.013475258639098587,0.011853428825869806,280,True
LEVEL,pooled,dxy,asset_price,a,0.9,24,-0.01782952910570046,0.0072110400898564705,0.014044081098861355,-0.029690634551593344,-0.005968423659807574,279,True
LEVEL,pooled,vix,asset_price,a,0.9,0,0.9349701775681751,1.5964305038710467,0.5585591033075528,-1.6909243269000824,3.5608646820364327,303,True
LEVEL,pooled,vix,asset_price,a,0.9,1,5.137775579467416,2.5196546248379494,0.042354917974133745,0.993312531137664,9.282238627797167,302,False
LEVEL,pooled,vix,asset_price,a,0.9,2,-5.9800021828123135,3.3986573488066214,0.07955482333686588,-11.57029604976216,-0.38970831586246746,301,True
LEVEL,pooled,vix,asset_price,a,0.9,3,-2.82194089752349,3.7077114660378037,0.44722413967937963,-8.920583550125333,3.276701755078352,300,True
LEVEL,pooled,vix,asset_price,a,0.9,4,0.5782107970844663,3.764774802559177,0.8780461036568256,-5.614292691560508,6.770714285729441,299,True
LEVEL,pooled,vix,asset_price,a,0.9,5,-2.8797932431934896,3.4680138661425253,0.40701758078350003,-8.58416842923602,2.824581942849041,298,True
LEVEL,pooled,vix,asset_price,a,0.9,6,-1.7499138427665457,3.604832906851078,0.6277430502006243,-7.679336324154559,4.179508638621468,297,True
LEVEL,pooled,vix,asset_price,a,0.9,7,-3.6578855191278308,3.821475482561448,0.33929025958901143,-9.943653326925155,2.627882288669494,296,True
LEVEL,pooled,vix,asset_price,a,0.9,8,-4.359538232741215,3.352225687320918,0.1944984092448421,-9.87345881289092,1.1543823474084887,295,True
LEVEL,pooled,vix,asset_price,a,0.9,9,-1.016432703871942,7.319533042971158,0.8896560306540043,-13.055993177194198,11.023127769450314,294,True
LEVEL,pooled,vix,asset_price,a,0.9,10,0.13584704958907423,7.079851565457147,0.9847049738598124,-11.50947247613117,11.781166575309319,293,True
LEVEL,pooled,vix,asset_price,a,0.9,11,4.075814179926283,7.045779753080685,0.5634111607209378,-7.51346220162973,15.665090561482296,292,True
LEVEL,pooled,vix,asset_price,a,0.9,12,3.634697806610802,3.2343870837120847,0.2620847909889669,-1.685395518998015,8.954791132219619,291,True
LEVEL,pooled,vix,asset_price,a,0.9,13,-3.0873788856242754,6.2803111476467315,0.6233953483345194,-13.417571455214764,7.242813683966213,290,True
LEVEL,pooled,vix,asset_price,a,0.9,14,-5.7579263296738645,6.400483331256206,0.36911593232747464,-16.285784551333077,4.7699318919853475,289,True
LEVEL,pooled,vix,asset_price,a,0.9,15,-1.6666079655497015,2.6465685201633184,0.5293998590342036,-6.019825794915926,2.686609863816523,288,True
LEVEL,pooled,vix,asset_price,a,0.9,16,-1.4245895526651111,7.0943112866920375,0.8409987697328407,-13.093693203303275,10.244514097973052,287,True
LEVEL,pooled,vix,asset_price,a,0.9,17,-1.858812868302266,6.676962750275399,0.7809229931133798,-12.841439265112632,9.1238135285081,286,True
LEVEL,pooled,vix,asset_price,a,0.9,18,-5.087747677565403,3.2425233086053535,0.11779835815869825,-10.421223902199607,0.24572854706880065,285,True
LEVEL,pooled,vix,asset_price,a,0.9,19,-7.422627515558702,2.672307363688267,0.005859847565016368,-11.818181975050475,-3.0270730560669286,284,True
LEVEL,pooled,vix,asset_price,a,0.9,20,-6.176408111816272,7.646704099333163,0.4199645300027628,-18.754117083829115,6.401300860196571,283,False
LEVEL,pooled,vix,asset_price,a,0.9,21,-5.179830162413964,6.004205029491899,0.389073533252446,-15.055868582133986,4.696208257306058,282,True
LEVEL,pooled,vix,asset_price,a,0.9,22,-7.224116236902773,2.8689827540617125,0.012387511181963528,-11.943172925582406,-2.5050595482231417,281,False
LEVEL,pooled,vix,asset_price,a,0.9,23,-5.0093255104969785,7.205328926968681,0.4875211218025544,-16.861036929399773,6.8423859084058165,280,True
LEVEL,pooled,vix,asset_price,a,0.9,24,-7.0681148849598685,4.568667482697457,0.12303622778036395,-14.582904164210031,0.4466743942902953,279,True
LEVEL,pooled,us10y,asset_price,a,0.9,0,0.20450300926803067,0.0810814529205541,0.012199839205124267,0.0711358873531622,0.3378701311828991,303,True
LEVEL,pooled,us10y,asset_price,a,0.9,1,0.04623150743645965,0.1601273219368003,0.7730055178857422,-0.21715449882531235,0.30961751369823165,302,False
LEVEL,pooled,us10y,asset_price,a,0.9,2,-0.10381698598888534,0.1446721232358467,0.47358647512553104,-0.3417814526121381,0.13414748063436743,301,True
LEVEL,pooled,us10y,asset_price,a,0.9,3,0.08276210021813313,0.08363126004103139,0.3232026175625911,-0.05479908118687907,0.22032328162314532,300,True
LEVEL,pooled,us10y,asset_price,a,0.9,4,0.02250707680150299,0.0838365357482521,0.7885365385149499,-0.11539175309505623,0.1604059066980622,299,True
LEVEL,pooled,us10y,asset_price,a,0.9,5,0.16441895711290755,0.1682062435788039,0.3291613562288695,-0.11225569271357083,0.44109360693938593,298,True
LEVEL,pooled,us10y,asset_price,a,0.9,6,0.23566879938061902,0.0949672551851679,0.013660817566802706,0.07946156524766959,0.3918760335135685,297,True
LEVEL,pooled,us10y,asset_price,a,0.9,7,0.04469228652619961,0.09479488966299225,0.6376746525611375,-0.11123143155243781,0.20061600460483703,296,True
LEVEL,pooled,us10y,asset_price,a,0.9,8,-0.06017551497846796,0.07644210030502777,0.4318259977793092,-0.18591158091698112,0.0655605509600452,295,True
LEVEL,pooled,us10y,asset_price,a,0.9,9,-0.3091930331279116,0.07840462303373813,0.00010151991104722559,-0.4381571616947187,-0.18022890456110446,294,False
LEVEL,pooled,us10y,asset_price,a,0.9,10,-0.027291223657812225,0.08260447846354366,0.7413575494065362,-0.1631634996610068,0.10858105234538235,293,True
LEVEL,pooled,us10y,asset_price,a,0.9,11,0.08365768098773785,0.10651177042658856,0.4328695943345854,-0.09153859091145891,0.2588539528869346,292,True
LEVEL,pooled,us10y,asset_price,a,0.9,12,0.022680925137239072,0.10013594860636289,0.8209785810349204,-0.14202805311616315,0.1873899033906413,291,True
LEVEL,pooled,us10y,asset_price,a,0.9,13,0.10155850341404893,0.1167064287202168,0.3849446512627687,-0.09040648915495314,0.293523495983051,290,True
LEVEL,pooled,us10y,asset_price,a,0.9,14,-0.04470973810991197,0.10735336135191693,0.6773890488951214,-0.22129030389504453,0.1318708276752206,289,True
LEVEL,pooled,us10y,asset_price,a,0.9,15,-0.10693923598999788,0.06537200048042908,0.10301769311190558,-0.21446660808130505,0.0005881361013092834,288,True
LEVEL,pooled,us10y,asset_price,a,0.9,16,0.0025956621623608456,0.09569960788931688,0.978381431973575,-0.15481618497221575,0.16000750929693744,287,True
LEVEL,pooled,us10y,asset_price,a,0.9,17,-0.09628526306936269,0.08592060813154305,0.26343358510140436,-0.23761208698440744,0.04504156084568206,286,True
LEVEL,pooled,us10y,asset_price,a,0.9,18,0.14984603916047945,0.09699307634228418,0.12353379904039768,-0.009693374250307724,0.3093854525712666,285,True
LEVEL,pooled,us10y,asset_price,a,0.9,19,0.09596526743200684,0.08741592297421436,0.2732695401095112,-0.04782113052544015,0.23975166538945383,284,True
LEVEL,pooled,us10y,asset_price,a,0.9,20,0.045307750818651016,0.07808856767169162,0.5622588449958758,-0.08313651293957641,0.17375201457687844,283,True
LEVEL,pooled,us10y,asset_price,a,0.9,21,0.2308982379407496,0.16318914974354617,0.15825523383895862,-0.03752402689404921,0.4993205027755484,282,True
LEVEL,pooled,us10y,asset_price,a,0.9,22,-0.17535167877113045,0.17401586268388083,0.31452216356949986,-0.4615823016538012,0.11087894411154031,281,True
LEVEL,pooled,us10y,asset_price,a,0.9,23,-0.13112764401630983,0.10872615845474383,0.2288752900258571,-0.3099662600950957,0.04771097206247604,280,True
LEVEL,pooled,us10y,asset_price,a,0.9,24,0.042917668276263754,0.08519390359533746,0.6148453674485385,-0.09721383304668113,0.18304916959920864,279,True
LEVEL,pooled,ip,real_macro,a,0.9,0,-0.15674191985453945,0.13758676307743797,0.25555379360671066,-0.3830520061229762,0.06956816641389729,303,False
LEVEL,pooled,ip,real_macro,a,0.9,1,-0.6376464878466948,0.2403077634269093,0.008409573593698212,-1.0329175841040428,-0.24237539158934668,302,True
LEVEL,pooled,ip,real_macro,a,0.9,2,-0.5839340157934432,0.3404186810314134,0.08736208317774508,-1.1438729179699998,-0.023995113616886554,301,True
LEVEL,pooled,ip,real_macro,a,0.9,3,0.20446244601771468,0.2709683919943093,0.45113270086009016,-0.24124089634333318,0.6501657883787626,300,True
LEVEL,pooled,ip,real_macro,a,0.9,4,-0.49624392555813124,0.3901076063527446,0.20438543288519903,-1.1379138367688004,0.14542598565253795,299,True
LEVEL,pooled,ip,real_macro,a,0.9,5,-0.010975089298653984,0.21827259594676776,0.9599333532489278,-0.3700015604058081,0.34805138180850015,298,True
LEVEL,pooled,ip,real_macro,a,0.9,6,-0.13550215842778357,0.38281075622485133,0.7236276115647347,-0.7651698192402662,0.49416550238469903,297,True
LEVEL,pooled,ip,real_macro,a,0.9,7,-0.20399745713893935,0.1865297326310053,0.2750436662473119,-0.5108115643913368,0.10281665011345809,296,True
LEVEL,pooled,ip,real_macro,a,0.9,8,-0.16282302370910884,0.39485360265073527,0.6803877827798284,-0.8122994041440261,0.48665335672580845,295,True
LEVEL,pooled,ip,real_macro,a,0.9,9,-0.029770264572562155,0.18457026890247794,0.871977366795097,-0.3333613408042115,0.27382081165908717,294,True
LEVEL,pooled,ip,real_macro,a,0.9,10,-0.13783458357836054,0.19471700295843847,0.4796160850313518,-0.4581155521236686,0.18244638496694754,293,True
LEVEL,pooled,ip,real_macro,a,0.9,11,-0.08783252207277314,0.16398492099237036,0.5926539936351308,-0.35756371413242416,0.18189866998687787,292,True
LEVEL,pooled,ip,real_macro,a,0.9,12,-0.2971326071258318,0.20394327579970886,0.14626626837682963,-0.6325894440173473,0.038324229765683726,291,True
LEVEL,pooled,ip,real_macro,a,0.9,13,0.38651734914145663,0.1996958107695022,0.05394649648674103,0.05804697051022606,0.7149877277726873,290,True
LEVEL,pooled,ip,real_macro,a,0.9,14,-0.5413100066289758,0.14789245547510005,0.0003021511281803132,-0.7845714484159532,-0.2980485648419984,289,True
LEVEL,pooled,ip,real_macro,a,0.9,15,0.16081747745134622,0.22642154914751797,0.4781488739654401,-0.21161282888391975,0.5332477837866122,288,True
LEVEL,pooled,ip,real_macro,a,0.9,16,0.12441160778748284,0.1909727704352519,0.5152959631206018,-0.18971064631191215,0.4385338618868778,287,True
LEVEL,pooled,ip,real_macro,a,0.9,17,-0.5242084422040705,0.20108061910493952,0.009639114772096275,-0.8549566278484777,-0.1934602565596632,286,True
LEVEL,pooled,ip,real_macro,a,0.9,18,0.01787637550137333,0.24560736566144792,0.9420314046947363,-0.38611179071285573,0.4218645417156024,285,True
LEVEL,pooled,ip,real_macro,a,0.9,19,-0.47168404089398974,0.43236621240734857,0.2762734555051342,-1.1828631735434878,0.2394950917555082,284,True
LEVEL,pooled,ip,real_macro,a,0.9,20,-0.20980488230958372,0.2643837388618044,0.42814990309244927,-0.6446774340834136,0.2250676694642461,283,True
LEVEL,pooled,ip,real_macro,a,0.9,21,-0.0624180077637444,0.42239190352772793,0.8826332406341599,-0.757190862276264,0.6323548467487752,282,True
LEVEL,pooled,ip,real_macro,a,0.9,22,0.06563134040402474,0.22040348953121625,0.7661040740023785,-0.2969001387441571,0.4281628195522066,281,True
LEVEL,pooled,ip,real_macro,a,0.9,23,-0.0914334445027194,0.40378808734710736,0.8210337636642902,-0.7556057444954069,0.5727388554899681,280,True
LEVEL,pooled,ip,real_macro,a,0.9,24,-0.08796014423822918,0.2315067384622085,0.7042895546793587,-0.46875484266149875,0.2928345541850404,279,True
LEVEL,pooled,cpi,real_macro,a,0.9,0,-0.13462938778320677,0.06992976707954134,0.055184496973085057,-0.249653618795862,-0.019605156770551538,303,False
LEVEL,pooled,cpi,real_macro,a,0.9,1,0.21014660958815057,0.08785915697660474,0.017404755218538518,0.06563115657428353,0.3546620626020176,302,True
LEVEL,pooled,cpi,real_macro,a,0.9,2,-0.03974150280198785,0.08518572140419332,0.6411917125015424,-0.1798595456181529,0.1003765400141772,301,True
LEVEL,pooled,cpi,real_macro,a,0.9,3,-0.18815648166773613,0.16424951424771284,0.25293790588246073,-0.4583228909031041,0.08200992756763181,300,True
LEVEL,pooled,cpi,real_macro,a,0.9,4,-0.04028236936175311,0.08104235949449692,0.6195347045516253,-0.17358518831298145,0.09302044958947522,299,True
LEVEL,pooled,cpi,real_macro,a,0.9,5,-0.04839857755803223,0.08433220986743208,0.5664871102773779,-0.18711271882731062,0.09031556371124616,298,True
LEVEL,pooled,cpi,real_macro,a,0.9,6,-0.02298819831642618,0.09098768793440891,0.8007207498992872,-0.17264962682326737,0.12667323019041501,297,True
LEVEL,pooled,cpi,real_macro,a,0.9,7,-0.2632273541402981,0.1756250194776434,0.13504325939122425,-0.5521048044115228,0.025650096130926614,296,True
LEVEL,pooled,cpi,real_macro,a,0.9,8,-0.11395406690076015,0.1041154426873326,0.2746742254099632,-0.28520873042667727,0.05730059662515699,295,True
LEVEL,pooled,cpi,real_macro,a,0.9,9,-0.011479930586574483,0.10805804224501314,0.9154691523299633,-0.18921959329455976,0.1662597321214108,294,True
LEVEL,pooled,cpi,real_macro,a,0.9,10,-0.2180700751989093,0.1929394561652987,0.25934105039420313,-0.5354272394544455,0.09928708905662686,293,True
LEVEL,pooled,cpi,real_macro,a,0.9,11,-0.1574798472611505,0.10585969373213494,0.1379823800989375,-0.3316035484444247,0.016643853922123697,292,True
LEVEL,pooled,cpi,real_macro,a,0.9,12,-0.09450658380364985,0.0989844640292003,0.34053063071003503,-0.25732153847392747,0.0683083708666278,291,True
LEVEL,pooled,cpi,real_macro,a,0.9,13,-0.14634347821715488,0.12589758495644313,0.2460767385443656,-0.3534265774571914,0.06073962102288169,290,True
LEVEL,pooled,cpi,real_macro,a,0.9,14,-0.10358295005507046,0.10574612685771566,0.3281723603312385,-0.27751985035305454,0.07035395024291363,289,True
LEVEL,pooled,cpi,real_macro,a,0.9,15,0.0029074092056049494,0.19970109425084062,0.9883947599784215,-0.32557165997906806,0.33138647839027796,288,True
LEVEL,pooled,cpi,real_macro,a,0.9,16,0.0354758284138299,0.11214632517230698,0.7519898429916497,-0.14898846129511842,0.21994011812277822,287,True
LEVEL,pooled,cpi,real_macro,a,0.9,17,-0.19224872226504885,0.12015630318369619,0.1107619349681371,-0.3898882533578323,0.0053908088277345445,286,True
LEVEL,pooled,cpi,real_macro,a,0.9,18,-0.3582800269160771,0.12841624989418793,0.005645119026641154,-0.5695059613140387,-0.14705409251811546,285,True
LEVEL,pooled,cpi,real_macro,a,0.9,19,-0.11495010687877993,0.10248288663588832,0.2630070933776407,-0.2835194546622774,0.053619240904717536,284,True
LEVEL,pooled,cpi,real_macro,a,0.9,20,0.20504845580731512,0.1050295500017208,0.051940684149715706,0.03229021954990366,0.3778066920647266,283,True
LEVEL,pooled,cpi,real_macro,a,0.9,21,-0.12802990745606735,0.12598962395828722,0.3104534954509355,-0.33526439738210817,0.07920458246997347,282,True
LEVEL,pooled,cpi,real_macro,a,0.9,22,0.10388455551640163,0.1213097190809329,0.39256765393952087,-0.09565217589833505,0.30342128693113835,281,True
LEVEL,pooled,cpi,real_macro,a,0.9,23,0.10582074811739073,0.11835224325304776,0.3720675876270573,-0.08885136845522779,0.30049286469000924,280,True
LEVEL,pooled,cpi,real_macro,a,0.9,24,-0.07377825281116657,0.12404550803310202,0.5525062952398089,-0.2778149566064524,0.13025845098411926,279,True
LEVEL,pooled,infl_exp,real_macro,a,0.9,0,0.1440584884304208,0.16676417130321783,0.3883891138930846,-0.13024416358323365,0.41836114044407524,303,True
LEVEL,pooled,infl_exp,real_macro,a,0.9,1,0.24208296921864303,0.15167916213469448,0.11158101857564487,-0.0074070507515696105,0.49157298918885567,302,True
LEVEL,pooled,infl_exp,real_macro,a,0.9,2,0.14768545167289204,0.22802298543137095,0.5177110489824478,-0.22737898294220116,0.5227498862879852,301,True
LEVEL,pooled,infl_exp,real_macro,a,0.9,3,0.5526562473051513,0.1137215937573827,1.940514023387336e-06,0.3656008713506185,0.7397116232596841,300,True
LEVEL,pooled,infl_exp,real_macro,a,0.9,4,-0.0026768294394159398,0.1522677638586026,0.985986410724373,-0.2531350130900287,0.24778135421119685,299,True
LEVEL,pooled,infl_exp,real_macro,a,0.9,5,-0.01663671611800055,0.27365692622700555,0.9515659787174846,-0.4667623037628821,0.433488871526881,298,True
LEVEL,pooled,infl_exp,real_macro,a,0.9,6,-0.03100542850371646,0.17541613130656744,0.8598283831730488,-0.3195392883091196,0.2575284313016867,297,True
LEVEL,pooled,infl_exp,real_macro,a,0.9,7,-0.17078443591174253,0.3248111769539672,0.5994431320749435,-0.705051278398852,0.3634824065753669,296,True
LEVEL,pooled,infl_exp,real_macro,a,0.9,8,-0.1477400379719711,0.3006074862012286,0.6234766032565977,-0.6421953519388266,0.34671527599488444,295,True
LEVEL,pooled,infl_exp,real_macro,a,0.9,9,0.19541911867588624,0.14722511061361845,0.1854744740081129,-0.04674463849525576,0.43758287584702826,294,True
LEVEL,pooled,infl_exp,real_macro,a,0.9,10,-0.22145560487313798,0.2618773876993125,0.3984748238439015,-0.652205575846929,0.20929436610065305,293,True
LEVEL,pooled,infl_exp,real_macro,a,0.9,11,-0.023351288848971308,0.14896547311326763,0.8755506291052746,-0.26837768758987157,0.22167510989192898,292,True
LEVEL,pooled,infl_exp,real_macro,a,0.9,12,0.13817258243386732,0.17903552396977893,0.4409140592059768,-0.15631464852098076,0.4326598133887154,291,True
LEVEL,pooled,infl_exp,real_macro,a,0.9,13,-0.24122070770695814,0.19459644698837109,0.21617833406431727,-0.5613033793276503,0.07886196391373396,290,True
LEVEL,pooled,infl_exp,real_macro,a,0.9,14,0.08580634952750188,0.17870051139260124,0.6314893248948543,-0.20812983477470115,0.3797425338297049,289,True
LEVEL,pooled,infl_exp,real_macro,a,0.9,15,0.1936975708842077,0.15444944327147164,0.21086857827785419,-0.06034915606150809,0.4477442978299235,288,True
LEVEL,pooled,infl_exp,real_macro,a,0.9,16,-0.05765364173101162,0.31162202194252336,0.8533574269140861,-0.5702262547611224,0.4549189712990992,287,True
LEVEL,pooled,infl_exp,real_macro,a,0.9,17,0.44750821095422566,0.15953326572862073,0.005392836960700804,0.18509934020109087,0.7099170817073605,286,True
LEVEL,pooled,infl_exp,real_macro,a,0.9,18,-0.21977754802037452,0.12295968985844369,0.07499107049066027,-0.42202823985286375,-0.01752685618788527,285,False
LEVEL,pooled,infl_exp,real_macro,a,0.9,19,-0.35693442227799693,0.12135814915532427,0.0035533016162543805,-0.5565508140762498,-0.15731803047974408,284,True
LEVEL,pooled,infl_exp,real_macro,a,0.9,20,0.07967655545527919,0.1028520563739274,0.4392141837067514,-0.08950002251079259,0.24885313342135096,283,True
LEVEL,pooled,infl_exp,real_macro,a,0.9,21,-0.3211544805706481,0.104181223780996,0.0022656767125192423,-0.4925173443670623,-0.1497916167742339,282,True
LEVEL,pooled,infl_exp,real_macro,a,0.9,22,0.2739457176925839,0.12891711270177147,0.034507162694685775,0.06189593728896339,0.48599549809620446,281,True
LEVEL,pooled,infl_exp,real_macro,a,0.9,23,-0.09868435453084601,0.11703614970385487,0.39987669016034594,-0.2911916898556671,0.09382298079397514,280,True
LEVEL,pooled,infl_exp,real_macro,a,0.9,24,-0.17850053813967293,0.1294089114453443,0.16894892995573252,-0.3913592554903894,0.03435817921104353,279,True
LEVEL,pooled,freight,physical_channel,a,0.9,0,0.020714742772266703,0.008513147639694407,0.015569709497810919,0.006711861000341993,0.03471762454419142,303,True
LEVEL,pooled,freight,physical_channel,a,0.9,1,0.02257446224051307,0.010620146850752906,0.034385266849854663,0.005105875174294897,0.04004304930673125,302,True
LEVEL,pooled,freight,physical_channel,a,0.9,2,0.011570585298869673,0.01080013307245793,0.28491788185797656,-0.006194052756921302,0.02933522335466065,301,True
LEVEL,pooled,freight,physical_channel,a,0.9,3,0.020123292016998917,0.012080176592848588,0.09684592816727786,0.0002531697340376407,0.039993414299960194,300,True
LEVEL,pooled,freight,physical_channel,a,0.9,4,0.019847942685515818,0.011315843881043943,0.08050604746138905,0.0012350358357640645,0.03846084953526757,299,True
LEVEL,pooled,freight,physical_channel,a,0.9,5,-0.019193375864772655,0.009396829696662138,0.04202153896760518,-0.034649785273172674,-0.0037369664563726337,298,True
LEVEL,pooled,freight,physical_channel,a,0.9,6,-0.018430485700747568,0.006527418619087673,0.00508670731350643,-0.029167133890984496,-0.007693837510510639,297,True
LEVEL,pooled,freight,physical_channel,a,0.9,7,0.008672760739219854,0.008866416271862767,0.328834300772963,-0.0059111962236151686,0.023256717702054876,296,True
LEVEL,pooled,freight,physical_channel,a,0.9,8,0.008305605151848638,0.010309866957407,0.42115602046086914,-0.008652616906429406,0.025263827210126683,295,True
LEVEL,pooled,freight,physical_channel,a,0.9,9,-0.008094844610367247,0.01822902161354519,0.6573396067153339,-0.03807891692718383,0.021889227706449334,294,True
LEVEL,pooled,freight,physical_channel,a,0.9,10,0.006262497426660296,0.009031264762970732,0.48862025523976493,-0.00859261117467114,0.02111760602799173,293,True
LEVEL,pooled,freight,physical_channel,a,0.9,11,0.015038599554475951,0.01703271935480689,0.3780400885532336,-0.012977730653124703,0.0430549297620766,292,True
LEVEL,pooled,freight,physical_channel,a,0.9,12,-0.009060300313126879,0.016907342855449783,0.5924717811723208,-0.03687040453102551,0.018749803904771756,291,True
LEVEL,pooled,freight,physical_channel,a,0.9,13,-0.00904550003789506,0.01778913596647,0.6115197925394854,-0.03830602485267612,0.020215024776886,290,True
LEVEL,pooled,freight,physical_channel,a,0.9,14,0.028255034804416823,0.011868995906985747,0.01796702687441299,0.00873227383853914,0.04777779577029451,289,True
LEVEL,pooled,freight,physical_channel,a,0.9,15,0.010483061389756188,0.0122887372701231,0.3943697163819175,-0.009730112679659526,0.0306962354591719,288,False
LEVEL,pooled,freight,physical_channel,a,0.9,16,-0.0003113479009542175,0.010857192280052603,0.9771434314032664,-0.018169840001308266,0.01754714419939983,287,True
LEVEL,pooled,freight,physical_channel,a,0.9,17,-0.01660478201260518,0.008600832605346057,0.05457167017960181,-0.030751892718311122,-0.0024576713068992367,286,True
LEVEL,pooled,freight,physical_channel,a,0.9,18,0.001100183236037111,0.009926787904366671,0.9118334033596467,-0.015227929852438413,0.017428296324512635,285,True
LEVEL,pooled,freight,physical_channel,a,0.9,19,0.03803078595777132,0.01726944938804591,0.02849665970695703,0.00962506949638912,0.06643650241915351,284,True
LEVEL,pooled,freight,physical_channel,a,0.9,20,-0.00030820974481571284,0.009503210814913654,0.9741514591230058,-0.015939600521410892,0.015323181031779466,283,True
LEVEL,pooled,freight,physical_channel,a,0.9,21,0.008427968216170735,0.019518050788489647,0.6662312100902866,-0.0236763684142995,0.04053230484664097,282,True
LEVEL,pooled,freight,physical_channel,a,0.9,22,0.004394758325652504,0.009599439267789939,0.647458370575873,-0.011394914170672163,0.02018443082197717,281,False
LEVEL,pooled,freight,physical_channel,a,0.9,23,0.004674587022440946,0.009427949620136359,0.6204292407912894,-0.010833010104956098,0.020182184149837988,280,True
LEVEL,pooled,freight,physical_channel,a,0.9,24,-0.016025047353425692,0.01705982734437348,0.34840952398207575,-0.04408596623598431,0.012035871529132929,279,True
LEVEL,pooled,oil,asset_price,b,0.1,0,-0.033300877210422186,0.04535466290270033,0.46343248423425887,-0.1079026589850902,0.04130090456424583,303,True
LEVEL,pooled,oil,asset_price,b,0.1,1,-0.023216079586063643,0.04546830719548009,0.6100428780447087,-0.09800478958789278,0.0515726304157655,302,True
LEVEL,pooled,oil,asset_price,b,0.1,2,-0.009865901980788294,0.0370571827153742,0.7902595489822453,-0.07081954337477495,0.05108773941319836,301,True
LEVEL,pooled,oil,asset_price,b,0.1,3,0.03720255231803549,0.05598149487927188,0.5069007802614218,-0.05487881257630013,0.1292839172123711,300,True
LEVEL,pooled,oil,asset_price,b,0.1,4,-0.09478498049475093,0.03271643293741793,0.00407291607103119,-0.14859872387277742,-0.040971237116724436,299,True
LEVEL,pooled,oil,asset_price,b,0.1,5,0.02755207386735492,0.03310801718686476,0.4060386226720002,-0.02690576828363126,0.0820099160183411,298,True
LEVEL,pooled,oil,asset_price,b,0.1,6,0.0026966293053192203,0.03507980836468599,0.9387830988326966,-0.05500452071609712,0.06039777932673556,297,True
LEVEL,pooled,oil,asset_price,b,0.1,7,0.017499513867747396,0.05510592982320875,0.7510649656820649,-0.07314167466849081,0.1081407024039856,296,True
LEVEL,pooled,oil,asset_price,b,0.1,8,0.11475371529695622,0.05948766411735638,0.0547864684002219,0.01690521521465163,0.2126022153792608,295,False
LEVEL,pooled,oil,asset_price,b,0.1,9,-0.020538479294373246,0.04372158701934784,0.6389141911816719,-0.09245409027922195,0.05137713169047546,294,True
LEVEL,pooled,oil,asset_price,b,0.1,10,0.04698300838728642,0.06217907251391074,0.4505553143438875,-0.05529246455769826,0.1492584813322711,293,True
LEVEL,pooled,oil,asset_price,b,0.1,11,-0.05141351520137505,0.03420320719890689,0.1339883636208612,-0.10767278461586975,0.004845754213119655,292,True
LEVEL,pooled,oil,asset_price,b,0.1,12,-0.011390209499552384,0.05950434153689604,0.8483457159313739,-0.10926614149587496,0.0864857224967702,291,True
LEVEL,pooled,oil,asset_price,b,0.1,13,0.09419587730570811,0.034053326377142236,0.006076335868035736,0.03818313990450346,0.15020861470691277,290,True
LEVEL,pooled,oil,asset_price,b,0.1,14,0.06801345967096495,0.03358260451782645,0.043858576622058124,0.012774990827341216,0.12325192851458869,289,True
LEVEL,pooled,oil,asset_price,b,0.1,15,0.062385858082507184,0.027552473050849277,0.024382379696756027,0.017066072853335057,0.10770564331167931,288,True
LEVEL,pooled,oil,asset_price,b,0.1,16,-0.06264426946830781,0.024553202351810636,0.011305512853128929,-0.10303069340995695,-0.022257845526658673,287,True
LEVEL,pooled,oil,asset_price,b,0.1,17,-0.10968378514689903,0.03979822928873896,0.006268678272231344,-0.1751460469387276,-0.044221523355070444,286,True
LEVEL,pooled,oil,asset_price,b,0.1,18,-0.03320208211152931,0.06008301845877728,0.5810152877393847,-0.13202985294164138,0.06562568871858276,285,True
LEVEL,pooled,oil,asset_price,b,0.1,19,0.06036412037769878,0.03991953798071268,0.13173049989156213,-0.005297676456103517,0.12602591721150108,284,True
LEVEL,pooled,oil,asset_price,b,0.1,20,0.036640889356704065,0.04085603921332394,0.3706559481064798,-0.030561314926203384,0.10384309363961151,283,True
LEVEL,pooled,oil,asset_price,b,0.1,21,0.0947655004079877,0.033437853116750425,0.004965086468720916,0.039765126431430174,0.14976587438454522,282,True
LEVEL,pooled,oil,asset_price,b,0.1,22,-0.07482269424417609,0.0349743277639506,0.03336376095865717,-0.1323503441168998,-0.01729504437145238,281,True
LEVEL,pooled,oil,asset_price,b,0.1,23,0.031210974269924918,0.03747030713800873,0.40566042860846596,-0.030422196329014377,0.09284414486886422,280,False
LEVEL,pooled,oil,asset_price,b,0.1,24,0.02370990309282206,0.06298258521926382,0.7068991171640375,-0.07988723063986422,0.12730703682550834,279,False
LEVEL,pooled,dxy,asset_price,b,0.1,0,-0.008369391363657996,0.006917162915520678,0.22733876463656266,-0.0197471118734664,0.00300832914615041,303,True
LEVEL,pooled,dxy,asset_price,b,0.1,1,-0.002494725631159156,0.005714205931427627,0.6627575632130264,-0.011893757982615504,0.006904306720297192,302,True
LEVEL,pooled,dxy,asset_price,b,0.1,2,0.007348882129974754,0.004804025126167057,0.12724036607340716,-0.0005530360227671335,0.015250800282716642,301,True
LEVEL,pooled,dxy,asset_price,b,0.1,3,0.0016607850535876878,0.0054503201641377475,0.7608175336734937,-0.00730419383644103,0.010625763943616405,300,True
LEVEL,pooled,dxy,asset_price,b,0.1,4,-4.126065044118832e-05,0.00532853473220968,0.9938274682174065,-0.008805920331053173,0.008723399030170796,299,True
LEVEL,pooled,dxy,asset_price,b,0.1,5,-0.000862841483211696,0.005269377693964799,0.870053314397971,-0.00953019649490688,0.007804513528483489,298,True
LEVEL,pooled,dxy,asset_price,b,0.1,6,3.4031012944524264e-05,0.004775146104334923,0.9943190500235556,-0.007820385375993966,0.007888447401883015,297,True
LEVEL,pooled,dxy,asset_price,b,0.1,7,-0.015156528122020063,0.004927202109307333,0.002314359901678403,-0.023261054382237176,-0.007052001861802952,296,True
LEVEL,pooled,dxy,asset_price,b,0.1,8,-0.00530871539749711,0.00619848246777115,0.3925146736380881,-0.015504311766205599,0.004886880971211378,295,True
LEVEL,pooled,dxy,asset_price,b,0.1,9,0.0001501227613402989,0.005737358122254991,0.9791446858888673,-0.009286991555170312,0.00958723707785091,294,False
LEVEL,pooled,dxy,asset_price,b,0.1,10,0.000696120856346738,0.005025433454111881,0.8899350100591181,-0.007569981587652454,0.00896222330034593,293,True
LEVEL,pooled,dxy,asset_price,b,0.1,11,-0.006026789885595463,0.005999070495416488,0.31599947303959514,-0.015894382748318836,0.0038408029771279124,292,True
LEVEL,pooled,dxy,asset_price,b,0.1,12,-0.0011719775802419008,0.008839349814357704,0.8946218705866658,-0.015711414182280996,0.013367459021797192,291,True
LEVEL,pooled,dxy,asset_price,b,0.1,13,0.0009748414547203765,0.005067237512442746,0.8475926135130735,-0.007360022546245629,0.009309705455686382,290,False
LEVEL,pooled,dxy,asset_price,b,0.1,14,-0.00550286247835885,0.010305776162140094,0.593824339851937,-0.022454355777205007,0.011448630820487308,289,True
LEVEL,pooled,dxy,asset_price,b,0.1,15,0.007565403863338815,0.00668985777909323,0.25914907829217476,-0.003438432968392203,0.018569240695069836,288,True
LEVEL,pooled,dxy,asset_price,b,0.1,16,0.005873658226830614,0.009796603198163178,0.5493231779341018,-0.010240320075472483,0.02198763652913371,287,True
LEVEL,pooled,dxy,asset_price,b,0.1,17,0.006972128528886401,0.005611368923279815,0.21518008873415717,-0.002257751996733179,0.01620200905450598,286,True
LEVEL,pooled,dxy,asset_price,b,0.1,18,-0.015597448785342749,0.004585811008430107,0.0007776971543757737,-0.023140436655073,-0.008054460915612498,285,True
LEVEL,pooled,dxy,asset_price,b,0.1,19,-0.007859572611607746,0.01037307923283472,0.44933379903028786,-0.024921769610390932,0.00920262438717544,284,True
LEVEL,pooled,dxy,asset_price,b,0.1,20,-0.009047240227516795,0.006211225569792047,0.14645840306569874,-0.019263797133802968,0.0011693166787693776,283,True
LEVEL,pooled,dxy,asset_price,b,0.1,21,0.0003922379251051211,0.006146633506339626,0.9491689547506279,-0.009718074491339058,0.0105025503415493,282,True
LEVEL,pooled,dxy,asset_price,b,0.1,22,0.009992959249316868,0.0055358655912099005,0.07224309958909006,0.0008872706532994084,0.019098647845334327,281,True
LEVEL,pooled,dxy,asset_price,b,0.1,23,-0.013062407188328962,0.004830842457269732,0.007318469908521786,-0.02100843592540024,-0.005116378451257682,280,True
LEVEL,pooled,dxy,asset_price,b,0.1,24,0.0009158074597870325,0.009405447605313633,0.9225103557002732,-0.014554777146915136,0.016386392066489203,279,True
LEVEL,pooled,vix,asset_price,b,0.1,0,-0.9592910425271839,0.6790874563892977,0.1588988342267308,-2.0762905081863696,0.15770842313200206,303,True
LEVEL,pooled,vix,asset_price,b,0.1,1,-0.5154745567124337,0.8910404701867264,0.5633960057195398,-1.9811057058596158,0.9501565924347484,302,True
LEVEL,pooled,vix,asset_price,b,0.1,2,0.1574890287593007,0.7524960590126905,0.8343788477355709,-1.0802568431744122,1.3952349006930136,301,False
LEVEL,pooled,vix,asset_price,b,0.1,3,-0.7990745875285938,0.8212139979642578,0.33139763084139484,-2.1498514105834223,0.5517022355262344,300,True
LEVEL,pooled,vix,asset_price,b,0.1,4,-1.028563333123202,0.9042533073895351,0.25634547732808166,-2.5159276654657434,0.45880099921933937,299,True
LEVEL,pooled,vix,asset_price,b,0.1,5,-0.5384314060211182,0.7420103061863633,0.46868876526194475,-1.7589297493871303,0.682066937344894,298,False
LEVEL,pooled,vix,asset_price,b,0.1,6,1.5657330825924873,0.9798368592659912,0.11122742106539175,-0.045955129191917576,3.1774212943768925,297,False
LEVEL,pooled,vix,asset_price,b,0.1,7,-0.08746041418999084,0.9565202081882948,0.9272144366578822,-1.6607961478808848,1.4858753195009031,296,True
LEVEL,pooled,vix,asset_price,b,0.1,8,0.5270878176670521,0.9162879770736552,0.5656117207481403,-0.980071784754577,2.0342474200886813,295,True
LEVEL,pooled,vix,asset_price,b,0.1,9,-0.39529847959056497,0.9284623398927606,0.670629875413876,-1.9224831268510227,1.1318861676698928,294,True
LEVEL,pooled,vix,asset_price,b,0.1,10,3.0371812870143913,0.9380131548114511,0.001357594837254348,1.4942869471945832,4.5800756268341996,293,True
LEVEL,pooled,vix,asset_price,b,0.1,11,1.4493164543127932,0.9386457942689009,0.12377394131538129,-0.09461848481315394,2.99325139343874,292,True
LEVEL,pooled,vix,asset_price,b,0.1,12,1.78994439017697,1.2656219619818945,0.15846229747755083,-0.2918184843383873,3.8717072646923274,291,True
LEVEL,pooled,vix,asset_price,b,0.1,13,1.4306492164032534,1.3408567449458162,0.28696913752767156,-0.7748638637432173,3.636162296549724,290,True
LEVEL,pooled,vix,asset_price,b,0.1,14,1.1418729366268963,1.1608214962652061,0.3261855238389197,-0.7675085117481628,3.0512543850019553,289,False
LEVEL,pooled,vix,asset_price,b,0.1,15,-0.05834239220712334,1.6070214911542553,0.9710672803464401,-2.7016575205211635,2.584972736106917,288,True
LEVEL,pooled,vix,asset_price,b,0.1,16,-0.28010912984609604,1.4536901880014959,0.8473540705241948,-2.671216708044124,2.110998448351932,287,False
LEVEL,pooled,vix,asset_price,b,0.1,17,-2.0812448719516397,1.4083638596667014,0.1406877146327344,-4.397797274591788,0.2353075306885084,286,False
LEVEL,pooled,vix,asset_price,b,0.1,18,-2.07262552814791,1.1116323332690405,0.06339308877550902,-3.901098003362019,-0.24415305293380074,285,True
LEVEL,pooled,vix,asset_price,b,0.1,19,0.22942715359386057,1.2677459164635028,0.8565323497521099,-1.85582931515405,2.314683622341771,284,True
LEVEL,pooled,vix,asset_price,b,0.1,20,-0.06667393891257234,1.4809523058071123,0.9641258137916674,-2.5026237104615467,2.369275832636402,283,True
LEVEL,pooled,vix,asset_price,b,0.1,21,-1.7715674804057926,1.3097108250714018,0.17737349839781322,-3.925850081282093,0.38271512047050793,282,True
LEVEL,pooled,vix,asset_price,b,0.1,22,-2.719546818319941,1.1617308058459015,0.02001221438705163,-4.630423947856828,-0.8086696887830533,281,True
LEVEL,pooled,vix,asset_price,b,0.1,23,-3.18671520731732,1.2444789641765857,0.011030274883749152,-5.233700945207988,-1.1397294694266522,280,True
LEVEL,pooled,vix,asset_price,b,0.1,24,-1.7366038574837148,1.176126937772355,0.14105123914238812,-3.6711605168339014,0.19795280186647202,279,True
LEVEL,pooled,us10y,asset_price,b,0.1,0,-0.030793466199156683,0.13181467995140564,0.8154601620366985,-0.24760932060267377,0.1860223882043604,303,True
LEVEL,pooled,us10y,asset_price,b,0.1,1,-0.09949656373828475,0.10384426853267448,0.33884062440033264,-0.27030518547237703,0.0713120579958075,302,True
LEVEL,pooled,us10y,asset_price,b,0.1,2,0.07991592546864013,0.09262573592328677,0.3890139912818303,-0.07243985221382737,0.23227170315110762,301,True
LEVEL,pooled,us10y,asset_price,b,0.1,3,-0.10872194475086872,0.148584419278232,0.4649704452334203,-0.3531215657091469,0.13567767620740942,300,False
LEVEL,pooled,us10y,asset_price,b,0.1,4,-0.14255590106040472,0.07499924396339103,0.05839381290364839,-0.26591867951220677,-0.01919312260860269,299,True
LEVEL,pooled,us10y,asset_price,b,0.1,5,-0.03088316521643719,0.09818600601905263,0.7533558782398048,-0.19238477333275497,0.1306184428998806,298,True
LEVEL,pooled,us10y,asset_price,b,0.1,6,-0.09972189030213485,0.14531758641415898,0.4931565212974298,-0.33874804937529823,0.13930426877102853,297,True
LEVEL,pooled,us10y,asset_price,b,0.1,7,-0.2141066548119852,0.08854964358982227,0.01627646732734315,-0.35975785723596454,-0.06845545238800588,296,True
LEVEL,pooled,us10y,asset_price,b,0.1,8,-0.23650588608006728,0.08660516155123069,0.006737777575840087,-0.3789587001703273,-0.09405307198980731,295,True
LEVEL,pooled,us10y,asset_price,b,0.1,9,-0.008836887826646489,0.09973310740185685,0.9294622206854655,-0.17288325126373144,0.15520947561043846,294,True
LEVEL,pooled,us10y,asset_price,b,0.1,10,-0.06601095922957256,0.14304770898094385,0.644846344366711,-0.3013035021739767,0.1692815837148316,293,True
LEVEL,pooled,us10y,asset_price,b,0.1,11,-0.15977759559200422,0.1073612094240691,0.1378851625386788,-0.33637107030708085,0.01681587912307242,292,True
LEVEL,pooled,us10y,asset_price,b,0.1,12,-0.07954036789783459,0.086669011355939,0.3595913185056266,-0.2220982055709492,0.06301746977528003,291,True
LEVEL,pooled,us10y,asset_price,b,0.1,13,-0.00045527549445978366,0.0754461883398656,0.995189834879548,-0.12455321202495159,0.12364266103603203,290,True
LEVEL,pooled,us10y,asset_price,b,0.1,14,0.03878623377060819,0.14578326035929348,0.7904075950830125,-0.20100589078018646,0.2785783583214029,289,True
LEVEL,pooled,us10y,asset_price,b,0.1,15,-0.004072771669257236,0.0966155445385098,0.9664079563090591,-0.1629912005233166,0.15484565718480212,288,False
LEVEL,pooled,us10y,asset_price,b,0.1,16,-0.10612193825573968,0.09629215736989626,0.2714486988613355,-0.2645084425525955,0.05226456604111612,287,True
LEVEL,pooled,us10y,asset_price,b,0.1,17,0.1257864548466614,0.13936164448134325,0.36758531682250023,-0.10344305153639766,0.35501596122972046,286,True
LEVEL,pooled,us10y,asset_price,b,0.1,18,0.1443519542881404,0.07472137710312325,0.05447486358045631,0.021446226149259437,0.26725768242702136,285,False
LEVEL,pooled,us10y,asset_price,b,0.1,19,-0.06047301682224315,0.1330913136341736,0.6499458450226436,-0.2793887467691495,0.1584427131246632,284,True
LEVEL,pooled,us10y,asset_price,b,0.1,20,-0.21709143810304,0.07578164629701496,0.0045217681115572944,-0.34174115387103865,-0.09244172233504133,283,True
LEVEL,pooled,us10y,asset_price,b,0.1,21,-0.07971100319309699,0.07982446147959062,0.31894919521423865,-0.2110105581772497,0.05158855179105573,282,True
LEVEL,pooled,us10y,asset_price,b,0.1,22,-0.21744791937453556,0.07566588801581256,0.004400375366958165,-0.3419072297138488,-0.09298860903522234,281,False
LEVEL,pooled,us10y,asset_price,b,0.1,23,-0.11598310326382943,0.13659720146630933,0.39663796251916894,-0.3406655055271093,0.10869929899945041,280,True
LEVEL,pooled,us10y,asset_price,b,0.1,24,0.24967650176768075,0.09252829042173309,0.0074406287463987366,0.0974810076718739,0.4018719958634876,279,True
LEVEL,pooled,ip,real_macro,b,0.1,0,0.15103798404589952,0.1971838103957235,0.44434778721658247,-0.17330052165961768,0.4753764897514167,303,True
LEVEL,pooled,ip,real_macro,b,0.1,1,-0.019168335287758964,0.24110937415345682,0.9366925011313041,-0.41575796385607194,0.377421293280554,302,True
LEVEL,pooled,ip,real_macro,b,0.1,2,0.06528353454893931,0.23609232358891155,0.7823602548831351,-0.32305378020168246,0.4536208492995611,301,True
LEVEL,pooled,ip,real_macro,b,0.1,3,0.6324119120278056,0.23674513070358527,0.008011866385215333,0.24300082512691296,1.0218229989286982,300,True
LEVEL,pooled,ip,real_macro,b,0.1,4,0.5772001151685799,0.23262086012628633,0.01369756872004445,0.19457284968528676,0.9598273806518731,299,True
LEVEL,pooled,ip,real_macro,b,0.1,5,0.6354444243315811,0.24752255314623284,0.010790877508586663,0.22830605503671147,1.0425827936264507,298,True
LEVEL,pooled,ip,real_macro,b,0.1,6,0.8478799801087007,0.22495805009554287,0.00020141840037101637,0.477856915497116,1.2179030447202854,297,False
LEVEL,pooled,ip,real_macro,b,0.1,7,0.5791711447549233,0.17678921264550512,0.0011913875109094958,0.28837876712906907,0.8699635223807775,296,True
LEVEL,pooled,ip,real_macro,b,0.1,8,0.14137217584493555,0.24148798269030236,0.558759017745443,-0.2558402083484026,0.5385845600382737,295,True
LEVEL,pooled,ip,real_macro,b,0.1,9,0.05873933289467459,0.24798887358564423,0.8129455569880165,-0.34916606526628247,0.46664473105563165,294,True
LEVEL,pooled,ip,real_macro,b,0.1,10,0.23738992349353794,0.21203653536890843,0.26391039828927704,-0.11137914075423522,0.5861589877413111,293,True
LEVEL,pooled,ip,real_macro,b,0.1,11,0.5910099190443816,0.44319625803580853,0.18351149216400992,-0.13798305343713857,1.3200028915259017,292,True
LEVEL,pooled,ip,real_macro,b,0.1,12,0.012806459875719156,0.39029618998058135,0.9738492712383354,-0.629173643799181,0.6547865635506193,291,True
LEVEL,pooled,ip,real_macro,b,0.1,13,0.5023649252253648,0.3668382804004418,0.17203280816661587,-0.10103035079594302,1.1057602012466727,290,True
LEVEL,pooled,ip,real_macro,b,0.1,14,-0.3695656772407574,0.22485296846920522,0.10146533253132575,-0.7394158979581347,0.00028454347661982515,289,True
LEVEL,pooled,ip,real_macro,b,0.1,15,-0.21507003069928032,0.21606904311401984,0.3204786776202226,-0.5704719799373099,0.1403319185387492,288,True
LEVEL,pooled,ip,real_macro,b,0.1,16,0.2105046174074232,0.21522179568858277,0.3289463340299481,-0.14350373382995085,0.5645129686447973,287,True
LEVEL,pooled,ip,real_macro,b,0.1,17,-0.09242909838212654,0.19028555075173018,0.6275645417457129,-0.4054209766925684,0.2205627799283153,286,True
LEVEL,pooled,ip,real_macro,b,0.1,18,0.20966094411232916,0.20124939786128532,0.2984850039166558,-0.12136485788160584,0.5406867461062641,285,True
LEVEL,pooled,ip,real_macro,b,0.1,19,0.2943669681008032,0.20197484289959727,0.14621950278175902,-0.03785208479555319,0.6265860209971597,284,True
LEVEL,pooled,ip,real_macro,b,0.1,20,0.15155860285995004,0.1837694732239085,0.4103006121849051,-0.1507152816953573,0.4538324874152574,283,False
LEVEL,pooled,ip,real_macro,b,0.1,21,-0.1496951508379425,0.1857494741178139,0.4210554365743358,-0.4552258470449573,0.1558355453690723,282,True
LEVEL,pooled,ip,real_macro,b,0.1,22,0.14996889469887265,0.38426877420192174,0.6966646690776603,-0.4820969922713546,0.7820347816690999,281,True
LEVEL,pooled,ip,real_macro,b,0.1,23,-0.03232965698316548,0.21609687879360287,0.8811941625568457,-0.3877773918397158,0.32311807787338487,280,True
LEVEL,pooled,ip,real_macro,b,0.1,24,0.15733350603386498,0.39488271672852354,0.6906512398145112,-0.49219076279749774,0.8068577748652277,279,True
LEVEL,pooled,cpi,real_macro,b,0.1,0,-0.035628407408545115,0.09254087795195869,0.700533655431419,-0.1878446061490979,0.11658779133200767,303,True
LEVEL,pooled,cpi,real_macro,b,0.1,1,0.03867054557315441,0.10310771552437857,0.7079134447075744,-0.1309265542738003,0.20826764542010912,302,True
LEVEL,pooled,cpi,real_macro,b,0.1,2,-0.32936071022508173,0.12365849254845422,0.008193521125240225,-0.5327608301967582,-0.1259605902534052,301,True
LEVEL,pooled,cpi,real_macro,b,0.1,3,-0.010425220452489725,0.09088115520257874,0.9087574999047344,-0.15991141820899102,0.13906097730401157,300,False
LEVEL,pooled,cpi,real_macro,b,0.1,4,0.08023744327980964,0.07878554271907115,0.3093826874890262,-0.049353242412994686,0.20982812897261396,299,True
LEVEL,pooled,cpi,real_macro,b,0.1,5,0.12868715540685116,0.07340271143446762,0.08070831446513259,0.007950439275794793,0.24942387153790752,298,True
LEVEL,pooled,cpi,real_macro,b,0.1,6,-0.021630724903673126,0.09576482458771667,0.8214714199596609,-0.1791498439611504,0.13588839415380416,297,True
LEVEL,pooled,cpi,real_macro,b,0.1,7,-0.0729132670194872,0.08776123187419298,0.4068182087873854,-0.21726764757348266,0.07144111353450827,296,True
LEVEL,pooled,cpi,real_macro,b,0.1,8,0.2406571371804347,0.0959640664092792,0.012742956053705437,0.08281029449011987,0.3985039798707495,295,True
LEVEL,pooled,cpi,real_macro,b,0.1,9,-0.063890657191223,0.0886916249184473,0.47193065156705505,-0.20977539811855062,0.08199408373610462,294,False
LEVEL,pooled,cpi,real_macro,b,0.1,10,0.1506132430146785,0.16234047158642306,0.354375516585143,-0.11641307047526189,0.41763955650461887,293,True
LEVEL,pooled,cpi,real_macro,b,0.1,11,0.09101906411923277,0.17043584002887896,0.593765247062582,-0.18932294551478968,0.3713610737532552,292,True
LEVEL,pooled,cpi,real_macro,b,0.1,12,0.18277410551961282,0.10129878614118158,0.07232717408228814,0.016152429729508755,0.3493957813097169,291,True
LEVEL,pooled,cpi,real_macro,b,0.1,13,-0.12736690981827792,0.10280362060690156,0.21647867734302997,-0.29646381803728306,0.04172999840072722,290,True
LEVEL,pooled,cpi,real_macro,b,0.1,14,0.15095820815389516,0.0965157675985281,0.11901084219433422,-0.00779610223854918,0.3097125185463395,289,True
LEVEL,pooled,cpi,real_macro,b,0.1,15,0.12155010885211937,0.08851408701985497,0.1708642354150159,-0.024042608218787315,0.2671428259230261,288,True
LEVEL,pooled,cpi,real_macro,b,0.1,16,-0.13757120975697035,0.08238629327957628,0.09616084714986887,-0.2730846030689691,-0.002057816444971605,287,False
LEVEL,pooled,cpi,real_macro,b,0.1,17,0.10720207566843953,0.1364573598633606,0.43281769267607506,-0.1172503076270314,0.33165445896391044,286,True
LEVEL,pooled,cpi,real_macro,b,0.1,18,-0.026660166272506558,0.15749230393047822,0.8657102228662346,-0.28571195360949725,0.23239162106448413,285,True
LEVEL,pooled,cpi,real_macro,b,0.1,19,-0.03180696574118258,0.1658700018203694,0.8480834707270382,-0.3046388398378645,0.24102490835549933,284,True
LEVEL,pooled,cpi,real_macro,b,0.1,20,0.0971413134468122,0.17707421886205416,0.5837661787806148,-0.19411985768803636,0.38840248458166077,283,True
LEVEL,pooled,cpi,real_macro,b,0.1,21,0.14337306752418044,0.15074690748916578,0.34246553018901305,-0.10458353001109194,0.3913296650594528,282,True
LEVEL,pooled,cpi,real_macro,b,0.1,22,0.0689798622346629,0.07950761610225239,0.3864420030689234,-0.06179852848139222,0.19975825295071803,281,True
LEVEL,pooled,cpi,real_macro,b,0.1,23,0.02197934547303504,0.09555972397641932,0.818273410731613,-0.13520241310005984,0.17916110404612992,280,True
LEVEL,pooled,cpi,real_macro,b,0.1,24,-0.18326515400843135,0.17602539921648275,0.29881745726712716,-0.4728011703452438,0.10627086232838112,279,True
LEVEL,pooled,infl_exp,real_macro,b,0.1,0,-0.5032806857489049,0.19433019606643676,0.010114154900639464,-0.8229254135749742,-0.1836359579228357,303,True
LEVEL,pooled,infl_exp,real_macro,b,0.1,1,0.033167256569868186,0.10958592697674967,0.7623787620997827,-0.14708555288067768,0.21342006602041405,302,True
LEVEL,pooled,infl_exp,real_macro,b,0.1,2,-0.04296398472615692,0.10868132314671217,0.6929148921627357,-0.2217288532859114,0.13580088383359756,301,True
LEVEL,pooled,infl_exp,real_macro,b,0.1,3,-0.16076232363957388,0.11465502000132533,0.16201380953547556,-0.3493530491369474,0.027828401857799667,300,True
LEVEL,pooled,infl_exp,real_macro,b,0.1,4,-0.15072055566815834,0.08984198446491495,0.09457453452219568,-0.29849746966779156,-0.0029436416685251487,299,True
LEVEL,pooled,infl_exp,real_macro,b,0.1,5,-0.13106176264295755,0.12133366283827077,0.2810275442770535,-0.3306378780337943,0.06851435274787918,298,True
LEVEL,pooled,infl_exp,real_macro,b,0.1,6,0.26467595197073024,0.11153485566531725,0.018345803739163936,0.0812174400981242,0.4481344638433363,297,True
LEVEL,pooled,infl_exp,real_macro,b,0.1,7,-0.01554390021283325,0.1202919994269963,0.8972820202817443,-0.21340663176357252,0.18231883133790602,296,True
LEVEL,pooled,infl_exp,real_macro,b,0.1,8,-0.040292485810823564,0.10035757515921491,0.6883811169892752,-0.20536600730351318,0.12478103568186605,295,True
LEVEL,pooled,infl_exp,real_macro,b,0.1,9,-0.003608967019914644,0.13450214498239224,0.9786138165305491,-0.22484530802695527,0.21762737398712598,294,True
LEVEL,pooled,infl_exp,real_macro,b,0.1,10,0.020101204604372924,0.17858027769522927,0.9104636910282815,-0.27363721286462606,0.3138396220733719,293,True
LEVEL,pooled,infl_exp,real_macro,b,0.1,11,0.1501360466791084,0.09190803458083553,0.10354608819586987,-0.001039217347160254,0.3013113107053771,292,False
LEVEL,pooled,infl_exp,real_macro,b,0.1,12,0.04152902405803616,0.11894756511499231,0.7272656506588384,-0.15412230983840536,0.23718035795447767,291,True
LEVEL,pooled,infl_exp,real_macro,b,0.1,13,-0.4063190769359153,0.10381867902234634,0.00011591135008424317,-0.5770856076711324,-0.23555254620069818,290,True
LEVEL,pooled,infl_exp,real_macro,b,0.1,14,-0.29201984017140603,0.11139580304979924,0.009269268264781983,-0.4752496308450402,-0.10879004949777188,289,True
LEVEL,pooled,infl_exp,real_macro,b,0.1,15,-0.18939147114906518,0.123023417074201,0.12490450378773524,-0.3917469849235284,0.01296404262539802,288,True
LEVEL,pooled,infl_exp,real_macro,b,0.1,16,-0.1916531945753377,0.11596036088722583,0.09959391670649285,-0.38239101476329274,-0.0009153743873826503,287,False
LEVEL,pooled,infl_exp,real_macro,b,0.1,17,0.520576040739968,0.17754780977813409,0.00366982323399643,0.2285358818691141,0.8126161996108219,286,True
LEVEL,pooled,infl_exp,real_macro,b,0.1,18,-0.18777592717833613,0.19914963851672574,0.3466233813590656,-0.5153479323986471,0.1397960780419748,285,True
LEVEL,pooled,infl_exp,real_macro,b,0.1,19,-0.01114044396126701,0.19019510707355017,0.9533373007436919,-0.3239835556596196,0.3017026677370856,284,True
LEVEL,pooled,infl_exp,real_macro,b,0.1,20,-0.2149626255682051,0.10001841187494337,0.03255747718656037,-0.37947827310263194,-0.05044697803377832,283,True
LEVEL,pooled,infl_exp,real_macro,b,0.1,21,-0.1429809779065181,0.11832719343206258,0.2280354079162882,-0.3376118911902346,0.05164993537719845,282,True
LEVEL,pooled,infl_exp,real_macro,b,0.1,22,0.050926832459481375,0.10864498084043427,0.6396552806965344,-0.12777825832598014,0.2296319232449429,281,True
LEVEL,pooled,infl_exp,real_macro,b,0.1,23,0.14210979711151595,0.1028047878075454,0.16809534394620196,-0.026989030981701606,0.31120862520473347,280,True
LEVEL,pooled,infl_exp,real_macro,b,0.1,24,0.09062851870862687,0.18533208649812083,0.6252644028468136,-0.21421563595829113,0.39547267337554487,279,True
LEVEL,pooled,freight,physical_channel,b,0.1,0,-0.0033331666019194017,0.008527751240066822,0.6962025087347211,-0.017360069158883232,0.010693735955044427,303,True
LEVEL,pooled,freight,physical_channel,b,0.1,1,-0.008941103473453893,0.011544437832390498,0.43930622465702346,-0.027930013913177194,0.010047806966269408,302,True
LEVEL,pooled,freight,physical_channel,b,0.1,2,0.012548158643085117,0.013518176899593195,0.35410128447096323,-0.009687263659982358,0.034783580946152595,301,True
LEVEL,pooled,freight,physical_channel,b,0.1,3,0.00499531227617922,0.00741692814104651,0.5012001670041403,-0.0072044488774595725,0.017195073429818013,300,True
LEVEL,pooled,freight,physical_channel,b,0.1,4,-0.009654857362434655,0.005389695871163398,0.07435215059651891,-0.018520118164283145,-0.0007895965605861643,299,False
LEVEL,pooled,freight,physical_channel,b,0.1,5,0.004350960670919335,0.007493270184813241,0.5619612827232308,-0.007974371970298053,0.01667629331213672,298,True
LEVEL,pooled,freight,physical_channel,b,0.1,6,0.010243148661629675,0.010744713029612343,0.3412838566303434,-0.0074303315356809285,0.02791662885894028,297,False
LEVEL,pooled,freight,physical_channel,b,0.1,7,0.009434009137944344,0.00612984856947403,0.12497726631976255,-0.0006486945142183086,0.019516712790106996,296,True
LEVEL,pooled,freight,physical_channel,b,0.1,8,0.007781011490465062,0.0072463673065965165,0.2838903175616448,-0.004138202056012789,0.019700225036942912,295,True
LEVEL,pooled,freight,physical_channel,b,0.1,9,0.020929286847405137,0.007737988043491099,0.007276829681861656,0.008201429148761676,0.033657144546048595,294,True
LEVEL,pooled,freight,physical_channel,b,0.1,10,-0.015606009577112445,0.008829952162991992,0.0783130345514448,-0.030129988418217818,-0.0010820307360070707,293,True
LEVEL,pooled,freight,physical_channel,b,0.1,11,-0.003131335982850203,0.00752647945693157,0.6777168443068249,-0.015511293015759842,0.009248621050059436,292,True
LEVEL,pooled,freight,physical_channel,b,0.1,12,-0.021006538702465605,0.008289778292307409,0.011856911601744685,-0.034642010593191025,-0.007371066811740183,291,True
LEVEL,pooled,freight,physical_channel,b,0.1,13,-0.009635148961955053,0.007813049650344246,0.21860184394863982,-0.022486472016875717,0.0032161740929656114,290,True
LEVEL,pooled,freight,physical_channel,b,0.1,14,0.0018440801266805806,0.006297127145467559,0.7698735648218437,-0.008513772297916304,0.012201932551277465,289,True
LEVEL,pooled,freight,physical_channel,b,0.1,15,-0.02913587965717568,0.0065043204856213965,1.1217033249299564e-05,-0.03983453479880479,-0.018437224515546566,288,True
LEVEL,pooled,freight,physical_channel,b,0.1,16,-0.028001341665003565,0.007848298525738987,0.0004287442613341419,-0.04091064396046323,-0.0150920393695439,287,False
LEVEL,pooled,freight,physical_channel,b,0.1,17,0.00973752121690552,0.009429918609685412,0.30274881716337926,-0.005773314610092714,0.025248357043903755,286,True
LEVEL,pooled,freight,physical_channel,b,0.1,18,-0.0017018083337632106,0.008201466657678508,0.8357833372421498,-0.015192020511967273,0.011788403844440852,285,True
LEVEL,pooled,freight,physical_channel,b,0.1,19,0.005672258395421181,0.008533050042886745,0.5068152543881849,-0.008363359916579497,0.01970787670742186,284,True
LEVEL,pooled,freight,physical_channel,b,0.1,20,-0.0012632489149382309,0.010082267028300828,0.9003894172377398,-0.01784710240433209,0.015320604574455627,283,False
LEVEL,pooled,freight,physical_channel,b,0.1,21,0.004680141423307305,0.005964168269502372,0.43335497493087705,-0.005130042386532557,0.014490325233147167,282,False
LEVEL,pooled,freight,physical_channel,b,0.1,22,-0.006053508395879703,0.007780408762852163,0.43726945832786285,-0.0188511419686221,0.006744125176862695,281,True
LEVEL,pooled,freight,physical_channel,b,0.1,23,0.00676227327152823,0.012437057034151414,0.5871150407614661,-0.013694865099698042,0.0272194116427545,280,True
LEVEL,pooled,freight,physical_channel,b,0.1,24,-0.00748420567924768,0.006961188126152211,0.28334741157289484,-0.018934341216440664,0.003965929857945307,279,True
LEVEL,pooled,oil,asset_price,b,0.25,0,-0.043991739700686594,0.029178974832913585,0.13279152960757606,-0.09198688228533022,0.004003402883957043,303,False
LEVEL,pooled,oil,asset_price,b,0.25,1,-0.03899702726528176,0.02870586066250819,0.17542118795714706,-0.08621396629077194,0.008219911760208427,302,True
LEVEL,pooled,oil,asset_price,b,0.25,2,0.014797848597908114,0.03419588444342904,0.6655469917921801,-0.04144937595567957,0.0710450731514958,301,True
LEVEL,pooled,oil,asset_price,b,0.25,3,-0.013208600503048729,0.03464575293385768,0.7033173627342783,-0.07019579287476915,0.04377859186867169,300,False
LEVEL,pooled,oil,asset_price,b,0.25,4,-0.013022206874211406,0.02620122546844133,0.619586684516957,-0.056119387616550415,0.030074973868127602,299,True
LEVEL,pooled,oil,asset_price,b,0.25,5,-0.04851205249563861,0.025563539643738312,0.05880162291529276,-0.09056033339635933,-0.006463771594917907,298,True
LEVEL,pooled,oil,asset_price,b,0.25,6,0.017496423581917497,0.02707384587892657,0.5186695945746875,-0.02703609000756004,0.062028937171395036,297,True
LEVEL,pooled,oil,asset_price,b,0.25,7,-0.041821325867111625,0.03584524832449134,0.24436105481317827,-0.10078151258262738,0.017138860848404137,296,True
LEVEL,pooled,oil,asset_price,b,0.25,8,0.04698501433614588,0.029130885497093504,0.10794894655100434,-0.0009310283300564062,0.09490105700234816,295,True
LEVEL,pooled,oil,asset_price,b,0.25,9,0.0020091283772032398,0.02934285472836308,0.9454623147340296,-0.046255572647854924,0.050273829402261404,294,True
LEVEL,pooled,oil,asset_price,b,0.25,10,0.05973417199871278,0.03490819211908079,0.08821817243636375,0.002315305581323944,0.11715303841610161,293,True
LEVEL,pooled,oil,asset_price,b,0.25,11,-0.014611555573708301,0.026960392936004808,0.588300612061785,-0.05895745567853266,0.029734344531116057,292,True
LEVEL,pooled,oil,asset_price,b,0.25,12,-0.02378730941552476,0.03991063704135261,0.5516782868368039,-0.08943446550693737,0.04185984667588785,291,False
LEVEL,pooled,oil,asset_price,b,0.25,13,0.02593573926375825,0.03935183363823733,0.5104275880116796,-0.03879226702328736,0.09066374555080386,290,True
LEVEL,pooled,oil,asset_price,b,0.25,14,0.01719735744245554,0.028854709511853167,0.5516928768933622,-0.030264416152747282,0.06465913103765836,289,True
LEVEL,pooled,oil,asset_price,b,0.25,15,0.009148742549314193,0.02967580926707865,0.7581088496201253,-0.03966361995636023,0.05796110505498862,288,True
LEVEL,pooled,oil,asset_price,b,0.25,16,-0.04117513571020481,0.030684058456081326,0.1808015604061892,-0.09164592055128118,0.009295649130871546,287,True
LEVEL,pooled,oil,asset_price,b,0.25,17,-0.05226733609669054,0.037953346176824124,0.16966045476417868,-0.1146950352105845,0.010160363017203411,286,True
LEVEL,pooled,oil,asset_price,b,0.25,18,-0.0615998375969653,0.03631636546705741,0.0910588000431209,-0.12133494305314987,-0.0018647321407807282,285,True
LEVEL,pooled,oil,asset_price,b,0.25,19,0.08344508732511713,0.033394915376091225,0.0130911769463279,0.02851533964701599,0.13837483500321826,284,False
LEVEL,pooled,oil,asset_price,b,0.25,20,0.04981705563278638,0.0338926958601123,0.1428360766340782,-0.005931468079882485,0.10556557934545524,283,True
LEVEL,pooled,oil,asset_price,b,0.25,21,0.017807314407974673,0.027485513810018927,0.5176477649659851,-0.027402332671059737,0.06301696148700908,282,True
LEVEL,pooled,oil,asset_price,b,0.25,22,0.008528986642971859,0.027648051496493364,0.7579677807013137,-0.036948011139176326,0.05400598442512004,281,True
LEVEL,pooled,oil,asset_price,b,0.25,23,-0.019263961490594284,0.03972044125257222,0.6281057479675477,-0.08459827334900058,0.04607035036781201,280,True
LEVEL,pooled,oil,asset_price,b,0.25,24,0.019195536693786153,0.04264692953388536,0.6530242351310254,-0.05095242002836904,0.08934349341594135,279,True
LEVEL,pooled,dxy,asset_price,b,0.25,0,-0.004821100935682665,0.0046766110886033215,0.30349526612385286,-0.012513441646613312,0.0028712397752479807,303,True
LEVEL,pooled,dxy,asset_price,b,0.25,1,0.0024052422083151725,0.0044472953747961555,0.5890623796190261,-0.00490990771904279,0.009720392135673135,302,True
LEVEL,pooled,dxy,asset_price,b,0.25,2,0.00647174596807254,0.00418141879463287,0.12284351996516185,-0.00040607590208238935,0.01334956783822747,301,True
LEVEL,pooled,dxy,asset_price,b,0.25,3,-0.00252605049549004,0.0042162404043228,0.549588919261147,-0.009461148816639738,0.004409047825659659,300,True
LEVEL,pooled,dxy,asset_price,b,0.25,4,0.003381636876513383,0.004013196476432961,0.40017885679079,-0.0032194839034162407,0.009982757656443006,299,True
LEVEL,pooled,dxy,asset_price,b,0.25,5,0.0027835888289473587,0.0058734638557201195,0.6359354910165498,-0.006877399496902258,0.012444577154796976,298,True
LEVEL,pooled,dxy,asset_price,b,0.25,6,-0.002758498913628671,0.0053196653192307645,0.6045026410378497,-0.011508569708133356,0.005991571880876014,297,True
LEVEL,pooled,dxy,asset_price,b,0.25,7,-0.016797073062377876,0.005955566542854794,0.005154822612778555,-0.026593108290943426,-0.007001037833812328,296,False
LEVEL,pooled,dxy,asset_price,b,0.25,8,-0.007207141610443557,0.0058552758307692625,0.21945095741444903,-0.016838213297485673,0.0024239300765985586,295,True
LEVEL,pooled,dxy,asset_price,b,0.25,9,-0.01215661087578468,0.0052222778347345246,0.020671100293958272,-0.020746493513196042,-0.003566728238373316,294,True
LEVEL,pooled,dxy,asset_price,b,0.25,10,0.0018254415336684815,0.0067097219570380895,0.7857883516415489,-0.00921106896320155,0.012861952030538514,293,True
LEVEL,pooled,dxy,asset_price,b,0.25,11,-7.979503136823496e-05,0.004545846145719861,0.9860083952244876,-0.007557046551718918,0.0073974564889824485,292,True
LEVEL,pooled,dxy,asset_price,b,0.25,12,0.008454779441191107,0.006028292104029364,0.1619403417791246,-0.0014608786904445146,0.018370437572826727,291,True
LEVEL,pooled,dxy,asset_price,b,0.25,13,0.00010043027376482883,0.004634467912745329,0.9827274560370236,-0.007522591081504544,0.0077234516290342016,290,True
LEVEL,pooled,dxy,asset_price,b,0.25,14,-0.01212450346384486,0.006416893913228527,0.059937715634732706,-0.02267935469078163,-0.0015696522369080916,289,True
LEVEL,pooled,dxy,asset_price,b,0.25,15,-0.0008104172739793469,0.006848713416891523,0.9058965125939487,-0.01207554837770458,0.010454713829745886,288,True
LEVEL,pooled,dxy,asset_price,b,0.25,16,0.005387852053672759,0.007046193341013794,0.4451777656646009,-0.006202104619495091,0.01697780872684061,287,True
LEVEL,pooled,dxy,asset_price,b,0.25,17,-0.0038704964736009373,0.004773805931637806,0.41824048139098086,-0.011722708474617835,0.00398171552741596,286,True
LEVEL,pooled,dxy,asset_price,b,0.25,18,-0.015843073596357726,0.004923226308992881,0.0014565164104695903,-0.023941060247007574,-0.007745086945707877,285,True
LEVEL,pooled,dxy,asset_price,b,0.25,19,-0.013274173555945179,0.007426354802981108,0.07504907498078583,-0.02548944018865714,-0.0010589069232332174,284,True
LEVEL,pooled,dxy,asset_price,b,0.25,20,0.0002488928131896273,0.005268765544565162,0.9623594784007393,-0.008417455302345328,0.008915240928724583,283,True
LEVEL,pooled,dxy,asset_price,b,0.25,21,-0.01288688552909889,0.005389949562145681,0.017535413643075353,-0.02175256361547971,-0.004021207442718068,282,False
LEVEL,pooled,dxy,asset_price,b,0.25,22,0.005458836683530421,0.004725529397468851,0.24910659202706617,-0.0023139674851620235,0.013231640852222866,281,True
LEVEL,pooled,dxy,asset_price,b,0.25,23,-0.007243399728054101,0.0044384651142402075,0.10393676995296046,-0.014544025169309686,5.722571320148501e-05,280,False
LEVEL,pooled,dxy,asset_price,b,0.25,24,-0.00036626123998129145,0.004625085261459567,0.9369444690687737,-0.007973849507252858,0.007241327027290275,279,True
LEVEL,pooled,vix,asset_price,b,0.25,0,-1.3251875238784123,0.8356490077275429,0.11392970567851682,-2.6997078250974598,0.04933277734063535,303,True
LEVEL,pooled,vix,asset_price,b,0.25,1,-0.7881584295537323,0.8801597225755412,0.37132078845768096,-2.2358923415287126,0.6595754824212483,302,True
LEVEL,pooled,vix,asset_price,b,0.25,2,-0.46627967804670334,0.8359102358531639,0.5774307725286155,-1.8412296612956405,0.9086703052022338,301,False
LEVEL,pooled,vix,asset_price,b,0.25,3,-0.9847408856658149,0.904910858403557,0.27746187084387036,-2.4731867931786757,0.503705021847046,300,True
LEVEL,pooled,vix,asset_price,b,0.25,4,-1.683271060581319,1.0193033491211922,0.09981648646983093,-3.3598758713470946,-0.0066662498155432015,299,True
LEVEL,pooled,vix,asset_price,b,0.25,5,-1.4510373236771557,1.32385194464907,0.27402385184757105,-3.628579996379938,0.7265053490256266,298,False
LEVEL,pooled,vix,asset_price,b,0.25,6,1.7277043448120821,1.0605199773114937,0.10446007770014602,-0.01669578632322133,3.4721044759473854,297,False
LEVEL,pooled,vix,asset_price,b,0.25,7,-0.389986858543125,1.148558468005641,0.7344654159775605,-2.27919742040803,1.4992237033217801,296,True
LEVEL,pooled,vix,asset_price,b,0.25,8,1.946818931013695,1.1318508554670288,0.08658546486910756,0.08508994623062605,3.8085479157967637,295,False
LEVEL,pooled,vix,asset_price,b,0.25,9,1.3566073505462555,1.0755741822579858,0.2083106112390453,-0.41255474419615634,3.1257694452886673,294,True
LEVEL,pooled,vix,asset_price,b,0.25,10,1.4542907336144708,1.161562137778621,0.2116690905786328,-0.4563089616401994,3.364890428869141,293,True
LEVEL,pooled,vix,asset_price,b,0.25,11,1.464161236770451,1.2817151403149138,0.25434550066244765,-0.6440725604951503,3.5723950340360524,292,False
LEVEL,pooled,vix,asset_price,b,0.25,12,-0.3424661806311633,1.4344582580008554,0.8114911668730127,-2.701940049014361,2.0170076877520344,291,True
LEVEL,pooled,vix,asset_price,b,0.25,13,2.32300366461277,1.231773663454212,0.06041438637564759,0.2969162866968076,4.349091042528732,290,False
LEVEL,pooled,vix,asset_price,b,0.25,14,0.5023309187672567,1.3224335709748303,0.7043631281042924,-1.6728787368530802,2.6775405743875935,289,True
LEVEL,pooled,vix,asset_price,b,0.25,15,-0.5834759560239036,1.3701746625384754,0.6705763200454116,-2.8372127192573244,1.6702608072095173,288,True
LEVEL,pooled,vix,asset_price,b,0.25,16,-0.391693029666385,1.428880077426819,0.7842063774586326,-2.7419916075005886,1.9586055481678186,287,True
LEVEL,pooled,vix,asset_price,b,0.25,17,0.25703423673985526,1.3465336510693682,0.8487651402055385,-1.9578165230338032,2.4718849965135137,286,True
LEVEL,pooled,vix,asset_price,b,0.25,18,-1.690781903686002,1.1981754363120927,0.1594155324283368,-3.6616051158281104,0.2800413084561064,285,True
LEVEL,pooled,vix,asset_price,b,0.25,19,-0.8005715642357245,1.3675135455913452,0.558780155141827,-3.049931179606916,1.448788051135467,284,True
LEVEL,pooled,vix,asset_price,b,0.25,20,-0.28319444600492716,1.3926520077254874,0.8390244026904445,-2.5739031519934445,2.0075142599835902,283,False
LEVEL,pooled,vix,asset_price,b,0.25,21,-2.6964659803779796,1.3929232567870737,0.05399787688149655,-4.987620851369255,-0.40531110938670434,282,True
LEVEL,pooled,vix,asset_price,b,0.25,22,-0.42296188166801585,1.3319980201240782,0.7510962399063688,-2.613903656161286,1.7679798928252541,281,True
LEVEL,pooled,vix,asset_price,b,0.25,23,-3.1398747658822685,1.2504816347174894,0.012668057738493553,-5.1967340181835375,-1.083015513581,280,True
LEVEL,pooled,vix,asset_price,b,0.25,24,-2.0731158936068823,1.375035907322629,0.1328937096438364,-4.334848692955017,0.18861690574125234,279,True
LEVEL,pooled,us10y,asset_price,b,0.25,0,-0.050343818409430696,0.0985025689861242,0.6096971165819874,-0.21236612627029466,0.11167848945143327,303,True
LEVEL,pooled,us10y,asset_price,b,0.25,1,0.07039211762821651,0.0902237858152248,0.4359497398074655,-0.0780128037072488,0.21879703896368183,302,False
LEVEL,pooled,us10y,asset_price,b,0.25,2,0.07314708422018157,0.08244293998558054,0.37572798821828723,-0.062459484631643136,0.20875365307200627,301,False
LEVEL,pooled,us10y,asset_price,b,0.25,3,-0.08849455106997084,0.09105475683021076,0.33197233010428057,-0.23826629809332733,0.061277195953385655,300,True
LEVEL,pooled,us10y,asset_price,b,0.25,4,-0.008884981953274362,0.09853604111468964,0.928218834730523,-0.170962346566211,0.15319238265966229,299,True
LEVEL,pooled,us10y,asset_price,b,0.25,5,0.0023223398116272165,0.07566122213350773,0.9755363129589018,-0.12212929583425398,0.1267739754575084,298,True
LEVEL,pooled,us10y,asset_price,b,0.25,6,-0.1421073788145577,0.09628790635117922,0.14115129954102804,-0.3004868908078585,0.016272133178743126,297,True
LEVEL,pooled,us10y,asset_price,b,0.25,7,-0.10873027186335094,0.06898038232212089,0.11614804425566609,-0.2221929039143907,0.004732360187688828,296,True
LEVEL,pooled,us10y,asset_price,b,0.25,8,-0.03891238060347746,0.06694819020478654,0.56157493371411,-0.14903235407965762,0.0712075928727027,295,True
LEVEL,pooled,us10y,asset_price,b,0.25,9,-0.04744777921769128,0.09901377323020132,0.6321873456050671,-0.2103109432335385,0.11541538479815594,294,True
LEVEL,pooled,us10y,asset_price,b,0.25,10,0.003410475503642374,0.09452214157035141,0.97124474960427,-0.15206461188557066,0.1588855628928554,293,True
LEVEL,pooled,us10y,asset_price,b,0.25,11,-0.1322865575106391,0.06232624088269259,0.034727966714687385,-0.23480410088078715,-0.029769014140491074,292,True
LEVEL,pooled,us10y,asset_price,b,0.25,12,-0.14602121042753424,0.07312593646663008,0.04687245832404628,-0.26630267224889365,-0.025739748606174825,291,False
LEVEL,pooled,us10y,asset_price,b,0.25,13,-0.0032689879319605097,0.07099256930248254,0.9633079441937474,-0.12004137303575267,0.11350339717183165,290,True
LEVEL,pooled,us10y,asset_price,b,0.25,14,0.0790529423929911,0.10181865738342043,0.43821043988993474,-0.08842384549545729,0.24652973028143949,289,True
LEVEL,pooled,us10y,asset_price,b,0.25,15,0.05367636818969501,0.08236218014377432,0.5151630518651241,-0.08179736254342271,0.18915009892281273,288,True
LEVEL,pooled,us10y,asset_price,b,0.25,16,0.0034072441090096106,0.07397906383057938,0.9633004138585693,-0.11827748735119335,0.1250919755692126,287,True
LEVEL,pooled,us10y,asset_price,b,0.25,17,0.08665508679229106,0.07636611742206469,0.2575407104336246,-0.03895599842559405,0.21226617201017617,286,True
LEVEL,pooled,us10y,asset_price,b,0.25,18,0.04316217117913368,0.07376608112449828,0.5589789337377952,-0.07817223490449386,0.16449657726276123,285,True
LEVEL,pooled,us10y,asset_price,b,0.25,19,-0.12988647598280068,0.10170138404516442,0.20271143041490308,-0.29717036639547395,0.0373974144298726,284,True
LEVEL,pooled,us10y,asset_price,b,0.25,20,0.06153752930833889,0.07271635787642396,0.39819668280601644,-0.05807023568339831,0.1811452943000761,283,True
LEVEL,pooled,us10y,asset_price,b,0.25,21,0.05035489270619564,0.07165726693306157,0.4828746767621181,-0.06751082270608048,0.16822060811847178,282,True
LEVEL,pooled,us10y,asset_price,b,0.25,22,0.0038914014826332277,0.06712423859124152,0.9538158015046954,-0.10651814582052636,0.11430094878579282,281,True
LEVEL,pooled,us10y,asset_price,b,0.25,23,-0.143894868162306,0.10562112446344583,0.17429807676441955,-0.31762615781869774,0.029836421494085746,280,True
LEVEL,pooled,us10y,asset_price,b,0.25,24,0.17551459256668522,0.0721375988371723,0.015671204042657587,0.05685880147979207,0.2941703836535784,279,True
LEVEL,pooled,ip,real_macro,b,0.25,0,0.2737808482206674,0.12311139795039368,0.02697110527848773,0.07128061878289632,0.47628107765843847,303,True
LEVEL,pooled,ip,real_macro,b,0.25,1,0.046791917135124095,0.1442125448272689,0.7458336152718755,-0.19041661027591092,0.28400044454615914,302,True
LEVEL,pooled,ip,real_macro,b,0.25,2,0.10296679026703259,0.14746001279417842,0.4856031856799123,-0.13958334660778227,0.34551692714184745,301,True
LEVEL,pooled,ip,real_macro,b,0.25,3,0.3986169393083401,0.15433850800033627,0.01032463142521558,0.14475268464570817,0.652481193970972,300,False
LEVEL,pooled,ip,real_macro,b,0.25,4,0.20757725604084953,0.15308680097418673,0.17624549309964124,-0.044228123779939676,0.45938263586163874,299,True
LEVEL,pooled,ip,real_macro,b,0.25,5,0.24478583280415478,0.1609327000466875,0.1294188328848475,-0.019924902562732494,0.509496568171042,298,False
LEVEL,pooled,ip,real_macro,b,0.25,6,0.5060079918844167,0.20898633621352397,0.016129247703275746,0.16225605878030197,0.8497599249885315,297,True
LEVEL,pooled,ip,real_macro,b,0.25,7,0.1713271324085781,0.14384723203365202,0.23469351344944772,-0.06528050892890441,0.40793477374606063,296,False
LEVEL,pooled,ip,real_macro,b,0.25,8,-0.09151608507454512,0.1687716564751458,0.5880999789907095,-0.3691207563542966,0.18608858620520635,295,True
LEVEL,pooled,ip,real_macro,b,0.25,9,0.1320444655261781,0.16306546386771756,0.41879987998690815,-0.13617435414716134,0.40026328519951754,294,False
LEVEL,pooled,ip,real_macro,b,0.25,10,-0.01168202809468255,0.21918564591933568,0.9575350965531928,-0.372210332760803,0.3488462765714379,293,True
LEVEL,pooled,ip,real_macro,b,0.25,11,0.17656258890184517,0.17659432259987498,0.3183130019460734,-0.11390922312559754,0.4670344009292879,292,True
LEVEL,pooled,ip,real_macro,b,0.25,12,0.1838814962405877,0.22262311162462095,0.4095659722555748,-0.1823009363583925,0.5500639288395679,291,True
LEVEL,pooled,ip,real_macro,b,0.25,13,0.28568120040267786,0.17024592655014714,0.09452969603001944,0.005651570642954407,0.5657108301624013,290,True
LEVEL,pooled,ip,real_macro,b,0.25,14,-0.21350650068779942,0.23181376608976323,0.35788738560632766,-0.5948062146178267,0.16779321324222785,289,True
LEVEL,pooled,ip,real_macro,b,0.25,15,0.22335126752454926,0.17032295924558125,0.1908998695059593,-0.05680506974365285,0.5035076047927514,288,True
LEVEL,pooled,ip,real_macro,b,0.25,16,0.2464394272434447,0.21630738409241437,0.25562983104882603,-0.10935455801734828,0.6022334125042377,287,True
LEVEL,pooled,ip,real_macro,b,0.25,17,0.20557159375893264,0.20964599148545296,0.3277257230239409,-0.13926537571175213,0.5504085632296174,286,True
LEVEL,pooled,ip,real_macro,b,0.25,18,-0.10286722075943544,0.19976881977347608,0.6070436029494949,-0.4314576885156525,0.22572324699678165,285,False
LEVEL,pooled,ip,real_macro,b,0.25,19,0.2390367460707239,0.15153847261005987,0.11593844878377312,-0.010221860224619406,0.4882953523660672,284,True
LEVEL,pooled,ip,real_macro,b,0.25,20,-0.17454663097032608,0.15100880200939953,0.2488159205199289,-0.4229340066570837,0.07384074471643151,283,True
LEVEL,pooled,ip,real_macro,b,0.25,21,-0.05895907094236463,0.16331487086683136,0.718388530181407,-0.3275881286227835,0.20966998673805426,282,False
LEVEL,pooled,ip,real_macro,b,0.25,22,-0.013893065151819428,0.22415758507196135,0.9506284825697243,-0.3825994819661182,0.35481335166247935,281,True
LEVEL,pooled,ip,real_macro,b,0.25,23,0.2242340807040364,0.21642759809600853,0.3011627897520798,-0.13175763899657877,0.5802258004046515,280,True
LEVEL,pooled,ip,real_macro,b,0.25,24,0.17800904540490592,0.23121863782733046,0.4420990205750069,-0.20231176964415748,0.5583298604539693,279,False
LEVEL,pooled,cpi,real_macro,b,0.25,0,-0.15458865832496826,0.07543116794892556,0.04137159735484546,-0.2786618885109441,-0.030515428138992426,303,True
LEVEL,pooled,cpi,real_macro,b,0.25,1,-0.08401829644461145,0.06419378418489036,0.1916909967808253,-0.1896076751888684,0.021571082299645508,302,True
LEVEL,pooled,cpi,real_macro,b,0.25,2,-0.057831138951215166,0.07747532217964931,0.4560403961692382,-0.18526670363764516,0.06960442573521483,301,True
LEVEL,pooled,cpi,real_macro,b,0.25,3,-0.09492646290857465,0.06335779193487516,0.13522525931173382,-0.1991407567682908,0.009287830951141496,300,True
LEVEL,pooled,cpi,real_macro,b,0.25,4,0.006275840911257546,0.0689088245352734,0.9275006272652184,-0.10706908905454951,0.1196207708770646,299,True
LEVEL,pooled,cpi,real_macro,b,0.25,5,0.13453466970624106,0.06240505738956184,0.031980523116404536,0.0318874847189055,0.2371818546935766,298,True
LEVEL,pooled,cpi,real_macro,b,0.25,6,-0.08250841422159283,0.07035808192549653,0.24195645619802625,-0.1982371604620946,0.03322033201890896,297,False
LEVEL,pooled,cpi,real_macro,b,0.25,7,-0.024925068286961505,0.07273413470860376,0.7321022981789976,-0.14456207356558537,0.09471193699166236,296,True
LEVEL,pooled,cpi,real_macro,b,0.25,8,0.0777782817334014,0.07041087643264868,0.2703124623223211,-0.038037303743672715,0.1935938672104755,295,True
LEVEL,pooled,cpi,real_macro,b,0.25,9,0.058658873327203764,0.05682603446397255,0.30289098560827926,-0.034811635566130844,0.15212938222053837,294,True
LEVEL,pooled,cpi,real_macro,b,0.25,10,0.13076374519846468,0.08680660809492863,0.13316070816616588,-0.01202041896983369,0.27354790936676304,293,True
LEVEL,pooled,cpi,real_macro,b,0.25,11,0.07530729069145536,0.06113991314179717,0.21914947194110446,-0.02525891719132768,0.1758734985742384,292,True
LEVEL,pooled,cpi,real_macro,b,0.25,12,0.04714263394768636,0.07256451286497664,0.5164755536498966,-0.07221536822623724,0.16650063612160998,291,True
LEVEL,pooled,cpi,real_macro,b,0.25,13,0.09679768332293293,0.06781299758477695,0.15464939487354168,-0.014744771708838866,0.20834013835470472,290,True
LEVEL,pooled,cpi,real_macro,b,0.25,14,0.04220286140872531,0.06305210185883191,0.5038746378590921,-0.06150861702068801,0.14591433983813862,289,True
LEVEL,pooled,cpi,real_macro,b,0.25,15,0.004861560689221278,0.05769737896438304,0.9329148370932694,-0.09004218236593774,0.0997653037443803,288,True
LEVEL,pooled,cpi,real_macro,b,0.25,16,-0.0515493438977046,0.06447578266847168,0.42472458813107467,-0.1576025688704751,0.0545038810750659,287,True
LEVEL,pooled,cpi,real_macro,b,0.25,17,0.045705452625156795,0.06774303713501771,0.5004777795092855,-0.06572192770708536,0.15713283295739894,286,True
LEVEL,pooled,cpi,real_macro,b,0.25,18,-0.13743184657005258,0.08967749701219188,0.1266261535875883,-0.2849382027864862,0.010074509646381041,285,True
LEVEL,pooled,cpi,real_macro,b,0.25,19,-0.07690875282116849,0.09042584440406086,0.3958322816682244,-0.22564603095933747,0.07182852531700049,284,True
LEVEL,pooled,cpi,real_macro,b,0.25,20,0.05944753665596636,0.0852014787102652,0.4859824299436271,-0.080696424622242,0.19959149793417472,283,True
LEVEL,pooled,cpi,real_macro,b,0.25,21,-0.0318368582053381,0.06417804981707824,0.6202734210609582,-0.13740035621763153,0.0737266398069553,282,True
LEVEL,pooled,cpi,real_macro,b,0.25,22,0.09772077953061853,0.06178825968271664,0.11500327335854453,-0.003911863511517358,0.1993534225727544,281,True
LEVEL,pooled,cpi,real_macro,b,0.25,23,-0.12508177585129943,0.06745245441292815,0.06485454479294092,-0.2360311901391831,-0.014132361563415727,280,True
LEVEL,pooled,cpi,real_macro,b,0.25,24,0.005774989042947709,0.09165231690378847,0.9498088931314903,-0.14497965683475447,0.1565296349206499,279,True
LEVEL,pooled,infl_exp,real_macro,b,0.25,0,-0.08164342630016108,0.09318718693486244,0.38172787526426605,-0.2349227087153744,0.07163585611505224,303,True
LEVEL,pooled,infl_exp,real_macro,b,0.25,1,-0.16986756433840355,0.09113934510319181,0.06341613671358062,-0.3197784466893705,-0.01995668198743661,302,True
LEVEL,pooled,infl_exp,real_macro,b,0.25,2,-0.10535849277425768,0.07767097249706685,0.17606977320188924,-0.23311587359490613,0.022398888046390758,301,True
LEVEL,pooled,infl_exp,real_macro,b,0.25,3,-0.008168422064045444,0.07892406849159521,0.9176446193389511,-0.13798696237621222,0.12165011824812133,300,True
LEVEL,pooled,infl_exp,real_macro,b,0.25,4,-0.07063455308733069,0.07283773680863218,0.33303473987799403,-0.19044196865594606,0.04917286248128469,299,True
LEVEL,pooled,infl_exp,real_macro,b,0.25,5,-0.03425289718734348,0.08070673452394768,0.6716034304123241,-0.1670036621884684,0.09849786781378145,298,True
LEVEL,pooled,infl_exp,real_macro,b,0.25,6,0.06306704485604087,0.07310690865121862,0.38908805567320937,-0.057183118994126036,0.18331720870620777,297,True
LEVEL,pooled,infl_exp,real_macro,b,0.25,7,0.04747734795449787,0.07241062651368504,0.512600066531665,-0.0716275336963654,0.16658222960536115,296,True
LEVEL,pooled,infl_exp,real_macro,b,0.25,8,0.07307615068111772,0.08298096521827078,0.37930603799060464,-0.06341539092608894,0.2095676922883244,295,True
LEVEL,pooled,infl_exp,real_macro,b,0.25,9,0.09089585166930192,0.08400951807001611,0.2802453494491321,-0.047287508826609315,0.22907921216521315,294,True
LEVEL,pooled,infl_exp,real_macro,b,0.25,10,0.046769237748605974,0.07752773008464084,0.5468529112731793,-0.08075253027043028,0.17429100576764223,293,True
LEVEL,pooled,infl_exp,real_macro,b,0.25,11,0.046889355767739005,0.09049073248121951,0.6047753978451416,-0.10195465375949031,0.19573336529496832,292,True
LEVEL,pooled,infl_exp,real_macro,b,0.25,12,0.045473147946495374,0.07393858392004089,0.5390782696814144,-0.07614499998603969,0.16709129587903043,291,True
LEVEL,pooled,infl_exp,real_macro,b,0.25,13,-0.11547957641960238,0.09849170844632944,0.24206928708516362,-0.2774840202821943,0.04652486744298956,290,False
LEVEL,pooled,infl_exp,real_macro,b,0.25,14,0.059947541703877505,0.06835300061531627,0.38127759555890617,-0.052483139271241666,0.17237822267899666,289,False
LEVEL,pooled,infl_exp,real_macro,b,0.25,15,0.07674796856250055,0.07367439597252416,0.2985099606308064,-0.04443562886636476,0.19793156599136585,288,True
LEVEL,pooled,infl_exp,real_macro,b,0.25,16,-0.04954061610806093,0.0686835569334842,0.471383012346149,-0.16251501384203035,0.06343378162590849,287,True
LEVEL,pooled,infl_exp,real_macro,b,0.25,17,0.28482896468733543,0.06760140866097197,3.481059388843784e-05,0.173634542464307,0.3960233869103639,286,True
LEVEL,pooled,infl_exp,real_macro,b,0.25,18,-0.25797383046628397,0.09333811141914092,0.006125455902202498,-0.41150136156685857,-0.1044462993657094,285,True
LEVEL,pooled,infl_exp,real_macro,b,0.25,19,-0.14328666156166037,0.10779294460349152,0.18494005366970648,-0.3205902774524925,0.03401695432917179,284,True
LEVEL,pooled,infl_exp,real_macro,b,0.25,20,0.019982264551344997,0.08181525850182342,0.8072441318666733,-0.11459186013535153,0.15455638923804152,283,False
LEVEL,pooled,infl_exp,real_macro,b,0.25,21,-0.06561324053200224,0.08318322259268372,0.43097635066530876,-0.2024374659150897,0.07121098485108524,282,True
LEVEL,pooled,infl_exp,real_macro,b,0.25,22,-0.011861578321457955,0.08200769950209755,0.8851104151627972,-0.14675224028542955,0.12302908364251364,281,True
LEVEL,pooled,infl_exp,real_macro,b,0.25,23,0.12116439417332003,0.08005172966608227,0.13138650772031651,-0.010508983711674164,0.25283777205831426,280,True
LEVEL,pooled,infl_exp,real_macro,b,0.25,24,0.010015413392778783,0.11053851321116093,0.9278782077469037,-0.17180426098042248,0.19183508776598004,279,False
LEVEL,pooled,freight,physical_channel,b,0.25,0,0.0003232915405559922,0.0041950461913825695,0.9386278168012935,-0.006576945402568587,0.007223528483680571,303,True
LEVEL,pooled,freight,physical_channel,b,0.25,1,0.008502206722809547,0.005093518041148843,0.09621571930157871,0.00012411509888311453,0.01688029834673598,302,True
LEVEL,pooled,freight,physical_channel,b,0.25,2,0.00396123376757096,0.003914435859578094,0.3124555123731948,-0.0024774402535249727,0.010399907788666892,301,True
LEVEL,pooled,freight,physical_channel,b,0.25,3,-0.0045220525812439405,0.004263653582703997,0.2898102706678152,-0.011535138640819249,0.0024910334783313677,300,True
LEVEL,pooled,freight,physical_channel,b,0.25,4,-0.010054726786339785,0.003785985643236786,0.008381394444260405,-0.016282119003204015,-0.003827334569475555,299,True
LEVEL,pooled,freight,physical_channel,b,0.25,5,-0.0011960925214928864,0.004899832406086716,0.80733189800646,-0.00925559962609898,0.006863414583113207,298,True
LEVEL,pooled,freight,physical_channel,b,0.25,6,-0.0005028583144159882,0.005516967393487418,0.9274431496584057,-0.009577462141366778,0.008571745512534801,297,True
LEVEL,pooled,freight,physical_channel,b,0.25,7,0.011138934379340881,0.0047867049235343784,0.020707613950796254,0.0032655054247188887,0.019012363333962876,296,True
LEVEL,pooled,freight,physical_channel,b,0.25,8,0.001626323429658072,0.0049839185340235905,0.7444422653914956,-0.006571493047461295,0.009824139906777439,295,True
LEVEL,pooled,freight,physical_channel,b,0.25,9,-0.009237291724147667,0.004384620657799923,0.036075942518351396,-0.01644935091593622,-0.0020252325323591143,294,True
LEVEL,pooled,freight,physical_channel,b,0.25,10,-0.00037259498255082235,0.005622775201017399,0.9472165600377581,-0.009621237165477085,0.00887604720037544,293,True
LEVEL,pooled,freight,physical_channel,b,0.25,11,0.006534199696364151,0.00521450823337456,0.21128504085085997,-0.0020429030840703067,0.01511130247679861,292,True
LEVEL,pooled,freight,physical_channel,b,0.25,12,-0.0065186005352249055,0.0046867275530991645,0.16544230228382256,-0.014227581349473464,0.0011903802790236536,291,True
LEVEL,pooled,freight,physical_channel,b,0.25,13,0.005576901464557693,0.0044380510725073275,0.21001392222360218,-0.001723042938651856,0.012876845867767241,290,True
LEVEL,pooled,freight,physical_channel,b,0.25,14,0.0008766098417778423,0.0049295568779196336,0.8589965346985506,-0.007231789668131842,0.008985009351687527,289,True
LEVEL,pooled,freight,physical_channel,b,0.25,15,-0.008203384988867413,0.005361873770213272,0.1272454674784125,-0.017022882507058676,0.0006161125293238524,288,True
LEVEL,pooled,freight,physical_channel,b,0.25,16,-0.01249763354220157,0.0048107024141681685,0.009917079147909241,-0.020410534856330285,-0.004584732228072853,287,True
LEVEL,pooled,freight,physical_channel,b,0.25,17,0.0034838281615394706,0.004721815442326984,0.4612971623054257,-0.004282867094567539,0.01125052341764648,286,True
LEVEL,pooled,freight,physical_channel,b,0.25,18,-0.008011415964325863,0.004773608750427433,0.0945094502879435,-0.015863303631113712,-0.00015952829753801412,285,True
LEVEL,pooled,freight,physical_channel,b,0.25,19,0.006210443475829663,0.004017492602433032,0.12337591881315024,-0.0003977438025330191,0.012818630754192345,284,False
LEVEL,pooled,freight,physical_channel,b,0.25,20,0.0006304827700580606,0.004350101612362578,0.8848765372173325,-0.0065247976446439725,0.007785763184760094,283,True
LEVEL,pooled,freight,physical_channel,b,0.25,21,0.004506698775785356,0.004004682541854263,0.26149989202975926,-0.0020804178279728684,0.01109381537954358,282,True
LEVEL,pooled,freight,physical_channel,b,0.25,22,-0.0007615877997224629,0.004354860288921711,0.8613120224557753,-0.007924695540822275,0.006401519941377349,281,True
LEVEL,pooled,freight,physical_channel,b,0.25,23,-0.003725635976760344,0.004570754645056337,0.41578301151513,-0.01124385833258655,0.003792586379065861,280,True
LEVEL,pooled,freight,physical_channel,b,0.25,24,0.001780606780782179,0.006367726689944011,0.7799917553192999,-0.008693371560607921,0.01225458512217228,279,True
LEVEL,pooled,oil,asset_price,b,0.5,0,-0.02092541348974919,0.026537665099497867,0.431073271169123,-0.06457598817948176,0.022725161199983378,303,True
LEVEL,pooled,oil,asset_price,b,0.5,1,-0.05296286312952958,0.02780465473492885,0.057850467095545186,-0.09869745031641072,-0.007228275942648438,302,True
LEVEL,pooled,oil,asset_price,b,0.5,2,0.001151666266558271,0.03062473452432121,0.9700295031644716,-0.04922153939019744,0.05152487192331398,301,True
LEVEL,pooled,oil,asset_price,b,0.5,3,-0.02578816738554579,0.0312973019292987,0.4106761661847835,-0.07726764797774807,0.025691313206656484,300,True
LEVEL,pooled,oil,asset_price,b,0.5,4,0.03259474898235437,0.02909562466213956,0.2635935628005803,-0.015263294771584585,0.08045279273629333,299,True
LEVEL,pooled,oil,asset_price,b,0.5,5,-0.03093391013201341,0.027760029742818288,0.26612740915963745,-0.07659509573876881,0.014727275474741994,298,True
LEVEL,pooled,oil,asset_price,b,0.5,6,-0.016078928507106127,0.02948327826799216,0.5859595291365867,-0.06457460570063256,0.0324167486864203,297,True
LEVEL,pooled,oil,asset_price,b,0.5,7,0.016831619885692817,0.027300832238272205,0.5380720415548471,-0.028074253040222895,0.06173749281160853,296,True
LEVEL,pooled,oil,asset_price,b,0.5,8,0.044372703367649535,0.027776679478272483,0.11134141839036095,-0.0013158686168554812,0.09006127535215455,295,True
LEVEL,pooled,oil,asset_price,b,0.5,9,-0.0015971029101322642,0.025564274178674264,0.9502322702877146,-0.04364659201330649,0.040452386193041964,294,True
LEVEL,pooled,oil,asset_price,b,0.5,10,0.07356089911151642,0.027610030326329842,0.008188324347862598,0.02814644058901264,0.1189753576340202,293,True
LEVEL,pooled,oil,asset_price,b,0.5,11,0.011111796453349143,0.027901776019537743,0.6907700558476677,-0.034782541030775126,0.05700613393747341,292,True
LEVEL,pooled,oil,asset_price,b,0.5,12,-0.030901726713473465,0.03013389593513967,0.3060787220291773,-0.08046757473656618,0.018664121309619246,291,True
LEVEL,pooled,oil,asset_price,b,0.5,13,0.003704122076896965,0.028777122880351204,0.8976798634115708,-0.04363003286607691,0.05103827701987084,290,False
LEVEL,pooled,oil,asset_price,b,0.5,14,0.03342122958620308,0.026928464218044092,0.2156788523166289,-0.010872152451079684,0.07771461162348585,289,True
LEVEL,pooled,oil,asset_price,b,0.5,15,0.020333482450283213,0.028106378097486624,0.47005548790242263,-0.02589739550383708,0.0665643604044035,288,False
LEVEL,pooled,oil,asset_price,b,0.5,16,-0.000684631646429068,0.026633352774582245,0.9795117919348963,-0.04449259855557873,0.043123335262720594,287,True
LEVEL,pooled,oil,asset_price,b,0.5,17,-0.06665830689595964,0.027477016455846635,0.015953940659365257,-0.11185397707116426,-0.02146263672075502,286,False
LEVEL,pooled,oil,asset_price,b,0.5,18,-0.04903258920061404,0.02864848106765707,0.08819070463522032,-0.09615514719140036,-0.0019100312098277242,285,True
LEVEL,pooled,oil,asset_price,b,0.5,19,0.06139966141487285,0.02805134023697135,0.02951266520607153,0.015259312685240757,0.10754001014450495,284,True
LEVEL,pooled,oil,asset_price,b,0.5,20,0.036627201907968754,0.028670863667774705,0.20258549656124178,-0.01053217218380166,0.08378657599973917,283,True
LEVEL,pooled,oil,asset_price,b,0.5,21,-0.013264409325028481,0.028915162355540123,0.646816453544407,-0.06082561899942933,0.03429680034937237,282,True
LEVEL,pooled,oil,asset_price,b,0.5,22,0.001632300106152229,0.029046299085248195,0.9552296302966274,-0.0461446102937355,0.049409210506039955,281,True
LEVEL,pooled,oil,asset_price,b,0.5,23,0.001095138263238482,0.028917895869477996,0.9698208316911228,-0.046470567641477396,0.04866084416795436,280,True
LEVEL,pooled,oil,asset_price,b,0.5,24,0.060445802058630704,0.027856525865829856,0.0309529913848127,0.014625894453952966,0.10626570966330845,279,True
LEVEL,pooled,dxy,asset_price,b,0.5,0,-0.005684985151791722,0.005010715773219484,0.25754539977401036,-0.01392687916499474,0.0025569088614112966,303,False
LEVEL,pooled,dxy,asset_price,b,0.5,1,0.0017108350647041526,0.005000414521100358,0.7325088367073175,-0.006514114896588581,0.009935785025996886,302,True
LEVEL,pooled,dxy,asset_price,b,0.5,2,0.002718112153526464,0.005077830039331584,0.5928850360447785,-0.005634175003711229,0.011070399310764157,301,True
LEVEL,pooled,dxy,asset_price,b,0.5,3,0.003783265953688053,0.005023665603941468,0.4520479116796939,-0.004479928635546429,0.012046460542922535,300,True
LEVEL,pooled,dxy,asset_price,b,0.5,4,-0.0029045729557883315,0.004913179009275116,0.5548926136460898,-0.010986033269056348,0.0051768873574796846,299,True
LEVEL,pooled,dxy,asset_price,b,0.5,5,0.0022989046929464685,0.005085851366952468,0.651617753529874,-0.006066576374121401,0.010664385760014338,298,True
LEVEL,pooled,dxy,asset_price,b,0.5,6,-0.001820356687034952,0.005283224024078565,0.7306988088640313,-0.010510486885037732,0.006869773510967828,297,True
LEVEL,pooled,dxy,asset_price,b,0.5,7,-0.00851675915928407,0.005291194955599353,0.1086603065348041,-0.017220000372909,0.00018648205434085817,296,True
LEVEL,pooled,dxy,asset_price,b,0.5,8,-0.015155826107461579,0.005011403293528206,0.002735109330929317,-0.023398850990938004,-0.006912801223985155,295,True
LEVEL,pooled,dxy,asset_price,b,0.5,9,0.0067819522116038256,0.005325974574065126,0.20399735998450172,-0.001978496383598519,0.01554240080680617,294,True
LEVEL,pooled,dxy,asset_price,b,0.5,10,-0.0019727134193412432,0.00536882143665649,0.7135849920948755,-0.010803638831880484,0.006858211993197997,293,True
LEVEL,pooled,dxy,asset_price,b,0.5,11,0.003817195805809137,0.005270674575825954,0.46956408886723133,-0.004852292386719095,0.01248668399833737,292,True
LEVEL,pooled,dxy,asset_price,b,0.5,12,-0.002254067763172607,0.005143786510680008,0.6615924920290082,-0.010714843661528676,0.006206708135183462,291,True
LEVEL,pooled,dxy,asset_price,b,0.5,13,-0.00035083804741020685,0.005260423597363467,0.9468762732642498,-0.009003464880834616,0.008301788786014203,290,False
LEVEL,pooled,dxy,asset_price,b,0.5,14,-0.01651675684795406,0.0054696301792559205,0.0027808813245252017,-0.02551349788638639,-0.007520015809521731,289,True
LEVEL,pooled,dxy,asset_price,b,0.5,15,0.0027465335504839317,0.005313298683351171,0.6056536416756811,-0.005993065059902724,0.011486132160870587,288,True
LEVEL,pooled,dxy,asset_price,b,0.5,16,0.001944100732262033,0.005273065303607569,0.7126636252090647,-0.006729319857528842,0.010617521322052908,287,True
LEVEL,pooled,dxy,asset_price,b,0.5,17,-0.0015880731632289535,0.005422010877291232,0.7698387866513268,-0.01050648742011177,0.007330341093653863,286,True
LEVEL,pooled,dxy,asset_price,b,0.5,18,-0.01714937742327005,0.005470679212524603,0.0019195219897797224,-0.02614784396787917,-0.008150910878660935,285,True
LEVEL,pooled,dxy,asset_price,b,0.5,19,-0.0035165239616619104,0.005484378678224576,0.5219734213222329,-0.012537524122114925,0.005504476198791105,284,True
LEVEL,pooled,dxy,asset_price,b,0.5,20,-0.008593597627473137,0.005699764083894976,0.13286636242907346,-0.017968875253635525,0.0007816799986892498,283,False
LEVEL,pooled,dxy,asset_price,b,0.5,21,-0.0010291913736004688,0.005613460522017055,0.8546747909510127,-0.010262512272989126,0.008204129525788188,282,True
LEVEL,pooled,dxy,asset_price,b,0.5,22,0.0045517042943221675,0.005669224515429291,0.42279796033829,-0.004773340211883904,0.013876748800528239,281,True
LEVEL,pooled,dxy,asset_price,b,0.5,23,-0.0032253818719387706,0.0054518450283299585,0.5546401746310542,-0.012192868940364655,0.005742105196487114,280,True
LEVEL,pooled,dxy,asset_price,b,0.5,24,-0.0008042170691825445,0.00512716449184047,0.8754858831769201,-0.009237652179563145,0.0076292180411980555,279,True
LEVEL,pooled,vix,asset_price,b,0.5,0,-0.8069210173853207,0.9701552957245421,0.40627499887134166,-2.402684474264012,0.7888424394933704,303,True
LEVEL,pooled,vix,asset_price,b,0.5,1,-1.7168319271804648,1.1088926163224562,0.12271873163572339,-3.540797969038164,0.10713411467723444,302,True
LEVEL,pooled,vix,asset_price,b,0.5,2,-1.7431280868913746,1.224893452812712,0.15585311519028822,-3.757898525379476,0.2716423515967268,301,True
LEVEL,pooled,vix,asset_price,b,0.5,3,-2.2870127487731224,1.3917062778033786,0.10147303769801684,-4.576165867469143,0.0021403699228979,300,True
LEVEL,pooled,vix,asset_price,b,0.5,4,-1.1368157660162979,1.338587248702792,0.3964832522540719,-3.338595857036078,1.0649643250034821,299,True
LEVEL,pooled,vix,asset_price,b,0.5,5,-1.21405906137079,1.44179776527634,0.4005078061979227,-3.585605344916105,1.1574872221745252,298,False
LEVEL,pooled,vix,asset_price,b,0.5,6,0.34597151197067433,1.5095974458641184,0.8189021524823734,-2.1370953220955995,2.829038346036948,297,True
LEVEL,pooled,vix,asset_price,b,0.5,7,-1.4028279427438974,1.4173675020543823,0.3231930495831517,-3.7341900192211965,0.9285341337334017,296,False
LEVEL,pooled,vix,asset_price,b,0.5,8,1.1481679407470438,1.4938449283187918,0.4428106060620425,-1.308988307701183,3.6053241891952705,295,True
LEVEL,pooled,vix,asset_price,b,0.5,9,-1.3672121832496487,1.5609648649265278,0.38188750874229804,-3.9347709028678626,1.2003465363685653,294,True
LEVEL,pooled,vix,asset_price,b,0.5,10,-0.3544451557099819,1.451214356273883,0.8072336433404377,-2.7414803531111245,2.0325900416911606,293,False
LEVEL,pooled,vix,asset_price,b,0.5,11,-0.7699613796867197,1.7914321061245189,0.6676901635117782,-3.7166049768829494,2.17668221750951,292,True
LEVEL,pooled,vix,asset_price,b,0.5,12,0.32304758770624176,1.642577908043962,0.8442368266925385,-2.3787526418902307,3.0248478173027142,291,True
LEVEL,pooled,vix,asset_price,b,0.5,13,0.9539005222904962,1.6531796372221559,0.5644284183891328,-1.765337999996686,3.6731390445776784,290,True
LEVEL,pooled,vix,asset_price,b,0.5,14,-0.3660924229770899,1.654464505258101,0.8250509582595231,-3.0874443651133503,2.3552595191591705,289,False
LEVEL,pooled,vix,asset_price,b,0.5,15,-0.8808898818388116,1.5573206979859593,0.5721232890305524,-3.442454480247615,1.680674716569992,288,True
LEVEL,pooled,vix,asset_price,b,0.5,16,-0.11229071826528525,1.4945243082262891,0.9401654952860564,-2.570564447218437,2.3459830106878665,287,True
LEVEL,pooled,vix,asset_price,b,0.5,17,0.04248785736854188,1.5965506328985308,0.9787895486444674,-2.583604241766275,2.6685799565033586,286,True
LEVEL,pooled,vix,asset_price,b,0.5,18,-2.9415282467380166,1.6324538656198042,0.07273201456654642,-5.626675908433702,-0.25638058504233063,285,False
LEVEL,pooled,vix,asset_price,b,0.5,19,-3.5671848519996274,1.7705458066348378,0.04497774457169592,-6.479473543726661,-0.6548961602725942,284,True
LEVEL,pooled,vix,asset_price,b,0.5,20,-3.626572053975906,1.743733567022573,0.03854532312340902,-6.494758536130013,-0.7583855718217984,283,True
LEVEL,pooled,vix,asset_price,b,0.5,21,-4.67475348226435,1.867412107897471,0.012931425141210198,-7.7463730609526,-1.6031339035761012,282,True
LEVEL,pooled,vix,asset_price,b,0.5,22,-3.4316728935646097,1.7503707760586225,0.05102990640664537,-6.310776613074498,-0.5525691740547214,281,True
LEVEL,pooled,vix,asset_price,b,0.5,23,-3.079426606069319,1.7788986809144773,0.08466040226216426,-6.0054545533506865,-0.15339865878795145,280,True
LEVEL,pooled,vix,asset_price,b,0.5,24,-3.1438150685025903,1.6754686908736551,0.06176351126729611,-5.899715821529757,-0.3879143154754239,279,True
LEVEL,pooled,us10y,asset_price,b,0.5,0,-0.0658824905971187,0.0706297006690676,0.35174801571062503,-0.18205800991313137,0.05029302871889395,303,False
LEVEL,pooled,us10y,asset_price,b,0.5,1,0.0515001959885808,0.07083886364739424,0.46784366979012154,-0.06501936581095641,0.168019757788118,302,True
LEVEL,pooled,us10y,asset_price,b,0.5,2,-0.05014023089342601,0.06929564725071322,0.46994947025039674,-0.16412142760571147,0.06384096581885944,301,True
LEVEL,pooled,us10y,asset_price,b,0.5,3,-0.12238144915949078,0.07230629693407072,0.0916877281427262,-0.24131472392292713,-0.0034481743960544514,300,True
LEVEL,pooled,us10y,asset_price,b,0.5,4,0.023918407883940063,0.07330443285685753,0.7444577724445488,-0.09665665437228271,0.14449347014016284,299,False
LEVEL,pooled,us10y,asset_price,b,0.5,5,0.03926179075716574,0.07387946196182921,0.5955574989210246,-0.08225911020797236,0.16078269172230383,298,True
LEVEL,pooled,us10y,asset_price,b,0.5,6,0.07011620684443187,0.07653284213872413,0.3604043965373374,-0.055769116128352975,0.19600152981721672,297,False
LEVEL,pooled,us10y,asset_price,b,0.5,7,0.0057332097076425725,0.0750831076260812,0.9391911083765492,-0.11776751219390483,0.12923393160918997,296,True
LEVEL,pooled,us10y,asset_price,b,0.5,8,-0.01248380738697108,0.07481172577620168,0.8675989092906579,-0.13553814586845536,0.1105705310945132,295,True
LEVEL,pooled,us10y,asset_price,b,0.5,9,-0.03960051519791907,0.07431281025316464,0.5945549880360679,-0.1618342106717935,0.08263318027595533,294,True
LEVEL,pooled,us10y,asset_price,b,0.5,10,0.04905524282854756,0.07655217709356507,0.5222012271548717,-0.07686188331483434,0.17497236897192947,293,True
LEVEL,pooled,us10y,asset_price,b,0.5,11,-0.19712656895416103,0.07544178745357803,0.009490819201368106,-0.3212172666708809,-0.07303587123744114,292,True
LEVEL,pooled,us10y,asset_price,b,0.5,12,0.010541749811643797,0.07513109193890725,0.8885213444723892,-0.11303789926089232,0.1341213988841799,291,True
LEVEL,pooled,us10y,asset_price,b,0.5,13,-0.010355247139813173,0.07748121260348428,0.8937831366928151,-0.1378005007112524,0.11709000643162606,290,True
LEVEL,pooled,us10y,asset_price,b,0.5,14,0.005487714922240983,0.07602770246364401,0.9425135721094594,-0.11956672722387127,0.13054215706835323,289,True
LEVEL,pooled,us10y,asset_price,b,0.5,15,0.04782024162833487,0.07185955096808962,0.5063410251724865,-0.07037820141263151,0.16601868466930125,288,True
LEVEL,pooled,us10y,asset_price,b,0.5,16,-0.08910652942380182,0.07315226333502171,0.22429570895179354,-0.20943129509012148,0.03121823624251785,287,False
LEVEL,pooled,us10y,asset_price,b,0.5,17,0.07375717583738606,0.0739835634107165,0.3197277124846052,-0.04793495677352522,0.19544930844829733,286,True
LEVEL,pooled,us10y,asset_price,b,0.5,18,0.028607140689838828,0.07442805005771175,0.7010297269792439,-0.09381610739451407,0.15103038877419173,285,True
LEVEL,pooled,us10y,asset_price,b,0.5,19,-0.00681619860992555,0.07563276138074339,0.9282604969221611,-0.13122102048339657,0.11758862326354545,284,True
LEVEL,pooled,us10y,asset_price,b,0.5,20,0.0424538274313786,0.07696989288611357,0.5817300605788894,-0.08415038004841163,0.16905803491116883,283,True
LEVEL,pooled,us10y,asset_price,b,0.5,21,0.03453911898856532,0.07366409461131204,0.6395624505225997,-0.08662753420894768,0.15570577218607834,282,True
LEVEL,pooled,us10y,asset_price,b,0.5,22,-0.030980015430472463,0.07054262066480521,0.6609151265136429,-0.14701230088563919,0.08505227002469426,281,True
LEVEL,pooled,us10y,asset_price,b,0.5,23,-0.0292637030195948,0.06822141839189592,0.6683247373452758,-0.14147795049727868,0.08295054445808908,280,True
LEVEL,pooled,us10y,asset_price,b,0.5,24,0.0542680736028327,0.06931475164198131,0.43441072039681217,-0.059744547036720774,0.16828069424238618,279,True
LEVEL,pooled,ip,real_macro,b,0.5,0,0.3338515033340741,0.15325288748810428,0.030222974931480576,0.08177293550847986,0.5859300711596683,303,True
LEVEL,pooled,ip,real_macro,b,0.5,1,-0.19916613045071685,0.15428060773885344,0.1978145837845974,-0.4529351476582473,0.05460288675681357,302,True
LEVEL,pooled,ip,real_macro,b,0.5,2,0.006622614367472579,0.163272140641547,0.9676748740139061,-0.26193615834690687,0.275181387081852,301,True
LEVEL,pooled,ip,real_macro,b,0.5,3,0.5014394896055023,0.17474645214128323,0.004433509579096946,0.21400715400401077,0.788871825206994,300,True
LEVEL,pooled,ip,real_macro,b,0.5,4,0.07104851183612482,0.1655125193066358,0.668072415851607,-0.20119535585127063,0.34329237952352026,299,True
LEVEL,pooled,ip,real_macro,b,0.5,5,0.007933139610031503,0.16308031153924699,0.9612376935590107,-0.26031010230967494,0.27617638152973795,298,False
LEVEL,pooled,ip,real_macro,b,0.5,6,0.33617186695053647,0.16092442947303282,0.03764717095197564,0.07147473546672206,0.6008689984343509,297,True
LEVEL,pooled,ip,real_macro,b,0.5,7,0.07325086901420264,0.1524114808279796,0.631183993471469,-0.17744370801474435,0.3239454460431496,296,True
LEVEL,pooled,ip,real_macro,b,0.5,8,-0.16680864111776827,0.15554041156443685,0.284488263739002,-0.42264985121705695,0.0890325689815204,295,True
LEVEL,pooled,ip,real_macro,b,0.5,9,0.12662073219155445,0.1590428209688501,0.426659212220336,-0.1349814287196523,0.3882228931027612,294,True
LEVEL,pooled,ip,real_macro,b,0.5,10,-0.20786831861721566,0.16803527028281315,0.21716298517324895,-0.4842617423976718,0.06852510516324045,293,True
LEVEL,pooled,ip,real_macro,b,0.5,11,2.5226227649000066e-06,0.16544037655171995,0.999987845429991,-0.272122680792549,0.2721277260380788,292,True
LEVEL,pooled,ip,real_macro,b,0.5,12,0.09519518598847299,0.17441672631206173,0.5856718222990752,-0.19169479888692403,0.38208517086387,291,True
LEVEL,pooled,ip,real_macro,b,0.5,13,0.25524959712879536,0.17904328586510548,0.155165278404707,-0.03925040100773264,0.5497495952653233,290,True
LEVEL,pooled,ip,real_macro,b,0.5,14,-0.1796535885076196,0.16976567767071407,0.29092242866559165,-0.4588932791561682,0.099586102140929,289,True
LEVEL,pooled,ip,real_macro,b,0.5,15,0.46906951380276496,0.16285083021774452,0.004303212085709387,0.20120373506704947,0.7369352925384804,288,True
LEVEL,pooled,ip,real_macro,b,0.5,16,0.07566629083451915,0.16877517931271527,0.6542928012183634,-0.20194417499738565,0.35327675666642394,287,True
LEVEL,pooled,ip,real_macro,b,0.5,17,-0.03301784921700346,0.16156866772631936,0.8382348658437847,-0.29877465832835715,0.23273895989435023,286,True
LEVEL,pooled,ip,real_macro,b,0.5,18,-0.31495136560897663,0.16964218335340903,0.06451767962463027,-0.5939879261817982,-0.03591480503615513,285,True
LEVEL,pooled,ip,real_macro,b,0.5,19,-0.0036701860327639224,0.18579652627009896,0.9842551661900302,-0.3092782761431207,0.30193790407759286,284,True
LEVEL,pooled,ip,real_macro,b,0.5,20,-0.06460630734704864,0.18907576062664086,0.7328615917215955,-0.37560825798238723,0.24639564328828994,283,False
LEVEL,pooled,ip,real_macro,b,0.5,21,0.10454817340723821,0.18794713932312446,0.5785202985636487,-0.2045973603835567,0.4136937071980331,282,False
LEVEL,pooled,ip,real_macro,b,0.5,22,0.04086788389145113,0.19519790660428146,0.8343307001897927,-0.28020410075993596,0.3619398685428382,281,True
LEVEL,pooled,ip,real_macro,b,0.5,23,0.12968774571508845,0.18278321721889995,0.4786598462561489,-0.1709638920732779,0.4303393835034548,280,True
LEVEL,pooled,ip,real_macro,b,0.5,24,0.1529814316664755,0.18002928076096275,0.3962690994998443,-0.14314038375065896,0.44910324708360994,279,True
LEVEL,pooled,cpi,real_macro,b,0.5,0,0.040342778476087915,0.05556838371850005,0.4684547413769567,-0.05105907902711802,0.13174463597929387,303,True
LEVEL,pooled,cpi,real_macro,b,0.5,1,-0.018490389498992954,0.06064868130678251,0.760691264841695,-0.11824859291627812,0.08126781391829221,302,True
LEVEL,pooled,cpi,real_macro,b,0.5,2,-0.09529600789937831,0.06145316707414522,0.12212978986088888,-0.19637747264894087,0.005785456850184251,301,True
LEVEL,pooled,cpi,real_macro,b,0.5,3,-0.05556686449511972,0.06743258513639887,0.4106411888624242,-0.1664835967314393,0.05534986774119989,300,True
LEVEL,pooled,cpi,real_macro,b,0.5,4,-0.03476422973511717,0.07171178599834044,0.6282260905353498,-0.15271962102965525,0.0831911615594209,299,True
LEVEL,pooled,cpi,real_macro,b,0.5,5,0.09018813673998238,0.06700561013785761,0.17943836653448544,-0.02002628412136903,0.2004025576013338,298,True
LEVEL,pooled,cpi,real_macro,b,0.5,6,0.04980785598377224,0.07046725432126512,0.48028846889239574,-0.0661004628678725,0.16571617483541698,297,True
LEVEL,pooled,cpi,real_macro,b,0.5,7,-0.03631060973634703,0.07123690502217223,0.6106697276058517,-0.15348489133486456,0.0808636718621705,296,True
LEVEL,pooled,cpi,real_macro,b,0.5,8,-0.03444298654085287,0.07269642281864279,0.6360353936781968,-0.15401796128049522,0.08513198819878949,295,True
LEVEL,pooled,cpi,real_macro,b,0.5,9,0.05944464704339225,0.0676246920168802,0.38017426721679787,-0.051788072892049425,0.17067736697883393,294,True
LEVEL,pooled,cpi,real_macro,b,0.5,10,0.07345250886521626,0.06924008442432084,0.28972943124781636,-0.04043729513055401,0.18734231286098652,293,True
LEVEL,pooled,cpi,real_macro,b,0.5,11,0.009964671708075912,0.07288748632267855,0.8913617998225155,-0.10992457452915773,0.12985391794530954,292,False
LEVEL,pooled,cpi,real_macro,b,0.5,12,-0.031216017530084628,0.07557055874390935,0.6798910587478496,-0.1555185251707532,0.09308649011058395,291,True
LEVEL,pooled,cpi,real_macro,b,0.5,13,-0.06452533878200484,0.07117197739685516,0.3654452769294065,-0.18159282394053022,0.05254214637652056,290,True
LEVEL,pooled,cpi,real_macro,b,0.5,14,-0.03960658906112258,0.07145250356240081,0.579843718106208,-0.15713549870050053,0.07792232057825538,289,True
LEVEL,pooled,cpi,real_macro,b,0.5,15,-0.09335429003954232,0.0619327167522089,0.1329349878558136,-0.19522454381637133,0.008515963737286691,288,True
LEVEL,pooled,cpi,real_macro,b,0.5,16,0.05500770867399751,0.06817692240698077,0.42050029461792243,-0.05713334942151389,0.1671487667695089,287,True
LEVEL,pooled,cpi,real_macro,b,0.5,17,-0.040308702658194306,0.07187915125078585,0.5754312425391829,-0.15853938529524286,0.07792197997885425,286,True
LEVEL,pooled,cpi,real_macro,b,0.5,18,-0.12202968740763254,0.0676204344662989,0.07230355494141844,-0.23325540429555863,-0.010803970519706455,285,True
LEVEL,pooled,cpi,real_macro,b,0.5,19,-0.010937390974049777,0.0715024139440613,0.8785461073320968,-0.12854839588572453,0.10667361393762498,284,True
LEVEL,pooled,cpi,real_macro,b,0.5,20,0.002170962320747094,0.06831280679510854,0.9746725739776239,-0.11019360570342236,0.11453553034491655,283,True
LEVEL,pooled,cpi,real_macro,b,0.5,21,0.057173610951849696,0.06558063291230483,0.38413734819744927,-0.05069693095172799,0.1650441528554274,282,True
LEVEL,pooled,cpi,real_macro,b,0.5,22,0.05746628501452733,0.07447096914279609,0.44103583359175913,-0.065027558682592,0.17996012871164666,281,True
LEVEL,pooled,cpi,real_macro,b,0.5,23,0.041805815190997464,0.07187734136899061,0.5613377404756089,-0.07642189045541584,0.16003352083741076,280,True
LEVEL,pooled,cpi,real_macro,b,0.5,24,0.05518582630156743,0.07318398518789417,0.451514193366999,-0.0651911171695031,0.17556276977263796,279,True
LEVEL,pooled,infl_exp,real_macro,b,0.5,0,0.017699719119143253,0.07590440460627887,0.8157917306416705,-0.10715191609908657,0.1425513543373731,303,True
LEVEL,pooled,infl_exp,real_macro,b,0.5,1,-0.059222071766413364,0.07175876872315773,0.4099227165879435,-0.17725474276627123,0.05881059923344449,302,True
LEVEL,pooled,infl_exp,real_macro,b,0.5,2,0.0012751470404808174,0.078507377945904,0.9870528855760764,-0.12785799831628938,0.13040829239725102,301,True
LEVEL,pooled,infl_exp,real_macro,b,0.5,3,0.0038180165233256957,0.07652977877910616,0.9602472247836329,-0.1220622676712809,0.12969830071793229,300,False
LEVEL,pooled,infl_exp,real_macro,b,0.5,4,0.017078589201031225,0.07816724071888938,0.8272134987043631,-0.11149508020422277,0.14565225860628522,299,True
LEVEL,pooled,infl_exp,real_macro,b,0.5,5,0.03796373744671655,0.07866845762685165,0.6297857791763982,-0.09143436040748859,0.1673618353009217,298,True
LEVEL,pooled,infl_exp,real_macro,b,0.5,6,0.005707000270586349,0.0720234617114468,0.9369021756577377,-0.1127610519510874,0.1241750524922601,297,True
LEVEL,pooled,infl_exp,real_macro,b,0.5,7,-0.029064438304018836,0.0721721058603803,0.687482520742543,-0.14777698839319098,0.08964811178515329,296,True
LEVEL,pooled,infl_exp,real_macro,b,0.5,8,-0.020138519809464128,0.0734507145656306,0.7841603607931009,-0.14095419406491894,0.1006771544459907,295,True
LEVEL,pooled,infl_exp,real_macro,b,0.5,9,0.02555783591972549,0.07408144610313479,0.7303696743289001,-0.09629529939282577,0.14741097123227676,294,True
LEVEL,pooled,infl_exp,real_macro,b,0.5,10,-0.1155108293214937,0.07583366183984087,0.12889781433518344,-0.24024610304376742,0.009224444400780005,293,True
LEVEL,pooled,infl_exp,real_macro,b,0.5,11,0.036126524638087076,0.07669265164249467,0.6379898293993308,-0.09002166157659605,0.1622747108527702,292,True
LEVEL,pooled,infl_exp,real_macro,b,0.5,12,0.07453119463302471,0.07607324684651638,0.32812008345081445,-0.050598161356442406,0.19966055062249183,291,True
LEVEL,pooled,infl_exp,real_macro,b,0.5,13,-0.00610889402210546,0.07359405865456844,0.93390857913818,-0.12716034832215173,0.11494256027794082,290,True
LEVEL,pooled,infl_exp,real_macro,b,0.5,14,0.040828258385474214,0.07102130031770038,0.5658721009514764,-0.07599138503290499,0.1576479018038534,289,True
LEVEL,pooled,infl_exp,real_macro,b,0.5,15,0.027572199989322144,0.07143536062362607,0.6998314787200037,-0.08992851202503557,0.14507291200367986,288,True
LEVEL,pooled,infl_exp,real_macro,b,0.5,16,-0.0373093706605232,0.07473554079172623,0.6180491777088303,-0.16023839599397377,0.08561965467292738,287,True
LEVEL,pooled,infl_exp,real_macro,b,0.5,17,0.18865489471559727,0.0730206171977599,0.0103288055469817,0.06854666767562685,0.3087631217555677,286,True
LEVEL,pooled,infl_exp,real_macro,b,0.5,18,-0.17194497036939538,0.07349881968045177,0.020079811768912707,-0.2928397704974387,-0.05105017024135204,285,False
LEVEL,pooled,infl_exp,real_macro,b,0.5,19,-0.112170255214739,0.07553849528453103,0.1387895931181787,-0.23642002315795657,0.012079512728478556,284,True
LEVEL,pooled,infl_exp,real_macro,b,0.5,20,0.06874951611238878,0.07381271972420606,0.35252521159364736,-0.05266160364112403,0.1901606358659016,283,True
LEVEL,pooled,infl_exp,real_macro,b,0.5,21,-0.1271118674831868,0.08264983254158549,0.12530396590343096,-0.2630587443061455,0.008835009339771882,282,True
LEVEL,pooled,infl_exp,real_macro,b,0.5,22,0.04968852645006194,0.08710942816687064,0.5689024750299624,-0.09359373241188396,0.19297078531200784,281,True
LEVEL,pooled,infl_exp,real_macro,b,0.5,23,0.06238893827389802,0.08138589528249154,0.44404777854320426,-0.07147894676420091,0.19625682331199695,280,False
LEVEL,pooled,infl_exp,real_macro,b,0.5,24,9.656682595959865e-05,0.08464765094658416,0.9990906722384686,-0.13913642884645158,0.13932956249837078,279,False
LEVEL,pooled,freight,physical_channel,b,0.5,0,0.0014644753406773958,0.003710934958845642,0.6934160744396856,-0.004639469485760871,0.007568420167115663,303,True
LEVEL,pooled,freight,physical_channel,b,0.5,1,0.00028353271977721306,0.0036285825843837514,0.9377747558369719,-0.005684954504839347,0.006252019944393773,302,True
LEVEL,pooled,freight,physical_channel,b,0.5,2,0.00032552399337415494,0.0032115740498060152,0.9193393759099321,-0.004957045230672497,0.005608093217420807,301,True
LEVEL,pooled,freight,physical_channel,b,0.5,3,-0.002055736163415922,0.003446230363087632,0.5513258099364314,-0.007724280675450902,0.0036128083486190576,300,False
LEVEL,pooled,freight,physical_channel,b,0.5,4,-0.000401144975703982,0.003354886025891507,0.9049120811345814,-0.005919441423400438,0.005117151471992474,299,True
LEVEL,pooled,freight,physical_channel,b,0.5,5,-0.003293350483791535,0.003390764263417792,0.33228271670388837,-0.008870661380611728,0.002283960413028657,298,True
LEVEL,pooled,freight,physical_channel,b,0.5,6,0.0013897449155564345,0.0036990079932891044,0.7074304914548284,-0.0046945817983276355,0.007474071629440505,297,True
LEVEL,pooled,freight,physical_channel,b,0.5,7,0.007850944326222908,0.003614114293442644,0.030709621007064935,0.0019062553224366181,0.013795633330009199,296,True
LEVEL,pooled,freight,physical_channel,b,0.5,8,0.009067535329894127,0.003648900566014158,0.01356785429686584,0.0030656279995004603,0.015069442660287796,295,True
LEVEL,pooled,freight,physical_channel,b,0.5,9,-0.009613137737204625,0.0037307587782815744,0.010513736835822095,-0.015749689844942114,-0.0034765856294671337,294,False
LEVEL,pooled,freight,physical_channel,b,0.5,10,0.0034406218313174364,0.004105433040464946,0.40274915996096533,-0.0033122145954977405,0.010193458258132613,293,True
LEVEL,pooled,freight,physical_channel,b,0.5,11,0.0063589628248865715,0.004439859979740178,0.1532569452631552,-0.0009439569659457497,0.013661882615718893,292,True
LEVEL,pooled,freight,physical_channel,b,0.5,12,-0.0011725991125350888,0.004296346087189291,0.7851216764380179,-0.00823945955668716,0.005894261331616983,291,True
LEVEL,pooled,freight,physical_channel,b,0.5,13,0.001422907797067996,0.004382155533552581,0.7456634601327804,-0.005785096626161431,0.008630912220297424,290,True
LEVEL,pooled,freight,physical_channel,b,0.5,14,0.00656305452611905,0.0046642538902368115,0.16058852312667787,-0.0011089604022594835,0.014235069454497583,289,True
LEVEL,pooled,freight,physical_channel,b,0.5,15,0.0014356204409562423,0.00448065479999432,0.7489193233553824,-0.0059344008579319376,0.008805641739844421,288,True
LEVEL,pooled,freight,physical_channel,b,0.5,16,-0.006266094390200427,0.004182218316716224,0.1352807612819718,-0.01314523135715399,0.0006130425767531351,287,True
LEVEL,pooled,freight,physical_channel,b,0.5,17,-0.0005085407790036411,0.00423650213070918,0.9045465546972976,-0.007476966674288276,0.006459885116280994,286,True
LEVEL,pooled,freight,physical_channel,b,0.5,18,-0.004726912196855171,0.004069049641681998,0.24644534759014353,-0.011419903258221394,0.0019660788645110526,285,True
LEVEL,pooled,freight,physical_channel,b,0.5,19,0.0019297225102965498,0.003942985126317779,0.6249730168371922,-0.004555910875742957,0.008415355896336057,284,True
LEVEL,pooled,freight,physical_channel,b,0.5,20,-0.0029000753280801206,0.003766254973062231,0.4420033458904791,-0.00909501348054555,0.00329486282438531,283,True
LEVEL,pooled,freight,physical_channel,b,0.5,21,0.0031036475247199213,0.003897613166690062,0.4266045526625595,-0.0033073556289640394,0.009514650678403881,282,True
LEVEL,pooled,freight,physical_channel,b,0.5,22,-0.0036388708196556374,0.003790845197262818,0.33801688733059865,-0.009874256291584952,0.002596514652273678,281,True
LEVEL,pooled,freight,physical_channel,b,0.5,23,0.0004124167516867949,0.003773700735374977,0.9130617648826945,-0.005794768589924174,0.006619602093297764,280,True
LEVEL,pooled,freight,physical_channel,b,0.5,24,-0.0011349639142785861,0.003936220150592881,0.773325582075279,-0.0076094699054607565,0.005339542076903584,279,True
LEVEL,pooled,oil,asset_price,b,0.75,0,0.029791899532170873,0.025642757524764342,0.24632179049970346,-0.012386683187474906,0.07197048225181665,303,True
LEVEL,pooled,oil,asset_price,b,0.75,1,-0.014854494788551165,0.02368134847336336,0.5310075074366604,-0.053806846716064595,0.024097857138962266,302,False
LEVEL,pooled,oil,asset_price,b,0.75,2,0.011571020084318207,0.028823485646114748,0.6884071985612149,-0.03583939482207733,0.058981434990713746,301,True
LEVEL,pooled,oil,asset_price,b,0.75,3,-0.06948218078530388,0.03714369430583799,0.062469879689406635,-0.13057812108263825,-0.008386240487969515,300,True
LEVEL,pooled,oil,asset_price,b,0.75,4,0.0986479472709334,0.02807533882142653,0.000517685333568255,0.052468124382618504,0.1448277701592483,299,True
LEVEL,pooled,oil,asset_price,b,0.75,5,-0.028151937332950183,0.03540332759285139,0.42720858940677153,-0.08638522913020293,0.03008135446430256,298,False
LEVEL,pooled,oil,asset_price,b,0.75,6,0.004029829370438165,0.03491800740465315,0.9082075687320754,-0.053405181755023935,0.061464840495900265,297,True
LEVEL,pooled,oil,asset_price,b,0.75,7,0.06712578592029672,0.02221379669773675,0.002755765530786066,0.03058734185366179,0.10366422998693164,296,True
LEVEL,pooled,oil,asset_price,b,0.75,8,0.014126931632063133,0.0354280318231072,0.6903960491827779,-0.044146995007926924,0.0724008582720532,295,True
LEVEL,pooled,oil,asset_price,b,0.75,9,-0.017626107417044068,0.034561206916988586,0.6104765505005567,-0.07447423396627306,0.03922201913218492,294,True
LEVEL,pooled,oil,asset_price,b,0.75,10,0.0042775591284112124,0.02714102220380758,0.8748881328638519,-0.04036544968269212,0.04892056793951455,293,True
LEVEL,pooled,oil,asset_price,b,0.75,11,-0.00525118652014811,0.03518421732143389,0.8814716142811025,-0.06312407399275746,0.052621700952461235,292,True
LEVEL,pooled,oil,asset_price,b,0.75,12,-0.017338992883907167,0.02634380729714432,0.5109975615664163,-0.06067069986432566,0.025992714096511327,291,True
LEVEL,pooled,oil,asset_price,b,0.75,13,-0.024629002230028618,0.03548717233451187,0.48828111556993997,-0.0830002063547024,0.03374220189464517,290,True
LEVEL,pooled,oil,asset_price,b,0.75,14,0.027874468454228918,0.03593026581777759,0.4385732788206485,-0.031225559593473055,0.0869744965019309,289,True
LEVEL,pooled,oil,asset_price,b,0.75,15,-0.0024733636902851686,0.03756921213851054,0.9475598978044596,-0.0642692185380235,0.05932249115745317,288,True
LEVEL,pooled,oil,asset_price,b,0.75,16,0.013399953086548066,0.03416151188014586,0.6951939299140683,-0.042790733631655656,0.06959063980475179,287,True
LEVEL,pooled,oil,asset_price,b,0.75,17,-0.0639943093908073,0.023973711545050753,0.008081835842183692,-0.10342755577717241,-0.02456106300444219,286,True
LEVEL,pooled,oil,asset_price,b,0.75,18,-0.05326413093166593,0.024825321828660925,0.032845482809697644,-0.09409815158177641,-0.012430110281555454,285,True
LEVEL,pooled,oil,asset_price,b,0.75,19,0.02727909765101799,0.03553486442114299,0.4433899318925136,-0.031170552975327878,0.08572874827736386,284,True
LEVEL,pooled,oil,asset_price,b,0.75,20,0.06257983443639148,0.030543563662550736,0.041498283522240394,0.012340142966021712,0.11281952590676125,283,True
LEVEL,pooled,oil,asset_price,b,0.75,21,-0.00037561575350508747,0.02322540488447116,0.9871093710963572,-0.038578007215143914,0.03782677570813374,282,True
LEVEL,pooled,oil,asset_price,b,0.75,22,-0.004436295677763269,0.0308842661249947,0.8858970590226181,-0.05523639282919529,0.04636380147366875,281,True
LEVEL,pooled,oil,asset_price,b,0.75,23,-0.025698724968378883,0.02331073174424357,0.27132139770120434,-0.06404146662479074,0.012644016688032972,280,True
LEVEL,pooled,oil,asset_price,b,0.75,24,0.0175020531573864,0.027633940632236616,0.5270794816795188,-0.027951734318509655,0.06295584063328245,279,True
LEVEL,pooled,dxy,asset_price,b,0.75,0,-0.00483493979102434,0.006284837061254584,0.4423740980935313,-0.015172576826027974,0.005502697243979294,303,True
LEVEL,pooled,dxy,asset_price,b,0.75,1,0.001978705946495296,0.005171884552440318,0.7023211609927584,-0.006528287117760453,0.010485699010751045,302,True
LEVEL,pooled,dxy,asset_price,b,0.75,2,0.0014994420616769588,0.006008828011207251,0.8031308725606537,-0.00838420048628489,0.011383084609638808,301,True
LEVEL,pooled,dxy,asset_price,b,0.75,3,0.002502103499701036,0.0055331436867034345,0.6514832519072731,-0.006599107961816748,0.01160331496121882,300,True
LEVEL,pooled,dxy,asset_price,b,0.75,4,-0.003960488923461014,0.0052788574092013695,0.4537520405355306,-0.012643436679145538,0.004722458832223509,299,True
LEVEL,pooled,dxy,asset_price,b,0.75,5,0.005647342830414459,0.006339775782267547,0.373840500612489,-0.004780660359107423,0.01607534601993634,298,True
LEVEL,pooled,dxy,asset_price,b,0.75,6,-0.008950840004246174,0.005309984751507707,0.09302045622507414,-0.017684987681820637,-0.00021669232667171148,297,True
LEVEL,pooled,dxy,asset_price,b,0.75,7,-0.008382494092899151,0.005699677165616319,0.1425463688912526,-0.01775762875121564,0.0009926405654173374,296,True
LEVEL,pooled,dxy,asset_price,b,0.75,8,-0.02435100179300953,0.004921281476818859,1.328249241991565e-06,-0.03244578947940413,-0.01625621410661493,295,True
LEVEL,pooled,dxy,asset_price,b,0.75,9,0.0009493075181465915,0.005095281215592877,0.8523427992464326,-0.007431684269659058,0.009330299305952241,294,True
LEVEL,pooled,dxy,asset_price,b,0.75,10,-0.005986346268841203,0.00502577725383875,0.23466893276834663,-0.01425301421306808,0.0022803216753856746,293,True
LEVEL,pooled,dxy,asset_price,b,0.75,11,-0.001147422702253209,0.005688397514690602,0.8402965795358951,-0.010504003985833786,0.008209158581327368,292,True
LEVEL,pooled,dxy,asset_price,b,0.75,12,0.007518157396557257,0.00531118422004276,0.15809530258147786,-0.001217963231187504,0.016254278024302016,291,True
LEVEL,pooled,dxy,asset_price,b,0.75,13,-0.0004276374509650793,0.0052772997934654,0.9354772703913128,-0.009108023156756897,0.008252748254826739,290,True
LEVEL,pooled,dxy,asset_price,b,0.75,14,-0.015502021772377361,0.005227570195721443,0.0033023586015114353,-0.024100609568953192,-0.006903433975801529,289,True
LEVEL,pooled,dxy,asset_price,b,0.75,15,-0.00239869112207991,0.005377928464725691,0.6559503168810656,-0.011244596262769526,0.0064472140186097055,288,True
LEVEL,pooled,dxy,asset_price,b,0.75,16,0.0062283256697241995,0.0058335509614812694,0.286662122679441,-0.0033670117872745143,0.01582366312672291,287,True
LEVEL,pooled,dxy,asset_price,b,0.75,17,-0.0031071315122517262,0.006090948568826069,0.6104015851888351,-0.013125850357260166,0.006911587332756713,286,True
LEVEL,pooled,dxy,asset_price,b,0.75,18,-0.010289674123338699,0.006914791151859856,0.13795912154245005,-0.021663493429087334,0.0010841451824099343,285,True
LEVEL,pooled,dxy,asset_price,b,0.75,19,-0.006291830056184722,0.004861803363153696,0.19678501749155916,-0.014288784951592944,0.0017051248392235003,284,True
LEVEL,pooled,dxy,asset_price,b,0.75,20,-0.004035380012830991,0.00648461577448861,0.5343002960207893,-0.014701623788885312,0.006630863763223329,283,True
LEVEL,pooled,dxy,asset_price,b,0.75,21,0.003427548224769872,0.006763794484417938,0.6127703404903145,-0.007697903664879336,0.01455300011441908,282,True
LEVEL,pooled,dxy,asset_price,b,0.75,22,0.001602008952545475,0.005256249787737462,0.7607829566157975,-0.007043752574977396,0.010247770480068346,281,True
LEVEL,pooled,dxy,asset_price,b,0.75,23,-0.006919725630520901,0.005537255731699446,0.21258059813497662,-0.016027700804164564,0.002188249543122762,280,True
LEVEL,pooled,dxy,asset_price,b,0.75,24,-0.008269676871850429,0.005174997995319877,0.11129976636341303,-0.016781791093918925,0.00024243735021806795,279,True
LEVEL,pooled,vix,asset_price,b,0.75,0,-1.0367893050424755,1.1828476287966752,0.38151256467476125,-2.9824005173996353,0.9088219073146844,303,False
LEVEL,pooled,vix,asset_price,b,0.75,1,-3.6135289669036865,1.4935725173807126,0.016198082360706207,-6.070237139232392,-1.1568207945749807,302,False
LEVEL,pooled,vix,asset_price,b,0.75,2,-2.974715754389763,1.4627434266460493,0.04295333154641322,-5.380714585007942,-0.5687169237715839,301,False
LEVEL,pooled,vix,asset_price,b,0.75,3,-4.529165330535761,1.7421970373264184,0.009840549935207324,-7.39482444624623,-1.6635062148252926,300,True
LEVEL,pooled,vix,asset_price,b,0.75,4,1.9115681677430985,1.928151864783381,0.3223750594039203,-1.2599594203590905,5.083095755845287,299,True
LEVEL,pooled,vix,asset_price,b,0.75,5,-0.8540515585336834,2.0104136082290625,0.6713107102151835,-4.160887673701852,2.452784556634486,298,False
LEVEL,pooled,vix,asset_price,b,0.75,6,2.8938216729147825,2.3291369203014214,0.21515487558075214,-0.9372676381095926,6.724910983939157,297,True
LEVEL,pooled,vix,asset_price,b,0.75,7,-2.8150900983819156,2.16437559536319,0.1944963489823972,-6.3751711465003105,0.7449909497364793,296,True
LEVEL,pooled,vix,asset_price,b,0.75,8,-0.6332109994255006,1.8526692917996814,0.7327830012943588,-3.680580803583822,2.414158804732821,295,True
LEVEL,pooled,vix,asset_price,b,0.75,9,-1.8153097582253395,2.528739518623083,0.4734665797570091,-5.974716127048038,2.344096610597359,294,True
LEVEL,pooled,vix,asset_price,b,0.75,10,-2.0467745732457843,2.8391624150418644,0.4716016720659153,-6.716781169131696,2.623232022640128,293,True
LEVEL,pooled,vix,asset_price,b,0.75,11,4.598093715125287,2.5925908563477233,0.07729012548873969,0.3336612418605114,8.862526188390063,292,True
LEVEL,pooled,vix,asset_price,b,0.75,12,-0.39133815508103,2.667770626180695,0.883488239857462,-4.779430345428946,3.9967540352668864,291,True
LEVEL,pooled,vix,asset_price,b,0.75,13,-4.485742440110698,2.6862102863937185,0.09613046240900261,-8.90416517243976,-0.0673197077816372,290,True
LEVEL,pooled,vix,asset_price,b,0.75,14,-2.7667080014944077,2.5602479705180965,0.28085451477223977,-6.977941161696244,1.444525158707429,289,False
LEVEL,pooled,vix,asset_price,b,0.75,15,-0.39685327607003273,2.4781335720672586,0.8728935583886918,-4.473020270155071,3.6793137180150053,288,True
LEVEL,pooled,vix,asset_price,b,0.75,16,0.6730546069011325,2.4764930076106597,0.7860097643568098,-3.400413898787221,4.746523112589486,287,True
LEVEL,pooled,vix,asset_price,b,0.75,17,-0.847046969432995,2.5512527306785273,0.7401496287776048,-5.043484276759418,3.3493903378934284,286,True
LEVEL,pooled,vix,asset_price,b,0.75,18,-3.5223369759041816,1.8503803018588678,0.0580826937771708,-6.5659417266563,-0.47873222515206315,285,True
LEVEL,pooled,vix,asset_price,b,0.75,19,-2.906228800471581,1.8529655223312227,0.11801826044762422,-5.954085860494121,0.1416282595509597,284,True
LEVEL,pooled,vix,asset_price,b,0.75,20,-8.025988225788751,1.7339350254635886,5.861720012890158e-06,-10.878057541320729,-5.1739189102567735,283,True
LEVEL,pooled,vix,asset_price,b,0.75,21,-3.106712368360604,2.6067484956397995,0.23445359991839224,-7.394432085964023,1.1810073492428144,282,True
LEVEL,pooled,vix,asset_price,b,0.75,22,-3.26776607193824,1.8032933512351466,0.07115467002769163,-6.2339196811748465,-0.30161246270163433,281,True
LEVEL,pooled,vix,asset_price,b,0.75,23,-2.807702142952621,2.4913874488114707,0.2608299698647477,-6.905669824271544,1.2902655383663015,280,True
LEVEL,pooled,vix,asset_price,b,0.75,24,-4.305356875673169,1.778223002560866,0.01618110226697158,-7.230273430963947,-1.3804403203823918,279,True
LEVEL,pooled,us10y,asset_price,b,0.75,0,-0.06334086110438086,0.07188601521761177,0.3790173788969126,-0.1815828339621583,0.054901111753396584,303,True
LEVEL,pooled,us10y,asset_price,b,0.75,1,0.07809737214853385,0.09005233260479033,0.38656702074372795,-0.07002553375189582,0.22622027804896352,302,True
LEVEL,pooled,us10y,asset_price,b,0.75,2,-0.004710030041678692,0.07932179765559788,0.9526938718467067,-0.13518277661179964,0.12576271652844226,301,False
LEVEL,pooled,us10y,asset_price,b,0.75,3,-0.08321649172557954,0.07235715335245275,0.2511212016750125,-0.20223341785324533,0.035800434402086245,300,True
LEVEL,pooled,us10y,asset_price,b,0.75,4,0.005686081943167665,0.07064961286204705,0.9359126416754858,-0.1105221900156878,0.12189435390202313,299,True
LEVEL,pooled,us10y,asset_price,b,0.75,5,0.08534121281854823,0.09728301928075572,0.38113251146609706,-0.07467511428619283,0.2453575399232893,298,True
LEVEL,pooled,us10y,asset_price,b,0.75,6,0.03174431659840593,0.07397831053444678,0.6681917078735297,-0.08993917579992117,0.15342780899673303,297,True
LEVEL,pooled,us10y,asset_price,b,0.75,7,-0.01357642726532049,0.07253691637160553,0.8516722830570856,-0.13288903724703147,0.10573618271639049,296,True
LEVEL,pooled,us10y,asset_price,b,0.75,8,-0.052321469285345756,0.07412009716168799,0.48086500416831895,-0.1742381799317438,0.06959524136105226,295,True
LEVEL,pooled,us10y,asset_price,b,0.75,9,-0.15104626591210035,0.06250487402121559,0.016341832800768428,-0.2538576346480417,-0.048234897176159044,294,True
LEVEL,pooled,us10y,asset_price,b,0.75,10,0.00875883290063939,0.06930801677109662,0.8995305520379278,-0.10524270986211234,0.12276037566339112,293,False
LEVEL,pooled,us10y,asset_price,b,0.75,11,-0.03430266932758741,0.08188761809296789,0.6756303076980451,-0.16899581495022264,0.10039047629504783,292,True
LEVEL,pooled,us10y,asset_price,b,0.75,12,0.012327305579105996,0.06840389163823636,0.8571237308853289,-0.10018708367964256,0.12484169483785455,291,True
LEVEL,pooled,us10y,asset_price,b,0.75,13,0.1322825061615731,0.09364784542788991,0.15897406090821536,-0.02175449204668245,0.28631950436982867,290,False
LEVEL,pooled,us10y,asset_price,b,0.75,14,-0.10612665627286333,0.06872071258930995,0.1237228267294001,-0.21916216962207952,0.006908857076352845,289,True
LEVEL,pooled,us10y,asset_price,b,0.75,15,-0.0061912527818321905,0.06387453173006705,0.9228579707267868,-0.11125550796785987,0.09887300240419548,288,True
LEVEL,pooled,us10y,asset_price,b,0.75,16,-0.10517598157649566,0.06323972682465095,0.09749567329396813,-0.2091960756114431,-0.0011558875415482311,287,True
LEVEL,pooled,us10y,asset_price,b,0.75,17,-0.006789967320230517,0.06597250598834042,0.9181054896719695,-0.11530508307422999,0.10172514843376895,286,True
LEVEL,pooled,us10y,asset_price,b,0.75,18,0.02482153472635673,0.06892900798395532,0.7190659500525486,-0.08855659405821917,0.13819966351093263,285,True
LEVEL,pooled,us10y,asset_price,b,0.75,19,-0.08904469459662323,0.0702147484793187,0.20588702013005697,-0.20453767829831598,0.02644828910506951,284,True
LEVEL,pooled,us10y,asset_price,b,0.75,20,0.10677103671696386,0.0612640335678022,0.08257378253382636,0.006000668901287684,0.20754140453264003,283,True
LEVEL,pooled,us10y,asset_price,b,0.75,21,0.12347230371415208,0.09705806269170138,0.20448365266172877,-0.03617400272917631,0.28311861015748047,282,True
LEVEL,pooled,us10y,asset_price,b,0.75,22,-0.10410986301951652,0.09596588276689123,0.2790148807751885,-0.26195969335223734,0.053739967313204295,281,True
LEVEL,pooled,us10y,asset_price,b,0.75,23,-0.05844499718241991,0.08199714802970441,0.4766483844922193,-0.19331830351875598,0.07642830915391616,280,True
LEVEL,pooled,us10y,asset_price,b,0.75,24,0.051350036798339715,0.06488336578011362,0.42944578481071344,-0.05537360273389921,0.15807367633057864,279,True
LEVEL,pooled,ip,real_macro,b,0.75,0,0.007040720869554207,0.15657463115836884,0.9641660976287256,-0.2505016290798778,0.2645830708189862,303,False
LEVEL,pooled,ip,real_macro,b,0.75,1,-0.4895794556199462,0.1269590644667433,0.00014358594533228882,-0.6984085332824347,-0.2807503779574577,302,True
LEVEL,pooled,ip,real_macro,b,0.75,2,-0.20959545348159736,0.1397557540697657,0.13484071139958936,-0.43947321245058946,0.020282305487394736,301,True
LEVEL,pooled,ip,real_macro,b,0.75,3,0.29641345912932593,0.1873766161851461,0.11483155162596298,-0.011793647608705549,0.6046205658673574,300,True
LEVEL,pooled,ip,real_macro,b,0.75,4,-0.30511841712291243,0.16717769704445193,0.06908447517172193,-0.5801012584518737,-0.030135575793951264,299,True
LEVEL,pooled,ip,real_macro,b,0.75,5,0.1740895223310872,0.16147968010761157,0.28195611158614686,-0.09152091517288119,0.4396999598350556,298,True
LEVEL,pooled,ip,real_macro,b,0.75,6,0.11985221355610065,0.2226156489357119,0.5907586923873389,-0.24631794401196072,0.486022371124162,297,True
LEVEL,pooled,ip,real_macro,b,0.75,7,-0.08954687177094911,0.20730171443023243,0.6661149265713975,-0.4305278486247753,0.25143410508287706,296,True
LEVEL,pooled,ip,real_macro,b,0.75,8,0.13098452134136096,0.19883449857834495,0.5106165879436161,-0.19606912480830707,0.458038167491029,295,True
LEVEL,pooled,ip,real_macro,b,0.75,9,-0.18240018717915518,0.1428407886527341,0.20273434172794255,-0.4173523764712136,0.05255200211290323,294,False
LEVEL,pooled,ip,real_macro,b,0.75,10,-0.08431653287470908,0.17715966912369438,0.6345126220917006,-0.37571825718234053,0.20708519143292237,293,True
LEVEL,pooled,ip,real_macro,b,0.75,11,-0.079081699784183,0.15734162468245172,0.615656489836961,-0.337885641813551,0.17972224224518502,292,False
LEVEL,pooled,ip,real_macro,b,0.75,12,-0.1867908414019439,0.17035334182668194,0.27386711134030517,-0.4669971535688656,0.0934154707649778,291,True
LEVEL,pooled,ip,real_macro,b,0.75,13,0.060660222259684815,0.16587565191405632,0.7148862920140889,-0.2121809454140906,0.33350138993346023,290,True
LEVEL,pooled,ip,real_macro,b,0.75,14,-0.5090779218894568,0.18909202759611762,0.00755684283725088,-0.8201066293085387,-0.19804921447037482,289,True
LEVEL,pooled,ip,real_macro,b,0.75,15,0.3048440422276144,0.16210483403342818,0.061152762663769664,0.03820531802136362,0.5714827664338652,288,True
LEVEL,pooled,ip,real_macro,b,0.75,16,0.08844488431145692,0.17121834699507207,0.6059027527059802,-0.19318423474402308,0.3700740033669369,287,True
LEVEL,pooled,ip,real_macro,b,0.75,17,-0.09194337766894023,0.22760002434466067,0.6865700825318574,-0.4663121032064987,0.2824253478686182,286,True
LEVEL,pooled,ip,real_macro,b,0.75,18,-0.39858141573409966,0.164629975176764,0.0161679875727997,-0.6693736275085307,-0.12778920395966858,285,True
LEVEL,pooled,ip,real_macro,b,0.75,19,-0.26987022908087965,0.2040528522473069,0.1871651480862706,-0.6055073031896553,0.06576684502789598,284,True
LEVEL,pooled,ip,real_macro,b,0.75,20,-0.3545624996395418,0.21945288119479875,0.10740312459241129,-0.7155303672177571,0.006405367938673467,283,False
LEVEL,pooled,ip,real_macro,b,0.75,21,0.001127342932704778,0.18330506865396412,0.9950977954193052,-0.3003826640813567,0.3026373499467663,282,True
LEVEL,pooled,ip,real_macro,b,0.75,22,-0.2862048637755379,0.19916614172664412,0.15194906399019242,-0.6138040143605394,0.041394286809463665,281,True
LEVEL,pooled,ip,real_macro,b,0.75,23,0.25795321846044317,0.19902260131696703,0.1961267556202037,-0.0694098291610869,0.5853162660819733,280,True
LEVEL,pooled,ip,real_macro,b,0.75,24,0.00903849109931798,0.23449041036768165,0.9692835948202511,-0.3766639108793023,0.39474089307793825,279,True
LEVEL,pooled,cpi,real_macro,b,0.75,0,-0.0226121029324986,0.06210762110233748,0.7160785172183186,-0.1247700487640062,0.079545842899009,303,True
LEVEL,pooled,cpi,real_macro,b,0.75,1,0.030459927927608987,0.06504371508343447,0.6399428603362611,-0.07652746273777637,0.13744731859299436,302,True
LEVEL,pooled,cpi,real_macro,b,0.75,2,-0.22921027201709876,0.07821609438380324,0.003670670716628147,-0.3578642985502762,-0.10055624548392134,301,False
LEVEL,pooled,cpi,real_macro,b,0.75,3,-0.08733149077625058,0.07542593650599382,0.24794325053910277,-0.21139611600434594,0.0367331344518448,300,True
LEVEL,pooled,cpi,real_macro,b,0.75,4,0.015119303539023576,0.07968540340192454,0.8496569261933132,-0.11595152126172317,0.14619012833977033,299,True
LEVEL,pooled,cpi,real_macro,b,0.75,5,-0.03300965495782293,0.07804357968637156,0.6726579218730082,-0.16137992006522742,0.09536061014958155,298,True
LEVEL,pooled,cpi,real_macro,b,0.75,6,-0.035019143146882925,0.09441311312325366,0.7109935369347059,-0.19031489469944635,0.1202766084056805,297,False
LEVEL,pooled,cpi,real_macro,b,0.75,7,-0.06884912241093843,0.08887173964458708,0.4391986639527239,-0.21503012569882443,0.07733188087694756,296,True
LEVEL,pooled,cpi,real_macro,b,0.75,8,-0.07991152107069865,0.06451708760624145,0.21657773209940476,-0.18603268662017078,0.02620964447877347,295,True
LEVEL,pooled,cpi,real_macro,b,0.75,9,-0.0590377065964276,0.06430829071753792,0.35942857579635606,-0.16481543182621955,0.04674001863336434,294,True
LEVEL,pooled,cpi,real_macro,b,0.75,10,0.03376423116060323,0.07386964486766914,0.6479890425967538,-0.08774052212159957,0.155268984442806,293,True
LEVEL,pooled,cpi,real_macro,b,0.75,11,-0.07618747732595921,0.07254672917850523,0.2945935079570687,-0.19551622793868972,0.04314127328677131,292,True
LEVEL,pooled,cpi,real_macro,b,0.75,12,-0.0905688668611333,0.09058090340677297,0.31829386269363136,-0.23956119436230477,0.05842346064003817,291,True
LEVEL,pooled,cpi,real_macro,b,0.75,13,-0.10056782222363836,0.07729654349595559,0.19437926808727415,-0.22770932214377315,0.026573677696496434,290,True
LEVEL,pooled,cpi,real_macro,b,0.75,14,-0.05726954695637687,0.07839510146718175,0.46572483782254803,-0.18621801393989945,0.07167892002714571,289,False
LEVEL,pooled,cpi,real_macro,b,0.75,15,0.1125781455066317,0.09492496868664341,0.23671690367974418,-0.043559533525848626,0.268715824539112,288,True
LEVEL,pooled,cpi,real_macro,b,0.75,16,0.134880751249284,0.10253857215975415,0.18953383053311657,-0.03378019107011285,0.3035416935686809,287,True
LEVEL,pooled,cpi,real_macro,b,0.75,17,-0.13633719398082178,0.1050051194758062,0.19531405689134165,-0.30905524559907427,0.03638085763743071,286,True
LEVEL,pooled,cpi,real_macro,b,0.75,18,0.003952181865543025,0.0695171077337086,0.9547073204796348,-0.1103932849254238,0.11829764865650985,285,True
LEVEL,pooled,cpi,real_macro,b,0.75,19,0.007002613997428853,0.07389378011864843,0.9245748688782126,-0.1145418382398846,0.12854706623474232,284,False
LEVEL,pooled,cpi,real_macro,b,0.75,20,0.10116685750131182,0.07232577391567456,0.16309813069886123,-0.01779845404595766,0.2201321690485813,283,True
LEVEL,pooled,cpi,real_macro,b,0.75,21,-0.01848659206643788,0.11054654984421058,0.8673229042525895,-0.20031948552465936,0.1633463013917836,282,True
LEVEL,pooled,cpi,real_macro,b,0.75,22,0.06832892002898916,0.10319225145331735,0.5084767184853358,-0.10140722904728822,0.23806506910526654,281,True
LEVEL,pooled,cpi,real_macro,b,0.75,23,0.031165095998176184,0.07998207427057408,0.6971237281893579,-0.1003937089568796,0.16272390095323197,280,True
LEVEL,pooled,cpi,real_macro,b,0.75,24,0.10595885381871994,0.08451748515606876,0.2111205925828845,-0.03306003818105696,0.24497774581849685,279,True
LEVEL,pooled,infl_exp,real_macro,b,0.75,0,0.2931670507035733,0.07592222626561065,0.0001406017812198993,0.1682861014643533,0.4180479999427933,303,True
LEVEL,pooled,infl_exp,real_macro,b,0.75,1,-0.08369128105277923,0.07717800319210662,0.2791438429935982,-0.2106377995241881,0.04325523741862963,302,True
LEVEL,pooled,infl_exp,real_macro,b,0.75,2,-0.02778640374697261,0.09354295139523731,0.7666585469585084,-0.181650866625174,0.12607805913122877,301,True
LEVEL,pooled,infl_exp,real_macro,b,0.75,3,0.004929576067070229,0.07792551168685631,0.9496058463560659,-0.12324648446310471,0.13310563659724517,300,True
LEVEL,pooled,infl_exp,real_macro,b,0.75,4,-0.02198167213521174,0.08720129474076475,0.8011705676110787,-0.16541503806442298,0.1214516937939995,299,True
LEVEL,pooled,infl_exp,real_macro,b,0.75,5,0.02176814670224303,0.13054769457450519,0.8676956747976269,-0.19296370220878487,0.23649999561327092,298,True
LEVEL,pooled,infl_exp,real_macro,b,0.75,6,-0.07122569114699218,0.09686171617231794,0.4627768665277869,-0.23054903630577342,0.08809765401178907,297,True
LEVEL,pooled,infl_exp,real_macro,b,0.75,7,-0.08294400733035445,0.0996882213306488,0.40613041611467254,-0.24691653975041322,0.08102852508970432,296,True
LEVEL,pooled,infl_exp,real_macro,b,0.75,8,-0.010107517466195759,0.11456396404686568,0.9297632083452978,-0.19854846924662084,0.17833343431422932,295,True
LEVEL,pooled,infl_exp,real_macro,b,0.75,9,0.08057915243352909,0.07772044245799889,0.3007790577413504,-0.04725959923178358,0.20841790409884176,294,True
LEVEL,pooled,infl_exp,real_macro,b,0.75,10,-0.12466561539145005,0.11769111718423303,0.2904454477026361,-0.3182502763519065,0.06891904556900638,293,True
LEVEL,pooled,infl_exp,real_macro,b,0.75,11,-0.06140449345230081,0.08815378134695322,0.4866903600940619,-0.20640456043032385,0.08359557352572222,292,True
LEVEL,pooled,infl_exp,real_macro,b,0.75,12,0.21603928452782384,0.08792305870400098,0.014650946596373182,0.0714187225258806,0.36065984652976707,291,True
LEVEL,pooled,infl_exp,real_macro,b,0.75,13,-0.03165159064087675,0.08711943944534867,0.7166643383682292,-0.17495031659053767,0.11164713530878417,290,True
LEVEL,pooled,infl_exp,real_macro,b,0.75,14,0.05790957646377137,0.10879530462661859,0.594984828672084,-0.1210427749466125,0.23686192787415525,289,True
LEVEL,pooled,infl_exp,real_macro,b,0.75,15,0.02411991880740061,0.07783055403138002,0.7568829980039563,-0.10389995027875734,0.15213978789355856,288,True
LEVEL,pooled,infl_exp,real_macro,b,0.75,16,-0.153838995148476,0.10686580957435679,0.151201431450256,-0.32961760962396214,0.021939619327010135,287,True
LEVEL,pooled,infl_exp,real_macro,b,0.75,17,0.19928939059036566,0.08184373251502898,0.015570094586229887,0.0646684303197741,0.3339103508609572,286,True
LEVEL,pooled,infl_exp,real_macro,b,0.75,18,-0.1296763382251811,0.08020379843844849,0.1071405817822466,-0.26159984698194794,0.0022471705315857404,285,True
LEVEL,pooled,infl_exp,real_macro,b,0.75,19,-0.11203977173136082,0.08137126018471931,0.16974723978997974,-0.2458835841758083,0.02180404071308667,284,False
LEVEL,pooled,infl_exp,real_macro,b,0.75,20,0.14195797366801344,0.06770317227016807,0.036999208271376406,0.030596165203307144,0.2533197821327197,283,True
LEVEL,pooled,infl_exp,real_macro,b,0.75,21,0.0510361048688992,0.08780468011086333,0.561590200515582,-0.09338974167476813,0.19546195141256653,282,True
LEVEL,pooled,infl_exp,real_macro,b,0.75,22,0.11994995672762343,0.1213954454633584,0.3240512617408895,-0.07972778203817127,0.31962769549341813,281,True
LEVEL,pooled,infl_exp,real_macro,b,0.75,23,0.09432654973534227,0.11106135119463177,0.396509759799657,-0.08835311659127901,0.2770062160619635,280,False
LEVEL,pooled,infl_exp,real_macro,b,0.75,24,-0.0848123062535251,0.09218935051607008,0.35846680839268036,-0.23645029381618354,0.06682568130913336,279,True
LEVEL,pooled,freight,physical_channel,b,0.75,0,-0.001528210728858781,0.00465923309905783,0.7431641225699933,-0.009191967190656401,0.006135545732938839,303,True
LEVEL,pooled,freight,physical_channel,b,0.75,1,-0.0039573979323641595,0.005340642441339133,0.4593300586402669,-0.012741973022251798,0.004827177157523479,302,True
LEVEL,pooled,freight,physical_channel,b,0.75,2,0.000446396316597486,0.006439995813200042,0.9447886412149433,-0.010146454154296897,0.01103924678749187,301,True
LEVEL,pooled,freight,physical_channel,b,0.75,3,-0.001033620811710989,0.006018965561901145,0.8637796005598067,-0.010933938146700094,0.008866696523278116,300,True
LEVEL,pooled,freight,physical_channel,b,0.75,4,0.0006687482098328701,0.006098254062348977,0.9127584072440439,-0.009361987102693394,0.010699483522359134,299,True
LEVEL,pooled,freight,physical_channel,b,0.75,5,-0.008744083966540472,0.00648688218578509,0.17879978065075863,-0.019414055657435973,0.0019258877243550267,298,False
LEVEL,pooled,freight,physical_channel,b,0.75,6,0.001477987056262009,0.0048079180678455265,0.758771556221289,-0.006430334415719219,0.009386308528243237,297,True
LEVEL,pooled,freight,physical_channel,b,0.75,7,0.018595083687102942,0.006598695619012598,0.00519245344552766,0.00774119526502128,0.029448972109184603,296,True
LEVEL,pooled,freight,physical_channel,b,0.75,8,0.019564373292297432,0.006039361095741915,0.001349155029895413,0.009630508289496726,0.029498238295098136,295,True
LEVEL,pooled,freight,physical_channel,b,0.75,9,-0.002620634374110864,0.0064558851513137495,0.6851207304221886,-0.013239620480431438,0.00799835173220971,294,True
LEVEL,pooled,freight,physical_channel,b,0.75,10,-0.00223011238446702,0.0050935532732653286,0.6618658903190315,-0.01060826196006804,0.0061480371911339995,293,True
LEVEL,pooled,freight,physical_channel,b,0.75,11,0.008036707125611997,0.006829732067253176,0.24036571752114416,-0.003197202436316165,0.01927061668754016,292,True
LEVEL,pooled,freight,physical_channel,b,0.75,12,0.004127320075681951,0.0072760735325741914,0.5710312340183467,-0.00784075586433832,0.016095396015702222,291,True
LEVEL,pooled,freight,physical_channel,b,0.75,13,-0.004731373920208171,0.007049490535319063,0.5027064665858294,-0.016326753995387806,0.006864006154971465,290,True
LEVEL,pooled,freight,physical_channel,b,0.75,14,0.0025896838263612665,0.005983055577273717,0.6654911268748757,-0.007251566840169641,0.012430934492892174,289,True
LEVEL,pooled,freight,physical_channel,b,0.75,15,0.00506964579138014,0.0058887680859772045,0.3900858237747928,-0.004616515753115544,0.014755807335875823,288,True
LEVEL,pooled,freight,physical_channel,b,0.75,16,-0.0036540154321205165,0.005242934653133814,0.4864648623989363,-0.01227787551219723,0.004969844647956197,287,False
LEVEL,pooled,freight,physical_channel,b,0.75,17,-0.008171724852428675,0.00463142682933245,0.07884665794436432,-0.015789744070616514,-0.0005537056342408368,286,True
LEVEL,pooled,freight,physical_channel,b,0.75,18,-0.01105284771589865,0.005402244546010949,0.04177685408216517,-0.01993874925108357,-0.0021669461807137316,285,True
LEVEL,pooled,freight,physical_channel,b,0.75,19,-0.0013616275750933937,0.006616153450436745,0.8371079680332529,-0.012244231574511771,0.009520976424324984,284,True
LEVEL,pooled,freight,physical_channel,b,0.75,20,-0.002223707729910984,0.004974781121118128,0.6552572952285773,-0.010406494500271847,0.005959079040449879,283,False
LEVEL,pooled,freight,physical_channel,b,0.75,21,0.0012677212858065445,0.00644884419340264,0.844312509869459,-0.00933968347535673,0.011875126046969818,282,True
LEVEL,pooled,freight,physical_channel,b,0.75,22,0.006752494796565145,0.005400476236099994,0.21232630077896653,-0.0021304981276491653,0.015635487720779453,281,True
LEVEL,pooled,freight,physical_channel,b,0.75,23,0.006238568996302263,0.005050006222599964,0.21784750483188162,-0.002067952055068791,0.014545090047673317,280,True
LEVEL,pooled,freight,physical_channel,b,0.75,24,-0.0030972985907951056,0.0062924656784160635,0.6229916938137864,-0.013447483584405423,0.007252886402815212,279,True
LEVEL,pooled,oil,asset_price,b,0.9,0,0.036302021253590055,0.030330632685388832,0.23238546468831334,-0.013587429926704635,0.08619147243388475,303,True
LEVEL,pooled,oil,asset_price,b,0.9,1,0.0053755977365881336,0.025218032434419935,0.8313569103781799,-0.03610437437774736,0.04685556985092363,302,True
LEVEL,pooled,oil,asset_price,b,0.9,2,0.05431382746365898,0.0322987756430194,0.09378872156468866,0.0011870692011466469,0.10744058572617132,301,True
LEVEL,pooled,oil,asset_price,b,0.9,3,-0.08060571163099439,0.05600508363720251,0.151227498120061,-0.1727258765793675,0.0115144533173787,300,True
LEVEL,pooled,oil,asset_price,b,0.9,4,0.12573474103101034,0.040322018189650505,0.002015198732040367,0.05941092316576048,0.19205855889626022,299,True
LEVEL,pooled,oil,asset_price,b,0.9,5,0.007537085499961904,0.057653523014406516,0.8960856950258929,-0.08729452093681483,0.10236869193673864,298,False
LEVEL,pooled,oil,asset_price,b,0.9,6,-0.032408985143320024,0.05626626414731655,0.565101355167153,-0.12495875380104324,0.06014078351440319,297,True
LEVEL,pooled,oil,asset_price,b,0.9,7,-0.015395714820499506,0.029770118371318363,0.605475695866699,-0.06436320199833717,0.03357177235733816,296,True
LEVEL,pooled,oil,asset_price,b,0.9,8,-0.011987296121446889,0.056704622125461394,0.8327372623478286,-0.10525809948942476,0.08128350724653098,295,True
LEVEL,pooled,oil,asset_price,b,0.9,9,0.028913895708683413,0.029887108737379323,0.33420437935325475,-0.020246023497088005,0.07807381491445484,294,False
LEVEL,pooled,oil,asset_price,b,0.9,10,0.03415379236389526,0.034600740479591656,0.3245024817681531,-0.022759361109167695,0.09106694583695822,293,True
LEVEL,pooled,oil,asset_price,b,0.9,11,-0.06782000090188944,0.06400231746853387,0.29027276440806404,-0.17309444492330694,0.03745444311952806,292,True
LEVEL,pooled,oil,asset_price,b,0.9,12,0.0755129435946742,0.029762095616345765,0.01175203205872557,0.026558652674451358,0.12446723451489704,291,True
LEVEL,pooled,oil,asset_price,b,0.9,13,-0.04922961916963686,0.05980897755077286,0.4111916113366131,-0.1476066328182848,0.04914739447901105,290,False
LEVEL,pooled,oil,asset_price,b,0.9,14,0.05096640174338063,0.0543856737131498,0.34955844646723394,-0.03849007091789315,0.1404228744046544,289,False
LEVEL,pooled,oil,asset_price,b,0.9,15,-0.029701003081754607,0.0390338976352343,0.44740463444918016,-0.09390605118112225,0.03450404501761303,288,True
LEVEL,pooled,oil,asset_price,b,0.9,16,-0.006892840442105808,0.029704564258434214,0.8166851306474643,-0.05575250069960439,0.04196681981539278,287,False
LEVEL,pooled,oil,asset_price,b,0.9,17,-0.04985701238686602,0.029860104436405556,0.09619422362387298,-0.09897251347023744,-0.0007415113034945908,286,True
LEVEL,pooled,oil,asset_price,b,0.9,18,0.089824029237775,0.025362687018013894,0.0004721339187460218,0.04810612150695982,0.13154193696859018,285,True
LEVEL,pooled,oil,asset_price,b,0.9,19,0.038475493951835915,0.036559994933803595,0.2936114698685782,-0.021660346316358374,0.09861133422003021,284,True
LEVEL,pooled,oil,asset_price,b,0.9,20,0.033251629760101764,0.051297003066682445,0.517427353467258,-0.051124431785871643,0.11762769130607517,283,True
LEVEL,pooled,oil,asset_price,b,0.9,21,0.018970817451304356,0.030342006324016426,0.5323795896485123,-0.030937341699738566,0.06887897660234728,282,True
LEVEL,pooled,oil,asset_price,b,0.9,22,-0.017887198498769408,0.027551356269571774,0.5167779228385355,-0.06320514678620673,0.027430749788667906,281,True
LEVEL,pooled,oil,asset_price,b,0.9,23,-0.0060828786218962705,0.030724907351751186,0.8432213035134695,-0.05662085391717216,0.04445509667337962,280,True
LEVEL,pooled,oil,asset_price,b,0.9,24,0.011490942422796024,0.032506552328550764,0.7240132085118967,-0.041977578074508526,0.06495946292010057,279,True
LEVEL,pooled,dxy,asset_price,b,0.9,0,0.0011516897714827223,0.005188258858266702,0.824494199586998,-0.007382236629100366,0.00968561617206581,303,True
LEVEL,pooled,dxy,asset_price,b,0.9,1,0.015399281004391696,0.006200187428767217,0.013601442284732163,0.005200880224405017,0.025597681784378375,302,True
LEVEL,pooled,dxy,asset_price,b,0.9,2,-0.004677466721716428,0.010339637372069686,0.6513530089781857,-0.02168465675452824,0.012329723311095383,301,True
LEVEL,pooled,dxy,asset_price,b,0.9,3,0.006536356823374945,0.005931931723723902,0.2714820500339147,-0.0032208025872208137,0.016293516233970705,300,True
LEVEL,pooled,dxy,asset_price,b,0.9,4,-0.01095891283600281,0.005338667655144543,0.04105768567807919,-0.019740239691655823,-0.002177585980349797,299,True
LEVEL,pooled,dxy,asset_price,b,0.9,5,0.01198586171823024,0.005151632644970463,0.020726006590798658,0.003512180077428968,0.02045954335903151,298,True
LEVEL,pooled,dxy,asset_price,b,0.9,6,-0.009741907749173606,0.005227305404932544,0.06345928103526498,-0.018340060003659935,-0.001143755494687277,297,True
LEVEL,pooled,dxy,asset_price,b,0.9,7,-0.006435455579108407,0.005476904656709951,0.241030855085974,-0.015444162068165177,0.002573250909948364,296,True
LEVEL,pooled,dxy,asset_price,b,0.9,8,-0.02036305063279542,0.005606890534932194,0.00033739542230474173,-0.029585564865098522,-0.011140536400492321,295,True
LEVEL,pooled,dxy,asset_price,b,0.9,9,0.010204212040008542,0.005457224556816755,0.0626025519563798,0.0012278764346398616,0.019180547645377223,294,True
LEVEL,pooled,dxy,asset_price,b,0.9,10,-0.020073830474629517,0.006520378801460944,0.002297927806696329,-0.030798899195310044,-0.00934876175394899,293,True
LEVEL,pooled,dxy,asset_price,b,0.9,11,-0.0026480500156580433,0.007629384998160427,0.7288034968581849,-0.015197271601291373,0.009901171569975286,292,False
LEVEL,pooled,dxy,asset_price,b,0.9,12,0.012047422581410672,0.005841272093090505,0.04014545514981532,0.0024393849930803378,0.021655460169741007,291,True
LEVEL,pooled,dxy,asset_price,b,0.9,13,-0.001585091454103349,0.006756368941305636,0.8146970152580213,-0.012698329412232203,0.009528146504025505,290,True
LEVEL,pooled,dxy,asset_price,b,0.9,14,-0.010657332074718084,0.004958207661687801,0.032519608657103564,-0.01881285793022384,-0.0025018062192123276,289,True
LEVEL,pooled,dxy,asset_price,b,0.9,15,-0.00882920980667734,0.005707640502030746,0.12310109614821392,-0.018217442987777735,0.0005590233744230538,288,True
LEVEL,pooled,dxy,asset_price,b,0.9,16,0.00026519682026560076,0.006636874236466105,0.9681573223217207,-0.010651489839206454,0.011181883479737656,287,True
LEVEL,pooled,dxy,asset_price,b,0.9,17,-0.003822684051954184,0.007773302144457379,0.6232994196773077,-0.01660862827765456,0.008963260173746193,286,True
LEVEL,pooled,dxy,asset_price,b,0.9,18,-0.012605844308566816,0.00667805327268914,0.0601992607974557,-0.023590264455124695,-0.0016214241620089356,285,True
LEVEL,pooled,dxy,asset_price,b,0.9,19,-0.0013506453272924546,0.005044061497492042,0.7890924406480422,-0.009647388176008515,0.006946097521423606,284,True
LEVEL,pooled,dxy,asset_price,b,0.9,20,-0.0068816675078622325,0.010537114756608497,0.5142876736238057,-0.024213678932873597,0.010450343917149132,283,True
LEVEL,pooled,dxy,asset_price,b,0.9,21,-0.0010771187686486883,0.0053383968485189535,0.8402594344667329,-0.009858000187041398,0.007703762649744022,282,False
LEVEL,pooled,dxy,asset_price,b,0.9,22,8.423427725290367e-05,0.0060344878801895695,0.9888738427624651,-0.00984161499927161,0.010010083553777418,281,True
LEVEL,pooled,dxy,asset_price,b,0.9,23,0.0010562103902174158,0.005303153264811986,0.842293119064215,-0.007666700491688121,0.009779121272122953,280,True
LEVEL,pooled,dxy,asset_price,b,0.9,24,-0.01524410096519091,0.0072259455199971435,0.03588012533646522,-0.027129723661911954,-0.003358478268469866,279,True
LEVEL,pooled,vix,asset_price,b,0.9,0,0.978352808218915,1.474629600832422,0.507593918451428,-1.447197039120296,3.403902655558126,303,True
LEVEL,pooled,vix,asset_price,b,0.9,1,5.930273682970437,2.3040362290777803,0.010582923076777813,2.1404713349442575,9.720076030996617,302,True
LEVEL,pooled,vix,asset_price,b,0.9,2,-1.8435309304768452,2.757828961028276,0.5043972742419285,-6.379755899536016,2.6926940385823253,301,True
LEVEL,pooled,vix,asset_price,b,0.9,3,-3.4084909092634916,2.7853016903962855,0.22210853945179726,-7.989904496865888,1.1729226783389048,300,True
LEVEL,pooled,vix,asset_price,b,0.9,4,1.7174635338305961,2.529445700646215,0.49772485991595056,-2.443104401054139,5.878031468715331,299,False
LEVEL,pooled,vix,asset_price,b,0.9,5,-1.9220402017235756,2.1936379407844977,0.38170645080874654,-5.530253524841315,1.6861731213941642,298,False
LEVEL,pooled,vix,asset_price,b,0.9,6,-1.9416078329086304,3.3427313977502853,0.5618314294231759,-7.439911696422751,3.55669603060549,297,False
LEVEL,pooled,vix,asset_price,b,0.9,7,-0.5540272632533743,3.5334268459410727,0.8755236648738783,-6.365997226367249,5.2579426998605,296,True
LEVEL,pooled,vix,asset_price,b,0.9,8,-0.7761730439651728,3.446224465422957,0.821977172233624,-6.444707855205022,4.892361767274676,295,True
LEVEL,pooled,vix,asset_price,b,0.9,9,-0.8213226805510203,5.056117814328693,0.8710816282850712,-9.137896405743522,7.495251044641481,294,True
LEVEL,pooled,vix,asset_price,b,0.9,10,-6.008542920870241,4.8866838815803435,0.21994696093916186,-14.046422627252968,2.029336785512486,293,True
LEVEL,pooled,vix,asset_price,b,0.9,11,1.1440045334020397,6.692410953103977,0.8644014374097211,-9.864031895860796,12.152040962664875,292,True
LEVEL,pooled,vix,asset_price,b,0.9,12,-4.640904745974694,5.418741654244452,0.3925261890013423,-13.553941609471702,4.272132117522313,291,True
LEVEL,pooled,vix,asset_price,b,0.9,13,-9.483346065972,3.5048244636857726,0.007261255896267649,-15.248269296893792,-3.718422835050209,290,False
LEVEL,pooled,vix,asset_price,b,0.9,14,-9.018584262419608,5.478606459924733,0.10093735668151838,-18.030089968666573,-0.007078556172645634,289,True
LEVEL,pooled,vix,asset_price,b,0.9,15,-2.067046770636807,3.3687863226752652,0.5400240632752817,-7.60820717191373,3.4741136306401152,288,True
LEVEL,pooled,vix,asset_price,b,0.9,16,-6.303736408288387,6.031733034779354,0.29695328835493834,-16.225054367348218,3.617581550771444,287,True
LEVEL,pooled,vix,asset_price,b,0.9,17,-7.585263901026337,6.363775563759787,0.2343784370152919,-18.052743218181774,2.882215416129098,286,True
LEVEL,pooled,vix,asset_price,b,0.9,18,-8.95838459605875,3.5725138405367387,0.012773267216896814,-14.834646943999939,-3.082122248117561,285,True
LEVEL,pooled,vix,asset_price,b,0.9,19,-7.890887345653027,5.484799844477355,0.15146186058809835,-16.912580262944473,1.1308055716384207,284,False
LEVEL,pooled,vix,asset_price,b,0.9,20,-6.657826261376613,3.423419867680686,0.052899828234970164,-12.288850847308918,-1.0268016754443074,283,True
LEVEL,pooled,vix,asset_price,b,0.9,21,-4.106495410203934,3.1756770815810302,0.19714836253811413,-9.330019375869156,1.1170285554612898,282,False
LEVEL,pooled,vix,asset_price,b,0.9,22,-5.129638051672373,2.7659889923452243,0.0648254188898269,-9.679285077839264,-0.5799910255054828,281,True
LEVEL,pooled,vix,asset_price,b,0.9,23,-6.563634089427069,5.759808334656628,0.25555261645408356,-16.037675719232343,2.9104075403782055,280,True
LEVEL,pooled,vix,asset_price,b,0.9,24,-6.951483732802444,3.439778055738813,0.04435076079759429,-12.609415143692514,-1.2935523219123741,279,True
LEVEL,pooled,us10y,asset_price,b,0.9,0,0.13461808051215485,0.0800696153111728,0.09384713952436273,0.0029152833589631277,0.26632087766534657,303,False
LEVEL,pooled,us10y,asset_price,b,0.9,1,0.2260429683710754,0.13429192720599364,0.09347133062632709,0.0051524048359936625,0.44693353190615714,302,True
LEVEL,pooled,us10y,asset_price,b,0.9,2,-0.029984484163662728,0.1197390275645684,0.8024545511997561,-0.22693765794088538,0.16696868961355993,301,True
LEVEL,pooled,us10y,asset_price,b,0.9,3,0.07031018669749756,0.07473919354742756,0.3476725637328784,-0.05262484688441672,0.19324522027941182,300,True
LEVEL,pooled,us10y,asset_price,b,0.9,4,0.01087852386990562,0.07567835804706236,0.885807224023088,-0.11360129784553702,0.13535834558534826,299,False
LEVEL,pooled,us10y,asset_price,b,0.9,5,0.11971974063089874,0.14639361434581727,0.4141962238505015,-0.12107632688835387,0.3605158081501514,298,True
LEVEL,pooled,us10y,asset_price,b,0.9,6,0.13513511907558495,0.08152979001718354,0.09858541245332889,0.0010305482612286698,0.26923968988994124,297,True
LEVEL,pooled,us10y,asset_price,b,0.9,7,0.11560253671132159,0.08092691023484663,0.1543179038390533,-0.017510385106442122,0.2487154585290853,296,True
LEVEL,pooled,us10y,asset_price,b,0.9,8,-0.04833758373337105,0.07156834477366403,0.5000032974260995,-0.16605703520924575,0.06938186774250367,295,True
LEVEL,pooled,us10y,asset_price,b,0.9,9,-0.20483976773994073,0.062105700400632964,0.0011055398493109185,-0.3069945542982834,-0.10268498118159809,294,True
LEVEL,pooled,us10y,asset_price,b,0.9,10,-0.05562996524400887,0.08858361450346139,0.5305487761023655,-0.20133704484849838,0.09007711436048063,293,True
LEVEL,pooled,us10y,asset_price,b,0.9,11,0.1239045056327086,0.09931211700039883,0.21327312186788658,-0.03944939021562635,0.28725840148104353,292,True
LEVEL,pooled,us10y,asset_price,b,0.9,12,0.02692132329730157,0.09761927377818155,0.7829345535429214,-0.1336480932371091,0.18749073983171224,291,True
LEVEL,pooled,us10y,asset_price,b,0.9,13,0.07356651462919217,0.14730027388574501,0.6178939976736463,-0.16872087512272074,0.31585390438110506,290,True
LEVEL,pooled,us10y,asset_price,b,0.9,14,-0.08745868134872126,0.08356181924325858,0.2962364916705993,-0.22490564280565845,0.04998828010821593,289,True
LEVEL,pooled,us10y,asset_price,b,0.9,15,0.00039962387154446333,0.07342966457377918,0.9956618936152591,-0.12038142622846626,0.12118067397155519,288,True
LEVEL,pooled,us10y,asset_price,b,0.9,16,0.02113129199949526,0.08679250435640329,0.8078347545703706,-0.12162967358333615,0.16389225758232667,287,True
LEVEL,pooled,us10y,asset_price,b,0.9,17,-0.08338314651763312,0.1387233164826346,0.5483176081716974,-0.31156269677683157,0.14479640374156535,286,True
LEVEL,pooled,us10y,asset_price,b,0.9,18,0.27185675647297103,0.07136267785138707,0.00017425850435158483,0.1544755969801475,0.38923791596579455,285,True
LEVEL,pooled,us10y,asset_price,b,0.9,19,0.009360758946968417,0.07822728408834645,0.9048455081034394,-0.11931167301231144,0.13803319090624827,284,True
LEVEL,pooled,us10y,asset_price,b,0.9,20,0.013397964416071773,0.0884762864115239,0.8797562520524933,-0.13213257618712057,0.15892850501926412,283,True
LEVEL,pooled,us10y,asset_price,b,0.9,21,0.15516920778722465,0.1652344137947182,0.34857910159865785,-0.11661721704021794,0.42695563261466724,282,True
LEVEL,pooled,us10y,asset_price,b,0.9,22,-0.2162330121523155,0.07590362825980179,0.004749608995136651,-0.34108337039422676,-0.09138265391040426,281,True
LEVEL,pooled,us10y,asset_price,b,0.9,23,0.06532853054272891,0.06114726039065563,0.28637133996113495,-0.03524976248898709,0.16590682357444492,280,True
LEVEL,pooled,us10y,asset_price,b,0.9,24,-0.02921078657743692,0.1482578128768718,0.8439658860976449,-0.2730731878118522,0.21465161465697832,279,True
LEVEL,pooled,ip,real_macro,b,0.9,0,-0.2408195963862454,0.16983590405924612,0.15733615592073952,-0.5201747991646786,0.03853560639218784,303,True
LEVEL,pooled,ip,real_macro,b,0.9,1,-0.6865653239588028,0.2941774438988822,0.02032694012430236,-1.1704441595231923,-0.20268648839441317,302,True
LEVEL,pooled,ip,real_macro,b,0.9,2,-0.3428831667515624,0.17867938060433472,0.05602867778905393,-0.636784594000045,-0.04898173950307988,301,True
LEVEL,pooled,ip,real_macro,b,0.9,3,0.510631632015702,0.222758868051804,0.022651767070677863,0.14422589996508783,0.8770373640663163,300,True
LEVEL,pooled,ip,real_macro,b,0.9,4,-0.4394788976212567,0.2321134749252523,0.059372590011694926,-0.8212715887163675,-0.05768620652614587,299,True
LEVEL,pooled,ip,real_macro,b,0.9,5,-0.004226349852615385,0.19850953041244654,0.9830297167807578,-0.3307454709359616,0.32229277123073086,298,True
LEVEL,pooled,ip,real_macro,b,0.9,6,-0.033148277435884665,0.3142548580222183,0.9160718473501441,-0.5500515204408504,0.48375496556908104,297,True
LEVEL,pooled,ip,real_macro,b,0.9,7,0.07366696253302507,0.35878647926412705,0.8374759761362061,-0.5164842791857235,0.6638182042517736,296,True
LEVEL,pooled,ip,real_macro,b,0.9,8,-0.07135359981111833,0.3539136040712458,0.8403727615117154,-0.6534896750951743,0.5107824754729376,295,True
LEVEL,pooled,ip,real_macro,b,0.9,9,-0.02059546791133471,0.14576668168970264,0.8877472860039359,-0.2603603229773228,0.21916938715465342,294,False
LEVEL,pooled,ip,real_macro,b,0.9,10,0.019784889267612016,0.2074581674904027,0.9240945361483079,-0.32145342996968285,0.3610232085049069,293,True
LEVEL,pooled,ip,real_macro,b,0.9,11,0.050799092765373643,0.15608672993496772,0.7450950770000574,-0.20594073108715294,0.3075389166179002,292,True
LEVEL,pooled,ip,real_macro,b,0.9,12,-0.48771777090996693,0.24093731413926003,0.04395500677687254,-0.8840243859398751,-0.09141115588005883,291,True
LEVEL,pooled,ip,real_macro,b,0.9,13,0.3005327154241968,0.18769347542016576,0.11054009163862857,-0.00819557837578988,0.6092610092241835,290,False
LEVEL,pooled,ip,real_macro,b,0.9,14,-0.25067466412667727,0.1819936365347476,0.16957435714700794,-0.5500275572629448,0.04867822900959029,289,True
LEVEL,pooled,ip,real_macro,b,0.9,15,0.07747315867891302,0.1813348838735611,0.6695595614585703,-0.22079618275333796,0.375742500111164,288,True
LEVEL,pooled,ip,real_macro,b,0.9,16,0.12168012585607357,0.19275458496947945,0.5284209150825797,-0.1953729523425004,0.43873320405464755,287,True
LEVEL,pooled,ip,real_macro,b,0.9,17,-0.4700223740946967,0.3585614527600394,0.19107206330201126,-1.0598034801520364,0.11975873196264308,286,False
LEVEL,pooled,ip,real_macro,b,0.9,18,-0.0622356380954443,0.1423173964982825,0.6622598097721272,-0.296326923903935,0.17185564771304643,285,True
LEVEL,pooled,ip,real_macro,b,0.9,19,-0.523416834767886,0.37823138121309874,0.16760865037738318,-1.1455520939831163,0.09871842444734436,284,False
LEVEL,pooled,ip,real_macro,b,0.9,20,-0.37083826142770704,0.2586017054291943,0.15279359252997413,-0.7962002145387534,0.054523691683339426,283,True
LEVEL,pooled,ip,real_macro,b,0.9,21,0.05496107629551261,0.18377491909124474,0.765133214792325,-0.24732176591443467,0.3572439185054599,282,True
LEVEL,pooled,ip,real_macro,b,0.9,22,0.017030404742399696,0.1875794877753108,0.9277310275510443,-0.29151039606651963,0.325571205551319,281,False
LEVEL,pooled,ip,real_macro,b,0.9,23,0.31115295850713665,0.19900605477291602,0.11918167053016873,-0.016182872471397602,0.6384887894856709,280,True
LEVEL,pooled,ip,real_macro,b,0.9,24,-0.07072856880768086,0.32512832305994926,0.8279639066056547,-0.6055170702174884,0.46405993260212663,279,True
LEVEL,pooled,cpi,real_macro,b,0.9,0,-0.07429799719670882,0.06481239831802607,0.25264490723108446,-0.1809049056415375,0.032308911248119854,303,True
LEVEL,pooled,cpi,real_macro,b,0.9,1,0.2734316189344099,0.0898187291035053,0.0025593520924464147,0.12569295660033747,0.4211702812684824,302,True
LEVEL,pooled,cpi,real_macro,b,0.9,2,-0.27682384685795114,0.08826288063391226,0.0018976153238484622,-0.4220033661938266,-0.1316443275220757,301,True
LEVEL,pooled,cpi,real_macro,b,0.9,3,-0.16078893113763115,0.10177983586800537,0.11532126578489982,-0.3282018633156453,0.006624001040383021,300,True
LEVEL,pooled,cpi,real_macro,b,0.9,4,-0.047757222615075534,0.09352989237433436,0.6100404129365866,-0.20160020531538025,0.10608576008522919,299,True
LEVEL,pooled,cpi,real_macro,b,0.9,5,-0.03516774722538685,0.0961676634036485,0.7148812375075828,-0.19334947717032644,0.12301398271955274,298,True
LEVEL,pooled,cpi,real_macro,b,0.9,6,-0.07302484573733636,0.14923641116578687,0.6250116188787554,-0.3184968979166021,0.17244720644192935,297,True
LEVEL,pooled,cpi,real_macro,b,0.9,7,-0.2345413300064365,0.1442349055107112,0.1051022363478942,-0.47178663746873273,0.0027039774558596796,296,True
LEVEL,pooled,cpi,real_macro,b,0.9,8,-0.25122078724689345,0.08274154690666394,0.0026325624053122765,-0.387318520775895,-0.11512305371789192,295,True
LEVEL,pooled,cpi,real_macro,b,0.9,9,-0.08064022201642729,0.09653153401488986,0.4042551836574974,-0.23942046585600826,0.07814002182315369,294,True
LEVEL,pooled,cpi,real_macro,b,0.9,10,-0.1769950999146772,0.16462745129554573,0.2832966348987734,-0.44778316027393245,0.09379296044457802,293,True
LEVEL,pooled,cpi,real_macro,b,0.9,11,-0.1749862448705244,0.09860563372773208,0.0771151596157014,-0.3371780791454329,-0.012794410595615868,292,True
LEVEL,pooled,cpi,real_macro,b,0.9,12,-0.07491707688677707,0.08164845932498141,0.3596917425310852,-0.20921684134247248,0.059382687568918346,291,True
LEVEL,pooled,cpi,real_macro,b,0.9,13,-0.22972247049244743,0.15976485036018057,0.15166180052028996,-0.49251226406674964,0.03306732308185478,290,True
LEVEL,pooled,cpi,real_macro,b,0.9,14,-0.10379721185927338,0.0908895651267083,0.25449455000746374,-0.25329724270998155,0.04570281899143483,289,True
LEVEL,pooled,cpi,real_macro,b,0.9,15,0.08423079143358336,0.16768621397763223,0.6158732474947872,-0.19158848581728566,0.3600500686844524,288,False
LEVEL,pooled,cpi,real_macro,b,0.9,16,0.11141836847144759,0.18288101545595178,0.542899630753374,-0.18939413310184294,0.41223087004473813,287,True
LEVEL,pooled,cpi,real_macro,b,0.9,17,-0.21061087142516044,0.10003118155557209,0.036218676727869534,-0.3751475232150844,-0.046074219635236474,286,True
LEVEL,pooled,cpi,real_macro,b,0.9,18,-0.4261237752161833,0.10617397660848024,7.854824321431588e-05,-0.6007644257285027,-0.2514831247038638,285,True
LEVEL,pooled,cpi,real_macro,b,0.9,19,-0.08182890263651643,0.09497420661039095,0.38971903676456615,-0.23804757084645647,0.07438976557342361,284,True
LEVEL,pooled,cpi,real_macro,b,0.9,20,0.2291104772775725,0.10525391807563153,0.03041759636076883,0.05598318838001687,0.40223776617512813,283,True
LEVEL,pooled,cpi,real_macro,b,0.9,21,-0.026463567648477238,0.12220200566757139,0.8287282678645569,-0.2274679798915264,0.17454084459457192,282,True
LEVEL,pooled,cpi,real_macro,b,0.9,22,0.04268875403192851,0.17865989076158945,0.81134658664647,-0.2511806152780257,0.33655812334188273,281,True
LEVEL,pooled,cpi,real_macro,b,0.9,23,0.08147889721203683,0.09500429135355254,0.3919095843372208,-0.07478925599680847,0.23774705042088212,280,True
LEVEL,pooled,cpi,real_macro,b,0.9,24,-0.17813887633383274,0.11648343113394118,0.1274477129322176,-0.3697370705142479,0.013459317846582441,279,True
LEVEL,pooled,infl_exp,real_macro,b,0.9,0,0.04318053157203394,0.10389616093296289,0.6780177744029188,-0.12771344556488393,0.2140745087089518,303,True
LEVEL,pooled,infl_exp,real_macro,b,0.9,1,-0.047865726932286634,0.11846222730100409,0.6864845373778452,-0.24271875116509292,0.14698729730051965,302,True
LEVEL,pooled,infl_exp,real_macro,b,0.9,2,0.29968128978794084,0.20375954159825288,0.14250779996346263,-0.035473331235914785,0.6348359108117965,301,True
LEVEL,pooled,infl_exp,real_macro,b,0.9,3,0.3489665255037835,0.12060781677287949,0.004119442272660928,0.15058432064621405,0.5473487303613529,300,False
LEVEL,pooled,infl_exp,real_macro,b,0.9,4,-0.28699021646752954,0.12343364736855722,0.020807713127827584,-0.4900204990295499,-0.08395993390550915,299,True
LEVEL,pooled,infl_exp,real_macro,b,0.9,5,-0.021397901721798007,0.22259198823823853,0.9234881594020555,-0.3875291409058041,0.3447333374622081,298,True
LEVEL,pooled,infl_exp,real_macro,b,0.9,6,0.10347744002046966,0.11143398507461794,0.35392964390974485,-0.07981515449517187,0.28677003453611116,297,True
LEVEL,pooled,infl_exp,real_macro,b,0.9,7,-0.21130264355548434,0.23105560561867547,0.361271016162921,-0.5913552944848317,0.16875000737386298,296,True
LEVEL,pooled,infl_exp,real_macro,b,0.9,8,-0.012074308066530648,0.19659128086433938,0.9510720042864214,-0.33543818942327486,0.31128957329021356,295,True
LEVEL,pooled,infl_exp,real_macro,b,0.9,9,-0.048477384974830784,0.1008267451746175,0.6310546688342263,-0.2143226224690122,0.11736785251935064,294,True
LEVEL,pooled,infl_exp,real_macro,b,0.9,10,-0.28818144754040986,0.24463060310005635,0.23984265205104383,-0.6905629823128636,0.11420008723204389,293,True
LEVEL,pooled,infl_exp,real_macro,b,0.9,11,0.07156152947004557,0.10532949324168912,0.4974756509168298,-0.10169006951350737,0.2448131284535985,292,True
LEVEL,pooled,infl_exp,real_macro,b,0.9,12,0.06803836404844787,0.12218199907621867,0.5780960998968002,-0.13293314028025183,0.2690098683771476,291,True
LEVEL,pooled,infl_exp,real_macro,b,0.9,13,-0.11005773124918505,0.11966965152613274,0.3585861959149999,-0.30689679159796324,0.08678132909959316,290,True
LEVEL,pooled,infl_exp,real_macro,b,0.9,14,-0.002525594950611776,0.24707931083534318,0.9918521354796688,-0.40893489552279616,0.4038837056215726,289,True
LEVEL,pooled,infl_exp,real_macro,b,0.9,15,0.2882719050794549,0.11879040709441786,0.015915961211725622,0.09287907312315977,0.48366473703574997,288,True
LEVEL,pooled,infl_exp,real_macro,b,0.9,16,-0.11051040966594883,0.2262347813442709,0.6256255771418505,-0.4826335103026461,0.26161269097074846,287,True
LEVEL,pooled,infl_exp,real_macro,b,0.9,17,0.13084264348520946,0.2412933613689682,0.588110579737111,-0.2660496171218501,0.527734904092269,286,True
LEVEL,pooled,infl_exp,real_macro,b,0.9,18,-0.2633230144319896,0.107429334352036,0.014907598222471707,-0.4400285446819184,-0.08661748418206078,285,True
LEVEL,pooled,infl_exp,real_macro,b,0.9,19,-0.03297206534170982,0.12750236736115209,0.7961519620818849,-0.24269479674059985,0.1767506660571802,284,True
LEVEL,pooled,infl_exp,real_macro,b,0.9,20,0.21816992094011312,0.1115495998663462,0.0515793253622384,0.034687157014968106,0.4016526848652581,283,True
LEVEL,pooled,infl_exp,real_macro,b,0.9,21,-0.2188842745135844,0.10038000183376405,0.03013419741327627,-0.3839946846032466,-0.05377386442392215,282,True
LEVEL,pooled,infl_exp,real_macro,b,0.9,22,0.062080797238877494,0.21227464312662828,0.7701783963457729,-0.28707991941778643,0.4112415138955414,281,True
LEVEL,pooled,infl_exp,real_macro,b,0.9,23,0.005031252438698175,0.1261538465293257,0.9682188759935849,-0.2024733595789426,0.21253586445633896,280,True
LEVEL,pooled,infl_exp,real_macro,b,0.9,24,-0.45168776777063613,0.11607440520448686,0.00012777000996155744,-0.6426131741674712,-0.26076236137380104,279,True
LEVEL,pooled,freight,physical_channel,b,0.9,0,0.021728322133128586,0.007135132712368538,0.0025503134858812673,0.009992073212409101,0.03346457105384807,303,True
LEVEL,pooled,freight,physical_channel,b,0.9,1,0.039299619467271896,0.007765658656042,7.66950862706127e-07,0.026526247661214118,0.05207299127332968,302,True
LEVEL,pooled,freight,physical_channel,b,0.9,2,0.0010284486154148453,0.007696711234454921,0.8938000704110542,-0.011631514774176474,0.013688412005006164,301,True
LEVEL,pooled,freight,physical_channel,b,0.9,3,-0.0003965949438224925,0.008195689975048348,0.9614404057531714,-0.013877305324650589,0.013084115437005604,300,True
LEVEL,pooled,freight,physical_channel,b,0.9,4,0.013110717401147554,0.008512595392199682,0.12468935538467342,-0.0008912560044824838,0.02711269080677759,299,True
LEVEL,pooled,freight,physical_channel,b,0.9,5,-0.006171239887070357,0.007835439834372305,0.4316180307169485,-0.019059391517397686,0.006716911743256972,298,True
LEVEL,pooled,freight,physical_channel,b,0.9,6,-0.00581865520583591,0.007227114086014923,0.42146458841429835,-0.017706200022609628,0.00606888961093781,297,True
LEVEL,pooled,freight,physical_channel,b,0.9,7,0.018880381563739945,0.007572447670916702,0.013259851851930647,0.0064248135473323805,0.03133594958014751,296,True
LEVEL,pooled,freight,physical_channel,b,0.9,8,0.0010086809554366027,0.014503773027022056,0.9446069904650763,-0.022847902712541557,0.024865264623414762,295,True
LEVEL,pooled,freight,physical_channel,b,0.9,9,-0.016563245567571272,0.01529197821404407,0.2797302462438531,-0.04171631139620456,0.008589820261062014,294,True
LEVEL,pooled,freight,physical_channel,b,0.9,10,0.0011191585275582838,0.007126887660070574,0.8753381970499282,-0.010603528488984491,0.012841845544101059,293,True
LEVEL,pooled,freight,physical_channel,b,0.9,11,0.01121796892493876,0.008468926538438117,0.18644821020943866,-0.002712175608196754,0.025148113458074273,292,False
LEVEL,pooled,freight,physical_channel,b,0.9,12,-0.007926480622188592,0.01592010275311145,0.6189767168655979,-0.03411271937708408,0.018259758132706895,291,True
LEVEL,pooled,freight,physical_channel,b,0.9,13,-0.01243727703985087,0.011101041329010361,0.2635819320115582,-0.03069686513281175,0.005822311053110013,290,False
LEVEL,pooled,freight,physical_channel,b,0.9,14,0.0071035917543369465,0.009501018852789195,0.45533454862516354,-0.008524193565407675,0.022731377074081568,289,True
LEVEL,pooled,freight,physical_channel,b,0.9,15,0.006883072640420096,0.009652738045150367,0.4764422805371492,-0.008994268543157949,0.02276041382399814,288,True
LEVEL,pooled,freight,physical_channel,b,0.9,16,-0.008818332836540321,0.00764334441861677,0.24967564222580096,-0.02139051562554141,0.003753849952460765,287,True
LEVEL,pooled,freight,physical_channel,b,0.9,17,-0.008299190471575457,0.013949407944853644,0.552398795822314,-0.031243924723493653,0.014645543780342739,286,True
LEVEL,pooled,freight,physical_channel,b,0.9,18,0.007151959662564877,0.006293551281238346,0.2568498513044112,-0.0032000109887851003,0.017503930313914853,285,True
LEVEL,pooled,freight,physical_channel,b,0.9,19,0.02282412593922345,0.011882730263899759,0.05586998092681071,0.0032787739665619056,0.042369477911884994,284,True
LEVEL,pooled,freight,physical_channel,b,0.9,20,-0.007628172032951852,0.007271814711767599,0.2951688763286967,-0.019589242836121862,0.004332898770218158,283,True
LEVEL,pooled,freight,physical_channel,b,0.9,21,-0.0008946846794124497,0.01324118320929217,0.9461824212506538,-0.02267449290634561,0.02088512354752071,282,True
LEVEL,pooled,freight,physical_channel,b,0.9,22,-0.00720851685849766,0.006881014762259752,0.2958249850728952,-0.018526778947307233,0.004109745230311915,281,False
LEVEL,pooled,freight,physical_channel,b,0.9,23,-0.003923082521964716,0.00859844148003109,0.6485995337616928,-0.018066260176523838,0.010220095132594406,280,True
LEVEL,pooled,freight,physical_channel,b,0.9,24,-0.0029718997278109782,0.007658041606455373,0.6982889537332058,-0.015568257239534377,0.00962445778391242,279,True
INNOVATION,pooled,oil,asset_price,a,0.1,0,-0.0529063001703447,0.04554075085543996,0.24630153686119724,-0.12781416938900847,0.022001569048319083,303,True
INNOVATION,pooled,oil,asset_price,a,0.1,1,-0.07225232992825362,0.046510458123031444,0.12141046356784291,-0.14875522566309646,0.00425056580658921,302,True
INNOVATION,pooled,oil,asset_price,a,0.1,2,-0.008030274869795129,0.04848015121812285,0.8685565181063417,-0.08777302743608033,0.07171247769649007,301,True
INNOVATION,pooled,oil,asset_price,a,0.1,3,0.03958691635767286,0.06533718237904379,0.5450706684825756,-0.06788318505328714,0.14705701776863286,300,True
INNOVATION,pooled,oil,asset_price,a,0.1,4,-0.01780172693735943,0.03532797617899314,0.6147217405897891,-0.0759110766882315,0.04030762281351264,299,True
INNOVATION,pooled,oil,asset_price,a,0.1,5,-0.01124992055620433,0.03371319353704162,0.7388560512434089,-0.06670318922172416,0.04420334810931551,298,True
INNOVATION,pooled,oil,asset_price,a,0.1,6,-0.03564920192338228,0.04411599495927548,0.4197239286767105,-0.10821355623871941,0.03691515239195485,297,True
INNOVATION,pooled,oil,asset_price,a,0.1,7,-0.014699772205443745,0.047824196930658626,0.7587878537168353,-0.09336357598287905,0.06396403157199156,296,True
INNOVATION,pooled,oil,asset_price,a,0.1,8,0.03437731131990668,0.04288677828166678,0.4234715366967381,-0.03616516148495655,0.1049197841247699,295,True
INNOVATION,pooled,oil,asset_price,a,0.1,9,0.027664634365699214,0.03547770623200536,0.4361818437913367,-0.030690999405933644,0.08602026813733207,294,True
INNOVATION,pooled,oil,asset_price,a,0.1,10,0.0589855826748768,0.03796648282552247,0.12140806811649353,-0.003463724303274615,0.12143488965302822,293,True
INNOVATION,pooled,oil,asset_price,a,0.1,11,-0.06568491070629179,0.03743041088389741,0.08038584925153389,-0.1272524578069543,-0.004117363605629275,292,True
INNOVATION,pooled,oil,asset_price,a,0.1,12,-0.011028205772363645,0.06881879822656611,0.8728010174183833,-0.12422505563777246,0.10216864409304517,291,True
INNOVATION,pooled,oil,asset_price,a,0.1,13,0.042359649177878766,0.044856544118640436,0.3458239062945239,-0.03142280010817568,0.11614209846393321,290,True
INNOVATION,pooled,oil,asset_price,a,0.1,14,0.04308396220139732,0.04318198466814721,0.31928739120782823,-0.02794408189896748,0.11411200630176212,289,True
INNOVATION,pooled,oil,asset_price,a,0.1,15,-0.06792413773730477,0.029335553421770886,0.021328701442064633,-0.11617682918173328,-0.019671446292876253,288,True
INNOVATION,pooled,oil,asset_price,a,0.1,16,0.004528344934118245,0.031939175256181306,0.8873581382951798,-0.04800692332785029,0.05706361319608678,287,True
INNOVATION,pooled,oil,asset_price,a,0.1,17,-0.07261831880493519,0.03875667719570933,0.06204414380451601,-0.13636737985888508,-0.008869257750985293,286,True
INNOVATION,pooled,oil,asset_price,a,0.1,18,-0.022431402508770015,0.07332157863282582,0.7598914563755692,-0.14303466705678114,0.0981718620392411,285,True
INNOVATION,pooled,oil,asset_price,a,0.1,19,0.04958868750359535,0.03822391882915546,0.19562819514854374,-0.013284064018839678,0.11246143902603038,284,True
INNOVATION,pooled,oil,asset_price,a,0.1,20,0.04559450992885192,0.041094026541416036,0.26819822007964117,-0.021999148673836316,0.11318816853154015,283,True
INNOVATION,pooled,oil,asset_price,a,0.1,21,-0.018817404711393593,0.034781286119846065,0.588942542000159,-0.07602752933565929,0.0383927199128721,282,True
INNOVATION,pooled,oil,asset_price,a,0.1,22,-0.04653542229583857,0.03657457101911016,0.20435798853846457,-0.10669523809081612,0.013624393499138979,281,True
INNOVATION,pooled,oil,asset_price,a,0.1,23,-0.00782851222734568,0.0435118763205072,0.8573549648567913,-0.07939917980859583,0.06374215535390447,280,True
INNOVATION,pooled,oil,asset_price,a,0.1,24,0.07430829046495457,0.07355314894761814,0.3132891197639506,-0.04667587335523697,0.19529245428514613,279,True
INNOVATION,pooled,dxy,asset_price,a,0.1,0,-0.009306912904725441,0.0061916843997238315,0.13389719475496778,-0.019491327446550036,0.0008775016370991522,303,True
INNOVATION,pooled,dxy,asset_price,a,0.1,1,-0.00224093140714976,0.0045090431229931425,0.6195780735787701,-0.009657647342085624,0.005175784527786104,302,True
INNOVATION,pooled,dxy,asset_price,a,0.1,2,0.005014169002897639,0.00431361048703405,0.2460360457263932,-0.0020810888519562244,0.012109426857751503,301,True
INNOVATION,pooled,dxy,asset_price,a,0.1,3,-0.004288629496501328,0.005102762634474338,0.40135680692322034,-0.012681927123288892,0.0041046681302862355,300,True
INNOVATION,pooled,dxy,asset_price,a,0.1,4,0.00866033633714669,0.005462548513001168,0.1139838890284301,-0.0003247563968616519,0.01764542907115503,299,True
INNOVATION,pooled,dxy,asset_price,a,0.1,5,0.0012256083031733922,0.007498653475345225,0.8702852786084515,-0.011108579063000463,0.013559795669347247,298,True
INNOVATION,pooled,dxy,asset_price,a,0.1,6,-0.003232911600476604,0.011999332354216241,0.7877995313097069,-0.022970056944305334,0.016504233743352126,297,False
INNOVATION,pooled,dxy,asset_price,a,0.1,7,-0.017268842439588428,0.005417903546533307,0.0015972143738464284,-0.026180500738576983,-0.008357184140599872,296,True
INNOVATION,pooled,dxy,asset_price,a,0.1,8,-0.00829914543441592,0.01250820663272438,0.50755688113252,-0.02887331448091108,0.012275023612079237,295,True
INNOVATION,pooled,dxy,asset_price,a,0.1,9,0.0048539286946180996,0.006533406923725225,0.458140928199975,-0.005892569380221197,0.015600426769457396,294,True
INNOVATION,pooled,dxy,asset_price,a,0.1,10,-0.004152462623686681,0.005654970146875725,0.463380645283483,-0.013454060780077517,0.005149135532704154,293,True
INNOVATION,pooled,dxy,asset_price,a,0.1,11,0.0030268795129448217,0.004925947551239261,0.5394029993530782,-0.0050755831828838,0.011129342208773443,292,True
INNOVATION,pooled,dxy,asset_price,a,0.1,12,0.00837315021003851,0.004354214299210035,0.05550525445783565,0.001211105027458922,0.0155351953926181,291,True
INNOVATION,pooled,dxy,asset_price,a,0.1,13,0.0005196774176992047,0.005208649142536347,0.9205977567850449,-0.008047788015919382,0.009087142851317792,290,True
INNOVATION,pooled,dxy,asset_price,a,0.1,14,-0.007038451398419729,0.005680563450999317,0.21638675686832823,-0.016382146793923927,0.002305243997084469,289,True
INNOVATION,pooled,dxy,asset_price,a,0.1,15,0.0015567495923901192,0.011018644885636962,0.8877500245293233,-0.016567308411840127,0.019680807596620366,288,True
INNOVATION,pooled,dxy,asset_price,a,0.1,16,0.006991864923174128,0.010786281446389887,0.5173885966776727,-0.010749989235239649,0.024733719081587904,287,True
INNOVATION,pooled,dxy,asset_price,a,0.1,17,-0.0003801344789173683,0.005437992094290345,0.9443218615130008,-0.009324835498544274,0.008564566540709537,286,True
INNOVATION,pooled,dxy,asset_price,a,0.1,18,-0.007653007200506809,0.004943668992357474,0.12277916529081812,-0.01578461907303353,0.00047860467201991247,285,True
INNOVATION,pooled,dxy,asset_price,a,0.1,19,-0.009318008163126036,0.005663760000401655,0.10109257021196039,-0.01863406434196937,-1.9519842827022543e-06,284,True
INNOVATION,pooled,dxy,asset_price,a,0.1,20,-0.003961360605273551,0.005393019290188682,0.46326264317254945,-0.012832087944959658,0.004909366734412557,283,True
INNOVATION,pooled,dxy,asset_price,a,0.1,21,-0.007885640354947605,0.005576432576706196,0.15849279756059764,-0.017058055704193137,0.0012867749942979245,282,True
INNOVATION,pooled,dxy,asset_price,a,0.1,22,0.010500336840058438,0.005188695927842644,0.04399754516156285,0.0019656915239981317,0.019034982156118745,281,True
INNOVATION,pooled,dxy,asset_price,a,0.1,23,-0.01051745928354955,0.011144007654778396,0.3461399798349455,-0.02884772069328676,0.007812802126187663,280,True
INNOVATION,pooled,dxy,asset_price,a,0.1,24,0.002252079311589463,0.011081954789589473,0.8391187208741511,-0.01597611421777902,0.020480272840957946,279,True
INNOVATION,pooled,vix,asset_price,a,0.1,0,-1.3467292337892047,0.5314484756360092,0.01180272933532242,-2.2208841864769253,-0.4725742811014839,303,True
INNOVATION,pooled,vix,asset_price,a,0.1,1,-0.6305418011654638,0.9765090846027065,0.518981228744558,-2.2367563107252875,0.9756727083943599,302,True
INNOVATION,pooled,vix,asset_price,a,0.1,2,-0.6947487916183093,0.7481204398944324,0.3538461968871481,-1.9252974105751974,0.5357998273385789,301,True
INNOVATION,pooled,vix,asset_price,a,0.1,3,0.3292817377754318,0.8333845670607333,0.6930534337333774,-1.0415138899997978,1.7000773655506614,300,True
INNOVATION,pooled,vix,asset_price,a,0.1,4,-0.9210297529438378,0.8290132421575105,0.26750680212526234,-2.284635191097418,0.44257568520974244,299,True
INNOVATION,pooled,vix,asset_price,a,0.1,5,0.5485113451523311,0.6951119966420616,0.4307131030694965,-0.5948461436618435,1.6918688339665058,298,True
INNOVATION,pooled,vix,asset_price,a,0.1,6,0.8408952766567381,0.9725610949278491,0.38797995037981275,-0.7588253677672296,2.440615921080706,297,False
INNOVATION,pooled,vix,asset_price,a,0.1,7,-0.5058420829863621,1.0832064721062409,0.6408706069374105,-2.2875581773676212,1.275874011394897,296,True
INNOVATION,pooled,vix,asset_price,a,0.1,8,0.15400529915799588,0.9500252217087128,0.8713384607491161,-1.408647132464957,1.7166577307809487,295,True
INNOVATION,pooled,vix,asset_price,a,0.1,9,-3.1563243970385884,0.9086227862175166,0.0005944990352324017,-4.650875882479223,-1.661772911597954,294,True
INNOVATION,pooled,vix,asset_price,a,0.1,10,-0.24549914559565877,0.9051972711018619,0.7864295703425745,-1.7344161600741312,1.2434178688828137,293,False
INNOVATION,pooled,vix,asset_price,a,0.1,11,1.5294697102327746,0.946588331263602,0.10727814596281704,-0.027529539676102832,3.086468960141652,292,True
INNOVATION,pooled,vix,asset_price,a,0.1,12,1.5188324276676894,1.0449151146185316,0.14720414788150865,-0.19989998846901558,3.2375648438043942,291,True
INNOVATION,pooled,vix,asset_price,a,0.1,13,0.9234362706206412,1.2040491141492051,0.44377131550692966,-1.0570482818153861,2.9039208230566684,290,True
INNOVATION,pooled,vix,asset_price,a,0.1,14,0.3666962042821069,1.2093443669384194,0.7619522196201467,-1.6224982639098844,2.3558906724740982,289,False
INNOVATION,pooled,vix,asset_price,a,0.1,15,-0.718161841592103,1.3129287592559873,0.5848292682623109,-2.8777374731832097,1.4414137899990038,288,True
INNOVATION,pooled,vix,asset_price,a,0.1,16,-0.04282683620112948,1.5145566104469745,0.9774620321969653,-2.5340507701181636,2.4483970977159046,287,False
INNOVATION,pooled,vix,asset_price,a,0.1,17,-1.1717948674331637,1.2426049447583194,0.3465101584419783,-3.215698117686719,0.8721083828203917,286,False
INNOVATION,pooled,vix,asset_price,a,0.1,18,-0.5640198708922526,1.0540025587911797,0.5930043745036936,-2.297699802536057,1.1696600607515515,285,True
INNOVATION,pooled,vix,asset_price,a,0.1,19,-1.4039003699619848,1.0931844374295132,0.20016229743158034,-3.2020287567948245,0.39422801687085474,284,True
INNOVATION,pooled,vix,asset_price,a,0.1,20,-0.1146960679249105,1.1516423812521621,0.9207412534817085,-2.0089792156785595,1.7795870798287385,283,True
INNOVATION,pooled,vix,asset_price,a,0.1,21,-1.392030778919434,1.047398915748046,0.18496647066597047,-3.114848684352647,0.3307871265137792,282,False
INNOVATION,pooled,vix,asset_price,a,0.1,22,-1.3572631034580809,1.1647522321823573,0.24494543418687342,-3.273110037063055,0.5585838301468928,281,False
INNOVATION,pooled,vix,asset_price,a,0.1,23,-1.5202084895572625,1.1641940854098711,0.19274761868731918,-3.435137353419141,0.39472037430461593,280,False
INNOVATION,pooled,vix,asset_price,a,0.1,24,-1.6452822287426443,1.1030370844972543,0.1369953458186749,-3.4596167778399307,0.16905232035464213,279,True
INNOVATION,pooled,us10y,asset_price,a,0.1,0,-0.01900802250088418,0.08723690136972857,0.8276688158232054,-0.1624999561228901,0.12448391112112173,303,False
INNOVATION,pooled,us10y,asset_price,a,0.1,1,-0.05155419618712953,0.09084814879922913,0.5708325167544541,-0.2009861032413686,0.09787771086710953,302,True
INNOVATION,pooled,us10y,asset_price,a,0.1,2,0.0007106788644364315,0.09872489186842648,0.9942614162252686,-0.16167731759573675,0.16309867532460962,301,True
INNOVATION,pooled,us10y,asset_price,a,0.1,3,0.017321557544045352,0.1447621902167101,0.9048402503133807,-0.22079105607934918,0.2554341711674399,300,True
INNOVATION,pooled,us10y,asset_price,a,0.1,4,-0.10711643714841279,0.07157475798087215,0.13561248458144537,-0.22484643741142418,0.010613563114598601,299,True
INNOVATION,pooled,us10y,asset_price,a,0.1,5,-0.08257710098812865,0.08662443205361837,0.3412602500351676,-0.2250616122341342,0.05990741025787691,298,True
INNOVATION,pooled,us10y,asset_price,a,0.1,6,-0.07159610173362552,0.16755312614591425,0.6694829348615763,-0.34719646898179013,0.2040042655145391,297,True
INNOVATION,pooled,us10y,asset_price,a,0.1,7,-0.07902556330817934,0.07865519374795298,0.3158984177954145,-0.20840184402307055,0.050350717406711876,296,False
INNOVATION,pooled,us10y,asset_price,a,0.1,8,-0.12530146522215801,0.08936183618359403,0.16196493336903464,-0.27228860557978596,0.02168567513546993,295,True
INNOVATION,pooled,us10y,asset_price,a,0.1,9,-0.08000511139251332,0.11059891188556355,0.4700499257834683,-0.26192413274436877,0.10191390995934216,294,True
INNOVATION,pooled,us10y,asset_price,a,0.1,10,-0.003551053893903783,0.19095164271662407,0.9851761963849325,-0.3176385559886845,0.310536448200877,293,True
INNOVATION,pooled,us10y,asset_price,a,0.1,11,-0.06186848852289906,0.08642177336216411,0.47466011574955963,-0.20401965588523283,0.08028267883943471,292,True
INNOVATION,pooled,us10y,asset_price,a,0.1,12,0.027310469271593085,0.09019937414067491,0.7622855962139551,-0.12105429843244889,0.17567523697563506,291,True
INNOVATION,pooled,us10y,asset_price,a,0.1,13,-0.2100338775160253,0.09556832458565423,0.02879864522113202,-0.36722978283241425,-0.0528379721996364,290,False
INNOVATION,pooled,us10y,asset_price,a,0.1,14,0.022617355520303417,0.19752249895792326,0.9089208723460813,-0.30227824329515507,0.3475129543357619,289,True
INNOVATION,pooled,us10y,asset_price,a,0.1,15,0.0043488279857264445,0.10392738109619863,0.9666528390150656,-0.16659650174992374,0.17529415772137663,288,True
INNOVATION,pooled,us10y,asset_price,a,0.1,16,-0.04434142629883375,0.10491527743894555,0.6728903989994383,-0.2169117009169033,0.12822884831923578,287,True
INNOVATION,pooled,us10y,asset_price,a,0.1,17,0.1881077120477722,0.19785147391834076,0.3425742436827132,-0.1373290024245052,0.5135444265200496,286,True
INNOVATION,pooled,us10y,asset_price,a,0.1,18,0.00909138121466846,0.108845093167892,0.9334950714775793,-0.1699428650584096,0.18812562748774653,285,True
INNOVATION,pooled,us10y,asset_price,a,0.1,19,-0.08614579678735423,0.16760491641316794,0.6076854392438006,-0.36183135144445183,0.18953975786974336,284,True
INNOVATION,pooled,us10y,asset_price,a,0.1,20,-0.2555184913978788,0.07833248573631718,0.0012492144905815528,-0.3843639646693846,-0.12667301812637302,283,True
INNOVATION,pooled,us10y,asset_price,a,0.1,21,0.1695749726268474,0.09186847438228915,0.06601752374866013,0.018464779336640674,0.3206851659170541,282,True
INNOVATION,pooled,us10y,asset_price,a,0.1,22,-0.24200824059884296,0.08766392924633915,0.0061687076724141685,-0.3862025725725011,-0.09781390862518477,281,True
INNOVATION,pooled,us10y,asset_price,a,0.1,23,-0.14031825393075048,0.15927107112254923,0.37911164960983385,-0.4022958529351215,0.12165934507362053,280,True
INNOVATION,pooled,us10y,asset_price,a,0.1,24,0.2824572282275319,0.17205006340296417,0.10183519120404323,-0.0005399425780644451,0.5654543990331282,279,True
INNOVATION,pooled,ip,real_macro,a,0.1,0,-0.029380449317404356,0.19384240772083852,0.8796328399817256,-0.34822283671403165,0.28946193807922294,303,True
INNOVATION,pooled,ip,real_macro,a,0.1,1,-0.2194609220798336,0.23690198430816142,0.35502490672984865,-0.6091300102011137,0.1702081660414465,302,True
INNOVATION,pooled,ip,real_macro,a,0.1,2,-0.33170909813978183,0.25332248583500566,0.19143464840711025,-0.7483875077538538,0.08496931147429015,301,True
INNOVATION,pooled,ip,real_macro,a,0.1,3,0.29580792055863014,0.21848686020111516,0.176839262468454,-0.0635709838844134,0.6551868250016737,300,True
INNOVATION,pooled,ip,real_macro,a,0.1,4,0.33699670239925894,0.20317625421854418,0.09828800910537575,0.0028015037374721774,0.6711919010610456,299,True
INNOVATION,pooled,ip,real_macro,a,0.1,5,0.05903524974598362,0.18835773311361576,0.7541909721799182,-0.2507856507303047,0.3688561502222719,298,True
INNOVATION,pooled,ip,real_macro,a,0.1,6,0.456714936806776,0.18595085589128107,0.01464615116979125,0.1508529970592718,0.7625768765542802,297,True
INNOVATION,pooled,ip,real_macro,a,0.1,7,0.39437616567149547,0.14901505356572603,0.008588590328195114,0.1492682143435431,0.6394841169994478,296,True
INNOVATION,pooled,ip,real_macro,a,0.1,8,-0.5338393017398828,0.20358964899532397,0.009214541347356248,-0.8687144742996187,-0.198964129180147,295,True
INNOVATION,pooled,ip,real_macro,a,0.1,9,-0.2019421420765326,0.22376984183577608,0.36759105179803125,-0.5700107780224661,0.16612649386940098,294,True
INNOVATION,pooled,ip,real_macro,a,0.1,10,0.0711170815412498,0.2284345763624322,0.7557870964276556,-0.30462435990961984,0.4468585229921194,293,True
INNOVATION,pooled,ip,real_macro,a,0.1,11,0.3763161360967475,0.2430761636224414,0.12272600524007485,-0.023508573263074706,0.7761408454565697,292,True
INNOVATION,pooled,ip,real_macro,a,0.1,12,0.18201679580344132,0.4122815349939233,0.6592051478176297,-0.4961259823564337,0.8601595739633163,291,True
INNOVATION,pooled,ip,real_macro,a,0.1,13,0.45728875022972026,0.21047829529693488,0.030660054342780556,0.11108276281599394,0.8034947376434466,290,True
INNOVATION,pooled,ip,real_macro,a,0.1,14,-0.30711062705023817,0.253898733585324,0.22747920149020484,-0.724736879866444,0.11051562576596757,289,True
INNOVATION,pooled,ip,real_macro,a,0.1,15,0.13325931427043258,0.21609951649923118,0.5379729028406884,-0.22219275922578735,0.4887113877666525,288,True
INNOVATION,pooled,ip,real_macro,a,0.1,16,-0.11299770528391528,0.23634281080372807,0.6329550081773158,-0.501747034838333,0.2757516242705024,287,True
INNOVATION,pooled,ip,real_macro,a,0.1,17,0.19520159639319168,0.20186907781511898,0.33441738109106994,-0.13684348842035576,0.5272466812067391,286,True
INNOVATION,pooled,ip,real_macro,a,0.1,18,-0.06229603907884873,0.397913042791041,0.8757106253498227,-0.7168047507249888,0.5922126725672914,285,True
INNOVATION,pooled,ip,real_macro,a,0.1,19,0.21520548553948382,0.25685680112692216,0.4028603456708646,-0.2072863554012871,0.6376973264802548,284,True
INNOVATION,pooled,ip,real_macro,a,0.1,20,0.09957310507769825,0.18953785094205844,0.599774870269937,-0.21218891648893412,0.4113351266443306,283,True
INNOVATION,pooled,ip,real_macro,a,0.1,21,0.09162701708951418,0.2153158465076829,0.6707794717989718,-0.26253603397877456,0.44579006815780287,282,True
INNOVATION,pooled,ip,real_macro,a,0.1,22,0.16462685904174046,0.17406009239926984,0.34510332896142804,-0.12167651524870693,0.45093023333218785,281,True
INNOVATION,pooled,ip,real_macro,a,0.1,23,0.1276137392858463,0.24474029608567374,0.602504504139251,-0.27494822439185135,0.5301757029635439,280,True
INNOVATION,pooled,ip,real_macro,a,0.1,24,0.19402800796914477,0.2609608637735406,0.457829339539161,-0.23521441530115256,0.6232704312394421,279,True
INNOVATION,pooled,cpi,real_macro,a,0.1,0,-0.14228911385732612,0.19385226508050987,0.46353893122600065,-0.461147715167761,0.17656948745310874,303,True
INNOVATION,pooled,cpi,real_macro,a,0.1,1,0.04368248448101997,0.11184839289051073,0.6964179878064585,-0.14029175023362986,0.2276567191956698,302,True
INNOVATION,pooled,cpi,real_macro,a,0.1,2,-0.16155200557164195,0.12250059789932422,0.18829218394682815,-0.3630475583300693,0.03994354718678539,301,True
INNOVATION,pooled,cpi,real_macro,a,0.1,3,-0.06327565089752829,0.08223794351158215,0.44227804485715566,-0.19854503055558448,0.0719937287605279,300,True
INNOVATION,pooled,cpi,real_macro,a,0.1,4,-0.022935379666193967,0.09050337021665095,0.8001262511282479,-0.17180017641838413,0.1259294170859962,299,True
INNOVATION,pooled,cpi,real_macro,a,0.1,5,0.034692693945252984,0.08000572079214381,0.6648880355269412,-0.09690500607657157,0.16629039396707754,298,True
INNOVATION,pooled,cpi,real_macro,a,0.1,6,0.1881459820435094,0.09357944081048246,0.045321655188530714,0.03422149941829672,0.3420704646687221,297,True
INNOVATION,pooled,cpi,real_macro,a,0.1,7,0.0007159166712786824,0.10716371715568654,0.9946744248935571,-0.17555271216985402,0.17698454551241138,296,True
INNOVATION,pooled,cpi,real_macro,a,0.1,8,0.1810051281472874,0.1877891770535946,0.3359377824307134,-0.12788058083154988,0.4898908371261247,295,True
INNOVATION,pooled,cpi,real_macro,a,0.1,9,-0.09031075198817362,0.09316509682216301,0.3332009349235236,-0.24355369940139351,0.06293219542504627,294,True
INNOVATION,pooled,cpi,real_macro,a,0.1,10,0.20016377507822264,0.19169833695057742,0.2973151239375274,-0.11515192973550004,0.5154794798919453,293,True
INNOVATION,pooled,cpi,real_macro,a,0.1,11,0.10204647447087911,0.1869654405299143,0.5856384088119129,-0.2054843084993302,0.4095772574410884,292,True
INNOVATION,pooled,cpi,real_macro,a,0.1,12,0.17729045225175533,0.11389358784996093,0.1206995437750464,-0.010047828809769038,0.3646287333132797,291,True
INNOVATION,pooled,cpi,real_macro,a,0.1,13,-0.06562334957526872,0.10397402472967006,0.5284638729008782,-0.23664540126060857,0.10539870211007113,290,True
INNOVATION,pooled,cpi,real_macro,a,0.1,14,-0.019937459452593842,0.10337952890419858,0.8472133615230193,-0.18998165252319943,0.15010673361801175,289,True
INNOVATION,pooled,cpi,real_macro,a,0.1,15,0.19661445491581198,0.09450004967728429,0.03840183512292285,0.04117570545703661,0.3520532043745873,288,True
INNOVATION,pooled,cpi,real_macro,a,0.1,16,0.010131975139668903,0.08737182846174048,0.907766433061713,-0.13358189379900678,0.1538458440783446,287,True
INNOVATION,pooled,cpi,real_macro,a,0.1,17,-0.12457074832278181,0.10628070342597279,0.24218575717820107,-0.2993869488279469,0.0502454521823833,286,True
INNOVATION,pooled,cpi,real_macro,a,0.1,18,-0.09657684280657308,0.2060272161910016,0.6396196919550238,-0.4354614566090571,0.24230777099591094,285,True
INNOVATION,pooled,cpi,real_macro,a,0.1,19,-0.03741032964498739,0.10161274630563692,0.7130381447335457,-0.20454842395031408,0.1297277646603393,284,True
INNOVATION,pooled,cpi,real_macro,a,0.1,20,0.09911528871808471,0.21781986253021132,0.6494523142419467,-0.2591665021868044,0.4573970796229739,283,True
INNOVATION,pooled,cpi,real_macro,a,0.1,21,0.16888944838461162,0.08239873776665946,0.04137080697297598,0.03335558571289857,0.3044233110563247,282,True
INNOVATION,pooled,cpi,real_macro,a,0.1,22,0.14415694826956899,0.09654359241864782,0.13657083638650716,-0.014643129879168548,0.3029570264183065,281,True
INNOVATION,pooled,cpi,real_macro,a,0.1,23,0.06695452749048902,0.09753521291552722,0.49301776572875106,-0.0934766212291,0.22738567621007805,280,True
INNOVATION,pooled,cpi,real_macro,a,0.1,24,-0.04266542317401889,0.18436093005368379,0.8171645197916603,-0.3459121676409673,0.26058132129292955,279,True
INNOVATION,pooled,infl_exp,real_macro,a,0.1,0,-0.4612349799340567,0.2359879232544543,0.05160789360295679,-0.8494005714158915,-0.07306938845222188,303,True
INNOVATION,pooled,infl_exp,real_macro,a,0.1,1,-0.1426080201557447,0.12008081141228154,0.23596941465101556,-0.34012337833451173,0.054907338023022334,302,True
INNOVATION,pooled,infl_exp,real_macro,a,0.1,2,-0.12461627925645224,0.1067776792632022,0.2441536728978035,-0.3002499322699914,0.0510173737570869,301,True
INNOVATION,pooled,infl_exp,real_macro,a,0.1,3,-0.14919257006286557,0.13722882014300258,0.2778721994603651,-0.37491389259735464,0.07652875247162347,300,True
INNOVATION,pooled,infl_exp,real_macro,a,0.1,4,-0.06572510023953271,0.11721093731227876,0.5754139656946434,-0.25851993559601605,0.12706973511695066,299,True
INNOVATION,pooled,infl_exp,real_macro,a,0.1,5,-0.04448190073286096,0.13969137970964784,0.7503929642752729,-0.2742537733021305,0.18528997183640858,298,True
INNOVATION,pooled,infl_exp,real_macro,a,0.1,6,0.21938482273067472,0.13282347259232768,0.09970438360294961,0.0009096520928950635,0.4378599933684544,297,True
INNOVATION,pooled,infl_exp,real_macro,a,0.1,7,0.13063016574006525,0.13378489987742387,0.32969355034941483,-0.08942641205465496,0.35068674353478546,296,True
INNOVATION,pooled,infl_exp,real_macro,a,0.1,8,0.09673566457799332,0.10508732889681244,0.3580873024952946,-0.07611760950457086,0.2695889386605575,295,True
INNOVATION,pooled,infl_exp,real_macro,a,0.1,9,-0.13565611259480015,0.1292779730038678,0.2949280755772143,-0.3482994553751466,0.07698723018554632,294,True
INNOVATION,pooled,infl_exp,real_macro,a,0.1,10,0.08112929644330338,0.12397099389183573,0.5133793143278127,-0.12278484249646143,0.2850434353830682,293,True
INNOVATION,pooled,infl_exp,real_macro,a,0.1,11,0.002517046019431035,0.11755172753977942,0.9829321685589999,-0.19083833937878641,0.19587243141764848,292,True
INNOVATION,pooled,infl_exp,real_macro,a,0.1,12,-0.04798955382847403,0.11709464508096655,0.682243318940755,-0.24059310548649723,0.14461399782954917,291,True
INNOVATION,pooled,infl_exp,real_macro,a,0.1,13,-0.14899303218770743,0.1254404411761507,0.2359494545963275,-0.3553241968226917,0.05733813244727684,290,True
INNOVATION,pooled,infl_exp,real_macro,a,0.1,14,-0.20882558567110987,0.09383981941912438,0.02686946357735533,-0.3631783529951278,-0.054472818347091945,289,True
INNOVATION,pooled,infl_exp,real_macro,a,0.1,15,-0.4198902935868853,0.1313271524939362,0.001549921199786854,-0.6359042366837453,-0.20387635049002525,288,True
INNOVATION,pooled,infl_exp,real_macro,a,0.1,16,-0.07504652816240975,0.12462576183309484,0.5475574055516104,-0.28003766452516615,0.12994460820034665,287,True
INNOVATION,pooled,infl_exp,real_macro,a,0.1,17,0.4118932795028343,0.10905322808200354,0.00019499201419920594,0.2325166817613846,0.5912698772442839,286,True
INNOVATION,pooled,infl_exp,real_macro,a,0.1,18,-0.1397373479406001,0.2594828124477155,0.5906583890565354,-0.5665485931267935,0.28707389724559335,285,True
INNOVATION,pooled,infl_exp,real_macro,a,0.1,19,0.014141801490616501,0.2522048924584827,0.9553253876500843,-0.4006983306046248,0.4289819335858578,284,True
INNOVATION,pooled,infl_exp,real_macro,a,0.1,20,-0.10848817137921785,0.13419238665187505,0.41954453672455416,-0.3292150052728289,0.11223866251439316,283,True
INNOVATION,pooled,infl_exp,real_macro,a,0.1,21,-0.14437746740677182,0.11549834114079287,0.21237562477937805,-0.3343553327390834,0.04560039792553977,282,True
INNOVATION,pooled,infl_exp,real_macro,a,0.1,22,0.24744332112333295,0.13070792291295982,0.05942572121291438,0.03244792004865754,0.46243872219800836,281,True
INNOVATION,pooled,infl_exp,real_macro,a,0.1,23,-0.08276537418625551,0.13845555367825205,0.5504981353181122,-0.3105044938255026,0.1449737454529916,280,True
INNOVATION,pooled,infl_exp,real_macro,a,0.1,24,0.06098987063130772,0.23891889955640122,0.7987092092704875,-0.3319967478512933,0.45397648911390875,279,True
INNOVATION,pooled,freight,physical_channel,a,0.1,0,-0.026705410346778452,0.009085615926853141,0.003554933658691153,-0.041649918657150904,-0.011760902036406002,303,True
INNOVATION,pooled,freight,physical_channel,a,0.1,1,-0.008945294189481586,0.015184500276225022,0.5562513465031867,-0.03392157454227594,0.016030986163312774,302,True
INNOVATION,pooled,freight,physical_channel,a,0.1,2,-0.0017927860252239525,0.015307060026397317,0.9068456807550516,-0.02697065922760748,0.023385087177159574,301,True
INNOVATION,pooled,freight,physical_channel,a,0.1,3,0.009814057945646382,0.009811162943570834,0.31801329197549894,-0.006323869006697989,0.025951984897990752,300,True
INNOVATION,pooled,freight,physical_channel,a,0.1,4,-0.017217991965738137,0.010553512728754667,0.10389060371272153,-0.03457697565470878,0.00014099172323250517,299,True
INNOVATION,pooled,freight,physical_channel,a,0.1,5,0.013418413146879655,0.01766189334548805,0.4480413365509117,-0.015632816181276436,0.04246964247503575,298,True
INNOVATION,pooled,freight,physical_channel,a,0.1,6,0.020240130030102832,0.00942773542324686,0.032653307492561345,0.00473288522523636,0.0357473748349693,297,True
INNOVATION,pooled,freight,physical_channel,a,0.1,7,0.0031790627518672454,0.007938710323542889,0.6891277293258091,-0.00987895371712937,0.016237079220863863,296,True
INNOVATION,pooled,freight,physical_channel,a,0.1,8,0.012362222958798588,0.008101045822596171,0.1281337634806042,-0.0009628116445987971,0.025687257562195975,295,True
INNOVATION,pooled,freight,physical_channel,a,0.1,9,0.0036133691419540925,0.00908690778551189,0.6911944036534645,-0.01133326408681871,0.018560002370726893,294,True
INNOVATION,pooled,freight,physical_channel,a,0.1,10,-0.01631828455837825,0.009534379793932233,0.088096435298742,-0.03200094374316051,-0.0006356253735959848,293,True
INNOVATION,pooled,freight,physical_channel,a,0.1,11,0.007790196065974975,0.007186588867820809,0.27930809558117914,-0.004030690698669157,0.019611082830619107,292,True
INNOVATION,pooled,freight,physical_channel,a,0.1,12,-0.0013320512283259145,0.007352279184236983,0.8563624925152056,-0.013425474310877927,0.010761371854226098,291,True
INNOVATION,pooled,freight,physical_channel,a,0.1,13,-0.004579891158550814,0.00795466183825681,0.5652537668783431,-0.01766414553437999,0.008504363217278365,290,True
INNOVATION,pooled,freight,physical_channel,a,0.1,14,0.004096278675541076,0.007503595080830931,0.5855711871181333,-0.008246036908338906,0.01643859425942106,289,True
INNOVATION,pooled,freight,physical_channel,a,0.1,15,-0.00835747097719211,0.007844494451660768,0.2876359491879434,-0.021260516127607026,0.004545574173222804,288,True
INNOVATION,pooled,freight,physical_channel,a,0.1,16,-0.02108013739229358,0.009526366136346838,0.027737453556598984,-0.03674961528333136,-0.005410659501255799,287,True
INNOVATION,pooled,freight,physical_channel,a,0.1,17,-0.011469471997990921,0.010197045948738307,0.2616722469647516,-0.02824212001096394,0.005303176014982099,286,True
INNOVATION,pooled,freight,physical_channel,a,0.1,18,-0.0215914107449607,0.010446161186676014,0.0396910461248401,-0.03877381686058444,-0.004409004629336962,285,True
INNOVATION,pooled,freight,physical_channel,a,0.1,19,-1.7003541193418015e-05,0.008964696712501751,0.9984880359919419,-0.014762617443271862,0.014728610360885026,284,True
INNOVATION,pooled,freight,physical_channel,a,0.1,20,-0.01543987528275681,0.011486290159348654,0.18001612386838145,-0.03433314131157844,0.003453390746064825,283,True
INNOVATION,pooled,freight,physical_channel,a,0.1,21,0.02217285994965492,0.008651117093970068,0.010923565602996677,0.007943038620456375,0.03640268127885347,282,True
INNOVATION,pooled,freight,physical_channel,a,0.1,22,-2.2112640741783762e-05,0.009266177595541318,0.9980977263315128,-0.015263618466744393,0.015219393185260825,281,True
INNOVATION,pooled,freight,physical_channel,a,0.1,23,0.010662832218465201,0.009926441532159368,0.28371332537526306,-0.005664711138428865,0.026990375575359268,280,True
INNOVATION,pooled,freight,physical_channel,a,0.1,24,-0.010342078001253002,0.01024195282892322,0.3135237318864297,-0.02718859125897325,0.006504435256467246,279,True
INNOVATION,pooled,oil,asset_price,a,0.25,0,-0.006214451785629432,0.0274624309069663,0.8211364529776316,-0.051386130867857156,0.03895722729659829,303,True
INNOVATION,pooled,oil,asset_price,a,0.25,1,-0.027169542093295806,0.030030664160589218,0.36636641450637225,-0.07656558895760257,0.022226504771010958,302,True
INNOVATION,pooled,oil,asset_price,a,0.25,2,0.007814343813248859,0.029608419120304135,0.7920286319998956,-0.04088717176508271,0.05651585939158043,301,True
INNOVATION,pooled,oil,asset_price,a,0.25,3,-0.005157898763214526,0.031521896070026485,0.8701387219636777,-0.05700680384238495,0.046691006315955894,300,True
INNOVATION,pooled,oil,asset_price,a,0.25,4,-0.010599300288600913,0.029811957151980772,0.7224491640996161,-0.05963560613655837,0.038437005559356544,299,True
INNOVATION,pooled,oil,asset_price,a,0.25,5,-0.03888565750118744,0.02872164090330964,0.17685103189097762,-0.08612855271299405,0.008357237710619171,298,True
INNOVATION,pooled,oil,asset_price,a,0.25,6,-0.04731026733218102,0.03229168128861318,0.1440060222637413,-0.1004253564201174,0.005804821755755356,297,True
INNOVATION,pooled,oil,asset_price,a,0.25,7,-0.038599727277999575,0.03411960764235092,0.2588873404475802,-0.09472148765868166,0.0175220331026825,296,True
INNOVATION,pooled,oil,asset_price,a,0.25,8,-0.00336618371506639,0.03342480771818069,0.91985317083726,-0.05834509992047146,0.05161273249033868,295,True
INNOVATION,pooled,oil,asset_price,a,0.25,9,-0.00799539209966586,0.03597833080338868,0.8242984123870117,-0.0671744800132796,0.05118369581394788,294,True
INNOVATION,pooled,oil,asset_price,a,0.25,10,0.06506856143443979,0.04110650448833461,0.11457116619386362,-0.002545621564494366,0.13268274443337394,293,True
INNOVATION,pooled,oil,asset_price,a,0.25,11,-0.02410891969818163,0.03181360657602898,0.44920191542062415,-0.0764376458611701,0.028219806464806846,292,True
INNOVATION,pooled,oil,asset_price,a,0.25,12,0.002891690914561665,0.04642051115868935,0.9503741184319897,-0.07346325522974981,0.07924663705887314,291,True
INNOVATION,pooled,oil,asset_price,a,0.25,13,0.027084675511212297,0.03431731120031333,0.43064783202061974,-0.029362278283845467,0.08353162930627006,290,True
INNOVATION,pooled,oil,asset_price,a,0.25,14,0.00026327182228338963,0.03304743043102379,0.9936495087606014,-0.05409491398361254,0.05462145762817932,289,True
INNOVATION,pooled,oil,asset_price,a,0.25,15,0.01185835463700835,0.02836311399483962,0.67620826664371,-0.03479481628904166,0.05851152556305836,288,True
INNOVATION,pooled,oil,asset_price,a,0.25,16,-0.010791756110022477,0.03209439745255652,0.7369403032219928,-0.06358234216468214,0.041998829944637196,287,True
INNOVATION,pooled,oil,asset_price,a,0.25,17,-0.055011635120088685,0.044339687972959965,0.21579079048250815,-0.12794393170030846,0.017920661460131083,286,True
INNOVATION,pooled,oil,asset_price,a,0.25,18,-0.044907335383671726,0.04174175538607036,0.2829568966736901,-0.1135664131257707,0.023751742358427252,285,True
INNOVATION,pooled,oil,asset_price,a,0.25,19,0.099345229926342,0.03137488821196908,0.001720415596855014,0.04773813125568767,0.1509523285969963,284,True
INNOVATION,pooled,oil,asset_price,a,0.25,20,0.03417356048331954,0.03403956895950787,0.3163115073873875,-0.021816547979591726,0.09016366894623082,283,True
INNOVATION,pooled,oil,asset_price,a,0.25,21,0.011231564387412157,0.03499042462263654,0.748468396982131,-0.04632256246170365,0.06878569123652797,282,True
INNOVATION,pooled,oil,asset_price,a,0.25,22,-0.01700676155355732,0.031165435749378616,0.5857325626122589,-0.06826934158144582,0.03425581847433117,281,True
INNOVATION,pooled,oil,asset_price,a,0.25,23,-0.004134597267823281,0.04436663912692258,0.9258215139745258,-0.077111224551389,0.06884203001574243,280,True
INNOVATION,pooled,oil,asset_price,a,0.25,24,0.021404763636626023,0.04591527453343932,0.6414699224262917,-0.054119142212174204,0.09692866948542625,279,True
INNOVATION,pooled,dxy,asset_price,a,0.25,0,-0.01098184754358933,0.005884418099915683,0.06301790365726882,-0.02066085399773453,-0.0013028410894441282,303,True
INNOVATION,pooled,dxy,asset_price,a,0.25,1,0.004021149068717266,0.005039182562940704,0.42554161887281416,-0.0042675686468063665,0.012309866784240899,302,True
INNOVATION,pooled,dxy,asset_price,a,0.25,2,0.001191519783314686,0.004749912030142048,0.802108870132078,-0.006621390247164892,0.009004429813794264,301,True
INNOVATION,pooled,dxy,asset_price,a,0.25,3,-0.00673325734048057,0.004259638696498377,0.11504941899808202,-0.013739739499918767,0.0002732248189576264,300,True
INNOVATION,pooled,dxy,asset_price,a,0.25,4,0.00484096318301375,0.004348035552436861,0.266488592358992,-0.002310918865525969,0.01199284523155347,299,True
INNOVATION,pooled,dxy,asset_price,a,0.25,5,-0.0012779615946552914,0.004844370901775643,0.7921227156626219,-0.009246242642739131,0.006690319453428548,298,True
INNOVATION,pooled,dxy,asset_price,a,0.25,6,-0.0095456974407028,0.005776450570352912,0.0995376532502297,-0.01904711311225369,-4.4281769151910746e-05,297,True
INNOVATION,pooled,dxy,asset_price,a,0.25,7,-0.013161591667133194,0.00416118330987601,0.001732367419983405,-0.02000612912679268,-0.006317054207473707,296,False
INNOVATION,pooled,dxy,asset_price,a,0.25,8,-0.01174270569625993,0.006349985993428524,0.0654719732387531,-0.022187503188641884,-0.0012979082038779757,295,True
INNOVATION,pooled,dxy,asset_price,a,0.25,9,-0.009175021960556529,0.005259052775858979,0.0821491375348207,-0.017825393993257378,-0.0005246499278556797,294,True
INNOVATION,pooled,dxy,asset_price,a,0.25,10,0.0013238234165050822,0.004763256399543942,0.7812765192571126,-0.006511036148384582,0.009158682981394746,293,True
INNOVATION,pooled,dxy,asset_price,a,0.25,11,-0.005310423767589268,0.0046292941534677775,0.2523122664872203,-0.012924935046145987,0.0023040875109674504,292,True
INNOVATION,pooled,dxy,asset_price,a,0.25,12,0.008835149444200274,0.005973463632932995,0.1402588517987553,-0.000990323877892281,0.01866062276629283,291,True
INNOVATION,pooled,dxy,asset_price,a,0.25,13,-0.005022655373403656,0.004533214551811916,0.26884036274564077,-0.012479129770700679,0.0024338190238933667,290,True
INNOVATION,pooled,dxy,asset_price,a,0.25,14,-0.010150901219666898,0.006573782622639544,0.12370213834922196,-0.020963811409306116,0.0006620089699723181,289,True
INNOVATION,pooled,dxy,asset_price,a,0.25,15,-0.00195636685584151,0.006869317680446982,0.7760141603878706,-0.013255388957206602,0.009342655245523582,288,False
INNOVATION,pooled,dxy,asset_price,a,0.25,16,0.0008970887342176215,0.006756003703801914,0.8944620813544407,-0.010215548461678537,0.01200972593011378,287,True
INNOVATION,pooled,dxy,asset_price,a,0.25,17,0.001308565729581726,0.005046436101525304,0.795596123199929,-0.006992082995191018,0.00960921445435447,286,True
INNOVATION,pooled,dxy,asset_price,a,0.25,18,-0.0183986355904079,0.004763062683927043,0.0001403022845168968,-0.02623317652146251,-0.01056409465935329,285,True
INNOVATION,pooled,dxy,asset_price,a,0.25,19,-0.01185934821319913,0.0076890308031518344,0.12415433407830931,-0.024506678417505017,0.0007879819911067558,284,True
INNOVATION,pooled,dxy,asset_price,a,0.25,20,-0.008435508773271504,0.005391364476121271,0.11884451524858006,-0.0173035141860369,0.00043249663949389283,283,True
INNOVATION,pooled,dxy,asset_price,a,0.25,21,-0.0039274593416816495,0.004930941343620944,0.42645064771523866,-0.012038136095021525,0.004183217411658226,282,True
INNOVATION,pooled,dxy,asset_price,a,0.25,22,0.003681111661702488,0.005467903130217533,0.501388480697608,-0.005312788633855128,0.012675011957260104,281,True
INNOVATION,pooled,dxy,asset_price,a,0.25,23,-0.010748646967224555,0.006883333342395036,0.11958371050253691,-0.02207072278097903,0.0005734288465299199,280,True
INNOVATION,pooled,dxy,asset_price,a,0.25,24,-0.0024222732421035733,0.006959152560602565,0.728063836854411,-0.013869060571919327,0.009024514087712182,279,True
INNOVATION,pooled,vix,asset_price,a,0.25,0,-1.4621317670424183,0.7809094705632322,0.06216861403440365,-2.7466135420191047,-0.17764999206573195,303,True
INNOVATION,pooled,vix,asset_price,a,0.25,1,-1.7521974374053428,0.833119571704619,0.036317770431511735,-3.1225571866079425,-0.3818376882027432,302,True
INNOVATION,pooled,vix,asset_price,a,0.25,2,-0.0756319398709917,0.8139539902714494,0.9260325950327037,-1.4144671129406086,1.2632032331986252,301,True
INNOVATION,pooled,vix,asset_price,a,0.25,3,-0.7792588087015702,0.8942540657034099,0.38426312844573807,-2.250175852089924,0.6916582346867837,300,True
INNOVATION,pooled,vix,asset_price,a,0.25,4,-1.6027627378670815,0.9648778354007741,0.09779212676165148,-3.1898455449911305,-0.015679930743032644,299,True
INNOVATION,pooled,vix,asset_price,a,0.25,5,-0.3106355272527992,0.9166569786547408,0.7349515305152894,-1.8184020832634278,1.1971310287578294,298,True
INNOVATION,pooled,vix,asset_price,a,0.25,6,0.8717842322916454,1.081885176075834,0.42103411570180543,-0.907758523521722,2.651326988105013,297,True
INNOVATION,pooled,vix,asset_price,a,0.25,7,-0.15959055894677476,1.0470515728897887,0.8789654624160946,-1.8818371362197874,1.562656018326238,296,True
INNOVATION,pooled,vix,asset_price,a,0.25,8,0.4413377580640372,1.0266226017195972,0.6676030343097443,-1.247306151884799,2.1299816680128734,295,False
INNOVATION,pooled,vix,asset_price,a,0.25,9,0.16292538010020507,1.0614547063657442,0.8781204346800511,-1.5830122435101992,1.9088630037106094,294,False
INNOVATION,pooled,vix,asset_price,a,0.25,10,0.6967918188763065,1.0977225025043178,0.5261042497950983,-1.1088010207541672,2.50238465850678,293,True
INNOVATION,pooled,vix,asset_price,a,0.25,11,1.3879320009012446,1.1515692854482615,0.22913067994215974,-0.5062309149542437,3.2820949167567326,292,True
INNOVATION,pooled,vix,asset_price,a,0.25,12,0.22654894626959532,1.32566593967842,0.8644315273605468,-1.9539774827364855,2.407075375275676,291,True
INNOVATION,pooled,vix,asset_price,a,0.25,13,1.9849687180160913,1.3007567316799762,0.1281522867957025,-0.15458570986926023,4.124523145901443,290,True
INNOVATION,pooled,vix,asset_price,a,0.25,14,0.05913401486195369,1.3907057645739087,0.9661143335513811,-2.2283734060197604,2.346641435743668,289,True
INNOVATION,pooled,vix,asset_price,a,0.25,15,-1.0728278754076825,1.4423413657904107,0.4576288074113331,-3.4452683022301795,1.2996125514148145,288,True
INNOVATION,pooled,vix,asset_price,a,0.25,16,-1.0617428395152615,1.3839923726285688,0.4436496576442722,-3.338207713306536,1.2147220342760132,287,True
INNOVATION,pooled,vix,asset_price,a,0.25,17,-1.9503466028720595,1.4334182140284795,0.1747581801146407,-4.308109751155106,0.4074165454109866,286,True
INNOVATION,pooled,vix,asset_price,a,0.25,18,-1.5073062227333196,1.297533773969501,0.24639159912768097,-3.641559356939085,0.6269469114724457,285,True
INNOVATION,pooled,vix,asset_price,a,0.25,19,-1.4793205467044999,1.3845945868774314,0.2862879978069161,-3.7567759747872183,0.7981348813782185,284,True
INNOVATION,pooled,vix,asset_price,a,0.25,20,-1.122796294150767,1.492419780622914,0.4525087809302829,-3.5776083832424876,1.3320157949409537,283,True
INNOVATION,pooled,vix,asset_price,a,0.25,21,-1.2348278125848893,1.346987277301528,0.36010671380662485,-3.450424721111796,0.9807690959420174,282,True
INNOVATION,pooled,vix,asset_price,a,0.25,22,0.04779144220606213,1.3431548388841452,0.9716426593289266,-2.1615016660899444,2.2570845505020687,281,True
INNOVATION,pooled,vix,asset_price,a,0.25,23,-2.5663083197691776,1.254449307283536,0.04176300219197364,-4.629693812681264,-0.5029228268570916,280,True
INNOVATION,pooled,vix,asset_price,a,0.25,24,-2.3496184586947493,1.3045524701502187,0.07282522623909916,-4.495416320769839,-0.2038205966196598,279,False
INNOVATION,pooled,us10y,asset_price,a,0.25,0,-0.1131110650419189,0.10414163927540095,0.27832782993080957,-0.28440881812073404,0.05818668803689625,303,True
INNOVATION,pooled,us10y,asset_price,a,0.25,1,-0.01851835772996313,0.07767047335989906,0.8117232771639735,-0.1462749175430308,0.10923820208310453,302,True
INNOVATION,pooled,us10y,asset_price,a,0.25,2,0.10132950433905236,0.08529846370659747,0.23583898638850045,-0.03897398306213301,0.24163299174023772,301,True
INNOVATION,pooled,us10y,asset_price,a,0.25,3,-0.019556536849496764,0.10340377564703167,0.85012673445626,-0.1896406122629931,0.15052753856399959,300,True
INNOVATION,pooled,us10y,asset_price,a,0.25,4,-0.06576381140228693,0.0745064295525978,0.3781641222445082,-0.18831598228308177,0.05678835947850791,299,True
INNOVATION,pooled,us10y,asset_price,a,0.25,5,-0.07883877078829915,0.08282297906356277,0.34195970192150693,-0.21507044829592623,0.057392906719327924,298,True
INNOVATION,pooled,us10y,asset_price,a,0.25,6,-0.12085382835938696,0.10213701493891027,0.23770230983523344,-0.2888542678276502,0.0471466111088763,297,True
INNOVATION,pooled,us10y,asset_price,a,0.25,7,-0.06259986389885608,0.07723010933735504,0.4183002243255527,-0.18963208935226328,0.06443236155455112,296,True
INNOVATION,pooled,us10y,asset_price,a,0.25,8,-0.03801806736920188,0.07694437644086681,0.6216229390359648,-0.16458030403148105,0.08854416929307729,295,True
INNOVATION,pooled,us10y,asset_price,a,0.25,9,-0.08344463851150108,0.1066118058374987,0.4344670766047676,-0.25880545401915694,0.09191617699615479,294,True
INNOVATION,pooled,us10y,asset_price,a,0.25,10,0.029734823242989705,0.10087629414613881,0.7683924453731404,-0.1361919150567103,0.1956615615426897,293,False
INNOVATION,pooled,us10y,asset_price,a,0.25,11,-0.12361797805691391,0.10467906423078083,0.23864241112123108,-0.2957997165227999,0.04856376040897206,292,True
INNOVATION,pooled,us10y,asset_price,a,0.25,12,-0.1273918926552171,0.07602012925043258,0.09491251654586821,-0.2524338779741109,-0.0023499073363233702,291,True
INNOVATION,pooled,us10y,asset_price,a,0.25,13,0.005424403331764527,0.07561498432816036,0.9428630475154903,-0.11895117789228876,0.12979998455581782,290,True
INNOVATION,pooled,us10y,asset_price,a,0.25,14,0.08779973207485092,0.1092568995611534,0.422317395236702,-0.09191187543778498,0.26751133958748685,289,True
INNOVATION,pooled,us10y,asset_price,a,0.25,15,0.04385404252111158,0.08153069733198974,0.5910938779287594,-0.09025202069329447,0.17796010573551763,288,False
INNOVATION,pooled,us10y,asset_price,a,0.25,16,-0.032664512013046654,0.08298920591660733,0.694183957451991,-0.1691696083628008,0.10384058433670748,287,True
INNOVATION,pooled,us10y,asset_price,a,0.25,17,0.1197317065153291,0.08054161516202565,0.13828348015612008,-0.012747461304458474,0.2522108743351167,286,True
INNOVATION,pooled,us10y,asset_price,a,0.25,18,-0.015208827273436754,0.08210784168432037,0.8531872713924932,-0.1502642084690484,0.11984655392217489,285,True
INNOVATION,pooled,us10y,asset_price,a,0.25,19,-0.0674284690223792,0.10895685336713302,0.5365338017040444,-0.2466465444645277,0.11178960641976929,284,True
INNOVATION,pooled,us10y,asset_price,a,0.25,20,0.0660885110599177,0.07937497531559298,0.40580250304429977,-0.06447170497711899,0.19664872709695438,283,True
INNOVATION,pooled,us10y,asset_price,a,0.25,21,-0.01628922393914145,0.07958603601407882,0.8379818799740949,-0.14719660393158948,0.11461815605330658,282,True
INNOVATION,pooled,us10y,asset_price,a,0.25,22,-0.06193288623465776,0.08376262166850802,0.4603223561601202,-0.19971013828906714,0.07584436581975162,281,True
INNOVATION,pooled,us10y,asset_price,a,0.25,23,-0.23643709269996727,0.11094366026276038,0.033994151470596944,-0.4189231746704406,-0.05395101072949393,280,True
INNOVATION,pooled,us10y,asset_price,a,0.25,24,0.18462849362830946,0.07921957524273611,0.020525674153718396,0.054323887964739914,0.314933099291879,279,True
INNOVATION,pooled,ip,real_macro,a,0.25,0,0.17460747727099082,0.1838042481669003,0.3429241181745065,-0.12772360697542365,0.4769385615174053,303,True
INNOVATION,pooled,ip,real_macro,a,0.25,1,-0.01940120308809251,0.14310961145939724,0.8922568504721468,-0.25479556654869806,0.215993160372513,302,True
INNOVATION,pooled,ip,real_macro,a,0.25,2,-0.10007273686836715,0.15103870486864585,0.508141855131421,-0.34850929838161226,0.14836382464487796,301,True
INNOVATION,pooled,ip,real_macro,a,0.25,3,0.44148149027247996,0.1506181953299846,0.0036499238153833162,0.19373660539906948,0.6892263751458905,300,True
INNOVATION,pooled,ip,real_macro,a,0.25,4,-0.04929632415132801,0.1727160510703236,0.7755309954816663,-0.33338894718708545,0.23479629888442943,299,True
INNOVATION,pooled,ip,real_macro,a,0.25,5,0.12873796545063493,0.1684777420764122,0.4454274515177553,-0.14838325966434635,0.4058591905656162,298,True
INNOVATION,pooled,ip,real_macro,a,0.25,6,0.43607738979035915,0.16775027602435083,0.009823972816981962,0.1601527398495951,0.7120020397311232,297,True
INNOVATION,pooled,ip,real_macro,a,0.25,7,0.035255588191414944,0.15220305405561252,0.8169893377221072,-0.21509615730505027,0.28560733368788016,296,True
INNOVATION,pooled,ip,real_macro,a,0.25,8,0.019688427645769835,0.17212455834422136,0.9090144747634354,-0.26343127643414294,0.3028081317256826,295,True
INNOVATION,pooled,ip,real_macro,a,0.25,9,0.16327164022604834,0.18301447748802224,0.37309240540042854,-0.1377603868547536,0.4643036673068503,294,True
INNOVATION,pooled,ip,real_macro,a,0.25,10,0.03340933158225977,0.24011671557007624,0.8894415725812274,-0.36154751891485515,0.4283661820793747,293,True
INNOVATION,pooled,ip,real_macro,a,0.25,11,0.019698971413036226,0.19330496937128552,0.9189046061212058,-0.298259408565066,0.33765735139113845,292,True
INNOVATION,pooled,ip,real_macro,a,0.25,12,0.02936965746582365,0.2486800372313991,0.9060722813745682,-0.37967260372467027,0.43841191865631757,291,True
INNOVATION,pooled,ip,real_macro,a,0.25,13,0.29960862410954603,0.1877999649179297,0.11177605746189821,-0.009294829327069876,0.6085120775461619,290,True
INNOVATION,pooled,ip,real_macro,a,0.25,14,-0.17326232293618848,0.2535495451383754,0.49496292219599064,-0.5903142118689413,0.24378956599656432,289,True
INNOVATION,pooled,ip,real_macro,a,0.25,15,0.29849500895102055,0.18266305250974893,0.10338015050775813,-0.001958975479667169,0.5989489933817083,288,True
INNOVATION,pooled,ip,real_macro,a,0.25,16,0.10951999748244678,0.178771737129901,0.5406344282056026,-0.18453334273208605,0.4035733376969796,287,True
INNOVATION,pooled,ip,real_macro,a,0.25,17,-0.040109225118268754,0.17419500774775154,0.8180669078406985,-0.3266345154089977,0.24641606517246017,286,False
INNOVATION,pooled,ip,real_macro,a,0.25,18,-0.16847309561816903,0.24749786746599525,0.49663919213062985,-0.5755708605823662,0.23862466934602805,285,True
INNOVATION,pooled,ip,real_macro,a,0.25,19,0.10935342035451967,0.18567067052934344,0.5563775587566858,-0.19604765548418268,0.414754496193222,284,True
INNOVATION,pooled,ip,real_macro,a,0.25,20,-0.12988269098025507,0.1785126524064113,0.46750195012191337,-0.4235098747476681,0.16374449278715797,283,True
INNOVATION,pooled,ip,real_macro,a,0.25,21,0.019979403131501428,0.19470659632906334,0.918346963015182,-0.3002844480317346,0.34024325429473745,282,True
INNOVATION,pooled,ip,real_macro,a,0.25,22,0.03390012916198436,0.2639653463416326,0.8979081906396031,-0.40028422815755155,0.4680844864815203,281,True
INNOVATION,pooled,ip,real_macro,a,0.25,23,0.28383862975923213,0.1949010879480987,0.14648310177726595,-0.03674513164898591,0.6044223911674502,280,True
INNOVATION,pooled,ip,real_macro,a,0.25,24,0.12572616736326392,0.1875732207743543,0.5032643966391516,-0.18280432514640194,0.4342566598729298,279,True
INNOVATION,pooled,cpi,real_macro,a,0.25,0,-0.1723836545511044,0.07374441959630725,0.020091434835728016,-0.2936824305915216,-0.051084878510687215,303,True
INNOVATION,pooled,cpi,real_macro,a,0.25,1,-0.05348347555717886,0.09446741402615527,0.5717273082200118,-0.20886854414682673,0.10190159303246901,302,True
INNOVATION,pooled,cpi,real_macro,a,0.25,2,-0.07315417447969152,0.0782835143677929,0.3508432493932049,-0.20191909701806338,0.055610748058680326,301,True
INNOVATION,pooled,cpi,real_macro,a,0.25,3,-0.05347669257036114,0.07696421297163336,0.48772879396419455,-0.1800715574222178,0.07311817228149553,300,True
INNOVATION,pooled,cpi,real_macro,a,0.25,4,-0.07716789878523711,0.0780523849834942,0.3236641969587556,-0.20555264731755019,0.051216849747075965,299,True
INNOVATION,pooled,cpi,real_macro,a,0.25,5,0.1531779209268831,0.09887529409408145,0.1224464903238121,-0.009457465179660257,0.31581330703342647,298,True
INNOVATION,pooled,cpi,real_macro,a,0.25,6,-0.04792555352212702,0.07758389470358726,0.5372530228646836,-0.17553970411834363,0.0796885970740896,297,True
INNOVATION,pooled,cpi,real_macro,a,0.25,7,-0.04703703309266638,0.08060883863265679,0.5600083302755895,-0.17962677368193786,0.0855527074966051,296,True
INNOVATION,pooled,cpi,real_macro,a,0.25,8,0.06435702668432274,0.07557497882417917,0.3951805503679506,-0.05995275134140908,0.18866680471005454,295,True
INNOVATION,pooled,cpi,real_macro,a,0.25,9,-0.025040535009743792,0.06381165097771252,0.6950514685014063,-0.1300013605621957,0.0799202905427081,294,False
INNOVATION,pooled,cpi,real_macro,a,0.25,10,0.133766632524428,0.0897822760680317,0.1373800610219105,-0.013912069902032309,0.2814453349508883,293,True
INNOVATION,pooled,cpi,real_macro,a,0.25,11,0.035175841473691294,0.06958147140086131,0.6135839788397575,-0.07927549412863556,0.14962717707601814,292,True
INNOVATION,pooled,cpi,real_macro,a,0.25,12,0.08977086001827321,0.06495432275114577,0.1680663249625019,-0.017069493345125433,0.19661121338167187,291,True
INNOVATION,pooled,cpi,real_macro,a,0.25,13,0.03677741113981847,0.07858217429238917,0.6401452670138591,-0.0924787632587506,0.16603358553838754,290,True
INNOVATION,pooled,cpi,real_macro,a,0.25,14,0.0207461127884285,0.07732164280453073,0.7886624343106894,-0.10643667182045008,0.14792889739730708,289,True
INNOVATION,pooled,cpi,real_macro,a,0.25,15,0.03770327203366364,0.07787453177290243,0.6286632734372055,-0.09038893400014258,0.16579547806746986,288,True
INNOVATION,pooled,cpi,real_macro,a,0.25,16,0.0035277813220652154,0.0766568865688289,0.9633276280776796,-0.12256157658148059,0.12961713922561102,287,True
INNOVATION,pooled,cpi,real_macro,a,0.25,17,-0.08470021837929759,0.07529239035886116,0.2616016831756138,-0.20854517974291642,0.03914474298432126,286,True
INNOVATION,pooled,cpi,real_macro,a,0.25,18,-0.22481291488957883,0.09638180086163245,0.020405530803587132,-0.3833468696089495,-0.06627896017020818,285,True
INNOVATION,pooled,cpi,real_macro,a,0.25,19,-0.06273234217765908,0.10437645852236178,0.5483308665691567,-0.23441633854651575,0.1089516541911976,284,True
INNOVATION,pooled,cpi,real_macro,a,0.25,20,0.040794024206002436,0.10770591230724244,0.7051694555389331,-0.1363664362966825,0.2179544847086874,283,True
INNOVATION,pooled,cpi,real_macro,a,0.25,21,0.11476054609425199,0.10489179313077378,0.2749000323057672,-0.05777110027434479,0.28729219246284876,282,True
INNOVATION,pooled,cpi,real_macro,a,0.25,22,0.10565697052416123,0.07822267378022552,0.1779285942609787,-0.023007878153084527,0.234321819201407,281,True
INNOVATION,pooled,cpi,real_macro,a,0.25,23,-0.07169731331242879,0.07746405752465611,0.35551576463876106,-0.19911434929023689,0.055719722665379307,280,True
INNOVATION,pooled,cpi,real_macro,a,0.25,24,-0.021830825378284402,0.11947312490275754,0.8551528640517213,-0.2183466281978114,0.1746849774412426,279,False
INNOVATION,pooled,infl_exp,real_macro,a,0.25,0,-0.05086447378111281,0.10779579815610633,0.6373831211132874,-0.22817278334831312,0.1264438357860875,303,True
INNOVATION,pooled,infl_exp,real_macro,a,0.25,1,-0.16784461708363807,0.10587530182272892,0.11399447781032034,-0.34199399129133556,0.006304757124059396,302,True
INNOVATION,pooled,infl_exp,real_macro,a,0.25,2,-0.024039358701265473,0.0817277490681637,0.7688639308585514,-0.15846954317861434,0.11039082577608339,301,True
INNOVATION,pooled,infl_exp,real_macro,a,0.25,3,0.07829271406879419,0.07893010091367987,0.3220727372192698,-0.051535748694717845,0.20812117683230624,300,True
INNOVATION,pooled,infl_exp,real_macro,a,0.25,4,-0.08666594395201144,0.07946150343362283,0.27634120777447246,-0.21736848607782283,0.04403659817379996,299,True
INNOVATION,pooled,infl_exp,real_macro,a,0.25,5,-0.017831193425590364,0.08222969283166484,0.8284839241714169,-0.15308700192285976,0.11742461507167903,298,True
INNOVATION,pooled,infl_exp,real_macro,a,0.25,6,0.1366516346513581,0.10683051606362744,0.20189410380432463,-0.03906892716499699,0.3123721964677132,297,False
INNOVATION,pooled,infl_exp,real_macro,a,0.25,7,-0.029967123226261716,0.08338156811478248,0.7195667482327068,-0.1671175979607629,0.10718335150823946,296,True
INNOVATION,pooled,infl_exp,real_macro,a,0.25,8,0.057988677345779394,0.07611705018060616,0.446797074080089,-0.06721272871663786,0.18319008340819665,295,True
INNOVATION,pooled,infl_exp,real_macro,a,0.25,9,-0.014332244387297549,0.08697550515671118,0.869232239152939,-0.1573942195002504,0.1287297307256553,294,True
INNOVATION,pooled,infl_exp,real_macro,a,0.25,10,-0.004508303912729272,0.08501221924887245,0.9577449628077219,-0.14434096107943087,0.13532435325397232,293,True
INNOVATION,pooled,infl_exp,real_macro,a,0.25,11,0.006448960852104668,0.09528852609857125,0.9460904116699447,-0.15028671690799025,0.1631846386121996,292,True
INNOVATION,pooled,infl_exp,real_macro,a,0.25,12,-0.03456687233225608,0.08182138237184362,0.6730115817678468,-0.16915106988876633,0.10001732522425416,291,True
INNOVATION,pooled,infl_exp,real_macro,a,0.25,13,-0.08012874183360119,0.07873346731941329,0.30970161392222323,-0.20963377111640336,0.04937628744920097,290,True
INNOVATION,pooled,infl_exp,real_macro,a,0.25,14,0.0673057550235393,0.07427535468914868,0.36564159590533357,-0.05486633153001394,0.18947784157709255,289,True
INNOVATION,pooled,infl_exp,real_macro,a,0.25,15,0.0023308913435690637,0.07209616130814489,0.9742321747144123,-0.11625674107341145,0.12091852376054958,288,True
INNOVATION,pooled,infl_exp,real_macro,a,0.25,16,0.03723541528041263,0.06740745110123465,0.5811309752752835,-0.0736399751470072,0.14811080570783247,287,True
INNOVATION,pooled,infl_exp,real_macro,a,0.25,17,0.23821376671647698,0.07121982028915154,0.0009393497378348635,0.12106758700303402,0.35535994642991997,286,True
INNOVATION,pooled,infl_exp,real_macro,a,0.25,18,-0.221025617607566,0.10041801416198597,0.028575407552562448,-0.3861985524131729,-0.0558526828019591,285,True
INNOVATION,pooled,infl_exp,real_macro,a,0.25,19,-0.11357119880280375,0.10798961026335063,0.2938838069130303,-0.29119830091755194,0.06405590331194447,284,True
INNOVATION,pooled,infl_exp,real_macro,a,0.25,20,-0.03383596702447014,0.08171467796937727,0.6791494889978458,-0.16824465145757192,0.10057271740863163,283,True
INNOVATION,pooled,infl_exp,real_macro,a,0.25,21,-0.07985085930847374,0.11388743408917475,0.48382495087729094,-0.26717901833424956,0.10747729971730208,282,True
INNOVATION,pooled,infl_exp,real_macro,a,0.25,22,0.011866101616982094,0.08381685664186331,0.8875250173991018,-0.12600035903005835,0.14973256226402254,281,True
INNOVATION,pooled,infl_exp,real_macro,a,0.25,23,0.194715060637175,0.08420460824442037,0.021519159263617152,0.05621080536031231,0.3332193159140377,280,True
INNOVATION,pooled,infl_exp,real_macro,a,0.25,24,-0.04709101035915644,0.1160241409948329,0.685163795240008,-0.23793373948843632,0.14375171877012344,279,True
INNOVATION,pooled,freight,physical_channel,a,0.25,0,-0.0069596845292776086,0.004206343417150304,0.09909759519239467,-0.013878503755180736,-4.086530337448109e-05,303,True
INNOVATION,pooled,freight,physical_channel,a,0.25,1,-0.007333290424642092,0.00532107065695074,0.16922341920997935,-0.01608567279399257,0.001419091944708387,302,False
INNOVATION,pooled,freight,physical_channel,a,0.25,2,0.0005363663183241638,0.005071029331943138,0.9158381730565018,-0.007804734670699809,0.008877467307348137,301,True
INNOVATION,pooled,freight,physical_channel,a,0.25,3,-0.0024321117966338845,0.003611510100092586,0.5012153943070334,-0.00837251728354305,0.0035082936902752805,300,True
INNOVATION,pooled,freight,physical_channel,a,0.25,4,-0.004783655150554289,0.003651898903653378,0.19128148051716087,-0.010790494307488654,0.0012231840063800748,299,True
INNOVATION,pooled,freight,physical_channel,a,0.25,5,-0.00027479293761913104,0.004659869412353971,0.9530173999821686,-0.007939596041649784,0.007390010166411523,298,True
INNOVATION,pooled,freight,physical_channel,a,0.25,6,0.004613149159752514,0.0052568592379896185,0.38093313497321757,-0.004033614824228062,0.01325991314373309,297,True
INNOVATION,pooled,freight,physical_channel,a,0.25,7,0.0037967839899180206,0.004564434473428312,0.40621484623045895,-0.003711042608682872,0.011304610588518914,296,True
INNOVATION,pooled,freight,physical_channel,a,0.25,8,0.0014700686535007116,0.00432528833725813,0.7342026078439831,-0.005644397555649227,0.00858453486265065,295,True
INNOVATION,pooled,freight,physical_channel,a,0.25,9,-0.017308455666710958,0.003887047534765028,1.2253611080930062e-05,-0.023702079902401994,-0.010914831431019923,294,True
INNOVATION,pooled,freight,physical_channel,a,0.25,10,0.0031048876733487246,0.004648040845410011,0.5046862995991614,-0.004540459169442519,0.010750234516139968,293,True
INNOVATION,pooled,freight,physical_channel,a,0.25,11,0.0028148910501967148,0.004117820912309444,0.49480501256279114,-0.003958321612552094,0.009588103712945523,292,True
INNOVATION,pooled,freight,physical_channel,a,0.25,12,-0.006788966733991795,0.0045546845263384666,0.13721855019443716,-0.01428075609675937,0.0007028226287757802,291,True
INNOVATION,pooled,freight,physical_channel,a,0.25,13,0.007857561042021434,0.004443291241847139,0.07809697975921154,0.0005489973272674569,0.015166124756775411,290,False
INNOVATION,pooled,freight,physical_channel,a,0.25,14,0.005386492736050748,0.004514129376058424,0.23379922675452894,-0.0020385893406871377,0.012811574812788634,289,True
INNOVATION,pooled,freight,physical_channel,a,0.25,15,-0.0034258035177664238,0.00520158233555566,0.5107005901401572,-0.01198164508829186,0.005130038052759014,288,True
INNOVATION,pooled,freight,physical_channel,a,0.25,16,-0.014186005385325023,0.0064027807026908615,0.027543989402991412,-0.024717642446720985,-0.003654368323929064,287,True
INNOVATION,pooled,freight,physical_channel,a,0.25,17,0.0018125320838973426,0.006292288759171707,0.7735231744822749,-0.00853736190345222,0.012162426071246905,286,False
INNOVATION,pooled,freight,physical_channel,a,0.25,18,-0.013674801145505941,0.0046022065289405886,0.0032309692059482135,-0.021244757246613614,-0.006104845044398268,285,True
INNOVATION,pooled,freight,physical_channel,a,0.25,19,0.005496775310445724,0.00467275089485522,0.2404924408734714,-0.0021892159467976225,0.01318276656768907,284,True
INNOVATION,pooled,freight,physical_channel,a,0.25,20,0.002033699698032465,0.006325954652715722,0.7480925128930646,-0.00837156975641753,0.01243896915248246,283,True
INNOVATION,pooled,freight,physical_channel,a,0.25,21,0.002355622420182779,0.0040524164717527615,0.5615346974150659,-0.004310009511297639,0.009021254351663198,282,False
INNOVATION,pooled,freight,physical_channel,a,0.25,22,-0.0008321384007730229,0.0047147016781367065,0.8600360236117824,-0.008587132556050377,0.006922855754504331,281,True
INNOVATION,pooled,freight,physical_channel,a,0.25,23,0.003118621721698107,0.00663098101788551,0.6385183911875711,-0.0077883714558172395,0.014025614899213452,280,True
INNOVATION,pooled,freight,physical_channel,a,0.25,24,0.0010796370902194782,0.006196750714138953,0.8618206242151722,-0.009113110797246103,0.011272384977685061,279,True
INNOVATION,pooled,oil,asset_price,a,0.5,0,-0.01692333330117346,0.026487421574940988,0.5233812672628396,-0.06049126474730782,0.026644598144960903,303,True
INNOVATION,pooled,oil,asset_price,a,0.5,1,-0.04748844117264961,0.027688245328346454,0.08740031611814755,-0.09303155192490242,-0.0019453304203967889,302,True
INNOVATION,pooled,oil,asset_price,a,0.5,2,0.0027097021975367903,0.028966248934675726,0.9255343794914904,-0.044935537421843794,0.05035494181691738,301,True
INNOVATION,pooled,oil,asset_price,a,0.5,3,-0.03353985049989302,0.03133291318461675,0.28532602780911387,-0.08507790639456547,0.01799820539477944,300,True
INNOVATION,pooled,oil,asset_price,a,0.5,4,0.024486397196332277,0.030213096163076977,0.41835413596555465,-0.0252097236089385,0.07418251800160305,299,False
INNOVATION,pooled,oil,asset_price,a,0.5,5,-0.027131623032076772,0.028586831817621377,0.3433791519357,-0.07415277703034304,0.0198895309661895,298,True
INNOVATION,pooled,oil,asset_price,a,0.5,6,-0.02236427425691861,0.02886335180510537,0.4390853136676307,-0.0698402631595225,0.02511171464568528,297,True
INNOVATION,pooled,oil,asset_price,a,0.5,7,-0.012985577405924376,0.02800528204431733,0.6432324641092088,-0.059050167150318675,0.033079012338469924,296,True
INNOVATION,pooled,oil,asset_price,a,0.5,8,0.01949364767673478,0.029068340186686414,0.5030169993660099,-0.028319517108795603,0.06730681246226516,295,True
INNOVATION,pooled,oil,asset_price,a,0.5,9,-0.024015022340105635,0.026202778585716142,0.36018988228999377,-0.06711475773302719,0.01908471305281593,294,True
INNOVATION,pooled,oil,asset_price,a,0.5,10,0.06160938976369454,0.027472889726576417,0.025711120037046887,0.016420507454097483,0.1067982720732916,293,True
INNOVATION,pooled,oil,asset_price,a,0.5,11,-0.00982444627553004,0.031985146590437954,0.7589541994732095,-0.062435330653386426,0.04278643810232634,292,True
INNOVATION,pooled,oil,asset_price,a,0.5,12,-0.02490241781098826,0.030794545324137487,0.419402848845079,-0.0755549373777173,0.025750101755740787,291,True
INNOVATION,pooled,oil,asset_price,a,0.5,13,-0.008396112150128254,0.02996790503415271,0.7795568473361754,-0.057688929437691626,0.04089670513743512,290,True
INNOVATION,pooled,oil,asset_price,a,0.5,14,0.01833816290203294,0.028465524992910742,0.5199674135171121,-0.028483459125634075,0.06515978492969995,289,True
INNOVATION,pooled,oil,asset_price,a,0.5,15,0.0013877136171166482,0.029005382702379148,0.9618759704701706,-0.04632189532200719,0.04909732255624048,288,True
INNOVATION,pooled,oil,asset_price,a,0.5,16,-0.010054224927045441,0.02929036010832113,0.7316666480488596,-0.05823257998593217,0.03812413013184129,287,True
INNOVATION,pooled,oil,asset_price,a,0.5,17,-0.07352682873660782,0.0298957614238488,0.014538083353698949,-0.12270098034510143,-0.02435267712811421,286,True
INNOVATION,pooled,oil,asset_price,a,0.5,18,-0.032367643387972586,0.03012551230638842,0.2835873485343264,-0.0819197015689068,0.017184414792961622,285,True
INNOVATION,pooled,oil,asset_price,a,0.5,19,0.07206081344926438,0.03130663352591496,0.02210930978434001,0.020565983746522604,0.12355564315200615,284,True
INNOVATION,pooled,oil,asset_price,a,0.5,20,0.024692344990841164,0.03117685892336392,0.42905343882837543,-0.026589024486208347,0.07597371446789067,283,False
INNOVATION,pooled,oil,asset_price,a,0.5,21,0.0059679501536683,0.031126930870861946,0.8480993003995142,-0.04523129498513672,0.05716719529247332,282,True
INNOVATION,pooled,oil,asset_price,a,0.5,22,0.0031294108229775186,0.031167591168637886,0.9200974171368835,-0.04813671455409718,0.05439553620005222,281,True
INNOVATION,pooled,oil,asset_price,a,0.5,23,0.01815137746248327,0.03102342391741329,0.5589857341968976,-0.03287761388852703,0.06918036881349357,280,True
INNOVATION,pooled,oil,asset_price,a,0.5,24,0.02212422281596571,0.03087851470862875,0.4743182770508684,-0.02866641409739667,0.0729148597293281,279,True
INNOVATION,pooled,dxy,asset_price,a,0.5,0,-0.004427592424273311,0.005235061659978572,0.3983877639767984,-0.01303850258300366,0.004183317734457038,303,True
INNOVATION,pooled,dxy,asset_price,a,0.5,1,-0.0007152439065801713,0.005307107656785174,0.8928871179718715,-0.009444659184465194,0.008014171371304852,302,True
INNOVATION,pooled,dxy,asset_price,a,0.5,2,0.004377880669710871,0.005193595964094013,0.399964927104264,-0.0041648244887496945,0.012920585828171436,301,True
INNOVATION,pooled,dxy,asset_price,a,0.5,3,0.006616177375995645,0.0052781261032899835,0.21104433745706316,-0.0020655674885081254,0.015297922240499416,300,True
INNOVATION,pooled,dxy,asset_price,a,0.5,4,0.0001267944733562117,0.005334630955804543,0.9810541535582303,-0.00864789260274649,0.008901481549458913,299,True
INNOVATION,pooled,dxy,asset_price,a,0.5,5,0.0012661398122556168,0.005144979011959711,0.805788533543828,-0.007196597576155516,0.00972887720066675,298,True
INNOVATION,pooled,dxy,asset_price,a,0.5,6,-0.0019725677851509076,0.005457650739326499,0.7180464691598397,-0.010949604398366484,0.007004468828064669,297,True
INNOVATION,pooled,dxy,asset_price,a,0.5,7,-0.011039936444105312,0.005592659779162113,0.04935700102216455,-0.020239043166165732,-0.0018408297220448913,296,True
INNOVATION,pooled,dxy,asset_price,a,0.5,8,-0.015377934719588258,0.005293955188814179,0.0039667545279397825,-0.024085716112827827,-0.006670153326348689,295,True
INNOVATION,pooled,dxy,asset_price,a,0.5,9,0.0029485267055441404,0.005337281777027935,0.5810878044928448,-0.005830520583462258,0.011727573994550539,294,True
INNOVATION,pooled,dxy,asset_price,a,0.5,10,-0.002724384985749692,0.005365068829168795,0.6119944165842095,-0.011549137908252273,0.0061003679367528894,293,True
INNOVATION,pooled,dxy,asset_price,a,0.5,11,0.003979414647852546,0.005488805651020297,0.4690584085109042,-0.005048867234859926,0.013007696530565018,292,True
INNOVATION,pooled,dxy,asset_price,a,0.5,12,0.001158479777559623,0.0052066087375345115,0.8240872480775591,-0.007405629488491244,0.00972258904361049,291,True
INNOVATION,pooled,dxy,asset_price,a,0.5,13,-0.001007290233799512,0.005487147285713614,0.8544834997824864,-0.010032844348322476,0.008018263880723452,290,True
INNOVATION,pooled,dxy,asset_price,a,0.5,14,-0.014159165326407066,0.005475096131203921,0.010221258017818452,-0.02316489705572581,-0.005153433597088324,289,True
INNOVATION,pooled,dxy,asset_price,a,0.5,15,0.001884993369666882,0.0058543816557620676,0.7477134131160673,-0.00774460753037152,0.011514594269705284,288,True
INNOVATION,pooled,dxy,asset_price,a,0.5,16,-0.004253008743112949,0.005596651838581764,0.4479580270150276,-0.013458681818588789,0.004952664332362891,287,False
INNOVATION,pooled,dxy,asset_price,a,0.5,17,-0.004692182624763326,0.005820697516545078,0.4208776793113408,-0.014266378046239925,0.004882012796713273,286,True
INNOVATION,pooled,dxy,asset_price,a,0.5,18,-0.014564923239997876,0.005678047876731457,0.010852478280228645,-0.02390448088404372,-0.005225365595952033,285,True
INNOVATION,pooled,dxy,asset_price,a,0.5,19,-0.00840170018158826,0.005773425374225101,0.14676540810703376,-0.017898139848316078,0.0010947394851395578,284,True
INNOVATION,pooled,dxy,asset_price,a,0.5,20,-0.002183800815311346,0.005487930711013068,0.6909989372989019,-0.011210643549779563,0.0068430419191568715,283,True
INNOVATION,pooled,dxy,asset_price,a,0.5,21,0.0019728132506580745,0.005700086057208888,0.7295373382503845,-0.007402993974477481,0.01134862047579363,282,True
INNOVATION,pooled,dxy,asset_price,a,0.5,22,-0.000839112917895634,0.0056209171243121695,0.8814422461038396,-0.010084698836614146,0.008406473000822878,281,True
INNOVATION,pooled,dxy,asset_price,a,0.5,23,-0.010544563157715486,0.005516916252401729,0.05703879058495163,-0.019619082865065994,-0.0014700434503649787,280,True
INNOVATION,pooled,dxy,asset_price,a,0.5,24,-0.003765315496866921,0.005393955846746122,0.4857505016946128,-0.012637583335003378,0.005106952341269537,279,True
INNOVATION,pooled,vix,asset_price,a,0.5,0,-0.3837000752069457,0.9883775869728001,0.6981449370580511,-2.0094365339367,1.2420363835228088,303,True
INNOVATION,pooled,vix,asset_price,a,0.5,1,-0.9258584499403781,1.0689007091139846,0.3871134788699875,-2.684043658177516,0.83232675829676,302,True
INNOVATION,pooled,vix,asset_price,a,0.5,2,-0.7099596070876899,1.1636792886837506,0.5422789714947986,-2.6240417056874663,1.2041224915120865,301,True
INNOVATION,pooled,vix,asset_price,a,0.5,3,-1.4498625751745067,1.2885239650759812,0.2614426206364213,-3.5692958925436264,0.6695707421946131,300,True
INNOVATION,pooled,vix,asset_price,a,0.5,4,-1.3357147706703927,1.3373258680193998,0.31874112381080544,-3.5354200750981284,0.863990533757343,299,False
INNOVATION,pooled,vix,asset_price,a,0.5,5,-1.1618510368179784,1.4248281086122678,0.41550816185977346,-3.5054847190512732,1.1817826454153164,298,True
INNOVATION,pooled,vix,asset_price,a,0.5,6,0.8787645467036782,1.5011393531111161,0.5587463736320976,-1.590389962820728,3.3479190562280845,297,False
INNOVATION,pooled,vix,asset_price,a,0.5,7,-0.27644566808066884,1.5012569198854566,0.8540337676974621,-2.745793557740258,2.1929022215789202,296,False
INNOVATION,pooled,vix,asset_price,a,0.5,8,1.0165027474559487,1.6251694042401843,0.5321670258396569,-1.6566630415190815,3.689668536430979,295,True
INNOVATION,pooled,vix,asset_price,a,0.5,9,1.6726936384229134,1.698854583486857,0.32567020124777013,-1.1216734848885759,4.467060761734403,294,True
INNOVATION,pooled,vix,asset_price,a,0.5,10,1.272595228286253,1.7236739628558377,0.46095036254888655,-1.562596141198989,4.107786597771495,293,True
INNOVATION,pooled,vix,asset_price,a,0.5,11,2.0268735743943296,1.8605991084367768,0.27693588571705,-1.0335396174205784,5.087286766209237,292,True
INNOVATION,pooled,vix,asset_price,a,0.5,12,1.1210399187921212,1.802086193823119,0.5344016380779114,-1.8431280931970098,4.085207930781252,291,True
INNOVATION,pooled,vix,asset_price,a,0.5,13,1.2175885091957603,1.8900976175509576,0.5199849849649957,-1.8913454123252689,4.326522430716789,290,True
INNOVATION,pooled,vix,asset_price,a,0.5,14,-0.02446120020760667,1.93283501000272,0.9899117324227051,-3.2036918767093656,3.1547694762941525,289,True
INNOVATION,pooled,vix,asset_price,a,0.5,15,-0.6923073547239558,1.9255606298044905,0.7194714791632705,-3.8595727405728333,2.4749580311249213,288,True
INNOVATION,pooled,vix,asset_price,a,0.5,16,-1.8298614993611295,1.979039183147358,0.3559795612584298,-5.0850912776401405,1.425368278917881,287,True
INNOVATION,pooled,vix,asset_price,a,0.5,17,-0.052782798357185357,1.9668800666840622,0.9786103779424281,-3.2880126098210187,3.182447013106648,286,True
INNOVATION,pooled,vix,asset_price,a,0.5,18,-0.7964719827731699,1.9249384863798515,0.679373547739216,-3.962714033753546,2.369770068207206,285,True
INNOVATION,pooled,vix,asset_price,a,0.5,19,-1.6865311778190062,1.9418347318456153,0.3858785690025534,-4.8805650794356055,1.5075027237975935,284,True
INNOVATION,pooled,vix,asset_price,a,0.5,20,-1.5273017445090247,1.852528295835969,0.41041900363346256,-4.574439630945048,1.5198361419269988,283,False
INNOVATION,pooled,vix,asset_price,a,0.5,21,-2.4536249861900643,1.8791144392686627,0.19276250358246336,-5.544493187078006,0.6372432146978775,282,True
INNOVATION,pooled,vix,asset_price,a,0.5,22,-1.986028518475905,1.8863353313895979,0.29336153416160765,-5.088774029958792,1.1167169930069822,281,False
INNOVATION,pooled,vix,asset_price,a,0.5,23,-3.3789992324704414,1.849451221579752,0.06881603435211563,-6.421075782155727,-0.33692268278515547,280,True
INNOVATION,pooled,vix,asset_price,a,0.5,24,-1.8051725576946183,1.8472203543406032,0.32934295978667477,-4.843579657310343,1.2332345419211066,279,True
INNOVATION,pooled,us10y,asset_price,a,0.5,0,-0.011918185664168052,0.07196023032269414,0.8685703584530564,-0.1302822315067148,0.1064458601783787,303,True
INNOVATION,pooled,us10y,asset_price,a,0.5,1,0.07065464031511914,0.07189653631026727,0.32656683657726715,-0.047604638200072186,0.18891391883031047,302,True
INNOVATION,pooled,us10y,asset_price,a,0.5,2,-0.026020105523589798,0.07304593255764398,0.7219407756292989,-0.14616997262508313,0.09412976157790354,301,True
INNOVATION,pooled,us10y,asset_price,a,0.5,3,-0.11065524865787901,0.07539118422210496,0.1432715873970759,-0.23466271146577494,0.01335221415001693,300,True
INNOVATION,pooled,us10y,asset_price,a,0.5,4,-0.0019563996368696657,0.07532694239165731,0.9792977598681938,-0.1258581940369518,0.12194539476321246,299,True
INNOVATION,pooled,us10y,asset_price,a,0.5,5,0.030334472860225503,0.07415787105221389,0.682809335041916,-0.09164437030700809,0.1523133160274591,298,True
INNOVATION,pooled,us10y,asset_price,a,0.5,6,-0.0243435519624855,0.07585089695287303,0.7484930834397758,-0.14910717492294107,0.10042007099797008,297,True
INNOVATION,pooled,us10y,asset_price,a,0.5,7,-0.05905781442371949,0.07739516137820647,0.4460603670979692,-0.1863615263251569,0.06824589747771792,296,True
INNOVATION,pooled,us10y,asset_price,a,0.5,8,0.015648953370381524,0.07744594723528393,0.8400137532346253,-0.1117382938322676,0.14303620057303065,295,True
INNOVATION,pooled,us10y,asset_price,a,0.5,9,-0.015289541500859372,0.07556103146653316,0.8397924716571448,-0.13957637816478075,0.10899729516306202,294,False
INNOVATION,pooled,us10y,asset_price,a,0.5,10,0.05960012167228934,0.07326055514255916,0.4166043710357227,-0.06090276816642742,0.1801030115110061,293,True
INNOVATION,pooled,us10y,asset_price,a,0.5,11,-0.18495990245066363,0.07431044687278757,0.01339491693450672,-0.30718971050975297,-0.06273009439157431,292,True
INNOVATION,pooled,us10y,asset_price,a,0.5,12,0.04035329805270982,0.07777205632714666,0.604268260721377,-0.08757035087247156,0.1682769469778912,291,True
INNOVATION,pooled,us10y,asset_price,a,0.5,13,0.05019940435368575,0.07711428042741103,0.5156047530939611,-0.0766422994970942,0.1770411082044657,290,False
INNOVATION,pooled,us10y,asset_price,a,0.5,14,-0.11039682267846235,0.07207623194544964,0.12675404107840263,-0.22895167421093077,0.008158028854006058,289,True
INNOVATION,pooled,us10y,asset_price,a,0.5,15,-0.05320527313187817,0.07821879204770159,0.4969452721245856,-0.1818637369273031,0.07545319066354675,288,False
INNOVATION,pooled,us10y,asset_price,a,0.5,16,-0.09827260562272638,0.07774817313607692,0.2073132137006093,-0.22615697019445352,0.029611758949000755,287,True
INNOVATION,pooled,us10y,asset_price,a,0.5,17,0.05459058352001861,0.07903160750535337,0.4903156651925352,-0.07540484272896708,0.1845860097690043,286,True
INNOVATION,pooled,us10y,asset_price,a,0.5,18,0.029501719072019483,0.07989437011156189,0.7122229979805356,-0.10191282537898638,0.16091626352302535,285,True
INNOVATION,pooled,us10y,asset_price,a,0.5,19,0.021813305975551422,0.07967294143810019,0.7844587004399394,-0.10923702071879993,0.15286363266990277,284,True
INNOVATION,pooled,us10y,asset_price,a,0.5,20,0.037255195052704415,0.07932216191213458,0.6389716993521144,-0.09321815066610206,0.1677285407715109,283,False
INNOVATION,pooled,us10y,asset_price,a,0.5,21,0.05330480808783755,0.07921563182562556,0.5015858246282846,-0.07699331123179512,0.18360292740747022,282,True
INNOVATION,pooled,us10y,asset_price,a,0.5,22,-0.09322124073708121,0.07622018771544194,0.22238850430437615,-0.21859229294774793,0.032149811473585505,281,True
INNOVATION,pooled,us10y,asset_price,a,0.5,23,-0.014851568986102182,0.07401442680478969,0.8411195274200027,-0.13659446736269476,0.1068913293904904,280,True
INNOVATION,pooled,us10y,asset_price,a,0.5,24,0.07256383015762827,0.07268686891266572,0.31904107076404714,-0.04699542980511616,0.1921230901203727,279,True
INNOVATION,pooled,ip,real_macro,a,0.5,0,0.06489874857989264,0.16148358329362136,0.6880615238839574,-0.2007181090937406,0.3305156062535259,303,True
INNOVATION,pooled,ip,real_macro,a,0.5,1,-0.16151117672763515,0.1584561138509923,0.308925431087977,-0.4221482903080752,0.09912593685280491,302,True
INNOVATION,pooled,ip,real_macro,a,0.5,2,0.04376662611796389,0.1635503534954993,0.7891968451841612,-0.2252497660183035,0.31278301825423127,301,True
INNOVATION,pooled,ip,real_macro,a,0.5,3,0.3380469705141219,0.1780747770427384,0.05865751485160806,0.04514002762679886,0.630953913401445,300,True
INNOVATION,pooled,ip,real_macro,a,0.5,4,-0.20414377399989414,0.18025450275396276,0.25836325596882237,-0.500636046629084,0.09234849862929567,299,True
INNOVATION,pooled,ip,real_macro,a,0.5,5,0.058532563817056626,0.18062651623468115,0.7461364363163677,-0.23857161653516762,0.35563674416928087,298,True
INNOVATION,pooled,ip,real_macro,a,0.5,6,0.16633830504668734,0.18478144362208512,0.36878480854723844,-0.13760012268842836,0.47027673278180304,297,True
INNOVATION,pooled,ip,real_macro,a,0.5,7,0.04512306253717746,0.18398221861871136,0.8064352584453139,-0.2575007570523886,0.34774688212674354,296,True
INNOVATION,pooled,ip,real_macro,a,0.5,8,-0.21920713249323853,0.1766449125440222,0.21566000101080743,-0.5097621575737991,0.07134789258732199,295,True
INNOVATION,pooled,ip,real_macro,a,0.5,9,0.027744240848058932,0.17262264210909364,0.8724283268794724,-0.25619473811902965,0.3116832198151475,294,True
INNOVATION,pooled,ip,real_macro,a,0.5,10,-0.12484260765497268,0.17710819398219718,0.48146385940918657,-0.41615966288941464,0.16647444757946928,293,True
INNOVATION,pooled,ip,real_macro,a,0.5,11,-0.019357246136139816,0.184646097569898,0.9165828814863183,-0.32307304942642195,0.2843585571541423,292,True
INNOVATION,pooled,ip,real_macro,a,0.5,12,0.019523212477739804,0.17645306272998823,0.911979945722978,-0.270716247740377,0.3097626726958566,291,True
INNOVATION,pooled,ip,real_macro,a,0.5,13,0.1967373069500044,0.18266073873365632,0.28239218146397144,-0.10371287165768545,0.49718748555769426,290,True
INNOVATION,pooled,ip,real_macro,a,0.5,14,-0.20932444080233337,0.18445355109237574,0.25743241596864413,-0.5127235333207063,0.09407465171603957,289,True
INNOVATION,pooled,ip,real_macro,a,0.5,15,0.31966645389414783,0.185899477163669,0.08664058493133292,0.013889024633104485,0.6254438831551912,288,True
INNOVATION,pooled,ip,real_macro,a,0.5,16,0.11357370350761231,0.18574630517719987,0.5414136422031999,-0.1919517802559399,0.4190991872711645,287,True
INNOVATION,pooled,ip,real_macro,a,0.5,17,-0.22080676312797853,0.17625439876034396,0.2113642645485216,-0.5107194501950814,0.06910592393912429,286,True
INNOVATION,pooled,ip,real_macro,a,0.5,18,-0.21615100427351064,0.18682532825146062,0.2483040570086924,-0.523451323054325,0.09114931450730368,285,True
INNOVATION,pooled,ip,real_macro,a,0.5,19,-0.0847674091244245,0.19321588964358075,0.66121627920038,-0.4025792659893237,0.23304444774047472,284,True
INNOVATION,pooled,ip,real_macro,a,0.5,20,-0.004744320533712543,0.19699743660650507,0.9808041320000525,-0.3287762686360651,0.31928762756864004,283,True
INNOVATION,pooled,ip,real_macro,a,0.5,21,-0.04182163640725485,0.20120841846086074,0.8355021418037167,-0.3727800332857712,0.2891367604712615,282,True
INNOVATION,pooled,ip,real_macro,a,0.5,22,0.027778005868478672,0.1988123680369255,0.888986790960135,-0.2992392387798692,0.35479525051682653,281,True
INNOVATION,pooled,ip,real_macro,a,0.5,23,0.16178881108319448,0.19962453810051878,0.4183971521112022,-0.16656433443995616,0.49014195660634513,280,True
INNOVATION,pooled,ip,real_macro,a,0.5,24,-0.004571816430539388,0.20583504702829583,0.9822963029296247,-0.34314034008875866,0.3339967072276799,279,True
INNOVATION,pooled,cpi,real_macro,a,0.5,0,-0.03195813485397703,0.06010379125389387,0.5953313255986746,-0.13082007389147854,0.06690380418352447,303,True
INNOVATION,pooled,cpi,real_macro,a,0.5,1,-0.07066510642773056,0.06929358699998807,0.30868258540869675,-0.18464291432913832,0.04331270147367719,302,True
INNOVATION,pooled,cpi,real_macro,a,0.5,2,-0.12189944958786181,0.069729463581982,0.08150265443654867,-0.2365942106660655,-0.007204688509658122,301,True
INNOVATION,pooled,cpi,real_macro,a,0.5,3,-0.0438852226314046,0.07059474116776207,0.5346672207191132,-0.16000323868489846,0.07223279342208926,300,True
INNOVATION,pooled,cpi,real_macro,a,0.5,4,-0.0064153273070314265,0.07168917126674212,0.9287568691581085,-0.12433352067827748,0.11150286606421463,299,True
INNOVATION,pooled,cpi,real_macro,a,0.5,5,0.04795488934009251,0.06918068147463355,0.4887610491005886,-0.065837205498433,0.16174698417861802,298,True
INNOVATION,pooled,cpi,real_macro,a,0.5,6,0.03342794296761631,0.07179064136169572,0.6418378368148522,-0.08465715385734127,0.15151303979257388,297,True
INNOVATION,pooled,cpi,real_macro,a,0.5,7,-0.04693034734101771,0.07191496962168897,0.5145580031386827,-0.16521994595535777,0.07135925127332234,296,True
INNOVATION,pooled,cpi,real_macro,a,0.5,8,-0.039189497154971775,0.07296448525916158,0.5916209939430462,-0.15920539537215092,0.08082640106220737,295,True
INNOVATION,pooled,cpi,real_macro,a,0.5,9,0.051538554550065396,0.06637947665845186,0.4381546189163618,-0.05764596838672972,0.16072307748686052,294,True
INNOVATION,pooled,cpi,real_macro,a,0.5,10,0.0514835890269465,0.0673384200499097,0.44518570817732867,-0.059278255425329204,0.1622454334792222,293,True
INNOVATION,pooled,cpi,real_macro,a,0.5,11,0.03239534290200716,0.06895138485223863,0.6388456956424415,-0.08101959255552435,0.14581027835953866,292,True
INNOVATION,pooled,cpi,real_macro,a,0.5,12,0.023785505637991422,0.0710449771423551,0.7380330808604872,-0.0930730826912958,0.14064409396727864,291,True
INNOVATION,pooled,cpi,real_macro,a,0.5,13,-0.044309622052068454,0.0701471976964742,0.5281277675095478,-0.159691494603596,0.0710722504994591,290,True
INNOVATION,pooled,cpi,real_macro,a,0.5,14,-0.03339376538216765,0.072165946409689,0.6439197094700242,-0.1520961840765302,0.08530865331219488,289,True
INNOVATION,pooled,cpi,real_macro,a,0.5,15,-0.02528524734250493,0.07493843525704608,0.7360634648318659,-0.14854800437312524,0.09797750968811539,288,True
INNOVATION,pooled,cpi,real_macro,a,0.5,16,0.005237128761343968,0.07514682570991572,0.9444898708163291,-0.11836840006150105,0.128842657584189,287,True
INNOVATION,pooled,cpi,real_macro,a,0.5,17,-0.11062985990686358,0.07463809372465949,0.13944014504326713,-0.23339859907861366,0.012138879264886493,286,True
INNOVATION,pooled,cpi,real_macro,a,0.5,18,-0.11113110269570858,0.07140909257389971,0.12081334598594383,-0.22858860761320096,0.0063264022217837945,285,True
INNOVATION,pooled,cpi,real_macro,a,0.5,19,0.043538858381639844,0.07173364634665567,0.5443930132978435,-0.07445248998611097,0.16153020674939067,284,True
INNOVATION,pooled,cpi,real_macro,a,0.5,20,0.023756004798607844,0.07502657845195271,0.7517665165349656,-0.09965173488584574,0.1471637444830614,283,True
INNOVATION,pooled,cpi,real_macro,a,0.5,21,0.04951641096325704,0.07249451057230037,0.4951736834501898,-0.06972644768566308,0.16875926961217716,282,True
INNOVATION,pooled,cpi,real_macro,a,0.5,22,0.06944905634972964,0.07507912079232151,0.35579514907867366,-0.05404510779384808,0.19294322049330737,281,True
INNOVATION,pooled,cpi,real_macro,a,0.5,23,0.05630446935846817,0.07653156764306168,0.4625599566893255,-0.06957875725550378,0.1821876959724401,280,True
INNOVATION,pooled,cpi,real_macro,a,0.5,24,-0.008082230448327898,0.07585745751796408,0.915230589934634,-0.13285664457806834,0.11669218368141254,279,True
INNOVATION,pooled,infl_exp,real_macro,a,0.5,0,0.02206495056242508,0.0749555398808031,0.7686835766995367,-0.10122594107061962,0.14535584219546976,303,True
INNOVATION,pooled,infl_exp,real_macro,a,0.5,1,-0.08680944410749303,0.07477528473581432,0.24662860446507878,-0.20980384241152628,0.03618495419654022,302,True
INNOVATION,pooled,infl_exp,real_macro,a,0.5,2,-0.01616625702258112,0.07536931012292485,0.8303142473872408,-0.14013774013910435,0.10780522609394212,301,False
INNOVATION,pooled,infl_exp,real_macro,a,0.5,3,0.053305176447390745,0.07631798601886577,0.4854561496214431,-0.07222673965737236,0.17883709255215385,300,False
INNOVATION,pooled,infl_exp,real_macro,a,0.5,4,0.035193569363308974,0.07241808876230045,0.6273564772873974,-0.08392358659425457,0.15431072532087253,299,True
INNOVATION,pooled,infl_exp,real_macro,a,0.5,5,-0.009277233941439478,0.07148335123108607,0.8968309782851808,-0.12685688348053736,0.10830241559765842,298,True
INNOVATION,pooled,infl_exp,real_macro,a,0.5,6,0.04162532947051818,0.06922016908896847,0.5480903810873791,-0.07223171671366578,0.15548237565470213,297,True
INNOVATION,pooled,infl_exp,real_macro,a,0.5,7,-0.03765602248333943,0.07312717346395751,0.6069991300613792,-0.15793951898423939,0.08262747401756054,296,True
INNOVATION,pooled,infl_exp,real_macro,a,0.5,8,-0.030013075232515174,0.07382986344616654,0.684672394242813,-0.15145239389927412,0.09142624343424378,295,True
INNOVATION,pooled,infl_exp,real_macro,a,0.5,9,-0.03550330691495773,0.07496610877399945,0.6361603233334023,-0.15881158283030933,0.08780496900039385,294,False
INNOVATION,pooled,infl_exp,real_macro,a,0.5,10,-0.10648138944400554,0.07800369355223238,0.17332721622294459,-0.23478604769900613,0.021823268810995056,293,True
INNOVATION,pooled,infl_exp,real_macro,a,0.5,11,-0.0037602911576755105,0.0762462666421647,0.9607015207656371,-0.12917423938554917,0.12165365707019815,292,True
INNOVATION,pooled,infl_exp,real_macro,a,0.5,12,0.00859311913372951,0.07937205242272515,0.913864825118973,-0.12196228917237234,0.13914852743983136,291,True
INNOVATION,pooled,infl_exp,real_macro,a,0.5,13,-0.07283319694785462,0.07613112580935315,0.3395655379259467,-0.19805775535926798,0.052391361463558744,290,True
INNOVATION,pooled,infl_exp,real_macro,a,0.5,14,0.021671500959739465,0.07789981170855889,0.7810701221891162,-0.10646228686792039,0.14980528878739932,289,True
INNOVATION,pooled,infl_exp,real_macro,a,0.5,15,0.03770201427527953,0.078565928291606,0.6316974046643439,-0.09152743782997788,0.16693146638053694,288,True
INNOVATION,pooled,infl_exp,real_macro,a,0.5,16,0.032808821246892106,0.0782399583250395,0.6753004549887882,-0.09588445797658113,0.16150210047036534,287,True
INNOVATION,pooled,infl_exp,real_macro,a,0.5,17,0.10878716390862753,0.07964895654217785,0.17311971304445492,-0.022223711142673908,0.23979803895992896,286,True
INNOVATION,pooled,infl_exp,real_macro,a,0.5,18,-0.19327621858092137,0.07871277360996716,0.014698688001265427,-0.32274720974068594,-0.06380522742115677,285,True
INNOVATION,pooled,infl_exp,real_macro,a,0.5,19,0.012479475084250069,0.07942114260932444,0.8752595238174358,-0.11815667939332733,0.14311562956182747,284,True
INNOVATION,pooled,infl_exp,real_macro,a,0.5,20,0.06225463945943704,0.07842901388288046,0.4280286726064214,-0.06674960848404624,0.19125888740292032,283,True
INNOVATION,pooled,infl_exp,real_macro,a,0.5,21,-0.047256184514249844,0.08189103109458115,0.5643821333915405,-0.18195494402496745,0.08744257499646776,282,True
INNOVATION,pooled,infl_exp,real_macro,a,0.5,22,0.07059967294880787,0.08198585949196276,0.3899445326082611,-0.06425506539528086,0.2054544112928966,281,True
INNOVATION,pooled,infl_exp,real_macro,a,0.5,23,0.0297272234950392,0.08539636559498212,0.7280338280715825,-0.11073729818234104,0.17019174517241945,280,True
INNOVATION,pooled,infl_exp,real_macro,a,0.5,24,0.010199757917055408,0.08308040316426984,0.9023825073749268,-0.1264553445562844,0.14685486039039522,279,True
INNOVATION,pooled,freight,physical_channel,a,0.5,0,-0.0015167884049391775,0.0036839702623415963,0.6808450454378686,-0.007576380252533118,0.004542803442654763,303,True
INNOVATION,pooled,freight,physical_channel,a,0.5,1,-0.0018840331915586858,0.0038333472020689475,0.6234577098064925,-0.008189328240246072,0.004421261857128701,302,True
INNOVATION,pooled,freight,physical_channel,a,0.5,2,0.0014739124438614285,0.0036152342073685053,0.6838016528680168,-0.004472618654407688,0.007420443542130545,301,True
INNOVATION,pooled,freight,physical_channel,a,0.5,3,-0.003494496781117876,0.003722586794480944,0.348662460699494,-0.009617607171661512,0.00262861360942576,300,True
INNOVATION,pooled,freight,physical_channel,a,0.5,4,-0.0019229991799761328,0.0037304042732325595,0.6066078354465284,-0.00805896817879798,0.004212969818845713,299,True
INNOVATION,pooled,freight,physical_channel,a,0.5,5,-0.002319474024725144,0.003725585741276832,0.5340603194539538,-0.00844751724378303,0.003808569194332742,298,True
INNOVATION,pooled,freight,physical_channel,a,0.5,6,-0.002192189065922945,0.0038055120620307634,0.5650349730638845,-0.008451699383561821,0.004067321251715932,297,True
INNOVATION,pooled,freight,physical_channel,a,0.5,7,0.006484826443773857,0.003959195138352497,0.10255463743954263,-2.7470039353883792e-05,0.012997122926901597,296,True
INNOVATION,pooled,freight,physical_channel,a,0.5,8,0.0044525990755423595,0.003972050229032918,0.2632523635023602,-0.002080842150115862,0.01098604030120058,295,True
INNOVATION,pooled,freight,physical_channel,a,0.5,9,-0.0040943626013857926,0.003917584458859343,0.2968669537560565,-0.010538215607429303,0.002349490404657718,294,True
INNOVATION,pooled,freight,physical_channel,a,0.5,10,0.00259395773389718,0.0039971403121270245,0.5169023296038723,-0.003980753005938896,0.009168668473733255,293,True
INNOVATION,pooled,freight,physical_channel,a,0.5,11,0.0041182313756846466,0.0038683146096510756,0.28797800901454446,-0.0022445799401892936,0.010481042691558588,292,True
INNOVATION,pooled,freight,physical_channel,a,0.5,12,0.0031972451626149853,0.0039179198471111275,0.41516883900330137,-0.0032471595080109106,0.009641649833240881,291,True
INNOVATION,pooled,freight,physical_channel,a,0.5,13,0.0004629841835991728,0.004134140883971893,0.9109124039837018,-0.006337072443730361,0.007263040810928706,290,True
INNOVATION,pooled,freight,physical_channel,a,0.5,14,0.0038345999150079663,0.004305961844816879,0.3739583347883411,-0.0032480770429537302,0.010917276872969662,289,True
INNOVATION,pooled,freight,physical_channel,a,0.5,15,-6.064399248605079e-05,0.004137787404970795,0.988317176494516,-0.0068666986131063834,0.006745410628134282,288,True
INNOVATION,pooled,freight,physical_channel,a,0.5,16,-0.00623542936845299,0.004082815510051504,0.12785967360542858,-0.012951063268334931,0.0004802045314289509,287,True
INNOVATION,pooled,freight,physical_channel,a,0.5,17,-0.002159805167279137,0.0040535678632018695,0.5945960933925584,-0.008827330969160661,0.004507720634602388,286,True
INNOVATION,pooled,freight,physical_channel,a,0.5,18,-0.002441896362820122,0.003950982634323092,0.5370628411524473,-0.008940684478908742,0.004056891753268498,285,True
INNOVATION,pooled,freight,physical_channel,a,0.5,19,0.0021041809992228063,0.004001703859078526,0.5994439912174335,-0.004478036107368209,0.008686398105813823,284,True
INNOVATION,pooled,freight,physical_channel,a,0.5,20,-0.0004400174143255487,0.004026820500489473,0.9130684825564395,-0.007063547719638201,0.006183512890987104,283,True
INNOVATION,pooled,freight,physical_channel,a,0.5,21,0.004096904617091987,0.0038840546580358707,0.2924663447331908,-0.0022917967744560752,0.010485606008640048,282,True
INNOVATION,pooled,freight,physical_channel,a,0.5,22,-0.0012192259996235666,0.0041077910912435765,0.7668437211789417,-0.007975941074814509,0.005537489075567377,281,True
INNOVATION,pooled,freight,physical_channel,a,0.5,23,0.0031081661816072664,0.004118311572275727,0.451085529837717,-0.003665853544966683,0.009882185908181216,280,True
INNOVATION,pooled,freight,physical_channel,a,0.5,24,0.0005219112702750505,0.003965137098929234,0.8953807667518595,-0.006000158868258539,0.00704398140880864,279,True
INNOVATION,pooled,oil,asset_price,a,0.75,0,0.029985479967135575,0.02594543612424443,0.24875309606031998,-0.01269096474466562,0.07266192467893677,303,True
INNOVATION,pooled,oil,asset_price,a,0.75,1,-0.043314530839665355,0.026272509909422564,0.10030694388388976,-0.08652896405329755,-0.00010009762603315625,302,True
INNOVATION,pooled,oil,asset_price,a,0.75,2,0.04138167043454777,0.023543041723428172,0.07986414920445135,0.002656812866297098,0.08010652800279844,301,False
INNOVATION,pooled,oil,asset_price,a,0.75,3,-0.06336976538250716,0.03665715219620386,0.08493932232189115,-0.1236654151261452,-0.0030741156388691196,300,True
INNOVATION,pooled,oil,asset_price,a,0.75,4,0.06749717641869221,0.02893389702186186,0.020354329595521733,0.019905150960442333,0.11508920187694209,299,True
INNOVATION,pooled,oil,asset_price,a,0.75,5,-0.020342952096129033,0.03819715643514958,0.594742410867364,-0.08317168339771758,0.04248577920545951,298,True
INNOVATION,pooled,oil,asset_price,a,0.75,6,0.0019326186712115279,0.03673588671543963,0.9580809864203198,-0.05849253783195776,0.06235777517438081,297,True
INNOVATION,pooled,oil,asset_price,a,0.75,7,0.04126974976598566,0.02608955393786221,0.11480479481317214,-0.0016437476542530624,0.08418324718622439,296,True
INNOVATION,pooled,oil,asset_price,a,0.75,8,0.007290085388741032,0.025258090149403188,0.773082092185549,-0.03425577580337205,0.04883594658085412,295,True
INNOVATION,pooled,oil,asset_price,a,0.75,9,-0.021532250618792048,0.03467243648745407,0.5350921609498774,-0.07856333353042544,0.03549883229284134,294,True
INNOVATION,pooled,oil,asset_price,a,0.75,10,0.023357438364255467,0.029346192765142772,0.426750918283457,-0.024912753242706677,0.0716276299712176,293,True
INNOVATION,pooled,oil,asset_price,a,0.75,11,-0.03171328380411514,0.03740796844712631,0.3972964065033107,-0.09324391638125708,0.029817348773026803,292,True
INNOVATION,pooled,oil,asset_price,a,0.75,12,0.03383367250106978,0.02611575042071709,0.19621689888719543,-0.009122914299006163,0.07679025930114572,291,True
INNOVATION,pooled,oil,asset_price,a,0.75,13,-0.030700914317735584,0.03265280736282279,0.34792542741389887,-0.08441000293862239,0.02300817430315122,290,True
INNOVATION,pooled,oil,asset_price,a,0.75,14,0.04887816085418334,0.033129268991510155,0.1412552165460145,-0.005614637404753084,0.10337095911311976,289,True
INNOVATION,pooled,oil,asset_price,a,0.75,15,-0.023275308568243502,0.02719688866259991,0.39285187902636864,-0.06801020952671634,0.021459592390229335,288,True
INNOVATION,pooled,oil,asset_price,a,0.75,16,0.008775518711453552,0.03649635016398205,0.810162492619917,-0.05125563522626327,0.06880667264917037,287,True
INNOVATION,pooled,oil,asset_price,a,0.75,17,-0.08850756452869288,0.024934984293197425,0.0004545230612140723,-0.12952196388133666,-0.0474931651760491,286,True
INNOVATION,pooled,oil,asset_price,a,0.75,18,-0.0037707646901180003,0.025890013699362967,0.8843094971500998,-0.04635604762533848,0.03881451824510248,285,True
INNOVATION,pooled,oil,asset_price,a,0.75,19,0.04654816568885328,0.03614385318310697,0.1988979393536429,-0.012903182311381732,0.1059995136890883,284,True
INNOVATION,pooled,oil,asset_price,a,0.75,20,0.008270445798008723,0.025650343044238688,0.7473772429272014,-0.03392061399085675,0.0504615055868742,283,True
INNOVATION,pooled,oil,asset_price,a,0.75,21,0.015775510012843164,0.02667701576197101,0.5547829546778302,-0.02810427611947644,0.05965529614516277,282,True
INNOVATION,pooled,oil,asset_price,a,0.75,22,-0.0037245604183077097,0.03537700803473953,0.9162311337422216,-0.0619145603949404,0.05446543955832498,281,True
INNOVATION,pooled,oil,asset_price,a,0.75,23,0.004793509632866372,0.025792343764549565,0.8527039598169858,-0.03763112055583217,0.04721813982156491,280,True
INNOVATION,pooled,oil,asset_price,a,0.75,24,0.05961155386340823,0.027943322415895935,0.03381865820581838,0.013648878638547426,0.10557422908826904,279,True
INNOVATION,pooled,dxy,asset_price,a,0.75,0,0.0025308574279360296,0.007572677503360738,0.7384642043516737,-0.0099250886292007,0.01498680348507276,303,True
INNOVATION,pooled,dxy,asset_price,a,0.75,1,0.0013043824825191286,0.005505165394858598,0.812873389292125,-0.0077508087841817695,0.010359573749220027,302,True
INNOVATION,pooled,dxy,asset_price,a,0.75,2,0.004046600034063319,0.005755996131915334,0.48261103194337684,-0.005421171080236263,0.0135143711483629,301,True
INNOVATION,pooled,dxy,asset_price,a,0.75,3,0.00503622523983218,0.0078972979990179,0.5241694509210897,-0.007953674016969017,0.018026124496633378,300,True
INNOVATION,pooled,dxy,asset_price,a,0.75,4,-0.0008420748266732697,0.004916217222505153,0.8641211326768342,-0.008928532555992163,0.007244382902645624,299,True
INNOVATION,pooled,dxy,asset_price,a,0.75,5,0.00883865841468022,0.005501615643845041,0.1092628450677444,-0.0002106940311912553,0.017888010860551695,298,True
INNOVATION,pooled,dxy,asset_price,a,0.75,6,-0.007826575281299705,0.0052393389033423814,0.13633945554299137,-0.016444520879290367,0.0007913703166909595,297,True
INNOVATION,pooled,dxy,asset_price,a,0.75,7,0.0020504136281536867,0.005737747686546956,0.721093244684509,-0.007387341464595493,0.011488168720902865,296,True
INNOVATION,pooled,dxy,asset_price,a,0.75,8,-0.015147473553166257,0.005369086139769729,0.005124909543436777,-0.023978834363581378,-0.006316112742751139,295,True
INNOVATION,pooled,dxy,asset_price,a,0.75,9,-0.0007979753055782353,0.00791286258959243,0.9197454072651362,-0.013813476035637963,0.012217525424481492,294,True
INNOVATION,pooled,dxy,asset_price,a,0.75,10,-0.008121726122559226,0.00623919401052131,0.19408355597354832,-0.018384287020019104,0.0021408347749006535,293,True
INNOVATION,pooled,dxy,asset_price,a,0.75,11,0.0004448875284571163,0.006002351474057457,0.9409691010711113,-0.009428102063883807,0.01031787712079804,292,True
INNOVATION,pooled,dxy,asset_price,a,0.75,12,-0.001999779350329696,0.006060348796928047,0.7416662972015101,-0.011968166049547785,0.007968607348888393,291,True
INNOVATION,pooled,dxy,asset_price,a,0.75,13,0.004050495645344626,0.006281948468190482,0.5196031692765358,-0.006282390076880733,0.014383381367569986,290,True
INNOVATION,pooled,dxy,asset_price,a,0.75,14,-0.018881104968487494,0.00569098907870447,0.0010298377251642973,-0.02824194899553576,-0.00952026094143923,289,True
INNOVATION,pooled,dxy,asset_price,a,0.75,15,-0.0021170028017477305,0.005457579224998934,0.6983901581869527,-0.011093921784362233,0.006859916180866772,288,True
INNOVATION,pooled,dxy,asset_price,a,0.75,16,0.004482555445070535,0.005903098637211721,0.44829459109457986,-0.005227177758599457,0.014192288648740527,287,True
INNOVATION,pooled,dxy,asset_price,a,0.75,17,-0.0063352964786693305,0.006359968008156523,0.3200767780995297,-0.01679651292418092,0.004125919966842256,286,True
INNOVATION,pooled,dxy,asset_price,a,0.75,18,-0.015281900668087059,0.005866228677021382,0.009693079182523616,-0.024930988184012418,-0.005632813152161702,285,True
INNOVATION,pooled,dxy,asset_price,a,0.75,19,-0.005480394461959217,0.00523615310139904,0.2961993137435096,-0.014093099882068628,0.003132310958150194,284,True
INNOVATION,pooled,dxy,asset_price,a,0.75,20,0.0006652037270731478,0.005304200461282548,0.900292056780192,-0.008059429639745123,0.009389837093891419,283,True
INNOVATION,pooled,dxy,asset_price,a,0.75,21,-0.00345568097819993,0.00810961305871049,0.6703613089995687,-0.016794807430992903,0.009883445474593041,282,True
INNOVATION,pooled,dxy,asset_price,a,0.75,22,0.0006864366538773398,0.005212728572379774,0.8953328534326206,-0.0078877388447151,0.00926061215246978,281,True
INNOVATION,pooled,dxy,asset_price,a,0.75,23,-0.014615309445137142,0.005808000708542263,0.012444659379604381,-0.024168620475919604,-0.005061998414354681,280,True
INNOVATION,pooled,dxy,asset_price,a,0.75,24,-0.010254642688452982,0.006322521986615045,0.10600898457013279,-0.020654265909617164,0.0001449805327112027,279,True
INNOVATION,pooled,vix,asset_price,a,0.75,0,0.4903642750089148,1.57882996967984,0.7563383868142014,-2.106579926958653,3.0873084769764825,303,True
INNOVATION,pooled,vix,asset_price,a,0.75,1,-3.2381278887544056,1.5191404358626073,0.033890087321791385,-5.736891544531655,-0.7393642329771559,302,True
INNOVATION,pooled,vix,asset_price,a,0.75,2,-2.326827679644339,1.7100959255463817,0.17469454332688802,-5.139685165214239,0.48602980592556166,301,False
INNOVATION,pooled,vix,asset_price,a,0.75,3,-2.951041849353121,1.6764924629415938,0.07943473067121293,-5.708626557579408,-0.1934571411268342,300,True
INNOVATION,pooled,vix,asset_price,a,0.75,4,-2.4305438064135103,1.825193704387138,0.18403485003473014,-5.432720290963688,0.571632678136667,299,True
INNOVATION,pooled,vix,asset_price,a,0.75,5,-0.016247631197821022,2.3531110342467514,0.9944957021061868,-3.8867708504981198,3.8542755881024777,298,True
INNOVATION,pooled,vix,asset_price,a,0.75,6,4.859599254370043,2.5912209529967223,0.06176599703270042,0.5974200716007338,9.121778437139351,297,True
INNOVATION,pooled,vix,asset_price,a,0.75,7,-0.3651405275211346,2.962273596290305,0.9019861638302896,-5.237646996401824,4.507365941359555,296,True
INNOVATION,pooled,vix,asset_price,a,0.75,8,0.4426209549289979,2.57644939907817,0.86372240255745,-3.7952611838016708,4.6805030936596665,295,True
INNOVATION,pooled,vix,asset_price,a,0.75,9,-0.14303644509510605,3.6873852000800023,0.9690848608298402,-6.208245365413878,5.9221724752236655,294,True
INNOVATION,pooled,vix,asset_price,a,0.75,10,-2.5200873665403662,3.2628526304203165,0.4405567191561049,-7.887002349895376,2.846827616814643,293,True
INNOVATION,pooled,vix,asset_price,a,0.75,11,3.349200946543357,4.091918795412839,0.4137776002409134,-3.381406525282351,10.079808418369065,292,True
INNOVATION,pooled,vix,asset_price,a,0.75,12,3.934788193287403,3.5089772930398415,0.2631104951260663,-1.836965834059539,9.706542220634345,291,True
INNOVATION,pooled,vix,asset_price,a,0.75,13,0.9978942003799602,3.451911227555267,0.772733694938479,-4.679994502178829,6.675782902938749,290,False
INNOVATION,pooled,vix,asset_price,a,0.75,14,-4.477039334076686,3.0855035744856405,0.14792195818602738,-9.552241079541123,0.5981624113877517,289,True
INNOVATION,pooled,vix,asset_price,a,0.75,15,1.2749527253365542,3.345575716939929,0.7034346041204259,-4.22802962691286,6.777935077585968,288,True
INNOVATION,pooled,vix,asset_price,a,0.75,16,3.167431016873138,3.1470602561308323,0.3150793550644155,-2.0090224596584907,8.343884493404767,287,False
INNOVATION,pooled,vix,asset_price,a,0.75,17,1.6929022977382573,3.5389052599756607,0.6327719163052294,-4.128078854570351,7.513883450046865,286,True
INNOVATION,pooled,vix,asset_price,a,0.75,18,-3.055131620437294,3.4247487275717456,0.3731443050519269,-8.688341986381118,2.5780787455065317,285,True
INNOVATION,pooled,vix,asset_price,a,0.75,19,-3.7397483417462354,3.186314006499834,0.24155305775608338,-8.980768491943763,1.5012718084512935,284,False
INNOVATION,pooled,vix,asset_price,a,0.75,20,-5.608073011488443,3.1731717745804775,0.07830509491507105,-10.827476113847181,-0.388669909129705,283,True
INNOVATION,pooled,vix,asset_price,a,0.75,21,-5.967206618224736,3.8895658614641615,0.12617056201698448,-12.364973132720689,0.43055989627121694,282,False
INNOVATION,pooled,vix,asset_price,a,0.75,22,-2.830025866732683,3.5479628155522165,0.4257835248306567,-8.665905372182703,3.005853638717338,281,True
INNOVATION,pooled,vix,asset_price,a,0.75,23,-1.34767198887711,3.576890441970566,0.7066434676311546,-7.23113320556045,4.53578922780623,280,True
INNOVATION,pooled,vix,asset_price,a,0.75,24,-2.887911192186607,2.6341810305059767,0.27393307649217047,-7.22075341426113,1.4449310298879157,279,True
INNOVATION,pooled,us10y,asset_price,a,0.75,0,-0.042687150400748664,0.06836843396649607,0.5328776647959457,-0.15514321697953196,0.06976891617803463,303,True
INNOVATION,pooled,us10y,asset_price,a,0.75,1,0.08701120147075514,0.0921293824838561,0.3457335644462839,-0.064528147456615,0.23855055039812528,302,True
INNOVATION,pooled,us10y,asset_price,a,0.75,2,-0.012776205745749628,0.06834627763428992,0.8518448836168863,-0.12519582840114368,0.09964341690964444,301,True
INNOVATION,pooled,us10y,asset_price,a,0.75,3,-0.08337686180419311,0.06844813154327624,0.2241888349327863,-0.1959640192312025,0.029210295622816282,300,True
INNOVATION,pooled,us10y,asset_price,a,0.75,4,0.02585501219338049,0.06691937521334282,0.6995178855310692,-0.0842175648396129,0.13592758922637388,299,True
INNOVATION,pooled,us10y,asset_price,a,0.75,5,0.049213597457505864,0.10420252681275267,0.6370839722004108,-0.1221843067079584,0.22061150162297014,298,True
INNOVATION,pooled,us10y,asset_price,a,0.75,6,0.07339230630879429,0.07178796038321854,0.30748915930854,-0.04468838069899132,0.1914729933165799,297,True
INNOVATION,pooled,us10y,asset_price,a,0.75,7,0.05968224139992617,0.06994158687236392,0.39420856668729914,-0.055361431441823095,0.17472591424167544,296,True
INNOVATION,pooled,us10y,asset_price,a,0.75,8,-0.05344446347168463,0.07236830654154909,0.4608230842298721,-0.1724797349628876,0.06559080801951835,295,True
INNOVATION,pooled,us10y,asset_price,a,0.75,9,-0.08621699887261913,0.0641838709679471,0.18026858463637332,-0.19179007182603222,0.019356074080793956,294,True
INNOVATION,pooled,us10y,asset_price,a,0.75,10,-0.011053206992188203,0.06859134903100064,0.8720952025715196,-0.12387593622332396,0.10176952223894756,293,True
INNOVATION,pooled,us10y,asset_price,a,0.75,11,-0.058341855464676795,0.07345999820743238,0.42775702544023925,-0.17917279995202057,0.06248908902266699,292,True
INNOVATION,pooled,us10y,asset_price,a,0.75,12,-0.03159700495017159,0.0742542377530772,0.6707847013848738,-0.15373435723483755,0.09054034733449437,291,True
INNOVATION,pooled,us10y,asset_price,a,0.75,13,0.11959580728019792,0.10382155038187853,0.25034410140406727,-0.05117544642115998,0.29036706098155585,290,True
INNOVATION,pooled,us10y,asset_price,a,0.75,14,-0.06219363254986465,0.06752322255525686,0.35782104384837804,-0.17325945007333035,0.048872184973601046,289,True
INNOVATION,pooled,us10y,asset_price,a,0.75,15,-0.017376534322494308,0.0669771560894025,0.7954908086786588,-0.12754415243904288,0.09279108379405426,288,True
INNOVATION,pooled,us10y,asset_price,a,0.75,16,-0.11677523091395603,0.06734834115505901,0.08406490079492719,-0.22755339413201997,-0.005997067695892103,287,True
INNOVATION,pooled,us10y,asset_price,a,0.75,17,-0.004258390896785702,0.06802758197242294,0.9501325929339105,-0.11615380583686416,0.10763702404329276,286,True
INNOVATION,pooled,us10y,asset_price,a,0.75,18,0.035112647640600514,0.06856309131886493,0.6089829239827316,-0.07766360179023946,0.14788889707144048,285,True
INNOVATION,pooled,us10y,asset_price,a,0.75,19,0.09030873405337303,0.06327738793823115,0.15468113546353476,-0.013773307000841811,0.19439077510758787,284,True
INNOVATION,pooled,us10y,asset_price,a,0.75,20,0.10818082112715022,0.06604600746322292,0.10259886568298265,-0.0004551937943960138,0.21681683604869645,283,True
INNOVATION,pooled,us10y,asset_price,a,0.75,21,0.13132661375582222,0.10031064898550032,0.19158827188550523,-0.03366972104983401,0.29632294856147845,282,True
INNOVATION,pooled,us10y,asset_price,a,0.75,22,-0.10714423942427286,0.10088559754105042,0.2891785380764632,-0.27308628044683614,0.05879780159829044,281,True
INNOVATION,pooled,us10y,asset_price,a,0.75,23,0.011417006479310876,0.07059792636705182,0.8716501273809212,-0.10470624876078728,0.12754026171940902,280,True
INNOVATION,pooled,us10y,asset_price,a,0.75,24,0.06508074383513085,0.06581768470449945,0.3236613605746894,-0.0431797135686135,0.1733412012388752,279,True
INNOVATION,pooled,ip,real_macro,a,0.75,0,0.019304861532346784,0.1743855396451911,0.9119293456789824,-0.26753382584093555,0.3061435489056291,303,True
INNOVATION,pooled,ip,real_macro,a,0.75,1,-0.44492921544569786,0.1740552229121817,0.011093885345314873,-0.7312245801426469,-0.1586338507487488,302,True
INNOVATION,pooled,ip,real_macro,a,0.75,2,-0.33985759578671004,0.16062512195504042,0.035219249507957996,-0.6040624102139809,-0.07565278135943926,301,True
INNOVATION,pooled,ip,real_macro,a,0.75,3,0.45635905012187017,0.19763337486253546,0.021649649588559767,0.13128107667256883,0.7814370235711715,300,True
INNOVATION,pooled,ip,real_macro,a,0.75,4,-0.22364910335593857,0.2566724927248188,0.3843017306260548,-0.645837783953032,0.19853957724115495,299,True
INNOVATION,pooled,ip,real_macro,a,0.75,5,0.059623297089980154,0.17890834427728936,0.7391826558318059,-0.2346547418864019,0.3539013360663622,298,True
INNOVATION,pooled,ip,real_macro,a,0.75,6,0.006499837926356639,0.23503996102981098,0.97795745766011,-0.3801064944520607,0.3931061703047739,297,True
INNOVATION,pooled,ip,real_macro,a,0.75,7,-0.05718008746980008,0.23570889199249614,0.8085011202867298,-0.44488671336837016,0.33052653842877,296,True
INNOVATION,pooled,ip,real_macro,a,0.75,8,0.09821444441461763,0.23607776169131603,0.6777086607343769,-0.29009891814592886,0.4865278069751641,295,True
INNOVATION,pooled,ip,real_macro,a,0.75,9,0.033544080596299874,0.15523223121019952,0.8290751952607183,-0.22179021792956632,0.2888783791221661,294,True
INNOVATION,pooled,ip,real_macro,a,0.75,10,-0.35787718681701386,0.17988273010498976,0.04762192628266814,-0.653757947856139,-0.061996425777888664,293,True
INNOVATION,pooled,ip,real_macro,a,0.75,11,-0.1605644175224601,0.16351210355492338,0.3269671204908919,-0.4295178941052405,0.10838905906032031,292,True
INNOVATION,pooled,ip,real_macro,a,0.75,12,0.04086702453615687,0.1570713301091485,0.7949172131025523,-0.21749232248396805,0.2992263715562818,291,True
INNOVATION,pooled,ip,real_macro,a,0.75,13,0.2298716745111733,0.16865509900600595,0.1740032002909474,-0.04754127679271525,0.5072846258150618,290,True
INNOVATION,pooled,ip,real_macro,a,0.75,14,-0.49781709962329995,0.14207288579674884,0.0005349300960375947,-0.7315062011175446,-0.2641279981290553,289,True
INNOVATION,pooled,ip,real_macro,a,0.75,15,0.46829054334338194,0.17664476825501876,0.008491753804408966,0.17773575559711202,0.7588453310896519,288,True
INNOVATION,pooled,ip,real_macro,a,0.75,16,0.11503836592091954,0.17836311428159107,0.519490038964162,-0.17834284951951546,0.40841958136135453,287,True
INNOVATION,pooled,ip,real_macro,a,0.75,17,-0.3372216964915731,0.16727376399205346,0.044784437830909817,-0.6123625538877268,-0.06208083909541939,286,True
INNOVATION,pooled,ip,real_macro,a,0.75,18,-0.2082288172772011,0.18574932545306666,0.26327149350912904,-0.5137592689524673,0.097301634398065,285,True
INNOVATION,pooled,ip,real_macro,a,0.75,19,-0.21293465612538887,0.17843384272207752,0.23377846955629986,-0.5064322094976866,0.0805628972469089,284,True
INNOVATION,pooled,ip,real_macro,a,0.75,20,-0.12660702787059927,0.19913740118541867,0.525462134355038,-0.4541589044721256,0.20094484873092702,283,True
INNOVATION,pooled,ip,real_macro,a,0.75,21,0.058484625136787316,0.1708347821284393,0.7323587597394092,-0.2225135858566406,0.33948283613021524,282,True
INNOVATION,pooled,ip,real_macro,a,0.75,22,0.05373164060990021,0.18133835780540397,0.7672267585632427,-0.2445434149317423,0.35200669615154273,281,True
INNOVATION,pooled,ip,real_macro,a,0.75,23,0.12772662783094546,0.17240908844741917,0.459447165241614,-0.15586108662118914,0.41131434228308006,280,True
INNOVATION,pooled,ip,real_macro,a,0.75,24,-0.17755438683788372,0.17029168076431542,0.29806130044239176,-0.4576592755827302,0.10255050190696274,279,True
INNOVATION,pooled,cpi,real_macro,a,0.75,0,-0.021483641810568388,0.058586678293399655,0.714112325263002,-0.11785015209250589,0.07488286847136912,303,True
INNOVATION,pooled,cpi,real_macro,a,0.75,1,0.03315016340105004,0.06252652805417017,0.5963973299860715,-0.06969682304953474,0.1359971498516348,302,True
INNOVATION,pooled,cpi,real_macro,a,0.75,2,-0.22062282772586694,0.06492335216404158,0.0007742857467087703,-0.32741223900673844,-0.11383341644499545,301,True
INNOVATION,pooled,cpi,real_macro,a,0.75,3,-0.04994456658332069,0.08056277600557833,0.5357869862105754,-0.18245854089337524,0.08256940772673385,300,False
INNOVATION,pooled,cpi,real_macro,a,0.75,4,0.04324507213183937,0.08317809080902575,0.6035303005525461,-0.09357071221828556,0.1800608564819643,299,True
INNOVATION,pooled,cpi,real_macro,a,0.75,5,-0.059282066744305695,0.10228979112115096,0.5626774383415362,-0.22753380067003934,0.10896966718142795,298,True
INNOVATION,pooled,cpi,real_macro,a,0.75,6,-0.00021120356324668202,0.09630098241717648,0.9982516572220844,-0.15861222377112938,0.158189816644636,297,True
INNOVATION,pooled,cpi,real_macro,a,0.75,7,-0.1398834199304737,0.09978069569445054,0.16204225822074758,-0.3040080591432318,0.0242412192822844,296,False
INNOVATION,pooled,cpi,real_macro,a,0.75,8,-0.08436156696911112,0.07292157774338441,0.24830361045553695,-0.20430688860334073,0.03558375466511847,295,True
INNOVATION,pooled,cpi,real_macro,a,0.75,9,-0.1086900510235651,0.10102240320249307,0.2828979423281162,-0.2748571173345399,0.057477015287409644,294,True
INNOVATION,pooled,cpi,real_macro,a,0.75,10,-0.02557062253664466,0.07208445259078015,0.7230587703920991,-0.14413899582740086,0.09299775075411153,293,True
INNOVATION,pooled,cpi,real_macro,a,0.75,11,-0.06217054828611168,0.06929769246344451,0.37041419760837374,-0.17615510907397608,0.05181401250175273,292,True
INNOVATION,pooled,cpi,real_macro,a,0.75,12,-0.09741956201815213,0.11005618237933394,0.37682714588890326,-0.2784458727732323,0.083606748736928,291,True
INNOVATION,pooled,cpi,real_macro,a,0.75,13,-0.06512789211422287,0.08797806429541301,0.45976288055599085,-0.20983893026270278,0.07958314603425704,290,False
INNOVATION,pooled,cpi,real_macro,a,0.75,14,-0.00824311030466518,0.08803764656774062,0.9254699453339482,-0.15305215256988516,0.1365659319605548,289,True
INNOVATION,pooled,cpi,real_macro,a,0.75,15,-0.06709971642794832,0.10225394121147359,0.5122418476195448,-0.23529248249972326,0.10109304964382662,288,True
INNOVATION,pooled,cpi,real_macro,a,0.75,16,0.08129626911206919,0.11334118832659995,0.47382057460614385,-0.1051333955899286,0.26772593381406695,287,True
INNOVATION,pooled,cpi,real_macro,a,0.75,17,-0.11519109128500804,0.11151830250888217,0.3025521283118089,-0.29862237563821437,0.06824019306819826,286,True
INNOVATION,pooled,cpi,real_macro,a,0.75,18,-0.11824787332674891,0.08635224543023766,0.17201845673214325,-0.26028467741807904,0.02378893076458119,285,True
INNOVATION,pooled,cpi,real_macro,a,0.75,19,-0.047120876169768344,0.07951752560864095,0.5539550212000135,-0.17791556657334798,0.08367381423381129,284,True
INNOVATION,pooled,cpi,real_macro,a,0.75,20,0.026253370022446987,0.07553334599978218,0.7284325035631964,-0.09798792810107519,0.15049466814596918,283,True
INNOVATION,pooled,cpi,real_macro,a,0.75,21,-0.003593026869203708,0.08365814674371293,0.9657742350304034,-0.1411984329646384,0.134012379226231,282,False
INNOVATION,pooled,cpi,real_macro,a,0.75,22,0.09333429238009461,0.09888354779525167,0.3460838231056481,-0.06931466985675436,0.2559832546169436,281,True
INNOVATION,pooled,cpi,real_macro,a,0.75,23,0.018275985729600652,0.07365801682325272,0.8042334319041526,-0.10288067039617914,0.13943264185538046,280,True
INNOVATION,pooled,cpi,real_macro,a,0.75,24,0.11349041986355268,0.07543742431160035,0.13366124318810862,-0.010593101123260312,0.23757394085036568,279,True
INNOVATION,pooled,infl_exp,real_macro,a,0.75,0,0.22192100872522724,0.08587511053957059,0.010250365710611387,0.08066902168935597,0.3631729957610985,303,True
INNOVATION,pooled,infl_exp,real_macro,a,0.75,1,-0.019602348355122423,0.08586493131897063,0.8195806022444885,-0.16083759206307033,0.12163289535282548,302,True
INNOVATION,pooled,infl_exp,real_macro,a,0.75,2,-0.0007274426143490942,0.11210093918477754,0.9948269320135816,-0.18511707901709684,0.18366219378839865,301,True
INNOVATION,pooled,infl_exp,real_macro,a,0.75,3,0.05598306204749692,0.08860160260476402,0.5279885990415999,-0.08975360535066218,0.20171972944565603,300,True
INNOVATION,pooled,infl_exp,real_macro,a,0.75,4,-0.0017771383554197329,0.11582139757573254,0.9877686486765812,-0.19228638423645183,0.18873210752561237,299,True
INNOVATION,pooled,infl_exp,real_macro,a,0.75,5,0.20328548438031246,0.11872993714064972,0.087957476792729,0.007992116646794473,0.3985788521138305,298,True
INNOVATION,pooled,infl_exp,real_macro,a,0.75,6,-0.020878288687161517,0.0963992106030976,0.8286905205095304,-0.17944087988292542,0.1376843025086024,297,True
INNOVATION,pooled,infl_exp,real_macro,a,0.75,7,-0.11287435911613608,0.09801627955059806,0.2504658670954894,-0.27409679203522674,0.048348073802954555,296,True
INNOVATION,pooled,infl_exp,real_macro,a,0.75,8,-0.06810732863189711,0.12217368779680748,0.577654823044343,-0.26906516212251275,0.1328505048587185,295,True
INNOVATION,pooled,infl_exp,real_macro,a,0.75,9,-0.014282681461688096,0.0870010039114199,0.8697182326965284,-0.15738659829380636,0.12882123537043016,294,True
INNOVATION,pooled,infl_exp,real_macro,a,0.75,10,-0.05755403183066582,0.11907943543381773,0.6292442839286752,-0.25342227309931453,0.13831420943798292,293,True
INNOVATION,pooled,infl_exp,real_macro,a,0.75,11,-0.024923398426293986,0.09448202805474717,0.7921372993387188,-0.18033250495387562,0.13048570810128765,292,True
INNOVATION,pooled,infl_exp,real_macro,a,0.75,12,0.21053560665368787,0.07588494958335407,0.005906341300215019,0.08571597210047832,0.3353552412068974,291,True
INNOVATION,pooled,infl_exp,real_macro,a,0.75,13,0.04282013181507138,0.09027056187302356,0.6356231162059992,-0.1056617292887187,0.19130199291886146,290,True
INNOVATION,pooled,infl_exp,real_macro,a,0.75,14,-0.01364492589623767,0.07726259256681293,0.8599490054462755,-0.14073058150743378,0.11344072971495844,289,True
INNOVATION,pooled,infl_exp,real_macro,a,0.75,15,0.16579512290140824,0.07604738151891145,0.0300969822684751,0.04070831158986438,0.2908819342129521,288,True
INNOVATION,pooled,infl_exp,real_macro,a,0.75,16,-0.1456550654267046,0.10857001269265824,0.18084797082140222,-0.3242368445823909,0.032926713728981705,287,True
INNOVATION,pooled,infl_exp,real_macro,a,0.75,17,0.13962459916066147,0.08572526001225134,0.10452460431517915,-0.00138090569184815,0.2806301040131711,286,True
INNOVATION,pooled,infl_exp,real_macro,a,0.75,18,-0.09159866424599894,0.07911588715253413,0.24797385262358818,-0.2217327181783281,0.03853538968633022,285,True
INNOVATION,pooled,infl_exp,real_macro,a,0.75,19,-0.16471291846621483,0.08670457877114364,0.05853764684975169,-0.30732925933123006,-0.022096577601199596,284,True
INNOVATION,pooled,infl_exp,real_macro,a,0.75,20,0.2530377299126969,0.07584288991653533,0.0009684972602409717,0.12828727735500253,0.37778818247039125,283,True
INNOVATION,pooled,infl_exp,real_macro,a,0.75,21,0.14262343661785976,0.09345435184654666,0.1281568914767751,-0.011095292971331522,0.296342166207051,282,True
INNOVATION,pooled,infl_exp,real_macro,a,0.75,22,0.19720653747825878,0.1300967946882731,0.1307416050141621,-0.01678364711950825,0.4111967220760258,281,False
INNOVATION,pooled,infl_exp,real_macro,a,0.75,23,0.06022475847893882,0.13238235461637315,0.6495303731965361,-0.15752483765617853,0.2779743546140562,280,True
INNOVATION,pooled,infl_exp,real_macro,a,0.75,24,-0.10498584544323109,0.10370365297005624,0.312287478308465,-0.27556317515914486,0.06559148427268272,279,True
INNOVATION,pooled,freight,physical_channel,a,0.75,0,0.006033354862760354,0.005267050881988357,0.25295384825269074,-0.0026301728838161453,0.014696882609336853,303,True
INNOVATION,pooled,freight,physical_channel,a,0.75,1,0.003283863044700297,0.006685320714150848,0.6236555603908877,-0.00771251097930453,0.014280237068705124,302,True
INNOVATION,pooled,freight,physical_channel,a,0.75,2,-0.0011451180722169552,0.006083267132039179,0.850821047678237,-0.011151202078066278,0.008860965933632368,301,True
INNOVATION,pooled,freight,physical_channel,a,0.75,3,0.0002898601603830153,0.006438870783054952,0.9641249864783149,-0.010301139800596788,0.010880860121362818,300,True
INNOVATION,pooled,freight,physical_channel,a,0.75,4,0.004088116353175034,0.007095351756334043,0.5649561822078611,-0.007582698717727515,0.015758931424077582,299,True
INNOVATION,pooled,freight,physical_channel,a,0.75,5,-0.0017245756535631818,0.005975207848390955,0.7730813049136303,-0.011552917954777947,0.008103766647651583,298,True
INNOVATION,pooled,freight,physical_channel,a,0.75,6,0.008349614101032347,0.0059163197131891455,0.15925897263907768,-0.0013818658374113117,0.018081094039476005,297,True
INNOVATION,pooled,freight,physical_channel,a,0.75,7,0.015793637121957818,0.007766094070807394,0.042921369868282745,0.0030195491223439525,0.028567725121571685,296,True
INNOVATION,pooled,freight,physical_channel,a,0.75,8,0.019347276697833857,0.007782240040297184,0.013497109385421438,0.006546630941744062,0.03214792245392365,295,True
INNOVATION,pooled,freight,physical_channel,a,0.75,9,-0.008940287701406237,0.008739188922798135,0.30718560438030823,-0.02331497429768488,0.005434398894872405,294,True
INNOVATION,pooled,freight,physical_channel,a,0.75,10,0.006143835639714976,0.0071905254755338065,0.3935971467134026,-0.005683526268403766,0.017971197547833717,293,False
INNOVATION,pooled,freight,physical_channel,a,0.75,11,0.003658430155023623,0.009569877892050552,0.7025413358343364,-0.012082618205198438,0.019399478515245684,292,True
INNOVATION,pooled,freight,physical_channel,a,0.75,12,0.006863707156269371,0.007424794124400802,0.3560667493331333,-0.005348992388619269,0.01907640670115801,291,True
INNOVATION,pooled,freight,physical_channel,a,0.75,13,-0.0029120847712679216,0.009960607480867427,0.7702309209488373,-0.019295826112812678,0.013471656570276833,290,True
INNOVATION,pooled,freight,physical_channel,a,0.75,14,-0.0007020602074704965,0.009469961789566158,0.9409564768171672,-0.016278761204130243,0.014874640789189252,289,True
INNOVATION,pooled,freight,physical_channel,a,0.75,15,0.0007488430043319297,0.00975902007728312,0.9388916157760084,-0.015303316565279446,0.016801002573943305,288,True
INNOVATION,pooled,freight,physical_channel,a,0.75,16,-0.010493531040124793,0.0064438081254987465,0.10457924803604718,-0.021092652206730775,0.00010559012648118753,287,True
INNOVATION,pooled,freight,physical_channel,a,0.75,17,-0.007222251426756355,0.006615085443803915,0.27589370585080286,-0.018103098711591114,0.003658595858078404,286,True
INNOVATION,pooled,freight,physical_channel,a,0.75,18,-0.013274804570550656,0.0057918814353992406,0.02267444598161849,-0.02280160175644,-0.003748007384661316,285,True
INNOVATION,pooled,freight,physical_channel,a,0.75,19,0.0039828013658837775,0.008415726714564819,0.6364122436471882,-0.009859837244000563,0.017825439975768118,284,True
INNOVATION,pooled,freight,physical_channel,a,0.75,20,-0.004922954950406068,0.006060029956149303,0.41730067230698825,-0.01489081720321282,0.005044907302400684,283,True
INNOVATION,pooled,freight,physical_channel,a,0.75,21,0.0075238928542325275,0.007505113700508063,0.3170053995650904,-0.004820920636731344,0.0198687063451964,282,True
INNOVATION,pooled,freight,physical_channel,a,0.75,22,0.00026990517253567756,0.005212322734635095,0.9587410138331561,-0.008303602782370474,0.00884341312744183,281,True
INNOVATION,pooled,freight,physical_channel,a,0.75,23,0.006942286200380305,0.005456296620157528,0.20436201733848722,-0.002032523085008864,0.015917095485769472,280,True
INNOVATION,pooled,freight,physical_channel,a,0.75,24,-0.0029506932443100348,0.005598991597622371,0.598631406852618,-0.01216021488093001,0.006258828392309941,279,True
INNOVATION,pooled,oil,asset_price,a,0.9,0,0.00039933973702055425,0.02860288119091228,0.9888703126963666,-0.04664821313111355,0.04744689260515466,303,True
INNOVATION,pooled,oil,asset_price,a,0.9,1,-0.049319495586147566,0.027102195503310923,0.06983359902625798,-0.09389864015811641,-0.004740351014178711,302,True
INNOVATION,pooled,oil,asset_price,a,0.9,2,0.06753268278475844,0.027906050961986784,0.016141615486847043,0.021631313646041858,0.11343405192347501,301,True
INNOVATION,pooled,oil,asset_price,a,0.9,3,-0.09504816569391081,0.05640004020286788,0.09303109287210899,-0.1878179763818069,-0.002278355006014726,300,True
INNOVATION,pooled,oil,asset_price,a,0.9,4,0.15655804623964314,0.03706944066262741,3.241325990103493e-05,0.09558424231665806,0.21753185016262822,299,True
INNOVATION,pooled,oil,asset_price,a,0.9,5,0.0363524278727566,0.06074642030666436,0.5500305940228639,-0.06356654189297883,0.13627139763849205,298,True
INNOVATION,pooled,oil,asset_price,a,0.9,6,-0.02257177412951833,0.05918422502747966,0.703206289394727,-0.11992116132428034,0.07477761306524368,297,True
INNOVATION,pooled,oil,asset_price,a,0.9,7,0.03508584014604896,0.028490050843824926,0.21915741349638965,-0.011776123316448325,0.08194780360854624,296,True
INNOVATION,pooled,oil,asset_price,a,0.9,8,0.05584986531775371,0.03585678784332716,0.12045803119110138,-0.0031293022171724263,0.11482903285267984,295,False
INNOVATION,pooled,oil,asset_price,a,0.9,9,-0.01690250673961846,0.03486972019052571,0.6282446837930774,-0.07425809246578766,0.04045307898655074,294,True
INNOVATION,pooled,oil,asset_price,a,0.9,10,-0.007121652871156403,0.0323267573259729,0.8257969912099138,-0.060294436906363,0.04605113116405019,293,True
INNOVATION,pooled,oil,asset_price,a,0.9,11,-0.03597914326188409,0.06258754618672747,0.5658501896151951,-0.13892649560911557,0.06696820908534738,292,True
INNOVATION,pooled,oil,asset_price,a,0.9,12,0.07586754072271323,0.03431777148111496,0.027871231342816292,0.019419829833109498,0.13231525161231697,291,True
INNOVATION,pooled,oil,asset_price,a,0.9,13,-0.029244098031815158,0.06390334921316472,0.6475782348345173,-0.13435575375943565,0.07586755769580533,290,True
INNOVATION,pooled,oil,asset_price,a,0.9,14,0.010815875035327882,0.06201077979433892,0.8616643059470522,-0.09118278101947956,0.11281453109013533,289,True
INNOVATION,pooled,oil,asset_price,a,0.9,15,0.03815869436997821,0.03861850557387661,0.3239785967811165,-0.025363094590658386,0.1016804833306148,288,True
INNOVATION,pooled,oil,asset_price,a,0.9,16,-0.011971750420857154,0.028811946545627607,0.6780924939780008,-0.05936318519596466,0.03541968435425036,287,True
INNOVATION,pooled,oil,asset_price,a,0.9,17,-0.09921778797407477,0.02777803260125174,0.0004191473574628102,-0.14490858564781994,-0.053526990300329605,286,True
INNOVATION,pooled,oil,asset_price,a,0.9,18,-0.002325762674662224,0.03115363220036825,0.9405445891061273,-0.053568927592150116,0.04891740224282567,285,True
INNOVATION,pooled,oil,asset_price,a,0.9,19,0.016344241668058757,0.05888400217161505,0.7815573609677969,-0.08051132287334063,0.11319980620945815,284,True
INNOVATION,pooled,oil,asset_price,a,0.9,20,-0.004461707238635371,0.059705697513589916,0.9404864055348697,-0.10266884034353124,0.0937454258662605,283,True
INNOVATION,pooled,oil,asset_price,a,0.9,21,0.0074121141441829685,0.02891138527694389,0.797859106720426,-0.04014288278878958,0.05496711107715552,282,True
INNOVATION,pooled,oil,asset_price,a,0.9,22,-0.031699776598927365,0.040289669009428354,0.43209871060301247,-0.09797038479775992,0.03457083159990519,281,True
INNOVATION,pooled,oil,asset_price,a,0.9,23,-0.025958537954315464,0.03130619038381379,0.40774472575283055,-0.07745263875316488,0.025535562844533954,280,True
INNOVATION,pooled,oil,asset_price,a,0.9,24,0.09048419776527974,0.03544549117097521,0.011248121446616051,0.03218155305362479,0.1487868424769347,279,True
INNOVATION,pooled,dxy,asset_price,a,0.9,0,-0.0013859496152221554,0.005935097598524017,0.8155248409574387,-0.011148316426465358,0.008376417196021047,303,True
INNOVATION,pooled,dxy,asset_price,a,0.9,1,0.014349081450953344,0.0073633010410525035,0.05229862465082815,0.0022375290272425817,0.026460633874664106,302,True
INNOVATION,pooled,dxy,asset_price,a,0.9,2,-0.0019148640853758718,0.01093574348422458,0.8611234188284109,-0.0199025614188136,0.016072833248061857,301,True
INNOVATION,pooled,dxy,asset_price,a,0.9,3,0.0006685145444938166,0.006217925835787872,0.9144565419673201,-0.009559063318617129,0.010896092407604762,300,True
INNOVATION,pooled,dxy,asset_price,a,0.9,4,-0.011374893746073478,0.00430612211801186,0.008708054916770475,-0.01845783432998124,-0.004291953162165715,299,True
INNOVATION,pooled,dxy,asset_price,a,0.9,5,0.010258473600601753,0.005664630121815481,0.07120206469358034,0.0009409861993950001,0.019575961001808508,298,True
INNOVATION,pooled,dxy,asset_price,a,0.9,6,-0.0017357938909080828,0.006754815228446801,0.7973876284359215,-0.01284647621880584,0.009374888436989675,297,True
INNOVATION,pooled,dxy,asset_price,a,0.9,7,0.0026787979347646204,0.005852269584312044,0.6474941742990313,-0.006947328916888831,0.012304924786418071,296,True
INNOVATION,pooled,dxy,asset_price,a,0.9,8,-0.020840251625622752,0.005853397999526432,0.00043473433584445163,-0.030468234555134296,-0.01121226869611121,295,False
INNOVATION,pooled,dxy,asset_price,a,0.9,9,0.012861941632320573,0.006187890784254583,0.038567771044206646,0.0026837670326598315,0.023040116231981315,294,True
INNOVATION,pooled,dxy,asset_price,a,0.9,10,-0.008804674400136853,0.006678685629427069,0.1884763165549008,-0.019790134680968643,0.002180785880694938,293,True
INNOVATION,pooled,dxy,asset_price,a,0.9,11,-0.00204424697250416,0.008876106114676657,0.8180210638656884,-0.0166441423084362,0.012555648363427879,292,True
INNOVATION,pooled,dxy,asset_price,a,0.9,12,0.003414094948238744,0.0064481194868802865,0.5969025442296352,-0.00719211777677276,0.014020307673250248,291,True
INNOVATION,pooled,dxy,asset_price,a,0.9,13,-0.0004401425281032375,0.008094134403691045,0.956673377290109,-0.013753808859047145,0.01287352380284067,290,True
INNOVATION,pooled,dxy,asset_price,a,0.9,14,-0.012002848886097574,0.005434760692139157,0.028032024555218412,-0.020942234722175962,-0.0030634630500191874,289,True
INNOVATION,pooled,dxy,asset_price,a,0.9,15,-0.009658446170059343,0.004691215371811935,0.04045507037043322,-0.0173748087891947,-0.0019420835509239825,288,True
INNOVATION,pooled,dxy,asset_price,a,0.9,16,0.001795484844384465,0.00615198439974579,0.7706194636195047,-0.008323629008486273,0.011914598697255203,287,True
INNOVATION,pooled,dxy,asset_price,a,0.9,17,-0.007638431405719792,0.007406504655427309,0.30330976994459696,-0.019821047451232365,0.004544184639792781,286,False
INNOVATION,pooled,dxy,asset_price,a,0.9,18,-0.008317872105829238,0.006729789992961949,0.21753700183280805,-0.01938739158437442,0.002751647372715946,285,True
INNOVATION,pooled,dxy,asset_price,a,0.9,19,-0.007805428479748166,0.005231391689791515,0.1368569971467511,-0.016410302074705528,0.0007994451152091974,284,True
INNOVATION,pooled,dxy,asset_price,a,0.9,20,-0.0069640451468050285,0.0073888782726267525,0.3467804886227186,-0.01911766837263807,0.0051895780790280135,283,True
INNOVATION,pooled,dxy,asset_price,a,0.9,21,0.004886396812309145,0.006853125707721002,0.4764554571547639,-0.006385991863990121,0.016158785488608413,282,True
INNOVATION,pooled,dxy,asset_price,a,0.9,22,0.0026811669141073207,0.0059098190387389705,0.6504276622626979,-0.007039620366389338,0.012401954194603979,281,True
INNOVATION,pooled,dxy,asset_price,a,0.9,23,-4.909182896202513e-05,0.007689244642934453,0.9949107420569244,-0.012696773768409938,0.012598590110485888,280,True
INNOVATION,pooled,dxy,asset_price,a,0.9,24,-0.017674259402706612,0.007067464476025074,0.01299583611582227,-0.029299203979447144,-0.006049314825966082,279,True
INNOVATION,pooled,vix,asset_price,a,0.9,0,0.7477375319505768,1.591130163904657,0.638751474498781,-1.8694386890998884,3.364913753001042,303,True
INNOVATION,pooled,vix,asset_price,a,0.9,1,5.276060391389095,2.9703150724511422,0.07674529105902221,0.39032687127920873,10.16179391149898,302,True
INNOVATION,pooled,vix,asset_price,a,0.9,2,-4.905061784839671,3.4410102063558603,0.15510762745883966,-10.565019903141142,0.7548963334617991,301,True
INNOVATION,pooled,vix,asset_price,a,0.9,3,-2.578964249462345,3.5634848903338274,0.4698293551895782,-8.44037529591471,3.28244679699002,300,True
INNOVATION,pooled,vix,asset_price,a,0.9,4,1.5654564283676677,3.589206094785912,0.6630532126834864,-4.338262234517269,7.4691750912526045,299,True
INNOVATION,pooled,vix,asset_price,a,0.9,5,2.043063760326305,3.3463983138467124,0.5420015696839472,-3.4612716434287503,7.5473991640813605,298,True
INNOVATION,pooled,vix,asset_price,a,0.9,6,-2.117606014602643,3.7454815897410962,0.5722658791981711,-8.278374992168251,4.043162962962965,297,True
INNOVATION,pooled,vix,asset_price,a,0.9,7,-5.448194820870867,3.6742828747314396,0.13924652696459489,-11.491852333818557,0.5954626920768229,296,True
INNOVATION,pooled,vix,asset_price,a,0.9,8,-2.4887325954069013,3.4580620410293954,0.47231404200092547,-8.176738485817314,3.1992732950035103,295,True
INNOVATION,pooled,vix,asset_price,a,0.9,9,0.7581031359671186,6.897297315103673,0.9125570502801701,-10.586941368943808,12.103147640878046,294,True
INNOVATION,pooled,vix,asset_price,a,0.9,10,0.40486760464283833,6.725175857766618,0.9520380220841073,-10.65706229689106,11.466797506176738,293,True
INNOVATION,pooled,vix,asset_price,a,0.9,11,5.331775958411264,6.909298623237314,0.44095870749189897,-6.033008941711445,16.69656085853397,292,True
INNOVATION,pooled,vix,asset_price,a,0.9,12,3.768179786953624,3.5875769538787003,0.29447676364361647,-2.1328591776012704,9.669218751508518,291,False
INNOVATION,pooled,vix,asset_price,a,0.9,13,-3.9549414606613027,7.837793716647656,0.6142432577307126,-16.846964882786658,8.937081961464054,290,True
INNOVATION,pooled,vix,asset_price,a,0.9,14,-4.300404064957945,6.911693382491576,0.5343307935508557,-15.669127993525702,7.068319863609812,289,True
INNOVATION,pooled,vix,asset_price,a,0.9,15,-0.19081414027706955,7.189408461474411,0.9788451459643697,-12.016338723768857,11.634710443214718,288,True
INNOVATION,pooled,vix,asset_price,a,0.9,16,-1.887608399664611,6.999726120333901,0.7876187130632173,-13.401133296362785,9.625916497033563,287,True
INNOVATION,pooled,vix,asset_price,a,0.9,17,-1.219498635728531,7.3697541760691045,0.868694266568428,-13.341665521976557,10.902668250519495,286,True
INNOVATION,pooled,vix,asset_price,a,0.9,18,-3.565634881591677,6.790779055839082,0.5999637702395377,-14.735472441414686,7.6042026782313314,285,True
INNOVATION,pooled,vix,asset_price,a,0.9,19,-5.620405335487732,7.01388026033045,0.4236475058171604,-17.157211720695607,5.916401049720145,284,True
INNOVATION,pooled,vix,asset_price,a,0.9,20,-5.3338342969512595,7.97950534441858,0.5044248398072715,-18.458952603996817,7.791284010094298,283,True
INNOVATION,pooled,vix,asset_price,a,0.9,21,-3.6472118136564724,7.788882790177761,0.6399802308998607,-16.458783920980267,9.16436029366732,282,True
INNOVATION,pooled,vix,asset_price,a,0.9,22,-5.675115337714715,3.444360861675549,0.10059995160409319,-11.34058479357144,-0.00964588185799009,281,True
INNOVATION,pooled,vix,asset_price,a,0.9,23,-3.564345597350382,7.753991468500906,0.646122250917145,-16.31852658766487,9.189835392964104,280,True
INNOVATION,pooled,vix,asset_price,a,0.9,24,-6.586559358185953,7.75266874089139,0.39632213517505693,-19.33856465519446,6.165445938822552,279,True
INNOVATION,pooled,us10y,asset_price,a,0.9,0,0.11850441984795523,0.08329972380665401,0.15592283855590933,-0.018511432979475523,0.255520272675386,303,True
INNOVATION,pooled,us10y,asset_price,a,0.9,1,0.058016576895129957,0.08416803434945397,0.4911928214537631,-0.08042751967794551,0.19646067346820542,302,True
INNOVATION,pooled,us10y,asset_price,a,0.9,2,-0.09172093245563273,0.1536824202788278,0.551097236665516,-0.34450601884994314,0.16106415393867768,301,True
INNOVATION,pooled,us10y,asset_price,a,0.9,3,0.01938041776723287,0.0918498721198442,0.8330367291672925,-0.13169917752412177,0.17046001305858752,300,True
INNOVATION,pooled,us10y,asset_price,a,0.9,4,0.08507180550148341,0.0800307549665863,0.2886868321800038,-0.04656707207297062,0.21671068307593744,299,True
INNOVATION,pooled,us10y,asset_price,a,0.9,5,0.17282014349765373,0.16208201435637193,0.28721569300438365,-0.09378104568002521,0.4394213326753327,298,True
INNOVATION,pooled,us10y,asset_price,a,0.9,6,0.17327033591055757,0.08589976290301542,0.044626774024592794,0.031977799345261154,0.314562872475854,297,True
INNOVATION,pooled,us10y,asset_price,a,0.9,7,0.025484259770177264,0.09631257434278129,0.7915112860857174,-0.13293582745857985,0.18390434699893438,296,True
INNOVATION,pooled,us10y,asset_price,a,0.9,8,-0.11416287363147148,0.09064854102007575,0.2089305760890234,-0.2632664551062024,0.03494070784325942,295,False
INNOVATION,pooled,us10y,asset_price,a,0.9,9,-0.33747838966282595,0.07439757326070898,8.506692690552923e-06,-0.45985150787709095,-0.21510527144856093,294,False
INNOVATION,pooled,us10y,asset_price,a,0.9,10,-0.09403608885650527,0.06342655109123464,0.1393098432367721,-0.19836348146394545,0.010291303750934885,293,True
INNOVATION,pooled,us10y,asset_price,a,0.9,11,0.21985712595606177,0.09812697559595489,0.02584598027415666,0.058452614245276785,0.38126163766684673,292,True
INNOVATION,pooled,us10y,asset_price,a,0.9,12,-0.020340736939431725,0.1027692224658022,0.8432478610185054,-0.18938106525128917,0.14869959137242572,291,True
INNOVATION,pooled,us10y,asset_price,a,0.9,13,0.05629571411377299,0.12006250096091538,0.63952074037394,-0.14118952605265328,0.25378095428019926,290,True
INNOVATION,pooled,us10y,asset_price,a,0.9,14,-0.15544416363543834,0.10077484698507634,0.12410454885413161,-0.3212040362043208,0.010315708933444107,289,True
INNOVATION,pooled,us10y,asset_price,a,0.9,15,-0.04840895137967127,0.0685532021132785,0.48069387371295613,-0.16116893451483474,0.0643510317554922,288,True
INNOVATION,pooled,us10y,asset_price,a,0.9,16,0.01619530077085507,0.10331816222458089,0.8755563754317597,-0.15374795309420738,0.18613855463591752,287,True
INNOVATION,pooled,us10y,asset_price,a,0.9,17,-0.06959941840882333,0.08096430317914538,0.39074952069331564,-0.2027738461466392,0.06357500932899254,286,True
INNOVATION,pooled,us10y,asset_price,a,0.9,18,0.13596551537708335,0.09798483116076272,0.16639331264538668,-0.02520518954392484,0.2971362202980915,285,True
INNOVATION,pooled,us10y,asset_price,a,0.9,19,0.11739587082235459,0.07640556448547682,0.1255909080713884,-0.008280099040856553,0.24307184068556573,284,True
INNOVATION,pooled,us10y,asset_price,a,0.9,20,0.12388555863099149,0.07772162676689862,0.11211811526946758,-0.003955141049110322,0.2517262583110933,283,True
INNOVATION,pooled,us10y,asset_price,a,0.9,21,0.2617632312587994,0.17248218501137197,0.13028772950166378,-0.02194471634167061,0.5454711788592694,282,True
INNOVATION,pooled,us10y,asset_price,a,0.9,22,-0.1782882562630166,0.09372496734605644,0.058214553690158474,-0.33245210873808584,-0.024124403787947363,281,True
INNOVATION,pooled,us10y,asset_price,a,0.9,23,-0.11181189498993119,0.10717764114064013,0.29778479860643314,-0.28810342674821643,0.06447963676835405,280,True
INNOVATION,pooled,us10y,asset_price,a,0.9,24,0.008570399815584828,0.09631509226296939,0.9291626812988387,-0.14985382902332606,0.1669946286544957,279,True
INNOVATION,pooled,ip,real_macro,a,0.9,0,0.010067375951152258,0.14102451374342903,0.9431387987762491,-0.22189730696879473,0.24203205887109924,303,True
INNOVATION,pooled,ip,real_macro,a,0.9,1,-0.6505697201890399,0.24210542521822714,0.007625799829889774,-1.0487977069638692,-0.25234173341421057,302,True
INNOVATION,pooled,ip,real_macro,a,0.9,2,-0.5735898590875328,0.18910254650198735,0.002640898797684676,-0.8846358685670861,-0.2625438496079795,301,True
INNOVATION,pooled,ip,real_macro,a,0.9,3,0.18110708042348733,0.29087715137265213,0.5340277799121811,-0.29734325700913194,0.6595574178561066,300,False
INNOVATION,pooled,ip,real_macro,a,0.9,4,-0.43750931169740753,0.39278385630221063,0.266274380440909,-1.0835812623440846,0.20856263894926946,299,True
INNOVATION,pooled,ip,real_macro,a,0.9,5,0.15207500672621066,0.22894818759441635,0.5070799304125228,-0.2245112500224311,0.5286612634748524,298,True
INNOVATION,pooled,ip,real_macro,a,0.9,6,-0.12901441867078756,0.3581413936733217,0.7189414564343429,-0.7181045890158058,0.46007575167423065,297,True
INNOVATION,pooled,ip,real_macro,a,0.9,7,-0.2118660303391655,0.19372653709352072,0.2750485988412917,-0.530517827514192,0.10678576683586094,296,True
INNOVATION,pooled,ip,real_macro,a,0.9,8,-0.111841761636434,0.3984607627546073,0.7791589391957573,-0.7672513924511999,0.5435678691783319,295,True
INNOVATION,pooled,ip,real_macro,a,0.9,9,-0.18368187028568173,0.18764827711462664,0.32849288281135974,-0.4923358194888703,0.12497207891750683,294,False
INNOVATION,pooled,ip,real_macro,a,0.9,10,-0.1725007752303327,0.1820353606173166,0.3441417846745969,-0.4719222983751451,0.12692074791447971,293,True
INNOVATION,pooled,ip,real_macro,a,0.9,11,-0.13266799187480105,0.1388708983497751,0.3402391590970133,-0.36109029270343784,0.09575430895383572,292,True
INNOVATION,pooled,ip,real_macro,a,0.9,12,-0.3763525924378097,0.22271275160738266,0.09218047024471825,-0.7426824696875554,-0.010022715188064024,291,True
INNOVATION,pooled,ip,real_macro,a,0.9,13,0.38962783886091756,0.18765773332261296,0.03879460831572031,0.08095833557972548,0.6982973421421097,290,True
INNOVATION,pooled,ip,real_macro,a,0.9,14,-0.386368138786338,0.13462198848673376,0.004423179880450847,-0.6078016048161614,-0.16493467275651466,289,False
INNOVATION,pooled,ip,real_macro,a,0.9,15,0.22653655623776103,0.20661234782433055,0.2738521271122619,-0.11331051345404819,0.5663836259295703,288,False
INNOVATION,pooled,ip,real_macro,a,0.9,16,0.12167235707968249,0.18394304672445191,0.5088704016804737,-0.18088703047753635,0.42423174463690133,287,True
INNOVATION,pooled,ip,real_macro,a,0.9,17,-0.3884878813563244,0.17584464849186265,0.0279894526947967,-0.6777265892081714,-0.09924917350447737,286,True
INNOVATION,pooled,ip,real_macro,a,0.9,18,0.08273324510055247,0.1948407830683487,0.6714508049303554,-0.2377513236074859,0.40321781380859084,285,True
INNOVATION,pooled,ip,real_macro,a,0.9,19,-0.4952797850591413,0.4121647312335213,0.23055018836603638,-1.1732304381300775,0.182670868011795,284,True
INNOVATION,pooled,ip,real_macro,a,0.9,20,-0.17178096264465026,0.23640880499476064,0.4680864528430629,-0.5606388429835456,0.2170769176942451,283,True
INNOVATION,pooled,ip,real_macro,a,0.9,21,-0.09020050469360419,0.3952992849657461,0.8196781205123406,-0.7404099673008353,0.5600089579136269,282,True
INNOVATION,pooled,ip,real_macro,a,0.9,22,0.09681529403261457,0.2189663246169746,0.6587407916180081,-0.2633522591938495,0.4569828472590787,281,True
INNOVATION,pooled,ip,real_macro,a,0.9,23,-0.11939818948770742,0.1939997386791185,0.5387802113596122,-0.43849936328169326,0.19970298430627842,280,True
INNOVATION,pooled,ip,real_macro,a,0.9,24,0.024323371883511413,0.2189985248422598,0.9116477867637303,-0.3358971460003017,0.3845438897673245,279,True
INNOVATION,pooled,cpi,real_macro,a,0.9,0,-0.08225155343932489,0.07671005429799185,0.2845070069379443,-0.20842836447502117,0.04392525759637139,303,True
INNOVATION,pooled,cpi,real_macro,a,0.9,1,0.20561014357776197,0.09359486731528019,0.028830668897258126,0.051660286610181544,0.35956000054534243,302,True
INNOVATION,pooled,cpi,real_macro,a,0.9,2,-0.04555842375719513,0.0876702893024918,0.603703653792497,-0.1897632170922836,0.09864636957789336,301,True
INNOVATION,pooled,cpi,real_macro,a,0.9,3,-0.16308961447807852,0.08786618027827375,0.0644657810395938,-0.307616619795169,-0.01856260916098801,300,True
INNOVATION,pooled,cpi,real_macro,a,0.9,4,-0.04086683401425084,0.08481161015950253,0.6302793020195709,-0.18036951859270292,0.09863585056420124,299,True
INNOVATION,pooled,cpi,real_macro,a,0.9,5,-0.09482852501147399,0.08714845441298462,0.2774619048245286,-0.23817497633588677,0.0485179263129388,298,True
INNOVATION,pooled,cpi,real_macro,a,0.9,6,-0.0366468629436858,0.09282870769775549,0.6933030520496322,-0.18933649948555695,0.11604277359818535,297,True
INNOVATION,pooled,cpi,real_macro,a,0.9,7,-0.2324358062602272,0.17264806952596615,0.17928749038230607,-0.5164166096061826,0.051544997085728184,296,False
INNOVATION,pooled,cpi,real_macro,a,0.9,8,-0.1651526054544305,0.10346869645911817,0.11157702748055445,-0.33534346610115195,0.00503825519229098,295,True
INNOVATION,pooled,cpi,real_macro,a,0.9,9,-0.054532100312970955,0.10722131083186098,0.6114374247919023,-0.23089546232124866,0.12183126169530675,294,True
INNOVATION,pooled,cpi,real_macro,a,0.9,10,-0.19947480711755805,0.19714964377643618,0.312513259981594,-0.5237571137354198,0.12480749950030373,293,True
INNOVATION,pooled,cpi,real_macro,a,0.9,11,-0.23115062602737768,0.10944514126876634,0.03557648726188839,-0.41117186359552427,-0.05112938845923112,292,True
INNOVATION,pooled,cpi,real_macro,a,0.9,12,-0.15549876493730497,0.09201310268690086,0.09216001355763964,-0.3068468506189121,-0.004150679255697842,291,True
INNOVATION,pooled,cpi,real_macro,a,0.9,13,-0.11584089984358226,0.11518143715436724,0.31542857764142906,-0.3052975045044263,0.07361570481726176,290,True
INNOVATION,pooled,cpi,real_macro,a,0.9,14,-0.13084672281473464,0.10534060177158201,0.21524683732527253,-0.304116593703972,0.0424231480745027,289,True
INNOVATION,pooled,cpi,real_macro,a,0.9,15,-0.032456927939114005,0.21475385367348854,0.8799800501870862,-0.38569558305575735,0.3207817271775294,288,True
INNOVATION,pooled,cpi,real_macro,a,0.9,16,0.07153214249473727,0.10771461477263006,0.5071935181676589,-0.10564263228970391,0.24870691727917846,287,True
INNOVATION,pooled,cpi,real_macro,a,0.9,17,-0.17126113349506422,0.10818216424549766,0.11456499585446167,-0.34920495872573093,0.006682691735602486,286,True
INNOVATION,pooled,cpi,real_macro,a,0.9,18,-0.3667150418255005,0.11311038040256577,0.001334973694526206,-0.5527650612765216,-0.18066502237447948,285,True
INNOVATION,pooled,cpi,real_macro,a,0.9,19,-0.058766581069161106,0.10865226433224258,0.5890441946687861,-0.23748365213254038,0.11995048999421817,284,True
INNOVATION,pooled,cpi,real_macro,a,0.9,20,0.09318256412461601,0.10518745132656494,0.37647800767847533,-0.07983539669966577,0.2662005249488978,283,True
INNOVATION,pooled,cpi,real_macro,a,0.9,21,-0.11300650852036398,0.12143206367459361,0.3528902316493225,-0.31274447888372137,0.08673146184299343,282,True
INNOVATION,pooled,cpi,real_macro,a,0.9,22,0.06853082327151139,0.11322673524197774,0.5455249770233469,-0.11771058285912978,0.25477222940215255,281,True
INNOVATION,pooled,cpi,real_macro,a,0.9,23,0.07169639637622183,0.1192881995531076,0.5483284134361854,-0.1245152313112182,0.2679080240636619,280,True
INNOVATION,pooled,cpi,real_macro,a,0.9,24,-0.08324635081683329,0.13083518549022471,0.5251503774615712,-0.298451080203298,0.13195837856963147,279,True
INNOVATION,pooled,infl_exp,real_macro,a,0.9,0,0.23385733750564697,0.16909920951018748,0.1677448723977606,-0.04428611057181181,0.5120007855831057,303,True
INNOVATION,pooled,infl_exp,real_macro,a,0.9,1,0.01710648852858121,0.1812692886255223,0.924880404659646,-0.2810549583220224,0.3152679353791848,302,True
INNOVATION,pooled,infl_exp,real_macro,a,0.9,2,0.13820051991827348,0.22434576937214729,0.5383723929533244,-0.23081543252472148,0.5072164723612684,301,True
INNOVATION,pooled,infl_exp,real_macro,a,0.9,3,0.5640990631041092,0.12240340382570224,6.116726332545206e-06,0.3627633803701972,0.7654347458380212,300,False
INNOVATION,pooled,infl_exp,real_macro,a,0.9,4,-0.06521947863042621,0.12931319487722542,0.6144031364125427,-0.277920756236913,0.14748179897606056,299,True
INNOVATION,pooled,infl_exp,real_macro,a,0.9,5,-0.0012145213304933788,0.27458719870855747,0.9964740089961779,-0.4528702710407087,0.45044122837972195,298,True
INNOVATION,pooled,infl_exp,real_macro,a,0.9,6,-0.07497607007652674,0.1531907690895476,0.6249168423310137,-0.3269524622289546,0.1770003220759011,297,True
INNOVATION,pooled,infl_exp,real_macro,a,0.9,7,-0.2162484868311797,0.16262527170754731,0.18468023088033367,-0.48374325483330755,0.05124628117094815,296,True
INNOVATION,pooled,infl_exp,real_macro,a,0.9,8,-0.15523924845560116,0.28049490880691164,0.5803969948365557,-0.6166123165480721,0.30613381963686986,295,True
INNOVATION,pooled,infl_exp,real_macro,a,0.9,9,0.19702302310356012,0.1475146269554911,0.18275919017582637,-0.04561694607257283,0.4396629922796931,294,True
INNOVATION,pooled,infl_exp,real_macro,a,0.9,10,-0.2399472385366244,0.28152359238510144,0.3947694163325336,-0.7030123405436663,0.2231178634704176,293,True
INNOVATION,pooled,infl_exp,real_macro,a,0.9,11,-0.010290088193815938,0.13900869868777888,0.9410439037873821,-0.23893905040821337,0.2183588740205815,292,True
INNOVATION,pooled,infl_exp,real_macro,a,0.9,12,0.048347835814532836,0.16198668407278516,0.7655697945486404,-0.21809654900043013,0.3147922206294958,291,True
INNOVATION,pooled,infl_exp,real_macro,a,0.9,13,-0.27812579741784305,0.14362962264709495,0.05383828157847318,-0.5143755031665884,-0.041876091669097615,290,True
INNOVATION,pooled,infl_exp,real_macro,a,0.9,14,0.30222966997637,0.1894080464487717,0.11171463259341684,-0.009318842198685062,0.6137781821514251,289,True
INNOVATION,pooled,infl_exp,real_macro,a,0.9,15,0.4277620654765997,0.13852899428755586,0.002222737966921769,0.19990214678477364,0.6556219841684257,288,False
INNOVATION,pooled,infl_exp,real_macro,a,0.9,16,-0.10878445866623032,0.2585522513350016,0.6742726204248747,-0.5340650670310763,0.31649614969861567,287,True
INNOVATION,pooled,infl_exp,real_macro,a,0.9,17,0.3843658662700591,0.1558433886449195,0.014266352853932216,0.12802630322105535,0.6407054293190628,286,True
INNOVATION,pooled,infl_exp,real_macro,a,0.9,18,-0.125250393760183,0.12280975844962207,0.3086981465924195,-0.327254470371078,0.07675368285071207,285,True
INNOVATION,pooled,infl_exp,real_macro,a,0.9,19,-0.2204282932208459,0.12755598517294614,0.08511532925163401,-0.43023921807193455,-0.010617368369757213,284,True
INNOVATION,pooled,infl_exp,real_macro,a,0.9,20,0.3325183695763698,0.1020264692047892,0.0012612820042787862,0.16469976165981964,0.50033697749292,283,True
INNOVATION,pooled,infl_exp,real_macro,a,0.9,21,-0.2811928485955333,0.09747767840526113,0.004236360291638938,-0.44152936146723626,-0.12085633572383031,282,True
INNOVATION,pooled,infl_exp,real_macro,a,0.9,22,0.29157456559592165,0.12011896805940483,0.015869977291014407,0.09399644531774157,0.48915268587410177,281,True
INNOVATION,pooled,infl_exp,real_macro,a,0.9,23,-0.09432309225692354,0.11830077039751156,0.42597868455985904,-0.28891054351642376,0.10026435900257671,280,True
INNOVATION,pooled,infl_exp,real_macro,a,0.9,24,-0.20865830567153232,0.13222329735283306,0.11574126322196575,-0.4261462758898228,0.008829664546758126,279,True
INNOVATION,pooled,freight,physical_channel,a,0.9,0,0.030171958849635416,0.00845800258844546,0.0004220972677549568,0.016259782615265964,0.04408413508400487,303,True
INNOVATION,pooled,freight,physical_channel,a,0.9,1,0.028742184407417715,0.011853353662893064,0.015931384412914775,0.009245152643469541,0.04823921617136589,302,True
INNOVATION,pooled,freight,physical_channel,a,0.9,2,0.025915112780237518,0.010908394410925169,0.018172152875869107,0.007972400669210084,0.043857824891264954,301,True
INNOVATION,pooled,freight,physical_channel,a,0.9,3,0.018797383799254677,0.013547270696386688,0.16635723373417577,-0.003485893540990364,0.04108066113949972,300,True
INNOVATION,pooled,freight,physical_channel,a,0.9,4,0.02331087372380882,0.009364835022453995,0.013373948711535123,0.007907090871323194,0.03871465657629445,299,True
INNOVATION,pooled,freight,physical_channel,a,0.9,5,-0.016254462361404154,0.00970421257338376,0.09503682539398328,-0.032216471609442514,-0.000292453113365794,298,True
INNOVATION,pooled,freight,physical_channel,a,0.9,6,-0.015029685385602232,0.007024657341868361,0.03324557549418555,-0.026584218492465693,-0.0034751522787387704,297,True
INNOVATION,pooled,freight,physical_channel,a,0.9,7,0.019463943199877543,0.010132473925187185,0.055746505222692366,0.0027975067140421812,0.03613037968571291,296,False
INNOVATION,pooled,freight,physical_channel,a,0.9,8,0.007091258132687128,0.009939352795326933,0.4761577810731736,-0.009257522362256632,0.023440038627630888,295,True
INNOVATION,pooled,freight,physical_channel,a,0.9,9,-0.006613264575272278,0.018092169666325257,0.7149904055280781,-0.036372235470348784,0.023145706319804227,294,True
INNOVATION,pooled,freight,physical_channel,a,0.9,10,0.006013175990419228,0.008838463857552409,0.496852260353396,-0.008524803342355352,0.020551155323193807,293,True
INNOVATION,pooled,freight,physical_channel,a,0.9,11,0.01412558819093418,0.019055515897008695,0.45914573647587853,-0.017217946245692006,0.045469122627560365,292,True
INNOVATION,pooled,freight,physical_channel,a,0.9,12,-0.008438841089335021,0.009715286094320551,0.3858098195591112,-0.024419064658449383,0.0075413824797793405,291,True
INNOVATION,pooled,freight,physical_channel,a,0.9,13,-0.003934805718783782,0.01996036597311129,0.8438701626988819,-0.03676668608493464,0.02889707464736708,290,True
INNOVATION,pooled,freight,physical_channel,a,0.9,14,0.028734842287354373,0.012883226568107892,0.026527342413567082,0.007543820339964539,0.04992586423474421,289,True
INNOVATION,pooled,freight,physical_channel,a,0.9,15,0.019712984398599726,0.013090586023945945,0.13324731443649981,-0.001819113501808016,0.04124508229900747,288,True
INNOVATION,pooled,freight,physical_channel,a,0.9,16,-0.0006126617089678987,0.01274173405916762,0.9616851945228725,-0.02157094918984086,0.020345625771905063,287,True
INNOVATION,pooled,freight,physical_channel,a,0.9,17,-0.009635986954580067,0.018514858698264705,0.6031760164853518,-0.04009021943691478,0.020818245527754645,286,True
INNOVATION,pooled,freight,physical_channel,a,0.9,18,-0.010029906031127966,0.008900772715099212,0.2607993642092625,-0.02467037431422961,0.004610562251973675,285,False
INNOVATION,pooled,freight,physical_channel,a,0.9,19,0.022917573091857275,0.018967535814246705,0.2280073156974985,-0.008281246986538364,0.054116393170252915,284,True
INNOVATION,pooled,freight,physical_channel,a,0.9,20,0.000839274335940221,0.010612158616255897,0.937022931658473,-0.016616173253792606,0.01829472192567305,283,True
INNOVATION,pooled,freight,physical_channel,a,0.9,21,0.006139047554032929,0.017971262418752826,0.7329169378618818,-0.023421048616349343,0.0356991437244152,282,True
INNOVATION,pooled,freight,physical_channel,a,0.9,22,0.007368276394876139,0.00731626697620516,0.3147943405334734,-0.004665911876680199,0.019402464666432476,281,True
INNOVATION,pooled,freight,physical_channel,a,0.9,23,-0.0008649868664699239,0.010291220605831273,0.9330791435176573,-0.01779253840572922,0.01606256467278937,280,True
INNOVATION,pooled,freight,physical_channel,a,0.9,24,-0.013689480563213806,0.016334542863940097,0.40274697791024233,-0.040557412637559964,0.013178451511132349,279,True
INNOVATION,pooled,oil,asset_price,b,0.1,0,-0.031251016647033225,0.04622931469225571,0.49960874379799197,-0.10729147259007102,0.04478943929600457,303,True
INNOVATION,pooled,oil,asset_price,b,0.1,1,-0.009230886227669544,0.046504653540105745,0.8428059181449603,-0.0857242342732341,0.06726246181789501,302,True
INNOVATION,pooled,oil,asset_price,b,0.1,2,0.005967866333207894,0.04396611595751234,0.8921285528011947,-0.06634995896247528,0.07828569162889107,301,True
INNOVATION,pooled,oil,asset_price,b,0.1,3,0.02412270992974186,0.057289196534767495,0.6740371520531232,-0.07010963277560617,0.11835505263508989,300,True
INNOVATION,pooled,oil,asset_price,b,0.1,4,-0.04583316621483391,0.03239212005696591,0.1582317546237898,-0.09911346237518182,0.00744712994551399,299,True
INNOVATION,pooled,oil,asset_price,b,0.1,5,0.023894471806556794,0.026770723057422813,0.3728877417012872,-0.020139449110558524,0.06792839272367211,298,True
INNOVATION,pooled,oil,asset_price,b,0.1,6,-0.009771599300080425,0.03588148683949897,0.7855773371546776,-0.06879139306844181,0.04924819446828097,297,True
INNOVATION,pooled,oil,asset_price,b,0.1,7,-0.013954418784123845,0.05584619510248568,0.8028775070641971,-0.10581323534988696,0.07790439778163927,296,True
INNOVATION,pooled,oil,asset_price,b,0.1,8,0.11104490138407641,0.03739224228547101,0.003251664789173038,0.04954013604097122,0.1725496667271816,295,True
INNOVATION,pooled,oil,asset_price,b,0.1,9,-0.005286694246350976,0.040838223964557066,0.8970958128972748,-0.0724595950527092,0.06188620656000725,294,True
INNOVATION,pooled,oil,asset_price,b,0.1,10,0.04634509773791251,0.06118924977304381,0.44947967014195855,-0.054302261681718145,0.14699245715754317,293,True
INNOVATION,pooled,oil,asset_price,b,0.1,11,-0.05545735588248135,0.03319096890886345,0.09593496449821223,-0.11005164147425894,-0.0008630702907037602,292,True
INNOVATION,pooled,oil,asset_price,b,0.1,12,-0.018517318936574156,0.057581124391951316,0.7480213197284451,-0.11322984023661917,0.07619520236347085,291,True
INNOVATION,pooled,oil,asset_price,b,0.1,13,0.08728940435292998,0.03399068621311807,0.010782601107944665,0.03137970085271332,0.14319910785314663,290,True
INNOVATION,pooled,oil,asset_price,b,0.1,14,0.06917179595541256,0.0307571656360854,0.025348940194469125,0.018580760504150307,0.11976283140667482,289,True
INNOVATION,pooled,oil,asset_price,b,0.1,15,0.0683376028737257,0.02572035559281455,0.008373138400720825,0.0260313826904031,0.1106438230570483,288,True
INNOVATION,pooled,oil,asset_price,b,0.1,16,-0.05904307809839793,0.03035395487580026,0.052838701253468345,-0.10897089086817932,-0.009115265328616541,287,True
INNOVATION,pooled,oil,asset_price,b,0.1,17,-0.0844954156206974,0.03689463337942544,0.022818159577330327,-0.1451816871498902,-0.023809144091504614,286,True
INNOVATION,pooled,oil,asset_price,b,0.1,18,-0.037566970407922895,0.060062343825542784,0.5322200811158891,-0.1363607344925733,0.06122679367672751,285,True
INNOVATION,pooled,oil,asset_price,b,0.1,19,0.08364126174097919,0.03743695286879065,0.026334312296529917,0.02206295403273756,0.14521956944922082,284,True
INNOVATION,pooled,oil,asset_price,b,0.1,20,0.05507838976336643,0.04162396833369976,0.1869416907839326,-0.01338694551843285,0.12354372504516571,283,True
INNOVATION,pooled,oil,asset_price,b,0.1,21,0.0848186832281499,0.033967877428425886,0.013157928829732192,0.028946496840160527,0.14069086961613925,282,False
INNOVATION,pooled,oil,asset_price,b,0.1,22,-0.05478498032141488,0.03119943325910267,0.08030512900417165,-0.10610348127648028,-0.003466479366349466,281,True
INNOVATION,pooled,oil,asset_price,b,0.1,23,-0.008483377375796408,0.034039391139103654,0.8033917970609111,-0.06447319335017085,0.04750643859857804,280,False
INNOVATION,pooled,oil,asset_price,b,0.1,24,0.049747224102759446,0.0630710481170209,0.4310030897259759,-0.0539954181481532,0.1534898663536721,279,True
INNOVATION,pooled,dxy,asset_price,b,0.1,0,-0.01204234216716138,0.0063882353778424725,0.06047314008121469,-0.022550054298225278,-0.0015346300360974795,303,True
INNOVATION,pooled,dxy,asset_price,b,0.1,1,-0.004967819650460115,0.005254017511935636,0.3452225359102935,-0.013609909411033995,0.0036742701101137656,302,True
INNOVATION,pooled,dxy,asset_price,b,0.1,2,0.008690320054327572,0.0048847684452809365,0.0763417229128216,0.0006555909602891201,0.016725049148366023,301,True
INNOVATION,pooled,dxy,asset_price,b,0.1,3,0.00010888599562974832,0.005561740222060843,0.9843946189794092,-0.009039362580788916,0.009257134572048412,300,True
INNOVATION,pooled,dxy,asset_price,b,0.1,4,0.00032994440643818734,0.005086012685945975,0.9483230236019314,-0.00803580200676125,0.008695690819637624,299,True
INNOVATION,pooled,dxy,asset_price,b,0.1,5,-0.004354877283176961,0.005124217756013678,0.39615484512571647,-0.012783465444445193,0.004073710878091271,298,True
INNOVATION,pooled,dxy,asset_price,b,0.1,6,0.0023930951533657208,0.004945222371511046,0.6288359095716466,-0.005741071800495783,0.010527262107227224,297,False
INNOVATION,pooled,dxy,asset_price,b,0.1,7,-0.016061349000281666,0.005304120900301788,0.002700988270711567,-0.02478585150093217,-0.007336846499631162,296,True
INNOVATION,pooled,dxy,asset_price,b,0.1,8,-0.006303776113837145,0.00638400407035537,0.32432439381646705,-0.016804528363434136,0.004196976135759848,295,True
INNOVATION,pooled,dxy,asset_price,b,0.1,9,0.0010206926074260991,0.006304246995755806,0.8715031411620612,-0.009348870928740762,0.01139025614359296,294,True
INNOVATION,pooled,dxy,asset_price,b,0.1,10,-0.0008369348468448834,0.005664949650150472,0.8826609795368272,-0.010154947825392361,0.008481078131702595,293,True
INNOVATION,pooled,dxy,asset_price,b,0.1,11,-0.006960287630391804,0.005878840862141428,0.2374954710370454,-0.016630120344755653,0.0027095450839720436,292,True
INNOVATION,pooled,dxy,asset_price,b,0.1,12,0.0020279700700029935,0.0085952548177463,0.8136623516746242,-0.012109965991539122,0.01616590613154511,291,False
INNOVATION,pooled,dxy,asset_price,b,0.1,13,-0.008567364924545018,0.004294838751575869,0.04710007029263352,-0.015631746022246318,-0.001502983826843717,290,True
INNOVATION,pooled,dxy,asset_price,b,0.1,14,-0.0048434318834402745,0.006351002182355703,0.44637585774320465,-0.015289900857864767,0.005603037090984218,289,True
INNOVATION,pooled,dxy,asset_price,b,0.1,15,0.006604039629213965,0.006332506211121745,0.2979728996672511,-0.003812006179842363,0.017020085438270292,288,True
INNOVATION,pooled,dxy,asset_price,b,0.1,16,0.004518655606602806,0.010279043655742358,0.6605942553275945,-0.012388866632137532,0.021426177845343144,287,False
INNOVATION,pooled,dxy,asset_price,b,0.1,17,0.0017172880340012853,0.005340383162319578,0.748041532000019,-0.007066860579850644,0.010501436647853215,286,False
INNOVATION,pooled,dxy,asset_price,b,0.1,18,-0.01575237249858219,0.004924617652171953,0.0015536999072637543,-0.02385264770510647,-0.007652097292057909,285,True
INNOVATION,pooled,dxy,asset_price,b,0.1,19,-0.011934996503786266,0.005748728526398127,0.03888181571148854,-0.021390813470791616,-0.0024791795367809146,284,True
INNOVATION,pooled,dxy,asset_price,b,0.1,20,-0.007651234826653308,0.006264086409462498,0.22304574645811692,-0.017954740076795123,0.0026522704234885064,283,False
INNOVATION,pooled,dxy,asset_price,b,0.1,21,-0.010163319931109527,0.006255543008514255,0.10546877184891167,-0.02045277253721512,0.00012613267499606874,282,True
INNOVATION,pooled,dxy,asset_price,b,0.1,22,0.007606473350968201,0.005086372782739177,0.13604040526277628,-0.0007598653687475865,0.01597281207068399,281,True
INNOVATION,pooled,dxy,asset_price,b,0.1,23,-0.012025678335717771,0.004923796240635361,0.015279516526268187,-0.020124602440496867,-0.003926754230938674,280,True
INNOVATION,pooled,dxy,asset_price,b,0.1,24,0.0005876906673449867,0.009228306616789096,0.9492729466642811,-0.014591522941900827,0.0157669042765908,279,True
INNOVATION,pooled,vix,asset_price,b,0.1,0,-0.8730437642661855,0.6532021469382143,0.1824710964652026,-1.9474656847899958,0.2013781562576249,303,True
INNOVATION,pooled,vix,asset_price,b,0.1,1,-0.4443383083635126,0.8852359504960187,0.6161104640595825,-1.9004218722447228,1.0117452555176976,302,True
INNOVATION,pooled,vix,asset_price,b,0.1,2,0.2374984695998137,0.7386213570750026,0.7480450374422366,-0.9774255485288228,1.4524224877284502,301,True
INNOVATION,pooled,vix,asset_price,b,0.1,3,-0.8519088407992967,0.7643499130150968,0.2660256571764554,-2.109152567482221,0.4053348858836274,300,True
INNOVATION,pooled,vix,asset_price,b,0.1,4,-1.381371718714945,0.8977086584661048,0.12502598141308793,-2.8579710615386578,0.09522762410876795,299,True
INNOVATION,pooled,vix,asset_price,b,0.1,5,0.07120308233425021,0.847812668683634,0.9331310284063835,-1.323324660725432,1.4657308253939325,298,False
INNOVATION,pooled,vix,asset_price,b,0.1,6,1.300103791643778,0.973358673057378,0.18278017079273096,-0.30092875205932224,2.9011363353468784,297,True
INNOVATION,pooled,vix,asset_price,b,0.1,7,0.14974611821708095,0.9414482929291267,0.8737419432841675,-1.3987985209946652,1.698290757428827,296,True
INNOVATION,pooled,vix,asset_price,b,0.1,8,0.8512164833955467,0.7459824190690594,0.2548641364907037,-0.3758154042522288,2.078248371043322,295,False
INNOVATION,pooled,vix,asset_price,b,0.1,9,-1.0030820850988675,0.8275000874593391,0.22651766534943385,-2.364198605259022,0.35803443506128696,294,True
INNOVATION,pooled,vix,asset_price,b,0.1,10,2.3465087386211962,0.9922505112566388,0.01875906191736172,0.7144018863362613,3.978615590906131,293,True
INNOVATION,pooled,vix,asset_price,b,0.1,11,1.3972673447278794,0.926456231645758,0.13270295491405684,-0.12661754810643888,2.9211522375621977,292,True
INNOVATION,pooled,vix,asset_price,b,0.1,12,1.0952317736810073,1.050600823251108,0.2981458767296081,-0.6328528009217802,2.823316348283795,291,True
INNOVATION,pooled,vix,asset_price,b,0.1,13,1.947780861519277,1.2049722315287315,0.10719983354855962,-0.03422208388656589,3.92978380692512,290,False
INNOVATION,pooled,vix,asset_price,b,0.1,14,2.10723411408253,1.288818961716231,0.10325203320752849,-0.012684429580242629,4.227152657745303,289,True
INNOVATION,pooled,vix,asset_price,b,0.1,15,0.6193465752839984,1.5755645711023147,0.6945714253733009,-1.9722265239898848,3.2109196745578816,288,True
INNOVATION,pooled,vix,asset_price,b,0.1,16,1.3716412582434714,1.394331658158929,0.3261679639083938,-0.9218302268525029,3.6651127433394457,287,False
INNOVATION,pooled,vix,asset_price,b,0.1,17,-2.061281940434128,1.391857524295966,0.13983806722541214,-4.350683837472045,0.2281199566037886,286,False
INNOVATION,pooled,vix,asset_price,b,0.1,18,-2.3018967643438373,1.096769192935114,0.0368106494988744,-4.105921549271798,-0.49787197941587613,285,True
INNOVATION,pooled,vix,asset_price,b,0.1,19,-0.9569346685893834,1.2195960721545847,0.43339455376733615,-2.962991691288621,1.0491223541098544,284,False
INNOVATION,pooled,vix,asset_price,b,0.1,20,0.3913222590344958,1.358132513868997,0.7734792879094662,-1.8426069322836445,2.625251450352636,283,True
INNOVATION,pooled,vix,asset_price,b,0.1,21,-2.1486921869654907,1.1611639262861957,0.0654078416992744,-4.058636882602552,-0.23874749132842976,282,True
INNOVATION,pooled,vix,asset_price,b,0.1,22,-2.895377429202199,1.1385930680196814,0.011588781435913022,-4.768196366756176,-1.0225584916482218,281,False
INNOVATION,pooled,vix,asset_price,b,0.1,23,-2.5919211654691026,1.2005958715774014,0.03180510224326705,-4.5667256393361555,-0.6171166916020498,280,True
INNOVATION,pooled,vix,asset_price,b,0.1,24,-0.36997873803193215,1.182873559857634,0.75470782092814,-2.315632603188761,1.5756751271248965,279,True
INNOVATION,pooled,us10y,asset_price,b,0.1,0,-0.03685842213758406,0.09902143502655858,0.7100107490297835,-0.1997341886869585,0.12601734441179038,303,True
INNOVATION,pooled,us10y,asset_price,b,0.1,1,-0.1392552146684629,0.08767606224659548,0.11337348267605271,-0.2834695036515985,0.004959074314672712,302,True
INNOVATION,pooled,us10y,asset_price,b,0.1,2,-0.00892725739848288,0.08289718872052272,0.9143201375457432,-0.14528099892951535,0.1274264841325496,301,True
INNOVATION,pooled,us10y,asset_price,b,0.1,3,-0.09753744095178263,0.14475091558226674,0.5009919026609494,-0.33563150945182046,0.1405566275482552,300,False
INNOVATION,pooled,us10y,asset_price,b,0.1,4,-0.19084908125154243,0.06834156966057243,0.0056014479791256745,-0.3032609599792917,-0.07843720252379317,299,True
INNOVATION,pooled,us10y,asset_price,b,0.1,5,-0.061729627199383685,0.08984779072281722,0.4926429889614003,-0.20951609164338642,0.08605683724461904,298,False
INNOVATION,pooled,us10y,asset_price,b,0.1,6,-0.0717647283923668,0.14243560017126763,0.6147863116697448,-0.3060504419410861,0.1625209851563525,297,True
INNOVATION,pooled,us10y,asset_price,b,0.1,7,-0.23727988317546078,0.09217983435475333,0.01058782011844523,-0.3889022180456627,-0.08565754830525885,296,True
INNOVATION,pooled,us10y,asset_price,b,0.1,8,-0.27092752117539476,0.08013249922885957,0.0008302673164175403,-0.40273375316867044,-0.13912128918211905,295,True
INNOVATION,pooled,us10y,asset_price,b,0.1,9,0.002809961507409753,0.09797098057380878,0.9771400623158474,-0.15833796122541183,0.16395788424023133,294,True
INNOVATION,pooled,us10y,asset_price,b,0.1,10,-0.06197550976776256,0.14712743234400635,0.673923523583557,-0.30397860048285874,0.18002758094733362,293,False
INNOVATION,pooled,us10y,asset_price,b,0.1,11,-0.15020554260843255,0.09235395058102548,0.1050551213521325,-0.30211427318492934,0.0017031879680642348,292,True
INNOVATION,pooled,us10y,asset_price,b,0.1,12,-0.07130229042903125,0.09491164156570413,0.4531744082017882,-0.2274180482982978,0.0848134674402353,291,True
INNOVATION,pooled,us10y,asset_price,b,0.1,13,-0.04753530264679284,0.07390134050478406,0.5206396882002933,-0.16909219061266265,0.07402158531907696,290,False
INNOVATION,pooled,us10y,asset_price,b,0.1,14,0.01373380977497618,0.06560657756419071,0.8343493513350847,-0.09417940728335598,0.12164702683330834,289,True
INNOVATION,pooled,us10y,asset_price,b,0.1,15,-0.0222603158068182,0.10352897306479279,0.8299239276977393,-0.1925503226470039,0.1480296910333675,288,True
INNOVATION,pooled,us10y,asset_price,b,0.1,16,-0.10214158787857741,0.08446082387702411,0.2276361975517897,-0.24106728036801003,0.03678410461085521,287,False
INNOVATION,pooled,us10y,asset_price,b,0.1,17,0.1514475154366437,0.13994173111774386,0.28016593912883625,-0.07873614855424499,0.3816311794275324,286,True
INNOVATION,pooled,us10y,asset_price,b,0.1,18,0.14092576420443947,0.08577865637617893,0.10162648639292744,-0.00016756985094246168,0.2820190982598214,285,True
INNOVATION,pooled,us10y,asset_price,b,0.1,19,-0.069340344093888,0.13276651051573116,0.6019320031282116,-0.2877218204533792,0.14904113226560317,284,True
INNOVATION,pooled,us10y,asset_price,b,0.1,20,-0.13150238091938604,0.08103657622733133,0.10587773555225466,-0.26479568724264146,0.0017909254038693534,283,True
INNOVATION,pooled,us10y,asset_price,b,0.1,21,0.049206281662691254,0.07483261464711544,0.5114219416231445,-0.07388241595387843,0.17229497927926093,282,True
INNOVATION,pooled,us10y,asset_price,b,0.1,22,-0.23285581409800216,0.07958142450284404,0.003745473424614953,-0.36375560882946995,-0.10195601936653437,281,True
INNOVATION,pooled,us10y,asset_price,b,0.1,23,-0.13992068614538766,0.13936665743207532,0.31635355519791913,-0.36915843809864013,0.08931706580786478,280,True
INNOVATION,pooled,us10y,asset_price,b,0.1,24,0.25954018452006267,0.09582746882126203,0.007225693368323948,0.10191802486783069,0.41716234417229464,279,True
INNOVATION,pooled,ip,real_macro,b,0.1,0,0.07871588870875712,0.18757569317123832,0.6750697831986939,-0.2298186705318907,0.38725044794940494,303,True
INNOVATION,pooled,ip,real_macro,b,0.1,1,-0.03930577110440936,0.23136372743743497,0.8652240930800932,-0.4198652373248861,0.3412536951160674,302,True
INNOVATION,pooled,ip,real_macro,b,0.1,2,0.10515927176265905,0.22210764643935677,0.6362628123947612,-0.26017529605677214,0.47049383958209023,301,True
INNOVATION,pooled,ip,real_macro,b,0.1,3,0.5729641900397837,0.2191418300383184,0.009431837239241367,0.2125079560844726,0.9334204239950948,300,False
INNOVATION,pooled,ip,real_macro,b,0.1,4,0.5066670467131189,0.24909979418506653,0.04292624381741163,0.096934346774947,0.9163997466512908,299,True
INNOVATION,pooled,ip,real_macro,b,0.1,5,0.454935510368216,0.2373952386597529,0.05637457294924803,0.06445509103771108,0.8454159296987209,298,True
INNOVATION,pooled,ip,real_macro,b,0.1,6,0.754723222406426,0.2082255519994547,0.00034608398994441514,0.41222266797615054,1.0972237768367015,297,True
INNOVATION,pooled,ip,real_macro,b,0.1,7,0.5497449973028949,0.35283097674928837,0.12039025809866008,-0.030610314504002645,1.1301003091097925,296,True
INNOVATION,pooled,ip,real_macro,b,0.1,8,0.13521585968464933,0.25142445757636894,0.5911636917953574,-0.2783405712641477,0.5487722906334463,295,True
INNOVATION,pooled,ip,real_macro,b,0.1,9,-0.2751002365748718,0.27040826589447836,0.30991070596936166,-0.7198822534890627,0.16968178033931902,294,True
INNOVATION,pooled,ip,real_macro,b,0.1,10,0.1412049148875667,0.2227661420310346,0.5267119929573182,-0.22521278179416732,0.5076226115693008,293,True
INNOVATION,pooled,ip,real_macro,b,0.1,11,0.5998626168263854,0.29802823896273045,0.04515396739071633,0.10964978703457817,1.0900754466181928,292,True
INNOVATION,pooled,ip,real_macro,b,0.1,12,0.021669077930823732,0.36277738908236934,0.9524151953507666,-0.5750466262772969,0.6183847821389443,291,True
INNOVATION,pooled,ip,real_macro,b,0.1,13,0.4887160052685715,0.3659541336972962,0.18288585361715226,-0.11322497884131011,1.090656989378453,290,True
INNOVATION,pooled,ip,real_macro,b,0.1,14,-0.17427740088214705,0.23822135467652297,0.4650827684281121,-0.566116660139119,0.21756185837482483,289,True
INNOVATION,pooled,ip,real_macro,b,0.1,15,-0.33827847488009866,0.23945264946999534,0.15893529486926622,-0.7321430338439601,0.0555860840837627,288,True
INNOVATION,pooled,ip,real_macro,b,0.1,16,0.2677476978296909,0.2158139231360852,0.2158608744906422,-0.0872346163873251,0.6227300120467069,287,True
INNOVATION,pooled,ip,real_macro,b,0.1,17,0.13768637041243892,0.197096013137149,0.4854468003254062,-0.18650772165387564,0.4618804624787535,286,True
INNOVATION,pooled,ip,real_macro,b,0.1,18,0.2462123596794754,0.3735761424653996,0.5104417023185758,-0.3682657131972771,0.8606904325562279,285,True
INNOVATION,pooled,ip,real_macro,b,0.1,19,0.26742246934435343,0.19798168803593003,0.1779703448332835,-0.05822842829152097,0.5930733669802278,284,True
INNOVATION,pooled,ip,real_macro,b,0.1,20,0.01090956010239097,0.1904643928619901,0.9543680138410722,-0.30237648730176353,0.32419560750654547,283,True
INNOVATION,pooled,ip,real_macro,b,0.1,21,-0.12457743940063892,0.2093121968372313,0.5522562057469942,-0.4688653655335393,0.21971048673226146,282,True
INNOVATION,pooled,ip,real_macro,b,0.1,22,0.10960379611799453,0.3633331503515029,0.7631575641444028,-0.4880260540293795,0.7072336462653686,281,True
INNOVATION,pooled,ip,real_macro,b,0.1,23,-0.018637777150615875,0.22382356263294284,0.9337029994305057,-0.3867947759446119,0.3495192216433802,280,True
INNOVATION,pooled,ip,real_macro,b,0.1,24,0.027519658117512336,0.22426786709880356,0.9024358278702702,-0.34136815648862545,0.3964074727236501,279,True
INNOVATION,pooled,cpi,real_macro,b,0.1,0,-0.005277167170383734,0.1352315556144747,0.9689002109446976,-0.22771328190114215,0.21715894756037468,303,True
INNOVATION,pooled,cpi,real_macro,b,0.1,1,0.03148611875536744,0.15838772254077443,0.8425733410859277,-0.22903850113040886,0.29201073864114374,302,True
INNOVATION,pooled,cpi,real_macro,b,0.1,2,-0.25730896839636586,0.1303555272750978,0.049401017991677766,-0.471724730227982,-0.04289320656474968,301,True
INNOVATION,pooled,cpi,real_macro,b,0.1,3,-0.12073410404332208,0.08809746755993933,0.17167312516881564,-0.2656415430845279,0.024173334997883794,300,True
INNOVATION,pooled,cpi,real_macro,b,0.1,4,0.05314083798672442,0.09638366571666182,0.5818501693417945,-0.10539618414620505,0.2116778601196539,299,True
INNOVATION,pooled,cpi,real_macro,b,0.1,5,0.11334902205070918,0.14637602028846441,0.4393902909253928,-0.12741810581949378,0.3541161499209121,298,True
INNOVATION,pooled,cpi,real_macro,b,0.1,6,-0.02534035812118418,0.09528929146548282,0.7904962040381369,-0.18207729479781956,0.1313965785554512,297,False
INNOVATION,pooled,cpi,real_macro,b,0.1,7,-0.05311251145234408,0.08698986473184085,0.5420084892362528,-0.19619810596453047,0.08997308305984231,296,True
INNOVATION,pooled,cpi,real_macro,b,0.1,8,0.24449147201281818,0.09703163442245666,0.012329170189055322,0.08488863620401102,0.40409430782162536,295,True
INNOVATION,pooled,cpi,real_macro,b,0.1,9,0.07686667246409229,0.08902540232500698,0.3886822124069913,-0.06956708344100948,0.22330042836919406,294,True
INNOVATION,pooled,cpi,real_macro,b,0.1,10,0.16985147684660085,0.15577313032497786,0.2765374661555392,-0.08637252155002334,0.42607547524322503,293,True
INNOVATION,pooled,cpi,real_macro,b,0.1,11,0.0797992210018208,0.16005023243652816,0.6184843871094794,-0.18345998431582872,0.3430584263194703,292,True
INNOVATION,pooled,cpi,real_macro,b,0.1,12,0.2001860393573054,0.10019624137488913,0.04675294227622733,0.03537788832491384,0.36499419038969694,291,True
INNOVATION,pooled,cpi,real_macro,b,0.1,13,-0.12808857404343144,0.10480150399449886,0.2227297775361705,-0.3004717079987521,0.044294559911889214,290,False
INNOVATION,pooled,cpi,real_macro,b,0.1,14,0.11296155279279674,0.09499305076622176,0.2354590317423725,-0.04328811129520846,0.26921121688080196,289,False
INNOVATION,pooled,cpi,real_macro,b,0.1,15,0.1768923050307194,0.08176845855247339,0.0314269971995161,0.04239515941045241,0.3113894506509864,288,False
INNOVATION,pooled,cpi,real_macro,b,0.1,16,-0.1337561738452564,0.08134468382178534,0.10132463043380478,-0.26755627206274074,4.392437222794365e-05,287,True
INNOVATION,pooled,cpi,real_macro,b,0.1,17,0.12335172857018506,0.1342758279863926,0.35913965705334605,-0.0975123541051448,0.3442158112455149,286,True
INNOVATION,pooled,cpi,real_macro,b,0.1,18,-0.03712885043611003,0.15398540159338667,0.8096549178061377,-0.2904122967445711,0.21615459587235103,285,True
INNOVATION,pooled,cpi,real_macro,b,0.1,19,-0.04300177750697287,0.1599866478981238,0.7883127439730897,-0.30615639556600993,0.2201528405520642,284,True
INNOVATION,pooled,cpi,real_macro,b,0.1,20,0.115154741378241,0.08590191953753952,0.18126372298507612,-0.026141342535174417,0.2564508252916564,283,True
INNOVATION,pooled,cpi,real_macro,b,0.1,21,0.14463739076356852,0.14770900327829722,0.32841043601349545,-0.09832229901212558,0.3875970805392626,282,True
INNOVATION,pooled,cpi,real_macro,b,0.1,22,0.0894007053726682,0.07836025806214035,0.25499305140127165,-0.039490449309696696,0.2182918600550331,281,True
INNOVATION,pooled,cpi,real_macro,b,0.1,23,0.031386458756912816,0.09533679825125269,0.7422654110558705,-0.12542861962860094,0.18820153714242657,280,True
INNOVATION,pooled,cpi,real_macro,b,0.1,24,-0.2240031371719624,0.09429207977126838,0.01827052869874891,-0.37909980657653075,-0.06890646776739406,279,True
INNOVATION,pooled,infl_exp,real_macro,b,0.1,0,-0.3229652566515142,0.17188039676527198,0.06130047384386915,-0.6056833506727299,-0.04024716263029854,303,True
INNOVATION,pooled,infl_exp,real_macro,b,0.1,1,0.19708210129010695,0.10823637765644273,0.06972043482110954,0.01904910293381784,0.37511509964639606,302,True
INNOVATION,pooled,infl_exp,real_macro,b,0.1,2,-0.059900034764041266,0.10433393516955909,0.5663603849995976,-0.2315140864418103,0.11171401691372776,301,True
INNOVATION,pooled,infl_exp,real_macro,b,0.1,3,-0.2060688032922826,0.1154986653566827,0.07551131220418865,-0.3960472019122765,-0.016090404672288727,300,True
INNOVATION,pooled,infl_exp,real_macro,b,0.1,4,-0.1252763745470702,0.09308440415471132,0.1794801228326158,-0.27838659433356383,0.02783384523942342,299,True
INNOVATION,pooled,infl_exp,real_macro,b,0.1,5,-0.05453712076723605,0.11857101767141903,0.6459199659321609,-0.24956908923539675,0.14049484770092466,298,True
INNOVATION,pooled,infl_exp,real_macro,b,0.1,6,0.25601599244782847,0.10009886330379066,0.011087559632977775,0.09136801408886877,0.4206639708067882,297,True
INNOVATION,pooled,infl_exp,real_macro,b,0.1,7,-0.16005474669418618,0.1080363677136512,0.1396509459238813,-0.33775875797064825,0.01764926458227592,296,True
INNOVATION,pooled,infl_exp,real_macro,b,0.1,8,0.1970612210852778,0.09296375409881913,0.034948631895007944,0.044149452980810355,0.34997298918974523,295,True
INNOVATION,pooled,infl_exp,real_macro,b,0.1,9,-0.0757440611050697,0.1319687057009548,0.5664834362049825,-0.29281326532137664,0.14132514311123726,294,False
INNOVATION,pooled,infl_exp,real_macro,b,0.1,10,0.012241629186519276,0.11392748078849667,0.9145124493880965,-0.17515240079788363,0.1996356591709222,293,True
INNOVATION,pooled,infl_exp,real_macro,b,0.1,11,0.1892877586030295,0.08159298148395096,0.021109140698233022,0.05507924707536843,0.32349627013069054,292,True
INNOVATION,pooled,infl_exp,real_macro,b,0.1,12,0.14782598474641873,0.10411790116034964,0.15685186056847825,-0.023432722607757278,0.31908469210059476,291,True
INNOVATION,pooled,infl_exp,real_macro,b,0.1,13,-0.30849401096088513,0.10037651972776986,0.00233999277307331,-0.47359869349587336,-0.14338932842589688,290,True
INNOVATION,pooled,infl_exp,real_macro,b,0.1,14,-0.18254522208167145,0.09496718892963749,0.05567004546647314,-0.3387523472339714,-0.02633809692937153,289,True
INNOVATION,pooled,infl_exp,real_macro,b,0.1,15,-0.0380368213930069,0.13038477703359336,0.7707276252637184,-0.2525006947959719,0.17642705200995815,288,True
INNOVATION,pooled,infl_exp,real_macro,b,0.1,16,-0.14860354983147772,0.11898404798732139,0.2128158465502771,-0.3443148927127913,0.04710779304983587,287,True
INNOVATION,pooled,infl_exp,real_macro,b,0.1,17,0.531448903018088,0.09397756820175919,4.124823445127808e-08,0.37686955910934505,0.686028246926831,286,True
INNOVATION,pooled,infl_exp,real_macro,b,0.1,18,-0.2020871414265457,0.1875285127358163,0.28220748592521977,-0.5105440957568685,0.10636981290377706,285,True
INNOVATION,pooled,infl_exp,real_macro,b,0.1,19,0.005815006707351245,0.19903020257570803,0.9767145220094078,-0.32156054387218835,0.33319055728689084,284,True
INNOVATION,pooled,infl_exp,real_macro,b,0.1,20,-0.1753424752751016,0.1011118508979073,0.0841011198461166,-0.34165666995230093,-0.00902828059790231,283,True
INNOVATION,pooled,infl_exp,real_macro,b,0.1,21,-0.16274760569558566,0.11130221310671096,0.14491884592457246,-0.34582345461188485,0.020328243220713527,282,True
INNOVATION,pooled,infl_exp,real_macro,b,0.1,22,0.10638087579775402,0.1290590704535262,0.4105566005992601,-0.10590240432871412,0.31866415592422215,281,True
INNOVATION,pooled,infl_exp,real_macro,b,0.1,23,0.12603318222681992,0.12017311482790263,0.2952917390468034,-0.07163400155991148,0.32370036601355134,280,True
INNOVATION,pooled,infl_exp,real_macro,b,0.1,24,0.06217116790332966,0.17679471294130947,0.7253902494226153,-0.2286302569040276,0.3529725927106869,279,True
INNOVATION,pooled,freight,physical_channel,b,0.1,0,-0.006064582293376475,0.007770743706949657,0.4358044517400255,-0.018846318263862946,0.0067171536771099966,303,True
INNOVATION,pooled,freight,physical_channel,b,0.1,1,-0.009059482540951791,0.011814564979881982,0.44385688200768253,-0.028492712598964517,0.010373747517060935,302,True
INNOVATION,pooled,freight,physical_channel,b,0.1,2,0.011326754685416773,0.01302928925853531,0.3854302015165385,-0.01010451900808489,0.03275802837891843,301,True
INNOVATION,pooled,freight,physical_channel,b,0.1,3,0.0008942059190921725,0.00706650234447313,0.899396777820572,-0.010729156092075537,0.012517567930259882,300,True
INNOVATION,pooled,freight,physical_channel,b,0.1,4,-0.015089119039998877,0.005330749430203524,0.004994268026101543,-0.02385742157463864,-0.006320816505359117,299,True
INNOVATION,pooled,freight,physical_channel,b,0.1,5,0.0075999629459744256,0.011100248600772428,0.4941419953648751,-0.010658321225069108,0.02585824711701796,298,True
INNOVATION,pooled,freight,physical_channel,b,0.1,6,0.009722170512526773,0.010780266364742436,0.36794395450136647,-0.008009789717022785,0.02745413074207633,297,True
INNOVATION,pooled,freight,physical_channel,b,0.1,7,0.007780036491709552,0.00592204343253311,0.19005656484129285,-0.0019608581272566802,0.017520931110675785,296,True
INNOVATION,pooled,freight,physical_channel,b,0.1,8,0.0072426952171156245,0.007049537598877114,0.3051619813846515,-0.00435276227072817,0.01883815270495942,295,True
INNOVATION,pooled,freight,physical_channel,b,0.1,9,0.0201390716608163,0.0059652070850825705,0.0008450167673022043,0.010327179151401614,0.029950964170230986,294,True
INNOVATION,pooled,freight,physical_channel,b,0.1,10,-0.01762975049487636,0.007820943941138688,0.02500246652393063,-0.030494058502642474,-0.00476544248711025,293,True
INNOVATION,pooled,freight,physical_channel,b,0.1,11,-0.007973771300967769,0.007474686515123617,0.28705028099912966,-0.02026853652569411,0.004320993923758572,292,True
INNOVATION,pooled,freight,physical_channel,b,0.1,12,-0.0155918310648957,0.008373283035008972,0.06370520030395513,-0.029364656034521437,-0.0018190060952699618,291,True
INNOVATION,pooled,freight,physical_channel,b,0.1,13,-0.007985881548961515,0.007909901711444293,0.31361574088568883,-0.020996512067860316,0.0050247489699372875,290,True
INNOVATION,pooled,freight,physical_channel,b,0.1,14,-0.0009187024602965721,0.005855208586692574,0.8754422406441147,-0.010549663540675255,0.008712258620082111,289,True
INNOVATION,pooled,freight,physical_channel,b,0.1,15,-0.023665156068801707,0.006467635904227622,0.00030652797088357234,-0.034303470443672074,-0.013026841693931339,288,True
INNOVATION,pooled,freight,physical_channel,b,0.1,16,-0.01619195074692925,0.008388236365859095,0.05465939405118534,-0.02998937175703882,-0.002394529736819683,287,True
INNOVATION,pooled,freight,physical_channel,b,0.1,17,0.008495200146356297,0.009446838732929114,0.3693506881021455,-0.007043466806727806,0.0240338670994404,286,True
INNOVATION,pooled,freight,physical_channel,b,0.1,18,-0.003524770964041579,0.008543083320721413,0.6802526996835677,-0.01757689254947882,0.010527350621395664,285,True
INNOVATION,pooled,freight,physical_channel,b,0.1,19,0.005563215064555038,0.007613986814534979,0.46565666183288584,-0.0069606787628935084,0.018087108892003587,284,True
INNOVATION,pooled,freight,physical_channel,b,0.1,20,-0.002060491935232278,0.010798591687080097,0.8488253626059638,-0.019822594637693994,0.015701610767229437,283,True
INNOVATION,pooled,freight,physical_channel,b,0.1,21,0.016130899249247932,0.005992873633955119,0.007581658374025018,0.006273499316575004,0.02598829918192086,282,True
INNOVATION,pooled,freight,physical_channel,b,0.1,22,-0.001184391363416637,0.007155798929831757,0.8686709009074044,-0.012954633186885866,0.010585850460052592,281,True
INNOVATION,pooled,freight,physical_channel,b,0.1,23,0.0008576063427057079,0.014601869555168496,0.9532116081815493,-0.023160331755385472,0.024875544440796888,280,True
INNOVATION,pooled,freight,physical_channel,b,0.1,24,-0.01914388093861419,0.007463618447084723,0.01090104324873608,-0.03142044081148341,-0.006867321065744966,279,True
INNOVATION,pooled,oil,asset_price,b,0.25,0,-0.016757094053787114,0.029908056965610202,0.5757398689923423,-0.0659514700287423,0.03243728192116807,303,True
INNOVATION,pooled,oil,asset_price,b,0.25,1,-0.0488682684049877,0.029587375493890733,0.09974953012045043,-0.09753517029808897,-0.00020136651188642357,302,True
INNOVATION,pooled,oil,asset_price,b,0.25,2,0.002778040788101066,0.028181977619541942,0.9215479934867358,-0.04357718731406771,0.049133268890269845,301,True
INNOVATION,pooled,oil,asset_price,b,0.25,3,-0.011240505603750783,0.03554902044718228,0.7520952374717476,-0.06971344082087061,0.047232429613369036,300,True
INNOVATION,pooled,oil,asset_price,b,0.25,4,-0.010654014503124642,0.026659388774067285,0.689740443418883,-0.05450480682045858,0.033196777814209294,299,True
INNOVATION,pooled,oil,asset_price,b,0.25,5,-0.0360909952718913,0.025784180801393906,0.16274089352721077,-0.07850219858103659,0.006320208037253985,298,True
INNOVATION,pooled,oil,asset_price,b,0.25,6,0.012173779425808107,0.026115158233189644,0.6414799479323074,-0.03078183331246548,0.05512939216408169,297,True
INNOVATION,pooled,oil,asset_price,b,0.25,7,-0.04146056307808976,0.0351445716527149,0.23915989490020356,-0.09926823922871376,0.01634711307253424,296,True
INNOVATION,pooled,oil,asset_price,b,0.25,8,0.03735756254755529,0.02746915790227484,0.1749828057826329,-0.007825181457304174,0.08254030655241476,295,True
INNOVATION,pooled,oil,asset_price,b,0.25,9,-0.013649159488039686,0.028212510450311982,0.6289271873959155,-0.06005460962764166,0.03275629065156229,294,True
INNOVATION,pooled,oil,asset_price,b,0.25,10,0.054634028650440314,0.03498856864788013,0.11960340833740042,-0.002917045391865887,0.11218510269274651,293,True
INNOVATION,pooled,oil,asset_price,b,0.25,11,-0.023462751057081732,0.027006450410972885,0.3857548277092769,-0.06788440896665557,0.020958906852492097,292,True
INNOVATION,pooled,oil,asset_price,b,0.25,12,-0.02552907295259388,0.03822738345522686,0.5048330673884021,-0.08840752327778847,0.03734937737260072,291,True
INNOVATION,pooled,oil,asset_price,b,0.25,13,0.009883640445345065,0.038011060049476186,0.7950524726819457,-0.05263898954130604,0.07240627043199617,290,True
INNOVATION,pooled,oil,asset_price,b,0.25,14,0.021106121106640785,0.02665940313453217,0.42925734130372023,-0.022744694831555896,0.06495693704483746,289,False
INNOVATION,pooled,oil,asset_price,b,0.25,15,0.006861681784300799,0.028728513915481427,0.8114133917560785,-0.04039251852650467,0.05411588209510627,288,False
INNOVATION,pooled,oil,asset_price,b,0.25,16,-0.029713824138752898,0.02923158837651661,0.3103413442256399,-0.07779550830141874,0.01836786002391294,287,True
INNOVATION,pooled,oil,asset_price,b,0.25,17,-0.07332386487036047,0.0360017233441277,0.0427034704657033,-0.1325414300894524,-0.014106299651268542,286,True
INNOVATION,pooled,oil,asset_price,b,0.25,18,-0.059592317974363596,0.03633461348579765,0.10220820823377721,-0.11935743875035773,0.0001728028016305394,285,True
INNOVATION,pooled,oil,asset_price,b,0.25,19,0.08917977058206361,0.032204080245183134,0.006030422044942001,0.036208772388137876,0.14215076877598934,284,True
INNOVATION,pooled,oil,asset_price,b,0.25,20,0.04213049955058068,0.031544969712039655,0.1828808878622323,-0.009756358292342088,0.09401735739350345,283,True
INNOVATION,pooled,oil,asset_price,b,0.25,21,0.019389217854154595,0.027682697259067027,0.4843128088885167,-0.02614476713622138,0.06492320284453057,282,True
INNOVATION,pooled,oil,asset_price,b,0.25,22,0.012208625429536824,0.027169119933675354,0.6535590813627805,-0.03248060003444862,0.05689785089352227,281,True
INNOVATION,pooled,oil,asset_price,b,0.25,23,-0.015111389455256585,0.03901401664180934,0.6988371292835607,-0.07928373623048178,0.04906095731996861,280,True
INNOVATION,pooled,oil,asset_price,b,0.25,24,0.021929358680722544,0.04269631746240401,0.6079748175927294,-0.04829983395478417,0.09215855131622926,279,True
INNOVATION,pooled,dxy,asset_price,b,0.25,0,-0.006187205126437334,0.005112107772839151,0.22720146423440227,-0.014595874137958624,0.0022214638850839557,303,True
INNOVATION,pooled,dxy,asset_price,b,0.25,1,0.00350417935946723,0.004366397550567839,0.4229400796035153,-0.003677905488296304,0.010686264207230765,302,False
INNOVATION,pooled,dxy,asset_price,b,0.25,2,0.002505758603263075,0.00436691412767488,0.5665719613564485,-0.004677175938228575,0.009688693144754726,301,True
INNOVATION,pooled,dxy,asset_price,b,0.25,3,-0.003415711707525304,0.004005035239258883,0.39449044332791017,-0.010003408446888736,0.003171985031838127,300,True
INNOVATION,pooled,dxy,asset_price,b,0.25,4,0.0029762916802731354,0.0040187064887168495,0.4595715174809856,-0.00363389226334619,0.00958647562389246,299,True
INNOVATION,pooled,dxy,asset_price,b,0.25,5,0.0013763056329718637,0.0055463282136106835,0.8042091655979674,-0.007746592445448949,0.010499203711392676,298,True
INNOVATION,pooled,dxy,asset_price,b,0.25,6,-0.0021346900991030537,0.005309820493185555,0.6879835516097018,-0.010868567595780568,0.006599187397574461,297,True
INNOVATION,pooled,dxy,asset_price,b,0.25,7,-0.01532149971839658,0.005842501980077074,0.009230339253568476,-0.024931560290797516,-0.005711439145995647,296,True
INNOVATION,pooled,dxy,asset_price,b,0.25,8,-0.0056980664579828755,0.005729595175448066,0.32088127505114644,-0.015122411863282285,0.0037262789473165338,295,True
INNOVATION,pooled,dxy,asset_price,b,0.25,9,-0.012294012218035277,0.005156504124047318,0.017818899901912245,-0.02077570672886473,-0.0038123177072058225,294,True
INNOVATION,pooled,dxy,asset_price,b,0.25,10,0.0012246043240438098,0.004899768258416038,0.8028342926068697,-0.006834797267033508,0.009284005915121128,293,True
INNOVATION,pooled,dxy,asset_price,b,0.25,11,-0.004909022334999236,0.004529204690105828,0.2794158773525479,-0.012358901096725425,0.0025408564267269534,292,False
INNOVATION,pooled,dxy,asset_price,b,0.25,12,0.007115476629255824,0.005908173195285062,0.22953912308050914,-0.002602603479666279,0.016833556738177928,291,False
INNOVATION,pooled,dxy,asset_price,b,0.25,13,-0.0027029859408003176,0.004506623271596579,0.5491707104355207,-0.01011572157438986,0.0047097496927892245,290,False
INNOVATION,pooled,dxy,asset_price,b,0.25,14,-0.009474406784171663,0.006081479972760726,0.12046596731810287,-0.019477551174599886,0.0005287376062565585,289,True
INNOVATION,pooled,dxy,asset_price,b,0.25,15,-0.0003389594634981563,0.006473740250262918,0.9582827372866665,-0.010987314594084849,0.010309395667088536,288,True
INNOVATION,pooled,dxy,asset_price,b,0.25,16,0.0055754008307054015,0.006817038150888327,0.4141873880358247,-0.0056376290968498215,0.016788430758260624,287,False
INNOVATION,pooled,dxy,asset_price,b,0.25,17,0.0005529279179725677,0.004739176669748771,0.9072109643750964,-0.007242324016027497,0.008348179851972632,286,True
INNOVATION,pooled,dxy,asset_price,b,0.25,18,-0.01563761804636954,0.004843693193590763,0.0014064767157693425,-0.023604784363687466,-0.007670451729051614,285,True
INNOVATION,pooled,dxy,asset_price,b,0.25,19,-0.013643261745336588,0.007076370979687007,0.05496086418817124,-0.025282856216928905,-0.002003667273744271,284,True
INNOVATION,pooled,dxy,asset_price,b,0.25,20,-0.0015053795580666218,0.005180747391027577,0.7716149366050208,-0.010026950694517709,0.007016191578384465,283,True
INNOVATION,pooled,dxy,asset_price,b,0.25,21,-0.009870153895430889,0.005847006263142097,0.0926252449517133,-0.019487623354168142,-0.0002526844366936374,282,True
INNOVATION,pooled,dxy,asset_price,b,0.25,22,0.005181029378244162,0.004650646517289063,0.2663171167641169,-0.002468603413387986,0.01283066216987631,281,True
INNOVATION,pooled,dxy,asset_price,b,0.25,23,-0.008486465072741645,0.006040015312041337,0.1612407973018919,-0.018421406165595268,0.001448476020111977,280,True
INNOVATION,pooled,dxy,asset_price,b,0.25,24,-0.000184721244004038,0.0045894548288656035,0.9679265608539728,-0.007733702664993574,0.007364260176985498,279,True
INNOVATION,pooled,vix,asset_price,b,0.25,0,-0.8807909930328606,0.8369681918641294,0.2935586873238341,-2.2574811590635893,0.49589917299786834,303,True
INNOVATION,pooled,vix,asset_price,b,0.25,1,-0.6570312934200047,0.8676610130381675,0.4495542472087095,-2.084206657680223,0.7701440708402136,302,True
INNOVATION,pooled,vix,asset_price,b,0.25,2,-0.08307783078635111,0.8259983842685165,0.9199587421587967,-1.4417242690064762,1.275568607433774,301,True
INNOVATION,pooled,vix,asset_price,b,0.25,3,-0.8202006888168398,0.9261443277099634,0.3766111310343897,-2.3435725453311056,0.7031711676974262,300,True
INNOVATION,pooled,vix,asset_price,b,0.25,4,-1.267128805309767,1.032852153737781,0.22095316453647781,-2.9660194164899956,0.43176180587046176,299,True
INNOVATION,pooled,vix,asset_price,b,0.25,5,-0.5188522667413054,1.2518575792219064,0.6788620341533343,-2.577974746351148,1.5402702128685375,298,True
INNOVATION,pooled,vix,asset_price,b,0.25,6,0.5698974822516902,1.1045036124581509,0.6062949345527586,-1.2468492906811024,2.386644255184483,297,True
INNOVATION,pooled,vix,asset_price,b,0.25,7,-1.4039030019193888,1.0730619213705868,0.19188743715670983,-3.168932795229314,0.3611267913905363,296,False
INNOVATION,pooled,vix,asset_price,b,0.25,8,1.3734490627466585,1.0147005192735843,0.17702435125726748,-0.29558476665003885,3.0424828921433558,295,True
INNOVATION,pooled,vix,asset_price,b,0.25,9,-0.42375730350613594,1.0635809411842156,0.69063650210216,-2.1731922721694534,1.3256776651571816,294,False
INNOVATION,pooled,vix,asset_price,b,0.25,10,1.702039474133926,1.065926757566627,0.11150882176412387,-0.05125401911416283,3.455332967382015,293,True
INNOVATION,pooled,vix,asset_price,b,0.25,11,0.5437870020978153,1.2379265660000267,0.6608234831475662,-1.4924209998869098,2.5799950040825403,292,True
INNOVATION,pooled,vix,asset_price,b,0.25,12,0.38745031031794497,1.3103211091646711,0.7676993058558477,-1.7678361185626401,2.54273673919853,291,True
INNOVATION,pooled,vix,asset_price,b,0.25,13,2.2336382759094704,1.3602238017619532,0.10176672179783673,-0.003730777884398684,4.4710073297033395,290,True
INNOVATION,pooled,vix,asset_price,b,0.25,14,0.277136007687659,1.3389028500179423,0.8361810984626363,-1.9251632013000162,2.479435216675334,289,True
INNOVATION,pooled,vix,asset_price,b,0.25,15,-0.9873546936287312,1.440801006647676,0.49377662792980004,-3.3572614551284934,1.382552067871031,288,True
INNOVATION,pooled,vix,asset_price,b,0.25,16,-1.8183900611184072,1.3986648052600061,0.19472591510435347,-4.118988938939703,0.4822088167028884,287,False
INNOVATION,pooled,vix,asset_price,b,0.25,17,-2.3305841577239335,1.4103926005008052,0.09966201267325163,-4.650473542083201,-0.010694773364665178,286,False
INNOVATION,pooled,vix,asset_price,b,0.25,18,-1.726356856401253,1.2542096660314377,0.16988039956704026,-3.789348174530658,0.3366344617281518,285,True
INNOVATION,pooled,vix,asset_price,b,0.25,19,-1.3467473900527693,1.3041963218277863,0.3027533657878435,-3.4919594402679732,0.7984646601624346,284,True
INNOVATION,pooled,vix,asset_price,b,0.25,20,-2.0040066431829473,1.4393582610379652,0.1650470160617738,-4.371540299333809,0.3635270129679138,283,True
INNOVATION,pooled,vix,asset_price,b,0.25,21,-1.4933392282764544,1.4076304523911993,0.28974819743212776,-3.80868528329946,0.8220068267465512,282,True
INNOVATION,pooled,vix,asset_price,b,0.25,22,-0.16654345218557864,1.3016723403163988,0.8982935401682746,-2.3076039222574183,1.974517017886261,281,True
INNOVATION,pooled,vix,asset_price,b,0.25,23,-3.5630492655545822,1.2359752651123388,0.004281993293964697,-5.59604766319692,-1.5300508679122444,280,True
INNOVATION,pooled,vix,asset_price,b,0.25,24,-2.594053219872876,1.267150666834154,0.04168421732458508,-4.678330590109011,-0.5097758496367413,279,True
INNOVATION,pooled,us10y,asset_price,b,0.25,0,-0.06594737677639273,0.09544458805490091,0.4901801800589766,-0.22293975361138565,0.0910450000586002,303,True
INNOVATION,pooled,us10y,asset_price,b,0.25,1,0.017404288263833223,0.0806351532196516,0.8292730871800507,-0.11522873596929839,0.15003731249696484,302,True
INNOVATION,pooled,us10y,asset_price,b,0.25,2,0.05899720886499438,0.08491135542819826,0.487765662400312,-0.08066954208044311,0.19866395981043186,301,True
INNOVATION,pooled,us10y,asset_price,b,0.25,3,-0.08867141892187647,0.09830100032762124,0.3678337685111783,-0.2503621758437221,0.07301933799996918,300,True
INNOVATION,pooled,us10y,asset_price,b,0.25,4,-0.026148136588318494,0.0760586831679367,0.7312715767886344,-0.15125353745825204,0.09895726428161505,299,True
INNOVATION,pooled,us10y,asset_price,b,0.25,5,-0.0833127342864941,0.06996993714721098,0.23481977992732914,-0.1984030391806506,0.03177757060766241,298,True
INNOVATION,pooled,us10y,asset_price,b,0.25,6,-0.1759922056268266,0.09426607265605678,0.06299308639839801,-0.3310460971336126,-0.020938314120040602,297,True
INNOVATION,pooled,us10y,asset_price,b,0.25,7,-0.14628917292941424,0.05985306027362408,0.015164844760656472,-0.24473869620462987,-0.047839649654198596,296,True
INNOVATION,pooled,us10y,asset_price,b,0.25,8,-0.07989738468984342,0.06992189698765221,0.2542008228962553,-0.19490867055331038,0.035113901173623535,295,True
INNOVATION,pooled,us10y,asset_price,b,0.25,9,-0.06546905898835575,0.09785732578496353,0.5040593508885992,-0.22643003622952484,0.09549191825281333,294,True
INNOVATION,pooled,us10y,asset_price,b,0.25,10,0.02557962780520029,0.0909170987423775,0.7786606665933855,-0.12396569181310446,0.17512494742350504,293,True
INNOVATION,pooled,us10y,asset_price,b,0.25,11,-0.16566167614047345,0.08941567823599215,0.0650393355718731,-0.31273737879327096,-0.018585973487675933,292,True
INNOVATION,pooled,us10y,asset_price,b,0.25,12,-0.10181768482311782,0.06731601283652,0.1315990354123477,-0.2125426726891796,0.008907303042943973,291,True
INNOVATION,pooled,us10y,asset_price,b,0.25,13,-0.014191387519758791,0.06527943404056166,0.8280701471977787,-0.12156650136671604,0.09318372632719846,290,False
INNOVATION,pooled,us10y,asset_price,b,0.25,14,0.11210497390732144,0.09851245974371443,0.2561733626516355,-0.04993360280203815,0.27414355061668105,289,True
INNOVATION,pooled,us10y,asset_price,b,0.25,15,0.028053296689925844,0.08074721897651753,0.7285559682387966,-0.10476405930984375,0.16087065268969544,288,True
INNOVATION,pooled,us10y,asset_price,b,0.25,16,0.008628743160670638,0.07414091272461008,0.9074391839558708,-0.11332220603989682,0.1305796923612381,287,True
INNOVATION,pooled,us10y,asset_price,b,0.25,17,0.10189407262646455,0.07148600469685415,0.15525867328081172,-0.015689941475425975,0.21947808672835506,286,True
INNOVATION,pooled,us10y,asset_price,b,0.25,18,0.0266092686488264,0.10292324574991234,0.7962009183443114,-0.1426844054205346,0.1959029427181874,285,True
INNOVATION,pooled,us10y,asset_price,b,0.25,19,-0.12622255845349173,0.09789670043300622,0.1984421139729559,-0.28724830122730377,0.03480318432032031,284,True
INNOVATION,pooled,us10y,asset_price,b,0.25,20,0.03386506388005728,0.07106381390058839,0.6340946540968833,-0.08302450815932998,0.15075463591944455,283,True
INNOVATION,pooled,us10y,asset_price,b,0.25,21,0.027417671898660956,0.07234178143716558,0.7050030853837044,-0.09157396967839153,0.14640931347571345,282,True
INNOVATION,pooled,us10y,asset_price,b,0.25,22,-0.016409391242092397,0.07139825228159664,0.8184103294699216,-0.13384906546547287,0.10103028298128806,281,True
INNOVATION,pooled,us10y,asset_price,b,0.25,23,-0.12465530833043204,0.106234453580161,0.24174404689561824,-0.29939543460896767,0.0500848179481036,280,True
INNOVATION,pooled,us10y,asset_price,b,0.25,24,0.17140120825320082,0.07492115870438952,0.02298406853535759,0.04816686862287886,0.29463554788352275,279,True
INNOVATION,pooled,ip,real_macro,b,0.25,0,0.30398185093918073,0.1294753615587391,0.019593694925524655,0.09101383287843551,0.5169498689999259,303,True
INNOVATION,pooled,ip,real_macro,b,0.25,1,0.023086230133060326,0.14054999757713665,0.8696504417939275,-0.20809794314971353,0.2542704034158342,302,False
INNOVATION,pooled,ip,real_macro,b,0.25,2,0.06933537220880481,0.15358379396221594,0.6520238207951508,-0.18328748833091368,0.3219582327485233,301,True
INNOVATION,pooled,ip,real_macro,b,0.25,3,0.4434326963860258,0.14599844571831083,0.0026194192495719217,0.20328662341698459,0.683578769355067,300,True
INNOVATION,pooled,ip,real_macro,b,0.25,4,0.20551171050232142,0.15747916088533215,0.19299680302548117,-0.053518458449191564,0.4645418794538344,299,True
INNOVATION,pooled,ip,real_macro,b,0.25,5,0.2511059135275815,0.16022705765134512,0.11824197871958317,-0.012444143385996143,0.5146559704411591,298,True
INNOVATION,pooled,ip,real_macro,b,0.25,6,0.5289775317644398,0.21211945345250371,0.013240373626475118,0.18007207940612513,0.8778829841227546,297,True
INNOVATION,pooled,ip,real_macro,b,0.25,7,0.027242152695947652,0.1381434061199922,0.8438189602252759,-0.19998352989995172,0.254467835291847,296,True
INNOVATION,pooled,ip,real_macro,b,0.25,8,-0.05870872888380063,0.16058506930325264,0.7149584900380381,-0.32284766256150926,0.205430204793908,295,True
INNOVATION,pooled,ip,real_macro,b,0.25,9,0.1340737809755197,0.1602422021136937,0.403515299004866,-0.12950118636188024,0.39764874831291963,294,True
INNOVATION,pooled,ip,real_macro,b,0.25,10,-0.028746974523549795,0.22636116194189965,0.8990398291319787,-0.401077952744633,0.3435840036975334,293,True
INNOVATION,pooled,ip,real_macro,b,0.25,11,0.14451776129772043,0.2281909514325944,0.527073322927999,-0.23082295280368975,0.5198584753991307,292,True
INNOVATION,pooled,ip,real_macro,b,0.25,12,0.18291080824565142,0.22917527174088728,0.42551727936552197,-0.19404896868493626,0.5598705851762391,291,False
INNOVATION,pooled,ip,real_macro,b,0.25,13,0.20846446954965359,0.16846465932316937,0.2170326029406014,-0.06863523635120572,0.4855641754505129,290,False
INNOVATION,pooled,ip,real_macro,b,0.25,14,-0.1877116152132885,0.2200433452732593,0.3944045807941675,-0.5496507097725442,0.17422747934596716,289,True
INNOVATION,pooled,ip,real_macro,b,0.25,15,0.11244872384867222,0.17369657103559835,0.517953356714022,-0.17325671100826578,0.3981541587056102,288,True
INNOVATION,pooled,ip,real_macro,b,0.25,16,0.1260420893358969,0.2281086352556736,0.5810461353473849,-0.24916322670334828,0.5012474053751421,287,True
INNOVATION,pooled,ip,real_macro,b,0.25,17,0.12622063599025068,0.21424811929018314,0.5562875451132594,-0.22618616009173875,0.4786274320722401,286,True
INNOVATION,pooled,ip,real_macro,b,0.25,18,-0.2502833641539617,0.19995004722557919,0.21180653342077024,-0.5791719245420738,0.07860519623415041,285,True
INNOVATION,pooled,ip,real_macro,b,0.25,19,0.25028512713366524,0.19814929480655474,0.20769744891718467,-0.07564145910677283,0.5762117133741034,284,True
INNOVATION,pooled,ip,real_macro,b,0.25,20,-0.17989148883528117,0.15814712251784901,0.25639928727075567,-0.44002035690070396,0.08023737923014163,283,True
INNOVATION,pooled,ip,real_macro,b,0.25,21,-0.01202957444365893,0.17224360250351026,0.9443755871363896,-0.29534508874074544,0.2712859398534276,282,False
INNOVATION,pooled,ip,real_macro,b,0.25,22,0.08572127561271259,0.21790408524537316,0.6943627984095431,-0.27269904933068223,0.4441416005561074,281,True
INNOVATION,pooled,ip,real_macro,b,0.25,23,0.1640452986103611,0.20858449755609262,0.4323315568887924,-0.17904566872062833,0.5071362659413505,280,True
INNOVATION,pooled,ip,real_macro,b,0.25,24,0.12794349242468428,0.2261787709249637,0.5721206122255943,-0.24408747927066843,0.499974464120037,279,True
INNOVATION,pooled,cpi,real_macro,b,0.25,0,-0.15451847333167734,0.07371011415000568,0.03696940938265127,-0.2757608219343212,-0.03327612472903346,303,True
INNOVATION,pooled,cpi,real_macro,b,0.25,1,-0.006595502823607546,0.065140745598562,0.919426028386609,-0.1137424944837254,0.10055148883651031,302,True
INNOVATION,pooled,cpi,real_macro,b,0.25,2,-0.0339978208426146,0.07699795351975976,0.6591702728875785,-0.1606481839574323,0.0926525422722031,301,False
INNOVATION,pooled,cpi,real_macro,b,0.25,3,-0.057693156418636704,0.06779611219103152,0.39552881536729634,-0.16920783744926382,0.0538215246119904,300,True
INNOVATION,pooled,cpi,real_macro,b,0.25,4,-0.007428985764889262,0.06875915362989457,0.9140410640754926,-0.12052772899913483,0.1056697574693563,299,True
INNOVATION,pooled,cpi,real_macro,b,0.25,5,0.162268476044801,0.06122747798208769,0.008517751004948343,0.06155823681687264,0.2629787152727293,298,True
INNOVATION,pooled,cpi,real_macro,b,0.25,6,-0.07424052237303158,0.07053546444922008,0.2935020939478876,-0.19026103690103785,0.0417799921549747,297,True
INNOVATION,pooled,cpi,real_macro,b,0.25,7,0.02281173621034327,0.07155951657234852,0.75014171676701,-0.09489319416657817,0.1405166665872647,296,True
INNOVATION,pooled,cpi,real_macro,b,0.25,8,0.03884039556396601,0.07148149796282097,0.5873333020528095,-0.07873620562010432,0.15641699674803633,295,True
INNOVATION,pooled,cpi,real_macro,b,0.25,9,0.03105313046307856,0.056340750596238186,0.5819822419003802,-0.06161915750031213,0.12372541842646925,294,False
INNOVATION,pooled,cpi,real_macro,b,0.25,10,0.12669747888907068,0.08499522714289484,0.1372447501331713,-0.013107228750484118,0.26650218652862545,293,True
INNOVATION,pooled,cpi,real_macro,b,0.25,11,0.07256291997418884,0.06226237137067631,0.24489372826483247,-0.029849567397467594,0.17497540734584527,292,True
INNOVATION,pooled,cpi,real_macro,b,0.25,12,0.06086894944439791,0.0730929905387115,0.40573543749551266,-0.05935832114793134,0.18109622003672715,291,True
INNOVATION,pooled,cpi,real_macro,b,0.25,13,0.06228141149884436,0.07013667478721845,0.3753548938786306,-0.05308315240722779,0.1776459754049165,290,True
INNOVATION,pooled,cpi,real_macro,b,0.25,14,0.07263495589376134,0.06203434007560242,0.24271369600886447,-0.029402453375134363,0.17467236516265705,289,True
INNOVATION,pooled,cpi,real_macro,b,0.25,15,-0.015351931848726963,0.05990423487551029,0.7979414886320477,-0.11388562985346294,0.08318176615600902,288,False
INNOVATION,pooled,cpi,real_macro,b,0.25,16,-0.05517647376840529,0.06402600747425767,0.38960454647483445,-0.16048988438166006,0.0501369368448495,287,True
INNOVATION,pooled,cpi,real_macro,b,0.25,17,0.05302231574870575,0.07042459319007142,0.45219951083793675,-0.06281583178656518,0.1688604632839767,286,True
INNOVATION,pooled,cpi,real_macro,b,0.25,18,-0.10326208999322262,0.08903741229611147,0.24722257339955975,-0.24971560054285516,0.043191420556409926,285,True
INNOVATION,pooled,cpi,real_macro,b,0.25,19,-0.07846413177159661,0.08724775655842218,0.369324446236367,-0.22197392059009644,0.06504565704690321,284,True
INNOVATION,pooled,cpi,real_macro,b,0.25,20,0.06309183252051298,0.08358174763325522,0.4510344927824119,-0.07438790822098951,0.20057157326201547,283,False
INNOVATION,pooled,cpi,real_macro,b,0.25,21,-0.035135237596648494,0.06336296353018019,0.579719495231987,-0.13935803797365923,0.06908756278036224,282,True
INNOVATION,pooled,cpi,real_macro,b,0.25,22,0.10229388691556096,0.06130148783790191,0.0964135425939796,0.0014619123078664503,0.20312586152325546,281,True
INNOVATION,pooled,cpi,real_macro,b,0.25,23,-0.11606341626634276,0.06789412574679345,0.08859372479291615,-0.2277393152496553,-0.004387517283030232,280,True
INNOVATION,pooled,cpi,real_macro,b,0.25,24,0.0011071540118763323,0.09131074130998897,0.9903354200298663,-0.14908565001148663,0.1512999580352393,279,True
INNOVATION,pooled,infl_exp,real_macro,b,0.25,0,-0.04892492144665539,0.09410772385714528,0.6035639757931871,-0.20371835235722838,0.1058685094639176,303,True
INNOVATION,pooled,infl_exp,real_macro,b,0.25,1,-0.17011845867273223,0.08675623810714798,0.05090601116394019,-0.31281977158394014,-0.027417145761524347,302,True
INNOVATION,pooled,infl_exp,real_macro,b,0.25,2,-0.07219702973419828,0.079687403687227,0.3657331688573373,-0.20327114471147972,0.05887708524308316,301,True
INNOVATION,pooled,infl_exp,real_macro,b,0.25,3,-0.021297770658861737,0.0728277900604709,0.7701730525421556,-0.14108882528268768,0.09849328396496419,300,True
INNOVATION,pooled,infl_exp,real_macro,b,0.25,4,-0.08860849527991377,0.07222160925745616,0.22092602654451135,-0.20740247121131256,0.03018548065148502,299,True
INNOVATION,pooled,infl_exp,real_macro,b,0.25,5,-0.017656782414405825,0.07907313943393263,0.8234733313494593,-0.1477205226067494,0.11240695777793774,298,True
INNOVATION,pooled,infl_exp,real_macro,b,0.25,6,0.06936797149842278,0.06651972389991104,0.2979688200858115,-0.04004723762215642,0.17878318061900197,297,True
INNOVATION,pooled,infl_exp,real_macro,b,0.25,7,0.0032882064250827625,0.07638778912736223,0.965696734590265,-0.12235852557586324,0.12893493842602877,296,True
INNOVATION,pooled,infl_exp,real_macro,b,0.25,8,0.11669145353164367,0.07416119258896564,0.1167909583962178,-0.005292853077363102,0.23867576014065045,295,True
INNOVATION,pooled,infl_exp,real_macro,b,0.25,9,0.03810394808442652,0.0829202531873738,0.6462323704793633,-0.09828773111855965,0.1744956272874127,294,True
INNOVATION,pooled,infl_exp,real_macro,b,0.25,10,0.01331468964508531,0.08070291417777543,0.8690823572234307,-0.119429791445782,0.14605917073595262,293,False
INNOVATION,pooled,infl_exp,real_macro,b,0.25,11,0.053362931382537226,0.09408826855667182,0.5710886432708506,-0.10139849840648857,0.20812436117156302,292,True
INNOVATION,pooled,infl_exp,real_macro,b,0.25,12,0.00918543343584588,0.07489163796158442,0.9024782031984578,-0.11400034889360282,0.1323712157652946,291,True
INNOVATION,pooled,infl_exp,real_macro,b,0.25,13,-0.10553522701229667,0.09552830970025007,0.2702799603757102,-0.2626653136992965,0.051594859674703175,290,False
INNOVATION,pooled,infl_exp,real_macro,b,0.25,14,0.1089306111670112,0.06910073801024365,0.11614422761564298,-0.004729988374161526,0.2225912107081839,289,True
INNOVATION,pooled,infl_exp,real_macro,b,0.25,15,0.08697974244086026,0.07229053279564587,0.22999457867739928,-0.0319276026223122,0.20588708750403273,288,True
INNOVATION,pooled,infl_exp,real_macro,b,0.25,16,-0.03337831208605735,0.06698223298758504,0.618684290303993,-0.14355428095699516,0.07679765678488046,287,True
INNOVATION,pooled,infl_exp,real_macro,b,0.25,17,0.3005408418150637,0.06747951243342852,1.2574380563195495e-05,0.18954692104402182,0.41153476258610555,286,True
INNOVATION,pooled,infl_exp,real_macro,b,0.25,18,-0.2519299939085613,0.09628153172733772,0.009407048405229457,-0.41029902057871603,-0.0935609672384066,285,False
INNOVATION,pooled,infl_exp,real_macro,b,0.25,19,-0.1561057109361741,0.10262783122758752,0.12947253861367586,-0.32491347135703497,0.012702049484686811,284,False
INNOVATION,pooled,infl_exp,real_macro,b,0.25,20,0.08862013719215156,0.07644590784191424,0.24743750001521989,-0.03712219158721908,0.2143624659715222,283,True
INNOVATION,pooled,infl_exp,real_macro,b,0.25,21,-0.03339872006739597,0.07992103487567803,0.6763758582796005,-0.16485712415237008,0.09805968401757814,282,True
INNOVATION,pooled,infl_exp,real_macro,b,0.25,22,-0.02017136820484211,0.08341852909242885,0.8091238857139226,-0.1573826383374806,0.11703990192779637,281,True
INNOVATION,pooled,infl_exp,real_macro,b,0.25,23,0.06685397828186979,0.08130049030376611,0.4116794604501803,-0.06687342806721291,0.2005813846309525,280,False
INNOVATION,pooled,infl_exp,real_macro,b,0.25,24,-0.004398344552129174,0.11685772014254435,0.9700058611577687,-0.19661218936587335,0.187815500261615,279,True
INNOVATION,pooled,freight,physical_channel,b,0.25,0,0.0011507347270951485,0.004289582828649817,0.7886982955310462,-0.005905001146718259,0.008206470600908556,303,False
INNOVATION,pooled,freight,physical_channel,b,0.25,1,0.006595977583737422,0.0049364207986823385,0.18259702372808664,-0.001523712071133906,0.01471566723860875,302,True
INNOVATION,pooled,freight,physical_channel,b,0.25,2,0.002833984624171393,0.003965649533825071,0.4754463796813847,-0.00368892839475919,0.009356897643101976,301,True
INNOVATION,pooled,freight,physical_channel,b,0.25,3,-0.0015722568362814826,0.004226344981666694,0.7101725539691747,-0.008523975708124097,0.005379462035561132,300,True
INNOVATION,pooled,freight,physical_channel,b,0.25,4,-0.00819639087249513,0.003967519490719599,0.03979090703524607,-0.01472237969680592,-0.0016704020481843398,299,True
INNOVATION,pooled,freight,physical_channel,b,0.25,5,-0.002215326433501197,0.0048311526172628546,0.6469260207733007,-0.010161865338362101,0.005731212471359708,298,True
INNOVATION,pooled,freight,physical_channel,b,0.25,6,-0.000999994197062648,0.005430233888993457,0.8540321263539452,-0.009931934104568335,0.007931945710443039,297,True
INNOVATION,pooled,freight,physical_channel,b,0.25,7,0.00899109809181553,0.004602012157184565,0.05177312941053012,0.0014214617037957306,0.016560734479835332,296,True
INNOVATION,pooled,freight,physical_channel,b,0.25,8,0.0007837024298247286,0.004772927977007881,0.8696999669631501,-0.007067065464334837,0.008634470323984294,295,False
INNOVATION,pooled,freight,physical_channel,b,0.25,9,-0.007336098706894001,0.004138238456955197,0.07741310667246307,-0.01414289524200682,-0.0005293021717811819,294,True
INNOVATION,pooled,freight,physical_channel,b,0.25,10,-0.00630474923521307,0.0055669400552122526,0.25843365234645105,-0.015461550776050373,0.0028520523056242333,293,True
INNOVATION,pooled,freight,physical_channel,b,0.25,11,0.004043311871807731,0.005201157868943722,0.4376266012529193,-0.004511831513271541,0.012598455256887003,292,True
INNOVATION,pooled,freight,physical_channel,b,0.25,12,-0.00010152910578753449,0.004039554552936311,0.9799673491164683,-0.006746005063453159,0.00654294685187809,291,True
INNOVATION,pooled,freight,physical_channel,b,0.25,13,0.006647424433200655,0.004586478374394928,0.14843501218581084,-0.0008966611558573348,0.014191510022258644,290,True
INNOVATION,pooled,freight,physical_channel,b,0.25,14,-0.0013225628721420524,0.0051957276775542825,0.7992725506364293,-0.009868774387219363,0.007223648642935258,289,True
INNOVATION,pooled,freight,physical_channel,b,0.25,15,-0.006058062617232629,0.004993972485029819,0.2262021481985192,-0.014272416372129785,0.0021562911376645268,288,True
INNOVATION,pooled,freight,physical_channel,b,0.25,16,-0.009981204819660583,0.00485549800782993,0.040818779345756735,-0.017967788328495292,-0.001994621310825874,287,True
INNOVATION,pooled,freight,physical_channel,b,0.25,17,0.0032484329707758164,0.004671829716018862,0.48747837611537825,-0.004436043082117475,0.010932909023669108,286,True
INNOVATION,pooled,freight,physical_channel,b,0.25,18,-0.007437686535080701,0.004507438630251633,0.1001457889123581,-0.014851763314311275,-2.3609755850126368e-05,285,True
INNOVATION,pooled,freight,physical_channel,b,0.25,19,0.005214640184611596,0.004151383010714363,0.21021715096125237,-0.0016137772174266464,0.01204305758664984,284,True
INNOVATION,pooled,freight,physical_channel,b,0.25,20,0.0010765289796135225,0.004345711749937317,0.8045487586654622,-0.006071530753956502,0.008224588713183547,283,False
INNOVATION,pooled,freight,physical_channel,b,0.25,21,0.004864544480257305,0.00401306460606326,0.22657098367351663,-0.0017363593922164293,0.011465448352731038,282,True
INNOVATION,pooled,freight,physical_channel,b,0.25,22,-0.000577626029411249,0.004382570728317274,0.8952466606689113,-0.0077863133872552726,0.006631061328432775,281,True
INNOVATION,pooled,freight,physical_channel,b,0.25,23,-0.004340711814756482,0.005914802359392073,0.46370857103755875,-0.014069695928303658,0.005388272298790695,280,True
INNOVATION,pooled,freight,physical_channel,b,0.25,24,0.0015563544995201017,0.006026551379624058,0.7964259072570428,-0.008356440395263929,0.011469149394304132,279,True
INNOVATION,pooled,oil,asset_price,b,0.5,0,0.005089254228249018,0.026130283810928915,0.8457210469854054,-0.03789123787142874,0.04806974632792678,303,True
INNOVATION,pooled,oil,asset_price,b,0.5,1,-0.05568364225795186,0.026318556388236502,0.03526772408181744,-0.09897381518926951,-0.01239346932663421,302,False
INNOVATION,pooled,oil,asset_price,b,0.5,2,-0.010137987676064775,0.0305488108933753,0.7402481443232428,-0.06038631007308778,0.04011033472095823,301,True
INNOVATION,pooled,oil,asset_price,b,0.5,3,-0.024589097730945753,0.032310455536334805,0.4473007699524118,-0.07773506770834032,0.028556872246448824,300,True
INNOVATION,pooled,oil,asset_price,b,0.5,4,0.03061613934749463,0.029192984888565254,0.29522764156882647,-0.017402047728001448,0.0786343264229907,299,True
INNOVATION,pooled,oil,asset_price,b,0.5,5,-0.029078511002761764,0.027697692494090976,0.29472439442073556,-0.07463716095985387,0.016480138954330342,298,True
INNOVATION,pooled,oil,asset_price,b,0.5,6,-0.022768130493489025,0.02853684422878129,0.42566109596395457,-0.06970706222494913,0.024170801237971072,297,False
INNOVATION,pooled,oil,asset_price,b,0.5,7,0.01669299082131559,0.02739173174991976,0.5427642709243057,-0.028362398496021728,0.06174838013865291,296,True
INNOVATION,pooled,oil,asset_price,b,0.5,8,0.039917003161509534,0.027447336687364043,0.147034211924036,-0.005229848138859419,0.08506385446187849,295,True
INNOVATION,pooled,oil,asset_price,b,0.5,9,-0.0070905063602282326,0.025506596639176652,0.7812381650445397,-0.04904512435336618,0.034864111632909714,294,True
INNOVATION,pooled,oil,asset_price,b,0.5,10,0.06702532657444493,0.02598805630257284,0.01044608241678533,0.024278777907738927,0.10977187524115094,293,True
INNOVATION,pooled,oil,asset_price,b,0.5,11,0.022901984885491444,0.028609833513388503,0.42414471666054376,-0.024157003535483418,0.0699609733064663,292,True
INNOVATION,pooled,oil,asset_price,b,0.5,12,-0.046843943005001165,0.029726682483035075,0.11626905422875239,-0.0957399845044562,0.002052098494453876,291,True
INNOVATION,pooled,oil,asset_price,b,0.5,13,-0.0066663548316618915,0.028280786353487002,0.8138338859927178,-0.053184108838234684,0.0398513991749109,290,True
INNOVATION,pooled,oil,asset_price,b,0.5,14,0.028676293279470855,0.02700795636451872,0.28932064976108807,-0.015747841703254863,0.07310042826219657,289,True
INNOVATION,pooled,oil,asset_price,b,0.5,15,0.018675811277972798,0.028087621369308556,0.5066957764866747,-0.027524214603774057,0.06487583715971965,288,True
INNOVATION,pooled,oil,asset_price,b,0.5,16,-0.0028770158375843735,0.025682940533713384,0.9108939196506194,-0.04512169372524181,0.03936766205007306,287,True
INNOVATION,pooled,oil,asset_price,b,0.5,17,-0.0586333536242023,0.02723184228165829,0.03223653486625341,-0.10342574816975839,-0.013840959078646208,286,True
INNOVATION,pooled,oil,asset_price,b,0.5,18,-0.05169142701044649,0.02774205483335515,0.06356241180856123,-0.09732304652217733,-0.0060598074987156525,285,True
INNOVATION,pooled,oil,asset_price,b,0.5,19,0.051262881843419095,0.026641931855485003,0.05544523118416494,0.007440803601930619,0.09508496008490758,284,True
INNOVATION,pooled,oil,asset_price,b,0.5,20,0.03577170967946586,0.028935616799691394,0.2175024634382497,-0.011823144561584481,0.0833665639205162,283,True
INNOVATION,pooled,oil,asset_price,b,0.5,21,-0.019175814326191087,0.028242501819370838,0.4977750001809892,-0.06563059587796677,0.027278967225584587,282,True
INNOVATION,pooled,oil,asset_price,b,0.5,22,0.006807309383781046,0.030946185269561093,0.8260699668916021,-0.04409463569716874,0.05770925446473083,281,True
INNOVATION,pooled,oil,asset_price,b,0.5,23,-0.0017858798210781401,0.029416315803436368,0.9516378734011122,-0.05017141356191036,0.046599653919754076,280,True
INNOVATION,pooled,oil,asset_price,b,0.5,24,0.05069123891027871,0.028721175271469238,0.07878940690367021,0.0034491095946936057,0.09793336822586382,279,True
INNOVATION,pooled,dxy,asset_price,b,0.5,0,-0.0026578388987362894,0.005111707689146584,0.6035158308782155,-0.011065849831144775,0.0057501720336721966,303,True
INNOVATION,pooled,dxy,asset_price,b,0.5,1,-0.0009954862406885978,0.004913998277912544,0.8396123182956051,-0.009078294130946334,0.007087321649569139,302,True
INNOVATION,pooled,dxy,asset_price,b,0.5,2,0.006365729530460974,0.0048754053348237115,0.19275989196144186,-0.001653598617382365,0.014385057678304313,301,True
INNOVATION,pooled,dxy,asset_price,b,0.5,3,-0.0011142488253321758,0.0052345247785500065,0.8315914547548477,-0.009724275892697505,0.007495778242033154,300,True
INNOVATION,pooled,dxy,asset_price,b,0.5,4,-0.0031814632172421087,0.005117179538692551,0.5346473318085246,-0.011598474541222413,0.005235548106738196,299,True
INNOVATION,pooled,dxy,asset_price,b,0.5,5,0.0017066003352018966,0.0048982010198500665,0.7278010266278611,-0.006350223377835886,0.00976342404823968,298,True
INNOVATION,pooled,dxy,asset_price,b,0.5,6,-0.0008301343070540312,0.005252649406622828,0.8745430119229157,-0.009469973734642088,0.007809705120534026,297,True
INNOVATION,pooled,dxy,asset_price,b,0.5,7,-0.006738830618764569,0.005265569241520894,0.20172523203286205,-0.015399921283644324,0.0019222600461151866,296,True
INNOVATION,pooled,dxy,asset_price,b,0.5,8,-0.01469213254517232,0.00495301734723922,0.0032869817566549948,-0.02283912109313231,-0.006545143997212332,295,True
INNOVATION,pooled,dxy,asset_price,b,0.5,9,0.004499171696188631,0.005181314761660927,0.3859879378265806,-0.004023332681906548,0.01302167607428381,294,True
INNOVATION,pooled,dxy,asset_price,b,0.5,10,-0.0035792969267806063,0.005314740420836058,0.5012378133821342,-0.01232126698429839,0.005162673130737178,293,True
INNOVATION,pooled,dxy,asset_price,b,0.5,11,0.0022690765355803943,0.005214622370883587,0.6638183039556427,-0.00630821398434976,0.010846367055510548,292,True
INNOVATION,pooled,dxy,asset_price,b,0.5,12,-0.0013493751127979792,0.004718255983051026,0.775110736773902,-0.009110215579404944,0.0064114653538089855,291,False
INNOVATION,pooled,dxy,asset_price,b,0.5,13,-0.00011603230649015472,0.005233448008588434,0.9823281931879897,-0.0087242882448788,0.00849222363189849,290,True
INNOVATION,pooled,dxy,asset_price,b,0.5,14,-0.015686790646018522,0.005397379098045687,0.003970363868392456,-0.024564689231471037,-0.006808892060566009,289,False
INNOVATION,pooled,dxy,asset_price,b,0.5,15,-9.252006373472454e-05,0.005054445805403518,0.9854098248555563,-0.008406343578982355,0.008221303451512906,288,False
INNOVATION,pooled,dxy,asset_price,b,0.5,16,0.001406180350734143,0.0052004480342296424,0.787070957819942,-0.007147795460141139,0.009960156161609425,287,True
INNOVATION,pooled,dxy,asset_price,b,0.5,17,-0.0007999332837725359,0.005346968804087483,0.8811931420121493,-0.009594914314372208,0.007995047746827137,286,True
INNOVATION,pooled,dxy,asset_price,b,0.5,18,-0.016251700287322368,0.005165649803935605,0.0018493700017741066,-0.02474843810288701,-0.007754962471757727,285,True
INNOVATION,pooled,dxy,asset_price,b,0.5,19,-0.0032370935559367098,0.005149266049959007,0.5301377651675071,-0.011706882494349863,0.005232695382476444,284,False
INNOVATION,pooled,dxy,asset_price,b,0.5,20,-0.0022509274308683547,0.005257013617944762,0.6688843557050616,-0.010897945347278077,0.006396090485541368,283,True
INNOVATION,pooled,dxy,asset_price,b,0.5,21,-0.002705701437032637,0.005242382233488631,0.60621918698686,-0.01132865286765237,0.005917249993587096,282,True
INNOVATION,pooled,dxy,asset_price,b,0.5,22,0.004155069063644823,0.005559478538037017,0.45552545155128776,-0.0049894593736042325,0.013299597500893878,281,True
INNOVATION,pooled,dxy,asset_price,b,0.5,23,-0.004758241898697335,0.005393999149426602,0.37854381472456416,-0.013630580963404838,0.004114097166010168,280,True
INNOVATION,pooled,dxy,asset_price,b,0.5,24,-0.0013255425364147033,0.005017324980902717,0.7918479360526891,-0.009578307728846764,0.006927222656017357,279,True
INNOVATION,pooled,vix,asset_price,b,0.5,0,-0.13226862768351566,0.9614926941972409,0.8906841584059565,-1.7137833730211902,1.449246117654159,303,True
INNOVATION,pooled,vix,asset_price,b,0.5,1,-1.6116045965463854,1.0885401628568192,0.13988367204695853,-3.4020938315037705,0.17888463841099989,302,False
INNOVATION,pooled,vix,asset_price,b,0.5,2,-1.6078050652467937,1.2273969756882341,0.1913204393743163,-3.6266934324168534,0.41108330192326603,301,True
INNOVATION,pooled,vix,asset_price,b,0.5,3,-2.0231516187122907,1.369099947048542,0.14063867249290044,-4.275120632274154,0.22881739484957242,300,True
INNOVATION,pooled,vix,asset_price,b,0.5,4,-0.985688061453402,1.3083918576871254,0.45188853216892066,-3.137801154043845,1.1664250311370408,299,False
INNOVATION,pooled,vix,asset_price,b,0.5,5,-0.7817513587651774,1.4601589885802235,0.5928223984672691,-3.1834991670571515,1.6199964495267967,298,True
INNOVATION,pooled,vix,asset_price,b,0.5,6,0.706264316875604,1.5196848872231759,0.6424907966245397,-1.7933948816967757,3.2059235154479837,297,True
INNOVATION,pooled,vix,asset_price,b,0.5,7,-1.2519367064960534,1.5642788118797704,0.4242294418584964,-3.8249463837798334,1.3210729707877267,296,True
INNOVATION,pooled,vix,asset_price,b,0.5,8,0.6342817950062454,1.6756281774488067,0.7053349419139926,-2.1218812900925093,3.390444880105,295,False
INNOVATION,pooled,vix,asset_price,b,0.5,9,-0.43515145620767726,1.690805292336413,0.7970972036069742,-3.2162786737759705,2.345975761360616,294,True
INNOVATION,pooled,vix,asset_price,b,0.5,10,0.15950676178908907,1.7244218315539206,0.9263717197181613,-2.676914742236678,2.995928265814856,293,True
INNOVATION,pooled,vix,asset_price,b,0.5,11,0.6223871647730448,1.877794400987113,0.7405706868319374,-2.466309766359775,3.7110840959058646,292,True
INNOVATION,pooled,vix,asset_price,b,0.5,12,1.0778602694626898,1.7632224338882725,0.5415280952407038,-1.8223825460406378,3.9781030849660173,291,True
INNOVATION,pooled,vix,asset_price,b,0.5,13,1.2330875143070443,1.7310758832371942,0.4768977942133203,-1.6142789307638776,4.080453959377966,290,True
INNOVATION,pooled,vix,asset_price,b,0.5,14,-2.938675448091999,1.7335218134694605,0.09122907345114642,-5.790065090376735,-0.0872858058072632,289,True
INNOVATION,pooled,vix,asset_price,b,0.5,15,-1.0535647907308885,1.9181526958020898,0.5832983688673428,-4.2086452094677,2.101515628005923,288,True
INNOVATION,pooled,vix,asset_price,b,0.5,16,-2.1185907585313544,1.9000971181364237,0.26588789070976565,-5.2439723948580905,1.0067908777953822,287,True
INNOVATION,pooled,vix,asset_price,b,0.5,17,-0.7756447470746934,1.9045327538735854,0.6841529051931302,-3.908322354931536,2.357032860782149,286,False
INNOVATION,pooled,vix,asset_price,b,0.5,18,-3.3301464568357915,1.8972201963091624,0.08040343074451284,-6.450795977860501,-0.20949693581108164,285,True
INNOVATION,pooled,vix,asset_price,b,0.5,19,-1.941373036323057,1.9242565590417375,0.3139775704549179,-5.106493416648019,1.2237473440019047,284,True
INNOVATION,pooled,vix,asset_price,b,0.5,20,-4.0140279645856936,1.8261312287922535,0.028840661192623473,-7.017746539553981,-1.0103093896174067,283,True
INNOVATION,pooled,vix,asset_price,b,0.5,21,-2.78187464774237,1.8785210013609945,0.13987644443881414,-5.871766730135514,0.30801743465077314,282,True
INNOVATION,pooled,vix,asset_price,b,0.5,22,-3.311817411789889,1.9335217360990449,0.08796670808950556,-6.49217765220191,-0.1314571713778676,281,True
INNOVATION,pooled,vix,asset_price,b,0.5,23,-3.0807925560802687,1.755441150156046,0.080475153523251,-5.968236298814305,-0.19334881334623244,280,True
INNOVATION,pooled,vix,asset_price,b,0.5,24,-2.470972431001428,1.7913470589771947,0.16900119739490285,-5.41747613808892,0.4755312760860635,279,True
INNOVATION,pooled,us10y,asset_price,b,0.5,0,-0.08102301638894716,0.06884101047349868,0.24022973688899296,-0.19425640214928575,0.032210369371391434,303,True
INNOVATION,pooled,us10y,asset_price,b,0.5,1,-0.0008997821270080308,0.06924748723551144,0.9896422628338065,-0.1148017626636148,0.11300219840959874,302,True
INNOVATION,pooled,us10y,asset_price,b,0.5,2,-0.056593690635443394,0.06796405555035595,0.40574162754631554,-0.16838461390977771,0.055197232638890925,301,True
INNOVATION,pooled,us10y,asset_price,b,0.5,3,-0.1257436083729715,0.06945795798687115,0.07134407768468264,-0.23999178248831948,-0.011495434257623505,300,False
INNOVATION,pooled,us10y,asset_price,b,0.5,4,0.03473647781834899,0.07101309625671907,0.6251269596756841,-0.0820696711205694,0.15154262675726737,299,True
INNOVATION,pooled,us10y,asset_price,b,0.5,5,0.01465719402514054,0.06852157547556173,0.830781602825686,-0.09805076792026622,0.12736515597054732,298,True
INNOVATION,pooled,us10y,asset_price,b,0.5,6,0.09374082606325729,0.07655533659394839,0.22184075203938003,-0.03218149699578948,0.21966314912230406,297,True
INNOVATION,pooled,us10y,asset_price,b,0.5,7,-0.04493525098212814,0.0747010055364838,0.5479923610727205,-0.16780747087573553,0.07793696891147925,296,True
INNOVATION,pooled,us10y,asset_price,b,0.5,8,0.012600865629934788,0.07415238425919769,0.8651922716071121,-0.10936895256590579,0.13457068382577536,295,True
INNOVATION,pooled,us10y,asset_price,b,0.5,9,-0.03912775952181846,0.0727594453018692,0.5911863018702338,-0.15880639702157529,0.08055087797793835,294,True
INNOVATION,pooled,us10y,asset_price,b,0.5,10,0.013014082838154195,0.07444592585225612,0.8613604046601263,-0.10943856831168966,0.13546673398799805,293,True
INNOVATION,pooled,us10y,asset_price,b,0.5,11,-0.1973201555973756,0.07325075522946564,0.007517707793607709,-0.3178069260134967,-0.07683338518125452,292,True
INNOVATION,pooled,us10y,asset_price,b,0.5,12,0.013382538181836878,0.07399928975883438,0.8566270741040612,-0.10833546196981478,0.13510053833348853,291,True
INNOVATION,pooled,us10y,asset_price,b,0.5,13,0.008340126168150164,0.07613823982944422,0.9128586389889222,-0.1168961337650122,0.13357638610131253,290,False
INNOVATION,pooled,us10y,asset_price,b,0.5,14,-0.016541764629849354,0.07372728583475545,0.8226494525179984,-0.13781235814043474,0.10472882888073605,289,True
INNOVATION,pooled,us10y,asset_price,b,0.5,15,0.05811806134396136,0.07088769129761069,0.4130462342693924,-0.0584818147931299,0.17471793748105263,288,False
INNOVATION,pooled,us10y,asset_price,b,0.5,16,-0.10256387015159474,0.07362285610725736,0.1647845882631679,-0.22366269204614336,0.018534951742953873,287,True
INNOVATION,pooled,us10y,asset_price,b,0.5,17,0.08218836335052515,0.0740667471535015,0.2681819304905889,-0.03964059434140943,0.20401732104245973,286,True
INNOVATION,pooled,us10y,asset_price,b,0.5,18,0.005513087252541737,0.07642305941320557,0.9425473546133563,-0.12019165920599728,0.13121783371108076,285,True
INNOVATION,pooled,us10y,asset_price,b,0.5,19,-0.037618524793728625,0.07731853792983315,0.6270009498852394,-0.16479620233819964,0.08955915275074239,284,True
INNOVATION,pooled,us10y,asset_price,b,0.5,20,0.054299242979858775,0.08072745025718962,0.5017953962050319,-0.07848559637022412,0.18708408232994167,283,True
INNOVATION,pooled,us10y,asset_price,b,0.5,21,0.042333654733352155,0.07527570712817185,0.5743521941287623,-0.08148386515775809,0.16615117462446238,282,True
INNOVATION,pooled,us10y,asset_price,b,0.5,22,-0.05283372475734005,0.07135237293357943,0.4597062932119427,-0.17019793416873225,0.06453048465405213,281,True
INNOVATION,pooled,us10y,asset_price,b,0.5,23,-0.01965203544636651,0.06779370108878549,0.7721464477267611,-0.13116275056671928,0.09185867967398627,280,True
INNOVATION,pooled,us10y,asset_price,b,0.5,24,0.0640778857984734,0.06717790979261179,0.34107548487859096,-0.04641994277492292,0.17457571437186972,279,True
INNOVATION,pooled,ip,real_macro,b,0.5,0,0.35762991700045177,0.14857356026198873,0.016739431742578817,0.11324815753442649,0.602011676466477,303,True
INNOVATION,pooled,ip,real_macro,b,0.5,1,-0.20336262446955544,0.15328291824229415,0.18570787002681596,-0.45549058849009894,0.04876533955098805,302,False
INNOVATION,pooled,ip,real_macro,b,0.5,2,-0.009601578969750335,0.16069888105653396,0.9523993505066358,-0.27392771632263346,0.2547245583831328,301,False
INNOVATION,pooled,ip,real_macro,b,0.5,3,0.48304173420990537,0.17348136035439768,0.005739102207741287,0.197690289422499,0.7683931789973117,300,True
INNOVATION,pooled,ip,real_macro,b,0.5,4,0.0077684946928116005,0.171289471014965,0.9638593286848385,-0.27397761296475265,0.28951460235037585,299,True
INNOVATION,pooled,ip,real_macro,b,0.5,5,0.12931086173011863,0.16284499400048924,0.4278501122404746,-0.13854531728247682,0.3971670407427141,298,True
INNOVATION,pooled,ip,real_macro,b,0.5,6,0.30338072427821317,0.1589538369123928,0.05737679641231405,0.04192492911501111,0.5648365194414152,297,True
INNOVATION,pooled,ip,real_macro,b,0.5,7,0.06163129806600409,0.15136525809527046,0.6842086074904097,-0.1873423957064472,0.31060499183845536,296,True
INNOVATION,pooled,ip,real_macro,b,0.5,8,-0.11019727251550648,0.15895252911870872,0.4887417496431788,-0.37165091654952404,0.15125637151851107,295,True
INNOVATION,pooled,ip,real_macro,b,0.5,9,0.26010497245567876,0.1543383343851667,0.09310520356335895,0.006241003364588216,0.5139689415467693,294,True
INNOVATION,pooled,ip,real_macro,b,0.5,10,-0.19778073176348698,0.16692997388918673,0.2371530373283741,-0.4723561047620303,0.07679464123505636,293,True
INNOVATION,pooled,ip,real_macro,b,0.5,11,-0.05287773216696223,0.16420444376038582,0.7476895387327576,-0.3229700070477819,0.21721454271385743,292,False
INNOVATION,pooled,ip,real_macro,b,0.5,12,0.12124066773333197,0.17037576735977172,0.4773385841790017,-0.15900253115302881,0.40148386661969276,291,True
INNOVATION,pooled,ip,real_macro,b,0.5,13,0.20320114281048518,0.1763559460209271,0.25028024753513656,-0.08687857463649484,0.4932808602574652,290,True
INNOVATION,pooled,ip,real_macro,b,0.5,14,-0.14703050496905234,0.17716199938425686,0.4073417589646738,-0.4384360622142217,0.14437505227611702,289,True
INNOVATION,pooled,ip,real_macro,b,0.5,15,0.31963972517689854,0.1783776807198124,0.07430744684382833,0.026234550077723462,0.6130449002760736,288,True
INNOVATION,pooled,ip,real_macro,b,0.5,16,0.26654279555771154,0.18130635027194564,0.14274193761769158,-0.03167961227643229,0.5647652033918553,287,True
INNOVATION,pooled,ip,real_macro,b,0.5,17,-0.10202937836827175,0.17335799268885566,0.5566798806153407,-0.3871779014035628,0.18311914466701928,286,True
INNOVATION,pooled,ip,real_macro,b,0.5,18,-0.24969374677982614,0.182013062707946,0.1713079776449896,-0.5490785931275368,0.04969109956788459,285,True
INNOVATION,pooled,ip,real_macro,b,0.5,19,-0.03704843463745533,0.1896783132941895,0.8452954506118427,-0.34904149621344055,0.2749446269385299,284,True
INNOVATION,pooled,ip,real_macro,b,0.5,20,-0.14113452140031768,0.1964465966143306,0.47314557321217,-0.46426041834367215,0.1819913755430368,283,True
INNOVATION,pooled,ip,real_macro,b,0.5,21,0.13097103202346716,0.1896475384026822,0.4904460748645883,-0.18097140936060324,0.44291347340753756,282,True
INNOVATION,pooled,ip,real_macro,b,0.5,22,0.1275543320849124,0.2024369053089945,0.5292015750351196,-0.20542474584141895,0.46053341001124376,281,True
INNOVATION,pooled,ip,real_macro,b,0.5,23,0.044739499872321176,0.1894378868896348,0.8134927852517597,-0.2668580954601174,0.35633709520475976,280,False
INNOVATION,pooled,ip,real_macro,b,0.5,24,0.11618774458129622,0.18768802285895766,0.5364467078646723,-0.19253158055361114,0.42490706971620357,279,True
INNOVATION,pooled,cpi,real_macro,b,0.5,0,0.03236481888302478,0.05483811015540928,0.5555489677942788,-0.05783584550126453,0.12256548326731409,303,False
INNOVATION,pooled,cpi,real_macro,b,0.5,1,-0.024189903636141707,0.060143106075943795,0.687846180198382,-0.12311650980128498,0.07473670252900157,302,True
INNOVATION,pooled,cpi,real_macro,b,0.5,2,-0.10477251334179272,0.058360384993725034,0.07371700731772134,-0.20076680426900562,-0.008778222414579817,301,True
INNOVATION,pooled,cpi,real_macro,b,0.5,3,-0.06863374766658126,0.06764850903122484,0.3112152871333721,-0.17990564310445084,0.04263814777128834,300,True
INNOVATION,pooled,cpi,real_macro,b,0.5,4,-0.023600318959182687,0.06675727813838092,0.7239702877805024,-0.13340627003050676,0.0862056321121414,299,True
INNOVATION,pooled,cpi,real_macro,b,0.5,5,0.07880971509848678,0.06612696335230524,0.23438854085559477,-0.029959460410839578,0.18757889060781313,298,False
INNOVATION,pooled,cpi,real_macro,b,0.5,6,0.025375509455102474,0.06945085668979112,0.7151196712952804,-0.08886098406598736,0.1396120029761923,297,True
INNOVATION,pooled,cpi,real_macro,b,0.5,7,-0.04265537364017291,0.07148637669261061,0.5512165136147817,-0.16023999962063268,0.07492925234028684,296,False
INNOVATION,pooled,cpi,real_macro,b,0.5,8,-0.048764738770842087,0.07171119706342273,0.49708370450468115,-0.16671916135364473,0.06918968381196056,295,True
INNOVATION,pooled,cpi,real_macro,b,0.5,9,0.04895882628591153,0.06766776054257503,0.46999761034328363,-0.06234473507022674,0.1602623876420498,294,True
INNOVATION,pooled,cpi,real_macro,b,0.5,10,0.07852286695424482,0.0684746188047165,0.25252172844060256,-0.0341078581408126,0.19115359204930224,293,True
INNOVATION,pooled,cpi,real_macro,b,0.5,11,0.009988099453835275,0.07129297290795028,0.8886883182697441,-0.10727840560995978,0.12725460451763032,292,True
INNOVATION,pooled,cpi,real_macro,b,0.5,12,-0.04175282576122186,0.07417179774825797,0.5739685696598081,-0.16375457630495502,0.0802489247825113,291,True
INNOVATION,pooled,cpi,real_macro,b,0.5,13,-0.06045956033362643,0.07166572738489281,0.39964419055166395,-0.1783391919507828,0.05742007128352995,290,True
INNOVATION,pooled,cpi,real_macro,b,0.5,14,-0.05041559067058188,0.06669782467715114,0.4504024494989591,-0.16012374950056735,0.05929256815940359,289,True
INNOVATION,pooled,cpi,real_macro,b,0.5,15,-0.07248870979287858,0.06197775446145302,0.24323611384882177,-0.17443304400910736,0.029455624423350202,288,True
INNOVATION,pooled,cpi,real_macro,b,0.5,16,0.04997812478606534,0.06813564775568506,0.4639113370560308,-0.06209504254956118,0.16205129212169184,287,True
INNOVATION,pooled,cpi,real_macro,b,0.5,17,-0.03239362720150041,0.06824792153057817,0.635440566628105,-0.1446514684629714,0.07986421405997056,286,True
INNOVATION,pooled,cpi,real_macro,b,0.5,18,-0.12694151719415459,0.06737849914764615,0.06069291450821244,-0.23776928589570703,-0.016113748492602137,285,True
INNOVATION,pooled,cpi,real_macro,b,0.5,19,-0.029481338699497428,0.0690408638560718,0.6697288466107371,-0.14304345402101992,0.08408077662202508,284,True
INNOVATION,pooled,cpi,real_macro,b,0.5,20,-0.005626164160844382,0.06690240557020048,0.9330468055812428,-0.11567082861476702,0.10441850029307825,283,True
INNOVATION,pooled,cpi,real_macro,b,0.5,21,0.0545839026417525,0.06585268972414325,0.4079511778212641,-0.05373413289551447,0.1629019381790195,282,False
INNOVATION,pooled,cpi,real_macro,b,0.5,22,0.07034485266703427,0.07365209306611832,0.34044060375656965,-0.050802059745337816,0.19149176507940635,281,True
INNOVATION,pooled,cpi,real_macro,b,0.5,23,0.03700481794712118,0.07201237212234826,0.6077949132062406,-0.08144499352370244,0.1554546294179448,280,True
INNOVATION,pooled,cpi,real_macro,b,0.5,24,0.028004787404825038,0.07385479963768486,0.704869509926143,-0.09347554764699519,0.14948512245664525,279,False
INNOVATION,pooled,infl_exp,real_macro,b,0.5,0,-0.00239543740622139,0.07495459615583273,0.9745283184527067,-0.12568477674982576,0.12089390193738296,303,True
INNOVATION,pooled,infl_exp,real_macro,b,0.5,1,-0.06891316373975442,0.0707653756164848,0.3310018615640608,-0.18531184848511273,0.04748552100560387,302,True
INNOVATION,pooled,infl_exp,real_macro,b,0.5,2,-0.011805326769898983,0.07625646562401468,0.8770848450693254,-0.1372360508300598,0.11362539729026183,301,True
INNOVATION,pooled,infl_exp,real_macro,b,0.5,3,-0.020931515670952194,0.07484107418664654,0.779935952469237,-0.14403412799180196,0.10217109664989757,300,True
INNOVATION,pooled,infl_exp,real_macro,b,0.5,4,0.014486209310455855,0.07605210467466476,0.8490776381049894,-0.11060837090095949,0.1395807895218712,299,True
INNOVATION,pooled,infl_exp,real_macro,b,0.5,5,0.040814267943851235,0.0772206713869816,0.5975582826434648,-0.08620243346265322,0.16783096935035569,298,True
INNOVATION,pooled,infl_exp,real_macro,b,0.5,6,-0.007090341163603853,0.07142608982186505,0.9209992419168223,-0.12457580406606021,0.1103951217388525,297,True
INNOVATION,pooled,infl_exp,real_macro,b,0.5,7,-0.0009846287157060374,0.07179070126942545,0.9890673467882195,-0.11906982408011015,0.11710056664869807,296,True
INNOVATION,pooled,infl_exp,real_macro,b,0.5,8,-0.0017428993700363549,0.07151181818896397,0.9805739385688885,-0.11936937288804801,0.1158835741479753,295,True
INNOVATION,pooled,infl_exp,real_macro,b,0.5,9,0.01690712519608617,0.07441946935028011,0.820452957381071,-0.105502008880526,0.13931625927269833,294,True
INNOVATION,pooled,infl_exp,real_macro,b,0.5,10,-0.12424479291746593,0.07319518480439739,0.09078658383329742,-0.24464015811836226,-0.003849427716569598,293,True
INNOVATION,pooled,infl_exp,real_macro,b,0.5,11,0.06101813111712229,0.0746406222174254,0.4143843286707069,-0.06175476705512452,0.18379102928936908,292,True
INNOVATION,pooled,infl_exp,real_macro,b,0.5,12,0.04613880801882608,0.07727818141046845,0.5509887596604112,-0.08097248895839679,0.17325010499604895,291,True
INNOVATION,pooled,infl_exp,real_macro,b,0.5,13,-0.018359778530381732,0.07366325708800688,0.8033709642571683,-0.13952505412464858,0.10280549706388512,290,True
INNOVATION,pooled,infl_exp,real_macro,b,0.5,14,0.0470419998546987,0.06984527322069359,0.5012142238870171,-0.06784325112777569,0.16192725083717308,289,True
INNOVATION,pooled,infl_exp,real_macro,b,0.5,15,0.013879366987275432,0.07085965697094179,0.8448639655629386,-0.10267439678591535,0.1304331307604662,288,True
INNOVATION,pooled,infl_exp,real_macro,b,0.5,16,-0.0355613944522446,0.07205984211283555,0.622078887845955,-0.1540892871090926,0.08296649820460339,287,True
INNOVATION,pooled,infl_exp,real_macro,b,0.5,17,0.19269858425627717,0.07497511051912248,0.010726897204171531,0.06937550178781109,0.31602166672474324,286,False
INNOVATION,pooled,infl_exp,real_macro,b,0.5,18,-0.1683909656615814,0.06998113856730101,0.016824451781624842,-0.28349969525220003,-0.05328223607096279,285,True
INNOVATION,pooled,infl_exp,real_macro,b,0.5,19,-0.07808599072069455,0.07320834729317736,0.28714522939728376,-0.19850300628900033,0.042331024847611226,284,False
INNOVATION,pooled,infl_exp,real_macro,b,0.5,20,0.07864784534984892,0.07088652405663776,0.26826433629890467,-0.037950110846694474,0.19524580154639232,283,True
INNOVATION,pooled,infl_exp,real_macro,b,0.5,21,-0.08675822244041242,0.08071268498027707,0.2834386391396551,-0.21951877507121278,0.046002330190387936,282,True
INNOVATION,pooled,infl_exp,real_macro,b,0.5,22,0.042982083062042875,0.08354609531201551,0.6073715116692741,-0.09443901482955921,0.18040318095364496,281,False
INNOVATION,pooled,infl_exp,real_macro,b,0.5,23,0.08983503261522818,0.07719336787529121,0.24561944962567459,-0.03713675851104384,0.2168068237415002,280,True
INNOVATION,pooled,infl_exp,real_macro,b,0.5,24,0.026032888458225045,0.08120395569071774,0.7487905405863537,-0.10753573258245866,0.15960150949890875,279,True
INNOVATION,pooled,freight,physical_channel,b,0.5,0,0.0005515809640606051,0.0034671932250555986,0.87371810227709,-0.0051514443875136685,0.006254606315634879,303,True
INNOVATION,pooled,freight,physical_channel,b,0.5,1,0.001268702654133591,0.0035269057281967463,0.7193327510321991,-0.004532541024806751,0.007069946333073933,302,True
INNOVATION,pooled,freight,physical_channel,b,0.5,2,0.0012778023735521005,0.0034118346369714967,0.7083077777843332,-0.004334166203629125,0.006889770950733326,301,True
INNOVATION,pooled,freight,physical_channel,b,0.5,3,-0.0016262499114911844,0.0034366983962661433,0.6364491481308217,-0.007279115733327858,0.004026615910345489,300,True
INNOVATION,pooled,freight,physical_channel,b,0.5,4,-0.000877152384932231,0.003448909344675327,0.7994354512135515,-0.0065501034295482674,0.004795798659683805,299,True
INNOVATION,pooled,freight,physical_channel,b,0.5,5,-0.0021577704283581856,0.003495471343155715,0.5375540928834768,-0.007907309145052797,0.0035917682883364263,298,True
INNOVATION,pooled,freight,physical_channel,b,0.5,6,0.0017342814006395812,0.003446657075898592,0.6152510075055171,-0.0039349649915101734,0.007403527792789336,297,True
INNOVATION,pooled,freight,physical_channel,b,0.5,7,0.007516822083472596,0.0035469026822478695,0.03498781383272298,0.0016826863421332827,0.01335095782481191,296,True
INNOVATION,pooled,freight,physical_channel,b,0.5,8,0.009106452631641893,0.0036897122349530253,0.014211678324265085,0.0030374160795721868,0.015175489183711598,295,True
INNOVATION,pooled,freight,physical_channel,b,0.5,9,-0.00934694425662519,0.0037704452893577703,0.013795298532248625,-0.01554877486604741,-0.003145113647202968,294,True
INNOVATION,pooled,freight,physical_channel,b,0.5,10,0.004263453826965025,0.004030377516761572,0.2910963167603723,-0.002365927249463915,0.010892834903393964,293,True
INNOVATION,pooled,freight,physical_channel,b,0.5,11,0.004332616871963069,0.004085488782631087,0.2898913192640518,-0.0023874141700172286,0.011052647913943366,292,False
INNOVATION,pooled,freight,physical_channel,b,0.5,12,-0.0018911158974750375,0.004261887168811199,0.6576045549053274,-0.00890129646475208,0.005119064669802005,291,True
INNOVATION,pooled,freight,physical_channel,b,0.5,13,0.0018200581476923716,0.004324955323874546,0.6742263677390129,-0.005293860303185755,0.008933976598570498,290,True
INNOVATION,pooled,freight,physical_channel,b,0.5,14,0.0061832816625138065,0.004375247631867398,0.15877620029291706,-0.001013360273574123,0.013379923598601736,289,True
INNOVATION,pooled,freight,physical_channel,b,0.5,15,-0.0003529324499544906,0.004390983534221783,0.935999547825151,-0.007575457642103385,0.006869592742194404,288,True
INNOVATION,pooled,freight,physical_channel,b,0.5,16,-0.007820831302499442,0.004327188448559113,0.07186481421397364,-0.014938422916614413,-0.0007032396883844723,287,True
INNOVATION,pooled,freight,physical_channel,b,0.5,17,-0.000803702542962758,0.004224064703490478,0.8492490823881055,-0.007751670690976766,0.00614426560505125,286,True
INNOVATION,pooled,freight,physical_channel,b,0.5,18,-0.0050562421003716995,0.003998078901576982,0.20713601825696695,-0.011632496682468756,0.001520012481725357,285,True
INNOVATION,pooled,freight,physical_channel,b,0.5,19,0.002425784186433244,0.003876794315024305,0.5320566482998957,-0.003950975003579332,0.00880254337644582,284,True
INNOVATION,pooled,freight,physical_channel,b,0.5,20,-0.0029452240018077447,0.003764373204259692,0.4347088279305447,-0.009137066920033235,0.0032466189164177452,283,True
INNOVATION,pooled,freight,physical_channel,b,0.5,21,0.007719240451692144,0.0037416075139028978,0.04012131946927162,0.0015648437618200816,0.013873637141564206,282,True
INNOVATION,pooled,freight,physical_channel,b,0.5,22,-0.0031250822008772605,0.0037582272494001276,0.40645787284496876,-0.009306815922960916,0.0030566515212063945,281,True
INNOVATION,pooled,freight,physical_channel,b,0.5,23,-0.000865965957842274,0.003629519943547631,0.8116176824042637,-0.006835995001079297,0.005104063085394749,280,True
INNOVATION,pooled,freight,physical_channel,b,0.5,24,-0.0008890221386480546,0.003826689390498895,0.8164776433783636,-0.0071833660618268805,0.005405321784530771,279,True
INNOVATION,pooled,oil,asset_price,b,0.75,0,0.021186760454639852,0.024936486086729232,0.39627046508874986,-0.019830109128541648,0.06220363003782135,303,True
INNOVATION,pooled,oil,asset_price,b,0.75,1,-0.02595147449406454,0.02281655434138819,0.25636611732533743,-0.06348136665703227,0.011578417668903183,302,True
INNOVATION,pooled,oil,asset_price,b,0.75,2,0.017396830920517914,0.029000315437086838,0.5490809972232833,-0.030304443108911137,0.06509810494994697,301,True
INNOVATION,pooled,oil,asset_price,b,0.75,3,-0.06595531233077168,0.036240080132958034,0.06986492933153299,-0.1255649395784797,-0.006345685083063664,300,True
INNOVATION,pooled,oil,asset_price,b,0.75,4,0.04835628401269787,0.027448859418598946,0.07924982057442259,0.0032069280423343144,0.09350563998306143,299,True
INNOVATION,pooled,oil,asset_price,b,0.75,5,-0.025948175677399377,0.03647998570422992,0.4775130497785971,-0.08595241247413982,0.034056061119341056,298,True
INNOVATION,pooled,oil,asset_price,b,0.75,6,0.004343134473629107,0.03476542237395093,0.9006747741615816,-0.05284089661066394,0.061527165557922155,297,True
INNOVATION,pooled,oil,asset_price,b,0.75,7,0.051555772218421225,0.023913800185454397,0.031981547883329714,0.01222107124918377,0.09089047318765868,296,True
INNOVATION,pooled,oil,asset_price,b,0.75,8,0.010858940165690001,0.0346682206200069,0.7543545539137256,-0.04616520826108216,0.06788308859246217,295,True
INNOVATION,pooled,oil,asset_price,b,0.75,9,-0.02038040330921831,0.03441202721888336,0.5541886010052826,-0.07698315109095138,0.03622234447251477,294,True
INNOVATION,pooled,oil,asset_price,b,0.75,10,0.03895891687614039,0.02783254413140193,0.1627543852445582,-0.00682154428568299,0.08473937803796378,293,True
INNOVATION,pooled,oil,asset_price,b,0.75,11,-0.018639885010514945,0.03348127074997882,0.5781864576470986,-0.07371167463856185,0.03643190461753196,292,True
INNOVATION,pooled,oil,asset_price,b,0.75,12,0.01350434409327761,0.025333586362014677,0.5944415742305934,-0.028165697317970584,0.0551743855045258,291,True
INNOVATION,pooled,oil,asset_price,b,0.75,13,-0.014721803791758248,0.033388176583241724,0.659628262874694,-0.06964046714199962,0.040196859558483115,290,True
INNOVATION,pooled,oil,asset_price,b,0.75,14,0.029706795579471645,0.03563163568283555,0.4052013178879784,-0.028902029607653902,0.08831562076659719,289,True
INNOVATION,pooled,oil,asset_price,b,0.75,15,0.0022522929673165493,0.02821597141631824,0.9364391686568414,-0.04415884995477357,0.04866343588940667,288,True
INNOVATION,pooled,oil,asset_price,b,0.75,16,0.010343110014176204,0.03410524070003589,0.7619272596944161,-0.0457550188493308,0.06644123887768322,287,True
INNOVATION,pooled,oil,asset_price,b,0.75,17,-0.06347480178635578,0.024021291690283414,0.00873432866493364,-0.10298631054717772,-0.02396329302553385,286,True
INNOVATION,pooled,oil,asset_price,b,0.75,18,-0.05347712351573364,0.02438782416815035,0.029219895075892687,-0.09359152455217051,-0.013362722479296762,285,True
INNOVATION,pooled,oil,asset_price,b,0.75,19,0.02252261592981597,0.0342670110399636,0.5115989805723512,-0.0338416014640543,0.07888683332368623,284,True
INNOVATION,pooled,oil,asset_price,b,0.75,20,0.05920497537837832,0.03032804882449919,0.052014484271242785,0.009319774271039492,0.10909017648571714,283,True
INNOVATION,pooled,oil,asset_price,b,0.75,21,0.003461793815674241,0.023534852058436397,0.8831759098912615,-0.03524959295241119,0.04217318058375967,282,True
INNOVATION,pooled,oil,asset_price,b,0.75,22,-0.013224730067236123,0.03096238858472701,0.6696534348961868,-0.06415332722990522,0.03770386709543296,281,True
INNOVATION,pooled,oil,asset_price,b,0.75,23,0.0018166337931688759,0.025079175746041224,0.942312437900604,-0.039434939393660426,0.04306820697999818,280,True
INNOVATION,pooled,oil,asset_price,b,0.75,24,0.023312234411150712,0.027576485518217363,0.39871141660270176,-0.022047047812063868,0.0686715166343653,279,True
INNOVATION,pooled,dxy,asset_price,b,0.75,0,-0.005946295889145858,0.006003842991207251,0.3228419706851365,-0.015821738808880284,0.0039291470305885656,303,True
INNOVATION,pooled,dxy,asset_price,b,0.75,1,0.0025126493035045883,0.0052209942276628465,0.6307166918504944,-0.006075121988159345,0.011100420595168522,302,False
INNOVATION,pooled,dxy,asset_price,b,0.75,2,0.004156438116767802,0.0073013955492541045,0.569643529673352,-0.007853288834230148,0.016166165067765755,301,True
INNOVATION,pooled,dxy,asset_price,b,0.75,3,0.004759652233735423,0.007043496936422401,0.49977266916789165,-0.006825869248560547,0.01634517371603139,300,True
INNOVATION,pooled,dxy,asset_price,b,0.75,4,-0.0018396744847943847,0.005415840473017655,0.7343576026727905,-0.010747939329828052,0.0070685903602392824,299,True
INNOVATION,pooled,dxy,asset_price,b,0.75,5,0.00609261398601646,0.005725299649247111,0.2882086447305087,-0.003324665907431641,0.01550989387946456,298,True
INNOVATION,pooled,dxy,asset_price,b,0.75,6,-0.007957898924217943,0.005307202758482047,0.13492893193468886,-0.016687470630473995,0.0007716727820381089,297,True
INNOVATION,pooled,dxy,asset_price,b,0.75,7,-0.007476944743288527,0.005470366396832508,0.17283072631332613,-0.016474896751871936,0.0015210072652948794,296,True
INNOVATION,pooled,dxy,asset_price,b,0.75,8,-0.021529052599410292,0.004922171466553736,1.7512990750214445e-05,-0.02962530418864825,-0.013432801010172333,295,True
INNOVATION,pooled,dxy,asset_price,b,0.75,9,-0.0005004666990607309,0.005230999222145308,0.9238521228371723,-0.00910469474218677,0.008103761344065308,294,True
INNOVATION,pooled,dxy,asset_price,b,0.75,10,-0.007797955119759337,0.00673746520649546,0.24815034376277725,-0.018880099201122744,0.003284188961604071,293,True
INNOVATION,pooled,dxy,asset_price,b,0.75,11,-0.0027147203759607663,0.005544511892042579,0.624807308553092,-0.011834630871262571,0.006405190119341039,292,True
INNOVATION,pooled,dxy,asset_price,b,0.75,12,0.004470623100125692,0.004854270019422694,0.35791159320971383,-0.0035139405475235197,0.012455186747774905,291,True
INNOVATION,pooled,dxy,asset_price,b,0.75,13,-0.0021119673889700152,0.0054192908217462555,0.6970654799012294,-0.011025907552624168,0.006801972774684138,290,True
INNOVATION,pooled,dxy,asset_price,b,0.75,14,-0.014016861369061218,0.005060273388474399,0.006008543698283222,-0.02234027040545935,-0.005693452332663086,289,True
INNOVATION,pooled,dxy,asset_price,b,0.75,15,-0.0009650844882385101,0.005490678956924722,0.8606131940730464,-0.009996447684962266,0.008066278708485246,288,True
INNOVATION,pooled,dxy,asset_price,b,0.75,16,0.005768769782951821,0.00588305841159717,0.32771828047084905,-0.003908000182931149,0.015445539748834792,287,True
INNOVATION,pooled,dxy,asset_price,b,0.75,17,-0.004605060030085539,0.005833075847505943,0.43056011996021243,-0.014199615994138721,0.004989495933967643,286,True
INNOVATION,pooled,dxy,asset_price,b,0.75,18,-0.012169584306455539,0.006550380209085901,0.0643347748611704,-0.022944000951281626,-0.0013951676616294519,285,True
INNOVATION,pooled,dxy,asset_price,b,0.75,19,-0.007465852152613195,0.004877134511713581,0.12705689283150937,-0.015488024543335477,0.000556320238109087,284,True
INNOVATION,pooled,dxy,asset_price,b,0.75,20,-0.004284485349732137,0.004870621261292803,0.379872334209246,-0.012295944396876557,0.003726973697412284,283,True
INNOVATION,pooled,dxy,asset_price,b,0.75,21,0.003149639071406085,0.0066002817569935715,0.633631702041518,-0.007706858315486426,0.014006136458298596,282,True
INNOVATION,pooled,dxy,asset_price,b,0.75,22,0.0015730965921392226,0.005242573202887965,0.7643763169618281,-0.007050168955189642,0.010196362139468087,281,True
INNOVATION,pooled,dxy,asset_price,b,0.75,23,-0.00895355791173813,0.0054344193740573,0.10068830392406014,-0.01789238232953163,-1.4733493944631137e-05,280,True
INNOVATION,pooled,dxy,asset_price,b,0.75,24,-0.008568900541766844,0.005253621740594329,0.10413461803221641,-0.01721033931641453,7.253823288084355e-05,279,True
INNOVATION,pooled,vix,asset_price,b,0.75,0,-1.3759585513053025,1.171799006030042,0.24131978721787914,-3.303396396431947,0.5514792938213422,303,True
INNOVATION,pooled,vix,asset_price,b,0.75,1,-3.0681439240615873,1.5951812237820595,0.05546810769127902,-5.691983545644396,-0.4443043024787787,302,True
INNOVATION,pooled,vix,asset_price,b,0.75,2,-2.936263165585842,1.5487292032264115,0.05902685145192457,-5.483696012678468,-0.3888303184932158,301,True
INNOVATION,pooled,vix,asset_price,b,0.75,3,-4.289453275501728,2.0804582582010203,0.040178372010393024,-7.711502587224819,-0.8674039637786373,300,False
INNOVATION,pooled,vix,asset_price,b,0.75,4,1.7564162909984589,1.6127888852118417,0.27709700125376757,-0.8963853563492608,4.4092179383461785,299,False
INNOVATION,pooled,vix,asset_price,b,0.75,5,-0.8134509445371805,2.1664762755862976,0.7076043504706173,-4.37698730413962,2.7500854150652585,298,True
INNOVATION,pooled,vix,asset_price,b,0.75,6,5.315468356260681,2.227102916609286,0.017690914433755874,1.6522100462816942,8.978726666239666,297,True
INNOVATION,pooled,vix,asset_price,b,0.75,7,-2.5201101945240225,2.8510268308826796,0.37752588552793254,-7.209632017837359,2.169411628789314,296,True
INNOVATION,pooled,vix,asset_price,b,0.75,8,-0.726595869535231,2.2855454687604744,0.7508023296396539,-4.4859836233884,3.032791884317938,295,True
INNOVATION,pooled,vix,asset_price,b,0.75,9,-1.3596436345833354,2.7919119614943018,0.6266638209537903,-5.951930150576437,3.232642881409766,294,True
INNOVATION,pooled,vix,asset_price,b,0.75,10,-2.346177693212667,3.0685122502108793,0.44519139891187975,-7.393431197317055,2.701075810891721,293,True
INNOVATION,pooled,vix,asset_price,b,0.75,11,1.2020980397355743,3.372397114894217,0.7217867279781625,-4.345001586218859,6.749197665690008,292,True
INNOVATION,pooled,vix,asset_price,b,0.75,12,2.14953013806371,2.806272304358272,0.4443789933173302,-2.466377039973459,6.765437316100879,291,True
INNOVATION,pooled,vix,asset_price,b,0.75,13,-2.330319083703216,3.3012348997064818,0.480881773981847,-7.760367281904203,3.0997291144977703,290,True
INNOVATION,pooled,vix,asset_price,b,0.75,14,-2.721460133245273,2.915223367640536,0.35140714147140795,-7.516575862882494,2.073655596391948,289,True
INNOVATION,pooled,vix,asset_price,b,0.75,15,0.45643132922123186,2.9212462260237704,0.8759608281526299,-4.348591120872267,5.2614537793147305,288,True
INNOVATION,pooled,vix,asset_price,b,0.75,16,2.1955438237055205,3.0313171300536,0.46954324764222727,-2.7905291521032707,7.181616799514312,287,True
INNOVATION,pooled,vix,asset_price,b,0.75,17,0.8288131938606966,3.0630403759348988,0.7869264662919241,-4.2094398779946225,5.867066265716016,286,False
INNOVATION,pooled,vix,asset_price,b,0.75,18,-2.5433027929666423,2.7237672177588084,0.351312122572724,-7.023501180068739,1.9368955941354544,285,True
INNOVATION,pooled,vix,asset_price,b,0.75,19,-3.3556560193501355,2.738433102746834,0.22155346788933486,-7.859977640567239,1.148665601866968,284,True
INNOVATION,pooled,vix,asset_price,b,0.75,20,-5.853424660861492,2.7022899909094216,0.031230583360532704,-10.298296153483516,-1.408553168239469,283,False
INNOVATION,pooled,vix,asset_price,b,0.75,21,-2.5736878471798263,3.0448997439070054,0.39876926811272284,-7.582102234648873,2.43472654028922,282,True
INNOVATION,pooled,vix,asset_price,b,0.75,22,-3.2886472772806883,1.959268336711513,0.09448267778246996,-6.511356907091798,-0.06593764746957786,281,False
INNOVATION,pooled,vix,asset_price,b,0.75,23,-2.4722378164642578,2.8379648999571243,0.38451202244160293,-7.140274675319706,2.19579904239119,280,True
INNOVATION,pooled,vix,asset_price,b,0.75,24,-3.463170195966086,2.0065223356332176,0.08558585272720187,-6.763605737291523,-0.16273465464064873,279,True
INNOVATION,pooled,us10y,asset_price,b,0.75,0,-0.04563629269728153,0.0711343479951434,0.521699288006852,-0.16264188299792132,0.07136929760335826,303,True
INNOVATION,pooled,us10y,asset_price,b,0.75,1,0.06908012936889918,0.09003000955156656,0.4435631548505324,-0.07900605837647076,0.21716631711426912,302,True
INNOVATION,pooled,us10y,asset_price,b,0.75,2,0.002113602713848195,0.08277944863320306,0.9796485280242051,-0.13404647360751895,0.13827367903521534,301,True
INNOVATION,pooled,us10y,asset_price,b,0.75,3,-0.12837195165502635,0.07373864252985639,0.08283103002550772,-0.24966122526673873,-0.007082678043313986,300,True
INNOVATION,pooled,us10y,asset_price,b,0.75,4,0.01817302743302207,0.06860230764637065,0.7912847715115019,-0.09466772711635141,0.13101378198239555,299,True
INNOVATION,pooled,us10y,asset_price,b,0.75,5,0.05655866142808463,0.10074501572776783,0.5749877756269066,-0.10915214308901738,0.22226946594518665,298,True
INNOVATION,pooled,us10y,asset_price,b,0.75,6,0.041942356643630774,0.07251828518873071,0.5634986432511074,-0.07733960776935417,0.16122432105661572,297,True
INNOVATION,pooled,us10y,asset_price,b,0.75,7,-0.011121905615254946,0.07093655803072234,0.8755310382554918,-0.12780216037554215,0.10555834914503227,296,True
INNOVATION,pooled,us10y,asset_price,b,0.75,8,-0.09533525487833572,0.07331182560956695,0.19458264182025742,-0.21592247713066576,0.025251967373994308,295,True
INNOVATION,pooled,us10y,asset_price,b,0.75,9,-0.14714077700733696,0.06308210520854145,0.020419192802544298,-0.2509016065553407,-0.04337994745933321,294,True
INNOVATION,pooled,us10y,asset_price,b,0.75,10,0.03764431082328201,0.06652314556118984,0.5719522361848259,-0.07177652642926181,0.14706514807582582,293,True
INNOVATION,pooled,us10y,asset_price,b,0.75,11,0.004169269981503021,0.0768744696062505,0.9567891295389007,-0.12227798017030883,0.13061652013331487,292,False
INNOVATION,pooled,us10y,asset_price,b,0.75,12,-0.007421169471854228,0.0659782324935705,0.9105293756882212,-0.11594570448875115,0.10110336554504269,291,False
INNOVATION,pooled,us10y,asset_price,b,0.75,13,0.11119267065896565,0.09167714724136483,0.22627108659911818,-0.039602817489557435,0.2619881588074887,290,True
INNOVATION,pooled,us10y,asset_price,b,0.75,14,-0.10152566622309678,0.06416656156633418,0.11481017566221391,-0.2070702677444865,0.004018935298292947,289,True
INNOVATION,pooled,us10y,asset_price,b,0.75,15,0.005443119503070193,0.06411854083136,0.9324129746908508,-0.10002249493822836,0.11090873394436875,288,True
INNOVATION,pooled,us10y,asset_price,b,0.75,16,-0.07333581633884023,0.0685358772052995,0.2855995396101357,-0.18606730253627785,0.03939566985859737,287,False
INNOVATION,pooled,us10y,asset_price,b,0.75,17,0.021012641824654565,0.06096102554655749,0.7306084211476087,-0.07925932214828187,0.121284605797591,286,True
INNOVATION,pooled,us10y,asset_price,b,0.75,18,0.10978309798002783,0.06867835536401089,0.11115801010119869,-0.0031827439335275765,0.22274893989358324,285,True
INNOVATION,pooled,us10y,asset_price,b,0.75,19,-0.02017602155683562,0.06799260136086466,0.7669067836130646,-0.13201389851111944,0.09166185539744821,284,True
INNOVATION,pooled,us10y,asset_price,b,0.75,20,0.10088002979165367,0.0665992504758413,0.13107875092185506,-0.008665988905783448,0.2104260484890908,283,True
INNOVATION,pooled,us10y,asset_price,b,0.75,21,0.11333202052242086,0.09899926610008472,0.2533793716335521,-0.049507281387837415,0.27617132243267917,282,True
INNOVATION,pooled,us10y,asset_price,b,0.75,22,-0.10597930914364895,0.09509137904844962,0.266122489576848,-0.2623907088633085,0.05043209057601064,281,True
INNOVATION,pooled,us10y,asset_price,b,0.75,23,-0.04963115384694561,0.07298865821472783,0.4971384816270157,-0.16968681303776206,0.07042450534387083,280,True
INNOVATION,pooled,us10y,asset_price,b,0.75,24,0.04213538139615025,0.08144197490739236,0.6053556992204746,-0.09182474641636484,0.17609550920866535,279,True
INNOVATION,pooled,ip,real_macro,b,0.75,0,0.018692418462251226,0.156081713031598,0.90476034532797,-0.23803915331857162,0.27542399024307407,303,True
INNOVATION,pooled,ip,real_macro,b,0.75,1,-0.46631785342106014,0.12586175130157842,0.0002556915307647046,-0.6733420115439256,-0.2592936952981947,302,True
INNOVATION,pooled,ip,real_macro,b,0.75,2,-0.1787486295324925,0.13595109036615896,0.18968019831761979,-0.4023682736092764,0.04487101454429143,301,False
INNOVATION,pooled,ip,real_macro,b,0.75,3,0.2745424972449655,0.1776703102899197,0.12345191922685814,-0.017699157037002422,0.5667841515269334,300,True
INNOVATION,pooled,ip,real_macro,b,0.75,4,-0.2915308656099569,0.22089165049447093,0.18801852123396842,-0.6548652980890843,0.07180356686917055,299,True
INNOVATION,pooled,ip,real_macro,b,0.75,5,0.19191688029140153,0.2092846073751078,0.3599537528019531,-0.15232566521465934,0.5361594257974625,298,True
INNOVATION,pooled,ip,real_macro,b,0.75,6,0.09570332145085558,0.2179925413065585,0.6609986863921343,-0.2628625007656058,0.45426914366731697,297,False
INNOVATION,pooled,ip,real_macro,b,0.75,7,-0.09141973337477793,0.21598962375524117,0.67244514836178,-0.44669104939247023,0.26385158264291436,296,True
INNOVATION,pooled,ip,real_macro,b,0.75,8,0.13569080068737094,0.20727260935595856,0.5132573212930548,-0.20524230257947318,0.47662390395421506,295,True
INNOVATION,pooled,ip,real_macro,b,0.75,9,-0.19055917422610946,0.13634105460851353,0.1633780946842509,-0.4148202524013117,0.033701903949092754,294,True
INNOVATION,pooled,ip,real_macro,b,0.75,10,-0.05724771984966992,0.17779837288343248,0.7477208404290007,-0.3497000183530541,0.23520457865371425,293,True
INNOVATION,pooled,ip,real_macro,b,0.75,11,0.009848458708347607,0.1452516144028727,0.9459939784030937,-0.22906918606277427,0.24876610347946948,292,True
INNOVATION,pooled,ip,real_macro,b,0.75,12,-0.1344655622629034,0.17665981275826742,0.4472462081427908,-0.42504509601490753,0.15611397148910072,291,True
INNOVATION,pooled,ip,real_macro,b,0.75,13,0.043138738539028054,0.1612888083463769,0.7893233611921538,-0.2221577428561909,0.308435219934247,290,True
INNOVATION,pooled,ip,real_macro,b,0.75,14,-0.5107420578834763,0.14243951670681265,0.0004012187665241453,-0.7450342135598919,-0.27644990220706067,289,True
INNOVATION,pooled,ip,real_macro,b,0.75,15,0.34630541015212657,0.181271983084173,0.057179323789791084,0.04813953131143872,0.6444712889928144,288,False
INNOVATION,pooled,ip,real_macro,b,0.75,16,0.043304733548552576,0.16444748895096764,0.7925019764161997,-0.2271873150955087,0.31379678219261387,287,True
INNOVATION,pooled,ip,real_macro,b,0.75,17,-0.14303761442045015,0.22127223085605957,0.5185737609787711,-0.5069980458876833,0.2209228170467829,286,True
INNOVATION,pooled,ip,real_macro,b,0.75,18,-0.4452629567690565,0.15577209327998037,0.004606442467233716,-0.7014852493784552,-0.1890406641596577,285,True
INNOVATION,pooled,ip,real_macro,b,0.75,19,-0.2102930790224491,0.19320931351437115,0.2774328820623064,-0.5280941191173666,0.1075079610724684,284,True
INNOVATION,pooled,ip,real_macro,b,0.75,20,-0.4241458368305757,0.21438091462839337,0.048952019932111165,-0.7767710618062624,-0.07152061185488895,283,True
INNOVATION,pooled,ip,real_macro,b,0.75,21,-0.07243441824084584,0.18053601885469323,0.6885964754519162,-0.3693897436493674,0.2245209071676757,282,True
INNOVATION,pooled,ip,real_macro,b,0.75,22,-0.24119675428073606,0.18314416532348632,0.18903775044992024,-0.5424420988680726,0.06004859030660048,281,True
INNOVATION,pooled,ip,real_macro,b,0.75,23,0.2680016166123096,0.18413727595659715,0.14679079237329035,-0.034877249601863336,0.5708804828264825,280,False
INNOVATION,pooled,ip,real_macro,b,0.75,24,-0.0419440841069445,0.22637885754416998,0.8531569443192935,-0.4143041690036031,0.3304160007897141,279,True
INNOVATION,pooled,cpi,real_macro,b,0.75,0,-0.0568462008577626,0.056947524297231066,0.31904985152181825,-0.1505165427439702,0.036824141028445015,303,True
INNOVATION,pooled,cpi,real_macro,b,0.75,1,0.006452610914493562,0.061525521816414595,0.9165501567088898,-0.09474786679531791,0.10765308862430503,302,True
INNOVATION,pooled,cpi,real_macro,b,0.75,2,-0.20464951291944544,0.07452993917118643,0.006436020401146047,-0.32724035368164406,-0.08205867215724684,301,True
INNOVATION,pooled,cpi,real_macro,b,0.75,3,-0.12375667906290033,0.07778468920733134,0.11276751431159093,-0.25170110722687233,0.004187749101071642,300,True
INNOVATION,pooled,cpi,real_macro,b,0.75,4,0.027317249050014425,0.0795884842069798,0.7316906630248203,-0.10359415786140624,0.1582286559614351,299,True
INNOVATION,pooled,cpi,real_macro,b,0.75,5,-0.03333244486020703,0.09519789184475612,0.7265077590467602,-0.18991904253918812,0.12325415281877405,298,False
INNOVATION,pooled,cpi,real_macro,b,0.75,6,-0.03289128601484492,0.08779920173403745,0.7082386838053201,-0.1773081214305204,0.11152554940083056,297,True
INNOVATION,pooled,cpi,real_macro,b,0.75,7,-0.08711384518028353,0.08718437125914807,0.3186034446538543,-0.23051937445937692,0.05629168409880986,296,True
INNOVATION,pooled,cpi,real_macro,b,0.75,8,-0.0800512331588834,0.0622607074834696,0.19964695001765426,-0.18246098367963304,0.02235851736186624,295,False
INNOVATION,pooled,cpi,real_macro,b,0.75,9,-0.06773648491758877,0.06665134543766944,0.3104191456731063,-0.1773681922019348,0.04189522236675727,294,True
INNOVATION,pooled,cpi,real_macro,b,0.75,10,-0.0028348734520022845,0.07658018874489995,0.9704982322184229,-0.12879807466167928,0.12312832775767471,293,True
INNOVATION,pooled,cpi,real_macro,b,0.75,11,-0.1062717710067318,0.07082241443534927,0.13466991118293425,-0.22276427626017636,0.010220734246712757,292,True
INNOVATION,pooled,cpi,real_macro,b,0.75,12,-0.12815780667460785,0.09288124657264327,0.16881926397686145,-0.28093386197539416,0.024618248626178424,291,False
INNOVATION,pooled,cpi,real_macro,b,0.75,13,-0.12667317609270867,0.07331975632399831,0.08522375010525388,-0.24727344320943545,-0.006072908975981908,290,True
INNOVATION,pooled,cpi,real_macro,b,0.75,14,-0.07053079418801644,0.07817397720327628,0.3677673300573435,-0.19911554412404714,0.05805395574801425,289,True
INNOVATION,pooled,cpi,real_macro,b,0.75,15,0.07483607241942991,0.09898234688688703,0.4503008325785718,-0.087975399861635,0.23764754470049482,288,True
INNOVATION,pooled,cpi,real_macro,b,0.75,16,0.09797934031180944,0.10483184143664513,0.35084781877789883,-0.07445369429525794,0.2704123749188768,287,True
INNOVATION,pooled,cpi,real_macro,b,0.75,17,-0.16001381612295518,0.10583858562819831,0.13179169994554243,-0.3341027975649111,0.01407516531900077,286,False
INNOVATION,pooled,cpi,real_macro,b,0.75,18,-0.04924330817561895,0.06994849715739018,0.4820740053468818,-0.16429834742475694,0.06581173107351904,285,True
INNOVATION,pooled,cpi,real_macro,b,0.75,19,0.018456710985901736,0.07530667628956435,0.8065851745291066,-0.10541174864264861,0.1423251706144521,284,True
INNOVATION,pooled,cpi,real_macro,b,0.75,20,0.05160458983027638,0.07435941811028086,0.4883210674171582,-0.07070576874642008,0.17391494840697286,283,True
INNOVATION,pooled,cpi,real_macro,b,0.75,21,-0.08114705181550619,0.11079128713296059,0.4645804272790635,-0.2633825022907784,0.10108839865976602,282,True
INNOVATION,pooled,cpi,real_macro,b,0.75,22,0.06637165565302894,0.0969849275275486,0.49438043734476816,-0.09315435415028506,0.22589766545634293,281,True
INNOVATION,pooled,cpi,real_macro,b,0.75,23,0.09751294390929388,0.07868124497085206,0.21637197731006388,-0.03190618725406941,0.22693207507265717,280,True
INNOVATION,pooled,cpi,real_macro,b,0.75,24,0.15392648258745112,0.07874630559686414,0.051726946372805324,0.024400336217420104,0.28345262895748213,279,True
INNOVATION,pooled,infl_exp,real_macro,b,0.75,0,0.33810831484794335,0.07038085039193796,2.5601217729532154e-06,0.22234211781283525,0.45387451188305145,303,True
INNOVATION,pooled,infl_exp,real_macro,b,0.75,1,-0.0892678217392131,0.07543415909364577,0.2376814096387434,-0.21334597192043073,0.03481032844200452,302,True
INNOVATION,pooled,infl_exp,real_macro,b,0.75,2,0.04084148797301168,0.09111686517155906,0.6543413469162871,-0.10903241818087553,0.1907153941268989,301,False
INNOVATION,pooled,infl_exp,real_macro,b,0.75,3,-0.02525267812529819,0.06824598592340675,0.7116522795160245,-0.1375073355962929,0.08700197934569652,300,True
INNOVATION,pooled,infl_exp,real_macro,b,0.75,4,-0.018437759008520516,0.08092490417851922,0.8199440775792511,-0.1515473811572582,0.11467186314021716,299,True
INNOVATION,pooled,infl_exp,real_macro,b,0.75,5,0.08665971204368361,0.12486519553811272,0.4882624915513302,-0.11872525771718587,0.2920446818045531,298,True
INNOVATION,pooled,infl_exp,real_macro,b,0.75,6,-0.02485196647455723,0.09888087198770912,0.8017490189241823,-0.1874965273996648,0.13779259445055034,297,True
INNOVATION,pooled,infl_exp,real_macro,b,0.75,7,-0.07337333112621991,0.09966408722835599,0.4622490409765937,-0.23730616648058914,0.09055950422814932,296,True
INNOVATION,pooled,infl_exp,real_macro,b,0.75,8,-0.02709746999204299,0.11378573748469736,0.8119515264805882,-0.21425835298909554,0.16006341300500956,295,True
INNOVATION,pooled,infl_exp,real_macro,b,0.75,9,0.058107862702811985,0.0771327603327949,0.45190667881432345,-0.06876423788736435,0.18497996329298833,294,True
INNOVATION,pooled,infl_exp,real_macro,b,0.75,10,-0.09721218465074344,0.08068546616840276,0.22934421664249804,-0.22992796632011103,0.035503597018624156,293,False
INNOVATION,pooled,infl_exp,real_macro,b,0.75,11,-0.025401166367629457,0.08536393554555124,0.7662705802718383,-0.16581234536058112,0.1150100126253222,292,True
INNOVATION,pooled,infl_exp,real_macro,b,0.75,12,0.24080719352937763,0.08473472691502172,0.0048359958467492845,0.10143097063446163,0.38018341642429365,291,True
INNOVATION,pooled,infl_exp,real_macro,b,0.75,13,0.017310773913777666,0.08953742428819393,0.8468459227064499,-0.12996518317455097,0.1645867310021063,290,False
INNOVATION,pooled,infl_exp,real_macro,b,0.75,14,0.04838765850990967,0.08770970116245005,0.5816398653029756,-0.09588196156597606,0.1926572785857954,289,False
INNOVATION,pooled,infl_exp,real_macro,b,0.75,15,0.09947730376586605,0.06925607768087903,0.15209941420138923,-0.014438806795960726,0.21339341432769282,288,True
INNOVATION,pooled,infl_exp,real_macro,b,0.75,16,-0.14768979034192853,0.10572761804268434,0.1636425506304913,-0.3215962463483778,0.026216665664520716,287,True
INNOVATION,pooled,infl_exp,real_macro,b,0.75,17,0.22861874764203094,0.07425804639121182,0.0023034434262658417,0.1064751307051155,0.3507623645789464,286,True
INNOVATION,pooled,infl_exp,real_macro,b,0.75,18,-0.15459997942150494,0.0743406436955237,0.03855218851956221,-0.2768794568339942,-0.03232050200901568,285,True
INNOVATION,pooled,infl_exp,real_macro,b,0.75,19,-0.11289700368638478,0.07877046158405963,0.15300928859731996,-0.24246288311956687,0.016668875746797318,284,True
INNOVATION,pooled,infl_exp,real_macro,b,0.75,20,0.1625159109453307,0.0696512211328335,0.020411338556455254,0.04794984724339049,0.2770819746472709,283,True
INNOVATION,pooled,infl_exp,real_macro,b,0.75,21,0.07170272758816054,0.0856696161650497,0.4033973221951449,-0.06921125128046193,0.21261670645678302,282,True
INNOVATION,pooled,infl_exp,real_macro,b,0.75,22,0.10311800916679204,0.11993799442109647,0.3907347367910034,-0.09416243596603394,0.300398454299618,281,False
INNOVATION,pooled,infl_exp,real_macro,b,0.75,23,0.08280662471656797,0.10846927325623312,0.44593248794672197,-0.09560945281173741,0.2612227022448733,280,True
INNOVATION,pooled,infl_exp,real_macro,b,0.75,24,-0.06695313109236167,0.08579995995742812,0.43592610289716244,-0.2080815064206284,0.07417524423590505,279,True
INNOVATION,pooled,freight,physical_channel,b,0.75,0,0.002289025823273505,0.0043404082918737435,0.5983579229964046,-0.004850310498065266,0.009428362144612276,303,True
INNOVATION,pooled,freight,physical_channel,b,0.75,1,0.004197866349258561,0.005950735292916469,0.4811378684455293,-0.005590222180323224,0.013985954878840346,302,True
INNOVATION,pooled,freight,physical_channel,b,0.75,2,-0.0012312882143916681,0.006589112940223754,0.8519036539813102,-0.01206941453251159,0.009606838103728253,301,True
INNOVATION,pooled,freight,physical_channel,b,0.75,3,0.0011143529297044097,0.005761342676298923,0.8467752198590717,-0.008362212467516176,0.010590918326924995,300,True
INNOVATION,pooled,freight,physical_channel,b,0.75,4,0.007873135342444826,0.005520949705352835,0.15500559728831081,-0.0012080188046214458,0.016954289489511096,299,True
INNOVATION,pooled,freight,physical_channel,b,0.75,5,-0.010352786090479071,0.006085224171282916,0.09003808003188878,-0.020362089139426543,-0.00034348304153159967,298,True
INNOVATION,pooled,freight,physical_channel,b,0.75,6,0.004049613824420817,0.004709780627996672,0.39064801934025223,-0.003697285923685292,0.011796513572526927,297,True
INNOVATION,pooled,freight,physical_channel,b,0.75,7,0.01991050726353194,0.0064002665091789845,0.002066719512020373,0.00938300568245285,0.03043800884461103,296,True
INNOVATION,pooled,freight,physical_channel,b,0.75,8,0.0214304227666684,0.006281053855198479,0.0007450780817769999,0.011099008551867654,0.031761836981469144,295,True
INNOVATION,pooled,freight,physical_channel,b,0.75,9,-0.004115768225765315,0.006668226650664203,0.5376170670905757,-0.015084025017444797,0.0068524885659141666,294,True
INNOVATION,pooled,freight,physical_channel,b,0.75,10,-0.002411820198467751,0.005202838790282423,0.6433445957361719,-0.010969728453107605,0.006146088056172103,293,True
INNOVATION,pooled,freight,physical_channel,b,0.75,11,0.009826838284516137,0.007169648507969132,0.1716587568292186,-0.0019661840677841005,0.021619860636816375,292,True
INNOVATION,pooled,freight,physical_channel,b,0.75,12,0.003651973303799849,0.007153217210363195,0.6101043958846047,-0.008114021969037743,0.015417968576637442,291,True
INNOVATION,pooled,freight,physical_channel,b,0.75,13,-0.0029502719554095336,0.007506570635392761,0.6946204141724054,-0.015297481891002733,0.009396937980183666,290,True
INNOVATION,pooled,freight,physical_channel,b,0.75,14,0.004354062785566271,0.007229415532795583,0.5475170441800729,-0.007537267574291854,0.016245393145424395,289,True
INNOVATION,pooled,freight,physical_channel,b,0.75,15,0.0037867525256647383,0.005827250384557778,0.5163723841749462,-0.005798221404529484,0.01337172645585896,288,True
INNOVATION,pooled,freight,physical_channel,b,0.75,16,-0.004441905769866139,0.005268591091490406,0.39995504791478037,-0.01310796693562835,0.004224155395896071,287,True
INNOVATION,pooled,freight,physical_channel,b,0.75,17,-0.0076853660921401,0.004329111240310153,0.07703125312879198,-0.01480612041724064,-0.0005646117670395591,286,True
INNOVATION,pooled,freight,physical_channel,b,0.75,18,-0.008676312715569345,0.006954138840651725,0.21329586783649,-0.020114853209939443,0.0027622277788007504,285,True
INNOVATION,pooled,freight,physical_channel,b,0.75,19,-0.0015911319383299372,0.0065458354744908,0.8081415971442532,-0.01235807315997374,0.009175809283313865,284,True
INNOVATION,pooled,freight,physical_channel,b,0.75,20,-0.0018917948754157976,0.004984614073354773,0.7046125379621617,-0.010090755412926748,0.006307165662095153,283,True
INNOVATION,pooled,freight,physical_channel,b,0.75,21,0.0012735823860303697,0.006955510387030454,0.8548624199054992,-0.010167214101375312,0.012714378873436051,282,True
INNOVATION,pooled,freight,physical_channel,b,0.75,22,0.007082219266735024,0.005267684788284998,0.18000215838294395,-0.001582351162912653,0.0157467896963827,281,True
INNOVATION,pooled,freight,physical_channel,b,0.75,23,0.005609441882892696,0.005050858947766988,0.2678027059661146,-0.0026984817765621314,0.013917365542347524,280,True
INNOVATION,pooled,freight,physical_channel,b,0.75,24,-0.0025776470688256836,0.005989047965964865,0.667278770791792,-0.01242875433762933,0.007273460199977962,279,False
INNOVATION,pooled,oil,asset_price,b,0.9,0,0.05311637747180953,0.030660371086357645,0.08432152067780839,0.002684554886736107,0.10354820005688295,303,True
INNOVATION,pooled,oil,asset_price,b,0.9,1,0.0005190479451187002,0.02635615711734457,0.9843021193780039,-0.04283297268184837,0.043871068572085774,302,True
INNOVATION,pooled,oil,asset_price,b,0.9,2,0.06034719535972499,0.030428790477430682,0.04834398098103121,0.010296288979176713,0.11039810174027327,301,True
INNOVATION,pooled,oil,asset_price,b,0.9,3,-0.08168865467411024,0.031042076652334154,0.008984950808173743,-0.13274832704380768,-0.030628982304412793,300,True
INNOVATION,pooled,oil,asset_price,b,0.9,4,0.14541282546667844,0.042438558069745745,0.0007064784150884596,0.07560760930306648,0.2152180416302904,299,True
INNOVATION,pooled,oil,asset_price,b,0.9,5,-0.015844023402905805,0.058659977538049905,0.7872901328206927,-0.11233110021325908,0.08064305340744747,298,True
INNOVATION,pooled,oil,asset_price,b,0.9,6,-0.023185690489015087,0.05687378649951012,0.6838408140516021,-0.11673474449119799,0.07036336351316781,297,True
INNOVATION,pooled,oil,asset_price,b,0.9,7,-0.0046564032285232315,0.030033440595371035,0.876905997370576,-0.05405701692165086,0.044744210464604396,296,True
INNOVATION,pooled,oil,asset_price,b,0.9,8,-0.009662890977509164,0.0546841925673721,0.8598752128516692,-0.0996103834588639,0.08028460150384557,295,True
INNOVATION,pooled,oil,asset_price,b,0.9,9,0.014750901468119082,0.027016212767713044,0.5855223046082223,-0.02968681408934639,0.059188617025584554,294,True
INNOVATION,pooled,oil,asset_price,b,0.9,10,0.054580696660650574,0.03324569698768519,0.10183066024674026,-0.00010360861007304573,0.1092650019313742,293,True
INNOVATION,pooled,oil,asset_price,b,0.9,11,-0.05358674268924801,0.05762598565767024,0.3532693262531202,-0.14837305420492042,0.04119956882642441,292,True
INNOVATION,pooled,oil,asset_price,b,0.9,12,0.07197114507266633,0.02937882049922612,0.01494753104496697,0.023647285618957986,0.12029500452637468,291,True
INNOVATION,pooled,oil,asset_price,b,0.9,13,-0.04755553507970944,0.05837318045905375,0.4159946830899726,-0.14357087267447682,0.04845980251505792,290,True
INNOVATION,pooled,oil,asset_price,b,0.9,14,0.04746946163038501,0.05335525438866082,0.3744534185699318,-0.04029212206772219,0.13523104532849223,289,True
INNOVATION,pooled,oil,asset_price,b,0.9,15,-0.02901690840207749,0.039925589830078954,0.46801781419097294,-0.09468865964225967,0.03665484283810469,288,True
INNOVATION,pooled,oil,asset_price,b,0.9,16,-0.02794058923697662,0.0584999230693106,0.6333252652494554,-0.12416439987391427,0.06828322139996103,287,True
INNOVATION,pooled,oil,asset_price,b,0.9,17,-0.0799363818060499,0.03308018159425915,0.016367643083315828,-0.1343484384815804,-0.0255243251305194,286,True
INNOVATION,pooled,oil,asset_price,b,0.9,18,0.05514216182064047,0.028184649512885903,0.05149383502313441,0.008782538845014044,0.1015017847962669,285,True
INNOVATION,pooled,oil,asset_price,b,0.9,19,0.02398027393206803,0.0358858373427419,0.504583833341565,-0.035046675777331567,0.08300722364146762,284,True
INNOVATION,pooled,oil,asset_price,b,0.9,20,0.038148427331179846,0.04899392667524538,0.4369161842704868,-0.042439410659192,0.1187362653215517,283,False
INNOVATION,pooled,oil,asset_price,b,0.9,21,0.015514971257857724,0.030390657873332432,0.6101321454973848,-0.03447321257053444,0.06550315508624989,282,True
INNOVATION,pooled,oil,asset_price,b,0.9,22,-0.03537955376091162,0.05300441147536521,0.5050719106767372,-0.12256405222059431,0.051804944698771074,281,True
INNOVATION,pooled,oil,asset_price,b,0.9,23,-0.01610031904419884,0.02977298666248974,0.5891442237908209,-0.0650725241411729,0.03287188605277522,280,True
INNOVATION,pooled,oil,asset_price,b,0.9,24,0.022124055576114188,0.03142405826899348,0.4820553323050363,-0.029563920641174135,0.07381203179340251,279,True
INNOVATION,pooled,dxy,asset_price,b,0.9,0,-0.0006889718560998404,0.009085099018127908,0.9396052143820213,-0.01563262992728079,0.014254686215081108,303,True
INNOVATION,pooled,dxy,asset_price,b,0.9,1,0.012579743910904995,0.006003081345480251,0.03704001632621553,0.0027055537869070806,0.02245393403490291,302,True
INNOVATION,pooled,dxy,asset_price,b,0.9,2,-0.003257757335980216,0.010962427008707082,0.7665590320762595,-0.02128934516144284,0.014773830489482408,301,True
INNOVATION,pooled,dxy,asset_price,b,0.9,3,0.007111635494602808,0.005919830603378497,0.23067047946597904,-0.002625619344302636,0.016848890333508254,300,True
INNOVATION,pooled,dxy,asset_price,b,0.9,4,-0.011063325492742138,0.005035758278384043,0.028870483869008385,-0.019346410761393033,-0.0027802402240912436,299,True
INNOVATION,pooled,dxy,asset_price,b,0.9,5,0.01502641222884904,0.004734036409335389,0.001676868618004634,0.007239615270833401,0.022813209186864677,298,True
INNOVATION,pooled,dxy,asset_price,b,0.9,6,-0.012246462109104073,0.005307341620181597,0.021788760207330417,-0.020976262222530274,-0.003516661995677869,297,True
INNOVATION,pooled,dxy,asset_price,b,0.9,7,-0.006958178406073046,0.005429197826472465,0.201083044106658,-0.01588841414238333,0.001972057330237238,296,True
INNOVATION,pooled,dxy,asset_price,b,0.9,8,-0.025747077670814633,0.005595122543693513,6.4832249123238e-06,-0.03495023528004686,-0.01654392006158241,295,True
INNOVATION,pooled,dxy,asset_price,b,0.9,9,0.007044957782170513,0.005439035335984337,0.19635400221909585,-0.0019014592173405426,0.01599137478168157,294,True
INNOVATION,pooled,dxy,asset_price,b,0.9,10,-0.0181255167457266,0.006936565949306098,0.009486790189703881,-0.029535152406030815,-0.006715881085422383,293,False
INNOVATION,pooled,dxy,asset_price,b,0.9,11,-0.0033216942590570397,0.007449164852101331,0.6560241387704283,-0.01557448008379534,0.008931091565681261,292,True
INNOVATION,pooled,dxy,asset_price,b,0.9,12,0.006106801054347244,0.005373212373337598,0.25677056690450684,-0.0027313468063176333,0.014944948915012121,291,True
INNOVATION,pooled,dxy,asset_price,b,0.9,13,-0.0037347689198128364,0.006607241677493179,0.5723848063629349,-0.014602714357182422,0.007133176517556749,290,True
INNOVATION,pooled,dxy,asset_price,b,0.9,14,-0.008999451899853739,0.004992461580088932,0.07260329613780846,-0.017211320437278896,-0.0007875833624285816,289,True
INNOVATION,pooled,dxy,asset_price,b,0.9,15,-0.008477172701987001,0.0054967629994824565,0.12423833516728225,-0.017518543258178372,0.0005641978542043711,288,False
INNOVATION,pooled,dxy,asset_price,b,0.9,16,0.0026239848648801356,0.0060669101450480665,0.6657324154683206,-0.007355194291590858,0.01260316402135113,287,True
INNOVATION,pooled,dxy,asset_price,b,0.9,17,-0.003447889861377007,0.007681337626019183,0.6539052430268132,-0.01608256591537347,0.009186786192619457,286,True
INNOVATION,pooled,dxy,asset_price,b,0.9,18,-0.01624246470103685,0.006530739292010376,0.013514816944215094,-0.026984574912174607,-0.005500354489899096,285,True
INNOVATION,pooled,dxy,asset_price,b,0.9,19,-0.005383593463420766,0.004954639997647802,0.2782462228333279,-0.013533251033790588,0.002766064106949056,284,True
INNOVATION,pooled,dxy,asset_price,b,0.9,20,-0.0100517276322587,0.009338378590057969,0.2827706375936487,-0.025411993525961525,0.005308538261444125,283,True
INNOVATION,pooled,dxy,asset_price,b,0.9,21,-0.0022697864140575064,0.0053470542887111335,0.6715657341815644,-0.011064908054350439,0.006525335226235426,282,True
INNOVATION,pooled,dxy,asset_price,b,0.9,22,0.002808650293260939,0.005834788971669802,0.6306747454883982,-0.006788723509286587,0.012406024095808465,281,True
INNOVATION,pooled,dxy,asset_price,b,0.9,23,0.0018202502454109926,0.006217895802206551,0.7699589124089069,-0.008407278216854787,0.012047778707676772,280,True
INNOVATION,pooled,dxy,asset_price,b,0.9,24,-0.018416036556935467,0.006766621802956004,0.006951632090665931,-0.02954613897173656,-0.007285934142134373,279,True
INNOVATION,pooled,vix,asset_price,b,0.9,0,0.09202323551289737,1.330365325168512,0.9449034560019937,-2.0962329947610043,2.280279465786799,303,False
INNOVATION,pooled,vix,asset_price,b,0.9,1,4.819429861738172,2.3831258580743135,0.04411533431993877,0.8995366506027977,8.739323072873546,302,True
INNOVATION,pooled,vix,asset_price,b,0.9,2,-1.9795848243120417,2.9865442768481527,0.5079957389708224,-6.892013010136887,2.932843361512804,301,True
INNOVATION,pooled,vix,asset_price,b,0.9,3,-4.067789093725878,3.311887314217366,0.22041898798690157,-9.515358954570882,1.3797807671191267,300,True
INNOVATION,pooled,vix,asset_price,b,0.9,4,1.7671282505616546,2.297009769157585,0.4423752504441479,-2.0111165993801627,5.545373100503472,299,True
INNOVATION,pooled,vix,asset_price,b,0.9,5,-2.6209862277901266,2.4926791565454285,0.2939812970009476,-6.721078579260211,1.4791061236799576,298,True
INNOVATION,pooled,vix,asset_price,b,0.9,6,-5.335986364167184,3.453529232843194,0.12350199428874167,-11.016536448592248,0.34456372025787996,297,True
INNOVATION,pooled,vix,asset_price,b,0.9,7,-2.0561316805396928,3.89156544243374,0.5976895584992435,-8.45718721304584,4.344923851966454,296,True
INNOVATION,pooled,vix,asset_price,b,0.9,8,-0.6179199405014515,3.5121276302758,0.8604752932243738,-6.39485581147708,5.159015930474177,295,False
INNOVATION,pooled,vix,asset_price,b,0.9,9,-1.3281132833863012,5.161447840580045,0.7971352473906196,-9.817939484285231,7.161712917512629,294,True
INNOVATION,pooled,vix,asset_price,b,0.9,10,-4.303457147180779,4.746985051618298,0.36545971054998017,-12.111552726419557,3.504638432057999,293,True
INNOVATION,pooled,vix,asset_price,b,0.9,11,3.9197738686179946,3.9963350551297423,0.32756858091600893,-2.6536123413254735,10.493160078561463,292,True
INNOVATION,pooled,vix,asset_price,b,0.9,12,-3.0099898650778414,5.617433871662196,0.5925288659377086,-12.249846343041455,6.229866612885772,291,True
INNOVATION,pooled,vix,asset_price,b,0.9,13,-4.698185639164876,6.3161994055975486,0.45764520035707057,-15.087409140010736,5.691037861680984,290,True
INNOVATION,pooled,vix,asset_price,b,0.9,14,-5.331553752330365,6.136219490609128,0.3857185789239591,-15.424736637229104,4.761629132568375,289,True
INNOVATION,pooled,vix,asset_price,b,0.9,15,1.3010573069186648,5.565348299808108,0.8153411113240746,-7.853126029268912,10.455240643106242,288,True
INNOVATION,pooled,vix,asset_price,b,0.9,16,-4.252142885809008,5.25073789961142,0.4187880809145615,-12.888838164156407,4.384552392538392,287,True
INNOVATION,pooled,vix,asset_price,b,0.9,17,-4.3003234448697185,6.585510233625559,0.514339178845914,-15.132523837974757,6.53187694823532,286,True
INNOVATION,pooled,vix,asset_price,b,0.9,18,-5.944538349380309,5.67879695256179,0.2961774654918509,-15.285328113522537,3.3962514147619185,285,True
INNOVATION,pooled,vix,asset_price,b,0.9,19,-4.571079115901284,5.493898197156074,0.40616838692894164,-13.607737491595607,4.465579259793039,284,True
INNOVATION,pooled,vix,asset_price,b,0.9,20,-5.393605790255606,6.365634500636417,0.397622133980304,-15.86414278647484,5.0769312059636285,283,True
INNOVATION,pooled,vix,asset_price,b,0.9,21,-4.61443825236347,5.778629464931933,0.4253060519093238,-14.119437886565406,4.890561381838465,282,True
INNOVATION,pooled,vix,asset_price,b,0.9,22,-8.46264347853139,3.2696249506636894,0.010204097781969883,-13.840697937401588,-3.084589019661193,281,True
INNOVATION,pooled,vix,asset_price,b,0.9,23,-4.620519168674946,6.314469859186578,0.46501019505789026,-15.00689781883374,5.765859481483849,280,False
INNOVATION,pooled,vix,asset_price,b,0.9,24,-7.497234973634477,3.019347990843459,0.013679802516974073,-12.46362046740198,-2.5308494798669727,279,True
INNOVATION,pooled,us10y,asset_price,b,0.9,0,0.12268845837968456,0.07619970915940366,0.10852524701345465,-0.0026489096038078697,0.248025826363177,303,True
INNOVATION,pooled,us10y,asset_price,b,0.9,1,0.1870173733585574,0.12179918902471853,0.12582558670646068,-0.013324464468498831,0.3873592111856136,302,True
INNOVATION,pooled,us10y,asset_price,b,0.9,2,-0.03888717144309339,0.11431749441876271,0.7339914847502627,-0.22692271676179993,0.14914837387561314,301,True
INNOVATION,pooled,us10y,asset_price,b,0.9,3,0.02936147958462243,0.07800517028862086,0.7069098086588098,-0.0989456076855828,0.15766856685482766,300,True
INNOVATION,pooled,us10y,asset_price,b,0.9,4,-0.009854379022726789,0.07569356364647482,0.8965144234168865,-0.134359211723513,0.11465045367805943,299,False
INNOVATION,pooled,us10y,asset_price,b,0.9,5,0.16001574024369347,0.13699683716388691,0.2438270044980864,-0.06532400424620616,0.3853554847335931,298,True
INNOVATION,pooled,us10y,asset_price,b,0.9,6,0.0910363518196391,0.07888289117380917,0.24949589012523846,-0.03871445783201918,0.22078716147129737,297,True
INNOVATION,pooled,us10y,asset_price,b,0.9,7,0.10039272131348298,0.09702270819762614,0.301725802443092,-0.05919543216203671,0.25998087478900267,296,True
INNOVATION,pooled,us10y,asset_price,b,0.9,8,-0.06474912176372527,0.09295843911930583,0.4866976609065112,-0.21765214750486309,0.08815390397741255,295,True
INNOVATION,pooled,us10y,asset_price,b,0.9,9,-0.20036391477231064,0.060981110086410384,0.0011540414241524486,-0.30066891487346975,-0.10005891467115151,294,True
INNOVATION,pooled,us10y,asset_price,b,0.9,10,-0.07677140588361908,0.07571122727058992,0.311506266764147,-0.2013052926605961,0.04776248089335795,293,True
INNOVATION,pooled,us10y,asset_price,b,0.9,11,-0.021109047735421882,0.088940905433045,0.8125787371018919,-0.16740381862131384,0.12518572315047008,292,True
INNOVATION,pooled,us10y,asset_price,b,0.9,12,0.040583552919542853,0.09085733212947807,0.6554784743004347,-0.10886345936876368,0.1900305652078494,291,True
INNOVATION,pooled,us10y,asset_price,b,0.9,13,0.08964963611680332,0.14765245874284874,0.5442662050570113,-0.15321704617467405,0.33251631840828066,290,True
INNOVATION,pooled,us10y,asset_price,b,0.9,14,-0.09310020015178111,0.07687370550480795,0.2269602251682713,-0.2195461934685638,0.03334579316500158,289,True
INNOVATION,pooled,us10y,asset_price,b,0.9,15,-0.08432534735345598,0.07814819036292361,0.2815680511992953,-0.21286768171160497,0.04421698700469301,288,True
INNOVATION,pooled,us10y,asset_price,b,0.9,16,0.05259863020478406,0.09469954402081551,0.5790824348618714,-0.10316825824850495,0.20836551865807307,287,True
INNOVATION,pooled,us10y,asset_price,b,0.9,17,-0.06433083080560209,0.1365468920322973,0.6379486602340863,-0.2889304814138774,0.1602688198026732,286,True
INNOVATION,pooled,us10y,asset_price,b,0.9,18,0.25651464119755474,0.06618669029369643,0.00013507178937230543,0.14764722361205435,0.36538205878305513,285,True
INNOVATION,pooled,us10y,asset_price,b,0.9,19,0.02792299954307964,0.07473925259568702,0.7090070124629442,-0.09501213116457839,0.1508581302507377,284,True
INNOVATION,pooled,us10y,asset_price,b,0.9,20,0.017087003452161298,0.08815533511544577,0.8464645960416735,-0.12791561924760214,0.16208962615192474,283,True
INNOVATION,pooled,us10y,asset_price,b,0.9,21,0.1486292639237945,0.1737714219985739,0.3931829838450447,-0.1371992898110746,0.4344578176586636,282,True
INNOVATION,pooled,us10y,asset_price,b,0.9,22,-0.15019571859514258,0.07932886516754457,0.059455057298528895,-0.2806800901879226,-0.019711347002362573,281,True
INNOVATION,pooled,us10y,asset_price,b,0.9,23,0.020777202959777696,0.06859877025527453,0.7622311018838367,-0.09205773309902138,0.13361213901857677,280,True
INNOVATION,pooled,us10y,asset_price,b,0.9,24,-0.03463698062705589,0.16054845794327713,0.8293643882705831,-0.29871569397652115,0.22944173272240936,279,False
INNOVATION,pooled,ip,real_macro,b,0.9,0,-0.19448338470897397,0.18143605984116826,0.2846996056090034,-0.49291914579850393,0.10395237638055599,303,True
INNOVATION,pooled,ip,real_macro,b,0.9,1,-0.683484762761509,0.2853419993023477,0.017277473927820603,-1.1528305852355603,-0.21413894028745795,302,False
INNOVATION,pooled,ip,real_macro,b,0.9,2,-0.373230117620551,0.18104203079580194,0.04019569772169016,-0.671017758605686,-0.07544247663541609,301,True
INNOVATION,pooled,ip,real_macro,b,0.9,3,0.4109100454070358,0.24420789308345306,0.09359540978116254,0.009223806738540674,0.812596284075531,300,True
INNOVATION,pooled,ip,real_macro,b,0.9,4,-0.34982187798800624,0.20744962811038445,0.0928892734347716,-0.6910461511951062,-0.00859760478090632,299,True
INNOVATION,pooled,ip,real_macro,b,0.9,5,0.045913518144516274,0.21820218310839976,0.8335006822005423,-0.3129971341500643,0.40482417043909685,298,False
INNOVATION,pooled,ip,real_macro,b,0.9,6,0.0024429117171393955,0.29409199646085354,0.9933785058905175,-0.4812953753188951,0.4861811987531739,297,True
INNOVATION,pooled,ip,real_macro,b,0.9,7,0.0877890342834462,0.19609081613110893,0.6547344164801537,-0.23475165584168256,0.41032972440857496,296,True
INNOVATION,pooled,ip,real_macro,b,0.9,8,-0.10024648728449392,0.3441576704534994,0.7710628017776029,-0.6663354797731019,0.4658425052041141,295,True
INNOVATION,pooled,ip,real_macro,b,0.9,9,0.03072502391296439,0.13492971767192236,0.8200456031195994,-0.19121461158323524,0.25266465940916405,294,True
INNOVATION,pooled,ip,real_macro,b,0.9,10,-0.05218262139533181,0.20601178393117994,0.8002334027159179,-0.39104185138927616,0.28667660859861255,293,True
INNOVATION,pooled,ip,real_macro,b,0.9,11,0.14703395594688118,0.16636038157146232,0.3775932560985161,-0.12660452106196945,0.4206724329557318,292,True
INNOVATION,pooled,ip,real_macro,b,0.9,12,-0.4568317180091981,0.23077466827137372,0.04879585652271831,-0.83642226812389,-0.07724116789450619,291,False
INNOVATION,pooled,ip,real_macro,b,0.9,13,0.27443956428214733,0.23879453778390292,0.25149243816205336,-0.11834249728790575,0.6672216258522004,290,True
INNOVATION,pooled,ip,real_macro,b,0.9,14,-0.026039474956633057,0.17498282519041858,0.8818172062804244,-0.3138606096253085,0.26178165971204237,289,True
INNOVATION,pooled,ip,real_macro,b,0.9,15,0.14844937524139823,0.208037171564324,0.476132273766178,-0.19374132094690577,0.49064007142970223,288,True
INNOVATION,pooled,ip,real_macro,b,0.9,16,0.21253081941813434,0.17138329087881676,0.21606416575188217,-0.06936960818276655,0.49443124701903524,287,True
INNOVATION,pooled,ip,real_macro,b,0.9,17,-0.4890577200490043,0.35026343277238514,0.16383730960108311,-1.0651897978331353,0.08707435773512662,286,True
INNOVATION,pooled,ip,real_macro,b,0.9,18,0.013900111016482697,0.20200720611284442,0.9451943839264713,-0.31837217462856304,0.34617239666152844,285,True
INNOVATION,pooled,ip,real_macro,b,0.9,19,-0.5509700184737767,0.3796065104701764,0.14788614377124992,-1.1753671640350385,0.073427127087485,284,True
INNOVATION,pooled,ip,real_macro,b,0.9,20,-0.3697926712488879,0.25724507437612526,0.15179875480963995,-0.7929231648518588,0.05333782235408291,283,True
INNOVATION,pooled,ip,real_macro,b,0.9,21,0.19767572563614522,0.17021477375645622,0.24659743716882926,-0.08230266233788608,0.4776541136101765,282,True
INNOVATION,pooled,ip,real_macro,b,0.9,22,-0.0722907160725299,0.2039147432215936,0.7232487131033672,-0.40770062104944627,0.26311918890438646,281,True
INNOVATION,pooled,ip,real_macro,b,0.9,23,0.2581205409728682,0.19133487576609406,0.17853144260514545,-0.05659732339330098,0.5728384053390374,280,True
INNOVATION,pooled,ip,real_macro,b,0.9,24,-0.0707170734626743,0.312619131183632,0.8212234365383378,-0.5849297852444895,0.44349563831914085,279,True
INNOVATION,pooled,cpi,real_macro,b,0.9,0,-0.09101122397146355,0.06120097287054565,0.13813725346263636,-0.19167786617053922,0.009655418227612109,303,True
INNOVATION,pooled,cpi,real_macro,b,0.9,1,0.29991616085101214,0.08758106356589114,0.0007103664961893753,0.15585813079238867,0.44397419090963564,302,True
INNOVATION,pooled,cpi,real_macro,b,0.9,2,-0.24578898592926635,0.09116647949448267,0.00745270960482814,-0.3957445003821632,-0.0958334714763695,301,True
INNOVATION,pooled,cpi,real_macro,b,0.9,3,-0.20533882051131513,0.10251110464004358,0.046159847967396944,-0.3739545827812927,-0.036723058241337564,300,True
INNOVATION,pooled,cpi,real_macro,b,0.9,4,-0.04582782487523218,0.1503595338801785,0.76076133980491,-0.29314724952477655,0.2014915997743122,299,True
INNOVATION,pooled,cpi,real_macro,b,0.9,5,-0.027269465244899038,0.09468186141194442,0.7735588898954932,-0.18300726839485246,0.12846833790505438,298,False
INNOVATION,pooled,cpi,real_macro,b,0.9,6,-0.04206510754397641,0.14921566864443161,0.7782307262475696,-0.28750304131175886,0.203372826223806,297,True
INNOVATION,pooled,cpi,real_macro,b,0.9,7,-0.22837693507153745,0.1419757369211604,0.10888924630354356,-0.46190624088541615,0.005152370742341261,296,False
INNOVATION,pooled,cpi,real_macro,b,0.9,8,-0.2480826416722266,0.08530550886130475,0.003941194425300622,-0.3883977173216847,-0.10776756602276852,295,True
INNOVATION,pooled,cpi,real_macro,b,0.9,9,-0.08916425537313444,0.08657137990014566,0.3039687257240783,-0.2315615035920828,0.053232992845813926,294,True
INNOVATION,pooled,cpi,real_macro,b,0.9,10,-0.16103824327365146,0.16252575935545577,0.3226639017707869,-0.42836932802251504,0.10629284147521212,293,True
INNOVATION,pooled,cpi,real_macro,b,0.9,11,-0.15949517090120935,0.09787349548356547,0.10437749421700843,-0.3204827449297706,0.0014924031273518545,292,True
INNOVATION,pooled,cpi,real_macro,b,0.9,12,-0.19888407737880698,0.08835660094409283,0.025216450079846367,-0.3442177529068019,-0.05355040185081203,291,True
INNOVATION,pooled,cpi,real_macro,b,0.9,13,-0.2503470041717719,0.09985721894562902,0.012780282015892581,-0.41459751293177705,-0.08609649541176675,290,True
INNOVATION,pooled,cpi,real_macro,b,0.9,14,-0.09936740347257,0.09383296874128988,0.2905871430066021,-0.2537089024343048,0.054974095489164765,289,False
INNOVATION,pooled,cpi,real_macro,b,0.9,15,-0.004273862297452524,0.16457604647016655,0.9793020481399197,-0.27497736924324,0.26642964464833496,288,True
INNOVATION,pooled,cpi,real_macro,b,0.9,16,0.0868534525055793,0.18078112134621593,0.6313241429215728,-0.21050503062509818,0.3842119356362568,287,True
INNOVATION,pooled,cpi,real_macro,b,0.9,17,-0.2946250547929594,0.16331816609758373,0.07239848515726838,-0.563259532645633,-0.025990576940285837,286,True
INNOVATION,pooled,cpi,real_macro,b,0.9,18,-0.3685274672407104,0.10773662663687524,0.0007265630105041438,-0.5457384483198913,-0.19131648616152958,285,True
INNOVATION,pooled,cpi,real_macro,b,0.9,19,-0.11427250189080951,0.09828027977368967,0.24602561905055642,-0.2759291765343684,0.047384172752749365,284,True
INNOVATION,pooled,cpi,real_macro,b,0.9,20,0.07562972303844617,0.09795445972341356,0.4407756920054141,-0.08549102531368252,0.23675047139057487,283,True
INNOVATION,pooled,cpi,real_macro,b,0.9,21,-0.06530691788066179,0.1271109284737847,0.6078532076707085,-0.2743857896059357,0.1437719538446121,282,False
INNOVATION,pooled,cpi,real_macro,b,0.9,22,-0.020811098802369088,0.17673042173427797,0.9063542855683859,-0.3115067739846595,0.2698845763799213,281,False
INNOVATION,pooled,cpi,real_macro,b,0.9,23,0.061739425094962996,0.08256717906033681,0.45530950605962006,-0.07407149884958364,0.19755034903950963,280,True
INNOVATION,pooled,cpi,real_macro,b,0.9,24,-0.1534038905519992,0.11542003769428394,0.18502435497608238,-0.3432529581763178,0.03644517707231937,279,False
INNOVATION,pooled,infl_exp,real_macro,b,0.9,0,0.055017453956224927,0.12233408784870924,0.6532585619415946,-0.14620421414152449,0.25623912205397437,303,True
INNOVATION,pooled,infl_exp,real_macro,b,0.9,1,-0.020045645933350897,0.12181919424828601,0.8694175924873891,-0.22042038942495007,0.18032909755824827,302,True
INNOVATION,pooled,infl_exp,real_macro,b,0.9,2,0.23270054176828125,0.2001486295624651,0.2459914325707439,-0.09651465749690613,0.5619157410334686,301,True
INNOVATION,pooled,infl_exp,real_macro,b,0.9,3,0.28119055562387985,0.0987030390267929,0.0047229282764445655,0.11883850388952685,0.4435426073582328,300,True
INNOVATION,pooled,infl_exp,real_macro,b,0.9,4,-0.260769041848107,0.12631603520352094,0.0399296525913315,-0.46854043049474825,-0.05299765320146574,299,True
INNOVATION,pooled,infl_exp,real_macro,b,0.9,5,-0.015346116221223838,0.20961383938774739,0.9416921255143098,-0.3601302001973835,0.32943796775493583,298,True
INNOVATION,pooled,infl_exp,real_macro,b,0.9,6,0.0007648393391264108,0.11178646270579777,0.9945460136618959,-0.18310752928658053,0.18463720796483335,297,True
INNOVATION,pooled,infl_exp,real_macro,b,0.9,7,-0.1970400121217466,0.19224503141566945,0.30631477091533554,-0.5132549493092102,0.11917492506571703,296,True
INNOVATION,pooled,infl_exp,real_macro,b,0.9,8,0.006955786237540451,0.18949796100532715,0.9707465411063736,-0.30474062222198056,0.31865219469706146,295,True
INNOVATION,pooled,infl_exp,real_macro,b,0.9,9,-0.015531445075794181,0.10294086531371834,0.8801868198657077,-0.1848541007485868,0.15379121059699843,294,True
INNOVATION,pooled,infl_exp,real_macro,b,0.9,10,-0.36293930787269346,0.24305642704627853,0.13656645583609722,-0.7627315534536305,0.03685293770824366,293,True
INNOVATION,pooled,infl_exp,real_macro,b,0.9,11,0.048289257118085516,0.1229938348627027,0.6949204721391057,-0.15401759824850145,0.2505961124846725,292,True
INNOVATION,pooled,infl_exp,real_macro,b,0.9,12,-0.03214127498313246,0.10588480675103037,0.7617111622464474,-0.2063062834066205,0.14202373344035557,291,True
INNOVATION,pooled,infl_exp,real_macro,b,0.9,13,-0.12352772870599438,0.10892742969335865,0.2578155979011507,-0.30269740651161686,0.05564194909962811,290,True
INNOVATION,pooled,infl_exp,real_macro,b,0.9,14,-0.022665575720118625,0.1472284813702651,0.8777694606425048,-0.2648348772925564,0.21950372585231917,289,True
INNOVATION,pooled,infl_exp,real_macro,b,0.9,15,0.3524496349500623,0.12583988911815408,0.005480813185499234,0.1454614369188955,0.5594378329812292,288,True
INNOVATION,pooled,infl_exp,real_macro,b,0.9,16,-0.1328734170415764,0.2357080796367604,0.57343229440856,-0.5205787067338682,0.2548318726507154,287,True
INNOVATION,pooled,infl_exp,real_macro,b,0.9,17,0.14973911994331957,0.22119037715432177,0.4990318801055207,-0.21408667416573063,0.5135649140523697,286,True
INNOVATION,pooled,infl_exp,real_macro,b,0.9,18,-0.21806538742566772,0.10304092998643512,0.03528097008177881,-0.38755263483830826,-0.04857814001302721,285,True
INNOVATION,pooled,infl_exp,real_macro,b,0.9,19,-0.07139595661533349,0.1260675373285504,0.5716649125416426,-0.2787586026310397,0.13596668940037274,284,True
INNOVATION,pooled,infl_exp,real_macro,b,0.9,20,0.25928456152246326,0.09819157758690049,0.008786641839594342,0.09777378899256312,0.4207953340523634,283,True
INNOVATION,pooled,infl_exp,real_macro,b,0.9,21,-0.09286879000592307,0.1045431892715014,0.37520403414999187,-0.2648270340522264,0.07908945404038023,282,True
INNOVATION,pooled,infl_exp,real_macro,b,0.9,22,0.06067202705730779,0.20826669570090645,0.7710461217182606,-0.28189620273952676,0.40324025685414233,281,True
INNOVATION,pooled,infl_exp,real_macro,b,0.9,23,0.020671788558274784,0.103096520329286,0.8412441822040463,-0.14890689683142747,0.19025047394797703,280,True
INNOVATION,pooled,infl_exp,real_macro,b,0.9,24,-0.3678600713647029,0.10578578383027096,0.0005965589668451987,-0.5418622015778285,-0.1938579411515773,279,True
INNOVATION,pooled,freight,physical_channel,b,0.9,0,0.04820451294119721,0.007727195785554085,1.6638173764213556e-09,0.03549440692716444,0.060914618955229975,303,False
INNOVATION,pooled,freight,physical_channel,b,0.9,1,0.03983094921555619,0.007968819679274854,1.0327740056020578e-06,0.026723407263578677,0.0529384911675337,302,True
INNOVATION,pooled,freight,physical_channel,b,0.9,2,0.010160627279653056,0.00556097435521814,0.0687718000407761,0.0010136384420883736,0.01930761611721774,301,True
INNOVATION,pooled,freight,physical_channel,b,0.9,3,0.00706644712522575,0.007980364900107426,0.37668036106500435,-0.0060600850251121725,0.020192979275563672,300,False
INNOVATION,pooled,freight,physical_channel,b,0.9,4,0.009920815874124855,0.00790347161738297,0.21047010522612986,-0.0030792380812355406,0.02292086982948525,299,True
INNOVATION,pooled,freight,physical_channel,b,0.9,5,-0.018342882060807142,0.007282533996016521,0.012355439379584736,-0.030321584517552312,-0.00636417960406197,298,True
INNOVATION,pooled,freight,physical_channel,b,0.9,6,-0.005599054638423695,0.005922232190766051,0.34528793998741275,-0.015340259737053996,0.004142150460206606,297,False
INNOVATION,pooled,freight,physical_channel,b,0.9,7,0.018353414346023555,0.0077464959806085735,0.018533054969532357,0.005611562336154542,0.03109526635589257,296,True
INNOVATION,pooled,freight,physical_channel,b,0.9,8,0.0020355705656243117,0.013883019341691722,0.8835402085359856,-0.020799964151594758,0.02487110528284338,295,True
INNOVATION,pooled,freight,physical_channel,b,0.9,9,-0.016594847921183487,0.015578192281161606,0.2877236080909936,-0.04221869399619958,0.00902899815383261,294,True
INNOVATION,pooled,freight,physical_channel,b,0.9,10,0.012532246538512481,0.0066675668587196976,0.06126208898269812,0.0015650750080059526,0.02349941806901901,293,True
INNOVATION,pooled,freight,physical_channel,b,0.9,11,0.014434508452623618,0.009843432363778467,0.14372672403153283,-0.0017564969725888946,0.03062551387783613,292,True
INNOVATION,pooled,freight,physical_channel,b,0.9,12,-0.0004115743693651197,0.017532286950187975,0.9812890022216842,-0.029249620148135775,0.028426471409405536,291,True
INNOVATION,pooled,freight,physical_channel,b,0.9,13,-0.004965619657809839,0.01647972104893955,0.7634118040250673,-0.032072348596306574,0.0221411092806869,290,False
INNOVATION,pooled,freight,physical_channel,b,0.9,14,0.014166640581947831,0.010717667310449111,0.18739124593488798,-0.0034623533661036175,0.031795634529999284,289,True
INNOVATION,pooled,freight,physical_channel,b,0.9,15,0.0014184470014413364,0.010131152751254074,0.8887617117026263,-0.015245816346658312,0.018082710349540985,288,True
INNOVATION,pooled,freight,physical_channel,b,0.9,16,-0.010459261002893072,0.0072297581236542546,0.14919127187948555,-0.022351154874567642,0.0014326328687814978,287,True
INNOVATION,pooled,freight,physical_channel,b,0.9,17,-0.006399440213439078,0.013890648990550486,0.6454010009302467,-0.02924752458625585,0.016448644159377693,286,True
INNOVATION,pooled,freight,physical_channel,b,0.9,18,0.010384715989857796,0.006750018132977834,0.1251634462277978,-0.0007180758181589992,0.02148750779787459,285,True
INNOVATION,pooled,freight,physical_channel,b,0.9,19,0.029285933511115303,0.012481899395913038,0.01972545146568127,0.008755036018504352,0.049816831003726254,284,True
INNOVATION,pooled,freight,physical_channel,b,0.9,20,-0.007942777677612867,0.006160284945739865,0.1984439111090972,-0.018075544713667638,0.0021899893584419027,283,True
INNOVATION,pooled,freight,physical_channel,b,0.9,21,-0.0017512450584327155,0.012182700569922138,0.8858130429502465,-0.021790004276932912,0.01828751416006748,282,True
INNOVATION,pooled,freight,physical_channel,b,0.9,22,-0.0017040141196957848,0.012761379053536656,0.8938811849764811,-0.022694614740808097,0.019286586501416528,281,True
INNOVATION,pooled,freight,physical_channel,b,0.9,23,-0.006294440604027507,0.009286505775026418,0.4985171485747464,-0.021569383309785504,0.00898050210173049,280,True
INNOVATION,pooled,freight,physical_channel,b,0.9,24,-0.005688710420258758,0.014036289685555195,0.685612586576232,-0.028776352418485758,0.017398931577968242,279,True
LEVEL_PLUS_JUMP,pooled,oil,asset_price,a,0.1,0,-0.01716905067616603,0.004087707097570227,3.5565913429381025e-05,-0.023892730521519696,-0.010445370830812368,303,True
LEVEL_PLUS_JUMP,pooled,oil,asset_price,a,0.1,1,0.004716183492386561,0.004256904718843934,0.26883358325915185,-0.0022858016739907205,0.011718168658763843,302,False
LEVEL_PLUS_JUMP,pooled,oil,asset_price,a,0.1,2,-0.011338278863573414,0.004958237805867998,0.02293823442671824,-0.0194938543018433,-0.0031827034253035288,301,True
LEVEL_PLUS_JUMP,pooled,oil,asset_price,a,0.1,3,0.002624204584664447,0.01623358663916296,0.8716934213327571,-0.02407766927719371,0.029326078446522602,300,True
LEVEL_PLUS_JUMP,pooled,oil,asset_price,a,0.1,4,-0.0025619330118509254,0.0058020710701464865,0.6591461360304145,-0.012105490655411583,0.006981624631709732,299,True
LEVEL_PLUS_JUMP,pooled,oil,asset_price,a,0.1,5,-0.0031282944453520645,0.004808834579085848,0.5158754116435095,-0.011038123444171079,0.00478153455346695,298,True
LEVEL_PLUS_JUMP,pooled,oil,asset_price,a,0.1,6,0.003595490148501773,0.0032836269164365746,0.27445850923113385,-0.0018055954945544054,0.00899657579155795,297,True
LEVEL_PLUS_JUMP,pooled,oil,asset_price,a,0.1,7,-0.0016093650538451243,0.004555173761259249,0.724123863302981,-0.00910195913644658,0.005883229028756332,296,True
LEVEL_PLUS_JUMP,pooled,oil,asset_price,a,0.1,8,0.00960200316214943,0.015677104074012155,0.5407117325961674,-0.016184538334085164,0.03538854465838402,295,True
LEVEL_PLUS_JUMP,pooled,oil,asset_price,a,0.1,9,0.005409223658487686,0.01404503342379137,0.7004303369665487,-0.017692800509290202,0.028511247826265573,294,True
LEVEL_PLUS_JUMP,pooled,oil,asset_price,a,0.1,10,0.008815711321879055,0.01521559249426957,0.5627958174178733,-0.016211711178535843,0.03384313382229395,293,True
LEVEL_PLUS_JUMP,pooled,oil,asset_price,a,0.1,11,-0.0023978368064304922,0.0027701575628976795,0.3874582186935133,-0.006954340520989791,0.0021586669081288066,292,True
LEVEL_PLUS_JUMP,pooled,oil,asset_price,a,0.1,12,-0.00035524507628934,0.015725092132865406,0.9819928121184409,-0.026220719905179064,0.025510229752600384,291,True
LEVEL_PLUS_JUMP,pooled,oil,asset_price,a,0.1,13,0.005405357604336539,0.015660835325480325,0.730243522398334,-0.020354424181869512,0.03116513939054259,290,True
LEVEL_PLUS_JUMP,pooled,oil,asset_price,a,0.1,14,0.007409349461645398,0.0038581914342162736,0.055838909553995626,0.0010631892876016577,0.01375550963568914,289,True
LEVEL_PLUS_JUMP,pooled,oil,asset_price,a,0.1,15,0.005578814267239163,0.0031105065704273615,0.07398944582392131,0.0004624862532153322,0.010695142281262993,288,True
LEVEL_PLUS_JUMP,pooled,oil,asset_price,a,0.1,16,0.00793884258300287,0.0030225036350685743,0.009111990658396827,0.002967266516386316,0.012910418649619424,287,True
LEVEL_PLUS_JUMP,pooled,oil,asset_price,a,0.1,17,-0.004491909874315397,0.014056760348363454,0.7495508909008941,-0.027613223116508663,0.01862940336787787,286,True
LEVEL_PLUS_JUMP,pooled,oil,asset_price,a,0.1,18,-0.0024207001042695353,0.014826729324529005,0.8704307244100772,-0.02680849960954882,0.02196709940100975,285,False
LEVEL_PLUS_JUMP,pooled,oil,asset_price,a,0.1,19,0.0008801256554735598,0.00523991071083863,0.8667359494098646,-0.007738760482151228,0.009499011793098347,284,True
LEVEL_PLUS_JUMP,pooled,oil,asset_price,a,0.1,20,0.00365519370180023,0.005549498852566324,0.5106820189656547,-0.005472919613606521,0.012783307017206981,283,True
LEVEL_PLUS_JUMP,pooled,oil,asset_price,a,0.1,21,0.006689231329421575,0.015062364115231451,0.6573269612006946,-0.018086152915980577,0.03146461557482373,282,True
LEVEL_PLUS_JUMP,pooled,oil,asset_price,a,0.1,22,0.009509076086259689,0.014751256874243682,0.5197216060517718,-0.014754582285432867,0.033772734457952244,281,True
LEVEL_PLUS_JUMP,pooled,oil,asset_price,a,0.1,23,0.0005412609394823895,0.015516543185914113,0.9721993337576849,-0.02498118139761759,0.02606370327658237,280,True
LEVEL_PLUS_JUMP,pooled,oil,asset_price,a,0.1,24,0.008028025646245857,0.014757123392287607,0.586891857242973,-0.01624528228892883,0.03230133358142054,279,True
LEVEL_PLUS_JUMP,pooled,dxy,asset_price,a,0.1,0,-0.00011769621449803092,0.0007230449882584134,0.8708065583123143,-0.0013069993858839668,0.001071606956887905,303,True
LEVEL_PLUS_JUMP,pooled,dxy,asset_price,a,0.1,1,8.538424494698021e-05,0.0007975397428032793,0.9148162769755059,-0.001226451893640938,0.0013972203835348985,302,True
LEVEL_PLUS_JUMP,pooled,dxy,asset_price,a,0.1,2,0.0015893082152511132,0.0006024704169593019,0.008794973361082106,0.0005983325647846397,0.0025802838657175866,301,True
LEVEL_PLUS_JUMP,pooled,dxy,asset_price,a,0.1,3,0.0017356738460351866,0.0005043454910060273,0.0006649891032884356,0.0009060993359173015,0.002565248356153072,300,True
LEVEL_PLUS_JUMP,pooled,dxy,asset_price,a,0.1,4,0.0009744841386036818,0.0024940545784407093,0.6962940032012588,-0.003127870580559444,0.005076838857766807,299,True
LEVEL_PLUS_JUMP,pooled,dxy,asset_price,a,0.1,5,0.00045566171756404594,0.0004742759210392657,0.33749393770658376,-0.00032445275133314026,0.0012357761864612322,298,True
LEVEL_PLUS_JUMP,pooled,dxy,asset_price,a,0.1,6,-0.0003536189707455256,0.0027001355102444983,0.8958972963025199,-0.004794946658031653,0.004087708716540602,297,True
LEVEL_PLUS_JUMP,pooled,dxy,asset_price,a,0.1,7,-0.001965395887480105,0.0007962866802904317,0.014172805966535328,-0.003275170921648969,-0.0006556208533112411,296,True
LEVEL_PLUS_JUMP,pooled,dxy,asset_price,a,0.1,8,-0.001960444600970064,0.0008283300844832228,0.018623470639236965,-0.0033229263447453125,-0.0005979628571948156,295,True
LEVEL_PLUS_JUMP,pooled,dxy,asset_price,a,0.1,9,-0.00048750798208934895,0.0008120593329126803,0.5487682929741704,-0.0018232267211305642,0.0008482107569518663,294,True
LEVEL_PLUS_JUMP,pooled,dxy,asset_price,a,0.1,10,0.0010747996110353937,0.0007421374684769359,0.14867036293764666,-0.00014590789568547807,0.0022955071177562653,293,True
LEVEL_PLUS_JUMP,pooled,dxy,asset_price,a,0.1,11,0.00044006995457586406,0.0007949599187105609,0.580314667031489,-0.0008675227509962495,0.0017476626601479776,292,True
LEVEL_PLUS_JUMP,pooled,dxy,asset_price,a,0.1,12,0.0006845717010967034,0.00237640346499234,0.7735082070571387,-0.003224264157395992,0.004593407559589399,291,True
LEVEL_PLUS_JUMP,pooled,dxy,asset_price,a,0.1,13,0.0005237296672122582,0.0005263331114510423,0.32058175728363575,-0.00034201126014264216,0.0013894705945671586,290,True
LEVEL_PLUS_JUMP,pooled,dxy,asset_price,a,0.1,14,-0.0005656349946919765,0.0024112666584564387,0.8147092749816854,-0.004531815703401207,0.0034005457140172534,289,True
LEVEL_PLUS_JUMP,pooled,dxy,asset_price,a,0.1,15,0.0003300432374143472,0.0022562362248711404,0.883807565811599,-0.0033811351003242454,0.00404122157515294,288,True
LEVEL_PLUS_JUMP,pooled,dxy,asset_price,a,0.1,16,0.0007142349603905945,0.002385744493024714,0.7648808615021537,-0.0032099655219406074,0.0046384354427217965,287,True
LEVEL_PLUS_JUMP,pooled,dxy,asset_price,a,0.1,17,0.0005641283320859322,0.0022021513875197817,0.7980120821472946,-0.0030580883647721977,0.004186345028944062,286,True
LEVEL_PLUS_JUMP,pooled,dxy,asset_price,a,0.1,18,-7.675998207393609e-05,0.0004374070310437487,0.8608267163904115,-0.0007962305235403213,0.0006427105593924491,285,True
LEVEL_PLUS_JUMP,pooled,dxy,asset_price,a,0.1,19,-0.0008166173413783964,0.000661609833084926,0.21816866007140778,-0.001904868674954895,0.0002716339921981022,284,True
LEVEL_PLUS_JUMP,pooled,dxy,asset_price,a,0.1,20,-0.0010292773723700145,0.0006508136506367161,0.11493332369030487,-0.0020997705660893455,4.1215821349316296e-05,283,True
LEVEL_PLUS_JUMP,pooled,dxy,asset_price,a,0.1,21,0.0009319489998114577,0.0006280074571499838,0.1389899864150604,-0.00010103134383426435,0.00196492934345718,282,True
LEVEL_PLUS_JUMP,pooled,dxy,asset_price,a,0.1,22,0.0010216774657277328,0.002324979556484138,0.6607017903921835,-0.0028025735903432266,0.004845928521798692,281,True
LEVEL_PLUS_JUMP,pooled,dxy,asset_price,a,0.1,23,-0.0009989255574727794,0.0022940537436346585,0.6635953146654783,-0.00477230817811185,0.0027744570631662918,280,True
LEVEL_PLUS_JUMP,pooled,dxy,asset_price,a,0.1,24,0.00011661583179372464,0.0022489727542405937,0.9586849430483926,-0.003582615159933958,0.0038158468235214072,279,True
LEVEL_PLUS_JUMP,pooled,vix,asset_price,a,0.1,0,-0.019409052311857522,0.06222615360214434,0.755332697919552,-0.12176196675558405,0.08294386213186901,303,True
LEVEL_PLUS_JUMP,pooled,vix,asset_price,a,0.1,1,-0.17423626877098286,0.08160695552007316,0.033599409155926074,-0.30846776554264266,-0.04000477199932306,302,True
LEVEL_PLUS_JUMP,pooled,vix,asset_price,a,0.1,2,-0.05822174154309323,0.06540156601104698,0.3740937203105137,-0.16579774460466998,0.049354261518483517,301,True
LEVEL_PLUS_JUMP,pooled,vix,asset_price,a,0.1,3,0.1673244390814297,0.34075149050320547,0.6237709447616254,-0.39316188596188795,0.7278107641247473,300,True
LEVEL_PLUS_JUMP,pooled,vix,asset_price,a,0.1,4,0.2000433256616816,0.06878324401881326,0.003919719420104464,0.08690495726384843,0.31318169405951474,299,False
LEVEL_PLUS_JUMP,pooled,vix,asset_price,a,0.1,5,0.058238211955988106,0.37919305302731265,0.8780463562487437,-0.565478856630789,0.6819552805427652,298,True
LEVEL_PLUS_JUMP,pooled,vix,asset_price,a,0.1,6,0.2778473665859451,0.38890195791117205,0.4755436233326282,-0.361839429412775,0.9175341625846652,297,True
LEVEL_PLUS_JUMP,pooled,vix,asset_price,a,0.1,7,-0.2844959614490463,0.0986371673297608,0.0042257613058440556,-0.44673966388362263,-0.12225225901447001,296,True
LEVEL_PLUS_JUMP,pooled,vix,asset_price,a,0.1,8,0.4186246850920554,0.08996065329266723,5.035773111627052e-06,0.27065257824068784,0.5665967919434229,295,True
LEVEL_PLUS_JUMP,pooled,vix,asset_price,a,0.1,9,0.12300197208878672,0.10822415866329557,0.2566989771270364,-0.0550109278123066,0.30101487198988003,294,True
LEVEL_PLUS_JUMP,pooled,vix,asset_price,a,0.1,10,0.10923634307795282,0.08494498916703365,0.19952125329896722,-0.030485730444795994,0.24895841660070164,293,True
LEVEL_PLUS_JUMP,pooled,vix,asset_price,a,0.1,11,0.3739877655893906,0.13230548362371436,0.005044456119037437,0.15636461098535545,0.5916109201934258,292,True
LEVEL_PLUS_JUMP,pooled,vix,asset_price,a,0.1,12,0.3091151149050475,0.16569117259131644,0.06315293382715499,0.03657738871437832,0.5816528410957167,291,True
LEVEL_PLUS_JUMP,pooled,vix,asset_price,a,0.1,13,0.3033663889937763,0.1369279363516285,0.02754068065473602,0.07813997625481986,0.5285928017327328,290,True
LEVEL_PLUS_JUMP,pooled,vix,asset_price,a,0.1,14,0.12190666669914663,0.12291939626629882,0.32218593848358046,-0.08027774807216023,0.3240910814704535,289,True
LEVEL_PLUS_JUMP,pooled,vix,asset_price,a,0.1,15,-0.1738200203632232,0.1424774710591751,0.22352051432030534,-0.4081746053937808,0.060534564667334395,288,True
LEVEL_PLUS_JUMP,pooled,vix,asset_price,a,0.1,16,-0.2105267387749734,0.11819261789173602,0.07598869369191112,-0.40493629499308487,-0.016117182556861953,287,True
LEVEL_PLUS_JUMP,pooled,vix,asset_price,a,0.1,17,-0.5919678022416406,0.11562526095517568,5.797090994666712e-07,-0.7821544320909717,-0.4017811723923094,286,True
LEVEL_PLUS_JUMP,pooled,vix,asset_price,a,0.1,18,-0.22974259627503102,0.12217067122333541,0.061111607250689114,-0.4306954679438301,-0.028789724606231915,285,True
LEVEL_PLUS_JUMP,pooled,vix,asset_price,a,0.1,19,-0.7363654080307924,0.12129403970941961,4.2954348566203915e-09,-0.9358763491744272,-0.5368544668871577,284,True
LEVEL_PLUS_JUMP,pooled,vix,asset_price,a,0.1,20,-0.6612415565972469,0.12104422913172823,1.0672807686245977e-07,-0.8603415959061151,-0.4621415172883787,283,True
LEVEL_PLUS_JUMP,pooled,vix,asset_price,a,0.1,21,-0.7549824021600671,0.11474044362612348,2.4622350098361425e-10,-0.9437136370165172,-0.5662511673036169,282,True
LEVEL_PLUS_JUMP,pooled,vix,asset_price,a,0.1,22,-0.5471967264261366,0.14325784550360263,0.00016624177696798514,-0.782834913191991,-0.31155853966028213,281,True
LEVEL_PLUS_JUMP,pooled,vix,asset_price,a,0.1,23,-0.3768804076341894,0.11409456811336197,0.0010868424269407382,-0.5645492718109146,-0.1892115434574642,280,True
LEVEL_PLUS_JUMP,pooled,vix,asset_price,a,0.1,24,-0.21479828786095823,0.1381235378167282,0.12111159742395594,-0.44199129000617243,0.012394714284255981,279,True
LEVEL_PLUS_JUMP,pooled,us10y,asset_price,a,0.1,0,-0.0032090234813821894,0.03777074179657849,0.9323515691822061,-0.06533636511813187,0.0589183181553675,303,True
LEVEL_PLUS_JUMP,pooled,us10y,asset_price,a,0.1,1,-0.005872252605270134,0.007135536432285655,0.41121230287823624,-0.01760916558615956,0.005864660375619293,302,True
LEVEL_PLUS_JUMP,pooled,us10y,asset_price,a,0.1,2,0.02592218214979214,0.03674956403769384,0.4811496969907012,-0.03452547154649396,0.08636983584607824,301,True
LEVEL_PLUS_JUMP,pooled,us10y,asset_price,a,0.1,3,0.002409582779934638,0.01142102955713592,0.8330549021393939,-0.016376339110640348,0.021195504670509624,300,True
LEVEL_PLUS_JUMP,pooled,us10y,asset_price,a,0.1,4,0.001685431463188003,0.03796456231585051,0.9646207467812611,-0.060760716557663894,0.0641315794840399,299,True
LEVEL_PLUS_JUMP,pooled,us10y,asset_price,a,0.1,5,-0.028348214073503686,0.007980058612547991,0.0004468254681076754,-0.04147424242563858,-0.015222185721368789,298,True
LEVEL_PLUS_JUMP,pooled,us10y,asset_price,a,0.1,6,-0.00044929198103482726,0.009563373691900513,0.9625619128889896,-0.016179641884049675,0.01528105792198002,297,True
LEVEL_PLUS_JUMP,pooled,us10y,asset_price,a,0.1,7,-0.024789038283901332,0.012370632272479861,0.04604116965619714,-0.04513691764497277,-0.0044411589228299,296,True
LEVEL_PLUS_JUMP,pooled,us10y,asset_price,a,0.1,8,0.006121911478492281,0.011114061819152086,0.5821907836875875,-0.012159093414902903,0.024402916371887465,295,True
LEVEL_PLUS_JUMP,pooled,us10y,asset_price,a,0.1,9,-0.005340413290329846,0.04129198921742782,0.8971870837248611,-0.07325969151865708,0.06257886493799739,294,True
LEVEL_PLUS_JUMP,pooled,us10y,asset_price,a,0.1,10,-0.0010791917309398158,0.04016960045311769,0.9785859122507694,-0.06715230472944195,0.06499392126756232,293,True
LEVEL_PLUS_JUMP,pooled,us10y,asset_price,a,0.1,11,-0.031130527846225595,0.012481268349067768,0.013205907192190076,-0.05166038735914433,-0.010600668333306862,292,True
LEVEL_PLUS_JUMP,pooled,us10y,asset_price,a,0.1,12,0.007208539287596238,0.01051207493593067,0.49345124881248714,-0.010082285297554987,0.024499363872747464,291,True
LEVEL_PLUS_JUMP,pooled,us10y,asset_price,a,0.1,13,0.030543018616013384,0.007213114029409595,3.124888918454232e-05,0.018678501843124466,0.0424075353889023,290,True
LEVEL_PLUS_JUMP,pooled,us10y,asset_price,a,0.1,14,-0.0022079397305254655,0.039415562321190784,0.9553689781027594,-0.06704077037286792,0.06262489091181699,289,True
LEVEL_PLUS_JUMP,pooled,us10y,asset_price,a,0.1,15,0.011417132424648757,0.038236499922455404,0.7654773036973037,-0.051476313154731695,0.07431057800402921,288,True
LEVEL_PLUS_JUMP,pooled,us10y,asset_price,a,0.1,16,0.0041459790379692885,0.0075676806654672345,0.5842402687528784,-0.008301747952235023,0.016593706028173602,287,True
LEVEL_PLUS_JUMP,pooled,us10y,asset_price,a,0.1,17,0.018154915612536682,0.008059240323923833,0.025076352658888718,0.004898644935257008,0.03141118628981636,286,True
LEVEL_PLUS_JUMP,pooled,us10y,asset_price,a,0.1,18,0.014726320755088118,0.037142285377198596,0.6920600498928041,-0.04636730206086362,0.07581994357103986,285,True
LEVEL_PLUS_JUMP,pooled,us10y,asset_price,a,0.1,19,-0.014825188324137248,0.03852111846518113,0.7006450708588268,-0.07818678974581776,0.048536413097543266,284,True
LEVEL_PLUS_JUMP,pooled,us10y,asset_price,a,0.1,20,-0.045170167454999924,0.009876363876507572,7.323306095482153e-06,-0.06141534039836591,-0.028924994511633943,283,True
LEVEL_PLUS_JUMP,pooled,us10y,asset_price,a,0.1,21,-0.037175946437326024,0.009672000336112554,0.00015143729166543812,-0.05308497127005662,-0.02126692160459543,282,True
LEVEL_PLUS_JUMP,pooled,us10y,asset_price,a,0.1,22,-0.001224254797681401,0.00746588537690441,0.8698710640808557,-0.013504543438286578,0.011056033842923776,281,True
LEVEL_PLUS_JUMP,pooled,us10y,asset_price,a,0.1,23,-0.015679371753344787,0.039441677776109636,0.6912932137892315,-0.08055515849643,0.04919641498974042,280,True
LEVEL_PLUS_JUMP,pooled,us10y,asset_price,a,0.1,24,0.02353245524648706,0.036026823326408594,0.5141984117815579,-0.03572639576949602,0.08279130626247014,279,True
LEVEL_PLUS_JUMP,pooled,ip,real_macro,a,0.1,0,0.037308333328450516,0.027517273079744848,0.17621649888533794,-0.007953553100581906,0.08257021975748294,303,True
LEVEL_PLUS_JUMP,pooled,ip,real_macro,a,0.1,1,0.020557590057350292,0.0876775075011149,0.8147880955995311,-0.12365907615792347,0.16477425627262404,302,True
LEVEL_PLUS_JUMP,pooled,ip,real_macro,a,0.1,2,-0.035172353865167094,0.03014496062286723,0.24427023851415294,-0.08475640167999957,0.014411693949665377,301,True
LEVEL_PLUS_JUMP,pooled,ip,real_macro,a,0.1,3,0.0609368875858721,0.024105629014393518,0.012012865020578052,0.021286656271600285,0.10058711890014392,300,True
LEVEL_PLUS_JUMP,pooled,ip,real_macro,a,0.1,4,0.03779190681466935,0.030173217173989582,0.21141508174592688,-0.011838618890761862,0.08742243252010057,299,True
LEVEL_PLUS_JUMP,pooled,ip,real_macro,a,0.1,5,0.028880609281858385,0.015345225432839341,0.06085051944927489,0.0036399595722646193,0.05412125899145215,298,True
LEVEL_PLUS_JUMP,pooled,ip,real_macro,a,0.1,6,0.03134749484689144,0.028476981974193585,0.27191862246418697,-0.01549297223799257,0.07818796193177546,297,True
LEVEL_PLUS_JUMP,pooled,ip,real_macro,a,0.1,7,0.057575535356659546,0.08725280421692744,0.5098756213949661,-0.08594255612124024,0.20109362683455934,296,True
LEVEL_PLUS_JUMP,pooled,ip,real_macro,a,0.1,8,-0.1317836991206628,0.026529065909126594,1.17938681843083e-06,-0.17542012940092433,-0.08814726884040125,295,True
LEVEL_PLUS_JUMP,pooled,ip,real_macro,a,0.1,9,-0.0433329832977587,0.02506657873080721,0.08496233961831644,-0.08456383623839156,-0.0021021303571258296,294,True
LEVEL_PLUS_JUMP,pooled,ip,real_macro,a,0.1,10,0.024997854952480324,0.08853067912164596,0.7778739572736793,-0.120622153697236,0.17061786360219666,293,True
LEVEL_PLUS_JUMP,pooled,ip,real_macro,a,0.1,11,0.030171907288825295,0.09008170234901935,0.7379234166189769,-0.11799930754192214,0.17834312211957273,292,True
LEVEL_PLUS_JUMP,pooled,ip,real_macro,a,0.1,12,0.016216481241948508,0.09230110759397366,0.8606650093877116,-0.13560533035563715,0.16803829283953414,291,True
LEVEL_PLUS_JUMP,pooled,ip,real_macro,a,0.1,13,0.04346440157460478,0.08973063354178447,0.6284950126585347,-0.10412935645525283,0.19105815960446237,290,True
LEVEL_PLUS_JUMP,pooled,ip,real_macro,a,0.1,14,-0.04660364386812499,0.03150693158649816,0.14024337865601882,-0.09842793456228838,0.005220646826038407,289,True
LEVEL_PLUS_JUMP,pooled,ip,real_macro,a,0.1,15,-0.03710056141993334,0.023863977165004248,0.12117942063678928,-0.07635331081327769,0.0021521879734110044,288,True
LEVEL_PLUS_JUMP,pooled,ip,real_macro,a,0.1,16,0.02911546227570072,0.01740290605112801,0.09546823845865733,0.0004902291380070901,0.057740695413394355,287,True
LEVEL_PLUS_JUMP,pooled,ip,real_macro,a,0.1,17,0.013466996214617288,0.09719020243606245,0.8898977663155261,-0.14639666076648786,0.1733306531957224,286,True
LEVEL_PLUS_JUMP,pooled,ip,real_macro,a,0.1,18,-0.0033063113340034284,0.09513160069624245,0.9723005838055743,-0.159783869776917,0.15317124710891017,285,True
LEVEL_PLUS_JUMP,pooled,ip,real_macro,a,0.1,19,0.027912071601253582,0.01768163268819413,0.11560065597361782,-0.0011716260563462422,0.056995769258853406,284,True
LEVEL_PLUS_JUMP,pooled,ip,real_macro,a,0.1,20,0.03184234147430942,0.09521546424773952,0.7383201830697017,-0.12477316023545315,0.188457843184072,283,False
LEVEL_PLUS_JUMP,pooled,ip,real_macro,a,0.1,21,-0.13004893812547258,0.028376443514789015,7.034236036009853e-06,-0.17672403416075688,-0.08337384209018828,282,True
LEVEL_PLUS_JUMP,pooled,ip,real_macro,a,0.1,22,0.014332197637235922,0.02234413228532935,0.5217935543814318,-0.022420629393371548,0.05108502466784339,281,True
LEVEL_PLUS_JUMP,pooled,ip,real_macro,a,0.1,23,0.053680124533000584,0.09772088189829835,0.5832460882137778,-0.10705642248631192,0.2144166715523131,280,True
LEVEL_PLUS_JUMP,pooled,ip,real_macro,a,0.1,24,0.0270107236968824,0.09924998781911452,0.7857198476922176,-0.13624097874227756,0.19026242613604236,279,True
LEVEL_PLUS_JUMP,pooled,cpi,real_macro,a,0.1,0,-0.019458750299308974,0.008634872680043433,0.024976646476961593,-0.033661851945342595,-0.005255648653275354,303,True
LEVEL_PLUS_JUMP,pooled,cpi,real_macro,a,0.1,1,0.001803908298388876,0.03700695516112507,0.96115620827419,-0.059067116120818206,0.06267493271759596,302,True
LEVEL_PLUS_JUMP,pooled,cpi,real_macro,a,0.1,2,-0.04825380250850224,0.009322830226580262,4.270983326794506e-07,-0.0635884936201456,-0.03291911139685888,301,True
LEVEL_PLUS_JUMP,pooled,cpi,real_macro,a,0.1,3,-0.013259652406226619,0.009720703109009235,0.1736202036536808,-0.02924878617159891,0.002729481359145674,300,True
LEVEL_PLUS_JUMP,pooled,cpi,real_macro,a,0.1,4,-0.01952107464988373,0.012899021689823452,0.13129221539902936,-0.04073807726051554,0.0016959279607480816,299,True
LEVEL_PLUS_JUMP,pooled,cpi,real_macro,a,0.1,5,0.014087848739513742,0.00949138846195465,0.13884448045317208,-0.0015240959969377195,0.029699793475965203,298,True
LEVEL_PLUS_JUMP,pooled,cpi,real_macro,a,0.1,6,0.02188272263064306,0.040036733502110955,0.5851075052276982,-0.04397184368159367,0.08773728894287978,297,True
LEVEL_PLUS_JUMP,pooled,cpi,real_macro,a,0.1,7,0.014982318327118549,0.040625746058307426,0.7125619064857048,-0.05184108742449789,0.08180572407873499,296,True
LEVEL_PLUS_JUMP,pooled,cpi,real_macro,a,0.1,8,0.015757414210269882,0.041634797545080975,0.7053691660852315,-0.05272573353914681,0.08424056195968657,295,True
LEVEL_PLUS_JUMP,pooled,cpi,real_macro,a,0.1,9,0.006229249689767304,0.009612534323270406,0.5174939527397611,-0.009581962256059538,0.022040461635594148,294,True
LEVEL_PLUS_JUMP,pooled,cpi,real_macro,a,0.1,10,0.014545954835417318,0.038753741675348716,0.7076904044420169,-0.049198277717220434,0.07829018738805507,293,True
LEVEL_PLUS_JUMP,pooled,cpi,real_macro,a,0.1,11,0.007721075908257546,0.03799319675933888,0.8391097220949181,-0.054772171580821934,0.07021432339733702,292,True
LEVEL_PLUS_JUMP,pooled,cpi,real_macro,a,0.1,12,0.014578671137767653,0.010137893287954895,0.1515521887391174,-0.00209667940657194,0.031254021682107246,291,True
LEVEL_PLUS_JUMP,pooled,cpi,real_macro,a,0.1,13,0.01643137936981683,0.04002434602191632,0.6817323406344913,-0.04940281135069295,0.0822655700903266,290,True
LEVEL_PLUS_JUMP,pooled,cpi,real_macro,a,0.1,14,0.009317166820309026,0.007419179823968606,0.21024654514162752,-0.0028862980221509207,0.02152063166276897,289,True
LEVEL_PLUS_JUMP,pooled,cpi,real_macro,a,0.1,15,0.009056782855349277,0.013172834481313131,0.4923273059699798,-0.012610601718470043,0.030724167429168597,288,True
LEVEL_PLUS_JUMP,pooled,cpi,real_macro,a,0.1,16,-0.006792217932147793,0.008117922301083678,0.4034963066304119,-0.02014501187239552,0.006560576008099938,287,True
LEVEL_PLUS_JUMP,pooled,cpi,real_macro,a,0.1,17,0.0016600027991156008,0.010234997499640526,0.8712775332458321,-0.015175069960007368,0.01849507555823857,286,True
LEVEL_PLUS_JUMP,pooled,cpi,real_macro,a,0.1,18,-0.009964193345823345,0.04271814853740737,0.8157400018255361,-0.08022929490422959,0.0603009082125829,285,True
LEVEL_PLUS_JUMP,pooled,cpi,real_macro,a,0.1,19,0.0016318437337101525,0.04466553540494747,0.9708829751159593,-0.07183642417684709,0.0751001116442674,284,True
LEVEL_PLUS_JUMP,pooled,cpi,real_macro,a,0.1,20,0.006960657637089793,0.04539368473239832,0.8782452961711731,-0.06770530933568725,0.08162662460986683,283,True
LEVEL_PLUS_JUMP,pooled,cpi,real_macro,a,0.1,21,0.014732003351059786,0.00974168002801559,0.13164470068852335,-0.0012916343756223768,0.03075564107774195,282,True
LEVEL_PLUS_JUMP,pooled,cpi,real_macro,a,0.1,22,0.030620231510925855,0.006216087227960244,1.4737468872795995e-06,0.020395677888568726,0.04084478513328298,281,True
LEVEL_PLUS_JUMP,pooled,cpi,real_macro,a,0.1,23,0.02770740830531196,0.038270246403654215,0.46970599447094524,-0.03524154529606521,0.09065636190668913,280,True
LEVEL_PLUS_JUMP,pooled,cpi,real_macro,a,0.1,24,-0.0036382590220877253,0.03950602730343566,0.926693117495974,-0.06861989131858776,0.061343373274412305,279,True
LEVEL_PLUS_JUMP,pooled,infl_exp,real_macro,a,0.1,0,-0.06049869807085045,0.009197895780094195,2.2385295343067386e-10,-0.07562789030506002,-0.04536950583664087,303,True
LEVEL_PLUS_JUMP,pooled,infl_exp,real_macro,a,0.1,1,-0.010821504174806786,0.04924406949892139,0.8262196412454709,-0.09182079049595801,0.07017778214634443,302,True
LEVEL_PLUS_JUMP,pooled,infl_exp,real_macro,a,0.1,2,0.023634760589246184,0.01225485924456374,0.05476626208122614,0.003477310913045737,0.043792210265446635,301,True
LEVEL_PLUS_JUMP,pooled,infl_exp,real_macro,a,0.1,3,0.027018938976110907,0.014093748303007933,0.056223073518150105,0.0038367859625671533,0.05020109198965466,300,True
LEVEL_PLUS_JUMP,pooled,infl_exp,real_macro,a,0.1,4,-0.00703246785379763,0.015786462044020157,0.6563150008937544,-0.03299888720363593,0.018933951496040675,299,True
LEVEL_PLUS_JUMP,pooled,infl_exp,real_macro,a,0.1,5,0.004815483120675257,0.018311925391462425,0.7927645390687461,-0.02530495377593647,0.03493592001728699,298,True
LEVEL_PLUS_JUMP,pooled,infl_exp,real_macro,a,0.1,6,0.02060220995194728,0.06685903122161907,0.7581994364930684,-0.08937111004739456,0.13057552995128913,297,True
LEVEL_PLUS_JUMP,pooled,infl_exp,real_macro,a,0.1,7,0.019346722301364805,0.06143853055708468,0.7530738023839989,-0.08171066752002479,0.1204041121227544,296,True
LEVEL_PLUS_JUMP,pooled,infl_exp,real_macro,a,0.1,8,-0.012433632916573956,0.01768339690883124,0.4825601781501974,-0.041520232458887474,0.016652966625739563,295,True
LEVEL_PLUS_JUMP,pooled,infl_exp,real_macro,a,0.1,9,-0.039634342212423235,0.012390482326442366,0.001538649215228201,-0.06001487200675008,-0.019253812418096393,294,True
LEVEL_PLUS_JUMP,pooled,infl_exp,real_macro,a,0.1,10,0.008886976395097612,0.015187776323998042,0.5589264791612124,-0.016094692576758263,0.033868645366953484,293,True
LEVEL_PLUS_JUMP,pooled,infl_exp,real_macro,a,0.1,11,-0.0013661665531197187,0.015545720567125982,0.9300348811559099,-0.026936601411530987,0.02420426830529155,292,True
LEVEL_PLUS_JUMP,pooled,infl_exp,real_macro,a,0.1,12,-0.04027170022941284,0.012169124196493063,0.0010590173484386508,-0.06028812830083738,-0.020255272157988308,291,True
LEVEL_PLUS_JUMP,pooled,infl_exp,real_macro,a,0.1,13,0.010147966848983114,0.053692912471397986,0.8502316280324258,-0.0781690149711838,0.09846494866915002,290,True
LEVEL_PLUS_JUMP,pooled,infl_exp,real_macro,a,0.1,14,-0.07191029900877766,0.014521044499200404,1.2828071607240374e-06,-0.09579529172041117,-0.048025306297144146,289,False
LEVEL_PLUS_JUMP,pooled,infl_exp,real_macro,a,0.1,15,-0.10641970577444226,0.010501303875412734,1.0512074366414847e-20,-0.12369281354163444,-0.08914659800725008,288,True
LEVEL_PLUS_JUMP,pooled,infl_exp,real_macro,a,0.1,16,0.019086528538616025,0.04764241247223287,0.6890128678870127,-0.059278266413054274,0.09745132349028632,287,True
LEVEL_PLUS_JUMP,pooled,infl_exp,real_macro,a,0.1,17,0.02848904128198404,0.017168925260730404,0.09820032161904502,0.00024867229601288274,0.056729410267955194,286,True
LEVEL_PLUS_JUMP,pooled,infl_exp,real_macro,a,0.1,18,-0.016185778801322215,0.055685750892486445,0.7715315026701433,-0.10778068812634473,0.0754091305237003,285,False
LEVEL_PLUS_JUMP,pooled,infl_exp,real_macro,a,0.1,19,0.002336426844207651,0.052468299484228154,0.9645146499235789,-0.08396624586240109,0.08863909955081639,284,True
LEVEL_PLUS_JUMP,pooled,infl_exp,real_macro,a,0.1,20,-0.11113607013369275,0.018257368416766975,3.945123200224737e-09,-0.14116676879260118,-0.08110537147478433,283,False
LEVEL_PLUS_JUMP,pooled,infl_exp,real_macro,a,0.1,21,-0.05861928612368139,0.012819173882860085,7.359727367216693e-06,-0.07970495077942538,-0.03753362146793739,282,True
LEVEL_PLUS_JUMP,pooled,infl_exp,real_macro,a,0.1,22,0.05121502344323137,0.01031047711426335,1.2135132311337172e-06,0.03425579776623515,0.06817424912022758,281,True
LEVEL_PLUS_JUMP,pooled,infl_exp,real_macro,a,0.1,23,0.025322791906837727,0.01458183232076943,0.08361574357201987,0.0013378121264219292,0.049307771687253525,280,True
LEVEL_PLUS_JUMP,pooled,infl_exp,real_macro,a,0.1,24,0.007651502952147504,0.049336424190075515,0.8768697532233971,-0.07349969331771455,0.08880269922200956,279,True
LEVEL_PLUS_JUMP,pooled,freight,physical_channel,a,0.1,0,-0.002099181750571312,0.0011493689306357748,0.06882495019200452,-0.003989725404832901,-0.0002086380963097227,303,True
LEVEL_PLUS_JUMP,pooled,freight,physical_channel,a,0.1,1,-0.0008320170736105248,0.0037883026569339525,0.8263165205230055,-0.007063220438858235,0.005399186291637185,302,False
LEVEL_PLUS_JUMP,pooled,freight,physical_channel,a,0.1,2,0.0004584199709684496,0.0038647606785502994,0.9056630748386509,-0.005898545648444443,0.006815385590381342,301,True
LEVEL_PLUS_JUMP,pooled,freight,physical_channel,a,0.1,3,0.001137015218010452,0.003873198069987339,0.7693072135872174,-0.0052338286753096635,0.0075078591113305684,300,True
LEVEL_PLUS_JUMP,pooled,freight,physical_channel,a,0.1,4,0.000897756584034487,0.0008667057867807617,0.30116129798521313,-0.0005278475728516781,0.002323360740920652,299,True
LEVEL_PLUS_JUMP,pooled,freight,physical_channel,a,0.1,5,0.0013332991207634648,0.004778223709250556,0.7804198490774726,-0.006526179477782829,0.009192777719309759,298,True
LEVEL_PLUS_JUMP,pooled,freight,physical_channel,a,0.1,6,0.0015399310358067408,0.0044544633059630705,0.7298211327998543,-0.0057870090891288615,0.008866871160742343,297,False
LEVEL_PLUS_JUMP,pooled,freight,physical_channel,a,0.1,7,0.0013173822953040856,0.0014510389652266482,0.3647120624345655,-0.0010693644094968775,0.003704129000105049,296,True
LEVEL_PLUS_JUMP,pooled,freight,physical_channel,a,0.1,8,0.003249231621989923,0.0012458432243634785,0.009592628355113996,0.0012000018757827389,0.005298461368197107,295,True
LEVEL_PLUS_JUMP,pooled,freight,physical_channel,a,0.1,9,-0.004619425131206278,0.0013065721291098248,0.00047604058183408845,-0.006768545036646281,-0.002470305225766276,294,True
LEVEL_PLUS_JUMP,pooled,freight,physical_channel,a,0.1,10,-0.0036218547536870094,0.0010165464203860353,0.0004312223643508499,-0.005293924820223516,-0.0019497846871505031,293,True
LEVEL_PLUS_JUMP,pooled,freight,physical_channel,a,0.1,11,-0.00922149314930161,0.0011522837349591702,3.323013933179892e-14,-0.011116831230026391,-0.00732615506857683,292,True
LEVEL_PLUS_JUMP,pooled,freight,physical_channel,a,0.1,12,-0.007050287429944957,0.0008555526125609306,6.896535281765669e-15,-0.008457546247763612,-0.005643028612126302,291,True
LEVEL_PLUS_JUMP,pooled,freight,physical_channel,a,0.1,13,0.0017738435030478748,0.0037132094760452482,0.6332335434178576,-0.004333842571255728,0.007881529577351477,290,True
LEVEL_PLUS_JUMP,pooled,freight,physical_channel,a,0.1,14,-0.006730665525739754,0.0011451200947873027,1.2012202961212742e-08,-0.008614220466945663,-0.004847110584533846,289,True
LEVEL_PLUS_JUMP,pooled,freight,physical_channel,a,0.1,15,-0.00625117227032379,0.001113193216181869,4.805043316581437e-08,-0.008082212169458312,-0.004420132371189269,288,True
LEVEL_PLUS_JUMP,pooled,freight,physical_channel,a,0.1,16,-0.0004313049091574664,0.0036341112591610604,0.9056142912258774,-0.006408885994533719,0.005546276176218785,287,True
LEVEL_PLUS_JUMP,pooled,freight,physical_channel,a,0.1,17,-0.0009186892263484331,0.0012787939642872476,0.47312556625720403,-0.0030221181166299634,0.0011847396639330973,286,True
LEVEL_PLUS_JUMP,pooled,freight,physical_channel,a,0.1,18,-0.00438811815036147,0.001292320744560222,0.0007875342816097454,-0.006513796614235979,-0.0022624396864869612,285,True
LEVEL_PLUS_JUMP,pooled,freight,physical_channel,a,0.1,19,-0.0017960259201516143,0.0013083338086310316,0.1709666582560932,-0.0039480435305416,0.0003559916902383712,284,True
LEVEL_PLUS_JUMP,pooled,freight,physical_channel,a,0.1,20,-0.0014202459112575578,0.0009425196239311422,0.13301975510674494,-0.0029705527331536346,0.000130060910638519,283,True
LEVEL_PLUS_JUMP,pooled,freight,physical_channel,a,0.1,21,0.003162169573935651,0.003212524828982098,0.3258433715829473,-0.0021219635426872104,0.008446302690558512,282,True
LEVEL_PLUS_JUMP,pooled,freight,physical_channel,a,0.1,22,0.00010480735909321887,0.0013231285592122206,0.9369235150190526,-0.002071545450450078,0.0022811601686365157,281,True
LEVEL_PLUS_JUMP,pooled,freight,physical_channel,a,0.1,23,-0.0031432500769175997,0.0012368914444722456,0.011614118692872282,-0.005177755455503018,-0.0011087446983321812,280,True
LEVEL_PLUS_JUMP,pooled,freight,physical_channel,a,0.1,24,0.0012317577796379098,0.001001211488921842,0.2196879969305853,-0.0004150885692606656,0.002878604128536485,279,True
LEVEL_PLUS_JUMP,pooled,oil,asset_price,a,0.25,0,-0.0005266529746728865,0.0032081703820848835,0.8697200071028157,-0.005803623663523497,0.004750317714177724,303,True
LEVEL_PLUS_JUMP,pooled,oil,asset_price,a,0.25,1,-0.0004183021525945921,0.003277189944028028,0.898522558369383,-0.0058087999182379856,0.004972195613048801,302,True
LEVEL_PLUS_JUMP,pooled,oil,asset_price,a,0.25,2,0.002232642344846592,0.003344289566783741,0.5049264343283778,-0.0032682244786536117,0.007733509168346796,301,True
LEVEL_PLUS_JUMP,pooled,oil,asset_price,a,0.25,3,0.00015181707377580865,0.003999754446549019,0.9697487667185626,-0.0064271935345456225,0.00673082768209724,300,True
LEVEL_PLUS_JUMP,pooled,oil,asset_price,a,0.25,4,-0.006232372165581233,0.0040551293871162195,0.1254245826269901,-0.012902466445736848,0.00043772211457438186,299,True
LEVEL_PLUS_JUMP,pooled,oil,asset_price,a,0.25,5,-0.008272274379548084,0.004088144475072392,0.04396018753468551,-0.01499667364687253,-0.0015478751122236373,298,True
LEVEL_PLUS_JUMP,pooled,oil,asset_price,a,0.25,6,0.005854383061589145,0.0038392090996044984,0.12840251506448952,-0.0004605539505204105,0.0121693200736987,297,True
LEVEL_PLUS_JUMP,pooled,oil,asset_price,a,0.25,7,-0.002681168579959939,0.0043797376836987945,0.5409148527374138,-0.00988519599408794,0.004522858834168063,296,True
LEVEL_PLUS_JUMP,pooled,oil,asset_price,a,0.25,8,0.0027954993549838963,0.004273135219413326,0.5135158567986093,-0.004233182609122188,0.009824181319089981,295,True
LEVEL_PLUS_JUMP,pooled,oil,asset_price,a,0.25,9,0.0019241684427321049,0.003490074007743028,0.5818499192744119,-0.0038164924472330755,0.007664829332697285,294,True
LEVEL_PLUS_JUMP,pooled,oil,asset_price,a,0.25,10,0.005491450812238341,0.0083819105822874,0.5129077507898749,-0.008295565209820015,0.019278466834296695,293,True
LEVEL_PLUS_JUMP,pooled,oil,asset_price,a,0.25,11,0.005001570040969738,0.004016124089057502,0.21404355451700885,-0.001604366233203671,0.011607506315143148,292,True
LEVEL_PLUS_JUMP,pooled,oil,asset_price,a,0.25,12,-0.0032591930851628773,0.008148199115146058,0.6894726158077882,-0.016661787952833646,0.010143401782507892,291,True
LEVEL_PLUS_JUMP,pooled,oil,asset_price,a,0.25,13,0.0031597455049689905,0.0036120222581470006,0.38245109651290465,-0.0027815024069735503,0.009100993416911531,290,True
LEVEL_PLUS_JUMP,pooled,oil,asset_price,a,0.25,14,0.0029303348708618407,0.0036922067703074758,0.42808112461347786,-0.0031428048267331922,0.009003474568456873,289,True
LEVEL_PLUS_JUMP,pooled,oil,asset_price,a,0.25,15,0.0032667861053949226,0.00315006128637581,0.30062466648134045,-0.0019146036266197482,0.008448175837409594,288,True
LEVEL_PLUS_JUMP,pooled,oil,asset_price,a,0.25,16,0.003588963988778726,0.003351536056810478,0.28518648540654684,-0.0019238222501246245,0.009101750227682077,287,True
LEVEL_PLUS_JUMP,pooled,oil,asset_price,a,0.25,17,-0.006893107107138717,0.007946439758451603,0.3864623301290447,-0.01996383736517922,0.0061776231509017825,286,True
LEVEL_PLUS_JUMP,pooled,oil,asset_price,a,0.25,18,-0.00581490594228764,0.007900087115369318,0.46233328505994253,-0.018809392887235456,0.007179581002660178,285,True
LEVEL_PLUS_JUMP,pooled,oil,asset_price,a,0.25,19,-0.0011573518387085688,0.0042019422590035185,0.7831945782397732,-0.00806893180367117,0.005754228126254031,284,True
LEVEL_PLUS_JUMP,pooled,oil,asset_price,a,0.25,20,0.003111514009035296,0.003930363225809232,0.4292560698342595,-0.0033533581981737065,0.0095763862162443,283,True
LEVEL_PLUS_JUMP,pooled,oil,asset_price,a,0.25,21,0.0025908367338990344,0.003223261183516354,0.4222285490724843,-0.0027109561144197354,0.007892629582217803,282,True
LEVEL_PLUS_JUMP,pooled,oil,asset_price,a,0.25,22,0.0053741887610839895,0.007969782340524941,0.50069088930536,-0.0077349366277422536,0.01848331414991023,281,True
LEVEL_PLUS_JUMP,pooled,oil,asset_price,a,0.25,23,-0.002164834170927721,0.007845580773195977,0.7828157784087485,-0.01506966616125986,0.010739997819404419,280,True
LEVEL_PLUS_JUMP,pooled,oil,asset_price,a,0.25,24,0.0031795528968387166,0.008371467688099347,0.704391926497535,-0.01059028609283855,0.016949391886515983,279,True
LEVEL_PLUS_JUMP,pooled,dxy,asset_price,a,0.25,0,0.0010401538352638497,0.0013420092018617306,0.4389307859206954,-0.0011672548678206681,0.0032475625383483675,303,True
LEVEL_PLUS_JUMP,pooled,dxy,asset_price,a,0.25,1,0.00038573995720717286,0.0006238559260340886,0.5368558873445823,-0.0006404117254251672,0.001411891639839513,302,True
LEVEL_PLUS_JUMP,pooled,dxy,asset_price,a,0.25,2,0.000759291531786721,0.0005912506934212925,0.20010330180774685,-0.00021322931572486487,0.0017318123792983068,301,True
LEVEL_PLUS_JUMP,pooled,dxy,asset_price,a,0.25,3,0.0014561353647226504,0.0005356467194034645,0.006959250568019817,0.0005750749155472043,0.0023371958138980967,300,True
LEVEL_PLUS_JUMP,pooled,dxy,asset_price,a,0.25,4,0.0005381836099215033,0.0012712938310922976,0.6723698936402819,-0.0015529086590716948,0.0026292758789147014,299,True
LEVEL_PLUS_JUMP,pooled,dxy,asset_price,a,0.25,5,-8.154529582095782e-05,0.0012405523334640825,0.9476366019375076,-0.0021220723009424663,0.001958981709300551,298,True
LEVEL_PLUS_JUMP,pooled,dxy,asset_price,a,0.25,6,-0.0007409333184047568,0.001254521864074868,0.5552530271843351,-0.0028044381566182256,0.0013225715198087117,297,True
LEVEL_PLUS_JUMP,pooled,dxy,asset_price,a,0.25,7,-0.002041975354216921,0.0005777608923838703,0.000477664718703582,-0.002992307453565249,-0.0010916432548685928,296,True
LEVEL_PLUS_JUMP,pooled,dxy,asset_price,a,0.25,8,-0.0009557430320553525,0.0005478024002588091,0.0821328760981065,-0.0018567977969737768,-5.468826713692836e-05,295,True
LEVEL_PLUS_JUMP,pooled,dxy,asset_price,a,0.25,9,-0.0014740264966035428,0.0006366574148291194,0.021321771366548416,-0.002521234754510768,-0.00042681823869631774,294,True
LEVEL_PLUS_JUMP,pooled,dxy,asset_price,a,0.25,10,0.0002271488740618055,0.0014065342253665413,0.8718200807675528,-0.0020863940479637294,0.0025406917960873404,293,True
LEVEL_PLUS_JUMP,pooled,dxy,asset_price,a,0.25,11,0.0007420067994650444,0.000590404891076414,0.20988963590988197,-0.00022912282699188405,0.001713136425921973,292,True
LEVEL_PLUS_JUMP,pooled,dxy,asset_price,a,0.25,12,0.00016543670478501174,0.001261711400505819,0.8957748660036037,-0.0019098938685030062,0.0022407672780730297,291,True
LEVEL_PLUS_JUMP,pooled,dxy,asset_price,a,0.25,13,0.0004523203163539413,0.0005239201461769861,0.3887011076444683,-0.0004094516363182197,0.0013140922690261024,290,True
LEVEL_PLUS_JUMP,pooled,dxy,asset_price,a,0.25,14,-0.000928354829541218,0.001359030614534019,0.4951182654891162,-0.0031637612649955873,0.0013070516059131513,289,True
LEVEL_PLUS_JUMP,pooled,dxy,asset_price,a,0.25,15,-0.0002574000676781353,0.001341563606216242,0.8479895011849771,-0.0024640758311490177,0.001949275695792747,288,True
LEVEL_PLUS_JUMP,pooled,dxy,asset_price,a,0.25,16,0.0002213585388923054,0.0012701426691532447,0.8617757760848747,-0.0018678402372102327,0.0023105573149948436,287,True
LEVEL_PLUS_JUMP,pooled,dxy,asset_price,a,0.25,17,0.00021701627422710673,0.0005186265577696473,0.6759525709359879,-0.0006360485003536548,0.0010700810488078684,286,True
LEVEL_PLUS_JUMP,pooled,dxy,asset_price,a,0.25,18,-0.0004076541968456929,0.0005833839310948789,0.4852917975018211,-0.0013672353718123121,0.0005519269781209264,285,True
LEVEL_PLUS_JUMP,pooled,dxy,asset_price,a,0.25,19,-0.0021369055894988054,0.0006718469741595426,0.0016409276159802797,-0.0032419955217015007,-0.0010318156572961098,284,True
LEVEL_PLUS_JUMP,pooled,dxy,asset_price,a,0.25,20,-0.001834390573618186,0.0006584896362998246,0.005720127345164894,-0.002917509640195908,-0.0007512715070404636,283,True
LEVEL_PLUS_JUMP,pooled,dxy,asset_price,a,0.25,21,0.0017854846723454765,0.0005810878427365931,0.0023402225512143752,0.0008296802266427848,0.0027412891180481685,282,True
LEVEL_PLUS_JUMP,pooled,dxy,asset_price,a,0.25,22,0.0005386589777859306,0.0013653896357838,0.6935199596026649,-0.0017072071168350025,0.002784525072406864,281,True
LEVEL_PLUS_JUMP,pooled,dxy,asset_price,a,0.25,23,-0.0015272634519799308,0.0014125588221450954,0.2805858780684171,-0.00385071595386759,0.0007961890499077289,280,True
LEVEL_PLUS_JUMP,pooled,dxy,asset_price,a,0.25,24,-0.00019738922289144756,0.0013300120355163923,0.882130809153598,-0.002385064343399696,0.001990285897616801,279,True
LEVEL_PLUS_JUMP,pooled,vix,asset_price,a,0.25,0,-0.4001202876413288,0.09134692713568172,1.6599008648786868e-05,-0.5503726120513267,-0.24986796323133084,303,True
LEVEL_PLUS_JUMP,pooled,vix,asset_price,a,0.25,1,0.16218263369114538,0.09373828528446793,0.0846721871283542,0.007996875156776495,0.31636839222551427,302,True
LEVEL_PLUS_JUMP,pooled,vix,asset_price,a,0.25,2,0.11548958210914861,0.0977663144543493,0.23846868220970205,-0.04532169481476597,0.27630085903306323,301,False
LEVEL_PLUS_JUMP,pooled,vix,asset_price,a,0.25,3,0.09127354535482368,0.10085464784393414,0.3662266466175812,-0.07461758794618487,0.25716467865583226,300,True
LEVEL_PLUS_JUMP,pooled,vix,asset_price,a,0.25,4,0.17548834705114302,0.10233940235753125,0.08747477895846278,0.007155009903311693,0.34382168419897435,299,True
LEVEL_PLUS_JUMP,pooled,vix,asset_price,a,0.25,5,0.010808576322361318,0.10754433232812459,0.9200155569389045,-0.16608610876562888,0.1877032614103515,298,True
LEVEL_PLUS_JUMP,pooled,vix,asset_price,a,0.25,6,0.21157854277373644,0.2658265191392242,0.42674149762107755,-0.22566717137230147,0.6488242569197744,297,True
LEVEL_PLUS_JUMP,pooled,vix,asset_price,a,0.25,7,0.12054835309477596,0.12408128488407288,0.33211833760251586,-0.0835471983835902,0.32464390457314213,296,True
LEVEL_PLUS_JUMP,pooled,vix,asset_price,a,0.25,8,0.36925667538399765,0.11805431701654635,0.0019458139493287142,0.17507460386205248,0.5634387469059428,295,True
LEVEL_PLUS_JUMP,pooled,vix,asset_price,a,0.25,9,0.4819383767406862,0.15304882392035513,0.001815981494030555,0.23019546361463283,0.7336812898667395,294,True
LEVEL_PLUS_JUMP,pooled,vix,asset_price,a,0.25,10,0.6125927511789939,0.15589424762994814,0.00010737802935997463,0.3561695325440028,0.869015969813985,293,True
LEVEL_PLUS_JUMP,pooled,vix,asset_price,a,0.25,11,0.5902818588312329,0.1691053436375779,0.0005602585009527613,0.31212832101208776,0.8684353966503779,292,True
LEVEL_PLUS_JUMP,pooled,vix,asset_price,a,0.25,12,0.11335849919331409,0.15606843064548648,0.46824462562142,-0.14335122500653863,0.3700682233931668,291,True
LEVEL_PLUS_JUMP,pooled,vix,asset_price,a,0.25,13,0.46269299880543713,0.15988908411349964,0.004109316540070159,0.1996988588913982,0.7256871387194761,290,True
LEVEL_PLUS_JUMP,pooled,vix,asset_price,a,0.25,14,0.22367515954692863,0.1802285417854443,0.21563972756914912,-0.07277441108903443,0.5201247301828917,289,True
LEVEL_PLUS_JUMP,pooled,vix,asset_price,a,0.25,15,-0.07344497407484596,0.16922907538891482,0.6646318793624841,-0.35180203251394665,0.20491208436425473,288,True
LEVEL_PLUS_JUMP,pooled,vix,asset_price,a,0.25,16,-0.28180973837413603,0.1734863815195988,0.10544632363905876,-0.567169442243335,0.0035499654950629234,287,True
LEVEL_PLUS_JUMP,pooled,vix,asset_price,a,0.25,17,-0.5771896979857161,0.16923372959350735,0.0007465859954486376,-0.8555544119101213,-0.2988249840613108,286,True
LEVEL_PLUS_JUMP,pooled,vix,asset_price,a,0.25,18,0.2540113516681686,0.15358913916939534,0.0993185163453345,0.0013796990450342106,0.5066430042913029,285,True
LEVEL_PLUS_JUMP,pooled,vix,asset_price,a,0.25,19,-0.06559225280346936,0.18244159016528239,0.7194836504426833,-0.36568196409362813,0.2344974584866894,284,True
LEVEL_PLUS_JUMP,pooled,vix,asset_price,a,0.25,20,-0.2064507992703497,0.1601313104736721,0.1984154076168236,-0.46984336609146155,0.056941767550762135,283,True
LEVEL_PLUS_JUMP,pooled,vix,asset_price,a,0.25,21,-0.6795274892356389,0.16250785417978283,3.925952747472349e-05,-0.9468291225913557,-0.4122258558799221,282,True
LEVEL_PLUS_JUMP,pooled,vix,asset_price,a,0.25,22,-0.12771714117118904,0.14190344347297001,0.36891612570971455,-0.361127534844607,0.10569325250222891,281,True
LEVEL_PLUS_JUMP,pooled,vix,asset_price,a,0.25,23,-0.6943212779361545,0.15106838719378304,6.657824844006819e-06,-0.9428066625295579,-0.4458358933427511,280,True
LEVEL_PLUS_JUMP,pooled,vix,asset_price,a,0.25,24,-0.37862042560300324,0.16866898502118746,0.025609114899561306,-0.656056217369327,-0.10118463383667953,279,False
LEVEL_PLUS_JUMP,pooled,us10y,asset_price,a,0.25,0,-0.009588150315301996,0.020371121819184528,0.6382288402656182,-0.04309566392465794,0.023919363294053947,303,True
LEVEL_PLUS_JUMP,pooled,us10y,asset_price,a,0.25,1,-0.002610110005794253,0.010474754269240374,0.803398372877637,-0.0198395475569797,0.014619327545391195,302,True
LEVEL_PLUS_JUMP,pooled,us10y,asset_price,a,0.25,2,0.018947116243427126,0.020379730622439952,0.3533056874235548,-0.014574557587187217,0.05246879007404147,301,True
LEVEL_PLUS_JUMP,pooled,us10y,asset_price,a,0.25,3,-0.001252917149599412,0.009577622200170522,0.8960119317818197,-0.017006703763120832,0.014500869463922008,300,True
LEVEL_PLUS_JUMP,pooled,us10y,asset_price,a,0.25,4,-0.003649558468637404,0.019916406137890356,0.854737000863739,-0.03640913134038492,0.02911001440311011,299,True
LEVEL_PLUS_JUMP,pooled,us10y,asset_price,a,0.25,5,0.03024008945661527,0.008263063216449205,0.0003010191220123452,0.0166485599553095,0.043831618957921044,298,True
LEVEL_PLUS_JUMP,pooled,us10y,asset_price,a,0.25,6,-0.008558120082407472,0.02006691018070339,0.6700829163805468,-0.04156525007484686,0.02444900991003192,297,True
LEVEL_PLUS_JUMP,pooled,us10y,asset_price,a,0.25,7,0.00438031170094591,0.009163268336530634,0.6329996249281491,-0.010691923457126086,0.019452546859017907,296,True
LEVEL_PLUS_JUMP,pooled,us10y,asset_price,a,0.25,8,-0.0030005592832200723,0.02070387820963017,0.884872085855639,-0.03705540844829181,0.031054289881851667,295,True
LEVEL_PLUS_JUMP,pooled,us10y,asset_price,a,0.25,9,-0.01616901983703578,0.020278772686697175,0.42593084249194907,-0.04952463264087408,0.01718659296680252,294,True
LEVEL_PLUS_JUMP,pooled,us10y,asset_price,a,0.25,10,-0.009975276154993828,0.02030665854744349,0.6236487111914711,-0.04337675711802137,0.023426204808033715,293,True
LEVEL_PLUS_JUMP,pooled,us10y,asset_price,a,0.25,11,-0.009609651699521785,0.009121087472971249,0.2929972958864439,-0.02461250551118018,0.005393202112136612,292,True
LEVEL_PLUS_JUMP,pooled,us10y,asset_price,a,0.25,12,-0.0029439687500354417,0.008532578397370419,0.7303360150725496,-0.016978811274197952,0.01109087377412707,291,True
LEVEL_PLUS_JUMP,pooled,us10y,asset_price,a,0.25,13,0.020583107940494436,0.019934146981472577,0.30271600891073147,-0.012205646022164472,0.05337186190315334,290,True
LEVEL_PLUS_JUMP,pooled,us10y,asset_price,a,0.25,14,-0.010003837521387338,0.02009869681025064,0.6190681590937017,-0.04306325186672609,0.023055576823951415,289,True
LEVEL_PLUS_JUMP,pooled,us10y,asset_price,a,0.25,15,0.007387374778370592,0.019928676240825418,0.711154340759521,-0.025392380616692724,0.04016713017343391,288,True
LEVEL_PLUS_JUMP,pooled,us10y,asset_price,a,0.25,16,-0.001883142733937947,0.008250928077095385,0.8196351483552033,-0.015454711707264028,0.011688426239388133,287,True
LEVEL_PLUS_JUMP,pooled,us10y,asset_price,a,0.25,17,0.013064048356589864,0.021185429734327695,0.537979730932859,-0.021782882580444606,0.04791097929362433,286,True
LEVEL_PLUS_JUMP,pooled,us10y,asset_price,a,0.25,18,0.006788406404682756,0.020651438252476034,0.7426261217087401,-0.027180186706666824,0.04075699951603234,285,True
LEVEL_PLUS_JUMP,pooled,us10y,asset_price,a,0.25,19,-0.022141948726914704,0.021008485560002347,0.29284684249993237,-0.056697832397042194,0.012413934943212787,284,True
LEVEL_PLUS_JUMP,pooled,us10y,asset_price,a,0.25,20,-0.01756891957387338,0.010716541500709123,0.10229460155391343,-0.03519606172969075,5.822258194399313e-05,283,True
LEVEL_PLUS_JUMP,pooled,us10y,asset_price,a,0.25,21,0.01952236893850688,0.010672214938454957,0.06847011644015429,0.001968137489383563,0.0370766003876302,282,True
LEVEL_PLUS_JUMP,pooled,us10y,asset_price,a,0.25,22,0.005587093148431116,0.02022466774115959,0.7825686769715552,-0.027679524939503673,0.038853711236365905,281,True
LEVEL_PLUS_JUMP,pooled,us10y,asset_price,a,0.25,23,-0.02447909586214614,0.020001251537339265,0.22208112642777614,-0.05737822699690734,0.008420035272615062,280,True
LEVEL_PLUS_JUMP,pooled,us10y,asset_price,a,0.25,24,0.01828772582948679,0.020340692079568148,0.36943106404852827,-0.015169735312293958,0.05174518697126754,279,True
LEVEL_PLUS_JUMP,pooled,ip,real_macro,a,0.25,0,0.016114772569743654,0.03477547795586739,0.6434302554465469,-0.04108579847493579,0.0733153436144231,303,True
LEVEL_PLUS_JUMP,pooled,ip,real_macro,a,0.25,1,-0.0032547413955211386,0.036683460075069556,0.9293620985213751,-0.06359366374912882,0.05708418095808654,302,True
LEVEL_PLUS_JUMP,pooled,ip,real_macro,a,0.25,2,-0.009495548679493732,0.018034417776024877,0.5989310501403183,-0.03915952616834635,0.02016842880935889,301,True
LEVEL_PLUS_JUMP,pooled,ip,real_macro,a,0.25,3,0.05539471450076228,0.042143542757370006,0.1897548564298596,-0.013925244656282226,0.12471467365780678,300,True
LEVEL_PLUS_JUMP,pooled,ip,real_macro,a,0.25,4,0.01531260183458237,0.022249987913575037,0.49188208172205333,-0.021285371484687947,0.05191057515385269,299,True
LEVEL_PLUS_JUMP,pooled,ip,real_macro,a,0.25,5,0.03963740743842026,0.023774349515382702,0.09657015904977095,0.0005320824096310475,0.07874273246720948,298,True
LEVEL_PLUS_JUMP,pooled,ip,real_macro,a,0.25,6,0.03979464203779406,0.021485261750268297,0.0650407732204767,0.004454531321863513,0.07513475275372461,297,True
LEVEL_PLUS_JUMP,pooled,ip,real_macro,a,0.25,7,0.03603009639970391,0.0475513350343607,0.44925762636448646,-0.0421848894979489,0.11424508229735672,296,True
LEVEL_PLUS_JUMP,pooled,ip,real_macro,a,0.25,8,-0.11411094097896746,0.02300125186564454,1.2159431595078029e-06,-0.1519446335345972,-0.07627724842333772,295,True
LEVEL_PLUS_JUMP,pooled,ip,real_macro,a,0.25,9,0.00987684212042831,0.02024108294020339,0.6259599345661888,-0.02341677656719081,0.04317046080804743,294,True
LEVEL_PLUS_JUMP,pooled,ip,real_macro,a,0.25,10,0.0005213215154763161,0.04252618681120741,0.9902278708160468,-0.06942803110135405,0.07047067413230669,293,True
LEVEL_PLUS_JUMP,pooled,ip,real_macro,a,0.25,11,0.010000749782222762,0.018571238426337282,0.5906576953938771,-0.020546219100318668,0.04054771866476419,292,False
LEVEL_PLUS_JUMP,pooled,ip,real_macro,a,0.25,12,-0.006458474828843272,0.04146036706173526,0.8763240998221837,-0.07465470996507788,0.06173776030739133,291,True
LEVEL_PLUS_JUMP,pooled,ip,real_macro,a,0.25,13,0.03244307164185957,0.04361154321332195,0.45756364491115803,-0.0392915333895239,0.10417767667324304,290,True
LEVEL_PLUS_JUMP,pooled,ip,real_macro,a,0.25,14,-0.06873816996303243,0.020999444255573298,0.001198791147709344,-0.10327918201077743,-0.034197157915287435,289,True
LEVEL_PLUS_JUMP,pooled,ip,real_macro,a,0.25,15,0.04387870587415406,0.020459578502045894,0.03286006131130086,0.010225693969165499,0.07753171777914261,288,True
LEVEL_PLUS_JUMP,pooled,ip,real_macro,a,0.25,16,0.013146891290674721,0.047252632239144006,0.7810498029321227,-0.06457677223088537,0.0908705548122348,287,True
LEVEL_PLUS_JUMP,pooled,ip,real_macro,a,0.25,17,-0.0023825229683418665,0.04435061804058444,0.9571975427313029,-0.07533279790993658,0.07056775197325285,286,True
LEVEL_PLUS_JUMP,pooled,ip,real_macro,a,0.25,18,-0.035021510929482524,0.021774640223031834,0.10892018509778567,-0.07083760687589985,0.0007945850169348012,285,True
LEVEL_PLUS_JUMP,pooled,ip,real_macro,a,0.25,19,0.013582284832737379,0.021121442035352045,0.5207330481605597,-0.021159395705556715,0.04832396537103147,284,True
LEVEL_PLUS_JUMP,pooled,ip,real_macro,a,0.25,20,0.017684886872114683,0.02290570494454735,0.4407486773538285,-0.01999164498380429,0.05536141872803366,283,True
LEVEL_PLUS_JUMP,pooled,ip,real_macro,a,0.25,21,0.02151013169557725,0.02320298874255855,0.35473912549835934,-0.01665538849373436,0.05967565188488886,282,True
LEVEL_PLUS_JUMP,pooled,ip,real_macro,a,0.25,22,0.002172430034056108,0.04879549094078223,0.9645222934806165,-0.07808901021876724,0.08243387028687946,281,True
LEVEL_PLUS_JUMP,pooled,ip,real_macro,a,0.25,23,0.03996371704868011,0.048329704644546743,0.4090362408167407,-0.03953157292539601,0.11945900702275623,280,True
LEVEL_PLUS_JUMP,pooled,ip,real_macro,a,0.25,24,0.015343600749935703,0.02249805130153557,0.4958365662169917,-0.021662400532735368,0.052349602032606773,279,True
LEVEL_PLUS_JUMP,pooled,cpi,real_macro,a,0.25,0,-0.03513209987026114,0.007057999794990223,1.107875066019827e-06,-0.046741476432073555,-0.023522723308448727,303,True
LEVEL_PLUS_JUMP,pooled,cpi,real_macro,a,0.25,1,-0.0037525300102528563,0.008058880683997934,0.6418257736772008,-0.017008209132496017,0.009503149111990307,302,True
LEVEL_PLUS_JUMP,pooled,cpi,real_macro,a,0.25,2,-0.0209480092375485,0.008843994240641988,0.018517200394106342,-0.035495085241006405,-0.006400933234090593,301,True
LEVEL_PLUS_JUMP,pooled,cpi,real_macro,a,0.25,3,0.004157136874405094,0.010087529326178155,0.6805700395448709,-0.012435372324738384,0.020749646073548574,300,True
LEVEL_PLUS_JUMP,pooled,cpi,real_macro,a,0.25,4,-0.03276664292008352,0.009888087825260393,0.0010395061141233852,-0.04903110004307777,-0.01650218579708927,299,True
LEVEL_PLUS_JUMP,pooled,cpi,real_macro,a,0.25,5,0.012159492490539603,0.021263468764759118,0.5678766335545168,-0.02281580122874377,0.047134786209822976,298,True
LEVEL_PLUS_JUMP,pooled,cpi,real_macro,a,0.25,6,0.01377578558492425,0.008296216052614493,0.09792338930709013,0.00012972452080827618,0.027421846649040224,297,True
LEVEL_PLUS_JUMP,pooled,cpi,real_macro,a,0.25,7,0.005204244681514425,0.020156975156118057,0.796451845664265,-0.02795102901239708,0.03835951837542593,296,True
LEVEL_PLUS_JUMP,pooled,cpi,real_macro,a,0.25,8,0.004249643908150802,0.009149394693990382,0.6426687875911546,-0.010799771138669834,0.019299058954971436,295,False
LEVEL_PLUS_JUMP,pooled,cpi,real_macro,a,0.25,9,0.008866298280620133,0.018812277149292414,0.6377907843498972,-0.022077144019609796,0.03980974058085006,294,True
LEVEL_PLUS_JUMP,pooled,cpi,real_macro,a,0.25,10,0.006119098840802362,0.017422177900652605,0.7256848768200793,-0.022537833668479862,0.034776031350084585,293,True
LEVEL_PLUS_JUMP,pooled,cpi,real_macro,a,0.25,11,0.0030060028817615603,0.008480113798655627,0.7232503873376769,-0.010942543056918374,0.016954548820441492,292,False
LEVEL_PLUS_JUMP,pooled,cpi,real_macro,a,0.25,12,0.00860069327435967,0.007468706622676899,0.2504932775122143,-0.0036842359025869072,0.02088562245130625,291,True
LEVEL_PLUS_JUMP,pooled,cpi,real_macro,a,0.25,13,0.0031118675623091896,0.01823916186859018,0.8646518107016077,-0.02688888398979636,0.03311261911441474,290,True
LEVEL_PLUS_JUMP,pooled,cpi,real_macro,a,0.25,14,0.0040013573504553155,0.008514068691709968,0.6387488768556776,-0.0100030394172178,0.018005754118128433,289,True
LEVEL_PLUS_JUMP,pooled,cpi,real_macro,a,0.25,15,0.017659471008064004,0.009273059018560664,0.057907357981472646,0.0024066462484494365,0.03291229576767857,288,True
LEVEL_PLUS_JUMP,pooled,cpi,real_macro,a,0.25,16,-0.015477292990243974,0.008149549818150343,0.05859762542046742,-0.02888210956665028,-0.002072476413837671,287,True
LEVEL_PLUS_JUMP,pooled,cpi,real_macro,a,0.25,17,0.002146009029765805,0.008074214687854275,0.7906057686553909,-0.011134892284336147,0.015426910343867757,286,True
LEVEL_PLUS_JUMP,pooled,cpi,real_macro,a,0.25,18,-0.020154515284950783,0.018899790354983532,0.28719725543580793,-0.0512419039989679,0.01093287342906633,285,True
LEVEL_PLUS_JUMP,pooled,cpi,real_macro,a,0.25,19,-0.008621563781673978,0.019184958253193028,0.6535095391559195,-0.040178011947351114,0.022934884384003155,284,True
LEVEL_PLUS_JUMP,pooled,cpi,real_macro,a,0.25,20,0.0030899075098263715,0.01926882990734064,0.872719568539039,-0.02860449725037388,0.034784312270026624,283,True
LEVEL_PLUS_JUMP,pooled,cpi,real_macro,a,0.25,21,0.009288112202936571,0.008391937078981379,0.2693771701284565,-0.004515395938574493,0.023091620344447637,282,True
LEVEL_PLUS_JUMP,pooled,cpi,real_macro,a,0.25,22,0.017922510832426103,0.008533675317323759,0.03664852851473298,0.0038858640354998628,0.03195915762935234,281,True
LEVEL_PLUS_JUMP,pooled,cpi,real_macro,a,0.25,23,0.014718726274992933,0.020723647578494826,0.4781786264676647,-0.019368640608158377,0.04880609315814424,280,True
LEVEL_PLUS_JUMP,pooled,cpi,real_macro,a,0.25,24,-0.00664850915463247,0.021178473623662042,0.7538229444375643,-0.04148399830780907,0.02818697999854413,279,True
LEVEL_PLUS_JUMP,pooled,infl_exp,real_macro,a,0.25,0,-0.07575295165052998,0.01858040406105959,5.9016432467149716e-05,-0.1063149966605877,-0.04519090664047225,303,True
LEVEL_PLUS_JUMP,pooled,infl_exp,real_macro,a,0.25,1,-0.02208906978818867,0.018810885612641305,0.2412567256123342,-0.05303022321431099,0.008852083637933647,302,True
LEVEL_PLUS_JUMP,pooled,infl_exp,real_macro,a,0.25,2,0.01576528465587075,0.009513100309604183,0.09856801754123876,0.00011762710806513879,0.03141294220367637,301,True
LEVEL_PLUS_JUMP,pooled,infl_exp,real_macro,a,0.25,3,0.013100355954891313,0.020973714527951062,0.5327261391989604,-0.021398334457053775,0.0475990463668364,300,True
LEVEL_PLUS_JUMP,pooled,infl_exp,real_macro,a,0.25,4,-0.014089644120662825,0.009531930512855195,0.14047132886677677,-0.0297682745965821,0.0015889863552564498,299,True
LEVEL_PLUS_JUMP,pooled,infl_exp,real_macro,a,0.25,5,-0.002601044015600351,0.009451799487629042,0.7833701014227235,-0.018147870684045046,0.012945782652844344,298,True
LEVEL_PLUS_JUMP,pooled,infl_exp,real_macro,a,0.25,6,0.012754257149199671,0.020844764509570998,0.54111593385571,-0.021532329357317512,0.047040843655716855,297,True
LEVEL_PLUS_JUMP,pooled,infl_exp,real_macro,a,0.25,7,0.004566305054971617,0.02068716290028492,0.8254613583332687,-0.029461049872897972,0.03859365998284121,296,True
LEVEL_PLUS_JUMP,pooled,infl_exp,real_macro,a,0.25,8,0.009461361033681115,0.010368819029607915,0.36229720671770593,-0.007593828554372909,0.02651655062173514,295,True
LEVEL_PLUS_JUMP,pooled,infl_exp,real_macro,a,0.25,9,-0.050945535259529384,0.010005460836172046,6.522656673516135e-07,-0.06740305380522787,-0.03448801671383089,294,True
LEVEL_PLUS_JUMP,pooled,infl_exp,real_macro,a,0.25,10,0.006266655756447671,0.02023080289965832,0.7569761205722516,-0.02701005376919568,0.03954336528209102,293,True
LEVEL_PLUS_JUMP,pooled,infl_exp,real_macro,a,0.25,11,0.0002968389065518551,0.008864284444391949,0.9733102076436453,-0.014283611512135757,0.014877289325239467,292,False
LEVEL_PLUS_JUMP,pooled,infl_exp,real_macro,a,0.25,12,0.00457231923424864,0.008484359431680919,0.5903807378538773,-0.009383210149311651,0.01852784861780893,291,True
LEVEL_PLUS_JUMP,pooled,infl_exp,real_macro,a,0.25,13,0.0009665961648379559,0.01904463130799959,0.9595580508871915,-0.03035903471607873,0.03229222704575464,290,True
LEVEL_PLUS_JUMP,pooled,infl_exp,real_macro,a,0.25,14,0.00845347551870379,0.009311602181974167,0.3647558828040493,-0.006862747103045661,0.02376969814045324,289,True
LEVEL_PLUS_JUMP,pooled,infl_exp,real_macro,a,0.25,15,-0.01077915181291944,0.00834548287773918,0.19757893035027146,-0.02450624959303014,0.002947945967191258,288,True
LEVEL_PLUS_JUMP,pooled,infl_exp,real_macro,a,0.25,16,0.013820336862186422,0.018400140680656187,0.45323971382622447,-0.016445201272808237,0.044085874997181085,287,True
LEVEL_PLUS_JUMP,pooled,infl_exp,real_macro,a,0.25,17,0.02276236892736358,0.008373109184847646,0.006979209817973932,0.008989829915806245,0.03653490793892092,286,True
LEVEL_PLUS_JUMP,pooled,infl_exp,real_macro,a,0.25,18,-0.022341135930304484,0.01919763036344319,0.24555115661164037,-0.053918427862487725,0.009236156001878756,285,True
LEVEL_PLUS_JUMP,pooled,infl_exp,real_macro,a,0.25,19,-0.010019819071232644,0.02043623443505687,0.6243221214541871,-0.04363443340296651,0.02359479526050122,284,True
LEVEL_PLUS_JUMP,pooled,infl_exp,real_macro,a,0.25,20,0.01068398956275135,0.00979194843859544,0.2762054555553783,-0.005422332341394165,0.026790311466896866,283,True
LEVEL_PLUS_JUMP,pooled,infl_exp,real_macro,a,0.25,21,-0.03080476032806683,0.011050177011099763,0.005688023507418916,-0.04898068406323006,-0.012628836592903609,282,True
LEVEL_PLUS_JUMP,pooled,infl_exp,real_macro,a,0.25,22,0.037387839563424397,0.010271671962715527,0.00032743656173185316,0.020492442680696017,0.05428323644615278,281,True
LEVEL_PLUS_JUMP,pooled,infl_exp,real_macro,a,0.25,23,0.021408791501297115,0.010263007500751717,0.037930044071238185,0.004527646390255487,0.038289936612338746,280,True
LEVEL_PLUS_JUMP,pooled,infl_exp,real_macro,a,0.25,24,-0.0016621646071020221,0.022421288639794115,0.940960229013823,-0.03854190254719321,0.035217573332989166,279,True
LEVEL_PLUS_JUMP,pooled,freight,physical_channel,a,0.25,0,-0.00030846831918103154,0.0004490394800900693,0.49266417740898494,-0.0010470725366515854,0.0004301358982895223,303,True
LEVEL_PLUS_JUMP,pooled,freight,physical_channel,a,0.25,1,-0.001954998332746094,0.0010678685831121994,0.06817133469530998,-0.003711485844785725,-0.00019851082070646313,302,True
LEVEL_PLUS_JUMP,pooled,freight,physical_channel,a,0.25,2,1.3449355586787892e-05,0.0005688077305829629,0.981152353142188,-0.0009221561031006344,0.0009490548142742102,301,True
LEVEL_PLUS_JUMP,pooled,freight,physical_channel,a,0.25,3,6.616606497718801e-05,0.00046729842981323584,0.8875013867816475,-0.0007024714521698409,0.000834803582124217,300,True
LEVEL_PLUS_JUMP,pooled,freight,physical_channel,a,0.25,4,0.0003643962511775573,0.00042976642838647554,0.39720868364023615,-0.0003425066172959171,0.0010712991196510317,299,True
LEVEL_PLUS_JUMP,pooled,freight,physical_channel,a,0.25,5,-0.0004913495264496923,0.0009444850001166302,0.6033085012032546,-0.002044889104492793,0.0010621900515934085,298,True
LEVEL_PLUS_JUMP,pooled,freight,physical_channel,a,0.25,6,0.0005563823484717391,0.0010520313376219045,0.5973137773487576,-0.0011740552128822594,0.0022868199098257376,297,True
LEVEL_PLUS_JUMP,pooled,freight,physical_channel,a,0.25,7,0.0007122713018314214,0.0005925336434277956,0.23034198158042715,-0.00026235981065155867,0.0016869024143144015,296,True
LEVEL_PLUS_JUMP,pooled,freight,physical_channel,a,0.25,8,0.0030083800664618124,0.0005820259517075799,4.477703321082317e-07,0.002051032568815717,0.003965727564107908,295,True
LEVEL_PLUS_JUMP,pooled,freight,physical_channel,a,0.25,9,-0.004724615022010223,0.0005773946410314436,9.834756077650786e-15,-0.005674344691493137,-0.00377488535252731,294,True
LEVEL_PLUS_JUMP,pooled,freight,physical_channel,a,0.25,10,0.0004444494341855204,0.000549978723758166,0.41970934186176495,-0.00046018506433424084,0.0013490839327052816,293,True
LEVEL_PLUS_JUMP,pooled,freight,physical_channel,a,0.25,11,0.0020211161381858637,0.0005718139315985147,0.0004782229305407521,0.0010805659188546659,0.0029616663575170615,292,False
LEVEL_PLUS_JUMP,pooled,freight,physical_channel,a,0.25,12,-0.00035007442043252096,0.0005922241455058129,0.5549233202838745,-0.0013241964541359937,0.0006240476132709519,291,True
LEVEL_PLUS_JUMP,pooled,freight,physical_channel,a,0.25,13,0.0008235130634865057,0.0011060766288246526,0.4571861648221012,-0.0009958210911219815,0.002642847218094993,290,True
LEVEL_PLUS_JUMP,pooled,freight,physical_channel,a,0.25,14,0.0007434106566156923,0.0005554181556607437,0.18184873025188528,-0.0001701709111975794,0.001656992224428964,289,True
LEVEL_PLUS_JUMP,pooled,freight,physical_channel,a,0.25,15,-0.0007090121848589764,0.0005507477223312881,0.1990541883447936,-0.001614911573470858,0.00019688720375290515,288,True
LEVEL_PLUS_JUMP,pooled,freight,physical_channel,a,0.25,16,-0.0013401461329271523,0.0011235147911537163,0.23397721498981147,-0.0031881635120899685,0.0005078712462356636,287,True
LEVEL_PLUS_JUMP,pooled,freight,physical_channel,a,0.25,17,7.27733559676147e-05,0.0006049562533336717,0.904338085372887,-0.0009222911314752489,0.0010678378434104783,286,True
LEVEL_PLUS_JUMP,pooled,freight,physical_channel,a,0.25,18,-0.001000219171717498,0.0006000076710852748,0.0966675040150774,-0.001987143965700818,-1.329437773417777e-05,285,True
LEVEL_PLUS_JUMP,pooled,freight,physical_channel,a,0.25,19,0.001896324533491367,0.0005160881466659098,0.0002874632206509195,0.001047435073621282,0.002745213993361452,284,True
LEVEL_PLUS_JUMP,pooled,freight,physical_channel,a,0.25,20,0.00017992692229239216,0.0010397932385685174,0.8627492857166432,-0.001530380757446651,0.0018902346020314353,283,True
LEVEL_PLUS_JUMP,pooled,freight,physical_channel,a,0.25,21,0.0021921423972558547,0.0010063988790791393,0.030262614942994592,0.0005367635508426365,0.003847521243669073,282,True
LEVEL_PLUS_JUMP,pooled,freight,physical_channel,a,0.25,22,-8.99114486335971e-05,0.0005631936721952059,0.8732808782025454,-0.0010162826030200001,0.0008364597057528058,281,True
LEVEL_PLUS_JUMP,pooled,freight,physical_channel,a,0.25,23,-0.0018857151191242118,0.0005798216806735569,0.0012928342319244533,-0.0028394369135652103,-0.0009319933246832135,280,True
LEVEL_PLUS_JUMP,pooled,freight,physical_channel,a,0.25,24,0.0002889720256434125,0.0005025143588478379,0.5657438489134005,-0.0005375905401026472,0.0011155345913894722,279,True
LEVEL_PLUS_JUMP,pooled,oil,asset_price,a,0.5,0,-0.004578907003785595,0.0040610044196372356,0.2604534279095906,-0.01125866485249186,0.0021008508449206703,303,True
LEVEL_PLUS_JUMP,pooled,oil,asset_price,a,0.5,1,-0.004193443561508088,0.004115363166861581,0.30907103909741646,-0.010962613592742858,0.0025757264697266807,302,True
LEVEL_PLUS_JUMP,pooled,oil,asset_price,a,0.5,2,-0.00022069394810856832,0.004262641476553529,0.9587447987872627,-0.007232115241211419,0.006790727344994282,301,True
LEVEL_PLUS_JUMP,pooled,oil,asset_price,a,0.5,3,-0.003159279712211485,0.004415423172624395,0.4748776467085195,-0.010422004532228298,0.004103445107805327,300,True
LEVEL_PLUS_JUMP,pooled,oil,asset_price,a,0.5,4,0.002730255319310204,0.004669870451503456,0.5592433760396526,-0.004950998030238764,0.010411508668859173,299,True
LEVEL_PLUS_JUMP,pooled,oil,asset_price,a,0.5,5,-0.0019378288677172062,0.004402600908063419,0.6601593066299162,-0.009179462939365167,0.005303805203930754,298,True
LEVEL_PLUS_JUMP,pooled,oil,asset_price,a,0.5,6,0.002350479254516399,0.004536624271680834,0.6047849746682462,-0.005111603632873901,0.009812562141906699,297,True
LEVEL_PLUS_JUMP,pooled,oil,asset_price,a,0.5,7,-0.004569891220487472,0.004403988678987862,0.30031219174356866,-0.011813807972173879,0.0026740255311989355,296,True
LEVEL_PLUS_JUMP,pooled,oil,asset_price,a,0.5,8,0.003866456009742201,0.00431748235795981,0.37126771522458357,-0.003235170506046987,0.01096808252553139,295,True
LEVEL_PLUS_JUMP,pooled,oil,asset_price,a,0.5,9,-0.0002526023899612831,0.004313650243068293,0.9533452584526503,-0.007347925637672265,0.006842720857749699,294,True
LEVEL_PLUS_JUMP,pooled,oil,asset_price,a,0.5,10,0.0034201449767171906,0.004336610845262386,0.43097586432980484,-0.0037129451007897355,0.010553235054224116,293,True
LEVEL_PLUS_JUMP,pooled,oil,asset_price,a,0.5,11,0.0020324243469765912,0.004505187399843043,0.6522476849887063,-0.005377949487751311,0.009442798181704494,292,True
LEVEL_PLUS_JUMP,pooled,oil,asset_price,a,0.5,12,-0.007054428697012501,0.004469622991753154,0.11563680460666861,-0.014406304286103367,0.0002974468920783641,291,True
LEVEL_PLUS_JUMP,pooled,oil,asset_price,a,0.5,13,0.00020936303208278105,0.004404682564405883,0.9621236636938344,-0.007035695059550148,0.007454421123715709,290,True
LEVEL_PLUS_JUMP,pooled,oil,asset_price,a,0.5,14,0.0055444016927969665,0.004308172630593104,0.19919401027047226,-0.0015419116841671647,0.012630715069761097,289,True
LEVEL_PLUS_JUMP,pooled,oil,asset_price,a,0.5,15,0.0007884810041800487,0.004450896683858888,0.859520627323038,-0.006532592549451524,0.008109554557811621,288,True
LEVEL_PLUS_JUMP,pooled,oil,asset_price,a,0.5,16,0.003581112183044889,0.004442862464366319,0.4209229820411663,-0.0037267462555146073,0.010888970621604386,287,True
LEVEL_PLUS_JUMP,pooled,oil,asset_price,a,0.5,17,-0.008988372255744111,0.004520334412955472,0.047766139040600786,-0.016423660709927474,-0.0015530838015607494,286,True
LEVEL_PLUS_JUMP,pooled,oil,asset_price,a,0.5,18,-0.009253953353271362,0.0045908103038834365,0.04481237446525406,-0.016805164332260224,-0.0017027423742825018,285,True
LEVEL_PLUS_JUMP,pooled,oil,asset_price,a,0.5,19,0.00645567029971467,0.004696670372178774,0.1704198462445663,-0.0012696649965591071,0.014181005595988446,284,True
LEVEL_PLUS_JUMP,pooled,oil,asset_price,a,0.5,20,0.00402277721785408,0.004493968407754152,0.3715070137322798,-0.0033691430170456685,0.011414697452753829,283,False
LEVEL_PLUS_JUMP,pooled,oil,asset_price,a,0.5,21,0.00040006149162566396,0.004543634274296479,0.9299036552219789,-0.00707355182399192,0.007873674807243249,282,True
LEVEL_PLUS_JUMP,pooled,oil,asset_price,a,0.5,22,0.0013089711209895334,0.004582004142197918,0.775347370272742,-0.006227755011011382,0.008845697252990448,281,True
LEVEL_PLUS_JUMP,pooled,oil,asset_price,a,0.5,23,-0.0054140747447543325,0.004365417808169704,0.2159872255184211,-0.012594548059680816,0.0017663985701721506,280,True
LEVEL_PLUS_JUMP,pooled,oil,asset_price,a,0.5,24,-0.0005721062655592685,0.0043984710627655264,0.8966102367867931,-0.007806947346190241,0.006662734815071705,279,True
LEVEL_PLUS_JUMP,pooled,dxy,asset_price,a,0.5,0,0.000685217029861027,0.0008109892216052473,0.39885716992172354,-0.0006487415327149154,0.002019175592436969,303,True
LEVEL_PLUS_JUMP,pooled,dxy,asset_price,a,0.5,1,-0.0002161571545063216,0.0008237186950788532,0.7931881676251995,-0.001571053837694507,0.0011387395286818639,302,True
LEVEL_PLUS_JUMP,pooled,dxy,asset_price,a,0.5,2,0.0007333619509316347,0.0008115328569039774,0.36692563433560893,-0.0006014908121371625,0.002068214714000432,301,True
LEVEL_PLUS_JUMP,pooled,dxy,asset_price,a,0.5,3,0.000922404115890891,0.0008166359018337631,0.25962626570468356,-0.00042084240913916053,0.0022656506409209423,300,True
LEVEL_PLUS_JUMP,pooled,dxy,asset_price,a,0.5,4,0.00013190182485076454,0.0008082696602826838,0.870484203779181,-0.0011975834574200423,0.0014613871071215714,299,True
LEVEL_PLUS_JUMP,pooled,dxy,asset_price,a,0.5,5,-0.000611110519430705,0.0008051003907018406,0.44845286189298783,-0.0019353828171366748,0.0007131617782752647,298,True
LEVEL_PLUS_JUMP,pooled,dxy,asset_price,a,0.5,6,-0.001206150340632079,0.0008320491998993499,0.14827339165668507,-0.002574749484888595,0.0001624488036244371,297,True
LEVEL_PLUS_JUMP,pooled,dxy,asset_price,a,0.5,7,-0.0014423683281647873,0.0008449552875174831,0.08891626260147563,-0.0028321960974497435,-5.2540558879831094e-05,296,True
LEVEL_PLUS_JUMP,pooled,dxy,asset_price,a,0.5,8,-0.0013568008701110102,0.0007954781440557954,0.08917979395561956,-0.0026652459805218106,-4.835575970020957e-05,295,True
LEVEL_PLUS_JUMP,pooled,dxy,asset_price,a,0.5,9,0.0006380669433311413,0.0007995364222504473,0.42552003084306195,-0.0006770534406873106,0.001953187327349593,294,True
LEVEL_PLUS_JUMP,pooled,dxy,asset_price,a,0.5,10,-0.00033036286706130476,0.0008330883456588141,0.6920009737741718,-0.001700671253989207,0.0010399455198665975,293,True
LEVEL_PLUS_JUMP,pooled,dxy,asset_price,a,0.5,11,0.0003017764342250469,0.0008234982684697145,0.7143030810225949,-0.0010527576794556203,0.001656310547905714,292,True
LEVEL_PLUS_JUMP,pooled,dxy,asset_price,a,0.5,12,-2.4169910564717477e-05,0.0008108914585376687,0.9762427656251176,-0.001357967667204371,0.001309627846074936,291,True
LEVEL_PLUS_JUMP,pooled,dxy,asset_price,a,0.5,13,-6.779256956090593e-05,0.000854888271726235,0.9368515366354346,-0.0014739586439480791,0.0013383735048262673,290,True
LEVEL_PLUS_JUMP,pooled,dxy,asset_price,a,0.5,14,-0.0012827861973207907,0.0008352358187246169,0.12572803368498675,-0.0026566268631097595,9.10544684681778e-05,289,True
LEVEL_PLUS_JUMP,pooled,dxy,asset_price,a,0.5,15,-0.0006165817180450004,0.0008455884784098905,0.4665176363577483,-0.0020074509936658853,0.0007742875575758846,288,True
LEVEL_PLUS_JUMP,pooled,dxy,asset_price,a,0.5,16,-0.0003566852451005187,0.0008325120812063907,0.6686653523468072,-0.001726045761353769,0.0010126752711527316,287,True
LEVEL_PLUS_JUMP,pooled,dxy,asset_price,a,0.5,17,-0.0004069312832688187,0.0008640991507429867,0.6380672903824381,-0.0018282479054141073,0.0010143853388764699,286,True
LEVEL_PLUS_JUMP,pooled,dxy,asset_price,a,0.5,18,-0.0008122828151355408,0.0008455839165332409,0.3376007544318074,-0.002203144587137073,0.0005785789568659916,285,True
LEVEL_PLUS_JUMP,pooled,dxy,asset_price,a,0.5,19,-0.0015398420267599463,0.0008470175107120961,0.07017872618966746,-0.0029330618513461453,-0.00014662220217374748,284,True
LEVEL_PLUS_JUMP,pooled,dxy,asset_price,a,0.5,20,-0.0013616060459934187,0.0008155747089134582,0.09618061212823785,-0.0027031070639996118,-2.0105027987225898e-05,283,True
LEVEL_PLUS_JUMP,pooled,dxy,asset_price,a,0.5,21,0.0012119586290807378,0.0008263685357512598,0.14365515586370387,-0.00014729665414829922,0.0025712139123097747,282,True
LEVEL_PLUS_JUMP,pooled,dxy,asset_price,a,0.5,22,-8.550593634662756e-05,0.0008491807967793429,0.9198703213084557,-0.0014822840498666706,0.0013112721771734157,281,True
LEVEL_PLUS_JUMP,pooled,dxy,asset_price,a,0.5,23,-0.0021052179950292304,0.0008332081484245287,0.012096362951234547,-0.003475723439970837,-0.0007347125500876237,280,True
LEVEL_PLUS_JUMP,pooled,dxy,asset_price,a,0.5,24,-0.0005520757433500035,0.0008122024617273244,0.4972708155018394,-0.0018880299083411072,0.0007838784216411003,279,True
LEVEL_PLUS_JUMP,pooled,vix,asset_price,a,0.5,0,0.3487096816223527,0.15076790899794354,0.0214308974051062,0.10071853967919578,0.5967008235655097,303,False
LEVEL_PLUS_JUMP,pooled,vix,asset_price,a,0.5,1,-0.015806350243298795,0.16439181580245205,0.9234679391766788,-0.2862068247071004,0.2545941242205028,302,True
LEVEL_PLUS_JUMP,pooled,vix,asset_price,a,0.5,2,0.029508145227529425,0.18210128306098727,0.8713864161956509,-0.2700218106878522,0.32903810114291104,301,True
LEVEL_PLUS_JUMP,pooled,vix,asset_price,a,0.5,3,-0.10296179910677417,0.20406176079894564,0.6142550596822013,-0.43861352647902363,0.2326899282654753,300,True
LEVEL_PLUS_JUMP,pooled,vix,asset_price,a,0.5,4,-0.010129056377802925,0.20593416242487245,0.9608056022121843,-0.3488606103555679,0.3286024975999621,299,True
LEVEL_PLUS_JUMP,pooled,vix,asset_price,a,0.5,5,-0.1528814605691622,0.22171535792516844,0.49104693887952183,-0.5175707712032194,0.21180785006489494,298,True
LEVEL_PLUS_JUMP,pooled,vix,asset_price,a,0.5,6,0.09906993748331594,0.22650987014804422,0.6621724081453494,-0.2735056439700016,0.4716455189366335,297,True
LEVEL_PLUS_JUMP,pooled,vix,asset_price,a,0.5,7,0.02966890869782901,0.2286264044754551,0.8968407041926049,-0.3463880619204976,0.4057258793161556,296,True
LEVEL_PLUS_JUMP,pooled,vix,asset_price,a,0.5,8,0.26439347840496197,0.22989392517670335,0.2510939820294926,-0.11374837823604889,0.6425353350459728,295,True
LEVEL_PLUS_JUMP,pooled,vix,asset_price,a,0.5,9,0.5729463381982782,0.2488673988660047,0.0220567602227062,0.16359589454355167,0.9822967818530048,294,True
LEVEL_PLUS_JUMP,pooled,vix,asset_price,a,0.5,10,0.5653619945760369,0.2570823856402122,0.028688031765296395,0.1424991001303968,0.9882248890216769,293,True
LEVEL_PLUS_JUMP,pooled,vix,asset_price,a,0.5,11,0.992886425190938,0.2806032703038382,0.0004716360104701328,0.5313351182972254,1.4544377320846507,292,True
LEVEL_PLUS_JUMP,pooled,vix,asset_price,a,0.5,12,0.548514497101408,0.2803390285720207,0.05139774186457954,0.08739782917866734,1.0096311650241487,291,True
LEVEL_PLUS_JUMP,pooled,vix,asset_price,a,0.5,13,0.350089550918085,0.28654341730498106,0.22283789379784386,-0.1212324283150823,0.8214115301512523,290,True
LEVEL_PLUS_JUMP,pooled,vix,asset_price,a,0.5,14,-0.013092435638100142,0.28836183971040225,0.963819198995795,-0.48740545356015436,0.4612205822839541,289,False
LEVEL_PLUS_JUMP,pooled,vix,asset_price,a,0.5,15,0.08626783192084986,0.292410616159762,0.7681997934468046,-0.3947048306286494,0.5672404944703491,288,True
LEVEL_PLUS_JUMP,pooled,vix,asset_price,a,0.5,16,0.4958077590914627,0.2916304748514458,0.0902466381568394,0.016118314802481992,0.9754972033804434,287,False
LEVEL_PLUS_JUMP,pooled,vix,asset_price,a,0.5,17,0.416003985104588,0.2860214937317328,0.1469745261048497,-0.05445950624613044,0.8864674764553064,286,True
LEVEL_PLUS_JUMP,pooled,vix,asset_price,a,0.5,18,0.011216675548581634,0.2861117396063994,0.9687567463089158,-0.4593952570563996,0.4818286081535629,285,True
LEVEL_PLUS_JUMP,pooled,vix,asset_price,a,0.5,19,-0.3369035943306642,0.28454684847787937,0.23745418110981797,-0.8049415100871151,0.13113432142578668,284,True
LEVEL_PLUS_JUMP,pooled,vix,asset_price,a,0.5,20,0.02432118947035633,0.2830441293596978,0.9315882105013341,-0.44124497329426426,0.4898873522349769,283,False
LEVEL_PLUS_JUMP,pooled,vix,asset_price,a,0.5,21,-0.44288604034522905,0.27322342720807313,0.10620073552440985,-0.8922985855565397,0.006526504866081584,282,True
LEVEL_PLUS_JUMP,pooled,vix,asset_price,a,0.5,22,-0.03135022683437505,0.27254691762564254,0.9085102575028917,-0.4796500128053573,0.4169495591366072,281,True
LEVEL_PLUS_JUMP,pooled,vix,asset_price,a,0.5,23,-0.9132349782465639,0.2664824140488059,0.0007069290714081559,-1.3515595435135261,-0.4749104129796015,280,True
LEVEL_PLUS_JUMP,pooled,vix,asset_price,a,0.5,24,-0.12082040980675313,0.2733384938771223,0.6588370154604136,-0.5704222228459905,0.3287814032324842,279,True
LEVEL_PLUS_JUMP,pooled,us10y,asset_price,a,0.5,0,0.005394327168608104,0.01104405774600255,0.625610696551758,-0.01277153127116569,0.023560185608381898,303,True
LEVEL_PLUS_JUMP,pooled,us10y,asset_price,a,0.5,1,0.015557135243145148,0.01085564299790365,0.15291617612302516,-0.002298808514847024,0.03341307900113732,302,True
LEVEL_PLUS_JUMP,pooled,us10y,asset_price,a,0.5,2,0.008069440775335508,0.010983481750397449,0.46312891638494363,-0.00999677901836104,0.026135660569032056,301,True
LEVEL_PLUS_JUMP,pooled,us10y,asset_price,a,0.5,3,-0.011197779569146027,0.011085346799412242,0.31328087447884356,-0.029431552458174148,0.007035993319882094,300,True
LEVEL_PLUS_JUMP,pooled,us10y,asset_price,a,0.5,4,-0.014963242391970999,0.011306796923528135,0.18676811503708052,-0.03356126832084,0.003634783536898001,299,True
LEVEL_PLUS_JUMP,pooled,us10y,asset_price,a,0.5,5,0.0210153926949085,0.011255685026971555,0.0629189943161829,0.0025014383544709577,0.03952934703534604,298,True
LEVEL_PLUS_JUMP,pooled,us10y,asset_price,a,0.5,6,-0.015974328521052922,0.011459479341987027,0.16441604696461884,-0.034823494679695755,0.0028748376375899096,297,True
LEVEL_PLUS_JUMP,pooled,us10y,asset_price,a,0.5,7,-0.000878772044272164,0.011846628934131964,0.9409204815467008,-0.02036474261372738,0.018607198525183048,296,True
LEVEL_PLUS_JUMP,pooled,us10y,asset_price,a,0.5,8,-0.010322025237309296,0.011680556782529997,0.37761743349449256,-0.02953483142586638,0.00889078095124779,295,True
LEVEL_PLUS_JUMP,pooled,us10y,asset_price,a,0.5,9,-0.023213118393907273,0.011455173915181112,0.04366840759202893,-0.04205520275565282,-0.004371034032161724,294,True
LEVEL_PLUS_JUMP,pooled,us10y,asset_price,a,0.5,10,-0.01873219317566832,0.01143439795893936,0.10250059106074282,-0.037540104130436236,7.571777909959332e-05,293,True
LEVEL_PLUS_JUMP,pooled,us10y,asset_price,a,0.5,11,-0.01630888616252042,0.010646973943438179,0.12671238500685866,-0.033821599869442526,0.001203827544401688,292,True
LEVEL_PLUS_JUMP,pooled,us10y,asset_price,a,0.5,12,0.002962523882671708,0.011134058219497948,0.7903773593722928,-0.015351372162358344,0.02127641992770176,291,True
LEVEL_PLUS_JUMP,pooled,us10y,asset_price,a,0.5,13,0.01620792752336927,0.011229590608866418,0.1500634967132923,-0.002263105318804852,0.03467896036554339,290,True
LEVEL_PLUS_JUMP,pooled,us10y,asset_price,a,0.5,14,-0.017285612581160674,0.011160504587716353,0.12257502452226865,-0.03564300903087446,0.0010717838685531146,289,True
LEVEL_PLUS_JUMP,pooled,us10y,asset_price,a,0.5,15,0.0018446249610121965,0.011520053980045873,0.8729022072625636,-0.017104177610743,0.020793427532767392,288,True
LEVEL_PLUS_JUMP,pooled,us10y,asset_price,a,0.5,16,-0.010456282450702943,0.012056406696960825,0.3865501836614362,-0.03028730673420097,0.009374741832795087,287,True
LEVEL_PLUS_JUMP,pooled,us10y,asset_price,a,0.5,17,0.007623408484541946,0.012284285826012792,0.5353942151305124,-0.012582443610883755,0.02782926057996765,286,True
LEVEL_PLUS_JUMP,pooled,us10y,asset_price,a,0.5,18,-0.0005024346157980197,0.012035652008866693,0.9667323011177776,-0.02029932047530817,0.01929445124371213,285,True
LEVEL_PLUS_JUMP,pooled,us10y,asset_price,a,0.5,19,-0.027624146865395077,0.012110354969095554,0.02332545931764588,-0.04754390815998168,-0.007704385570808471,284,True
LEVEL_PLUS_JUMP,pooled,us10y,asset_price,a,0.5,20,0.006258764036636319,0.012050712954093355,0.6039306625900012,-0.013562894873255224,0.026080422946527862,283,False
LEVEL_PLUS_JUMP,pooled,us10y,asset_price,a,0.5,21,0.039125792100625084,0.01169128255640656,0.0009352714682737841,0.019895343584005274,0.0583562406172449,282,True
LEVEL_PLUS_JUMP,pooled,us10y,asset_price,a,0.5,22,-0.0025214225667814782,0.011209641846634496,0.8222031573706355,-0.020959642615045227,0.01591679748148227,281,True
LEVEL_PLUS_JUMP,pooled,us10y,asset_price,a,0.5,23,-0.03237626670969751,0.0111211608656307,0.0039051067691781684,-0.050668948495440944,-0.01408358492395408,280,True
LEVEL_PLUS_JUMP,pooled,us10y,asset_price,a,0.5,24,0.008744578306972464,0.011181197429945352,0.4348664501146416,-0.009646854839333627,0.027136011453278555,279,True
LEVEL_PLUS_JUMP,pooled,ip,real_macro,a,0.5,0,-0.0028911376280095734,0.02420254689838781,0.9049971520971475,-0.04270078467528586,0.03691850941926672,303,True
LEVEL_PLUS_JUMP,pooled,ip,real_macro,a,0.5,1,-0.017557869436488155,0.024047841281152324,0.4659087889999484,-0.05711304838814489,0.02199730951516858,302,True
LEVEL_PLUS_JUMP,pooled,ip,real_macro,a,0.5,2,0.005661333665062534,0.024449330770892896,0.8170496543228699,-0.03455423672997689,0.04587690406010195,301,True
LEVEL_PLUS_JUMP,pooled,ip,real_macro,a,0.5,3,0.03171742181257209,0.027172458749835593,0.24407619939478767,-0.012977295515284253,0.07641213914042844,300,True
LEVEL_PLUS_JUMP,pooled,ip,real_macro,a,0.5,4,-0.0017879962312008502,0.027385333088403074,0.9479886498895678,-0.04683286068693481,0.04325686822453311,299,True
LEVEL_PLUS_JUMP,pooled,ip,real_macro,a,0.5,5,0.028274969464081826,0.026519194138438396,0.28723531321751866,-0.015345223198358793,0.07189516212652244,298,True
LEVEL_PLUS_JUMP,pooled,ip,real_macro,a,0.5,6,0.01308220650104534,0.02725845353071083,0.6316464043192879,-0.031753959654032535,0.05791837265612321,297,True
LEVEL_PLUS_JUMP,pooled,ip,real_macro,a,0.5,7,0.01088344241882276,0.02714129697811456,0.6887296870554669,-0.033760018355796007,0.05552690319344153,296,True
LEVEL_PLUS_JUMP,pooled,ip,real_macro,a,0.5,8,-0.08931918583128964,0.02588069003291152,0.0006439150403875562,-0.13188913269993097,-0.046749238962648314,295,True
LEVEL_PLUS_JUMP,pooled,ip,real_macro,a,0.5,9,-0.011900416478566697,0.025779187647623755,0.6447059399562344,-0.054303406780623224,0.03050257382348983,294,True
LEVEL_PLUS_JUMP,pooled,ip,real_macro,a,0.5,10,-0.015240528415542381,0.024771340175546018,0.5388921670865758,-0.055985757147737965,0.025504700316653202,293,True
LEVEL_PLUS_JUMP,pooled,ip,real_macro,a,0.5,11,-0.0034108261608612953,0.026368340920763216,0.8971718087014413,-0.04678288736107159,0.039961235039349,292,True
LEVEL_PLUS_JUMP,pooled,ip,real_macro,a,0.5,12,-0.021339042788105844,0.02432406021562432,0.38109410078791006,-0.061348561455961514,0.018670475879749824,291,True
LEVEL_PLUS_JUMP,pooled,ip,real_macro,a,0.5,13,0.015018898163342089,0.025402813338051538,0.5548504026171568,-0.026765011490523214,0.056802807817207396,290,True
LEVEL_PLUS_JUMP,pooled,ip,real_macro,a,0.5,14,-0.07841319544317626,0.02531251216755038,0.0021514001195019035,-0.12004857288922477,-0.03677781799712775,289,True
LEVEL_PLUS_JUMP,pooled,ip,real_macro,a,0.5,15,0.03016461063528808,0.026465003551428917,0.2553681784620034,-0.013366446443563364,0.07369566771413952,288,True
LEVEL_PLUS_JUMP,pooled,ip,real_macro,a,0.5,16,-0.0014342061899743352,0.026491587530003528,0.9568646743065593,-0.04500899002240303,0.04214057764245436,287,True
LEVEL_PLUS_JUMP,pooled,ip,real_macro,a,0.5,17,-0.019163335033048776,0.026415560796032404,0.46879582889847105,-0.0626130660163598,0.02428639595026224,286,True
LEVEL_PLUS_JUMP,pooled,ip,real_macro,a,0.5,18,-0.03370896904713894,0.02758171302691942,0.22271313675891788,-0.07907684975700202,0.01165891166272414,285,True
LEVEL_PLUS_JUMP,pooled,ip,real_macro,a,0.5,19,-0.006607323946605653,0.02826082134103024,0.8153189603472973,-0.05309223843002681,0.039877590536815506,284,True
LEVEL_PLUS_JUMP,pooled,ip,real_macro,a,0.5,20,-9.159534131331082e-05,0.02880632530308282,0.9974653311182285,-0.047473783995233054,0.04729059331260643,283,True
LEVEL_PLUS_JUMP,pooled,ip,real_macro,a,0.5,21,0.01679587774582718,0.028934287403291428,0.5620763462755588,-0.03079678983273302,0.06438854532438737,282,True
LEVEL_PLUS_JUMP,pooled,ip,real_macro,a,0.5,22,-0.014515703063528784,0.028533149551182288,0.6113607680924967,-0.06144855759113974,0.032417151464082174,281,False
LEVEL_PLUS_JUMP,pooled,ip,real_macro,a,0.5,23,0.022318989806130195,0.028357962475645537,0.4319562511383671,-0.024325707624889115,0.0689636872371495,280,True
LEVEL_PLUS_JUMP,pooled,ip,real_macro,a,0.5,24,0.0008823039374113734,0.028222318621616373,0.9750836242233245,-0.04553927920833439,0.04730388708315714,279,True
LEVEL_PLUS_JUMP,pooled,cpi,real_macro,a,0.5,0,-0.027825871908421007,0.00903976791839771,0.002282800042611475,-0.04269496695579704,-0.012956776861044975,303,False
LEVEL_PLUS_JUMP,pooled,cpi,real_macro,a,0.5,1,-0.011591839042877916,0.010281663902778385,0.26049984782835206,-0.028503671204458972,0.00531999311870314,302,True
LEVEL_PLUS_JUMP,pooled,cpi,real_macro,a,0.5,2,-0.010336490858546165,0.01051369121967159,0.32636377203649636,-0.027629973993870828,0.006956992276778498,301,True
LEVEL_PLUS_JUMP,pooled,cpi,real_macro,a,0.5,3,-0.003475216345371346,0.01070791355600272,0.7457615387372196,-0.021088166795045257,0.014137734104302566,300,True
LEVEL_PLUS_JUMP,pooled,cpi,real_macro,a,0.5,4,-0.0013134414771563269,0.01085115960632536,0.9037433958303352,-0.019162010712249905,0.01653512775793725,299,True
LEVEL_PLUS_JUMP,pooled,cpi,real_macro,a,0.5,5,0.0024039216928559703,0.010662720222264575,0.8217905324156795,-0.015134692337904723,0.019942535723616664,298,True
LEVEL_PLUS_JUMP,pooled,cpi,real_macro,a,0.5,6,0.007646207345353706,0.010584832224638602,0.4706610801409642,-0.009764292330015918,0.02505670702072333,297,True
LEVEL_PLUS_JUMP,pooled,cpi,real_macro,a,0.5,7,-0.004016901958950658,0.010723739016637222,0.7082541095639698,-0.02165588297494741,0.013622079057046092,296,False
LEVEL_PLUS_JUMP,pooled,cpi,real_macro,a,0.5,8,-0.004113097878601882,0.010950629952032415,0.7074948672362942,-0.022125281272605823,0.01389908551540206,295,True
LEVEL_PLUS_JUMP,pooled,cpi,real_macro,a,0.5,9,-0.0006318301556672012,0.009967493159665892,0.9495019161950773,-0.017026897430957633,0.01576323711962323,294,True
LEVEL_PLUS_JUMP,pooled,cpi,real_macro,a,0.5,10,-0.001004515065435821,0.009853199596744654,0.9188710939499671,-0.01721158615921805,0.015202556028346408,293,True
LEVEL_PLUS_JUMP,pooled,cpi,real_macro,a,0.5,11,-0.0016784449810621493,0.010121424659817283,0.8684105609147089,-0.018326707042678678,0.014969817080554379,292,True
LEVEL_PLUS_JUMP,pooled,cpi,real_macro,a,0.5,12,0.0015704363275180905,0.010513318417368073,0.8813657303606602,-0.015722433602585496,0.018863306257621677,291,True
LEVEL_PLUS_JUMP,pooled,cpi,real_macro,a,0.5,13,-0.0014935871923238836,0.010319515433160611,0.8850263388164886,-0.018467679580939807,0.01548050519629204,290,True
LEVEL_PLUS_JUMP,pooled,cpi,real_macro,a,0.5,14,-0.003454009548122472,0.010330339103045497,0.7383658856756692,-0.020445905289405476,0.013537886193160532,289,True
LEVEL_PLUS_JUMP,pooled,cpi,real_macro,a,0.5,15,0.009943451090825742,0.01047655998539742,0.34339893508876784,-0.0072889565991298665,0.02717585878078135,288,True
LEVEL_PLUS_JUMP,pooled,cpi,real_macro,a,0.5,16,0.013896009643366871,0.010360484386491241,0.18095373653247768,-0.003145470676727345,0.030937489963461087,287,True
LEVEL_PLUS_JUMP,pooled,cpi,real_macro,a,0.5,17,-0.003489407922494303,0.010412228671346295,0.7377883939572459,-0.020616000017206364,0.013637184172217758,286,False
LEVEL_PLUS_JUMP,pooled,cpi,real_macro,a,0.5,18,-0.026236695587114084,0.01021788110225952,0.010773532485236279,-0.04304361437792456,-0.009429776796303607,285,True
LEVEL_PLUS_JUMP,pooled,cpi,real_macro,a,0.5,19,-0.014984297730447557,0.010645972153447491,0.16042681182920993,-0.03249536363947004,0.0025267681785749244,284,True
LEVEL_PLUS_JUMP,pooled,cpi,real_macro,a,0.5,20,-0.00621200777499499,0.01096559417426345,0.5715263504673819,-0.024248805124210158,0.011824789574220177,283,True
LEVEL_PLUS_JUMP,pooled,cpi,real_macro,a,0.5,21,0.0038714009980446995,0.01103056968341512,0.7258864572743291,-0.014272271553061613,0.022015073549151012,282,True
LEVEL_PLUS_JUMP,pooled,cpi,real_macro,a,0.5,22,0.009271737211381859,0.011035799240809826,0.4015754434181258,-0.008880537196172485,0.027424011618936203,281,True
LEVEL_PLUS_JUMP,pooled,cpi,real_macro,a,0.5,23,0.005212826233584841,0.011325062295101565,0.6456832754407279,-0.013415243557964333,0.023840896025134013,280,True
LEVEL_PLUS_JUMP,pooled,cpi,real_macro,a,0.5,24,-0.011796578459034368,0.010890871793953035,0.2797210788704153,-0.029710468429981506,0.006117311511912769,279,True
LEVEL_PLUS_JUMP,pooled,infl_exp,real_macro,a,0.5,0,-0.03236714697670018,0.011198635161652178,0.004140752418637997,-0.05078726263925005,-0.013947031314150309,303,True
LEVEL_PLUS_JUMP,pooled,infl_exp,real_macro,a,0.5,1,-0.028335676484614436,0.011409339247075063,0.013576938882604469,-0.04710236952628563,-0.00956898344294324,302,True
LEVEL_PLUS_JUMP,pooled,infl_exp,real_macro,a,0.5,2,0.032711130401046784,0.01203580875085655,0.006971062207199068,0.012913986723906118,0.05250827407818745,301,True
LEVEL_PLUS_JUMP,pooled,infl_exp,real_macro,a,0.5,3,0.005685372722643304,0.011339768612476368,0.6164993557411724,-0.012966886808378913,0.02433763225366552,300,True
LEVEL_PLUS_JUMP,pooled,infl_exp,real_macro,a,0.5,4,0.007755866210066513,0.0111098781379491,0.4856804506557074,-0.010518257140127933,0.02602998956026096,299,True
LEVEL_PLUS_JUMP,pooled,infl_exp,real_macro,a,0.5,5,0.025447926078674844,0.01097733487160588,0.021147461671414885,0.007391817000853038,0.043504035156496645,298,True
LEVEL_PLUS_JUMP,pooled,infl_exp,real_macro,a,0.5,6,0.004336222003245353,0.010668838913100418,0.6847279530510417,-0.013212456378328873,0.021884900384819578,297,True
LEVEL_PLUS_JUMP,pooled,infl_exp,real_macro,a,0.5,7,-0.0030108458338895705,0.011177268534572902,0.7878402386156831,-0.021395816522392374,0.015374124854613234,296,True
LEVEL_PLUS_JUMP,pooled,infl_exp,real_macro,a,0.5,8,0.0014872639744607334,0.011114789762288869,0.8936490313025539,-0.016794938278843204,0.01976946622776467,295,True
LEVEL_PLUS_JUMP,pooled,infl_exp,real_macro,a,0.5,9,-0.0018891711601703234,0.011364947137660703,0.8680975810826898,-0.020582845679663283,0.016804503359322636,294,True
LEVEL_PLUS_JUMP,pooled,infl_exp,real_macro,a,0.5,10,-2.9677241845826874e-05,0.011342806204813111,0.997914292340403,-0.018686933167640335,0.01862757868394868,293,True
LEVEL_PLUS_JUMP,pooled,infl_exp,real_macro,a,0.5,11,-0.0049358746888571725,0.011037679489747657,0.6550903531832233,-0.023091241830696482,0.013219492452982137,292,True
LEVEL_PLUS_JUMP,pooled,infl_exp,real_macro,a,0.5,12,-0.0006101746445401623,0.010799566199647184,0.9549842904798951,-0.01837388027753236,0.017153530988452036,291,True
LEVEL_PLUS_JUMP,pooled,infl_exp,real_macro,a,0.5,13,-0.004474580834094077,0.010203568567104566,0.6613444831532285,-0.021257957599544058,0.012308795931355903,290,True
LEVEL_PLUS_JUMP,pooled,infl_exp,real_macro,a,0.5,14,0.004436755903975728,0.010384056408108704,0.6695198234163952,-0.012643496941370552,0.021517008749322008,289,True
LEVEL_PLUS_JUMP,pooled,infl_exp,real_macro,a,0.5,15,-0.000617925261066743,0.010591224509459523,0.953517833950328,-0.018038939309308565,0.01680308878717508,288,True
LEVEL_PLUS_JUMP,pooled,infl_exp,real_macro,a,0.5,16,0.00867059560724319,0.010303955362806956,0.4008143067542204,-0.008277902743215906,0.025619093957702285,287,True
LEVEL_PLUS_JUMP,pooled,infl_exp,real_macro,a,0.5,17,0.01876050819675057,0.010491174809639209,0.07485380415109462,0.0015040612601335962,0.03601695513336754,286,True
LEVEL_PLUS_JUMP,pooled,infl_exp,real_macro,a,0.5,18,-0.029895733596538313,0.010772529384466498,0.005901080051059106,-0.04761496762601934,-0.012176499567057283,285,True
LEVEL_PLUS_JUMP,pooled,infl_exp,real_macro,a,0.5,19,-0.017689047279120296,0.010759492784205084,0.10133156964968987,-0.035386838009378224,8.743451137629282e-06,284,True
LEVEL_PLUS_JUMP,pooled,infl_exp,real_macro,a,0.5,20,0.004409391365511512,0.010825604535696861,0.6841032793500477,-0.013397143518971779,0.022215926249994803,283,True
LEVEL_PLUS_JUMP,pooled,infl_exp,real_macro,a,0.5,21,-0.017303563976202894,0.011181610552201312,0.12292228376557668,-0.03569567664815007,0.0010885486957442868,282,True
LEVEL_PLUS_JUMP,pooled,infl_exp,real_macro,a,0.5,22,0.03582115511117192,0.011064745924038326,0.0013585770010437995,0.01762126764672096,0.054021042575622874,281,True
LEVEL_PLUS_JUMP,pooled,infl_exp,real_macro,a,0.5,23,0.0141675691599722,0.011538161036348261,0.2205744517552354,-0.004811016869015396,0.033146155188959796,280,True
LEVEL_PLUS_JUMP,pooled,infl_exp,real_macro,a,0.5,24,-0.009878335551970957,0.01139283453129161,0.38669046068087526,-0.028617880752023938,0.008861209648082024,279,True
LEVEL_PLUS_JUMP,pooled,freight,physical_channel,a,0.5,0,-0.00047823304894542107,0.0005549532655328748,0.38953750274176957,-0.0013910499405457336,0.0004345838426548915,303,True
LEVEL_PLUS_JUMP,pooled,freight,physical_channel,a,0.5,1,-0.00258359648770597,0.0005712405102399711,8.929759572232249e-06,-0.003523203512835796,-0.0016439894625761438,302,True
LEVEL_PLUS_JUMP,pooled,freight,physical_channel,a,0.5,2,-0.0001978132460598806,0.0005927704955883431,0.738842339941005,-0.0011728339456781884,0.0007772074535584272,301,True
LEVEL_PLUS_JUMP,pooled,freight,physical_channel,a,0.5,3,1.4305657759014836e-05,0.000571058996203866,0.980031671779333,-0.0009250028033501812,0.0009536141188682108,300,True
LEVEL_PLUS_JUMP,pooled,freight,physical_channel,a,0.5,4,-8.903967464522181e-05,0.0005561254519710919,0.8729100666297803,-0.001003784641359899,0.0008257052920694555,299,True
LEVEL_PLUS_JUMP,pooled,freight,physical_channel,a,0.5,5,-0.0002303051110974421,0.0005488004224105212,0.6750570808201325,-0.001133001476371888,0.0006723912541770036,298,True
LEVEL_PLUS_JUMP,pooled,freight,physical_channel,a,0.5,6,-0.000272892028561152,0.0005632250523194205,0.6283938848767674,-0.0011993147986586834,0.0006535307415363795,297,True
LEVEL_PLUS_JUMP,pooled,freight,physical_channel,a,0.5,7,0.0023233899859078687,0.0005713530688310262,6.19799799579947e-05,0.0013835978183713011,0.0032631821534444363,296,True
LEVEL_PLUS_JUMP,pooled,freight,physical_channel,a,0.5,8,0.002314212340820343,0.0005733962991814715,7.016374240245613e-05,0.001371059358431148,0.0032573653232095376,295,True
LEVEL_PLUS_JUMP,pooled,freight,physical_channel,a,0.5,9,-0.0004721009913395001,0.0005660938810812113,0.40501308190690094,-0.001403242564830966,0.0004590405821519657,294,True
LEVEL_PLUS_JUMP,pooled,freight,physical_channel,a,0.5,10,-5.489402047205872e-06,0.0005820072271042818,0.9924813285103153,-0.000962806100461653,0.0009518272963672412,293,True
LEVEL_PLUS_JUMP,pooled,freight,physical_channel,a,0.5,11,0.002213823816896737,0.000576714176661147,0.0001531927947697206,0.0012652134117013174,0.0031624342220921567,292,True
LEVEL_PLUS_JUMP,pooled,freight,physical_channel,a,0.5,12,0.0009826821876312334,0.0005629338723003824,0.08198156793736473,5.6738366044112526e-05,0.0019086260092183542,291,True
LEVEL_PLUS_JUMP,pooled,freight,physical_channel,a,0.5,13,0.000135058636503059,0.0006032395880405933,0.8230094038235491,-0.0008571821878062228,0.0011272994608123408,290,True
LEVEL_PLUS_JUMP,pooled,freight,physical_channel,a,0.5,14,0.0007108657765294228,0.0006103721606928415,0.24517277138844254,-0.00029310708577640434,0.0017148386388352499,289,True
LEVEL_PLUS_JUMP,pooled,freight,physical_channel,a,0.5,15,0.0004003086543227074,0.0006123365493404791,0.5138278369079693,-0.0006068953397749288,0.0014075126484203435,288,True
LEVEL_PLUS_JUMP,pooled,freight,physical_channel,a,0.5,16,-0.0014650136155838645,0.0005798287945762088,0.012081670349000385,-0.002418747111353442,-0.0005112801198142874,287,True
LEVEL_PLUS_JUMP,pooled,freight,physical_channel,a,0.5,17,-0.00016408992947827957,0.0005887890474800085,0.7806940918573751,-0.001132561729735074,0.0008043818707785149,286,True
LEVEL_PLUS_JUMP,pooled,freight,physical_channel,a,0.5,18,-0.0005076276753185039,0.0005826748931758547,0.38441484860956027,-0.0014660425866923701,0.00045078723605536234,285,True
LEVEL_PLUS_JUMP,pooled,freight,physical_channel,a,0.5,19,0.0017318840934464046,0.0005995682266500226,0.004183863990547942,0.0007456821212362527,0.0027180860656565563,284,True
LEVEL_PLUS_JUMP,pooled,freight,physical_channel,a,0.5,20,-0.00019333985918675045,0.000574546434104474,0.7367496731945338,-0.0011383846451755296,0.0007517049268020287,283,True
LEVEL_PLUS_JUMP,pooled,freight,physical_channel,a,0.5,21,0.0019147275976628447,0.0005635330616401219,0.000782715783310325,0.0009877981973170228,0.0028416569980086667,282,True
LEVEL_PLUS_JUMP,pooled,freight,physical_channel,a,0.5,22,-0.00020370990620761724,0.000590787584080181,0.7305081099422075,-0.0011754690066398009,0.0007680491942245663,281,True
LEVEL_PLUS_JUMP,pooled,freight,physical_channel,a,0.5,23,-0.0001758341990589574,0.0005958339717889953,0.7681430851225509,-0.0011558938686169876,0.0008042254704990729,280,True
LEVEL_PLUS_JUMP,pooled,freight,physical_channel,a,0.5,24,9.759026520843284e-05,0.0005909799656658985,0.8689652371458877,-0.0008744852747727768,0.0010696658051896424,279,True
LEVEL_PLUS_JUMP,pooled,oil,asset_price,a,0.75,0,-0.0082601013707852,0.0035397917499026513,0.02030773299997784,-0.014082540669265474,-0.0024376620723049252,303,True
LEVEL_PLUS_JUMP,pooled,oil,asset_price,a,0.75,1,-0.006200858910888396,0.0037799635041056924,0.10200233476557567,-0.01241834559036084,1.662776858404793e-05,302,True
LEVEL_PLUS_JUMP,pooled,oil,asset_price,a,0.75,2,-0.003315230567256154,0.003091270653567401,0.2844192871473133,-0.008399918313665142,0.0017694571791528326,301,True
LEVEL_PLUS_JUMP,pooled,oil,asset_price,a,0.75,3,-0.0050845130208447,0.007245318720029851,0.4833962323150518,-0.0170020017959052,0.006832975754215797,300,True
LEVEL_PLUS_JUMP,pooled,oil,asset_price,a,0.75,4,0.0005701933143702713,0.003004998290447057,0.8496414414759971,-0.004372589022654544,0.005512975651395086,299,True
LEVEL_PLUS_JUMP,pooled,oil,asset_price,a,0.75,5,0.006160667324747043,0.0073506921768845815,0.402675352510854,-0.0059301453630053735,0.01825148001249946,298,False
LEVEL_PLUS_JUMP,pooled,oil,asset_price,a,0.75,6,4.3501530277286534e-05,0.0035402710307536394,0.9902047964352269,-0.005779726115049065,0.005866729175603637,297,True
LEVEL_PLUS_JUMP,pooled,oil,asset_price,a,0.75,7,-0.008276044742775629,0.003159690251236805,0.009288961658845109,-0.013473272712565695,-0.0030788167729855617,296,True
LEVEL_PLUS_JUMP,pooled,oil,asset_price,a,0.75,8,0.0006892123465206124,0.0030542838227431745,0.8216343191208199,-0.0043346374770577055,0.00571306217009893,295,True
LEVEL_PLUS_JUMP,pooled,oil,asset_price,a,0.75,9,-0.0013691561052460166,0.006899017911410244,0.8428318008250711,-0.012717030739232327,0.009978718528740294,294,True
LEVEL_PLUS_JUMP,pooled,oil,asset_price,a,0.75,10,-0.0013040182648921886,0.0068411782149695455,0.8489673409759781,-0.012556755064406244,0.009948718534621866,293,True
LEVEL_PLUS_JUMP,pooled,oil,asset_price,a,0.75,11,-0.0004977559661784314,0.006996061642546746,0.9433311026486553,-0.01200525333329752,0.011009741400940657,292,True
LEVEL_PLUS_JUMP,pooled,oil,asset_price,a,0.75,12,-0.005077129221315535,0.0028220569848673694,0.07309310768174675,-0.009718999888338364,-0.00043525855429270635,291,True
LEVEL_PLUS_JUMP,pooled,oil,asset_price,a,0.75,13,-0.0016620236567596591,0.006457320706897596,0.7970726317925863,-0.012283371041889014,0.008959323728369696,290,True
LEVEL_PLUS_JUMP,pooled,oil,asset_price,a,0.75,14,0.0025342911445933036,0.006838705998039222,0.7112352840421111,-0.008714379219936298,0.013782961509122905,289,True
LEVEL_PLUS_JUMP,pooled,oil,asset_price,a,0.75,15,-0.0016074763346335952,0.0032863406949591297,0.6251348358264384,-0.007013025746135342,0.0037980730768681515,288,True
LEVEL_PLUS_JUMP,pooled,oil,asset_price,a,0.75,16,0.0014121647218518583,0.007065249328909058,0.8417273644929836,-0.01020913626212066,0.013033465705824377,287,True
LEVEL_PLUS_JUMP,pooled,oil,asset_price,a,0.75,17,-0.011449590961061115,0.003218588168311037,0.0004418283243734999,-0.016743697383370622,-0.00615548453875161,286,True
LEVEL_PLUS_JUMP,pooled,oil,asset_price,a,0.75,18,0.002892832851162437,0.0030335472564760524,0.3411289169330001,-0.0020969083561808858,0.007882574058505759,285,True
LEVEL_PLUS_JUMP,pooled,oil,asset_price,a,0.75,19,0.0033310054293084895,0.002895197837015904,0.2509445200413574,-0.0014311712336491774,0.008093182092266157,284,True
LEVEL_PLUS_JUMP,pooled,oil,asset_price,a,0.75,20,0.0017744450143312995,0.006927316499036567,0.7980293561966799,-0.009619976654149771,0.01316886668281237,283,True
LEVEL_PLUS_JUMP,pooled,oil,asset_price,a,0.75,21,0.0024110043726306984,0.003341104918263697,0.47115792513145305,-0.003084624170200745,0.007906632915462142,282,True
LEVEL_PLUS_JUMP,pooled,oil,asset_price,a,0.75,22,-0.0009356549116939505,0.0030643535950681832,0.7603487950048158,-0.005976068036803635,0.004104758213415734,281,False
LEVEL_PLUS_JUMP,pooled,oil,asset_price,a,0.75,23,-0.006392084140986132,0.0030167179080968836,0.03502688608695173,-0.011354143533608748,-0.0014300247483635146,280,True
LEVEL_PLUS_JUMP,pooled,oil,asset_price,a,0.75,24,-0.002277904704035355,0.0025452964209210995,0.37162770514876425,-0.006464544753654026,0.0019087353455833162,279,True
LEVEL_PLUS_JUMP,pooled,dxy,asset_price,a,0.75,0,0.00020550624423729027,0.0006227811824893417,0.7416530318533183,-0.0008188776425774299,0.0012298901310520104,303,False
LEVEL_PLUS_JUMP,pooled,dxy,asset_price,a,0.75,1,-0.000629634273806296,0.0006309146164954966,0.31913133007296535,-0.0016673964690456108,0.00040812792143301874,302,True
LEVEL_PLUS_JUMP,pooled,dxy,asset_price,a,0.75,2,0.0002706922377901308,0.0006540669638011072,0.6792856467055559,-0.0008051521798872576,0.0013465366554675192,301,True
LEVEL_PLUS_JUMP,pooled,dxy,asset_price,a,0.75,3,0.0004974628989783688,0.0006203288950660917,0.42325688238978815,-0.0005228873339738915,0.001517813131930629,300,True
LEVEL_PLUS_JUMP,pooled,dxy,asset_price,a,0.75,4,-0.0005127631839056497,0.0013702458409831936,0.7085244502761536,-0.002766617025262026,0.0017410906574507265,299,True
LEVEL_PLUS_JUMP,pooled,dxy,asset_price,a,0.75,5,0.004403281455229641,0.0007146980063101212,2.466500517861842e-09,0.0032277078473754517,0.00557885506308383,298,True
LEVEL_PLUS_JUMP,pooled,dxy,asset_price,a,0.75,6,-0.0012372798975656685,0.0007358095014081544,0.09376470903076047,-0.0024475788247022255,-2.6980970429111434e-05,297,False
LEVEL_PLUS_JUMP,pooled,dxy,asset_price,a,0.75,7,-0.0019971663836547255,0.0006495546028522553,0.0023139537916243348,-0.003065588628059281,-0.0009287441392501702,296,True
LEVEL_PLUS_JUMP,pooled,dxy,asset_price,a,0.75,8,-0.0019376246663125344,0.0015534828123027658,0.2133341687087119,-0.004492876504535512,0.0006176271719104428,295,True
LEVEL_PLUS_JUMP,pooled,dxy,asset_price,a,0.75,9,1.1944447817068698e-05,0.0015607896684088581,0.9938994394643736,-0.002555326099173627,0.0025792149948077646,294,True
LEVEL_PLUS_JUMP,pooled,dxy,asset_price,a,0.75,10,0.00024881565852811544,0.0007565763039330451,0.7425002609915381,-0.0009956416190616932,0.001493272936117924,293,True
LEVEL_PLUS_JUMP,pooled,dxy,asset_price,a,0.75,11,0.0012420773670773926,0.0007082282280579917,0.0805699646182389,7.714559744679043e-05,0.0024070091367079946,292,True
LEVEL_PLUS_JUMP,pooled,dxy,asset_price,a,0.75,12,-0.0005482595845604254,0.0015203115796422343,0.7186560128186494,-0.0030489496004312763,0.0019524304313104255,291,True
LEVEL_PLUS_JUMP,pooled,dxy,asset_price,a,0.75,13,8.807494074544384e-05,0.0006996837163515434,0.8999199684473932,-0.0010628023578142774,0.001238952239305165,290,True
LEVEL_PLUS_JUMP,pooled,dxy,asset_price,a,0.75,14,-0.0019729383851818166,0.0014948725715585019,0.18799817304615232,-0.004431784956340092,0.00048590818597645923,289,True
LEVEL_PLUS_JUMP,pooled,dxy,asset_price,a,0.75,15,-0.0012299161130045746,0.0006417971554568355,0.056359218611334395,-0.0022855784919248883,-0.0001742537340842609,288,True
LEVEL_PLUS_JUMP,pooled,dxy,asset_price,a,0.75,16,-0.0008891071690774626,0.0007137068828061543,0.21392074569760008,-0.002063050523841395,0.00028483618568646957,287,True
LEVEL_PLUS_JUMP,pooled,dxy,asset_price,a,0.75,17,-0.0010770586945751245,0.0007802137985442313,0.16857656599566506,-0.0023603961909081884,0.0002062788017579396,286,True
LEVEL_PLUS_JUMP,pooled,dxy,asset_price,a,0.75,18,-0.0013249635968690058,0.0007468040364221339,0.07715639591543184,-0.002553346924799952,-9.658026893805951e-05,285,True
LEVEL_PLUS_JUMP,pooled,dxy,asset_price,a,0.75,19,-0.002009735528341293,0.0006256697929794922,0.0014771739772240244,-0.0030388707565975875,-0.0009806003000849984,284,True
LEVEL_PLUS_JUMP,pooled,dxy,asset_price,a,0.75,20,-0.00021587544482037924,0.0014271793101546376,0.8798838256273916,-0.002563376509438335,0.0021316256197975764,283,True
LEVEL_PLUS_JUMP,pooled,dxy,asset_price,a,0.75,21,0.000610412861569154,0.00075916694872616,0.4220771733928895,-0.0006383056475047528,0.0018591313706430607,282,True
LEVEL_PLUS_JUMP,pooled,dxy,asset_price,a,0.75,22,0.0008085286052740698,0.0007999368072721172,0.31305567556487746,-0.0005072503534994531,0.0021243075640475927,281,True
LEVEL_PLUS_JUMP,pooled,dxy,asset_price,a,0.75,23,-0.002720775339669004,0.0007738794132836029,0.0005153229449015393,-0.0039936936994316155,-0.0014478569799063923,280,True
LEVEL_PLUS_JUMP,pooled,dxy,asset_price,a,0.75,24,-0.0008988616221136322,0.001588561277298866,0.5719855891814142,-0.0035118124007133353,0.0017140891564860709,279,True
LEVEL_PLUS_JUMP,pooled,vix,asset_price,a,0.75,0,0.03807890895939181,0.15705524612183389,0.8085992033894087,-0.2202539822558628,0.2964118001746464,303,False
LEVEL_PLUS_JUMP,pooled,vix,asset_price,a,0.75,1,-0.26344857940956956,0.2239175516759129,0.24034957473920068,-0.6317601764217886,0.10486301760264949,302,True
LEVEL_PLUS_JUMP,pooled,vix,asset_price,a,0.75,2,-0.23433924784598048,0.21401561453974013,0.2744507556537389,-0.5863636076459202,0.11768511195395931,301,True
LEVEL_PLUS_JUMP,pooled,vix,asset_price,a,0.75,3,-0.29172482834863134,0.19074563071789208,0.1272725616749209,-0.6054734708601023,0.022023814162839606,300,True
LEVEL_PLUS_JUMP,pooled,vix,asset_price,a,0.75,4,-0.23364901756293577,0.5254047509303825,0.6568719971827484,-1.0978629277483103,0.6305648926224389,299,True
LEVEL_PLUS_JUMP,pooled,vix,asset_price,a,0.75,5,-0.3933644479916296,0.28708943980981916,0.171712606821607,-0.8655845543222771,0.07885565833901781,298,True
LEVEL_PLUS_JUMP,pooled,vix,asset_price,a,0.75,6,0.5364364091857112,0.28476893789315244,0.0606225467743216,0.06803318884904092,1.0048396295223816,297,True
LEVEL_PLUS_JUMP,pooled,vix,asset_price,a,0.75,7,-0.22644227591055,0.3482474202841659,0.5160705186441722,-0.7992583082414539,0.34637375642035395,296,True
LEVEL_PLUS_JUMP,pooled,vix,asset_price,a,0.75,8,0.019311678341551897,0.6736166090840466,0.9771492103368226,-1.0886890442850943,1.127312400968198,295,True
LEVEL_PLUS_JUMP,pooled,vix,asset_price,a,0.75,9,0.3126865664814886,0.6977278022515857,0.6543916658683411,-0.8349735396769118,1.460346672639889,294,True
LEVEL_PLUS_JUMP,pooled,vix,asset_price,a,0.75,10,0.2691554636597857,0.6630759002283707,0.6851128591981017,-0.8215073357749623,1.3598182630945337,293,True
LEVEL_PLUS_JUMP,pooled,vix,asset_price,a,0.75,11,0.698396903604845,0.6825816673994493,0.3071171113666389,-0.42435002770772257,1.8211438349174125,292,True
LEVEL_PLUS_JUMP,pooled,vix,asset_price,a,0.75,12,0.35732265444067934,0.7041313853098006,0.6122317614172931,-0.8008704085365106,1.5155157174178693,291,True
LEVEL_PLUS_JUMP,pooled,vix,asset_price,a,0.75,13,0.14027200317741517,0.6799896248866367,0.8367199880257503,-0.9782113976067404,1.2587554039615707,290,True
LEVEL_PLUS_JUMP,pooled,vix,asset_price,a,0.75,14,0.1875394664984924,0.686774768461368,0.7850022570614152,-0.9421045023039463,1.317183435300931,289,False
LEVEL_PLUS_JUMP,pooled,vix,asset_price,a,0.75,15,0.3312036008615671,0.7136721953406194,0.6429563049071467,-0.8426826980988704,1.5050898998220046,288,True
LEVEL_PLUS_JUMP,pooled,vix,asset_price,a,0.75,16,0.3596629897110688,0.6951259002768259,0.605291064477502,-0.7837173685471757,1.5030433479693133,287,True
LEVEL_PLUS_JUMP,pooled,vix,asset_price,a,0.75,17,0.19501243999128093,0.7402299155757995,0.7924043996576458,-1.022557421421555,1.4125823014041168,286,True
LEVEL_PLUS_JUMP,pooled,vix,asset_price,a,0.75,18,-0.20788456313190684,0.7310490577834309,0.7763480522940052,-1.4103532573064395,0.9945841310426258,285,True
LEVEL_PLUS_JUMP,pooled,vix,asset_price,a,0.75,19,-0.3120596479910098,0.7173103893259042,0.663879974440884,-1.4919302435236959,0.8678109475416762,284,True
LEVEL_PLUS_JUMP,pooled,vix,asset_price,a,0.75,20,-0.24745061253405254,0.8406658451727006,0.768716917076877,-1.630222877020594,1.135321651952489,283,True
LEVEL_PLUS_JUMP,pooled,vix,asset_price,a,0.75,21,-0.1321987779706646,0.687586200948929,0.8476802176780491,-1.2631774344432942,0.998779878501965,282,True
LEVEL_PLUS_JUMP,pooled,vix,asset_price,a,0.75,22,-0.21008475646547708,0.6979038496800971,0.7636316272937035,-1.3580344348751798,0.9378649219442257,281,True
LEVEL_PLUS_JUMP,pooled,vix,asset_price,a,0.75,23,-0.03718788378353999,0.6567637009813133,0.9548880787398382,-1.1174680393927254,1.0430922718256455,280,True
LEVEL_PLUS_JUMP,pooled,vix,asset_price,a,0.75,24,-0.32137696138055283,0.6713608579049345,0.6325504749432328,-1.4256673034987364,0.7829133807376307,279,True
LEVEL_PLUS_JUMP,pooled,us10y,asset_price,a,0.75,0,-0.005929624403609779,0.00851384545094826,0.4866953102665757,-0.019933653972906317,0.00807440516568676,303,True
LEVEL_PLUS_JUMP,pooled,us10y,asset_price,a,0.75,1,0.009488963692440025,0.01667937838541913,0.5698647212210793,-0.01794617234011262,0.036924099724992665,302,True
LEVEL_PLUS_JUMP,pooled,us10y,asset_price,a,0.75,2,-0.0010199813484696035,0.008184295640538313,0.900906373680528,-0.014481949716852169,0.012441987019912962,301,True
LEVEL_PLUS_JUMP,pooled,us10y,asset_price,a,0.75,3,-0.016180192615972366,0.008412803316691293,0.05543729119848907,-0.030018022664261415,-0.0023423625676833176,300,True
LEVEL_PLUS_JUMP,pooled,us10y,asset_price,a,0.75,4,-0.017777645052359098,0.008769285619122321,0.04356609727648947,-0.03220183630874583,-0.003353453795972362,299,True
LEVEL_PLUS_JUMP,pooled,us10y,asset_price,a,0.75,5,0.020508292432811492,0.01919278343820926,0.2861835539163415,-0.011061027016821157,0.05207761188244414,298,True
LEVEL_PLUS_JUMP,pooled,us10y,asset_price,a,0.75,6,0.02303908670314736,0.009143831867963713,0.012298505979324192,0.007998821690892792,0.03807935171540193,297,True
LEVEL_PLUS_JUMP,pooled,us10y,asset_price,a,0.75,7,-0.0052105917747192615,0.017960229210140042,0.7719389263086816,-0.034752539931897884,0.02433135638245936,296,True
LEVEL_PLUS_JUMP,pooled,us10y,asset_price,a,0.75,8,-0.01692409880159451,0.00834317667389741,0.043452627285255105,-0.03064740321395159,-0.0032007943892374355,295,True
LEVEL_PLUS_JUMP,pooled,us10y,asset_price,a,0.75,9,-0.029014754653242047,0.008592131089446897,0.0008369376427996837,-0.04314755263896128,-0.014881956667522815,294,True
LEVEL_PLUS_JUMP,pooled,us10y,asset_price,a,0.75,10,0.006517786118194202,0.008257101057934098,0.43057469120180364,-0.007063936505053537,0.02009950874144194,293,True
LEVEL_PLUS_JUMP,pooled,us10y,asset_price,a,0.75,11,-0.022660116033447697,0.007753092594187467,0.0037551110204037835,-0.03541281850708755,-0.009907413559807843,292,True
LEVEL_PLUS_JUMP,pooled,us10y,asset_price,a,0.75,12,-0.003837388497203373,0.01799798399608267,0.8313183432577141,-0.0334414377509745,0.025766660756567757,291,True
LEVEL_PLUS_JUMP,pooled,us10y,asset_price,a,0.75,13,0.011505072551417195,0.018687338184548617,0.5386253777968232,-0.019232863439506337,0.042243008542340726,290,True
LEVEL_PLUS_JUMP,pooled,us10y,asset_price,a,0.75,14,0.0038560569529426797,0.00924561802773029,0.6769536211926748,-0.011351631393377403,0.01906374529926276,289,True
LEVEL_PLUS_JUMP,pooled,us10y,asset_price,a,0.75,15,-0.004262436045560064,0.00919314478048503,0.6432639431685737,-0.019383813580830862,0.010858941489710732,288,True
LEVEL_PLUS_JUMP,pooled,us10y,asset_price,a,0.75,16,-0.017352025584692926,0.01872492632254496,0.3549108986174182,-0.048151788560730095,0.013447737391344243,287,True
LEVEL_PLUS_JUMP,pooled,us10y,asset_price,a,0.75,17,-0.002619733948211883,0.017923610024465696,0.8839025033620355,-0.03210144890501805,0.02686198100859428,286,True
LEVEL_PLUS_JUMP,pooled,us10y,asset_price,a,0.75,18,0.0019715403509097396,0.008277123753539546,0.8119125859253836,-0.011643116675825967,0.015586197377645446,285,True
LEVEL_PLUS_JUMP,pooled,us10y,asset_price,a,0.75,19,-0.03206216585742516,0.007637039847726152,3.655373857699361e-05,-0.04462397855013044,-0.01950035316471988,284,True
LEVEL_PLUS_JUMP,pooled,us10y,asset_price,a,0.75,20,0.0003244808056470129,0.015785344603844904,0.9836152171512517,-0.025640100518666126,0.026289062129960152,283,True
LEVEL_PLUS_JUMP,pooled,us10y,asset_price,a,0.75,21,0.03041272526694578,0.01805910749334843,0.09333322256631023,0.0007081368070051067,0.06011731372688645,282,True
LEVEL_PLUS_JUMP,pooled,us10y,asset_price,a,0.75,22,-0.009992451050073289,0.008517075240410434,0.24175089294703234,-0.024001793150280972,0.004016891050134395,281,True
LEVEL_PLUS_JUMP,pooled,us10y,asset_price,a,0.75,23,-0.037657433867493706,0.008315779527043416,8.976264392944085e-06,-0.051335673983479865,-0.023979193751507547,280,True
LEVEL_PLUS_JUMP,pooled,us10y,asset_price,a,0.75,24,0.006193973568395121,0.008830753340119332,0.483663040634672,-0.00833132309181399,0.02071927022860423,279,True
LEVEL_PLUS_JUMP,pooled,ip,real_macro,a,0.75,0,-0.03432264436444943,0.022342259754229717,0.12557829400812862,-0.07107239135548608,0.002427102626587227,303,True
LEVEL_PLUS_JUMP,pooled,ip,real_macro,a,0.75,1,-0.0565040410860046,0.045598102148271265,0.2162894898132502,-0.13150624478669232,0.01849816261468311,302,True
LEVEL_PLUS_JUMP,pooled,ip,real_macro,a,0.75,2,-0.031280108041096044,0.04607429793537838,0.4977446491459432,-0.1070655841093459,0.04450536802715381,301,True
LEVEL_PLUS_JUMP,pooled,ip,real_macro,a,0.75,3,0.0037598715947193065,0.019553338920750864,0.8476531125759438,-0.02840250884808914,0.035922252037527753,300,True
LEVEL_PLUS_JUMP,pooled,ip,real_macro,a,0.75,4,-0.02455845116995012,0.04396662162770991,0.576893559279574,-0.0968771082190918,0.04776020587919157,299,True
LEVEL_PLUS_JUMP,pooled,ip,real_macro,a,0.75,5,0.008678902398343027,0.01783941332368444,0.6269868105511515,-0.02066432130980574,0.03802212610649179,298,True
LEVEL_PLUS_JUMP,pooled,ip,real_macro,a,0.75,6,-0.0013386028128354877,0.04579329485530102,0.9767006295343714,-0.07666186994563556,0.07398466431996459,297,True
LEVEL_PLUS_JUMP,pooled,ip,real_macro,a,0.75,7,-0.004114197857266105,0.044750598592672254,0.9268140419087646,-0.0777223822606725,0.0694939865461403,296,True
LEVEL_PLUS_JUMP,pooled,ip,real_macro,a,0.75,8,0.005692943283295726,0.045463628617077666,0.9004391351584381,-0.06908807114187922,0.08047395770847067,295,True
LEVEL_PLUS_JUMP,pooled,ip,real_macro,a,0.75,9,-0.029246239072649338,0.019751724640522248,0.13981276891246597,-0.06173493498615912,0.0032424568408604415,294,True
LEVEL_PLUS_JUMP,pooled,ip,real_macro,a,0.75,10,-0.03716981441670775,0.045317345366847804,0.41279564828080895,-0.11171021430717985,0.03737058547376436,293,True
LEVEL_PLUS_JUMP,pooled,ip,real_macro,a,0.75,11,0.0038370833149965894,0.02058483167996299,0.8522643489067016,-0.0300219517339761,0.03769611836396928,292,True
LEVEL_PLUS_JUMP,pooled,ip,real_macro,a,0.75,12,-0.028915275245948963,0.020379680076172527,0.1570731453909074,-0.062436865935352,0.004606315443454075,291,True
LEVEL_PLUS_JUMP,pooled,ip,real_macro,a,0.75,13,-0.0016355836735275145,0.017789256608213757,0.9268106471422558,-0.030896306926318357,0.027625139579263328,290,True
LEVEL_PLUS_JUMP,pooled,ip,real_macro,a,0.75,14,-0.05029922087588523,0.04395603149367205,0.25349111581255784,-0.12260045870464484,0.022002016952874376,289,True
LEVEL_PLUS_JUMP,pooled,ip,real_macro,a,0.75,15,0.053622235416218036,0.020069303962467467,0.007995123732303419,0.020611168003161873,0.0866333028292742,288,True
LEVEL_PLUS_JUMP,pooled,ip,real_macro,a,0.75,16,-0.01879608283980083,0.020960007142919256,0.3706374283899828,-0.05327222660976033,0.015680060930158668,287,True
LEVEL_PLUS_JUMP,pooled,ip,real_macro,a,0.75,17,-0.0314264599746536,0.02037996589362617,0.1242295784010685,-0.0649485207919319,0.002095600842624709,286,True
LEVEL_PLUS_JUMP,pooled,ip,real_macro,a,0.75,18,-0.05192992361119131,0.02013752134461955,0.010443366136992892,-0.08505319863270147,-0.018806648589681153,285,True
LEVEL_PLUS_JUMP,pooled,ip,real_macro,a,0.75,19,-0.023482122187287603,0.02201250979671395,0.28703197899748356,-0.05968947876471736,0.012725234390142157,284,True
LEVEL_PLUS_JUMP,pooled,ip,real_macro,a,0.75,20,-0.01611833751010161,0.04754343809244033,0.7348566117211442,-0.09432033409419487,0.062083659073991646,283,True
LEVEL_PLUS_JUMP,pooled,ip,real_macro,a,0.75,21,0.0015963466970305498,0.04623663501488002,0.9724837441220642,-0.0744561501052263,0.07764884349928738,282,True
LEVEL_PLUS_JUMP,pooled,ip,real_macro,a,0.75,22,0.09207967922418259,0.022936125712772797,7.74201558001633e-05,0.05435310965731333,0.12980624879105185,281,True
LEVEL_PLUS_JUMP,pooled,ip,real_macro,a,0.75,23,0.009526785505975022,0.01962513276333167,0.6277652542024676,-0.02275368529919524,0.041807256311145284,280,True
LEVEL_PLUS_JUMP,pooled,ip,real_macro,a,0.75,24,-0.017102493759879378,0.0470888519273843,0.7167478438436234,-0.09455676264161827,0.06035177512185952,279,True
LEVEL_PLUS_JUMP,pooled,cpi,real_macro,a,0.75,0,-0.03420683782160801,0.007953432221392703,2.3294949567174824e-05,-0.0472890696576785,-0.021124605985537517,303,True
LEVEL_PLUS_JUMP,pooled,cpi,real_macro,a,0.75,1,-0.017935216593527592,0.00913693640212021,0.05061595014866837,-0.03296413957377996,-0.0029062936132752282,302,True
LEVEL_PLUS_JUMP,pooled,cpi,real_macro,a,0.75,2,-0.019371328295220147,0.008877438650759227,0.029914117079496417,-0.03397341545796065,-0.0047692411324796475,301,True
LEVEL_PLUS_JUMP,pooled,cpi,real_macro,a,0.75,3,-0.009126096969902657,0.008404070639405034,0.2784315193555884,-0.022949563042284404,0.004697369102479091,300,True
LEVEL_PLUS_JUMP,pooled,cpi,real_macro,a,0.75,4,-0.007054704881071169,0.008269741256272337,0.3943343921706643,-0.020657218780400947,0.006547809018258608,299,True
LEVEL_PLUS_JUMP,pooled,cpi,real_macro,a,0.75,5,-0.00548444335111456,0.018926668012530408,0.7722011087370244,-0.03661604187763161,0.025647155175402492,298,True
LEVEL_PLUS_JUMP,pooled,cpi,real_macro,a,0.75,6,0.0004125521737985416,0.01941421097534547,0.9830611959058106,-0.03152098316339953,0.032346087510996616,297,True
LEVEL_PLUS_JUMP,pooled,cpi,real_macro,a,0.75,7,-0.011036773320060988,0.018690238602491232,0.5553216913369613,-0.041779480073957105,0.01970593343383513,296,True
LEVEL_PLUS_JUMP,pooled,cpi,real_macro,a,0.75,8,-0.009408107376574104,0.018704208581435688,0.6153624016226985,-0.04017379270100545,0.021357577947857236,295,True
LEVEL_PLUS_JUMP,pooled,cpi,real_macro,a,0.75,9,-0.0079184764323003,0.00897237837633841,0.3782422802695415,-0.022676725547001494,0.006839772682400894,294,True
LEVEL_PLUS_JUMP,pooled,cpi,real_macro,a,0.75,10,-0.006897013607295305,0.007505069941073853,0.3588995297903824,-0.019241755120395103,0.005447727905804493,293,True
LEVEL_PLUS_JUMP,pooled,cpi,real_macro,a,0.75,11,-0.010527072531172882,0.017534989281748122,0.5487642959426129,-0.03936956324981147,0.018315418187465706,292,True
LEVEL_PLUS_JUMP,pooled,cpi,real_macro,a,0.75,12,-0.006685022143324712,0.018369077819382004,0.7161893813880917,-0.03689946641828904,0.023529422131639617,291,True
LEVEL_PLUS_JUMP,pooled,cpi,real_macro,a,0.75,13,-0.009214066538168864,0.008238648316659745,0.26437062250655763,-0.022765437103004285,0.004337304026666558,290,True
LEVEL_PLUS_JUMP,pooled,cpi,real_macro,a,0.75,14,-0.008854752461540279,0.019872673855590346,0.6562553572840873,-0.04154239213013176,0.0238328872070512,289,True
LEVEL_PLUS_JUMP,pooled,cpi,real_macro,a,0.75,15,0.005151992399694549,0.01804165676649342,0.7754301778573666,-0.024523892168885723,0.03482787696827482,288,True
LEVEL_PLUS_JUMP,pooled,cpi,real_macro,a,0.75,16,0.008242758196587374,0.019804304061389586,0.677583032179372,-0.02433242316803906,0.04081793956121381,287,False
LEVEL_PLUS_JUMP,pooled,cpi,real_macro,a,0.75,17,-0.0024807100990766884,0.009694460643904177,0.798229619597165,-0.01842667885054078,0.013465258652387402,286,True
LEVEL_PLUS_JUMP,pooled,cpi,real_macro,a,0.75,18,-0.021571669123014475,0.010136911751334111,0.03423695864926326,-0.038245405183283385,-0.004897933062745562,285,True
LEVEL_PLUS_JUMP,pooled,cpi,real_macro,a,0.75,19,-0.022065929121765943,0.008280235283563992,0.008165022816156412,-0.03568570415994773,-0.008446154083584158,284,True
LEVEL_PLUS_JUMP,pooled,cpi,real_macro,a,0.75,20,-0.01100092896209881,0.007682932038958722,0.1533430647585476,-0.023638227592001734,0.0016363696678041127,283,True
LEVEL_PLUS_JUMP,pooled,cpi,real_macro,a,0.75,21,-0.0034173527037378304,0.019524504282317574,0.8611890771820786,-0.03553230438693744,0.02869759897946178,282,True
LEVEL_PLUS_JUMP,pooled,cpi,real_macro,a,0.75,22,0.003103433641037351,0.00876571445237211,0.7235866137420376,-0.011314883568767852,0.017521750850842552,281,True
LEVEL_PLUS_JUMP,pooled,cpi,real_macro,a,0.75,23,0.01697125603561389,0.009078320533133316,0.06266211475646075,0.002038747580061534,0.03190376449116625,280,True
LEVEL_PLUS_JUMP,pooled,cpi,real_macro,a,0.75,24,-0.00018964853098346612,0.007779142122653214,0.9805685617290524,-0.01298519866600058,0.012605901604033647,279,True
LEVEL_PLUS_JUMP,pooled,infl_exp,real_macro,a,0.75,0,-0.014045722816812045,0.01169886430937716,0.23088734836172842,-0.033288642207304195,0.005197196573680108,303,True
LEVEL_PLUS_JUMP,pooled,infl_exp,real_macro,a,0.75,1,-0.03763075037937602,0.008919386726615816,3.2914582007282866e-05,-0.05230183598683286,-0.02295966477191918,302,True
LEVEL_PLUS_JUMP,pooled,infl_exp,real_macro,a,0.75,2,0.05605943364413982,0.021918878834640297,0.011054201200124769,0.020006086294271863,0.09211278099400777,301,True
LEVEL_PLUS_JUMP,pooled,infl_exp,real_macro,a,0.75,3,-0.0013593897261373958,0.00948713384523536,0.8861638595959924,-0.016964336240846842,0.014245556788572051,300,True
LEVEL_PLUS_JUMP,pooled,infl_exp,real_macro,a,0.75,4,-0.001210115347398677,0.02295161991964446,0.9579882623176809,-0.03896217061663752,0.03654193992184017,299,False
LEVEL_PLUS_JUMP,pooled,infl_exp,real_macro,a,0.75,5,0.01699276530403357,0.021573597810352924,0.4315496399114044,-0.01849264530071778,0.05247817590878492,298,True
LEVEL_PLUS_JUMP,pooled,infl_exp,real_macro,a,0.75,6,0.003800838068622317,0.01202686678190251,0.7522134880262474,-0.015981597378452207,0.02358327351569684,297,True
LEVEL_PLUS_JUMP,pooled,infl_exp,real_macro,a,0.75,7,-0.002126085743578929,0.01101117213950235,0.8470318462026204,-0.02023785217422637,0.015985680687068515,296,True
LEVEL_PLUS_JUMP,pooled,infl_exp,real_macro,a,0.75,8,-0.0035258602898625147,0.02334401163061431,0.8800531819873765,-0.04192334248807581,0.03487162190835078,295,True
LEVEL_PLUS_JUMP,pooled,infl_exp,real_macro,a,0.75,9,-0.009100844994876067,0.023767696192390893,0.7020783770266521,-0.04819522628121092,0.02999353629145879,294,True
LEVEL_PLUS_JUMP,pooled,infl_exp,real_macro,a,0.75,10,-0.007056523501168005,0.009953041430148659,0.4789278785113171,-0.023427819796746293,0.009314772794410283,293,True
LEVEL_PLUS_JUMP,pooled,infl_exp,real_macro,a,0.75,11,-0.014822260883337032,0.02534202757599229,0.5590970800910124,-0.05650618685601218,0.026861665089338113,292,True
LEVEL_PLUS_JUMP,pooled,infl_exp,real_macro,a,0.75,12,-0.010504842801224434,0.009558760500221215,0.27273304542748106,-0.026227604679173767,0.005217919076724899,291,True
LEVEL_PLUS_JUMP,pooled,infl_exp,real_macro,a,0.75,13,0.04856596218335496,0.009668827693127458,9.149902398499007e-07,0.03266215588394543,0.06446976848276449,290,True
LEVEL_PLUS_JUMP,pooled,infl_exp,real_macro,a,0.75,14,0.0008512643690964158,0.02257983349485431,0.9699540646658634,-0.03628925665087503,0.03799178538906787,289,True
LEVEL_PLUS_JUMP,pooled,infl_exp,real_macro,a,0.75,15,-0.005966384476267406,0.009119698867328087,0.5135120987476375,-0.020966954234897243,0.00903418528236243,288,True
LEVEL_PLUS_JUMP,pooled,infl_exp,real_macro,a,0.75,16,0.004256719828549568,0.021852118132494783,0.8456970165875107,-0.03168681593825651,0.040200255595355644,287,True
LEVEL_PLUS_JUMP,pooled,infl_exp,real_macro,a,0.75,17,0.012168856148550344,0.020687615118774073,0.5568731327389512,-0.021859242612541303,0.04619695490964199,286,True
LEVEL_PLUS_JUMP,pooled,infl_exp,real_macro,a,0.75,18,-0.03777750122999529,0.010588457358907875,0.0004255689497074472,-0.05519396372061591,-0.020361038739374667,285,True
LEVEL_PLUS_JUMP,pooled,infl_exp,real_macro,a,0.75,19,0.017039194909871824,0.012677119017346354,0.18004741335301322,-0.0038128102851058103,0.03789120010484946,284,True
LEVEL_PLUS_JUMP,pooled,infl_exp,real_macro,a,0.75,20,0.02690846396063107,0.009841007009581258,0.006666002694997533,0.010721447888066473,0.04309548003319566,283,True
LEVEL_PLUS_JUMP,pooled,infl_exp,real_macro,a,0.75,21,-0.02259749357177672,0.022858885813023297,0.3237677030826912,-0.06019701480939764,0.0150020276658442,282,True
LEVEL_PLUS_JUMP,pooled,infl_exp,real_macro,a,0.75,22,0.029108251615711983,0.023832182624757517,0.2230179327959496,-0.010092200412790277,0.06830870364421424,281,True
LEVEL_PLUS_JUMP,pooled,infl_exp,real_macro,a,0.75,23,0.004730308962111129,0.024948612162366844,0.8497655491396675,-0.036306506240563585,0.045767124164785844,280,True
LEVEL_PLUS_JUMP,pooled,infl_exp,real_macro,a,0.75,24,-0.008714308732352904,0.011354843270051703,0.4434954596532236,-0.027391363868562963,0.009962746403857154,279,True
LEVEL_PLUS_JUMP,pooled,freight,physical_channel,a,0.75,0,-0.001101549631781898,0.0006975271274855166,0.11537919162130097,-0.0022488796573234917,4.5780393759695896e-05,303,True
LEVEL_PLUS_JUMP,pooled,freight,physical_channel,a,0.75,1,0.0036061703513367155,0.000802656998536123,1.0189475617854717e-05,0.002285917076096591,0.00492642362657684,302,True
LEVEL_PLUS_JUMP,pooled,freight,physical_channel,a,0.75,2,-0.0006689864930308209,0.0014516121175220578,0.6452497933622606,-0.0030566759494636843,0.0017187029634020425,301,True
LEVEL_PLUS_JUMP,pooled,freight,physical_channel,a,0.75,3,-0.00012645834724467342,0.001533279750292874,0.9343261193245869,-0.002648479105645155,0.002395562411155808,300,True
LEVEL_PLUS_JUMP,pooled,freight,physical_channel,a,0.75,4,0.0017027762666313173,0.0007985986718001747,0.03384487240281377,0.00038919834484217163,0.003016354188420463,299,True
LEVEL_PLUS_JUMP,pooled,freight,physical_channel,a,0.75,5,0.002028462484193855,0.0007620794574767349,0.008216436966008758,0.0007749533245380374,0.003281971643849673,298,True
LEVEL_PLUS_JUMP,pooled,freight,physical_channel,a,0.75,6,-0.0009862641298873497,0.0006580451113595741,0.13504563148204518,-0.002068652018004831,9.612375823013128e-05,297,True
LEVEL_PLUS_JUMP,pooled,freight,physical_channel,a,0.75,7,0.0017513530612911265,0.0014945598546416076,0.24225895563141686,-0.0007069791363121867,0.00420968525889444,296,True
LEVEL_PLUS_JUMP,pooled,freight,physical_channel,a,0.75,8,0.0019819849529283105,0.001587978207116523,0.21302665687076905,-0.0006300067605671984,0.004593976666423819,295,True
LEVEL_PLUS_JUMP,pooled,freight,physical_channel,a,0.75,9,6.758509198706228e-05,0.001542503792950094,0.9650829510068506,-0.0024696078664333027,0.0026047780504074272,294,True
LEVEL_PLUS_JUMP,pooled,freight,physical_channel,a,0.75,10,0.0011632428121372551,0.000817177218997375,0.1557117430655773,-0.0001808941003926946,0.002507379724667205,293,True
LEVEL_PLUS_JUMP,pooled,freight,physical_channel,a,0.75,11,0.0018026475788720901,0.0017023574926040984,0.29055883471582356,-0.0009974813172057753,0.0046027764749499555,292,True
LEVEL_PLUS_JUMP,pooled,freight,physical_channel,a,0.75,12,0.00043283428466628013,0.001732556404557488,0.8029085773748891,-0.0024169674012681063,0.0032826359706006666,291,True
LEVEL_PLUS_JUMP,pooled,freight,physical_channel,a,0.75,13,6.679098482273438e-05,0.001846739538361417,0.9711753617956888,-0.00297082524288573,0.003104407212531199,290,True
LEVEL_PLUS_JUMP,pooled,freight,physical_channel,a,0.75,14,-5.657702633832251e-05,0.0016151417534367826,0.9720819172249509,-0.002713248797519575,0.00260009474484293,289,True
LEVEL_PLUS_JUMP,pooled,freight,physical_channel,a,0.75,15,0.00040032649108707324,0.0018063914406891365,0.8247773649728185,-0.002570923021824548,0.0033715760039986944,288,True
LEVEL_PLUS_JUMP,pooled,freight,physical_channel,a,0.75,16,-0.000186061192577424,0.0008601438729982092,0.8289045146047482,-0.0016008719617786149,0.0012287495766237669,287,True
LEVEL_PLUS_JUMP,pooled,freight,physical_channel,a,0.75,17,-0.0006061083877749425,0.0016039473039490971,0.7058103922470872,-0.0032443669281146505,0.0020321501525647654,286,True
LEVEL_PLUS_JUMP,pooled,freight,physical_channel,a,0.75,18,-0.0011295386646778902,0.0015862813810842782,0.477035828056375,-0.0037387393477199557,0.0014796620183641753,285,True
LEVEL_PLUS_JUMP,pooled,freight,physical_channel,a,0.75,19,0.004501508826225289,0.0015226363590637845,0.003387775287483954,0.001996994888491039,0.007006022763959539,284,True
LEVEL_PLUS_JUMP,pooled,freight,physical_channel,a,0.75,20,-0.0007195458024966816,0.001536368517563852,0.6399193508266373,-0.00324664713094564,0.001807555525952277,283,True
LEVEL_PLUS_JUMP,pooled,freight,physical_channel,a,0.75,21,0.0010311304673773086,0.0006620201628998795,0.1205196937835633,-5.779579868356267e-05,0.00212005673343818,282,True
LEVEL_PLUS_JUMP,pooled,freight,physical_channel,a,0.75,22,-0.00043770481470865766,0.000582353517363915,0.45294547258685935,-0.0013955911099126405,0.0005201814804953252,281,True
LEVEL_PLUS_JUMP,pooled,freight,physical_channel,a,0.75,23,-0.00046587854481370053,0.0013598500066697421,0.732173320698427,-0.0027026327603944097,0.0017708756707670087,280,True
LEVEL_PLUS_JUMP,pooled,freight,physical_channel,a,0.75,24,-0.00032317228953363767,0.0007387277134669467,0.6621257875655276,-0.0015382712483593126,0.0008919266692920374,279,True
LEVEL_PLUS_JUMP,pooled,oil,asset_price,a,0.9,0,-0.009603806560984918,0.01318418221151985,0.46693778216069276,-0.031289856489992426,0.012082243368022588,303,True
LEVEL_PLUS_JUMP,pooled,oil,asset_price,a,0.9,1,0.01395665101439647,0.004215600450668357,0.0010491231780833776,0.007022605323336363,0.02089069670545658,302,False
LEVEL_PLUS_JUMP,pooled,oil,asset_price,a,0.9,2,0.022015069811911467,0.0032358486772264814,5.942283000449616e-11,0.016692572378909365,0.02733756724491357,301,True
LEVEL_PLUS_JUMP,pooled,oil,asset_price,a,0.9,3,-0.007969881922056388,0.013907019867311602,0.5670385387838314,-0.03084489399089006,0.014905130146777284,300,False
LEVEL_PLUS_JUMP,pooled,oil,asset_price,a,0.9,4,0.024623693606283137,0.002682339206710554,9.09216364575646e-18,0.02021163823341115,0.029035748979155125,299,True
LEVEL_PLUS_JUMP,pooled,oil,asset_price,a,0.9,5,0.003088889958569041,0.014050938345608123,0.8261574827680331,-0.020022846941276,0.02620062685841408,298,True
LEVEL_PLUS_JUMP,pooled,oil,asset_price,a,0.9,6,-0.0021537210347425395,0.0047944898363043425,0.6536257547309552,-0.010039955031369707,0.005732512961884628,297,True
LEVEL_PLUS_JUMP,pooled,oil,asset_price,a,0.9,7,-0.01122429470764108,0.002523989209582626,1.2535736368937885e-05,-0.015375887513409441,-0.007072701901872719,296,True
LEVEL_PLUS_JUMP,pooled,oil,asset_price,a,0.9,8,0.003845804050586099,0.003872570331589857,0.321521330916684,-0.002524007304954142,0.01021561540612634,295,True
LEVEL_PLUS_JUMP,pooled,oil,asset_price,a,0.9,9,-0.004531930404318908,0.013654534166822552,0.7402135969928877,-0.02699164045294978,0.017927779644311963,294,True
LEVEL_PLUS_JUMP,pooled,oil,asset_price,a,0.9,10,-0.002496567602927824,0.01288160975323943,0.8464667292968628,-0.023684930126517158,0.01869179492066151,293,True
LEVEL_PLUS_JUMP,pooled,oil,asset_price,a,0.9,11,-0.00209232356708898,0.01283410586190144,0.8706145303979369,-0.023202549142716713,0.019017902008538753,292,True
LEVEL_PLUS_JUMP,pooled,oil,asset_price,a,0.9,12,-0.006048511526504152,0.0028563050141233726,0.035099898697888425,-0.010746715188664657,-0.0013503078643436472,291,True
LEVEL_PLUS_JUMP,pooled,oil,asset_price,a,0.9,13,-0.0036720912002501226,0.01327888457971882,0.7823432937297505,-0.025513912663070598,0.01816973026257035,290,True
LEVEL_PLUS_JUMP,pooled,oil,asset_price,a,0.9,14,0.0006714421636528911,0.012436922983332146,0.9569840798954669,-0.019785475713597112,0.021128360040902894,289,True
LEVEL_PLUS_JUMP,pooled,oil,asset_price,a,0.9,15,0.012158270810758154,0.00407453297989716,0.003101953099863478,0.005456260460640921,0.018860281160875386,288,True
LEVEL_PLUS_JUMP,pooled,oil,asset_price,a,0.9,16,-0.0020072965401357057,0.0036665268139998404,0.5845063231503379,-0.008038196468458169,0.004023603388186758,287,True
LEVEL_PLUS_JUMP,pooled,oil,asset_price,a,0.9,17,-0.013897116177009894,0.002428510176484953,2.7668165411210583e-08,-0.017891659948889728,-0.00990257240513006,286,True
LEVEL_PLUS_JUMP,pooled,oil,asset_price,a,0.9,18,-0.005635157981814798,0.002193905156089831,0.01074846365304359,-0.009243810834996691,-0.0020265051286329034,285,True
LEVEL_PLUS_JUMP,pooled,oil,asset_price,a,0.9,19,0.0012809793601091801,0.0026591835239025696,0.6303957569136712,-0.0030929883039115588,0.005654947024129919,284,True
LEVEL_PLUS_JUMP,pooled,oil,asset_price,a,0.9,20,-0.0007147067941325608,0.002956032292281591,0.8091355534466261,-0.00557694723147761,0.004147533643212489,283,True
LEVEL_PLUS_JUMP,pooled,oil,asset_price,a,0.9,21,-0.00026012550812369584,0.004652671705870109,0.9554560813887335,-0.007913089438538638,0.007392838422291246,282,True
LEVEL_PLUS_JUMP,pooled,oil,asset_price,a,0.9,22,-0.0031542943820256353,0.013762343252034417,0.8188908982823301,-0.025791334595485566,0.019482745831434296,281,True
LEVEL_PLUS_JUMP,pooled,oil,asset_price,a,0.9,23,-0.009234061842652963,0.013354822015668323,0.48989191833916207,-0.031200789272416374,0.012732665587110448,280,True
LEVEL_PLUS_JUMP,pooled,oil,asset_price,a,0.9,24,0.019084587999485467,0.0028897496831236753,2.1755230154456602e-10,0.014331372752217622,0.02383780324675331,279,True
LEVEL_PLUS_JUMP,pooled,dxy,asset_price,a,0.9,0,0.00230311071321624,0.0007624893976361581,0.002749035034901707,0.0010489272620023621,0.003557294164430118,303,True
LEVEL_PLUS_JUMP,pooled,dxy,asset_price,a,0.9,1,0.0005508141429615421,0.0007748782324365855,0.4777588944872324,-0.0007237471281075214,0.0018253754140306055,302,True
LEVEL_PLUS_JUMP,pooled,dxy,asset_price,a,0.9,2,5.53791493403922e-05,0.0007115678621434342,0.9380199470198683,-0.0011150458295283406,0.001225804128209125,301,True
LEVEL_PLUS_JUMP,pooled,dxy,asset_price,a,0.9,3,0.0015979507295546622,0.000628586848085506,0.01154548894674688,0.0005640173726272236,0.002631884086482101,300,True
LEVEL_PLUS_JUMP,pooled,dxy,asset_price,a,0.9,4,-0.001234514048451094,0.0024826590649680413,0.6193927994281359,-0.005318124815947727,0.00284909671904554,299,True
LEVEL_PLUS_JUMP,pooled,dxy,asset_price,a,0.9,5,0.0019566747943181584,0.0007562835726191912,0.010172446663137925,0.0007126990168916647,0.003200650571744652,298,True
LEVEL_PLUS_JUMP,pooled,dxy,asset_price,a,0.9,6,0.0020931191826322262,0.0006097454010768731,0.0006866996966100169,0.0010901772481539515,0.0030960611171105008,297,True
LEVEL_PLUS_JUMP,pooled,dxy,asset_price,a,0.9,7,-0.0024686384500943346,0.0025730116272163965,0.3381613158597754,-0.006700865957309534,0.0017635890571208648,296,True
LEVEL_PLUS_JUMP,pooled,dxy,asset_price,a,0.9,8,-0.002423313110908738,0.00267591050591327,0.36592174310582,-0.0068247942119577295,0.0019781679901402526,295,True
LEVEL_PLUS_JUMP,pooled,dxy,asset_price,a,0.9,9,-0.0008521550482791726,0.0027360901290351836,0.7556903727840354,-0.005352622820688816,0.0036483127241304708,294,True
LEVEL_PLUS_JUMP,pooled,dxy,asset_price,a,0.9,10,-0.0011600838172909356,0.001027180095802691,0.25970470977895355,-0.0028496447234043526,0.0005294770888224815,293,True
LEVEL_PLUS_JUMP,pooled,dxy,asset_price,a,0.9,11,-0.00020821372149089357,0.0008617072845632669,0.8092455558967476,-0.0016255960738752874,0.0012091686308935003,292,True
LEVEL_PLUS_JUMP,pooled,dxy,asset_price,a,0.9,12,-0.0009948255363152886,0.0027686159510556096,0.7196277290449995,-0.005548793525044808,0.0035591424524142306,291,False
LEVEL_PLUS_JUMP,pooled,dxy,asset_price,a,0.9,13,0.0002493340468114596,0.0008581339128333174,0.7716108176785901,-0.001162170632122481,0.0016608387257454002,290,True
LEVEL_PLUS_JUMP,pooled,dxy,asset_price,a,0.9,14,-0.0020867529700363853,0.0007275081545604756,0.0044458453131958516,-0.0032833973967019555,-0.0008901085433708148,289,True
LEVEL_PLUS_JUMP,pooled,dxy,asset_price,a,0.9,15,-0.0014553310723196544,0.000715280346209291,0.04285081087609876,-0.0026318625440691114,-0.00027879960057019724,288,True
LEVEL_PLUS_JUMP,pooled,dxy,asset_price,a,0.9,16,-0.001422184744349958,0.003066553961013647,0.6431799932135465,-0.0064662171493656585,0.003621847660665743,287,True
LEVEL_PLUS_JUMP,pooled,dxy,asset_price,a,0.9,17,-0.00020661274504952913,0.001151614920309654,0.8577483239431596,-0.002100850723572294,0.0016876252334732359,286,True
LEVEL_PLUS_JUMP,pooled,dxy,asset_price,a,0.9,18,-0.0005597276959702358,0.0011621106857576142,0.6304450935060338,-0.00247122967235771,0.0013517742804172385,285,True
LEVEL_PLUS_JUMP,pooled,dxy,asset_price,a,0.9,19,-0.0016225268022187073,0.000746001881280967,0.03050082133656581,-0.0028495907023563275,-0.0003954629020810872,284,True
LEVEL_PLUS_JUMP,pooled,dxy,asset_price,a,0.9,20,-0.001040738201718096,0.0030004928951493427,0.7289708802226518,-0.005976109822946616,0.003894633419510424,283,True
LEVEL_PLUS_JUMP,pooled,dxy,asset_price,a,0.9,21,0.0014369487149493154,0.0007409096216287838,0.05349729695367843,0.00021826083656996745,0.0026556365933286634,282,True
LEVEL_PLUS_JUMP,pooled,dxy,asset_price,a,0.9,22,-0.0006100881645587641,0.0009147546504808237,0.5053852174003659,-0.002114725669172873,0.0008945493400553449,281,True
LEVEL_PLUS_JUMP,pooled,dxy,asset_price,a,0.9,23,-0.002792912356615787,0.0008698374923581555,0.0014860648575143554,-0.004223667710779472,-0.0013621570024521016,280,True
LEVEL_PLUS_JUMP,pooled,dxy,asset_price,a,0.9,24,-0.0017053973234776396,0.0028180449056742283,0.5455836692762956,-0.006340668707488013,0.002929874060532734,279,True
LEVEL_PLUS_JUMP,pooled,vix,asset_price,a,0.9,0,1.8997856183791555,0.20641663804172666,7.2015961518844e-18,1.5602604626330923,2.2393107741252187,303,True
LEVEL_PLUS_JUMP,pooled,vix,asset_price,a,0.9,1,0.6020824721804274,0.3357779173578043,0.07400656679789941,0.049776946964231295,1.1543879973966236,302,True
LEVEL_PLUS_JUMP,pooled,vix,asset_price,a,0.9,2,-0.5126602250846233,0.36579201474470646,0.16214286317633214,-1.11433454724734,0.08901409707809349,301,True
LEVEL_PLUS_JUMP,pooled,vix,asset_price,a,0.9,3,-0.5436926139957237,1.113173905036616,0.6256290555906185,-2.374700749122935,1.287315521131488,300,True
LEVEL_PLUS_JUMP,pooled,vix,asset_price,a,0.9,4,-0.5264426928315196,0.37850444823919993,0.16535604119551103,-1.1490271073350333,0.0961417216719942,299,True
LEVEL_PLUS_JUMP,pooled,vix,asset_price,a,0.9,5,-0.3606563302413974,0.40775281274706754,0.3771759267172683,-1.0313500231880761,0.31003736270528115,298,True
LEVEL_PLUS_JUMP,pooled,vix,asset_price,a,0.9,6,-0.12141464029993188,0.436342779538447,0.78101966853296,-0.8391346438178331,0.5963053632179693,297,True
LEVEL_PLUS_JUMP,pooled,vix,asset_price,a,0.9,7,-0.7694144765895885,1.3836872389623691,0.5786100975029166,-3.04537745016331,1.506548496984133,296,True
LEVEL_PLUS_JUMP,pooled,vix,asset_price,a,0.9,8,-0.30740766510939466,1.3295109159951355,0.8173132426583831,-2.494258517355567,1.8794431871367778,295,True
LEVEL_PLUS_JUMP,pooled,vix,asset_price,a,0.9,9,0.00915781409225147,1.337823090619629,0.9945431498110284,-2.191365348732873,2.209680976917376,294,True
LEVEL_PLUS_JUMP,pooled,vix,asset_price,a,0.9,10,0.08656551966276638,1.328346398284124,0.9480870035515242,-2.0983698714027996,2.2715009107283324,293,True
LEVEL_PLUS_JUMP,pooled,vix,asset_price,a,0.9,11,0.5039799153686921,1.4431874988394144,0.7271937298484368,-1.8698522764683423,2.8778121072057266,292,True
LEVEL_PLUS_JUMP,pooled,vix,asset_price,a,0.9,12,0.20063418482095585,0.26431422785812386,0.4484534487055592,-0.23412403152635702,0.6353924011682688,291,False
LEVEL_PLUS_JUMP,pooled,vix,asset_price,a,0.9,13,-0.10859720754133662,1.5171191127760133,0.9429870430671431,-2.6040360827083617,2.3868416676256885,290,True
LEVEL_PLUS_JUMP,pooled,vix,asset_price,a,0.9,14,-0.21781768688504055,1.5947932197819479,0.8914623087077953,-2.841019098680994,2.4053837249109127,289,True
LEVEL_PLUS_JUMP,pooled,vix,asset_price,a,0.9,15,-0.10063671495720428,1.2806055449752016,0.9374198742934647,-2.2070453903038314,2.005771960389423,288,True
LEVEL_PLUS_JUMP,pooled,vix,asset_price,a,0.9,16,-0.042497949209064245,1.4537162987528542,0.9766993204409261,-2.4336484757711663,2.348652577353038,287,False
LEVEL_PLUS_JUMP,pooled,vix,asset_price,a,0.9,17,-0.13900616039435132,1.5755563784241682,0.9297614074508553,-2.7305657839118704,2.452553463123168,286,True
LEVEL_PLUS_JUMP,pooled,vix,asset_price,a,0.9,18,-0.31594526668625855,1.3927548277162125,0.8207120578258834,-2.6068230965094434,1.9749325631369263,285,True
LEVEL_PLUS_JUMP,pooled,vix,asset_price,a,0.9,19,-0.511194380836514,1.4457364551545406,0.7239239545932223,-2.8892192327134247,1.8668304710403967,284,True
LEVEL_PLUS_JUMP,pooled,vix,asset_price,a,0.9,20,-0.43195852248818767,1.5069600952589437,0.7746068645111727,-2.9106873008459972,2.046770255869622,283,True
LEVEL_PLUS_JUMP,pooled,vix,asset_price,a,0.9,21,-0.36598388513708713,1.4702271834988245,0.8036054689019271,-2.7842924003577765,2.052324630083602,282,True
LEVEL_PLUS_JUMP,pooled,vix,asset_price,a,0.9,22,-0.46430136759575547,1.4357766411943191,0.7466606499504761,-2.825943783356434,1.897341048164923,281,True
LEVEL_PLUS_JUMP,pooled,vix,asset_price,a,0.9,23,-0.29605063762891903,1.7201457094557184,0.8634835834852272,-3.125438546712171,2.5333372714543327,280,True
LEVEL_PLUS_JUMP,pooled,vix,asset_price,a,0.9,24,-0.6759841020905242,1.489989547111222,0.6504277444450972,-3.1267988127761988,1.7748306085951504,279,False
LEVEL_PLUS_JUMP,pooled,us10y,asset_price,a,0.9,0,0.04977809386299725,0.012002706739465088,4.4280418463528995e-05,0.030035398149353222,0.06952078957664129,303,True
LEVEL_PLUS_JUMP,pooled,us10y,asset_price,a,0.9,1,0.0019166453225661906,0.009100934056524663,0.8333493126660331,-0.013053059068954577,0.016886349714086958,302,True
LEVEL_PLUS_JUMP,pooled,us10y,asset_price,a,0.9,2,-0.007850737664812035,0.03392416682989034,0.8171532727957763,-0.06365102651626399,0.04794955118663992,301,True
LEVEL_PLUS_JUMP,pooled,us10y,asset_price,a,0.9,3,-0.020460842331801232,0.007965860336629273,0.010719617596332873,-0.03356351659829477,-0.007358168065307697,300,True
LEVEL_PLUS_JUMP,pooled,us10y,asset_price,a,0.9,4,0.00719166247713332,0.012553643670393511,0.5671813486938855,-0.013457243845569837,0.027840568799836478,299,True
LEVEL_PLUS_JUMP,pooled,us10y,asset_price,a,0.9,5,0.02673928536294845,0.009820454013506712,0.006873375579651683,0.010586075960521794,0.04289249476537511,298,True
LEVEL_PLUS_JUMP,pooled,us10y,asset_price,a,0.9,6,0.04410424621670472,0.010191913019015073,2.095094887319745e-05,0.02734004112180385,0.06086845131160559,297,True
LEVEL_PLUS_JUMP,pooled,us10y,asset_price,a,0.9,7,-0.012708515072219484,0.00979764761950173,0.19565746578448928,-0.028824211294749363,0.003407181150310395,296,True
LEVEL_PLUS_JUMP,pooled,us10y,asset_price,a,0.9,8,-0.016711380615819005,0.011422211111110827,0.1445685641738005,-0.035499245989735057,0.0020764847580970434,295,True
LEVEL_PLUS_JUMP,pooled,us10y,asset_price,a,0.9,9,-0.035593777261195024,0.03779790568903603,0.3471649099862391,-0.09776579952497562,0.02657824500258557,294,True
LEVEL_PLUS_JUMP,pooled,us10y,asset_price,a,0.9,10,-0.020101731571157966,0.013212422721980739,0.12928533138119788,-0.04183423300622403,0.001630769863908095,293,True
LEVEL_PLUS_JUMP,pooled,us10y,asset_price,a,0.9,11,-0.003576442272624214,0.012207383150771304,0.7697608147760823,-0.023655800723756684,0.016502916178508256,292,True
LEVEL_PLUS_JUMP,pooled,us10y,asset_price,a,0.9,12,-0.009891859653664958,0.040965998350741044,0.8093732964832164,-0.07727493062256939,0.057491211315239474,291,True
LEVEL_PLUS_JUMP,pooled,us10y,asset_price,a,0.9,13,0.004707439698262483,0.014049816426042493,0.7378392607693038,-0.01840245180811588,0.027817331204640847,290,True
LEVEL_PLUS_JUMP,pooled,us10y,asset_price,a,0.9,14,-0.006196646378847759,0.009310546130461466,0.5062557585242606,-0.021511131950436295,0.009117839192740777,289,True
LEVEL_PLUS_JUMP,pooled,us10y,asset_price,a,0.9,15,-0.007535018418991513,0.007850273906615371,0.3379812244647298,-0.02044756992685031,0.005377533088867284,288,True
LEVEL_PLUS_JUMP,pooled,us10y,asset_price,a,0.9,16,-0.02457953620475173,0.03422388914931868,0.473249250787219,-0.0808728244003937,0.03171375199089024,287,True
LEVEL_PLUS_JUMP,pooled,us10y,asset_price,a,0.9,17,-0.005514964848475079,0.03484986146608196,0.8743778104217561,-0.06283788587971634,0.051807956182766186,286,True
LEVEL_PLUS_JUMP,pooled,us10y,asset_price,a,0.9,18,0.03954079666740995,0.011226511644572362,0.0005022471469578056,0.021074828270822164,0.05800676506399774,285,True
LEVEL_PLUS_JUMP,pooled,us10y,asset_price,a,0.9,19,-0.00834666513647414,0.00966783543005762,0.38871475782145654,-0.024248839308374362,0.007555509035426081,284,True
LEVEL_PLUS_JUMP,pooled,us10y,asset_price,a,0.9,20,-0.004787588019025291,0.044052562864960974,0.9135381291766197,-0.07724760582396409,0.06767242978591351,283,True
LEVEL_PLUS_JUMP,pooled,us10y,asset_price,a,0.9,21,0.023386920885970497,0.03998794807437836,0.5591411450793542,-0.04238740053851789,0.08916124231045888,282,True
LEVEL_PLUS_JUMP,pooled,us10y,asset_price,a,0.9,22,0.015969287253419395,0.012891559556475654,0.21652980352384085,-0.005235441240110498,0.037174015746949285,281,True
LEVEL_PLUS_JUMP,pooled,us10y,asset_price,a,0.9,23,-0.044295634169538634,0.014031599885953294,0.001778433867981368,-0.06737556213388077,-0.021215706205196496,280,True
LEVEL_PLUS_JUMP,pooled,us10y,asset_price,a,0.9,24,0.00040638400341030945,0.01132587027070684,0.9714042270493785,-0.01822301478974369,0.01903578279656431,279,True
LEVEL_PLUS_JUMP,pooled,ip,real_macro,a,0.9,0,-0.06783227053199364,0.021049180547017276,0.0014158132398733438,-0.10245509149911139,-0.033209449564875905,303,True
LEVEL_PLUS_JUMP,pooled,ip,real_macro,a,0.9,1,-0.08230705378012311,0.0876248668498948,0.34835789666374156,-0.2264371338293124,0.061823026269066175,302,True
LEVEL_PLUS_JUMP,pooled,ip,real_macro,a,0.9,2,-0.049028155676271334,0.08052424976466357,0.5430975328685624,-0.18147875995922444,0.08342244860668177,301,True
LEVEL_PLUS_JUMP,pooled,ip,real_macro,a,0.9,3,-0.013820543682512176,0.014540503359235913,0.3426679197838412,-0.03773754337065144,0.010096456005627082,300,True
LEVEL_PLUS_JUMP,pooled,ip,real_macro,a,0.9,4,-0.039131039651364635,0.08441162860607015,0.6433067926461471,-0.17797581312093977,0.0997137338182105,299,True
LEVEL_PLUS_JUMP,pooled,ip,real_macro,a,0.9,5,-0.011385895605650065,0.09225547196693763,0.9018641757984271,-0.1631326432765873,0.14036085206528717,298,True
LEVEL_PLUS_JUMP,pooled,ip,real_macro,a,0.9,6,-0.018946262681711984,0.0881336316687971,0.8299439846028522,-0.16391318638853802,0.12602066102511406,297,True
LEVEL_PLUS_JUMP,pooled,ip,real_macro,a,0.9,7,-0.024767619330309465,0.09075346891285574,0.7851213794564419,-0.1740437918300479,0.12450855316942896,296,True
LEVEL_PLUS_JUMP,pooled,ip,real_macro,a,0.9,8,-0.010833483360483565,0.09072291014547273,0.9050335890119507,-0.1600593911608569,0.13839242443988978,295,True
LEVEL_PLUS_JUMP,pooled,ip,real_macro,a,0.9,9,0.032646113763023815,0.02646669738769963,0.2184315762871861,-0.010887729428560977,0.07617995695460861,294,True
LEVEL_PLUS_JUMP,pooled,ip,real_macro,a,0.9,10,-0.051898837417525295,0.0206963099692523,0.012722350418338522,-0.08594123793496186,-0.017856436900088736,293,True
LEVEL_PLUS_JUMP,pooled,ip,real_macro,a,0.9,11,-0.04374534813327502,0.025708927605856854,0.08995544455470794,-0.0860327709508015,-0.0014579253157485442,292,True
LEVEL_PLUS_JUMP,pooled,ip,real_macro,a,0.9,12,-0.05315377063229142,0.07635091177236673,0.4869015346402257,-0.17873984478212068,0.07243230351753786,291,True
LEVEL_PLUS_JUMP,pooled,ip,real_macro,a,0.9,13,-0.02449919150599129,0.011355628812549727,0.03183368271795784,-0.043177538744628347,-0.005820844267354235,290,True
LEVEL_PLUS_JUMP,pooled,ip,real_macro,a,0.9,14,-0.07303925135288711,0.08453034543956787,0.38830820692181245,-0.21207929663662117,0.06600079393084696,289,True
LEVEL_PLUS_JUMP,pooled,ip,real_macro,a,0.9,15,0.0034956777851292697,0.02775735217573626,0.8998741478917404,-0.04216110361569986,0.0491524591859584,288,True
LEVEL_PLUS_JUMP,pooled,ip,real_macro,a,0.9,16,0.009826159440625926,0.01836375003862685,0.5930269452755984,-0.020379521414839685,0.04003184029609154,287,True
LEVEL_PLUS_JUMP,pooled,ip,real_macro,a,0.9,17,-0.05358899000099426,0.0811520731598446,0.5095863538022989,-0.18707227187259587,0.07989429187060734,286,True
LEVEL_PLUS_JUMP,pooled,ip,real_macro,a,0.9,18,-0.07242053610928578,0.014523054189026127,1.098633920562431e-06,-0.09630883446651818,-0.048532237752053384,285,True
LEVEL_PLUS_JUMP,pooled,ip,real_macro,a,0.9,19,-0.03335949799414417,0.025385839720317098,0.1899283380123853,-0.0751154885313165,0.008396492543028156,284,True
LEVEL_PLUS_JUMP,pooled,ip,real_macro,a,0.9,20,-0.0346681028610058,0.014570005097592232,0.01803777066167707,-0.05863362859048182,-0.010702577131529781,283,True
LEVEL_PLUS_JUMP,pooled,ip,real_macro,a,0.9,21,-0.020304404440176338,0.0868574187109008,0.8153442810092228,-0.16317214463444418,0.1225633357540915,282,True
LEVEL_PLUS_JUMP,pooled,ip,real_macro,a,0.9,22,0.04586798116802823,0.030006412452865575,0.12754596158591364,-0.00348817518686953,0.095224137522926,281,True
LEVEL_PLUS_JUMP,pooled,ip,real_macro,a,0.9,23,0.056013872695225064,0.02183667208001847,0.010862710307087447,0.02009574342385674,0.09193200196659339,280,True
LEVEL_PLUS_JUMP,pooled,ip,real_macro,a,0.9,24,-0.03365513763408287,0.08512146215195265,0.6928821676808586,-0.17366748338613466,0.10635720811796892,279,True
LEVEL_PLUS_JUMP,pooled,cpi,real_macro,a,0.9,0,-0.03874991987313058,0.03018592586915044,0.2002723698253472,-0.08840134952189097,0.010901509775629793,303,True
LEVEL_PLUS_JUMP,pooled,cpi,real_macro,a,0.9,1,-0.02615370100992534,0.03805106406997847,0.4924268717275918,-0.08874213175479227,0.03643472973494159,302,True
LEVEL_PLUS_JUMP,pooled,cpi,real_macro,a,0.9,2,0.052285248205800716,0.009982422046525224,3.1501692896670795e-07,0.03586562509681336,0.06870487131478807,301,True
LEVEL_PLUS_JUMP,pooled,cpi,real_macro,a,0.9,3,-0.00020918381172663203,0.009352921353789827,0.9821719069723011,-0.015593370423099703,0.01517500279964644,300,True
LEVEL_PLUS_JUMP,pooled,cpi,real_macro,a,0.9,4,-0.01612853505913757,0.008420789205221038,0.05645193495703331,-0.029979500725139198,-0.0022775693931359406,299,True
LEVEL_PLUS_JUMP,pooled,cpi,real_macro,a,0.9,5,-0.011541708123367272,0.0368471931643702,0.7543345658545441,-0.0721499474427631,0.049066531196028544,298,True
LEVEL_PLUS_JUMP,pooled,cpi,real_macro,a,0.9,6,-0.008478904099265994,0.04112397925356226,0.83679927858584,-0.07612183052916498,0.05916402233063299,297,True
LEVEL_PLUS_JUMP,pooled,cpi,real_macro,a,0.9,7,-0.019287008641503192,0.041291099962735535,0.6407901419373246,-0.08720482417602453,0.048630806893018144,296,True
LEVEL_PLUS_JUMP,pooled,cpi,real_macro,a,0.9,8,-0.020006099286564827,0.04153326587489826,0.6304021207962656,-0.08832224230003104,0.04831004372690138,295,True
LEVEL_PLUS_JUMP,pooled,cpi,real_macro,a,0.9,9,-0.014210408094023075,0.04371154960633361,0.7453519152988942,-0.0861095090036701,0.05768869281562396,294,True
LEVEL_PLUS_JUMP,pooled,cpi,real_macro,a,0.9,10,-0.017577210094986362,0.04848046387822422,0.7172060383929307,-0.0973204769413733,0.06216605675140058,293,True
LEVEL_PLUS_JUMP,pooled,cpi,real_macro,a,0.9,11,-0.020481647100698996,0.04361086691408995,0.6389764753303254,-0.09221513971883781,0.05125184551743982,292,True
LEVEL_PLUS_JUMP,pooled,cpi,real_macro,a,0.9,12,-0.013948290780259248,0.03988967685460656,0.7268508004740596,-0.07956097043248103,0.051664388871962535,291,True
LEVEL_PLUS_JUMP,pooled,cpi,real_macro,a,0.9,13,-0.01773888001533711,0.0389654035825332,0.6492895198833993,-0.08183126542369472,0.04635350539302051,290,True
LEVEL_PLUS_JUMP,pooled,cpi,real_macro,a,0.9,14,-0.016706905812618744,0.03903706478818826,0.6690039565949608,-0.0809171634150098,0.047503351789772316,289,True
LEVEL_PLUS_JUMP,pooled,cpi,real_macro,a,0.9,15,-0.005732241604324173,0.04157827467069255,0.8904473686374026,-0.07412241749879733,0.06265793429014899,288,True
LEVEL_PLUS_JUMP,pooled,cpi,real_macro,a,0.9,16,-0.0002945927430751394,0.041835873372351236,0.9943867813545402,-0.06910848079626959,0.06851929531011931,287,True
LEVEL_PLUS_JUMP,pooled,cpi,real_macro,a,0.9,17,-0.0038351469745238065,0.014119837652569573,0.7861247945955542,-0.027060213149318828,0.019389919200271215,286,True
LEVEL_PLUS_JUMP,pooled,cpi,real_macro,a,0.9,18,-0.023362599530283745,0.011293963361180461,0.03953279586629081,-0.04193951612757847,-0.004785682932989022,285,True
LEVEL_PLUS_JUMP,pooled,cpi,real_macro,a,0.9,19,-0.03322772037525035,0.007554259272288597,1.569606725855839e-05,-0.045653371138206035,-0.02080206961229466,284,True
LEVEL_PLUS_JUMP,pooled,cpi,real_macro,a,0.9,20,-0.023066649687703222,0.00645639368163114,0.0004185694470244416,-0.033686472251960774,-0.012446827123445673,283,True
LEVEL_PLUS_JUMP,pooled,cpi,real_macro,a,0.9,21,-0.009475474774075732,0.013307939942695203,0.47707382457469105,-0.0313650880560703,0.01241413850791884,282,True
LEVEL_PLUS_JUMP,pooled,cpi,real_macro,a,0.9,22,-0.00374126664692942,0.04336631704574354,0.9313154472356149,-0.07507251052714814,0.0675899772332893,281,True
LEVEL_PLUS_JUMP,pooled,cpi,real_macro,a,0.9,23,0.015610780651832606,0.013555836883835453,0.2505231691507231,-0.006686586812906681,0.037908148116571894,280,True
LEVEL_PLUS_JUMP,pooled,cpi,real_macro,a,0.9,24,0.010581330613355533,0.010002394167844533,0.29107360997434484,-0.005871143711821798,0.027033804938532864,279,True
LEVEL_PLUS_JUMP,pooled,infl_exp,real_macro,a,0.9,0,0.037724437913108755,0.014118461557377721,0.007968144676005501,0.014501635213481079,0.06094724061273643,303,True
LEVEL_PLUS_JUMP,pooled,infl_exp,real_macro,a,0.9,1,-0.04782387988364551,0.05767833256351903,0.4077072769907253,-0.142696294397263,0.04704853462997197,302,True
LEVEL_PLUS_JUMP,pooled,infl_exp,real_macro,a,0.9,2,0.04729763980810215,0.05949852637030433,0.4273064573701085,-0.05056872709036075,0.14516400670656504,301,True
LEVEL_PLUS_JUMP,pooled,infl_exp,real_macro,a,0.9,3,-0.011051495783086729,0.05546652292363529,0.8422117129810212,-0.1022858071884152,0.08018281562224175,300,True
LEVEL_PLUS_JUMP,pooled,infl_exp,real_macro,a,0.9,4,-0.017138781805134062,0.06379409166923539,0.788387379602423,-0.12207072486535059,0.08779316125508246,299,True
LEVEL_PLUS_JUMP,pooled,infl_exp,real_macro,a,0.9,5,0.0009156306761197996,0.06918278824370937,0.9894496392301186,-0.11287992948916123,0.11471119084140083,298,True
LEVEL_PLUS_JUMP,pooled,infl_exp,real_macro,a,0.9,6,0.013727541124667286,0.018601314050079972,0.4611334217059657,-0.016868897756670134,0.04432398000600471,297,True
LEVEL_PLUS_JUMP,pooled,infl_exp,real_macro,a,0.9,7,-0.0226308864791374,0.057156354896678425,0.6924435388758977,-0.11664472413426444,0.07138295117598964,296,True
LEVEL_PLUS_JUMP,pooled,infl_exp,real_macro,a,0.9,8,-0.014654026735402503,0.05955829960869387,0.8058269589600447,-0.11261871186182507,0.08331065839102006,295,True
LEVEL_PLUS_JUMP,pooled,infl_exp,real_macro,a,0.9,9,-0.01570555048909328,0.06212234970207922,0.8005955762227583,-0.117887722711306,0.08647662173311944,294,True
LEVEL_PLUS_JUMP,pooled,infl_exp,real_macro,a,0.9,10,-0.018873245191837376,0.06535261444061759,0.7729557914728051,-0.12636873008524838,0.08862223970157362,293,True
LEVEL_PLUS_JUMP,pooled,infl_exp,real_macro,a,0.9,11,-0.027230416251912526,0.05410900382749499,0.6151862303067485,-0.11623180744829875,0.0617709749444737,292,True
LEVEL_PLUS_JUMP,pooled,infl_exp,real_macro,a,0.9,12,0.1354940882213709,0.020320467014727377,1.4027042603440996e-10,0.10206989435084882,0.168918282091893,291,True
LEVEL_PLUS_JUMP,pooled,infl_exp,real_macro,a,0.9,13,-0.019612048527210324,0.019933557998790014,0.3260406520393972,-0.052399833699567605,0.013175736645146957,290,True
LEVEL_PLUS_JUMP,pooled,infl_exp,real_macro,a,0.9,14,-0.00768680242293085,0.07429979328028824,0.9176760154366523,-0.12989908688175758,0.11452548203589588,289,True
LEVEL_PLUS_JUMP,pooled,infl_exp,real_macro,a,0.9,15,-0.0036847206805150634,0.019924063432530704,0.8534143126140843,-0.03645688868112439,0.029087447320094266,288,True
LEVEL_PLUS_JUMP,pooled,infl_exp,real_macro,a,0.9,16,-0.011828386468908492,0.06760464149854789,0.8612375194775508,-0.123028126236549,0.09937135329873202,287,True
LEVEL_PLUS_JUMP,pooled,infl_exp,real_macro,a,0.9,17,-0.004685231691624492,0.06675212934874884,0.9440952042212737,-0.11448271375764783,0.10511225037439885,286,True
LEVEL_PLUS_JUMP,pooled,infl_exp,real_macro,a,0.9,18,0.05565062305091262,0.02433716912856278,0.02298762209384644,0.01561954214006473,0.09568170396176051,285,True
LEVEL_PLUS_JUMP,pooled,infl_exp,real_macro,a,0.9,19,0.07425821683342804,0.01586259344932143,4.516240278802075e-06,0.048166572465455026,0.10034986120140105,284,True
LEVEL_PLUS_JUMP,pooled,infl_exp,real_macro,a,0.9,20,-0.0073870802642464345,0.0631653042283057,0.9069882225567295,-0.11128476002166823,0.09651059949317536,283,True
LEVEL_PLUS_JUMP,pooled,infl_exp,real_macro,a,0.9,21,-0.035932078609957285,0.06544965761796671,0.5834602881938532,-0.14358718532560188,0.07172302810568731,282,True
LEVEL_PLUS_JUMP,pooled,infl_exp,real_macro,a,0.9,22,0.013389373125227227,0.06133992368144501,0.8273764962876883,-0.0875058228191241,0.11428456906957855,281,True
LEVEL_PLUS_JUMP,pooled,infl_exp,real_macro,a,0.9,23,-0.0069270896057791465,0.056471604549441376,0.902465002684479,-0.09981461316869705,0.08596043395713876,280,True
LEVEL_PLUS_JUMP,pooled,infl_exp,real_macro,a,0.9,24,-0.030130458532057383,0.016104386231519503,0.06245435736078287,-0.05661981663479959,-0.0036411004293151784,279,True
LEVEL_PLUS_JUMP,pooled,freight,physical_channel,a,0.9,0,-0.0007296808937468369,0.001351118250231287,0.5895736169052834,-0.002952072648080096,0.0014927108605864224,303,True
LEVEL_PLUS_JUMP,pooled,freight,physical_channel,a,0.9,1,0.015100171845381375,0.0015333567370427175,6.553955709859038e-20,0.012578024455046187,0.017622319235716565,302,True
LEVEL_PLUS_JUMP,pooled,freight,physical_channel,a,0.9,2,0.0030410561607046305,0.0013601762407079068,0.026134921700035306,0.0008037653378830112,0.00527834698352625,301,True
LEVEL_PLUS_JUMP,pooled,freight,physical_channel,a,0.9,3,-0.0008405195212435514,0.0044292534747469355,0.8496274988534974,-0.008125993163868458,0.0064449541213813565,300,True
LEVEL_PLUS_JUMP,pooled,freight,physical_channel,a,0.9,4,0.00032583897775861903,0.0016048607897084525,0.8392544670074475,-0.002313922112945533,0.002965600068462771,299,True
LEVEL_PLUS_JUMP,pooled,freight,physical_channel,a,0.9,5,-0.0008149694109966799,0.001588108133064382,0.6082313780525738,-0.00342717483365876,0.0017972360116654002,298,True
LEVEL_PLUS_JUMP,pooled,freight,physical_channel,a,0.9,6,-0.0008210127638036413,0.0010999074319204482,0.45602246405435964,-0.0026301994925088702,0.0009881739649015874,297,True
LEVEL_PLUS_JUMP,pooled,freight,physical_channel,a,0.9,7,0.0007624975483235263,0.0036239441512972603,0.8335031960648106,-0.005198360132807347,0.006723355229454399,296,True
LEVEL_PLUS_JUMP,pooled,freight,physical_channel,a,0.9,8,0.00019461983550033563,0.003928265831233537,0.9605214091990304,-0.0062668024646336876,0.006656042135634359,295,True
LEVEL_PLUS_JUMP,pooled,freight,physical_channel,a,0.9,9,-0.000482352698058075,0.0040781810388295795,0.9059334362396299,-0.007190363571141631,0.006225658175025481,294,True
LEVEL_PLUS_JUMP,pooled,freight,physical_channel,a,0.9,10,-0.0005511624576162721,0.0009341299812138141,0.5556497080490772,-0.0020876695452599248,0.0009853446300273805,293,True
LEVEL_PLUS_JUMP,pooled,freight,physical_channel,a,0.9,11,0.0014001044223160286,0.003986625793724692,0.7257040512928177,-0.005157311473790322,0.007957520318422378,292,True
LEVEL_PLUS_JUMP,pooled,freight,physical_channel,a,0.9,12,-0.0010842351202342867,0.004184469347938762,0.795743323251482,-0.007967074704058622,0.005798604463590047,291,True
LEVEL_PLUS_JUMP,pooled,freight,physical_channel,a,0.9,13,-0.000559188803440927,0.001327174827662249,0.6738364365389141,-0.0027421971323198725,0.0016238195254380185,290,True
LEVEL_PLUS_JUMP,pooled,freight,physical_channel,a,0.9,14,-0.001303607170749399,0.004142662465146489,0.7532443228158824,-0.008117680551781328,0.00551046621028253,289,True
LEVEL_PLUS_JUMP,pooled,freight,physical_channel,a,0.9,15,0.002544565577268759,0.0015539517803707084,0.10267803103430898,-1.145764478169796e-05,0.005100588799319216,288,True
LEVEL_PLUS_JUMP,pooled,freight,physical_channel,a,0.9,16,0.002618810961890418,0.001597769566790428,0.10235643286404877,-9.28610507749993e-06,0.005246908028858336,287,True
LEVEL_PLUS_JUMP,pooled,freight,physical_channel,a,0.9,17,-0.0007412032920318373,0.0009093909272955261,0.41575411513218974,-0.0022370182571106456,0.0007546116730469713,286,True
LEVEL_PLUS_JUMP,pooled,freight,physical_channel,a,0.9,18,-0.0023141828324303865,0.004003377259755655,0.5637052205606802,-0.008899152438194523,0.004270786773333749,285,True
LEVEL_PLUS_JUMP,pooled,freight,physical_channel,a,0.9,19,0.004278150016033044,0.003513014513383619,0.22436305857014147,-0.001500244647839163,0.01005654467990525,284,True
LEVEL_PLUS_JUMP,pooled,freight,physical_channel,a,0.9,20,-0.0013612431590389468,0.0014910533406192934,0.36209125876280107,-0.0038138076543347004,0.0010913213362568068,283,True
LEVEL_PLUS_JUMP,pooled,freight,physical_channel,a,0.9,21,0.0008717629592405862,0.0011390063757226716,0.4447238795397272,-0.0010017358089877016,0.002745261727468874,282,True
LEVEL_PLUS_JUMP,pooled,freight,physical_channel,a,0.9,22,0.004203454391063288,0.0007227603205980846,1.7196668183434234e-08,0.00301461945631092,0.005392289325815656,281,True
LEVEL_PLUS_JUMP,pooled,freight,physical_channel,a,0.9,23,-0.0010023894658074718,0.0009280236268098226,0.2810610754462533,-0.002528852494262268,0.0005240735626473245,280,True
LEVEL_PLUS_JUMP,pooled,freight,physical_channel,a,0.9,24,-0.000852924787162113,0.0031826996432998585,0.788917159456262,-0.006087999838941042,0.004382150264616816,279,True
LEVEL_PLUS_JUMP,pooled,oil,asset_price,b,0.1,0,-0.015253007688908582,0.004432161885117672,0.0006686017048947383,-0.02254326524088046,-0.007962750136936704,303,True
LEVEL_PLUS_JUMP,pooled,oil,asset_price,b,0.1,1,-0.0013720081528845185,0.003934511669329244,0.7275739594834855,-0.007843703942463616,0.005099687636694579,302,True
LEVEL_PLUS_JUMP,pooled,oil,asset_price,b,0.1,2,-0.0010428039495593566,0.00429842639216416,0.8084964148537543,-0.008113086190894507,0.006027478291775793,301,True
LEVEL_PLUS_JUMP,pooled,oil,asset_price,b,0.1,3,0.001000212139388168,0.013684443730304866,0.9417872793613926,-0.021508694763217123,0.02350911904199346,300,True
LEVEL_PLUS_JUMP,pooled,oil,asset_price,b,0.1,4,-0.0028040470148482655,0.004874728270528759,0.5656189847193905,-0.010822261491030372,0.005214167461333841,299,True
LEVEL_PLUS_JUMP,pooled,oil,asset_price,b,0.1,5,-0.00026930297914873336,0.003714852179851411,0.9422627767817425,-0.0063796910607659095,0.005841085102468443,298,True
LEVEL_PLUS_JUMP,pooled,oil,asset_price,b,0.1,6,0.005477669618755954,0.0030747653022985435,0.0759602822213373,0.0004201307592456545,0.010535208478266254,297,True
LEVEL_PLUS_JUMP,pooled,oil,asset_price,b,0.1,7,-0.0032160058773200717,0.003316276167647023,0.333038426277723,-0.008670794759647006,0.0022387830050068624,296,True
LEVEL_PLUS_JUMP,pooled,oil,asset_price,b,0.1,8,0.00680399609491289,0.01368564985428554,0.6194833844596439,-0.015706894705096567,0.029314886894922346,295,True
LEVEL_PLUS_JUMP,pooled,oil,asset_price,b,0.1,9,0.006561599812926033,0.0030771548675347163,0.03389334087257385,0.0015001304683701783,0.011623069157481888,294,True
LEVEL_PLUS_JUMP,pooled,oil,asset_price,b,0.1,10,0.006254027670507867,0.013331157166747674,0.6393634112267401,-0.015673774546677156,0.02818182988769289,293,False
LEVEL_PLUS_JUMP,pooled,oil,asset_price,b,0.1,11,0.005774421327073398,0.0030749209729621584,0.061495917144379984,0.0007166264121074416,0.010832216242039354,292,True
LEVEL_PLUS_JUMP,pooled,oil,asset_price,b,0.1,12,-0.00321952219470667,0.012603637012097837,0.7985799249611791,-0.023950660246835613,0.017511615857422273,291,True
LEVEL_PLUS_JUMP,pooled,oil,asset_price,b,0.1,13,0.009251238649914839,0.013201703420950357,0.48407405789813446,-0.012463631103973014,0.030966108403802692,290,True
LEVEL_PLUS_JUMP,pooled,oil,asset_price,b,0.1,14,0.013992055142271198,0.0031930934311159257,1.7053318979160723e-05,0.008739883830905248,0.01924422645363715,289,True
LEVEL_PLUS_JUMP,pooled,oil,asset_price,b,0.1,15,0.00855026388380109,0.012984375092965862,0.5107969696884359,-0.012807132581562165,0.029907660349164346,288,True
LEVEL_PLUS_JUMP,pooled,oil,asset_price,b,0.1,16,-0.0013387432916260877,0.002925389816467863,0.6476026459315838,-0.0061505813414901534,0.003473094758237978,287,True
LEVEL_PLUS_JUMP,pooled,oil,asset_price,b,0.1,17,-0.0039009164428662757,0.011968413252805865,0.7447382647525685,-0.023587204390598072,0.01578537150486552,286,True
LEVEL_PLUS_JUMP,pooled,oil,asset_price,b,0.1,18,-0.010080968484334818,0.0043323473956965244,0.020747828358635215,-0.01720704581136001,-0.002954891157309625,285,True
LEVEL_PLUS_JUMP,pooled,oil,asset_price,b,0.1,19,0.006354137445519825,0.005158581245696839,0.21916874286153873,-0.002130973626388465,0.014839248517428115,284,True
LEVEL_PLUS_JUMP,pooled,oil,asset_price,b,0.1,20,0.006726709249051055,0.004273278773407329,0.11669654575014869,-0.0003022088403627282,0.013755627338464839,283,False
LEVEL_PLUS_JUMP,pooled,oil,asset_price,b,0.1,21,0.00777428704476435,0.012738742106870652,0.5422174315245782,-0.01317907911252128,0.02872765320204998,282,True
LEVEL_PLUS_JUMP,pooled,oil,asset_price,b,0.1,22,0.007339256854113074,0.0026685017700096188,0.006383412811194169,0.00294996203918633,0.011728551669039819,281,True
LEVEL_PLUS_JUMP,pooled,oil,asset_price,b,0.1,23,0.001805960778661131,0.003467687615396466,0.6029656005754277,-0.0038978777726584478,0.00750979932998071,280,True
LEVEL_PLUS_JUMP,pooled,oil,asset_price,b,0.1,24,0.0033578173833959113,0.0135191486949492,0.8040474319069467,-0.018879203380787545,0.025594838147579367,279,True
LEVEL_PLUS_JUMP,pooled,dxy,asset_price,b,0.1,0,-0.00029710714938602223,0.0006875848472819953,0.6660055122971336,-0.0014280835792746863,0.0008338692805026418,303,False
LEVEL_PLUS_JUMP,pooled,dxy,asset_price,b,0.1,1,0.00014236041603155059,0.000772693119205292,0.8539620345172133,-0.0011286066636137203,0.0014133274956768214,302,False
LEVEL_PLUS_JUMP,pooled,dxy,asset_price,b,0.1,2,0.0014534098937399875,0.000681983503805957,0.03397011079756775,0.0003316468539836862,0.0025751729334962887,301,True
LEVEL_PLUS_JUMP,pooled,dxy,asset_price,b,0.1,3,0.002034190837633787,0.0005665981747450226,0.00039192769362399687,0.0011022197748803526,0.0029661619003872215,300,True
LEVEL_PLUS_JUMP,pooled,dxy,asset_price,b,0.1,4,0.000473049348087784,0.002241304464828125,0.8329992039757877,-0.003213568429987286,0.004159667126162854,299,True
LEVEL_PLUS_JUMP,pooled,dxy,asset_price,b,0.1,5,0.00033949349837023024,0.0005415438880921528,0.5312549460061026,-0.0005512669301115494,0.0012302539268520098,298,True
LEVEL_PLUS_JUMP,pooled,dxy,asset_price,b,0.1,6,0.00052164370427632,0.0021438032769575954,0.8079380885908243,-0.0030045988912978322,0.004047886299850472,297,True
LEVEL_PLUS_JUMP,pooled,dxy,asset_price,b,0.1,7,-0.0017297511350164996,0.0006696083260366094,0.010318401924938575,-0.0028311588187347205,-0.0006283434512982787,296,True
LEVEL_PLUS_JUMP,pooled,dxy,asset_price,b,0.1,8,-0.001458512311675264,0.0007142783456080788,0.04214028850917566,-0.0026333956391016095,-0.00028362898424891844,295,True
LEVEL_PLUS_JUMP,pooled,dxy,asset_price,b,0.1,9,-0.0003361060803037663,0.0008939894773960732,0.7072448055441676,-0.0018065879146551484,0.0011343757540476158,294,True
LEVEL_PLUS_JUMP,pooled,dxy,asset_price,b,0.1,10,0.0005131024990809863,0.0007745813267570184,0.5082741929304135,-0.0007609704056041789,0.0017871754037661514,293,True
LEVEL_PLUS_JUMP,pooled,dxy,asset_price,b,0.1,11,0.0013190740455275574,0.0023087303730708985,0.5682540791587884,-0.0024784494822711355,0.00511659757332625,292,True
LEVEL_PLUS_JUMP,pooled,dxy,asset_price,b,0.1,12,-2.280383520458784e-06,0.0019152454050658178,0.9990509030084114,-0.0031525787345451106,0.003148017967504193,291,True
LEVEL_PLUS_JUMP,pooled,dxy,asset_price,b,0.1,13,-0.001645978335641729,0.0005881559594401996,0.005514812846715781,-0.0026134087987400643,-0.0006785478725433937,290,True
LEVEL_PLUS_JUMP,pooled,dxy,asset_price,b,0.1,14,-0.00025808230347612593,0.002098850866274871,0.9022305373914121,-0.003710384763298587,0.003194220156346335,289,True
LEVEL_PLUS_JUMP,pooled,dxy,asset_price,b,0.1,15,0.0005066518544616372,0.002191835388385229,0.8173768455942203,-0.0030985965338043956,0.0041119002427276695,288,True
LEVEL_PLUS_JUMP,pooled,dxy,asset_price,b,0.1,16,0.0005635730772688419,0.001987527979177646,0.7769781154354696,-0.002705619527949039,0.0038327656824867226,287,True
LEVEL_PLUS_JUMP,pooled,dxy,asset_price,b,0.1,17,8.452096837485712e-05,0.000584546177584815,0.885145538033955,-0.0008769719319461453,0.0010460138686958595,286,True
LEVEL_PLUS_JUMP,pooled,dxy,asset_price,b,0.1,18,-0.0005194943485875569,0.0005552701132946906,0.35037261628874933,-0.0014328324083780837,0.00039384371120296984,285,True
LEVEL_PLUS_JUMP,pooled,dxy,asset_price,b,0.1,19,-0.001253042361684109,0.0005811339946530437,0.03199960325062381,-0.0022089227205339653,-0.0002971620028342527,284,True
LEVEL_PLUS_JUMP,pooled,dxy,asset_price,b,0.1,20,-0.0030068845463624427,0.0006839347136995535,1.6164582716645976e-05,-0.00413185704078917,-0.0018819120519357154,283,True
LEVEL_PLUS_JUMP,pooled,dxy,asset_price,b,0.1,21,0.0007781084565863239,0.0006761226435261628,0.2508806245982753,-0.00033401432588170236,0.0018902312390543501,282,True
LEVEL_PLUS_JUMP,pooled,dxy,asset_price,b,0.1,22,0.0007661615189713533,0.002032945424329667,0.7065841508736558,-0.0025777361356316988,0.004110059173574406,281,True
LEVEL_PLUS_JUMP,pooled,dxy,asset_price,b,0.1,23,-0.0003173952084889464,0.001991796855000476,0.8735198296142459,-0.003593609489587015,0.002958819072609122,280,True
LEVEL_PLUS_JUMP,pooled,dxy,asset_price,b,0.1,24,0.0001421443075271256,0.0020934500072028804,0.9459196561893726,-0.003301274529662118,0.003585563144716369,279,True
LEVEL_PLUS_JUMP,pooled,vix,asset_price,b,0.1,0,0.027670859512909374,0.06809894218636886,0.6848138325451831,-0.08434193253389806,0.1396836515597168,303,True
LEVEL_PLUS_JUMP,pooled,vix,asset_price,b,0.1,1,-0.26609213690971956,0.0835328678281231,0.0016121863155105366,-0.40349147752646575,-0.12869279629297334,302,True
LEVEL_PLUS_JUMP,pooled,vix,asset_price,b,0.1,2,0.14372655782062793,0.06553567118315816,0.029143493313255654,0.03592997138031115,0.2515231442609447,301,True
LEVEL_PLUS_JUMP,pooled,vix,asset_price,b,0.1,3,0.025340277832583524,0.07421877510826641,0.7330459234751576,-0.09673874359214413,0.14741929925731118,300,True
LEVEL_PLUS_JUMP,pooled,vix,asset_price,b,0.1,4,0.03445381185156293,0.07722875810505885,0.655861959107346,-0.092576191022501,0.16148381472562687,299,True
LEVEL_PLUS_JUMP,pooled,vix,asset_price,b,0.1,5,0.03317195829004049,0.37270481502969316,0.9291452699432519,-0.5798729084938279,0.6462168250739089,298,False
LEVEL_PLUS_JUMP,pooled,vix,asset_price,b,0.1,6,0.2688268439146668,0.3903845807084915,0.4916555445216839,-0.3732986495696252,0.9109523373989589,297,True
LEVEL_PLUS_JUMP,pooled,vix,asset_price,b,0.1,7,-0.3590104885661276,0.11240736549588702,0.001571673086558058,-0.5439041513980971,-0.17411682573415807,296,True
LEVEL_PLUS_JUMP,pooled,vix,asset_price,b,0.1,8,0.3806933647747428,0.10220931222016694,0.0002386413455973278,0.2125740068611858,0.5488127226882998,295,True
LEVEL_PLUS_JUMP,pooled,vix,asset_price,b,0.1,9,0.07930199329712195,0.11386206660958008,0.48674005002123605,-0.10798443993783596,0.26658842653207987,294,True
LEVEL_PLUS_JUMP,pooled,vix,asset_price,b,0.1,10,0.7103718472644687,0.09263854351423706,3.3223457931031554e-13,0.557995002969574,0.8627486915593633,293,False
LEVEL_PLUS_JUMP,pooled,vix,asset_price,b,0.1,11,0.4314589283312671,0.11819766960959764,0.00031568638280042507,0.2370410627767086,0.6258767938858256,292,False
LEVEL_PLUS_JUMP,pooled,vix,asset_price,b,0.1,12,0.1299592118102737,0.16202879330783615,0.42323382342690674,-0.136554436532691,0.3964728601532384,291,True
LEVEL_PLUS_JUMP,pooled,vix,asset_price,b,0.1,13,0.35407684161691577,0.17560564159249145,0.0447871500212356,0.06523126513036592,0.6429224181034656,290,True
LEVEL_PLUS_JUMP,pooled,vix,asset_price,b,0.1,14,0.24298701273619372,0.15879086455151814,0.12717016375318826,-0.01820071674813084,0.5041747422205183,289,True
LEVEL_PLUS_JUMP,pooled,vix,asset_price,b,0.1,15,-0.24493998220532376,0.15222987360061974,0.10882680665958125,-0.4953358419276673,0.005455877517019758,288,True
LEVEL_PLUS_JUMP,pooled,vix,asset_price,b,0.1,16,-0.5585228312847903,0.12802698557152462,1.857809493025175e-05,-0.7691084828497764,-0.3479371797198042,287,False
LEVEL_PLUS_JUMP,pooled,vix,asset_price,b,0.1,17,-0.7063136184133327,0.1279243412901406,8.195802011398598e-08,-0.9167304351597985,-0.495896801666867,286,True
LEVEL_PLUS_JUMP,pooled,vix,asset_price,b,0.1,18,-1.0489617209896096,0.12069174000166365,4.2923879000987163e-16,-1.2474819672744302,-0.850441474704789,285,True
LEVEL_PLUS_JUMP,pooled,vix,asset_price,b,0.1,19,-1.175740325701554,0.12811964162641504,1.5339565818555757e-17,-1.3864783829144856,-0.9650022684886224,284,True
LEVEL_PLUS_JUMP,pooled,vix,asset_price,b,0.1,20,-0.6216126647777855,0.16776895917698878,0.0002590543055535527,-0.897568045769929,-0.3456572837856421,283,False
LEVEL_PLUS_JUMP,pooled,vix,asset_price,b,0.1,21,-0.8456798254301248,0.12081887154014007,2.280974137219865e-11,-1.0444091844871082,-0.6469504663731414,282,True
LEVEL_PLUS_JUMP,pooled,vix,asset_price,b,0.1,22,-0.6486725793383812,0.13019420246319596,1.165237273272007e-06,-0.8628229854680234,-0.434522173208739,281,True
LEVEL_PLUS_JUMP,pooled,vix,asset_price,b,0.1,23,-0.5770134388440056,0.13814753946723599,4.077498337985251e-05,-0.8042459201911103,-0.34978095749690086,280,True
LEVEL_PLUS_JUMP,pooled,vix,asset_price,b,0.1,24,0.04091400635661557,0.17944109657468882,0.819825649504239,-0.25424033216841074,0.3360683448816419,279,True
LEVEL_PLUS_JUMP,pooled,us10y,asset_price,b,0.1,0,-0.003251735876915518,0.033963886238327474,0.9237960198781767,-0.05911735734139566,0.05261388558756462,303,True
LEVEL_PLUS_JUMP,pooled,us10y,asset_price,b,0.1,1,-0.028000880119520843,0.009664691806471164,0.004068637393171266,-0.04389788349076311,-0.012103876748278574,302,True
LEVEL_PLUS_JUMP,pooled,us10y,asset_price,b,0.1,2,0.035570539374862875,0.008218206107453694,2.1114120566713478e-05,0.02205279325198293,0.04908828549774282,301,True
LEVEL_PLUS_JUMP,pooled,us10y,asset_price,b,0.1,3,-0.008514323706876326,0.03234294845454167,0.7925561883946588,-0.0617137397786337,0.04468509236488105,300,True
LEVEL_PLUS_JUMP,pooled,us10y,asset_price,b,0.1,4,0.0014792424073846178,0.03297795780067583,0.9642555301017942,-0.05276467109050962,0.055723155905278855,299,True
LEVEL_PLUS_JUMP,pooled,us10y,asset_price,b,0.1,5,-0.023563107262361882,0.008315500763551762,0.00494945622077241,-0.03724088885320773,-0.00988532567151603,298,True
LEVEL_PLUS_JUMP,pooled,us10y,asset_price,b,0.1,6,-0.0033265036340495158,0.03454642532316783,0.9233612989246089,-0.06015031662507031,0.05349730935697128,297,True
LEVEL_PLUS_JUMP,pooled,us10y,asset_price,b,0.1,7,-0.05100826920416068,0.01060371647298212,2.5162812519410526e-06,-0.06844983070391039,-0.033566707704410975,296,True
LEVEL_PLUS_JUMP,pooled,us10y,asset_price,b,0.1,8,0.003843022553638775,0.011329424764021294,0.7347202779919646,-0.014792222860735477,0.022478267968013027,295,True
LEVEL_PLUS_JUMP,pooled,us10y,asset_price,b,0.1,9,-0.008984964817443597,0.010463671823374963,0.39128918759088277,-0.02619617336735183,0.008226243732464635,294,True
LEVEL_PLUS_JUMP,pooled,us10y,asset_price,b,0.1,10,-0.003960617453770965,0.034869962777589705,0.9096547636654416,-0.061316602200152226,0.053395367292610296,293,True
LEVEL_PLUS_JUMP,pooled,us10y,asset_price,b,0.1,11,-0.03190314959820739,0.01249054519170185,0.011205815208786501,-0.052448268159379446,-0.011358031037035334,292,True
LEVEL_PLUS_JUMP,pooled,us10y,asset_price,b,0.1,12,-0.003486619890793463,0.010240731727760272,0.733777491169675,-0.020331124615836964,0.013357884834250038,291,True
LEVEL_PLUS_JUMP,pooled,us10y,asset_price,b,0.1,13,0.0370491833707689,0.0074753373749292034,1.2919616974203682e-06,0.024753347576930703,0.049345019164607096,290,True
LEVEL_PLUS_JUMP,pooled,us10y,asset_price,b,0.1,14,0.004922120247414341,0.0329223435027182,0.8812690608049388,-0.04923031587077393,0.05907455636560261,289,True
LEVEL_PLUS_JUMP,pooled,us10y,asset_price,b,0.1,15,0.009094022091872489,0.007416225214786,0.2212203116420024,-0.0031045828509572247,0.0212926270347022,288,True
LEVEL_PLUS_JUMP,pooled,us10y,asset_price,b,0.1,16,0.004362408080567093,0.006171014302786981,0.48025225079715317,-0.005788007177341483,0.014512823338475669,287,True
LEVEL_PLUS_JUMP,pooled,us10y,asset_price,b,0.1,17,0.010458650570001282,0.03084325987634705,0.7348175292745326,-0.04027399730461498,0.06119129844461754,286,True
LEVEL_PLUS_JUMP,pooled,us10y,asset_price,b,0.1,18,0.015726275339204676,0.03152165368555434,0.6182738587496237,-0.03612223105298762,0.06757478173139697,285,True
LEVEL_PLUS_JUMP,pooled,us10y,asset_price,b,0.1,19,-0.003545654067892201,0.032268711061029146,0.9125914138316373,-0.05662296049367508,0.04953165235789068,284,True
LEVEL_PLUS_JUMP,pooled,us10y,asset_price,b,0.1,20,-0.05093417233588582,0.012332219098871933,4.917080246812539e-05,-0.07121886764902553,-0.030649477022746105,283,True
LEVEL_PLUS_JUMP,pooled,us10y,asset_price,b,0.1,21,-0.041972480707983095,0.008706448927745553,2.463596210982473e-06,-0.056293314804653126,-0.027651646611313065,282,True
LEVEL_PLUS_JUMP,pooled,us10y,asset_price,b,0.1,22,0.004981184761170709,0.00841192931531915,0.5542741237966015,-0.008855207682791407,0.018817577205132826,281,True
LEVEL_PLUS_JUMP,pooled,us10y,asset_price,b,0.1,23,-0.016805871123644067,0.03228722404320286,0.6031641328287246,-0.06991362869530107,0.03630188644801294,280,True
LEVEL_PLUS_JUMP,pooled,us10y,asset_price,b,0.1,24,0.02570009584829336,0.027958709194641735,0.3588650636825259,-0.020287888375394574,0.0716880800719813,279,True
LEVEL_PLUS_JUMP,pooled,ip,real_macro,b,0.1,0,0.06061708168013169,0.07225625477430657,0.40224389320451204,-0.0582338810553161,0.17946804441557948,303,True
LEVEL_PLUS_JUMP,pooled,ip,real_macro,b,0.1,1,0.02857265539308429,0.06859342733732415,0.6773330342831817,-0.08425349234774561,0.14139880313391417,302,True
LEVEL_PLUS_JUMP,pooled,ip,real_macro,b,0.1,2,-0.0076755105783377076,0.026378013367516034,0.7712865082510335,-0.051063481537670874,0.03571246038099546,301,False
LEVEL_PLUS_JUMP,pooled,ip,real_macro,b,0.1,3,0.06685343835874846,0.03300025279195963,0.043756648777057566,0.012572852863578218,0.12113402385391871,300,True
LEVEL_PLUS_JUMP,pooled,ip,real_macro,b,0.1,4,0.05975868285685948,0.08374108061912915,0.47608092410280084,-0.07798313732435072,0.19750050303806968,299,True
LEVEL_PLUS_JUMP,pooled,ip,real_macro,b,0.1,5,0.04829844514199522,0.029578773841735982,0.10366085179537787,-0.0003543082923615423,0.09695119857635198,298,True
LEVEL_PLUS_JUMP,pooled,ip,real_macro,b,0.1,6,0.041675413323446264,0.08749094949771645,0.6342190482282837,-0.10223439228330072,0.18558521893019325,297,False
LEVEL_PLUS_JUMP,pooled,ip,real_macro,b,0.1,7,0.07123103842961598,0.087235115720095,0.4149160595004242,-0.07225795806011368,0.21472003491934563,296,True
LEVEL_PLUS_JUMP,pooled,ip,real_macro,b,0.1,8,-0.112657412283653,0.03092810127942647,0.00032422979365042217,-0.1635296118478401,-0.0617852127194659,295,True
LEVEL_PLUS_JUMP,pooled,ip,real_macro,b,0.1,9,-0.05192601169073896,0.02916310255313043,0.07612924103073841,-0.09989504669841329,-0.003956976683064634,294,True
LEVEL_PLUS_JUMP,pooled,ip,real_macro,b,0.1,10,0.036520377590449016,0.08679206999050211,0.6742566867636512,-0.1062398735240544,0.17928062870495243,293,True
LEVEL_PLUS_JUMP,pooled,ip,real_macro,b,0.1,11,0.03174186307328952,0.07727959401100648,0.681595967884397,-0.09537175742505175,0.1588554835716308,292,True
LEVEL_PLUS_JUMP,pooled,ip,real_macro,b,0.1,12,0.0013688414518071568,0.07722705856630316,0.9858717600233435,-0.12565836592977037,0.12839604883338468,291,True
LEVEL_PLUS_JUMP,pooled,ip,real_macro,b,0.1,13,0.045438062468406315,0.08682048238941387,0.6011685567961444,-0.0973689228834975,0.18824504782031012,290,True
LEVEL_PLUS_JUMP,pooled,ip,real_macro,b,0.1,14,-0.07483889148352318,0.02748320864516518,0.006903885264112795,-0.12004474690378719,-0.029633036063259184,289,False
LEVEL_PLUS_JUMP,pooled,ip,real_macro,b,0.1,15,0.014668824049294926,0.026148653355587338,0.5752955445332755,-0.02834188326253969,0.05767953136112954,288,False
LEVEL_PLUS_JUMP,pooled,ip,real_macro,b,0.1,16,0.04651490980820938,0.08382414488050612,0.5794346869008605,-0.09136353892459678,0.18439335854101555,287,True
LEVEL_PLUS_JUMP,pooled,ip,real_macro,b,0.1,17,0.020810205721733865,0.08786157839147066,0.8129594241972891,-0.12370923016515775,0.16532964160862548,286,True
LEVEL_PLUS_JUMP,pooled,ip,real_macro,b,0.1,18,0.008070283711276716,0.024882290096765236,0.7459456255048518,-0.03285744140124628,0.04899800882379971,285,True
LEVEL_PLUS_JUMP,pooled,ip,real_macro,b,0.1,19,0.03826148375213734,0.024456201605201927,0.11893781088070096,-0.00196538815963547,0.07848835566391014,284,True
LEVEL_PLUS_JUMP,pooled,ip,real_macro,b,0.1,20,0.02603588431844628,0.07916977129290681,0.7425303468908396,-0.10418680113761003,0.1562585697745026,283,True
LEVEL_PLUS_JUMP,pooled,ip,real_macro,b,0.1,21,-0.10861239321138783,0.02647588151509861,5.512814098078456e-05,-0.15216134294823522,-0.06506344347454043,282,True
LEVEL_PLUS_JUMP,pooled,ip,real_macro,b,0.1,22,0.007684842399484637,0.02372764629879159,0.7462986233673223,-0.031343662674104385,0.04671334747307366,281,True
LEVEL_PLUS_JUMP,pooled,ip,real_macro,b,0.1,23,0.012483443112271786,0.01875351159897613,0.5062379355970832,-0.018363338459380603,0.043330224683924175,280,True
LEVEL_PLUS_JUMP,pooled,ip,real_macro,b,0.1,24,0.03258250917519945,0.08638342367503331,0.7063550272759267,-0.10950557856516477,0.17467059691556366,279,False
LEVEL_PLUS_JUMP,pooled,cpi,real_macro,b,0.1,0,-0.004263901775964918,0.009830771095842817,0.6648244658794221,-0.020434081268691673,0.011906277716761837,303,True
LEVEL_PLUS_JUMP,pooled,cpi,real_macro,b,0.1,1,0.00996315196545794,0.03436332193468081,0.7720847605371037,-0.046559482752902864,0.06648578668381874,302,True
LEVEL_PLUS_JUMP,pooled,cpi,real_macro,b,0.1,2,-0.03989310167321314,0.012810357042837924,0.002041172847692536,-0.06096426391766843,-0.018821939428757845,301,True
LEVEL_PLUS_JUMP,pooled,cpi,real_macro,b,0.1,3,0.0038098038590135275,0.009686934236944245,0.6944111417895137,-0.012123785054664604,0.01974339277269166,300,True
LEVEL_PLUS_JUMP,pooled,cpi,real_macro,b,0.1,4,0.009781912076803678,0.011640974928897466,0.40148090921221674,-0.009365787756244474,0.02892961190985183,299,True
LEVEL_PLUS_JUMP,pooled,cpi,real_macro,b,0.1,5,0.009654623610323654,0.03529712111963745,0.7846592601948155,-0.04840397408425742,0.06771322130490473,298,True
LEVEL_PLUS_JUMP,pooled,cpi,real_macro,b,0.1,6,0.019369482368148283,0.008436811178900015,0.022454974742123733,0.005492162900629868,0.033246801835666695,297,True
LEVEL_PLUS_JUMP,pooled,cpi,real_macro,b,0.1,7,0.013243643222785817,0.03500324793290945,0.7054666449213661,-0.04433157609474192,0.07081886254031355,296,True
LEVEL_PLUS_JUMP,pooled,cpi,real_macro,b,0.1,8,0.020398647410944548,0.011624280871345309,0.08043521596841896,0.0012784068590095954,0.0395188879628795,295,True
LEVEL_PLUS_JUMP,pooled,cpi,real_macro,b,0.1,9,0.009284298213628972,0.010515658140142737,0.378086295053439,-0.008012420217966582,0.026581016645224526,294,False
LEVEL_PLUS_JUMP,pooled,cpi,real_macro,b,0.1,10,0.009967697430724343,0.03342164861754112,0.7657531326061745,-0.04500602251653583,0.0649414173779845,293,False
LEVEL_PLUS_JUMP,pooled,cpi,real_macro,b,0.1,11,0.006950294586289374,0.0365959836829291,0.8495180787383513,-0.053244741906433454,0.0671453310790122,292,False
LEVEL_PLUS_JUMP,pooled,cpi,real_macro,b,0.1,12,0.022485156470418488,0.03868125807970208,0.5615406328636329,-0.04113985117702541,0.08611016411786239,291,False
LEVEL_PLUS_JUMP,pooled,cpi,real_macro,b,0.1,13,0.02116224887804563,0.03304134497268518,0.5224217502382821,-0.03318592723963038,0.07551042499572164,290,True
LEVEL_PLUS_JUMP,pooled,cpi,real_macro,b,0.1,14,0.023404990363995903,0.036188666978185555,0.5183626370979936,-0.03612006976961158,0.08293005049760338,289,True
LEVEL_PLUS_JUMP,pooled,cpi,real_macro,b,0.1,15,0.03370625949100514,0.012285901841341517,0.006501996261872166,0.013497749286904778,0.0539147696951055,288,True
LEVEL_PLUS_JUMP,pooled,cpi,real_macro,b,0.1,16,0.00867463738976948,0.009873935187275758,0.38046556403926557,-0.0075665407153048155,0.024915815494843774,287,True
LEVEL_PLUS_JUMP,pooled,cpi,real_macro,b,0.1,17,0.014372318353633062,0.02873791625128825,0.6174190420464517,-0.03289734742332607,0.061641984130592194,286,True
LEVEL_PLUS_JUMP,pooled,cpi,real_macro,b,0.1,18,0.0005783395497527266,0.007835852818077272,0.9412214954294641,-0.012310491378319587,0.01346717047782504,285,True
LEVEL_PLUS_JUMP,pooled,cpi,real_macro,b,0.1,19,-0.0013070208595902244,0.03287832418295896,0.96832081717165,-0.05538705164001657,0.05277300992083612,284,True
LEVEL_PLUS_JUMP,pooled,cpi,real_macro,b,0.1,20,0.010328090295100623,0.03800110065163969,0.786008037065015,-0.05217815793989687,0.07283433853009812,283,True
LEVEL_PLUS_JUMP,pooled,cpi,real_macro,b,0.1,21,0.0025884413680330454,0.01011971171139089,0.7983260943703907,-0.01405700314415155,0.01923388588021764,282,True
LEVEL_PLUS_JUMP,pooled,cpi,real_macro,b,0.1,22,0.039076526335240835,0.03232524377970842,0.22784717253752104,-0.014093768137903077,0.09224682080838476,281,True
LEVEL_PLUS_JUMP,pooled,cpi,real_macro,b,0.1,23,0.041068424810745796,0.007977087762538325,5.297965264413374e-07,0.027947283072024428,0.05418956654946716,280,True
LEVEL_PLUS_JUMP,pooled,cpi,real_macro,b,0.1,24,-0.010590579664352617,0.03244798639527771,0.7444040449934054,-0.06396276777389719,0.04278160844519195,279,False
LEVEL_PLUS_JUMP,pooled,infl_exp,real_macro,b,0.1,0,-0.054331829663794906,0.042616442935255065,0.20341968149402878,-0.12442964039361964,0.015765981066029833,303,True
LEVEL_PLUS_JUMP,pooled,infl_exp,real_macro,b,0.1,1,0.012739412132575012,0.009606461650466327,0.185901185130874,-0.00306181115536475,0.028540635420514774,302,True
LEVEL_PLUS_JUMP,pooled,infl_exp,real_macro,b,0.1,2,0.024994628198783175,0.011152984560896365,0.025825476189384997,0.006649601092459018,0.04333965530510733,301,True
LEVEL_PLUS_JUMP,pooled,infl_exp,real_macro,b,0.1,3,0.026338113203169256,0.010769428731282598,0.015093837533074889,0.008623979294323684,0.04405224711201483,300,True
LEVEL_PLUS_JUMP,pooled,infl_exp,real_macro,b,0.1,4,-0.0017893947483855754,0.013121538989234242,0.8916294068655807,-0.02337240574601267,0.01979361624924152,299,True
LEVEL_PLUS_JUMP,pooled,infl_exp,real_macro,b,0.1,5,0.001692404726895802,0.014385238326475001,0.9064334791684249,-0.02196920670896793,0.025354016162759535,298,True
LEVEL_PLUS_JUMP,pooled,infl_exp,real_macro,b,0.1,6,0.028036834259864918,0.040576764983381856,0.4901878423432939,-0.03870600479300822,0.09477967331273805,297,True
LEVEL_PLUS_JUMP,pooled,infl_exp,real_macro,b,0.1,7,0.02009316308172515,0.008334324621040022,0.016586834472776694,0.006384419000616518,0.03380190716283379,296,True
LEVEL_PLUS_JUMP,pooled,infl_exp,real_macro,b,0.1,8,-0.00043872607449202405,0.014698859256288322,0.9762108725658383,-0.02461619803424709,0.023738745885263042,295,True
LEVEL_PLUS_JUMP,pooled,infl_exp,real_macro,b,0.1,9,-0.03264667608846139,0.010860227120970555,0.0028993438970798123,-0.05051016005790655,-0.014783192119016228,294,True
LEVEL_PLUS_JUMP,pooled,infl_exp,real_macro,b,0.1,10,0.008667042300801064,0.010576560765345,0.41326180474012364,-0.008729852034749297,0.026063936636351426,293,True
LEVEL_PLUS_JUMP,pooled,infl_exp,real_macro,b,0.1,11,-0.05336895576138545,0.0113732396338851,4.33750188175857e-06,-0.07207627022336958,-0.034661641299401316,292,True
LEVEL_PLUS_JUMP,pooled,infl_exp,real_macro,b,0.1,12,0.03279060339292528,0.01263457718022072,0.009981447642474722,0.012008573293040923,0.053572633492809635,291,True
LEVEL_PLUS_JUMP,pooled,infl_exp,real_macro,b,0.1,13,-0.004988404267351143,0.01489352418290965,0.7379400029531612,-0.02948607153769954,0.019509263002997254,290,False
LEVEL_PLUS_JUMP,pooled,infl_exp,real_macro,b,0.1,14,-0.033006851873750964,0.014819990779448258,0.026788150344126606,-0.057383567458713806,-0.008630136288788122,289,True
LEVEL_PLUS_JUMP,pooled,infl_exp,real_macro,b,0.1,15,-0.011368708739723843,0.013329607660306601,0.3945044913322251,-0.033293962245619285,0.010556544766171596,288,False
LEVEL_PLUS_JUMP,pooled,infl_exp,real_macro,b,0.1,16,0.004672915751604556,0.039411063824088904,0.9057090282930785,-0.06015251552146404,0.06949834702467315,287,True
LEVEL_PLUS_JUMP,pooled,infl_exp,real_macro,b,0.1,17,0.04664877490722574,0.043792584330207225,0.2877718596788904,-0.025383616261893824,0.11868116607634531,286,False
LEVEL_PLUS_JUMP,pooled,infl_exp,real_macro,b,0.1,18,-0.02156898300287935,0.041934437564229855,0.6074492343419376,-0.09054499472457289,0.04740702871881419,285,True
LEVEL_PLUS_JUMP,pooled,infl_exp,real_macro,b,0.1,19,-0.00795929528248962,0.04595706084872659,0.8626390788538353,-0.08355193350354706,0.06763334293856782,284,False
LEVEL_PLUS_JUMP,pooled,infl_exp,real_macro,b,0.1,20,-0.09194464569557681,0.015057434761548413,3.782357385713782e-09,-0.11671192187569489,-0.06717736951545873,283,True
LEVEL_PLUS_JUMP,pooled,infl_exp,real_macro,b,0.1,21,-0.05556265581893172,0.017016400336676986,0.0012441266932344051,-0.08355214363037311,-0.027573168007490323,282,True
LEVEL_PLUS_JUMP,pooled,infl_exp,real_macro,b,0.1,22,0.022193216770460822,0.0113692875818651,0.052037492322273976,0.0034924028555756784,0.040894030685345965,281,True
LEVEL_PLUS_JUMP,pooled,infl_exp,real_macro,b,0.1,23,0.031020192302491978,0.013468924540952108,0.02208849481547641,0.00886578292017121,0.05317460168481275,280,False
LEVEL_PLUS_JUMP,pooled,infl_exp,real_macro,b,0.1,24,0.008017233113989164,0.0386019563637151,0.835639583273637,-0.05547733481829008,0.0715118010462684,279,True
LEVEL_PLUS_JUMP,pooled,freight,physical_channel,b,0.1,0,0.0011926470647771747,0.0007428495267847365,0.1095308629854388,-2.9231673633883706e-05,0.002414525803188233,303,True
LEVEL_PLUS_JUMP,pooled,freight,physical_channel,b,0.1,1,-0.0013942531775548161,0.002527483537812293,0.5816467495275304,-0.005551593641785505,0.0027630872866758723,302,True
LEVEL_PLUS_JUMP,pooled,freight,physical_channel,b,0.1,2,0.0013873920711624521,0.0028360908525137353,0.6250987889614459,-0.0032775622539586583,0.0060523463962835625,301,True
LEVEL_PLUS_JUMP,pooled,freight,physical_channel,b,0.1,3,-0.0004455539924386187,0.0008205737734610152,0.587589200561277,-0.0017952777398972252,0.0009041697550199877,300,True
LEVEL_PLUS_JUMP,pooled,freight,physical_channel,b,0.1,4,0.001624236691494474,0.002556727154284904,0.5257820876570556,-0.002581205241356366,0.005829678624345314,299,True
LEVEL_PLUS_JUMP,pooled,freight,physical_channel,b,0.1,5,0.0010668497535739618,0.002584307491261106,0.6800672757508769,-0.003183957796584728,0.005317657303732652,298,True
LEVEL_PLUS_JUMP,pooled,freight,physical_channel,b,0.1,6,0.0005335928357068642,0.002247802513858168,0.812539426750663,-0.00316371328188338,0.004230898953297108,297,True
LEVEL_PLUS_JUMP,pooled,freight,physical_channel,b,0.1,7,0.003931596108161628,0.0009449100485408759,4.275315802420443e-05,0.0023773573876762766,0.005485834828646979,296,True
LEVEL_PLUS_JUMP,pooled,freight,physical_channel,b,0.1,8,0.0019366504524356287,0.0009729061238578097,0.04754613208248024,0.00033636228592481224,0.003536938618946445,295,True
LEVEL_PLUS_JUMP,pooled,freight,physical_channel,b,0.1,9,-0.002773796825793262,0.0009771684383215252,0.004880526193283766,-0.004381095875708929,-0.0011664977758775955,294,True
LEVEL_PLUS_JUMP,pooled,freight,physical_channel,b,0.1,10,-0.00025967906638690863,0.0008940262007071853,0.7716913362703378,-0.001730221305209767,0.0012108631724359498,293,True
LEVEL_PLUS_JUMP,pooled,freight,physical_channel,b,0.1,11,-0.006777954849319201,0.0009220807536922103,2.473844308550401e-12,-0.008294642721371981,-0.005261266977266422,292,True
LEVEL_PLUS_JUMP,pooled,freight,physical_channel,b,0.1,12,-0.00809447997828272,0.0009946193692758978,1.60786182969912e-14,-0.009730483255272367,-0.006458476701293074,291,True
LEVEL_PLUS_JUMP,pooled,freight,physical_channel,b,0.1,13,0.0016761075019857685,0.0031595600038024116,0.5962232182257899,-0.0035209062298394355,0.006873121233810973,290,False
LEVEL_PLUS_JUMP,pooled,freight,physical_channel,b,0.1,14,-0.002168213309943212,0.0009532471311897956,0.02374442279978454,-0.003736165311061833,-0.000600261308824591,289,True
LEVEL_PLUS_JUMP,pooled,freight,physical_channel,b,0.1,15,-0.006646068636801505,0.0008981668128106215,1.8903607267036415e-12,-0.0081234215764605,-0.00516871569714251,288,True
LEVEL_PLUS_JUMP,pooled,freight,physical_channel,b,0.1,16,0.0005331789569353873,0.0030905887493324464,0.8631658659768398,-0.004550387156819501,0.005616745070690276,287,True
LEVEL_PLUS_JUMP,pooled,freight,physical_channel,b,0.1,17,0.00023132547933180092,0.0011749314574190203,0.8440731397569844,-0.001701264789823254,0.0021639157484868556,286,True
LEVEL_PLUS_JUMP,pooled,freight,physical_channel,b,0.1,18,-0.0032759618882636232,0.00113109567194049,0.00410131030199889,-0.005136448706684051,-0.0014154750698431957,285,True
LEVEL_PLUS_JUMP,pooled,freight,physical_channel,b,0.1,19,-0.0043960014979136375,0.0011110264621653348,9.846266968717028e-05,-0.006223477403845351,-0.002568525591981924,284,True
LEVEL_PLUS_JUMP,pooled,freight,physical_channel,b,0.1,20,-0.002510409835028149,0.0010936905776725966,0.022524955647217425,-0.0043093707484755705,-0.0007114489215807275,283,True
LEVEL_PLUS_JUMP,pooled,freight,physical_channel,b,0.1,21,0.0024318136533412194,0.002846445496638442,0.39372529011853635,-0.002250172545724207,0.007113799852406646,282,False
LEVEL_PLUS_JUMP,pooled,freight,physical_channel,b,0.1,22,0.00033436836332612074,0.0030055138394998854,0.9115050047843093,-0.004609261976428111,0.0052779987030803525,281,False
LEVEL_PLUS_JUMP,pooled,freight,physical_channel,b,0.1,23,-0.00013909983865767472,0.002851893470354982,0.961137593305068,-0.004830047157050287,0.004551847479734938,280,True
LEVEL_PLUS_JUMP,pooled,freight,physical_channel,b,0.1,24,0.00018106637294135197,0.0008106728787534624,0.8234423033951538,-0.0011523718519474717,0.0015145045978301756,279,True
LEVEL_PLUS_JUMP,pooled,oil,asset_price,b,0.25,0,0.0009470711313621649,0.0033820472628175156,0.7796658194700488,-0.004615901575404525,0.006510043838128855,303,True
LEVEL_PLUS_JUMP,pooled,oil,asset_price,b,0.25,1,-6.357526813260961e-05,0.0033123822006274318,0.9847009379626407,-0.00551195914468414,0.005384808608418921,302,True
LEVEL_PLUS_JUMP,pooled,oil,asset_price,b,0.25,2,-0.00039961541495614483,0.006512675829046496,0.9511176946622728,-0.01111201387352246,0.01031278304361017,301,True
LEVEL_PLUS_JUMP,pooled,oil,asset_price,b,0.25,3,-0.0020528195864724097,0.006673771971719656,0.7586258374022528,-0.013030197619602564,0.008924558446657745,300,True
LEVEL_PLUS_JUMP,pooled,oil,asset_price,b,0.25,4,0.003514084546353047,0.0035299242277794054,0.32037499762839655,-0.002292124122573783,0.009320293215279878,299,True
LEVEL_PLUS_JUMP,pooled,oil,asset_price,b,0.25,5,-0.00746209057300895,0.003511777775763677,0.03450535897929015,-0.013238450984521408,-0.0016857301614964923,298,True
LEVEL_PLUS_JUMP,pooled,oil,asset_price,b,0.25,6,0.00471568594879801,0.0032526883266672216,0.14828445390496015,-0.0006345102426632849,0.010065882140259304,297,True
LEVEL_PLUS_JUMP,pooled,oil,asset_price,b,0.25,7,-0.005565625863601653,0.003585786456207165,0.12180991965043779,-0.011463719721567475,0.0003324679943641686,296,True
LEVEL_PLUS_JUMP,pooled,oil,asset_price,b,0.25,8,0.004967462289130253,0.0037506674643486846,0.18649584987040568,-0.001201836693092562,0.011136761271353069,295,False
LEVEL_PLUS_JUMP,pooled,oil,asset_price,b,0.25,9,0.004570049561209544,0.0032785552021511507,0.16450457529495535,-0.0008226938542093935,0.009962792976628481,294,False
LEVEL_PLUS_JUMP,pooled,oil,asset_price,b,0.25,10,0.004229754651976947,0.006852606747475888,0.5376014543601071,-0.007041780410680898,0.015501289714634792,293,True
LEVEL_PLUS_JUMP,pooled,oil,asset_price,b,0.25,11,0.0027698364042700874,0.003005383657755798,0.357565716737592,-0.002173579805570219,0.007713252614110394,292,True
LEVEL_PLUS_JUMP,pooled,oil,asset_price,b,0.25,12,-0.004632751480574626,0.006725163896618705,0.49151346112115946,-0.015694661707771,0.006429158746621746,291,True
LEVEL_PLUS_JUMP,pooled,oil,asset_price,b,0.25,13,0.001250590752193137,0.006467746987294021,0.8468284030646185,-0.00938790633806189,0.011889087842448165,290,True
LEVEL_PLUS_JUMP,pooled,oil,asset_price,b,0.25,14,-0.005657951911501868,0.003417811090955967,0.09903886578143949,-0.011279750880695757,-3.615294230797841e-05,289,True
LEVEL_PLUS_JUMP,pooled,oil,asset_price,b,0.25,15,0.006200156103919774,0.002974902756989096,0.03812248183710825,0.0013068765142583254,0.011093435693581222,288,True
LEVEL_PLUS_JUMP,pooled,oil,asset_price,b,0.25,16,0.0033005068439546648,0.0028084315778711135,0.24098853752837984,-0.0013189520229516822,0.007919965710861012,287,True
LEVEL_PLUS_JUMP,pooled,oil,asset_price,b,0.25,17,-0.00673986066378518,0.006466734063074065,0.29827807441009546,-0.017376691641963184,0.0038969703143928256,286,False
LEVEL_PLUS_JUMP,pooled,oil,asset_price,b,0.25,18,-0.007821523949976594,0.007432764516169638,0.29364873115557344,-0.020047333622674426,0.00440428572272124,285,True
LEVEL_PLUS_JUMP,pooled,oil,asset_price,b,0.25,19,0.009273358913453045,0.0040785455134418865,0.023812984964160958,0.002564748532981503,0.015981969293924585,284,True
LEVEL_PLUS_JUMP,pooled,oil,asset_price,b,0.25,20,-0.0016065714273665321,0.004024080005076358,0.6900509442259701,-0.008225594018859278,0.005012451164126214,283,True
LEVEL_PLUS_JUMP,pooled,oil,asset_price,b,0.25,21,0.0017616263106043917,0.006920396372000838,0.7992722503504325,-0.009621412761822996,0.01314466538303178,282,True
LEVEL_PLUS_JUMP,pooled,oil,asset_price,b,0.25,22,0.004971527373777818,0.007411890346512395,0.5029914938102772,-0.0072199473452496995,0.017163002092805336,281,True
LEVEL_PLUS_JUMP,pooled,oil,asset_price,b,0.25,23,-0.0009405992213018521,0.007299422498606681,0.8975716843616507,-0.012947080792786229,0.011065882350182524,280,True
LEVEL_PLUS_JUMP,pooled,oil,asset_price,b,0.25,24,0.002022680460241233,0.007370674876757542,0.7839855277124711,-0.010101000843873506,0.014146361764355972,279,True
LEVEL_PLUS_JUMP,pooled,dxy,asset_price,b,0.25,0,0.0014881117747552186,0.0005766594473867475,0.010382416451746496,0.0005395913912052952,0.0024366321583051418,303,True
LEVEL_PLUS_JUMP,pooled,dxy,asset_price,b,0.25,1,0.00045597360187432656,0.0005654486293460413,0.4207158440887609,-0.0004741066269602481,0.0013860538307089013,302,True
LEVEL_PLUS_JUMP,pooled,dxy,asset_price,b,0.25,2,0.0006881939387967106,0.000552540039426947,0.21401240007990527,-0.0002206535490906125,0.0015970414266840338,301,True
LEVEL_PLUS_JUMP,pooled,dxy,asset_price,b,0.25,3,0.0017384324731986034,0.0005166486871165916,0.0008762005263669312,0.0008886210063351614,0.002588243940062045,300,True
LEVEL_PLUS_JUMP,pooled,dxy,asset_price,b,0.25,4,0.0003800358223102762,0.0011630485510423971,0.7441028925784783,-0.0015330088051924652,0.002293080449813018,299,True
LEVEL_PLUS_JUMP,pooled,dxy,asset_price,b,0.25,5,0.00038405580772238324,0.0011416921107386784,0.7368367614527627,-0.0014938606014880138,0.00226197221693278,298,True
LEVEL_PLUS_JUMP,pooled,dxy,asset_price,b,0.25,6,-0.00018269564039374853,0.0011638956413436638,0.8753869569454612,-0.002097133607450884,0.0017317423266633868,297,False
LEVEL_PLUS_JUMP,pooled,dxy,asset_price,b,0.25,7,-0.0016942740222019026,0.0005644976195565638,0.0029409481310257108,-0.0026227899791349887,-0.0007657580652688163,296,True
LEVEL_PLUS_JUMP,pooled,dxy,asset_price,b,0.25,8,-0.0004831638299396257,0.0005935213184529726,0.41633419902402663,-0.0014594195232700176,0.0004930918633907661,295,True
LEVEL_PLUS_JUMP,pooled,dxy,asset_price,b,0.25,9,-0.0015285423443835988,0.0005888168663547315,0.009957055989676871,-0.002497059902617379,-0.0005600247861498184,294,True
LEVEL_PLUS_JUMP,pooled,dxy,asset_price,b,0.25,10,0.0005880503340796039,0.001338452193156576,0.6607652588515635,-0.0016135076103351424,0.0027896082784943503,293,True
LEVEL_PLUS_JUMP,pooled,dxy,asset_price,b,0.25,11,0.0009750285417351456,0.0006219075152923618,0.11812488636444508,-4.7918290421873925e-05,0.0019979753738921654,292,True
LEVEL_PLUS_JUMP,pooled,dxy,asset_price,b,0.25,12,-2.3054392308985427e-05,0.0011423307446119667,0.9839135780786141,-0.0019020212607621548,0.001855912476144184,291,True
LEVEL_PLUS_JUMP,pooled,dxy,asset_price,b,0.25,13,0.00027867295792760594,0.0012096579778771827,0.8179814442169984,-0.001711037354354462,0.0022683832702096738,290,True
LEVEL_PLUS_JUMP,pooled,dxy,asset_price,b,0.25,14,-0.0009167010374021567,0.0012233691782951163,0.45433620168413485,-0.0029289642674215207,0.0010955621926172074,289,True
LEVEL_PLUS_JUMP,pooled,dxy,asset_price,b,0.25,15,-0.00031774955087068846,0.0006298967795247158,0.6143745186297005,-0.001353837553276969,0.0007183384515355921,288,True
LEVEL_PLUS_JUMP,pooled,dxy,asset_price,b,0.25,16,0.00019357306057354862,0.001188341662437239,0.8707293590171219,-0.0017610750329438863,0.0021482211540909835,287,True
LEVEL_PLUS_JUMP,pooled,dxy,asset_price,b,0.25,17,0.000248897938175785,0.0005584052038162013,0.656166111462106,-0.0006695968866298698,0.00116739276298144,286,True
LEVEL_PLUS_JUMP,pooled,dxy,asset_price,b,0.25,18,-0.0001278553050823028,0.0005902532365702193,0.8286834070113877,-0.0010987354820746731,0.0008430248719100676,285,True
LEVEL_PLUS_JUMP,pooled,dxy,asset_price,b,0.25,19,-0.0014324665475490828,0.0006631493690133322,0.03169359888997856,-0.0025232501923812423,-0.0003416829027169232,284,True
LEVEL_PLUS_JUMP,pooled,dxy,asset_price,b,0.25,20,-0.0024729911602552335,0.0006270171972931131,0.00010358904945288055,-0.0035043426713837573,-0.0014416396491267096,283,True
LEVEL_PLUS_JUMP,pooled,dxy,asset_price,b,0.25,21,0.0018649723866128731,0.0005697956852562568,0.0012116052143744018,0.0009277418870978196,0.0028022028861279264,282,True
LEVEL_PLUS_JUMP,pooled,dxy,asset_price,b,0.25,22,0.0005409842635257789,0.0011440374319187014,0.6367115720667011,-0.001340789855733945,0.0024227583827855026,281,True
LEVEL_PLUS_JUMP,pooled,dxy,asset_price,b,0.25,23,-0.0007141550321110302,0.0012468697418149487,0.5673190101715737,-0.002765073249271394,0.0013367631850493339,280,True
LEVEL_PLUS_JUMP,pooled,dxy,asset_price,b,0.25,24,5.7861518869217754e-05,0.0011887270643421786,0.9612168546149255,-0.0018974205043693908,0.0020131435421078263,279,True
LEVEL_PLUS_JUMP,pooled,vix,asset_price,b,0.25,0,-0.2423193456925219,0.09983529744851223,0.015858731410246935,-0.4065337967984863,-0.0781048945865575,303,False
LEVEL_PLUS_JUMP,pooled,vix,asset_price,b,0.25,1,0.13142447301731863,0.09922343763182294,0.18643059469561832,-0.03178355824997853,0.2946325042846158,302,True
LEVEL_PLUS_JUMP,pooled,vix,asset_price,b,0.25,2,0.1548178762095631,0.10237020212674745,0.13160578950528434,-0.013566122050372748,0.323201874469499,301,True
LEVEL_PLUS_JUMP,pooled,vix,asset_price,b,0.25,3,0.03833937282456645,0.10488162405125158,0.714985747002009,-0.13417554689669547,0.21085429254582838,300,True
LEVEL_PLUS_JUMP,pooled,vix,asset_price,b,0.25,4,0.08390373415940644,0.11168114319203708,0.453136469286926,-0.09979539928210246,0.26760286760091534,299,True
LEVEL_PLUS_JUMP,pooled,vix,asset_price,b,0.25,5,-0.06862913720033248,0.11743975317908184,0.5594543787619084,-0.26180034116523093,0.12454206676456597,298,True
LEVEL_PLUS_JUMP,pooled,vix,asset_price,b,0.25,6,0.18019448325685516,0.27296275433915806,0.5097268407231986,-0.26878929324057266,0.629178259754283,297,True
LEVEL_PLUS_JUMP,pooled,vix,asset_price,b,0.25,7,0.1488838857412702,0.132505297480559,0.26218523585089465,-0.06906793340991105,0.36683570489245143,296,True
LEVEL_PLUS_JUMP,pooled,vix,asset_price,b,0.25,8,0.43131359988910845,0.12755924348471637,0.000829438286198179,0.22149731559208677,0.6411298841861302,295,True
LEVEL_PLUS_JUMP,pooled,vix,asset_price,b,0.25,9,0.5774927949532866,0.13459599538672848,2.4972399322963718e-05,0.3561020837682827,0.7988835061382906,294,False
LEVEL_PLUS_JUMP,pooled,vix,asset_price,b,0.25,10,0.6637575038294017,0.1641370824146745,6.897367990598913e-05,0.39377602850239163,0.9337389791564117,293,True
LEVEL_PLUS_JUMP,pooled,vix,asset_price,b,0.25,11,0.41163385077379644,0.17574116888720845,0.019910099247620393,0.1225653517249804,0.7007023498226125,292,False
LEVEL_PLUS_JUMP,pooled,vix,asset_price,b,0.25,12,-0.11386639764532447,0.15966888894742357,0.4763909250013421,-0.37649834874180593,0.148765553451157,291,False
LEVEL_PLUS_JUMP,pooled,vix,asset_price,b,0.25,13,0.46089225419473223,0.18947328295732216,0.015665321047643798,0.1492364375119783,0.7725480708774861,290,True
LEVEL_PLUS_JUMP,pooled,vix,asset_price,b,0.25,14,-0.0057370499562239274,0.1695256717171775,0.9730291880429361,-0.28458196594160795,0.2731078660291601,289,True
LEVEL_PLUS_JUMP,pooled,vix,asset_price,b,0.25,15,-0.1612426854117075,0.1656179980411449,0.33116907788344624,-0.43366005017812653,0.11117467935471154,288,True
LEVEL_PLUS_JUMP,pooled,vix,asset_price,b,0.25,16,-0.29868249922401446,0.1554153129119491,0.05572374584594376,-0.5543179403510319,-0.04304705809699699,287,True
LEVEL_PLUS_JUMP,pooled,vix,asset_price,b,0.25,17,-0.7638523349569368,0.1690214984822976,9.458383178239328e-06,-1.0418679597683167,-0.48583671014555685,286,True
LEVEL_PLUS_JUMP,pooled,vix,asset_price,b,0.25,18,0.03592463124459755,0.1698634175388369,0.8326715517774029,-0.24347582718053068,0.3153250896697258,285,True
LEVEL_PLUS_JUMP,pooled,vix,asset_price,b,0.25,19,-0.2233137576840818,0.17787073454703414,0.21044806570538205,-0.5158850805322934,0.06925756516412984,284,False
LEVEL_PLUS_JUMP,pooled,vix,asset_price,b,0.25,20,-0.5124017900234321,0.16703218761849667,0.0023897537728070355,-0.7871452896453551,-0.2376582904015091,283,True
LEVEL_PLUS_JUMP,pooled,vix,asset_price,b,0.25,21,-0.9489871671962646,0.15889324813032918,7.84478521183141e-09,-1.210343302681537,-0.6876310317109924,282,True
LEVEL_PLUS_JUMP,pooled,vix,asset_price,b,0.25,22,-0.6190092147153337,0.16374475913866351,0.00019542797696186172,-0.8883453756788595,-0.34967305375180774,281,True
LEVEL_PLUS_JUMP,pooled,vix,asset_price,b,0.25,23,-0.7194541159005894,0.1684911907606219,2.771209550159106e-05,-0.9965974621325707,-0.44231076966860805,280,True
LEVEL_PLUS_JUMP,pooled,vix,asset_price,b,0.25,24,-0.12232004476027214,0.17649071433076216,0.48890774132421555,-0.41262143635048243,0.16798134682993815,279,True
LEVEL_PLUS_JUMP,pooled,us10y,asset_price,b,0.25,0,-0.010139071400971034,0.01885205100949154,0.5911340484259647,-0.041147935879407356,0.02086979307746529,303,False
LEVEL_PLUS_JUMP,pooled,us10y,asset_price,b,0.25,1,0.036857507717641624,0.009530385266832855,0.00013749437765305674,0.02118141894524673,0.05253359649003652,302,True
LEVEL_PLUS_JUMP,pooled,us10y,asset_price,b,0.25,2,0.01855536376118394,0.018566818954475386,0.318494159233402,-0.01198433573703624,0.04909506325940412,301,True
LEVEL_PLUS_JUMP,pooled,us10y,asset_price,b,0.25,3,-0.010863303139990066,0.008737878714228086,0.2148489872117323,-0.0252358346349502,0.003509228354970067,300,True
LEVEL_PLUS_JUMP,pooled,us10y,asset_price,b,0.25,4,-0.003810964495951197,0.018851976912289473,0.8399495818538982,-0.03481970709533595,0.02719777810343356,299,False
LEVEL_PLUS_JUMP,pooled,us10y,asset_price,b,0.25,5,0.032658406752076985,0.008044762260731574,6.444256076548165e-05,0.019425950369550332,0.04589086313460364,298,True
LEVEL_PLUS_JUMP,pooled,us10y,asset_price,b,0.25,6,-0.014367951268752677,0.01751454656684356,0.41274641702711823,-0.04317681671363576,0.014440914176130408,297,True
LEVEL_PLUS_JUMP,pooled,us10y,asset_price,b,0.25,7,0.012402244547454977,0.008268929042043495,0.13482749030155733,-0.0011989333783546281,0.026003422473264582,296,True
LEVEL_PLUS_JUMP,pooled,us10y,asset_price,b,0.25,8,-0.003435532065864777,0.01717337308285969,0.8415938145302713,-0.03168321706819732,0.02481215293646777,295,True
LEVEL_PLUS_JUMP,pooled,us10y,asset_price,b,0.25,9,-0.010222264788747992,0.00840734193736359,0.22511102034624403,-0.02405111166744171,0.003606582089945725,294,True
LEVEL_PLUS_JUMP,pooled,us10y,asset_price,b,0.25,10,-0.010932348307810535,0.01701350488076,0.521059434700811,-0.038917073518085196,0.017052376902464122,293,True
LEVEL_PLUS_JUMP,pooled,us10y,asset_price,b,0.25,11,-0.020059031991365828,0.008703343189588006,0.0219567906004291,-0.03437475760336305,-0.005743306379368603,292,True
LEVEL_PLUS_JUMP,pooled,us10y,asset_price,b,0.25,12,-0.00766653780827653,0.00865667152778351,0.37663032318555567,-0.02190549536807878,0.00657241975152572,291,True
LEVEL_PLUS_JUMP,pooled,us10y,asset_price,b,0.25,13,0.022560650485459632,0.01833962139398694,0.21974095931778193,-0.007605342281356602,0.05272664325227587,290,True
LEVEL_PLUS_JUMP,pooled,us10y,asset_price,b,0.25,14,-0.005485276724890298,0.020110106589317726,0.7852517068685845,-0.03856345848671026,0.02759290503692966,289,True
LEVEL_PLUS_JUMP,pooled,us10y,asset_price,b,0.25,15,0.010342467549588896,0.018178177927564,0.5698814628413926,-0.019557974345933947,0.04024290944511174,288,True
LEVEL_PLUS_JUMP,pooled,us10y,asset_price,b,0.25,16,-0.002216620678790804,0.008201342182377981,0.7871636622785301,-0.015706628113345326,0.01127338675576372,287,True
LEVEL_PLUS_JUMP,pooled,us10y,asset_price,b,0.25,17,0.007297462783839137,0.01786526208383279,0.6832658577598972,-0.022088278351191846,0.036683203918870116,286,True
LEVEL_PLUS_JUMP,pooled,us10y,asset_price,b,0.25,18,0.0019465529438917883,0.01918170408164235,0.9192488247107768,-0.029604542585907487,0.03349764847369106,285,True
LEVEL_PLUS_JUMP,pooled,us10y,asset_price,b,0.25,19,-0.012144979319057114,0.018317328796514404,0.5079064677675269,-0.04227430402606648,0.01798434538795225,284,True
LEVEL_PLUS_JUMP,pooled,us10y,asset_price,b,0.25,20,-0.01926759723971827,0.010278585325264015,0.061999497626168694,-0.036174365591908966,-0.002360828887527578,283,True
LEVEL_PLUS_JUMP,pooled,us10y,asset_price,b,0.25,21,0.023177627472499296,0.009811940459795946,0.018922321097028013,0.007038421619772039,0.03931683332522655,282,True
LEVEL_PLUS_JUMP,pooled,us10y,asset_price,b,0.25,22,0.007982517024494484,0.01817201360209136,0.6608370035337318,-0.021907785457916978,0.03787281950690595,281,True
LEVEL_PLUS_JUMP,pooled,us10y,asset_price,b,0.25,23,-0.022167891593305455,0.018994811601792373,0.2442933891964284,-0.053411576349773546,0.009075793163162631,280,True
LEVEL_PLUS_JUMP,pooled,us10y,asset_price,b,0.25,24,0.017586818756818445,0.01916551882764622,0.35969448149172684,-0.013937654399242161,0.04911129191287905,279,True
LEVEL_PLUS_JUMP,pooled,ip,real_macro,b,0.25,0,0.030957074626741132,0.015381418910248324,0.045128442227238115,0.005656891944559216,0.056257257308923045,303,True
LEVEL_PLUS_JUMP,pooled,ip,real_macro,b,0.25,1,0.003545211522489211,0.03409830732982205,0.9172689721767141,-0.052541512961874565,0.05963193600685299,302,True
LEVEL_PLUS_JUMP,pooled,ip,real_macro,b,0.25,2,-0.0082068237519195,0.019335943470054382,0.6715839155451566,-0.04001162049916709,0.023597972995328086,301,True
LEVEL_PLUS_JUMP,pooled,ip,real_macro,b,0.25,3,0.060180111180299534,0.020046401356597687,0.0029310100557070457,0.027206715201574916,0.09315350715902415,300,True
LEVEL_PLUS_JUMP,pooled,ip,real_macro,b,0.25,4,0.01742548515098008,0.020134382128384174,0.3875523292385162,-0.01569262631931953,0.05054359662127969,299,True
LEVEL_PLUS_JUMP,pooled,ip,real_macro,b,0.25,5,0.04056578234528452,0.022123830536910152,0.06781729101849959,0.00417531944458812,0.07695624524598091,298,True
LEVEL_PLUS_JUMP,pooled,ip,real_macro,b,0.25,6,0.03763520358672601,0.01979013141390671,0.05827662282023995,0.005083334152715287,0.07018707302073673,297,True
LEVEL_PLUS_JUMP,pooled,ip,real_macro,b,0.25,7,0.03242481629686722,0.04081810540772858,0.4276809525477552,-0.03471499242832264,0.09956462502205708,296,True
LEVEL_PLUS_JUMP,pooled,ip,real_macro,b,0.25,8,-0.03264846307899916,0.020317722843211396,0.1092591522985356,-0.0660681431890502,0.0007712170310518879,295,True
LEVEL_PLUS_JUMP,pooled,ip,real_macro,b,0.25,9,0.014178219881614496,0.020036420299681973,0.4797993001165792,-0.0187787587194415,0.04713519848267049,294,False
LEVEL_PLUS_JUMP,pooled,ip,real_macro,b,0.25,10,-0.006253196167910424,0.04163453828898537,0.8807269799660681,-0.07473591747899795,0.0622295251431771,293,True
LEVEL_PLUS_JUMP,pooled,ip,real_macro,b,0.25,11,0.005826995170886029,0.037724171957446796,0.8773625675970985,-0.056223745897061354,0.06787773623883342,292,True
LEVEL_PLUS_JUMP,pooled,ip,real_macro,b,0.25,12,0.0019093585039442473,0.038684830872039534,0.960672436489422,-0.06172152586393426,0.06554024287182275,291,True
LEVEL_PLUS_JUMP,pooled,ip,real_macro,b,0.25,13,0.022722330654289635,0.03870150158855778,0.5576303551632951,-0.040935974602117786,0.08638063591069706,290,True
LEVEL_PLUS_JUMP,pooled,ip,real_macro,b,0.25,14,-0.052283225961218704,0.02067877816299131,0.012050185577330853,-0.08629678922353987,-0.01826966269889755,289,True
LEVEL_PLUS_JUMP,pooled,ip,real_macro,b,0.25,15,0.04282515024760336,0.02099891616989078,0.042421384613071114,0.008285006823508592,0.07736529367169813,288,True
LEVEL_PLUS_JUMP,pooled,ip,real_macro,b,0.25,16,0.018983887571721425,0.046000881060513414,0.6801786030832274,-0.05668082848362735,0.0946486036270702,287,False
LEVEL_PLUS_JUMP,pooled,ip,real_macro,b,0.25,17,0.016001213937634873,0.0407387236759816,0.6948088722553439,-0.05100802345817727,0.08301045133344702,286,True
LEVEL_PLUS_JUMP,pooled,ip,real_macro,b,0.25,18,-0.014487371555162554,0.01926908582816461,0.45283208306775957,-0.04618219726765833,0.01720745415733322,285,True
LEVEL_PLUS_JUMP,pooled,ip,real_macro,b,0.25,19,0.025103587750180623,0.038916335485539806,0.5194623708146339,-0.03890808782086981,0.08911526332123106,284,True
LEVEL_PLUS_JUMP,pooled,ip,real_macro,b,0.25,20,0.009096333425134162,0.020302474115235423,0.654504289480319,-0.024298264759399203,0.04249093160966753,283,True
LEVEL_PLUS_JUMP,pooled,ip,real_macro,b,0.25,21,0.012798396408991053,0.020981424750301243,0.5424157416141707,-0.021712976190151334,0.04730976900813344,282,True
LEVEL_PLUS_JUMP,pooled,ip,real_macro,b,0.25,22,-0.007202229897714574,0.04379274562931282,0.8694990033512905,-0.079234886380253,0.06483042658482385,281,False
LEVEL_PLUS_JUMP,pooled,ip,real_macro,b,0.25,23,0.018314072911380208,0.040486713386830804,0.6514076416688397,-0.04828064444629317,0.08490879026905358,280,False
LEVEL_PLUS_JUMP,pooled,ip,real_macro,b,0.25,24,0.013302820093295864,0.02042591179301534,0.5154668690221792,-0.020294815003236266,0.046900455189827994,279,True
LEVEL_PLUS_JUMP,pooled,cpi,real_macro,b,0.25,0,-0.04426076518552691,0.007411283217595083,7.218746548709912e-09,-0.05645124126635276,-0.032070289104701055,303,True
LEVEL_PLUS_JUMP,pooled,cpi,real_macro,b,0.25,1,-9.236407151291814e-05,0.007774255411058367,0.9905293929293477,-0.012879876281239381,0.012695148138213545,302,True
LEVEL_PLUS_JUMP,pooled,cpi,real_macro,b,0.25,2,-0.003862254695903289,0.0081556379280458,0.6361859879154848,-0.017277085321952414,0.009552575930145836,301,True
LEVEL_PLUS_JUMP,pooled,cpi,real_macro,b,0.25,3,-0.0033687113970586324,0.00843920395775446,0.6900781719958385,-0.017249966635554274,0.01051254384143701,300,True
LEVEL_PLUS_JUMP,pooled,cpi,real_macro,b,0.25,4,-0.031685916389001534,0.010146256124166912,0.0019847181716076013,-0.048375022574816066,-0.014996810203187001,299,True
LEVEL_PLUS_JUMP,pooled,cpi,real_macro,b,0.25,5,0.013860220843623594,0.017282166080038446,0.4232608071805499,-0.014566412714705351,0.04228685440195254,298,True
LEVEL_PLUS_JUMP,pooled,cpi,real_macro,b,0.25,6,0.013377275037328218,0.01752494112246874,0.4459368401724114,-0.015448687930075491,0.04220323800473193,297,False
LEVEL_PLUS_JUMP,pooled,cpi,real_macro,b,0.25,7,0.008423099505461273,0.0186397799444947,0.6517149181461617,-0.022236610141818144,0.03908280915274069,296,True
LEVEL_PLUS_JUMP,pooled,cpi,real_macro,b,0.25,8,0.008054520396559184,0.008892693679167625,0.36588699913604156,-0.006572659054988116,0.022681699848106484,295,True
LEVEL_PLUS_JUMP,pooled,cpi,real_macro,b,0.25,9,0.010220078451993686,0.016532416562556537,0.5369828715103353,-0.016973326893200025,0.0374134837971874,294,False
LEVEL_PLUS_JUMP,pooled,cpi,real_macro,b,0.25,10,0.008526449999109786,0.01669304844871904,0.609931418062406,-0.018931171286642373,0.035984071284861946,293,True
LEVEL_PLUS_JUMP,pooled,cpi,real_macro,b,0.25,11,0.009229052735731713,0.016326879020025054,0.5723719435916339,-0.017626273437154394,0.03608437890861782,292,True
LEVEL_PLUS_JUMP,pooled,cpi,real_macro,b,0.25,12,0.009065146134894064,0.008565752661106131,0.29088919521827555,-0.00502426319729558,0.02315455546708371,291,True
LEVEL_PLUS_JUMP,pooled,cpi,real_macro,b,0.25,13,0.004786839696381051,0.01725624477077295,0.7816936264389676,-0.02359715710238721,0.03317083649514931,290,True
LEVEL_PLUS_JUMP,pooled,cpi,real_macro,b,0.25,14,-0.00017853415341839707,0.008572647959451332,0.9834003520569892,-0.014279285242100058,0.013922216935263264,289,True
LEVEL_PLUS_JUMP,pooled,cpi,real_macro,b,0.25,15,0.01596142803533951,0.008100696841132269,0.04985614147130468,0.0026369674553687623,0.029285888615310257,288,True
LEVEL_PLUS_JUMP,pooled,cpi,real_macro,b,0.25,16,-0.009304613480935586,0.007341273893776413,0.2061368760183436,-0.021379934471557876,0.0027707075096867033,287,True
LEVEL_PLUS_JUMP,pooled,cpi,real_macro,b,0.25,17,0.006404280707142718,0.006917972462430922,0.355443451528002,-0.004974771388837193,0.01778333280312263,286,True
LEVEL_PLUS_JUMP,pooled,cpi,real_macro,b,0.25,18,-0.016314356049960566,0.008032855553859953,0.04328904804956889,-0.029527227642504386,-0.003101484457416745,285,True
LEVEL_PLUS_JUMP,pooled,cpi,real_macro,b,0.25,19,-0.0101013928582252,0.01704385296730136,0.5539246841813225,-0.03813603622871845,0.017933250512268052,284,True
LEVEL_PLUS_JUMP,pooled,cpi,real_macro,b,0.25,20,0.0021091488764408695,0.01686419653050512,0.9005693100051511,-0.025629985952382913,0.029848283705264652,283,True
LEVEL_PLUS_JUMP,pooled,cpi,real_macro,b,0.25,21,0.0026846238429527602,0.00743298320924555,0.7182672363395479,-0.009541545547844177,0.014910793233749697,282,True
LEVEL_PLUS_JUMP,pooled,cpi,real_macro,b,0.25,22,0.01817414521238514,0.01766456404352303,0.30453386378070746,-0.010881477023120277,0.04722976744789056,281,True
LEVEL_PLUS_JUMP,pooled,cpi,real_macro,b,0.25,23,0.01702086246815071,0.007644876124621463,0.026869156970915804,0.004446160246972381,0.02959556468932904,280,True
LEVEL_PLUS_JUMP,pooled,cpi,real_macro,b,0.25,24,-0.01343514256240752,0.017751009983992205,0.4498397797215925,-0.042632955716628895,0.015762670591813854,279,True
LEVEL_PLUS_JUMP,pooled,infl_exp,real_macro,b,0.25,0,-0.07081428174229387,0.018956547348375895,0.00022768007240122216,-0.10199502740274727,-0.03963353608184047,303,True
LEVEL_PLUS_JUMP,pooled,infl_exp,real_macro,b,0.25,1,-0.016629031484399093,0.018274263118272547,0.3636380940372427,-0.04668751945435521,0.013429456485557024,302,True
LEVEL_PLUS_JUMP,pooled,infl_exp,real_macro,b,0.25,2,0.00625413447087908,0.009461197307580544,0.5091505813513829,-0.00930815023579828,0.02181641917755644,301,True
LEVEL_PLUS_JUMP,pooled,infl_exp,real_macro,b,0.25,3,0.008766447197096738,0.01844704782610336,0.6350099644998046,-0.021576246326216644,0.03910914072041012,300,True
LEVEL_PLUS_JUMP,pooled,infl_exp,real_macro,b,0.25,4,0.006724080219266071,0.009036774819416905,0.457472967121074,-0.00814009161839556,0.0215882520569277,299,True
LEVEL_PLUS_JUMP,pooled,infl_exp,real_macro,b,0.25,5,-0.016242720762150498,0.010214690807412056,0.11297492546213919,-0.033044391984910076,0.0005589504606090846,298,True
LEVEL_PLUS_JUMP,pooled,infl_exp,real_macro,b,0.25,6,0.01245935998511527,0.008917758665530155,0.16352277461142772,-0.0022090477001599253,0.027127767670390466,297,True
LEVEL_PLUS_JUMP,pooled,infl_exp,real_macro,b,0.25,7,0.00825748337423704,0.01854772113193812,0.6565331291709203,-0.022250803001315843,0.03876576974978992,296,True
LEVEL_PLUS_JUMP,pooled,infl_exp,real_macro,b,0.25,8,0.014769467725940899,0.010914229010554609,0.17712660741099467,-0.0031828414474488267,0.032721776899330625,295,True
LEVEL_PLUS_JUMP,pooled,infl_exp,real_macro,b,0.25,9,-0.026127176109582706,0.009251809486961683,0.005101553227872403,-0.04134504850007567,-0.010909303719089743,294,True
LEVEL_PLUS_JUMP,pooled,infl_exp,real_macro,b,0.25,10,0.007485318888043935,0.01916791978351401,0.6964710936481591,-0.02404310348898396,0.03901374126507183,293,True
LEVEL_PLUS_JUMP,pooled,infl_exp,real_macro,b,0.25,11,0.0030665953211723718,0.008967318355633039,0.7326420598797947,-0.011683330800119143,0.017816521442463887,292,True
LEVEL_PLUS_JUMP,pooled,infl_exp,real_macro,b,0.25,12,0.01558664580735325,0.008659714171183969,0.07302190824432532,0.0013426835445182368,0.029830608070188263,291,True
LEVEL_PLUS_JUMP,pooled,infl_exp,real_macro,b,0.25,13,-0.0028563150646050417,0.00830849781124553,0.7312856902327451,-0.01652257782395062,0.010809947694740538,290,True
LEVEL_PLUS_JUMP,pooled,infl_exp,real_macro,b,0.25,14,0.020482716922714417,0.008067362416519883,0.011699561786681724,0.007213086591969694,0.03375234725345914,289,False
LEVEL_PLUS_JUMP,pooled,infl_exp,real_macro,b,0.25,15,0.006715492561852443,0.00864232689519109,0.4378375459858942,-0.007499870177002878,0.020930855300707762,288,False
LEVEL_PLUS_JUMP,pooled,infl_exp,real_macro,b,0.25,16,0.009018976455923422,0.01898144507148726,0.6350826481929087,-0.022202722314692544,0.04024067522653939,287,True
LEVEL_PLUS_JUMP,pooled,infl_exp,real_macro,b,0.25,17,0.026341961689141158,0.008370278133880539,0.001842676151503688,0.012574079342035154,0.040109844036247164,286,True
LEVEL_PLUS_JUMP,pooled,infl_exp,real_macro,b,0.25,18,-0.02263376096861691,0.01899875828378039,0.23462372538340978,-0.053883937439267414,0.00861641550203359,285,True
LEVEL_PLUS_JUMP,pooled,infl_exp,real_macro,b,0.25,19,-0.010730758587660039,0.018369941779582163,0.5596353477416703,-0.04094662395069314,0.019485106775373063,284,True
LEVEL_PLUS_JUMP,pooled,infl_exp,real_macro,b,0.25,20,0.01621901617982857,0.02016369785897505,0.421934228403338,-0.016947315376260173,0.049385347735917316,283,True
LEVEL_PLUS_JUMP,pooled,infl_exp,real_macro,b,0.25,21,-0.03406572311238776,0.011503617349413976,0.003353446501730308,-0.05298748983263322,-0.015143956392142298,282,True
LEVEL_PLUS_JUMP,pooled,infl_exp,real_macro,b,0.25,22,0.02279983132120833,0.010202727324647734,0.026311940724633467,0.006017838276464616,0.03958182436595205,281,True
LEVEL_PLUS_JUMP,pooled,infl_exp,real_macro,b,0.25,23,0.018206924050836903,0.020924723225869395,0.3850653995283989,-0.016211182840190082,0.05262503094186389,280,True
LEVEL_PLUS_JUMP,pooled,infl_exp,real_macro,b,0.25,24,-0.001029746675948573,0.01994030997565416,0.9588554586261431,-0.033828637861939945,0.0317691445100428,279,True
LEVEL_PLUS_JUMP,pooled,freight,physical_channel,b,0.25,0,0.000167475401458006,0.0005340843269304985,0.7540816937959032,-0.0007110151407915603,0.0010459659437075724,303,True
LEVEL_PLUS_JUMP,pooled,freight,physical_channel,b,0.25,1,-0.0017737287705745786,0.0009653937720215934,0.06724681594073209,-0.003361660217920659,-0.00018579732322849792,302,True
LEVEL_PLUS_JUMP,pooled,freight,physical_channel,b,0.25,2,0.0005230660344501814,0.0005165261270830028,0.31211861543815705,-0.00032654383909749276,0.0013726759079978556,301,True
LEVEL_PLUS_JUMP,pooled,freight,physical_channel,b,0.25,3,-0.00048773023053216846,0.0005259473020060248,0.3545738707871553,-0.0013528365578221197,0.0003773760967577828,300,True
LEVEL_PLUS_JUMP,pooled,freight,physical_channel,b,0.25,4,0.0007158056849205507,0.00048247732792666443,0.1390758655652696,-7.779889784147805e-05,0.0015094102676825795,299,True
LEVEL_PLUS_JUMP,pooled,freight,physical_channel,b,0.25,5,-0.0002731151738714077,0.0009436518827516295,0.7724793142522112,-0.0018252843957950108,0.0012790540480521954,298,True
LEVEL_PLUS_JUMP,pooled,freight,physical_channel,b,0.25,6,7.638269172505208e-05,0.0010823080315773516,0.943789326394166,-0.001703855599493663,0.0018566209829437672,297,True
LEVEL_PLUS_JUMP,pooled,freight,physical_channel,b,0.25,7,0.0019880531577816107,0.0005804154710441023,0.0007106080197189241,0.001033354665095972,0.0029427516504672495,296,True
LEVEL_PLUS_JUMP,pooled,freight,physical_channel,b,0.25,8,0.0028446945170338966,0.0011302967353063462,0.012430092708045497,0.000985521832433845,0.004703867201633948,295,True
LEVEL_PLUS_JUMP,pooled,freight,physical_channel,b,0.25,9,-0.0033949442542149377,0.0005716892530862877,8.963679330600394e-09,-0.004335289395643096,-0.002454599112786779,294,True
LEVEL_PLUS_JUMP,pooled,freight,physical_channel,b,0.25,10,0.00042620354474109945,0.0006135733219798544,0.4878987116373818,-0.0005830347593181275,0.0014354418488003264,293,True
LEVEL_PLUS_JUMP,pooled,freight,physical_channel,b,0.25,11,0.001985687621154031,0.0006658349420249495,0.0031288041838703944,0.0008904866018132694,0.003080888640494792,292,True
LEVEL_PLUS_JUMP,pooled,freight,physical_channel,b,0.25,12,0.0005427325677027639,0.0006221489246503823,0.38381233932251324,-0.0004806113475123756,0.0015660764829179034,291,True
LEVEL_PLUS_JUMP,pooled,freight,physical_channel,b,0.25,13,0.000732821937113215,0.001174181757768869,0.5330965086131734,-0.0011985351858531642,0.002664179060079594,290,True
LEVEL_PLUS_JUMP,pooled,freight,physical_channel,b,0.25,14,0.0010122933024765413,0.0005708113321071513,0.0773237487575688,7.339221255509216e-05,0.0019511943923979902,289,True
LEVEL_PLUS_JUMP,pooled,freight,physical_channel,b,0.25,15,-0.0033627954769337443,0.000577641748068377,1.7120264880681763e-08,-0.004312931601322603,-0.002412659352544886,288,True
LEVEL_PLUS_JUMP,pooled,freight,physical_channel,b,0.25,16,-0.0008074254665528802,0.00116730100088931,0.4897435159679278,-0.0027274647516097456,0.0011126138185039852,287,False
LEVEL_PLUS_JUMP,pooled,freight,physical_channel,b,0.25,17,6.0728208138072226e-05,0.0006002621736295821,0.9194945061409564,-0.0009266152052783204,0.0010480716215544648,286,True
LEVEL_PLUS_JUMP,pooled,freight,physical_channel,b,0.25,18,-0.0001053761079751192,0.0005428851111992431,0.846247877298101,-0.0009983426521491473,0.000787590436198909,285,True
LEVEL_PLUS_JUMP,pooled,freight,physical_channel,b,0.25,19,0.000936019548978706,0.0005401100816814129,0.08429697176351968,4.761752217197798e-05,0.001824421575785434,284,True
LEVEL_PLUS_JUMP,pooled,freight,physical_channel,b,0.25,20,0.00023946517864459338,0.0008832175612928866,0.786511788186776,-0.0012132984304352452,0.001692228787724432,283,True
LEVEL_PLUS_JUMP,pooled,freight,physical_channel,b,0.25,21,0.0015223111513890109,0.0008932489308256799,0.0895590200491185,5.30474077498665e-05,0.002991574895028155,282,True
LEVEL_PLUS_JUMP,pooled,freight,physical_channel,b,0.25,22,-4.589404169474953e-05,0.0009572115350234142,0.9617974566066141,-0.0016203669068377985,0.0015285788234482994,281,True
LEVEL_PLUS_JUMP,pooled,freight,physical_channel,b,0.25,23,-0.002493369992163874,0.0005593615937744728,1.2486390075638708e-05,-0.0034134379384611717,-0.0015733020458665765,280,True
LEVEL_PLUS_JUMP,pooled,freight,physical_channel,b,0.25,24,0.0003017846298928317,0.001040433478297021,0.7720123941106454,-0.0014095761504857591,0.0020131454102714228,279,True
LEVEL_PLUS_JUMP,pooled,oil,asset_price,b,0.5,0,-0.005490034802755339,0.004113744228728255,0.1831246108324918,-0.012256541917729697,0.0012764723122190179,303,True
LEVEL_PLUS_JUMP,pooled,oil,asset_price,b,0.5,1,-0.004147756811337444,0.004031878687758425,0.3045089059457606,-0.010779607094325232,0.0024840934716503435,302,True
LEVEL_PLUS_JUMP,pooled,oil,asset_price,b,0.5,2,-0.0006862545564927103,0.0042351646262337676,0.8713963590277196,-0.007652480452689899,0.006279971339704479,301,True
LEVEL_PLUS_JUMP,pooled,oil,asset_price,b,0.5,3,-0.0028950776477110196,0.004722351063447974,0.5403498944609256,-0.01066265392216156,0.004872498626739522,300,True
LEVEL_PLUS_JUMP,pooled,oil,asset_price,b,0.5,4,0.0026948211998742977,0.004420783060994134,0.542650763388336,-0.0045767198519675355,0.00996636225171613,299,False
LEVEL_PLUS_JUMP,pooled,oil,asset_price,b,0.5,5,0.00740817768362767,0.004160267015657923,0.07608616320342197,0.0005651473938361575,0.014251207973419184,298,True
LEVEL_PLUS_JUMP,pooled,oil,asset_price,b,0.5,6,0.0019518181602258267,0.004295948265734567,0.6499510178857819,-0.005114387925863563,0.009018024246315216,297,True
LEVEL_PLUS_JUMP,pooled,oil,asset_price,b,0.5,7,-0.005389145845202559,0.004141335610460603,0.1942712447990185,-0.012201036744491972,0.0014227450540868544,296,True
LEVEL_PLUS_JUMP,pooled,oil,asset_price,b,0.5,8,0.0036347608357283345,0.004193650021543368,0.38686837267320756,-0.003263179612372394,0.010532701283829063,295,True
LEVEL_PLUS_JUMP,pooled,oil,asset_price,b,0.5,9,0.0012643816889045256,0.004142676847209326,0.7604457695418436,-0.005549715348515624,0.008078478726324674,294,True
LEVEL_PLUS_JUMP,pooled,oil,asset_price,b,0.5,10,0.0024357383423820878,0.004185351937750109,0.5610834032144952,-0.004448552972494551,0.009320029657258727,293,True
LEVEL_PLUS_JUMP,pooled,oil,asset_price,b,0.5,11,0.004154344033782051,0.004036250026768885,0.3043003455854827,-0.002484696462031726,0.010793384529595829,292,True
LEVEL_PLUS_JUMP,pooled,oil,asset_price,b,0.5,12,-0.006563656128839135,0.004292612933334657,0.1274517735164658,-0.013624376081333444,0.0004970638236551743,291,False
LEVEL_PLUS_JUMP,pooled,oil,asset_price,b,0.5,13,-0.00046896912312410777,0.0041357308560512765,0.9098046412478148,-0.007271641021795167,0.006333702775546951,290,True
LEVEL_PLUS_JUMP,pooled,oil,asset_price,b,0.5,14,0.007227416147606358,0.004110789908403846,0.07989280698289497,0.00046576845713278137,0.013989063838079935,289,True
LEVEL_PLUS_JUMP,pooled,oil,asset_price,b,0.5,15,0.0037017500486806743,0.00426416462140187,0.38613645902807925,-0.0033121765947503427,0.010715676692111691,288,True
LEVEL_PLUS_JUMP,pooled,oil,asset_price,b,0.5,16,0.0025998252139005917,0.004023194798286314,0.5187160958640642,-0.004017741341992948,0.009217391769794131,287,False
LEVEL_PLUS_JUMP,pooled,oil,asset_price,b,0.5,17,-0.008132085608277662,0.004068671239885079,0.046689131722771775,-0.014824454254075779,-0.0014397169624795455,286,True
LEVEL_PLUS_JUMP,pooled,oil,asset_price,b,0.5,18,-0.009345645549019177,0.004334313064916995,0.03199613913975767,-0.016474956114191048,-0.002216334983847306,285,True
LEVEL_PLUS_JUMP,pooled,oil,asset_price,b,0.5,19,0.004949342928556533,0.004351815486172046,0.25647403802834334,-0.002208756557697142,0.012107442414810207,284,True
LEVEL_PLUS_JUMP,pooled,oil,asset_price,b,0.5,20,0.00622442794873912,0.004397144712898143,0.15812414450951284,-0.0010082314805018805,0.013457087377980119,283,True
LEVEL_PLUS_JUMP,pooled,oil,asset_price,b,0.5,21,-0.0020539426151060525,0.00412067681057783,0.6185997396405378,-0.00883185281247982,0.004723967582267716,282,True
LEVEL_PLUS_JUMP,pooled,oil,asset_price,b,0.5,22,0.0024002100940627713,0.004325569567989826,0.5794609551882787,-0.004714718698476206,0.00951513888660175,281,False
LEVEL_PLUS_JUMP,pooled,oil,asset_price,b,0.5,23,-0.005765687574379924,0.004230863929129346,0.17417206210495056,-0.012724839453346485,0.0011934643045866371,280,True
LEVEL_PLUS_JUMP,pooled,oil,asset_price,b,0.5,24,-0.0010141329999492354,0.004277705396280215,0.8127927113686946,-0.00805033223605063,0.006022066236152161,279,True
LEVEL_PLUS_JUMP,pooled,dxy,asset_price,b,0.5,0,0.0008808371147246072,0.0007649396227163455,0.25052183443957116,-0.00037737659809926436,0.0021390508275484785,303,True
LEVEL_PLUS_JUMP,pooled,dxy,asset_price,b,0.5,1,0.0004140456827436134,0.0007899928294847389,0.6006234982719947,-0.0008853768881000154,0.0017134682535872422,302,True
LEVEL_PLUS_JUMP,pooled,dxy,asset_price,b,0.5,2,0.0004656622710851044,0.0007536521305618885,0.5371732925088906,-0.0007739851693293223,0.001705309711499531,301,True
LEVEL_PLUS_JUMP,pooled,dxy,asset_price,b,0.5,3,0.0009988737417016835,0.0007935063447276709,0.2091782687078936,-0.0003063280474326312,0.0023040755308359985,300,True
LEVEL_PLUS_JUMP,pooled,dxy,asset_price,b,0.5,4,-0.00046738368073723224,0.0007733921180588234,0.5461301869705858,-0.001739500511181969,0.0008047331497075046,299,True
LEVEL_PLUS_JUMP,pooled,dxy,asset_price,b,0.5,5,0.00011602569456137246,0.000790142272234611,0.8833666922785741,-0.001183642687731405,0.0014156940768541499,298,True
LEVEL_PLUS_JUMP,pooled,dxy,asset_price,b,0.5,6,-0.0006961087072496208,0.000808658334850898,0.39010417507768586,-0.0020262333022936585,0.0006340158877944167,297,True
LEVEL_PLUS_JUMP,pooled,dxy,asset_price,b,0.5,7,-0.0013897414065801028,0.0008080088940419314,0.0865944832618424,-0.0027187977665540214,-6.068504660618418e-05,296,False
LEVEL_PLUS_JUMP,pooled,dxy,asset_price,b,0.5,8,-0.0015332663184850492,0.0007473228951114589,0.04117631010668406,-0.0027625030930130074,-0.0003040295439570913,295,False
LEVEL_PLUS_JUMP,pooled,dxy,asset_price,b,0.5,9,0.0006917477270226291,0.0007636514248637846,0.3658391257133871,-0.0005643470888912266,0.0019478425429364848,294,True
LEVEL_PLUS_JUMP,pooled,dxy,asset_price,b,0.5,10,-0.0007636664612065136,0.0007903566310450008,0.3348099464881205,-0.00206368743236603,0.0005363545099530025,293,True
LEVEL_PLUS_JUMP,pooled,dxy,asset_price,b,0.5,11,0.0007152447710601084,0.000793796324520062,0.3683866013683368,-0.0005904339923874635,0.0020209235345076803,292,True
LEVEL_PLUS_JUMP,pooled,dxy,asset_price,b,0.5,12,3.759835875633e-05,0.0007403227757531982,0.9595342455524963,-0.0011801242440560994,0.0012553209615687594,291,True
LEVEL_PLUS_JUMP,pooled,dxy,asset_price,b,0.5,13,-0.00020901527794991992,0.0008275023952305415,0.8007864258846356,-0.0015701355940559067,0.001152105038156067,290,True
LEVEL_PLUS_JUMP,pooled,dxy,asset_price,b,0.5,14,-0.0015141924165426035,0.0008124648721541933,0.06348644250860926,-0.0028505782082760924,-0.00017780662480911457,289,True
LEVEL_PLUS_JUMP,pooled,dxy,asset_price,b,0.5,15,-0.0005312482058166257,0.0007702860824462961,0.4910127361846233,-0.0017982560623186566,0.0007357596506854052,288,False
LEVEL_PLUS_JUMP,pooled,dxy,asset_price,b,0.5,16,-0.00017329366306745309,0.0007871171981097109,0.8259180624633053,-0.0014679862412140916,0.0011213989150791854,287,True
LEVEL_PLUS_JUMP,pooled,dxy,asset_price,b,0.5,17,-8.129995660541289e-05,0.0008766502597371055,0.9261826237764544,-0.001523261315901941,0.0013606614026911153,286,True
LEVEL_PLUS_JUMP,pooled,dxy,asset_price,b,0.5,18,-0.0006622788719551423,0.0008433451985454341,0.4330011199484046,-0.0020494582805547093,0.0007249005366444245,285,True
LEVEL_PLUS_JUMP,pooled,dxy,asset_price,b,0.5,19,-0.0020970353379082245,0.0008075707734803033,0.009956165013204383,-0.003425371053687307,-0.0007686996221291419,284,True
LEVEL_PLUS_JUMP,pooled,dxy,asset_price,b,0.5,20,-1.8725283490061972e-05,0.0008340012624409339,0.9821046850309605,-0.0013905352848981388,0.0013530847179180148,283,True
LEVEL_PLUS_JUMP,pooled,dxy,asset_price,b,0.5,21,0.0012542477031209087,0.0008507279165746011,0.1416329793841101,-0.00014507519600569338,0.0026535706022475106,282,True
LEVEL_PLUS_JUMP,pooled,dxy,asset_price,b,0.5,22,0.00015194817089958512,0.0008284488369038929,0.8546209896558075,-0.0012107289032255119,0.001514625245024682,281,False
LEVEL_PLUS_JUMP,pooled,dxy,asset_price,b,0.5,23,-0.0017950711932326335,0.000818673097668228,0.029246535519220396,-0.0031416686072198155,-0.0004484737792454518,280,True
LEVEL_PLUS_JUMP,pooled,dxy,asset_price,b,0.5,24,-9.810324108605606e-05,0.0007860011036095794,0.9007714121556497,-0.0013909600071461325,0.0011947535249740204,279,True
LEVEL_PLUS_JUMP,pooled,vix,asset_price,b,0.5,0,0.23617235900110245,0.1485264226135806,0.11296043374366349,-0.008131865932972743,0.48047658393517767,303,True
LEVEL_PLUS_JUMP,pooled,vix,asset_price,b,0.5,1,-0.02173617669086525,0.16261216208249804,0.8937625803625209,-0.2892093812786828,0.2457370278969523,302,True
LEVEL_PLUS_JUMP,pooled,vix,asset_price,b,0.5,2,-0.10597457212770678,0.18896726841757552,0.5753876327837832,-0.41679806895946825,0.2048489247040547,301,True
LEVEL_PLUS_JUMP,pooled,vix,asset_price,b,0.5,3,-0.21006191370861416,0.20562358208323914,0.30788522268234364,-0.5482826084849838,0.12815878106775547,300,True
LEVEL_PLUS_JUMP,pooled,vix,asset_price,b,0.5,4,-0.057824209332466125,0.21063476001636644,0.7838914365047451,-0.4042875583074394,0.28863913964250715,299,False
LEVEL_PLUS_JUMP,pooled,vix,asset_price,b,0.5,5,-0.17923963424982503,0.2265848580119119,0.42960994985280143,-0.5519385597630027,0.1934592912633526,298,False
LEVEL_PLUS_JUMP,pooled,vix,asset_price,b,0.5,6,0.17087824631016701,0.23778912461805865,0.4730034051236295,-0.22025005776746237,0.5620065503877965,297,False
LEVEL_PLUS_JUMP,pooled,vix,asset_price,b,0.5,7,-0.04437577448970842,0.2450813213047734,0.8564530118061701,-0.44749867473592403,0.3587471257565072,296,True
LEVEL_PLUS_JUMP,pooled,vix,asset_price,b,0.5,8,0.17886060249793445,0.255850076144939,0.4851082863378876,-0.2419753232048788,0.5996965282007477,295,True
LEVEL_PLUS_JUMP,pooled,vix,asset_price,b,0.5,9,0.4964882632875742,0.25315307972244216,0.050896765894468565,0.08008850193218003,0.9128880246429685,294,True
LEVEL_PLUS_JUMP,pooled,vix,asset_price,b,0.5,10,0.5818021658678845,0.2630624601766961,0.027844336582732564,0.1491029241314687,1.0145014076043002,293,True
LEVEL_PLUS_JUMP,pooled,vix,asset_price,b,0.5,11,0.9950729537849838,0.2931643472450246,0.0007939319459749223,0.5128605139261443,1.4772853936438235,292,False
LEVEL_PLUS_JUMP,pooled,vix,asset_price,b,0.5,12,0.45665213258433823,0.2753576379034966,0.09842960195822037,0.0037291231699816962,0.9095751419986948,291,True
LEVEL_PLUS_JUMP,pooled,vix,asset_price,b,0.5,13,0.2414922943626152,0.2803099054906057,0.3897400701880171,-0.21957647035403194,0.7025610590792624,290,True
LEVEL_PLUS_JUMP,pooled,vix,asset_price,b,0.5,14,0.3369888613533476,0.28396150474996457,0.23640872227071175,-0.13008624964922932,0.8040639723559245,289,True
LEVEL_PLUS_JUMP,pooled,vix,asset_price,b,0.5,15,-0.2577635288616875,0.28968492379487126,0.3743923590897366,-0.7342528264388424,0.21872576871546728,288,True
LEVEL_PLUS_JUMP,pooled,vix,asset_price,b,0.5,16,0.3663777344809205,0.2865828477145764,0.20224028692614762,-0.10500910200448199,0.837764570966323,287,True
LEVEL_PLUS_JUMP,pooled,vix,asset_price,b,0.5,17,-0.05364739966898924,0.2883600169929404,0.8525571305225799,-0.5279574194876153,0.4206626201496369,286,True
LEVEL_PLUS_JUMP,pooled,vix,asset_price,b,0.5,18,0.1228888832197299,0.28908280338852005,0.6711200316864582,-0.35261001442317663,0.5983877808626364,285,True
LEVEL_PLUS_JUMP,pooled,vix,asset_price,b,0.5,19,-0.337343922117725,0.2864626666119509,0.24004208888029682,-0.8085330782805829,0.13384523404513282,284,False
LEVEL_PLUS_JUMP,pooled,vix,asset_price,b,0.5,20,-0.5531119804218179,0.29709161567397885,0.06378795358374889,-1.0417842020000347,-0.06443975884360092,283,True
LEVEL_PLUS_JUMP,pooled,vix,asset_price,b,0.5,21,-0.1777150753623573,0.2832876622366205,0.5310059343421216,-0.6436818140628662,0.2882516633381515,282,True
LEVEL_PLUS_JUMP,pooled,vix,asset_price,b,0.5,22,-0.14004749019841256,0.2739582857286603,0.6096568043603368,-0.5906687701126072,0.3105737897157821,281,True
LEVEL_PLUS_JUMP,pooled,vix,asset_price,b,0.5,23,-0.9317921326146461,0.27632418690634925,0.0008632796670613313,-1.386304973661971,-0.4772792915673211,280,True
LEVEL_PLUS_JUMP,pooled,vix,asset_price,b,0.5,24,-0.20157365839986596,0.2880210297208159,0.48466446497750626,-0.6753260937744477,0.2721787769747158,279,True
LEVEL_PLUS_JUMP,pooled,us10y,asset_price,b,0.5,0,-0.012222654384235199,0.0107586021797146,0.2569113253912521,-0.029918980200466773,0.005473671431996376,303,False
LEVEL_PLUS_JUMP,pooled,us10y,asset_price,b,0.5,1,0.01962743594222849,0.011163404912487636,0.07983090351856197,0.0012652688827953194,0.037989603001661654,302,True
LEVEL_PLUS_JUMP,pooled,us10y,asset_price,b,0.5,2,0.011102846326669247,0.01105709051985672,0.3162012152205101,-0.007084449118447821,0.029290141771786314,301,True
LEVEL_PLUS_JUMP,pooled,us10y,asset_price,b,0.5,3,-0.014580080599681189,0.010910145052771512,0.18254251280116243,-0.03252567226029907,0.0033655110609366948,300,True
LEVEL_PLUS_JUMP,pooled,us10y,asset_price,b,0.5,4,-0.010316759192619429,0.01095877615121055,0.3473305098157771,-0.028342341891887397,0.007708823506648539,299,False
LEVEL_PLUS_JUMP,pooled,us10y,asset_price,b,0.5,5,0.018633377643080706,0.010926833480276647,0.08929120962563886,0.0006603359619528869,0.03660641932420852,298,True
LEVEL_PLUS_JUMP,pooled,us10y,asset_price,b,0.5,6,-0.01680451655270332,0.011681264101170473,0.15142997883693624,-0.0360184861768916,0.0024094530714849627,297,True
LEVEL_PLUS_JUMP,pooled,us10y,asset_price,b,0.5,7,0.007140023550363139,0.011483960433606525,0.5346421752104348,-0.011749410420621755,0.026029457521348033,296,False
LEVEL_PLUS_JUMP,pooled,us10y,asset_price,b,0.5,8,-0.012477705878683576,0.011723453197389268,0.288137620853704,-0.03176107039080515,0.006805658633437996,295,True
LEVEL_PLUS_JUMP,pooled,us10y,asset_price,b,0.5,9,-0.016351025057275148,0.011692731938401611,0.1631600751620406,-0.03558385759512636,0.0028818074805760617,294,True
LEVEL_PLUS_JUMP,pooled,us10y,asset_price,b,0.5,10,-0.020269477447637296,0.011351097664418436,0.07529382759889237,-0.03894037161083634,-0.001598583284438248,293,True
LEVEL_PLUS_JUMP,pooled,us10y,asset_price,b,0.5,11,-0.01759789071620599,0.011106917636890387,0.11429799127919,-0.03586714447549642,0.00067136304308444,292,True
LEVEL_PLUS_JUMP,pooled,us10y,asset_price,b,0.5,12,-0.0007400683023206511,0.011677441679146323,0.9495153230440293,-0.01994775060177877,0.018467613997137467,291,True
LEVEL_PLUS_JUMP,pooled,us10y,asset_price,b,0.5,13,0.01930859521727772,0.01167620430026267,0.09939207449661487,0.00010294822496429226,0.038514242209591154,290,True
LEVEL_PLUS_JUMP,pooled,us10y,asset_price,b,0.5,14,-0.020425322386188327,0.011046846094839793,0.06559246350644542,-0.038595767251660265,-0.0022548775207163856,289,False
LEVEL_PLUS_JUMP,pooled,us10y,asset_price,b,0.5,15,0.005657783609187561,0.010854531250007802,0.60264533439862,-0.012196331486245868,0.02351189870462099,288,False
LEVEL_PLUS_JUMP,pooled,us10y,asset_price,b,0.5,16,-0.00609677858353308,0.011185517581013254,0.5861812706380424,-0.024495317745992187,0.012301760578926027,287,True
LEVEL_PLUS_JUMP,pooled,us10y,asset_price,b,0.5,17,0.005427445761964966,0.011355055190664284,0.6330718947495515,-0.013249957952633323,0.024104849476563255,286,True
LEVEL_PLUS_JUMP,pooled,us10y,asset_price,b,0.5,18,0.0045189294542256064,0.01160856621843667,0.6973947754830434,-0.014575462793876288,0.0236133217023275,285,True
LEVEL_PLUS_JUMP,pooled,us10y,asset_price,b,0.5,19,-0.025125837194710288,0.011624289475653419,0.03158435715618658,-0.04424609189947264,-0.006005582489947935,284,True
LEVEL_PLUS_JUMP,pooled,us10y,asset_price,b,0.5,20,0.004631641714553547,0.011637110997271745,0.6909586589166031,-0.014509702516545746,0.02377298594565284,283,False
LEVEL_PLUS_JUMP,pooled,us10y,asset_price,b,0.5,21,0.02584408379851766,0.011083885682658367,0.020499990580333725,0.007612714232681547,0.04407545336435377,282,True
LEVEL_PLUS_JUMP,pooled,us10y,asset_price,b,0.5,22,-7.003707355623945e-05,0.010712470709944062,0.9947886990357298,-0.01769048337441914,0.017550409227306663,281,True
LEVEL_PLUS_JUMP,pooled,us10y,asset_price,b,0.5,23,-0.029432653836961364,0.010403853824867245,0.005044863625261427,-0.0465454705350672,-0.012319837138855531,280,True
LEVEL_PLUS_JUMP,pooled,us10y,asset_price,b,0.5,24,0.00613397516298031,0.010838306921193516,0.5719311695736151,-0.01169345328635809,0.02396140361231871,279,True
LEVEL_PLUS_JUMP,pooled,ip,real_macro,b,0.5,0,0.010696319577562008,0.023056639032446733,0.6430756822468258,-0.027228476760268884,0.0486211159153929,303,True
LEVEL_PLUS_JUMP,pooled,ip,real_macro,b,0.5,1,-0.01921749382947535,0.023938452867635115,0.42279328022805496,-0.058592744852411845,0.02015775719346114,302,True
LEVEL_PLUS_JUMP,pooled,ip,real_macro,b,0.5,2,-0.0020844565120690106,0.025961415416207036,0.9360649945271075,-0.04478718482021102,0.040618271796073,301,True
LEVEL_PLUS_JUMP,pooled,ip,real_macro,b,0.5,3,0.03661483993627712,0.025811601935914773,0.15717736036977747,-0.005841467125439932,0.07907114699799417,300,True
LEVEL_PLUS_JUMP,pooled,ip,real_macro,b,0.5,4,0.0025771522145987547,0.025383617048231933,0.9192062733461481,-0.03917518235233276,0.04432948678153027,299,False
LEVEL_PLUS_JUMP,pooled,ip,real_macro,b,0.5,5,0.020300747458829704,0.024601625658861048,0.40999837131498623,-0.02016532573505029,0.0607668206527097,298,True
LEVEL_PLUS_JUMP,pooled,ip,real_macro,b,0.5,6,0.03641170364081603,0.02396723433435464,0.1298794484276489,-0.003010888682043057,0.07583429596367511,297,True
LEVEL_PLUS_JUMP,pooled,ip,real_macro,b,0.5,7,0.0051432435856550995,0.024127670437502337,0.8313581102475869,-0.034543242643360436,0.044829729814670635,296,True
LEVEL_PLUS_JUMP,pooled,ip,real_macro,b,0.5,8,0.028037599223821985,0.024016444061382626,0.24407688479185202,-0.011465935897020371,0.06754113434466434,295,True
LEVEL_PLUS_JUMP,pooled,ip,real_macro,b,0.5,9,-0.017655573318620554,0.024555103455974888,0.47276069262668735,-0.05804512429834948,0.022733977661108372,294,False
LEVEL_PLUS_JUMP,pooled,ip,real_macro,b,0.5,10,-0.02146945916900539,0.024773944651318464,0.3869372495507077,-0.06221897188262159,0.019280053544610813,293,True
LEVEL_PLUS_JUMP,pooled,ip,real_macro,b,0.5,11,0.0007507560835193772,0.024302572987833126,0.9753789783694381,-0.03922341923977082,0.04072493140680957,292,True
LEVEL_PLUS_JUMP,pooled,ip,real_macro,b,0.5,12,-0.012150288925639074,0.024468132810008137,0.6199028336330759,-0.052396785922911276,0.028096208071633128,291,False
LEVEL_PLUS_JUMP,pooled,ip,real_macro,b,0.5,13,0.01726557779452076,0.025419846051673172,0.4976003062802256,-0.02454634818012192,0.05907750376916344,290,True
LEVEL_PLUS_JUMP,pooled,ip,real_macro,b,0.5,14,-0.04143996533738914,0.025701440289900828,0.10809219031049437,-0.08371507261610922,0.0008351419413309344,289,False
LEVEL_PLUS_JUMP,pooled,ip,real_macro,b,0.5,15,0.029821665017340848,0.02625805008733034,0.25712160550008295,-0.013368983905477881,0.07301231394015958,288,True
LEVEL_PLUS_JUMP,pooled,ip,real_macro,b,0.5,16,-0.007750499839715985,0.025098966117899225,0.7577237576293848,-0.04903462529147464,0.03353362561204267,287,True
LEVEL_PLUS_JUMP,pooled,ip,real_macro,b,0.5,17,0.008221523665939312,0.02607137160411844,0.75275327070672,-0.03466206647669452,0.05110511380857315,286,True
LEVEL_PLUS_JUMP,pooled,ip,real_macro,b,0.5,18,-0.04864287220835628,0.02723905786697651,0.07531444605773144,-0.09344713533559362,-0.0038386090811189377,285,False
LEVEL_PLUS_JUMP,pooled,ip,real_macro,b,0.5,19,-0.007883597643456142,0.028300113752597476,0.7807987737476807,-0.05443314239255534,0.038665947105643056,284,True
LEVEL_PLUS_JUMP,pooled,ip,real_macro,b,0.5,20,-0.012789916198871154,0.029633362829220196,0.6663929942512057,-0.06153246052728293,0.03595262812954062,283,True
LEVEL_PLUS_JUMP,pooled,ip,real_macro,b,0.5,21,0.00894188990016076,0.02956036115288389,0.7625215768117842,-0.03968057735615571,0.05756435715647723,282,True
LEVEL_PLUS_JUMP,pooled,ip,real_macro,b,0.5,22,-0.0183541025154228,0.029004847594065672,0.5274394876690869,-0.0660628312796964,0.029354626248850803,281,True
LEVEL_PLUS_JUMP,pooled,ip,real_macro,b,0.5,23,0.012036976043734882,0.027380681168670526,0.6605922642872288,-0.033000236684954706,0.05707418877242447,280,True
LEVEL_PLUS_JUMP,pooled,ip,real_macro,b,0.5,24,0.0062691120728004535,0.02685813281263898,0.8156288069165674,-0.03790858509721312,0.05044680924281403,279,False
LEVEL_PLUS_JUMP,pooled,cpi,real_macro,b,0.5,0,-0.024162581721867582,0.008731583118885406,0.006036510550068042,-0.03852475788399449,-0.009800405559740674,303,True
LEVEL_PLUS_JUMP,pooled,cpi,real_macro,b,0.5,1,-0.007271273879936757,0.009338769105764751,0.43688042647567066,-0.022632182114816265,0.00808963435494275,302,False
LEVEL_PLUS_JUMP,pooled,cpi,real_macro,b,0.5,2,-0.00862401468009466,0.009546251919974267,0.36711392741424975,-0.02432620177445679,0.007078172414267468,301,True
LEVEL_PLUS_JUMP,pooled,cpi,real_macro,b,0.5,3,-0.005062683242602617,0.009855297780367414,0.6078776016535161,-0.02127320554132675,0.011147839056121517,300,True
LEVEL_PLUS_JUMP,pooled,cpi,real_macro,b,0.5,4,-0.004570948386184881,0.01026669100416444,0.6565153359430168,-0.02145815232117481,0.012316255548805048,299,True
LEVEL_PLUS_JUMP,pooled,cpi,real_macro,b,0.5,5,0.004144718201151587,0.010777990112876215,0.7008706628719837,-0.013583497927259963,0.021872934329563137,298,True
LEVEL_PLUS_JUMP,pooled,cpi,real_macro,b,0.5,6,0.01110060169287408,0.01075913797771468,0.3031220134229189,-0.006596605432641241,0.0287978088183894,297,True
LEVEL_PLUS_JUMP,pooled,cpi,real_macro,b,0.5,7,0.003198006403241749,0.01099940225693166,0.7714722486667677,-0.0148944002933705,0.021290413099853998,296,True
LEVEL_PLUS_JUMP,pooled,cpi,real_macro,b,0.5,8,-0.004409626775819575,0.01125909000208842,0.695628959454338,-0.022929181801927774,0.014109928250288624,295,True
LEVEL_PLUS_JUMP,pooled,cpi,real_macro,b,0.5,9,-0.0015321870604765309,0.01048151469353791,0.8838900692383688,-0.018772744520087512,0.01570837039913445,294,True
LEVEL_PLUS_JUMP,pooled,cpi,real_macro,b,0.5,10,0.0024047073298447685,0.009968697394063643,0.8095666299614386,-0.013992340734762503,0.01880175539445204,293,False
LEVEL_PLUS_JUMP,pooled,cpi,real_macro,b,0.5,11,-0.0029807621308641785,0.010893253655465557,0.7845800317427508,-0.020898569915359082,0.014937045653630725,292,True
LEVEL_PLUS_JUMP,pooled,cpi,real_macro,b,0.5,12,-0.0017620775995155213,0.011040241190608905,0.8733147515455014,-0.019921658364307617,0.016397503165276574,291,True
LEVEL_PLUS_JUMP,pooled,cpi,real_macro,b,0.5,13,-0.004063905937066181,0.010492307457804674,0.6988319734567205,-0.02132221591412618,0.013194404039993817,290,True
LEVEL_PLUS_JUMP,pooled,cpi,real_macro,b,0.5,14,-0.005286176375108198,0.010065546434830331,0.5999071682471757,-0.021842526935687327,0.011270174185470931,289,False
LEVEL_PLUS_JUMP,pooled,cpi,real_macro,b,0.5,15,0.016858741536998068,0.009626437602775258,0.08107412365513118,0.0010246607314511498,0.03269282234254499,288,True
LEVEL_PLUS_JUMP,pooled,cpi,real_macro,b,0.5,16,0.014553294714993115,0.009944500648738955,0.1445564044274874,-0.001803953245306425,0.030910542675292654,287,False
LEVEL_PLUS_JUMP,pooled,cpi,real_macro,b,0.5,17,-0.00016860541149332775,0.00995376957893341,0.9864984909259698,-0.016541099405241174,0.01620388858225452,286,True
LEVEL_PLUS_JUMP,pooled,cpi,real_macro,b,0.5,18,-0.02895480985341692,0.009926603870280439,0.0038479313188497046,-0.04528262023275822,-0.012626999474075619,285,False
LEVEL_PLUS_JUMP,pooled,cpi,real_macro,b,0.5,19,-0.01644163556503031,0.010098122190028612,0.10471516985697239,-0.03305156847469802,0.0001682973446373963,284,False
LEVEL_PLUS_JUMP,pooled,cpi,real_macro,b,0.5,20,-0.005418179298544601,0.010081119146965923,0.5914199055123307,-0.022000144691161433,0.011163786094072231,283,False
LEVEL_PLUS_JUMP,pooled,cpi,real_macro,b,0.5,21,0.0033417314876089677,0.0104444465848131,0.7492670237572947,-0.013837854358921778,0.020521317334139713,282,True
LEVEL_PLUS_JUMP,pooled,cpi,real_macro,b,0.5,22,0.010318424231854806,0.010848638489592412,0.3424480474343872,-0.007525998135236616,0.028162846598946228,281,True
LEVEL_PLUS_JUMP,pooled,cpi,real_macro,b,0.5,23,0.005953343004440281,0.01103865032180648,0.5901436144191231,-0.012203621014032141,0.024110307022912704,280,True
LEVEL_PLUS_JUMP,pooled,cpi,real_macro,b,0.5,24,-0.011822353449588263,0.011069831965199981,0.2865558345531291,-0.030030606707290797,0.00638589980811427,279,False
LEVEL_PLUS_JUMP,pooled,infl_exp,real_macro,b,0.5,0,-0.045268691048136134,0.01122922392912503,7.186978868899653e-05,-0.0637391207558077,-0.026798261340464567,303,True
LEVEL_PLUS_JUMP,pooled,infl_exp,real_macro,b,0.5,1,-0.02817496195923841,0.011067357418670917,0.011451723866364281,-0.046379144950107545,-0.00997077896836927,302,True
LEVEL_PLUS_JUMP,pooled,infl_exp,real_macro,b,0.5,2,0.014411363529891474,0.012013993166675922,0.23135489827776326,-0.005349896704485619,0.034172623764268564,301,True
LEVEL_PLUS_JUMP,pooled,infl_exp,real_macro,b,0.5,3,0.0027838638651775938,0.011832018710643832,0.8141667183313263,-0.016678075025182593,0.02224580275553778,300,True
LEVEL_PLUS_JUMP,pooled,infl_exp,real_macro,b,0.5,4,0.002282589434021265,0.011445425901150419,0.8420740268712185,-0.016543460871490324,0.021108639739532854,299,True
LEVEL_PLUS_JUMP,pooled,infl_exp,real_macro,b,0.5,5,0.021644490201935096,0.011778088134817297,0.06720661454879844,0.002271259214826765,0.04101772118904343,298,True
LEVEL_PLUS_JUMP,pooled,infl_exp,real_macro,b,0.5,6,0.000477418543699204,0.011080057101437451,0.9656632756850265,-0.017747653566429603,0.01870249065382801,297,True
LEVEL_PLUS_JUMP,pooled,infl_exp,real_macro,b,0.5,7,-0.0015968309993503738,0.011379299268441695,0.8885064805237358,-0.02031411267321293,0.01712045067451218,296,True
LEVEL_PLUS_JUMP,pooled,infl_exp,real_macro,b,0.5,8,0.008241818402756618,0.011174702423160278,0.46144015064146676,-0.010138931408081971,0.026622568213595207,295,True
LEVEL_PLUS_JUMP,pooled,infl_exp,real_macro,b,0.5,9,2.029919694734872e-05,0.010838060109797593,0.9985070029901544,-0.017806723283771295,0.017847321677665992,294,False
LEVEL_PLUS_JUMP,pooled,infl_exp,real_macro,b,0.5,10,0.000576462006624201,0.010746170720512628,0.9572596307666054,-0.01709941587885071,0.018252339892099113,293,True
LEVEL_PLUS_JUMP,pooled,infl_exp,real_macro,b,0.5,11,-0.004407753096544786,0.010804167952944466,0.6836279463534557,-0.022179027940138353,0.01336352174704878,292,True
LEVEL_PLUS_JUMP,pooled,infl_exp,real_macro,b,0.5,12,0.007340266160234865,0.01144050926033138,0.5216896943031445,-0.01147769699079311,0.02615822931126284,291,True
LEVEL_PLUS_JUMP,pooled,infl_exp,real_macro,b,0.5,13,-0.009235052575676583,0.010483765484267448,0.3791842718952855,-0.02647931225658255,0.008009207105229385,290,True
LEVEL_PLUS_JUMP,pooled,infl_exp,real_macro,b,0.5,14,0.011916049180799693,0.010509527056474436,0.25790493595761255,-0.005370584515586911,0.029202682877186296,289,True
LEVEL_PLUS_JUMP,pooled,infl_exp,real_macro,b,0.5,15,-0.004370582858876482,0.011105805888820841,0.6942429441336797,-0.02263800795532246,0.013896842237569498,288,True
LEVEL_PLUS_JUMP,pooled,infl_exp,real_macro,b,0.5,16,0.0025749959890344343,0.010905052368500655,0.8135194169053787,-0.01536221895138961,0.02051221092945848,287,True
LEVEL_PLUS_JUMP,pooled,infl_exp,real_macro,b,0.5,17,0.018590580962892567,0.010805460684619442,0.08654418555658977,0.0008171797649147404,0.03636398216087039,286,True
LEVEL_PLUS_JUMP,pooled,infl_exp,real_macro,b,0.5,18,-0.03135884600206651,0.010701877603204379,0.0036918169201259295,-0.04896186819288796,-0.013755823811245058,285,True
LEVEL_PLUS_JUMP,pooled,infl_exp,real_macro,b,0.5,19,-0.0205091363219585,0.011089370630290167,0.0655467945496291,-0.03874952782380041,-0.0022687448201165854,284,True
LEVEL_PLUS_JUMP,pooled,infl_exp,real_macro,b,0.5,20,0.006761555986392942,0.011024813714321496,0.540222374985043,-0.011372648838073103,0.024895760810858987,283,True
LEVEL_PLUS_JUMP,pooled,infl_exp,real_macro,b,0.5,21,-0.013948063138650824,0.01203591247474905,0.24759734635920225,-0.03374537742641227,0.0058492511491106194,282,False
LEVEL_PLUS_JUMP,pooled,infl_exp,real_macro,b,0.5,22,0.027211750583483685,0.01154558866157171,0.019191029362580974,0.008220947198207665,0.046202553968759705,281,True
LEVEL_PLUS_JUMP,pooled,infl_exp,real_macro,b,0.5,23,0.01846224025999521,0.01108835561492818,0.0971531833816546,0.00022351830985287147,0.03670096221013755,280,True
LEVEL_PLUS_JUMP,pooled,infl_exp,real_macro,b,0.5,24,-0.011531472199225234,0.011761846565432069,0.3278261242583117,-0.03087798818202289,0.00781504378357242,279,True
LEVEL_PLUS_JUMP,pooled,freight,physical_channel,b,0.5,0,-0.00030188991340299523,0.0005521969001027575,0.585023358528584,-0.0012101729873283758,0.0006063931605223853,303,True
LEVEL_PLUS_JUMP,pooled,freight,physical_channel,b,0.5,1,-0.002237078135702536,0.0005412855128378256,4.7646218775032945e-05,-0.003127413574710121,-0.001346742696694951,302,True
LEVEL_PLUS_JUMP,pooled,freight,physical_channel,b,0.5,2,-0.00015113166512648046,0.0005535391161935905,0.7850381291137366,-0.00106162248805702,0.0007593591578040592,301,False
LEVEL_PLUS_JUMP,pooled,freight,physical_channel,b,0.5,3,1.1707578299866017e-05,0.0005085748174549375,0.9816509064011025,-0.0008248235547670709,0.0008482387113668029,300,True
LEVEL_PLUS_JUMP,pooled,freight,physical_channel,b,0.5,4,0.00013247642299685225,0.0005143427736101445,0.7969385227100678,-0.0007135421536720738,0.0009784949996657784,299,True
LEVEL_PLUS_JUMP,pooled,freight,physical_channel,b,0.5,5,-0.0005322451573712833,0.0004909125145417129,0.2792452849903042,-0.001339724387431087,0.0002752340726885204,298,True
LEVEL_PLUS_JUMP,pooled,freight,physical_channel,b,0.5,6,-0.00036740388483758046,0.000513521092208294,0.474945281883563,-0.0012120709158724742,0.0004772631461973134,297,True
LEVEL_PLUS_JUMP,pooled,freight,physical_channel,b,0.5,7,0.0022689305433949425,0.0005459984763845721,4.368629183059286e-05,0.0013708429692038014,0.003167018117586084,296,True
LEVEL_PLUS_JUMP,pooled,freight,physical_channel,b,0.5,8,0.002512961462096397,0.0005527288291900677,8.279415115825184e-06,0.0016038034426824734,0.0034221194815103207,295,True
LEVEL_PLUS_JUMP,pooled,freight,physical_channel,b,0.5,9,-0.0014739703827103545,0.0005707436243031532,0.010342418727823769,-0.0024127601032048244,-0.0005351806622158846,294,True
LEVEL_PLUS_JUMP,pooled,freight,physical_channel,b,0.5,10,0.00020586968053870613,0.0005803157018953635,0.7230555773076051,-0.0007486647065007719,0.0011604040675781842,293,True
LEVEL_PLUS_JUMP,pooled,freight,physical_channel,b,0.5,11,0.0019955054811022777,0.0006077137565704866,0.0011631925709436773,0.0009959053044590088,0.0029951056577455465,292,True
LEVEL_PLUS_JUMP,pooled,freight,physical_channel,b,0.5,12,0.001055850114553461,0.000635758446987331,0.09795080855668861,1.0120527161314348e-05,0.0021015797019456077,291,True
LEVEL_PLUS_JUMP,pooled,freight,physical_channel,b,0.5,13,0.0004592144110945745,0.0006568540258498822,0.4851023126056853,-0.0006212143157022804,0.0015396431378914294,290,True
LEVEL_PLUS_JUMP,pooled,freight,physical_channel,b,0.5,14,0.0008193820625044118,0.0006797539220689478,0.22913683935364845,-0.0002987136416451855,0.001937477766654009,289,True
LEVEL_PLUS_JUMP,pooled,freight,physical_channel,b,0.5,15,0.0005403816102932599,0.0006321520668136427,0.3934330788691771,-0.0004994160095900296,0.0015801792301765494,288,True
LEVEL_PLUS_JUMP,pooled,freight,physical_channel,b,0.5,16,-0.0014223127639078625,0.0006105876570085402,0.02060635349241571,-0.0024266400861101614,-0.0004179854417055637,287,True
LEVEL_PLUS_JUMP,pooled,freight,physical_channel,b,0.5,17,-0.00011740441610736535,0.0006314007344923497,0.8526357323702578,-0.0011559662042969303,0.0009211573720821996,286,True
LEVEL_PLUS_JUMP,pooled,freight,physical_channel,b,0.5,18,-0.0005653817426092278,0.0005560975401331022,0.31025457668966633,-0.0014800807984359527,0.0003493173132174972,285,True
LEVEL_PLUS_JUMP,pooled,freight,physical_channel,b,0.5,19,0.0023728253834609525,0.0005513946637758241,2.39686969558e-05,0.0014658618708676008,0.003279788896054304,284,True
LEVEL_PLUS_JUMP,pooled,freight,physical_channel,b,0.5,20,-0.00039899879379388936,0.0005578834489811746,0.4751391594680695,-0.0013166354082667711,0.0005186378206789923,283,False
LEVEL_PLUS_JUMP,pooled,freight,physical_channel,b,0.5,21,0.001768659494592567,0.0005602149874715765,0.0017858551998290492,0.000847187840577371,0.0026901311486077634,282,True
LEVEL_PLUS_JUMP,pooled,freight,physical_channel,b,0.5,22,-0.00040006231994987526,0.0005852051791687824,0.49483606774754435,-0.0013626391814164332,0.0005625145415166827,281,True
LEVEL_PLUS_JUMP,pooled,freight,physical_channel,b,0.5,23,-9.286514358190084e-05,0.0005787332870195928,0.8726451037646884,-0.0010447966897736253,0.0008590664026098236,280,True
LEVEL_PLUS_JUMP,pooled,freight,physical_channel,b,0.5,24,1.1300643128625554e-06,0.0005840110604344642,0.9984576273541774,-0.0009594826466225413,0.0009617427752482664,279,True
LEVEL_PLUS_JUMP,pooled,oil,asset_price,b,0.75,0,-0.006877583363728235,0.0033084562958114534,0.0385637000720257,-0.012319509701504135,-0.001435657025952333,303,True
LEVEL_PLUS_JUMP,pooled,oil,asset_price,b,0.75,1,0.0006102632462088309,0.003319857552138635,0.8542889665418489,-0.004850416489388639,0.0060709429818063005,302,True
LEVEL_PLUS_JUMP,pooled,oil,asset_price,b,0.75,2,0.0020097151548625902,0.0032675495531970396,0.539032251300958,-0.003364925578957223,0.007384355888682403,301,True
LEVEL_PLUS_JUMP,pooled,oil,asset_price,b,0.75,3,-0.004744334156786323,0.006805739515244884,0.4863307034915395,-0.015938779482523827,0.006450111168951179,300,True
LEVEL_PLUS_JUMP,pooled,oil,asset_price,b,0.75,4,0.001562504446244617,0.0031760868326317715,0.6231466014631112,-0.0036616934999225657,0.0067867023924118,299,True
LEVEL_PLUS_JUMP,pooled,oil,asset_price,b,0.75,5,0.005551739470674555,0.006469300050234,0.3915614405268678,-0.005089312180790182,0.01619279112213929,298,True
LEVEL_PLUS_JUMP,pooled,oil,asset_price,b,0.75,6,0.0028033156110396362,0.0032800305938137046,0.3934991265535413,-0.0025918546077066265,0.008198485829785898,297,True
LEVEL_PLUS_JUMP,pooled,oil,asset_price,b,0.75,7,-0.010894088671248525,0.0030942293050924214,0.0005055090323254008,-0.015983642966349326,-0.005804534376147722,296,True
LEVEL_PLUS_JUMP,pooled,oil,asset_price,b,0.75,8,0.0013636830676730938,0.006842368134566108,0.8421798722644929,-0.009891010975405148,0.012618377110751335,295,True
LEVEL_PLUS_JUMP,pooled,oil,asset_price,b,0.75,9,-0.0012463446345361007,0.006503594218733389,0.8481709137813299,-0.011943805173440342,0.00945111590436814,294,True
LEVEL_PLUS_JUMP,pooled,oil,asset_price,b,0.75,10,-0.0034637396711727497,0.006435432612343385,0.5908703876474078,-0.014049084344587555,0.007121605002242055,293,True
LEVEL_PLUS_JUMP,pooled,oil,asset_price,b,0.75,11,-0.0004542189042524569,0.006432661355921244,0.9437605357191262,-0.01103500526649009,0.010126567457985175,292,True
LEVEL_PLUS_JUMP,pooled,oil,asset_price,b,0.75,12,0.0033695593382390143,0.0032288039621438786,0.29763171538384736,-0.0019413505696086282,0.008680469246086658,291,True
LEVEL_PLUS_JUMP,pooled,oil,asset_price,b,0.75,13,-0.0009438386692490752,0.006865330372970331,0.8907577926679098,-0.012236302233449427,0.010348624894951277,290,True
LEVEL_PLUS_JUMP,pooled,oil,asset_price,b,0.75,14,0.004327688914758099,0.006595746724751701,0.5123163867201639,-0.00652134900790303,0.015176726837419227,289,True
LEVEL_PLUS_JUMP,pooled,oil,asset_price,b,0.75,15,-0.0005574222672066753,0.0032465766718954552,0.8638105627896868,-0.005897565681149955,0.004782721146736604,288,False
LEVEL_PLUS_JUMP,pooled,oil,asset_price,b,0.75,16,0.0027599540481186846,0.006267330858050168,0.6600353435228016,-0.007548887845050017,0.013068795941287386,287,True
LEVEL_PLUS_JUMP,pooled,oil,asset_price,b,0.75,17,-0.011181688176366222,0.003014839354704172,0.00025489089587139423,-0.016140657623627416,-0.006222718729105029,286,True
LEVEL_PLUS_JUMP,pooled,oil,asset_price,b,0.75,18,0.000392333413515189,0.003127196138344054,0.9002586419245839,-0.004751446496828666,0.005536113323859044,285,True
LEVEL_PLUS_JUMP,pooled,oil,asset_price,b,0.75,19,0.002673461483599482,0.006162496164429073,0.6647789404579404,-0.007462942683536214,0.012809865650735178,284,True
LEVEL_PLUS_JUMP,pooled,oil,asset_price,b,0.75,20,0.006019650264214249,0.0027996081736262318,0.03248183774170787,0.0014147046057821546,0.010624595922646344,283,True
LEVEL_PLUS_JUMP,pooled,oil,asset_price,b,0.75,21,-0.002140015511290727,0.006009467523810998,0.7220557784976072,-0.01202470996387833,0.007744678941296875,282,True
LEVEL_PLUS_JUMP,pooled,oil,asset_price,b,0.75,22,-0.0006687122831046111,0.005750049040947262,0.9075095830844212,-0.01012670130325555,0.008789276737046327,281,True
LEVEL_PLUS_JUMP,pooled,oil,asset_price,b,0.75,23,-0.007480246192187678,0.002977065266471884,0.012608985543063068,-0.012377082793415208,-0.002583409590960149,280,True
LEVEL_PLUS_JUMP,pooled,oil,asset_price,b,0.75,24,-0.0034045096635786365,0.002750649463509952,0.21697969670161726,-0.007928925410105103,0.0011199060829478295,279,True
LEVEL_PLUS_JUMP,pooled,dxy,asset_price,b,0.75,0,0.0002820545931976337,0.0005997989521520337,0.6385501628190959,-0.0007045268886913315,0.001268636075086599,303,True
LEVEL_PLUS_JUMP,pooled,dxy,asset_price,b,0.75,1,-0.0001686911660296886,0.0006212465738840246,0.786182845732858,-0.0011905508463140022,0.0008531685142546251,302,True
LEVEL_PLUS_JUMP,pooled,dxy,asset_price,b,0.75,2,0.00047906245124629265,0.0006167748721702259,0.43799541624037214,-0.0005354419342554339,0.0014935668367480192,301,True
LEVEL_PLUS_JUMP,pooled,dxy,asset_price,b,0.75,3,0.00041299495342328463,0.0006311538379038045,0.5134397979268737,-0.0006251607260171297,0.001451150632863699,300,True
LEVEL_PLUS_JUMP,pooled,dxy,asset_price,b,0.75,4,-0.0007396395688825663,0.0013660884246916585,0.5886569057614196,-0.0029866550689730638,0.0015073759312079311,299,True
LEVEL_PLUS_JUMP,pooled,dxy,asset_price,b,0.75,5,0.002174748200501675,0.0007305271622501166,0.003175391245807177,0.0009731379480880042,0.0033763584529153457,298,True
LEVEL_PLUS_JUMP,pooled,dxy,asset_price,b,0.75,6,-0.0013602526016898153,0.0007033317902068592,0.054160399491287946,-0.0025171304477618396,-0.00020337475561779108,297,False
LEVEL_PLUS_JUMP,pooled,dxy,asset_price,b,0.75,7,-0.0014258628403972656,0.0005929721165481724,0.01686870903760973,-0.002401215176982618,-0.0004505105038119132,296,True
LEVEL_PLUS_JUMP,pooled,dxy,asset_price,b,0.75,8,-0.0019489086023293245,0.0013959560367036263,0.16384096838460024,-0.004245051952366087,0.0003472347477074377,295,True
LEVEL_PLUS_JUMP,pooled,dxy,asset_price,b,0.75,9,-0.0001299605737634657,0.0012369319944159746,0.9164019295788143,-0.0021645326510708997,0.0019046115035439683,294,True
LEVEL_PLUS_JUMP,pooled,dxy,asset_price,b,0.75,10,-0.0008278975797247901,0.0006241994852815166,0.18587072118225284,-0.0018546143670313347,0.00019881920758175456,293,True
LEVEL_PLUS_JUMP,pooled,dxy,asset_price,b,0.75,11,0.0008654995661148135,0.000641689950607711,0.17856296165754723,-0.00018998647652059106,0.001920985608750218,292,True
LEVEL_PLUS_JUMP,pooled,dxy,asset_price,b,0.75,12,7.548885761554658e-05,0.0005632053174980592,0.8934779226348318,-0.0008509014515894915,0.0010018791668205847,291,True
LEVEL_PLUS_JUMP,pooled,dxy,asset_price,b,0.75,13,0.001056501852708669,0.0006361385962074906,0.09794890700708925,1.0146975492960003e-05,0.002102856729924378,290,True
LEVEL_PLUS_JUMP,pooled,dxy,asset_price,b,0.75,14,-0.0024744761756090305,0.001319585249494932,0.06188276368197268,-0.004645000759312432,-0.00030395159190562846,289,True
LEVEL_PLUS_JUMP,pooled,dxy,asset_price,b,0.75,15,-0.0014229656182055406,0.0013710918168374584,0.3003115911388965,-0.0036782109660141176,0.0008322797296030364,288,True
LEVEL_PLUS_JUMP,pooled,dxy,asset_price,b,0.75,16,-0.0008973875826530087,0.0007035247867261082,0.20325421266003782,-0.0020545828797497085,0.0002598077144436912,287,True
LEVEL_PLUS_JUMP,pooled,dxy,asset_price,b,0.75,17,-0.0009472387596173582,0.0007308596708866377,0.19611264528015948,-0.0021493959400678032,0.00025491842083308716,286,True
LEVEL_PLUS_JUMP,pooled,dxy,asset_price,b,0.75,18,-0.0011069948409925257,0.0006532249971992084,0.09135108076937723,-0.002181454346851009,-3.2535335134042465e-05,285,True
LEVEL_PLUS_JUMP,pooled,dxy,asset_price,b,0.75,19,-0.0019680772841804695,0.0005498857868766846,0.0004123817010422623,-0.0028725589151336484,-0.0010635956532272905,284,True
LEVEL_PLUS_JUMP,pooled,dxy,asset_price,b,0.75,20,-0.0005359102942019689,0.0011451533644352221,0.640197728127091,-0.0024195199591089253,0.0013476993707049873,283,True
LEVEL_PLUS_JUMP,pooled,dxy,asset_price,b,0.75,21,0.00019500086196702626,0.0006876395123376673,0.7769632170280542,-0.0009360654839367273,0.0013260672078707798,282,False
LEVEL_PLUS_JUMP,pooled,dxy,asset_price,b,0.75,22,-0.00018696157282160897,0.0007571629210148642,0.8051674136892863,-0.0014323837496460796,0.0010584606040028616,281,True
LEVEL_PLUS_JUMP,pooled,dxy,asset_price,b,0.75,23,-0.0016438897683093145,0.0007235591545673943,0.02393288538507954,-0.002834038668013434,-0.00045374086860519515,280,True
LEVEL_PLUS_JUMP,pooled,dxy,asset_price,b,0.75,24,-0.0010573206977186889,0.0006482382720340374,0.10413004730075776,-0.0021235777706026305,8.936375165252784e-06,279,True
LEVEL_PLUS_JUMP,pooled,vix,asset_price,b,0.75,0,-0.04847664532462659,0.14916383228585514,0.7454362900965805,-0.2938293158699965,0.19687602522074335,303,True
LEVEL_PLUS_JUMP,pooled,vix,asset_price,b,0.75,1,-0.42078825750513715,0.2349288978817106,0.0743760351976448,-0.8072119072615809,-0.03436460774869343,302,True
LEVEL_PLUS_JUMP,pooled,vix,asset_price,b,0.75,2,-0.47988333999501265,0.22425066484124814,0.03324595104382551,-0.8487428594054187,-0.11102382058460664,301,True
LEVEL_PLUS_JUMP,pooled,vix,asset_price,b,0.75,3,-0.2861720638602492,0.18129640085360965,0.11561846526190876,-0.584378106357557,0.012033978637058629,300,True
LEVEL_PLUS_JUMP,pooled,vix,asset_price,b,0.75,4,-0.46371383341192995,0.23974521201576232,0.054130206446527225,-0.8580596149403064,-0.0693680518835536,299,True
LEVEL_PLUS_JUMP,pooled,vix,asset_price,b,0.75,5,-0.1919639037937486,0.27794143068706756,0.4903705637511321,-0.649136874139453,0.2652090665519557,298,True
LEVEL_PLUS_JUMP,pooled,vix,asset_price,b,0.75,6,0.37824076939614315,0.2914701835274704,0.19550223297549413,-0.10118501912722777,0.8576665579195141,297,True
LEVEL_PLUS_JUMP,pooled,vix,asset_price,b,0.75,7,-0.20832428033463657,0.27276912827368843,0.44569493642739005,-0.6569895702960044,0.24034100962673122,296,False
LEVEL_PLUS_JUMP,pooled,vix,asset_price,b,0.75,8,-0.03156814546309761,0.6117465323026103,0.9588833674782042,-1.0378016478960321,0.9746653569698369,295,True
LEVEL_PLUS_JUMP,pooled,vix,asset_price,b,0.75,9,0.3015610308320902,0.5044207689391689,0.5504578175953212,-0.5281373004671522,1.1312593621313325,294,True
LEVEL_PLUS_JUMP,pooled,vix,asset_price,b,0.75,10,0.1891787739677966,0.5244866828594181,0.7186161662998998,-0.6735250486212638,1.051882596556857,293,True
LEVEL_PLUS_JUMP,pooled,vix,asset_price,b,0.75,11,0.745254264522373,0.5607273860824964,0.1849674650476102,-0.1770602102064397,1.6675687392511858,292,True
LEVEL_PLUS_JUMP,pooled,vix,asset_price,b,0.75,12,0.15894760388982832,0.4973683807416405,0.7495425523482971,-0.6591505811040399,0.9770457888836965,291,True
LEVEL_PLUS_JUMP,pooled,vix,asset_price,b,0.75,13,0.1775939334429495,0.5940183162595559,0.765199583343316,-0.7994792485321878,1.1546671154180868,290,True
LEVEL_PLUS_JUMP,pooled,vix,asset_price,b,0.75,14,0.2995081702110838,0.5691167513294384,0.5991486337236863,-0.6366055823719821,1.2356219227941496,289,True
LEVEL_PLUS_JUMP,pooled,vix,asset_price,b,0.75,15,0.25304609709246506,0.5708343961660087,0.6579234578791785,-0.685892929829848,1.191985124014778,288,True
LEVEL_PLUS_JUMP,pooled,vix,asset_price,b,0.75,16,0.2729154252447188,0.6070832743262313,0.6534095750145644,-0.7256477003923584,1.2714785508817958,287,False
LEVEL_PLUS_JUMP,pooled,vix,asset_price,b,0.75,17,0.1287492940039101,0.5861629277096732,0.8263192807249925,-0.8354029236238394,1.0929015116316596,286,True
LEVEL_PLUS_JUMP,pooled,vix,asset_price,b,0.75,18,-0.28743306297110394,0.5675056953627534,0.6129505177801801,-1.2208968643041462,0.6460307383619383,285,False
LEVEL_PLUS_JUMP,pooled,vix,asset_price,b,0.75,19,-0.37151949869439704,0.6075225733802703,0.5413901063021692,-1.3708052069738264,0.6277662095850324,284,True
LEVEL_PLUS_JUMP,pooled,vix,asset_price,b,0.75,20,-0.5121439111032942,0.6144769182114542,0.40536353211105297,-1.5228684987013679,0.49858067649477955,283,True
LEVEL_PLUS_JUMP,pooled,vix,asset_price,b,0.75,21,-0.14717649987323966,0.5921796688263375,0.8039224629256364,-1.1212253759491626,0.8268723762026833,282,True
LEVEL_PLUS_JUMP,pooled,vix,asset_price,b,0.75,22,-0.47387891190328446,0.5472161075168888,0.387320881418734,-1.3739693110787057,0.42621148727213676,281,True
LEVEL_PLUS_JUMP,pooled,vix,asset_price,b,0.75,23,0.0010970791824433945,0.5588287754356417,0.9984351664523109,-0.9180944589377216,0.9202886173026084,280,True
LEVEL_PLUS_JUMP,pooled,vix,asset_price,b,0.75,24,-0.38604492695230874,0.5190178267318035,0.457693800227097,-1.2397532817045867,0.46766342779996906,279,True
LEVEL_PLUS_JUMP,pooled,us10y,asset_price,b,0.75,0,0.038121586675401886,0.009005262284953287,3.142893444986757e-05,0.02330924834434717,0.052933925006456606,303,False
LEVEL_PLUS_JUMP,pooled,us10y,asset_price,b,0.75,1,0.01611907080413033,0.016760426311138343,0.33703121410249604,-0.011449377202998455,0.04368751881125912,302,True
LEVEL_PLUS_JUMP,pooled,us10y,asset_price,b,0.75,2,0.0005246247270491722,0.01726918243418273,0.9757867941914383,-0.027880652634302942,0.028929902088401287,301,True
LEVEL_PLUS_JUMP,pooled,us10y,asset_price,b,0.75,3,-0.020446275830387606,0.009318799200374527,0.029074931684115915,-0.03577433649395612,-0.005118215166819087,300,True
LEVEL_PLUS_JUMP,pooled,us10y,asset_price,b,0.75,4,-0.025290434642572635,0.009188613301810174,0.006316101902232142,-0.04040435855870964,-0.010176510726435627,299,True
LEVEL_PLUS_JUMP,pooled,us10y,asset_price,b,0.75,5,0.018657055186224625,0.00933024841976745,0.046541933469122526,0.0033101622326118935,0.034003948139837356,298,True
LEVEL_PLUS_JUMP,pooled,us10y,asset_price,b,0.75,6,0.014399782729526578,0.00912428136957972,0.1156988441308448,-0.0006083245745523713,0.029407890033605527,297,True
LEVEL_PLUS_JUMP,pooled,us10y,asset_price,b,0.75,7,-0.006763828648310266,0.017489050338120378,0.6992508044762304,-0.035530756528904445,0.02200309923228391,296,True
LEVEL_PLUS_JUMP,pooled,us10y,asset_price,b,0.75,8,-0.014571230011476644,0.008948623877404072,0.10463623736779241,-0.029290406452449277,0.00014794642949599035,295,True
LEVEL_PLUS_JUMP,pooled,us10y,asset_price,b,0.75,9,-0.017802937204933755,0.017369165746589563,0.3063068195747261,-0.046372672480332874,0.010766798070465364,294,True
LEVEL_PLUS_JUMP,pooled,us10y,asset_price,b,0.75,10,0.028126768190034568,0.008905928466248951,0.0017711780734171142,0.013477819450954618,0.04277571692911452,293,False
LEVEL_PLUS_JUMP,pooled,us10y,asset_price,b,0.75,11,-0.02073383956149044,0.0085033206855132,0.015415451868700455,-0.034720557432188305,-0.006747121690792576,292,True
LEVEL_PLUS_JUMP,pooled,us10y,asset_price,b,0.75,12,-0.0032155674036609128,0.017937493529939407,0.8578675404880581,-0.032720118694800314,0.02628898388747849,291,True
LEVEL_PLUS_JUMP,pooled,us10y,asset_price,b,0.75,13,0.013964328678767401,0.01707527845149217,0.4142089557586436,-0.01412200501337581,0.04205066237091061,290,True
LEVEL_PLUS_JUMP,pooled,us10y,asset_price,b,0.75,14,0.008664920729415826,0.00969760768079239,0.37240663156151166,-0.007286224437087992,0.024616065895919644,289,True
LEVEL_PLUS_JUMP,pooled,us10y,asset_price,b,0.75,15,0.009846679386598112,0.00883404204457246,0.2660386967035738,-0.004684026711058699,0.024377385484254922,288,True
LEVEL_PLUS_JUMP,pooled,us10y,asset_price,b,0.75,16,-0.018290375080354693,0.008742384211320755,0.037398861128191095,-0.032670317458548925,-0.003910432702160464,287,True
LEVEL_PLUS_JUMP,pooled,us10y,asset_price,b,0.75,17,-0.00391002046642086,0.016676523963387938,0.8148118567757334,-0.03134046139254265,0.02352042045970093,286,False
LEVEL_PLUS_JUMP,pooled,us10y,asset_price,b,0.75,18,0.04843454499679467,0.008706439492198695,6.645492316401936e-08,0.034113726420218114,0.06275536357337122,285,True
LEVEL_PLUS_JUMP,pooled,us10y,asset_price,b,0.75,19,-0.032728242064539614,0.008200417693185892,8.595642508226621e-05,-0.04621672884969345,-0.019239755279385776,284,True
LEVEL_PLUS_JUMP,pooled,us10y,asset_price,b,0.75,20,0.0005239928890867773,0.01611687616273792,0.9740891295508146,-0.025985909322320415,0.02703389510049397,283,False
LEVEL_PLUS_JUMP,pooled,us10y,asset_price,b,0.75,21,0.027363297269239695,0.01725344564601997,0.11399221586720353,-0.0010160953790263397,0.05574268991750573,282,True
LEVEL_PLUS_JUMP,pooled,us10y,asset_price,b,0.75,22,-0.009526607619898542,0.008736367456263845,0.2765506271308566,-0.023896653316714936,0.004843438076917851,281,True
LEVEL_PLUS_JUMP,pooled,us10y,asset_price,b,0.75,23,-0.03619846471025312,0.009157498248578935,0.0001003528766260575,-0.05126120891822994,-0.021135720502276304,280,True
LEVEL_PLUS_JUMP,pooled,us10y,asset_price,b,0.75,24,0.0058364936023878045,0.00784241696077357,0.4574387718311567,-0.007063134379606343,0.018736121584381954,279,False
LEVEL_PLUS_JUMP,pooled,ip,real_macro,b,0.75,0,-0.004087084470768332,0.018690913335455306,0.8270717096192397,-0.03483090106162763,0.026656732120090967,303,True
LEVEL_PLUS_JUMP,pooled,ip,real_macro,b,0.75,1,-0.058451858536813006,0.03752214018762921,0.12043574965087728,-0.12017028691541651,0.0032665698417904954,302,True
LEVEL_PLUS_JUMP,pooled,ip,real_macro,b,0.75,2,-0.04751733054311558,0.03860523228310757,0.21943758177628184,-0.11101728688328913,0.015982625797057975,301,True
LEVEL_PLUS_JUMP,pooled,ip,real_macro,b,0.75,3,0.021481569861911964,0.018570073534109263,0.24837541091517493,-0.009063482943423202,0.05202662266724713,300,True
LEVEL_PLUS_JUMP,pooled,ip,real_macro,b,0.75,4,-0.02622874956848875,0.03926949119785544,0.5047551763007471,-0.09082131459382017,0.03836381545684267,299,True
LEVEL_PLUS_JUMP,pooled,ip,real_macro,b,0.75,5,0.016067807503418408,0.03933905827428806,0.6832713801461251,-0.04863918517989964,0.08077480018673645,298,True
LEVEL_PLUS_JUMP,pooled,ip,real_macro,b,0.75,6,0.015581312796939528,0.04273680884504446,0.7157056783439842,-0.05471448223616361,0.08587710783004267,297,True
LEVEL_PLUS_JUMP,pooled,ip,real_macro,b,0.75,7,-0.009122719323890749,0.03826072972648188,0.8117254836905402,-0.07205601938430448,0.05381058073652298,296,True
LEVEL_PLUS_JUMP,pooled,ip,real_macro,b,0.75,8,0.013027205039861656,0.039800445703390655,0.7436876033507134,-0.0524387024296456,0.07849311250936891,295,True
LEVEL_PLUS_JUMP,pooled,ip,real_macro,b,0.75,9,-0.030470133388462273,0.01854620925699511,0.10157882673526225,-0.06097593295103165,3.5666174107103904e-05,294,False
LEVEL_PLUS_JUMP,pooled,ip,real_macro,b,0.75,10,-0.03501627286328812,0.019402471722940354,0.07225168616137716,-0.06693049884858995,-0.003102046877986299,293,True
LEVEL_PLUS_JUMP,pooled,ip,real_macro,b,0.75,11,0.007628787917866475,0.02037709767044432,0.7084217827604395,-0.02588855509210826,0.04114613092784121,292,True
LEVEL_PLUS_JUMP,pooled,ip,real_macro,b,0.75,12,-0.04970873439523871,0.03894700929325998,0.20296935077707612,-0.11377086389017009,0.014353395099692676,291,True
LEVEL_PLUS_JUMP,pooled,ip,real_macro,b,0.75,13,-0.014836505622000118,0.03872919950846164,0.7019687046797444,-0.07854036990242041,0.04886735865842018,290,True
LEVEL_PLUS_JUMP,pooled,ip,real_macro,b,0.75,14,-0.048961340478854254,0.03959156413782601,0.21732461647282436,-0.11408366834763921,0.0161609873899307,289,False
LEVEL_PLUS_JUMP,pooled,ip,real_macro,b,0.75,15,0.03767803195006536,0.01895335895639831,0.047867712587682736,0.0065025307277204285,0.06885353317241029,288,True
LEVEL_PLUS_JUMP,pooled,ip,real_macro,b,0.75,16,-0.009910711829434149,0.020575895189031624,0.6304498667810496,-0.043755047658886166,0.023933624000017868,287,False
LEVEL_PLUS_JUMP,pooled,ip,real_macro,b,0.75,17,-0.012542806554790786,0.020970067497041132,0.5502785194942287,-0.047035498134716074,0.0219498850251345,286,True
LEVEL_PLUS_JUMP,pooled,ip,real_macro,b,0.75,18,-0.062436713841753644,0.04012916006034858,0.12096389387049747,-0.12844330831353418,0.0035698806300268754,285,True
LEVEL_PLUS_JUMP,pooled,ip,real_macro,b,0.75,19,-0.025723222540719348,0.02435134983995397,0.2918102805018415,-0.06577762864613179,0.014331183564693088,284,True
LEVEL_PLUS_JUMP,pooled,ip,real_macro,b,0.75,20,-0.0391738822498624,0.047209485373352,0.40743457376061437,-0.11682657549273291,0.03847881099300811,283,True
LEVEL_PLUS_JUMP,pooled,ip,real_macro,b,0.75,21,-0.014691582127852598,0.04402839095203107,0.738893117536673,-0.08711184067413828,0.057728676418433086,282,True
LEVEL_PLUS_JUMP,pooled,ip,real_macro,b,0.75,22,0.007614075559104094,0.022990755465855453,0.7407827577284688,-0.030202351955262628,0.04543050307347082,281,False
LEVEL_PLUS_JUMP,pooled,ip,real_macro,b,0.75,23,-0.0019362256109616283,0.021875211978620742,0.9295397980459016,-0.037917747374328244,0.03404529615240499,280,True
LEVEL_PLUS_JUMP,pooled,ip,real_macro,b,0.75,24,0.0016044232186516183,0.0409901597541965,0.9688085545719856,-0.06581838972235876,0.069027236159662,279,True
LEVEL_PLUS_JUMP,pooled,cpi,real_macro,b,0.75,0,-0.029976696802869185,0.007796924156597518,0.0001500194260450545,-0.04280149578091416,-0.017151897824824208,303,True
LEVEL_PLUS_JUMP,pooled,cpi,real_macro,b,0.75,1,-0.01977639800944786,0.008936071554207111,0.027715085600698387,-0.034474927716083306,-0.005077868302812413,302,True
LEVEL_PLUS_JUMP,pooled,cpi,real_macro,b,0.75,2,-0.01825891551416703,0.008534183911335909,0.03328173723172577,-0.0322963988737988,-0.0042214321545352585,301,True
LEVEL_PLUS_JUMP,pooled,cpi,real_macro,b,0.75,3,-0.008949754118713571,0.008323951721342978,0.28324653417043133,-0.02264143629813352,0.004741928060706377,300,True
LEVEL_PLUS_JUMP,pooled,cpi,real_macro,b,0.75,4,-0.00795655644144233,0.008616277869441843,0.35660298441960986,-0.022129072345815452,0.006215959462930789,299,True
LEVEL_PLUS_JUMP,pooled,cpi,real_macro,b,0.75,5,-0.004041617069276526,0.017634731502286623,0.8188985888550413,-0.03304816914112806,0.02496493500257501,298,True
LEVEL_PLUS_JUMP,pooled,cpi,real_macro,b,0.75,6,0.0026638919823369633,0.01640452173839483,0.8711224972938716,-0.024319145097466043,0.02964692906213997,297,True
LEVEL_PLUS_JUMP,pooled,cpi,real_macro,b,0.75,7,-0.0044084073635275445,0.017314818572542617,0.7992248779743839,-0.032888749492580985,0.024071934765525892,296,True
LEVEL_PLUS_JUMP,pooled,cpi,real_macro,b,0.75,8,-0.009666045706943294,0.016851949207289545,0.5667306589220134,-0.03738503548175549,0.0180529440678689,295,True
LEVEL_PLUS_JUMP,pooled,cpi,real_macro,b,0.75,9,-0.009358004860843039,0.007857743783023934,0.2347435950163874,-0.02228284322200534,0.003566833500319262,294,True
LEVEL_PLUS_JUMP,pooled,cpi,real_macro,b,0.75,10,-0.003214464913622095,0.008536327939793944,0.7067997467995061,-0.017255474886239353,0.010826545058995163,293,False
LEVEL_PLUS_JUMP,pooled,cpi,real_macro,b,0.75,11,-0.009657987883556984,0.01791961858916319,0.5903674866642741,-0.03913313751352908,0.01981716174641511,292,True
LEVEL_PLUS_JUMP,pooled,cpi,real_macro,b,0.75,12,-0.009463861128967466,0.017893980428341852,0.5973311643132032,-0.03889683973712422,0.019969117479189287,291,True
LEVEL_PLUS_JUMP,pooled,cpi,real_macro,b,0.75,13,-0.011335905822685177,0.008333910225879808,0.17493121796444078,-0.025043968284411543,0.0023721566390411883,290,True
LEVEL_PLUS_JUMP,pooled,cpi,real_macro,b,0.75,14,-0.00852089924910615,0.01804122996097785,0.6371062846396853,-0.03819608178508613,0.02115428328687383,289,True
LEVEL_PLUS_JUMP,pooled,cpi,real_macro,b,0.75,15,0.00957736838074652,0.017139419932561056,0.5767847213191554,-0.01861446865917089,0.037769205420663934,288,True
LEVEL_PLUS_JUMP,pooled,cpi,real_macro,b,0.75,16,0.012773488587917825,0.018243982784643422,0.48446328552828866,-0.017235192665443128,0.04278216984127878,287,True
LEVEL_PLUS_JUMP,pooled,cpi,real_macro,b,0.75,17,-0.013658270486203605,0.010056655104479211,0.17560809515993903,-0.03019999610980627,0.002883455137399061,286,True
LEVEL_PLUS_JUMP,pooled,cpi,real_macro,b,0.75,18,-0.027549412923434602,0.009018424578990969,0.0024891314698520656,-0.0423834013015762,-0.012715424545293003,285,True
LEVEL_PLUS_JUMP,pooled,cpi,real_macro,b,0.75,19,-0.023778478757662924,0.007651065936599479,0.002097006442393517,-0.03636336231352344,-0.011193595201802409,284,True
LEVEL_PLUS_JUMP,pooled,cpi,real_macro,b,0.75,20,-0.00588196743210645,0.008690915449199348,0.4991495458846383,-0.020177251230250583,0.008413316366037682,283,True
LEVEL_PLUS_JUMP,pooled,cpi,real_macro,b,0.75,21,-0.0061717032667729654,0.020626544342254607,0.7650232041682541,-0.040099349539605825,0.027755943006059894,282,False
LEVEL_PLUS_JUMP,pooled,cpi,real_macro,b,0.75,22,0.0019626850743890145,0.010243534347077438,0.8482073979978575,-0.01488642954920329,0.01881179969798132,281,True
LEVEL_PLUS_JUMP,pooled,cpi,real_macro,b,0.75,23,-0.0014499982142375245,0.009894147216635799,0.8836035181805687,-0.017724422149112733,0.014824425720637684,280,True
LEVEL_PLUS_JUMP,pooled,cpi,real_macro,b,0.75,24,-0.0100986845002069,0.008786409075098263,0.2515045107245408,-0.024551041335261606,0.004353672334847807,279,True
LEVEL_PLUS_JUMP,pooled,infl_exp,real_macro,b,0.75,0,-0.003929879050247109,0.010154926846994181,0.6990611728568483,-0.020633247305952365,0.012773489205458146,303,False
LEVEL_PLUS_JUMP,pooled,infl_exp,real_macro,b,0.75,1,-0.03609499350850598,0.01819037427984272,0.04822094208416249,-0.06601549661831005,-0.006174490398701906,302,True
LEVEL_PLUS_JUMP,pooled,infl_exp,real_macro,b,0.75,2,0.061179771777897685,0.01888691606217353,0.001346661871750381,0.030113559391103537,0.09224598416469183,301,True
LEVEL_PLUS_JUMP,pooled,infl_exp,real_macro,b,0.75,3,-0.006268807385978903,0.008422805720875315,0.45735809827089285,-0.020123089925068276,0.007585475153110468,300,True
LEVEL_PLUS_JUMP,pooled,infl_exp,real_macro,b,0.75,4,-0.007262179643362288,0.009992145161626173,0.4679826392192642,-0.023697795853488704,0.009173436566764129,299,False
LEVEL_PLUS_JUMP,pooled,infl_exp,real_macro,b,0.75,5,0.012113192902067915,0.02186244400705664,0.579993643842317,-0.02384732741696268,0.04807371322109851,298,True
LEVEL_PLUS_JUMP,pooled,infl_exp,real_macro,b,0.75,6,0.004790202808180766,0.01180785917246675,0.6853008154001509,-0.014631997178183375,0.024212402794544906,297,True
LEVEL_PLUS_JUMP,pooled,infl_exp,real_macro,b,0.75,7,-0.007588522891552429,0.01180714544705821,0.5209643633255583,-0.027009548904089686,0.011832503120984827,296,True
LEVEL_PLUS_JUMP,pooled,infl_exp,real_macro,b,0.75,8,-0.0016890037616192899,0.021924781889855884,0.9386523741604669,-0.037752060773268696,0.034374053250030116,295,True
LEVEL_PLUS_JUMP,pooled,infl_exp,real_macro,b,0.75,9,-0.013071646949409654,0.022112808483078145,0.5549321902547395,-0.04944398018488402,0.023300686286064715,294,True
LEVEL_PLUS_JUMP,pooled,infl_exp,real_macro,b,0.75,10,-0.011091344538108672,0.010327233764165998,0.2838041690941741,-0.028078132451472816,0.005895443375255473,293,True
LEVEL_PLUS_JUMP,pooled,infl_exp,real_macro,b,0.75,11,-0.029722470987110228,0.02082798476014616,0.15474857934451278,-0.06398145726192662,0.004536515287706169,292,True
LEVEL_PLUS_JUMP,pooled,infl_exp,real_macro,b,0.75,12,0.07027224486132155,0.011277313242330504,1.828062795861104e-09,0.05172271527240636,0.08882177445023676,291,True
LEVEL_PLUS_JUMP,pooled,infl_exp,real_macro,b,0.75,13,-0.01789768159035887,0.011190991173053177,0.11096054044453085,-0.036305224010537304,0.0005098608298195577,290,True
LEVEL_PLUS_JUMP,pooled,infl_exp,real_macro,b,0.75,14,0.008291006881673724,0.021361675797321115,0.6982396845040764,-0.026845823031311396,0.04342783679465884,289,True
LEVEL_PLUS_JUMP,pooled,infl_exp,real_macro,b,0.75,15,-0.010389941136586422,0.019998630420001794,0.6038313583378655,-0.043284760916988414,0.02250487864381557,288,True
LEVEL_PLUS_JUMP,pooled,infl_exp,real_macro,b,0.75,16,-0.007904148179449066,0.021331971363009846,0.7112900307659356,-0.04299211864592075,0.027183822287022617,287,False
LEVEL_PLUS_JUMP,pooled,infl_exp,real_macro,b,0.75,17,0.013096232370173766,0.020863128302083603,0.5307416447533442,-0.02122055988706236,0.04741302462740989,286,False
LEVEL_PLUS_JUMP,pooled,infl_exp,real_macro,b,0.75,18,-0.03542602628209579,0.01013856000212696,0.000559803450468145,-0.05210247347365944,-0.018749579090532136,285,True
LEVEL_PLUS_JUMP,pooled,infl_exp,real_macro,b,0.75,19,0.019452263311109164,0.01170801215570428,0.09784741845188914,0.00019429705240705392,0.03871022956981127,284,True
LEVEL_PLUS_JUMP,pooled,infl_exp,real_macro,b,0.75,20,0.009969098641938956,0.00938033534373723,0.2888936340131467,-0.005460179970228312,0.025398377254106222,283,True
LEVEL_PLUS_JUMP,pooled,infl_exp,real_macro,b,0.75,21,-0.01736520232924743,0.0220923631657406,0.4325841060106294,-0.053703906010344964,0.0189735013518501,282,True
LEVEL_PLUS_JUMP,pooled,infl_exp,real_macro,b,0.75,22,0.021654103307987782,0.021017076074662046,0.30384845905388375,-0.012915910501335094,0.05622411711731066,281,True
LEVEL_PLUS_JUMP,pooled,infl_exp,real_macro,b,0.75,23,0.012486513023213242,0.020110572739169497,0.5352312208175195,-0.02059243548688111,0.045565461533307594,280,True
LEVEL_PLUS_JUMP,pooled,infl_exp,real_macro,b,0.75,24,-0.029105597813241957,0.010606394571059686,0.006504612153089616,-0.04655156439232788,-0.011659631234156028,279,True
LEVEL_PLUS_JUMP,pooled,freight,physical_channel,b,0.75,0,-0.0001461795515136366,0.001270324642449039,0.9084715589044117,-0.0022356776470517704,0.0019433185440244972,303,True
LEVEL_PLUS_JUMP,pooled,freight,physical_channel,b,0.75,1,0.0034776919300263387,0.00064033295060559,1.2361502301904635e-07,0.002424437953766196,0.004530945906286481,302,True
LEVEL_PLUS_JUMP,pooled,freight,physical_channel,b,0.75,2,-0.0005079940296790486,0.0012392342955482333,0.6821819119502511,-0.002546353055354213,0.0015303649959961156,301,True
LEVEL_PLUS_JUMP,pooled,freight,physical_channel,b,0.75,3,-0.0005668319353497875,0.000667763840173369,0.3967106981279209,-0.0016652057098059966,0.0005315418391064217,300,True
LEVEL_PLUS_JUMP,pooled,freight,physical_channel,b,0.75,4,0.0020270609918613403,0.0007446081898975165,0.006902950801579162,0.0008022895100506398,0.0032518324736720405,299,True
LEVEL_PLUS_JUMP,pooled,freight,physical_channel,b,0.75,5,-0.0006455802386415854,0.0007133736114260051,0.3662891745646277,-0.00181897541076712,0.0005278149334839491,298,True
LEVEL_PLUS_JUMP,pooled,freight,physical_channel,b,0.75,6,0.00026229885395689934,0.0005799808097200429,0.6514502272893254,-0.0006916846844733648,0.0012162823923871635,297,True
LEVEL_PLUS_JUMP,pooled,freight,physical_channel,b,0.75,7,0.0015099754326636239,0.001225562654606834,0.2190038861988167,-0.0005058957448227015,0.0035258466101499492,296,True
LEVEL_PLUS_JUMP,pooled,freight,physical_channel,b,0.75,8,0.002522642881260473,0.0011457651464069814,0.028541223931131503,0.0006380269245583651,0.00440725883796258,295,True
LEVEL_PLUS_JUMP,pooled,freight,physical_channel,b,0.75,9,-0.0002591312909978605,0.0013147840335586188,0.8439073188705388,-0.0024217585772546408,0.0019034959952589198,294,True
LEVEL_PLUS_JUMP,pooled,freight,physical_channel,b,0.75,10,-0.0009796277866054304,0.0006869417314800995,0.15502475010421624,-0.0021095463851347964,0.0001502908119239356,293,True
LEVEL_PLUS_JUMP,pooled,freight,physical_channel,b,0.75,11,0.0018972479059311542,0.001257877096553167,0.13267518122373553,-0.00017177579859350978,0.003966271610455818,292,True
LEVEL_PLUS_JUMP,pooled,freight,physical_channel,b,0.75,12,0.00048415282263114534,0.0013017327044205329,0.710244814927525,-0.0016570069375563168,0.0026253125828186075,291,False
LEVEL_PLUS_JUMP,pooled,freight,physical_channel,b,0.75,13,0.0004469469164103401,0.0014030470521767128,0.7503181718294261,-0.0018608601161460973,0.0027547539489667775,290,True
LEVEL_PLUS_JUMP,pooled,freight,physical_channel,b,0.75,14,0.00044386714712540964,0.0014004037827026238,0.751529954698994,-0.0018595920940495626,0.002747326388300382,289,True
LEVEL_PLUS_JUMP,pooled,freight,physical_channel,b,0.75,15,0.0003726600056398466,0.000727300143275507,0.6088143430381663,-0.0008236422729091964,0.0015689622841888896,288,True
LEVEL_PLUS_JUMP,pooled,freight,physical_channel,b,0.75,16,0.000496292864960779,0.000717865255354215,0.4899676927274063,-0.0006844904039710463,0.0016770761338926043,287,True
LEVEL_PLUS_JUMP,pooled,freight,physical_channel,b,0.75,17,-0.000693715338758949,0.0011895789979515688,0.5602947283032306,-0.0026503986680848847,0.0012629679905669868,286,True
LEVEL_PLUS_JUMP,pooled,freight,physical_channel,b,0.75,18,-0.0011769236147345374,0.0013281853092564496,0.37638447834912264,-0.0033615940379286714,0.0010077468084595965,285,True
LEVEL_PLUS_JUMP,pooled,freight,physical_channel,b,0.75,19,0.003967492315612775,0.0013721028493412224,0.004162876486488049,0.0017105839673234161,0.006224400663902134,284,True
LEVEL_PLUS_JUMP,pooled,freight,physical_channel,b,0.75,20,-0.00044690427843530056,0.0011976536370120214,0.7093469180545758,-0.002416869207106146,0.0015230606502355448,283,True
LEVEL_PLUS_JUMP,pooled,freight,physical_channel,b,0.75,21,0.0006763618925157422,0.001190405388006475,0.5704161937471566,-0.0012816807274892831,0.0026344045125207675,282,True
LEVEL_PLUS_JUMP,pooled,freight,physical_channel,b,0.75,22,-0.0007297445217360199,0.0006442495133499266,0.2584105563213964,-0.0017894406704313675,0.00032995162695932776,281,False
LEVEL_PLUS_JUMP,pooled,freight,physical_channel,b,0.75,23,-0.00038647742815012265,0.001266755142043609,0.7605475787497366,-0.00247010421799998,0.0016971493616997346,280,False
LEVEL_PLUS_JUMP,pooled,freight,physical_channel,b,0.75,24,-0.0006183374237060946,0.0013091361974867592,0.6371054019703241,-0.002771674846315649,0.00153499999890346,279,True
LEVEL_PLUS_JUMP,pooled,oil,asset_price,b,0.9,0,-0.006888042134725936,0.011612434987956697,0.5535609930433121,-0.025988797942404683,0.012212713672952812,303,True
LEVEL_PLUS_JUMP,pooled,oil,asset_price,b,0.9,1,-4.348196056014331e-05,0.003857739153731318,0.9910151498570805,-0.006388898199407804,0.0063019342782875175,302,True
LEVEL_PLUS_JUMP,pooled,oil,asset_price,b,0.9,2,0.022913163155500627,0.003463059800040243,1.9369433984130869e-10,0.017216936683054594,0.02860938962794666,301,True
LEVEL_PLUS_JUMP,pooled,oil,asset_price,b,0.9,3,-0.008363643529328613,0.012980682833944499,0.5199144174279511,-0.029714966769048935,0.01298767971039171,300,True
LEVEL_PLUS_JUMP,pooled,oil,asset_price,b,0.9,4,0.024462849013993093,0.003419260105120986,7.859549604385727e-12,0.018838666628594368,0.03008703139939182,299,True
LEVEL_PLUS_JUMP,pooled,oil,asset_price,b,0.9,5,0.0018892337735394449,0.012899191561301015,0.8836664457643166,-0.019328048250808354,0.023106515797887243,298,True
LEVEL_PLUS_JUMP,pooled,oil,asset_price,b,0.9,6,-0.0027943160100676323,0.003011071704279843,0.35423235286929794,-0.007747088223863283,0.0021584562037280184,297,True
LEVEL_PLUS_JUMP,pooled,oil,asset_price,b,0.9,7,-0.012493493612330653,0.002627523026633136,3.246130588182668e-06,-0.016815384392586674,-0.00817160283207463,296,True
LEVEL_PLUS_JUMP,pooled,oil,asset_price,b,0.9,8,-0.0005257206912423484,0.0037226709074873105,0.8878015529251745,-0.006648969435369579,0.005597528052884882,295,True
LEVEL_PLUS_JUMP,pooled,oil,asset_price,b,0.9,9,-0.0027840123772211456,0.011579509297270509,0.8101853971100622,-0.021830610243154833,0.016262585488712542,294,True
LEVEL_PLUS_JUMP,pooled,oil,asset_price,b,0.9,10,-0.006649006895273146,0.002668277896163538,0.01331893606982541,-0.011037933470492187,-0.0022600803200541067,293,True
LEVEL_PLUS_JUMP,pooled,oil,asset_price,b,0.9,11,-0.0034672444635006627,0.012677705629089412,0.7846892800329915,-0.024320214548931476,0.01738572562193015,292,True
LEVEL_PLUS_JUMP,pooled,oil,asset_price,b,0.9,12,-0.0017521977025580782,0.004250847842767302,0.6805289202178326,-0.008744220194352717,0.00523982478923656,291,True
LEVEL_PLUS_JUMP,pooled,oil,asset_price,b,0.9,13,-0.0063007198822901955,0.012117009122999234,0.603509827530728,-0.026231426286059564,0.013629986521479173,290,True
LEVEL_PLUS_JUMP,pooled,oil,asset_price,b,0.9,14,0.006320972644164868,0.011749814793807762,0.5910606074682949,-0.013005752835437891,0.025647698123767628,289,True
LEVEL_PLUS_JUMP,pooled,oil,asset_price,b,0.9,15,-0.0006989824022411995,0.010826000410797692,0.9485698415654846,-0.018506168443319912,0.017108203638837513,288,True
LEVEL_PLUS_JUMP,pooled,oil,asset_price,b,0.9,16,-0.0004971463197165349,0.011754232865666304,0.9662960477687073,-0.01983113888083995,0.01883684624140688,287,True
LEVEL_PLUS_JUMP,pooled,oil,asset_price,b,0.9,17,-0.017051287736236986,0.004055908159336406,3.617633079903811e-05,-0.023722662982703542,-0.01037991248977043,286,True
LEVEL_PLUS_JUMP,pooled,oil,asset_price,b,0.9,18,-0.004031237374618968,0.0022338925399597257,0.07231102615762967,-0.00770566362119156,-0.0003568111280463763,285,True
LEVEL_PLUS_JUMP,pooled,oil,asset_price,b,0.9,19,-0.0007108026862425731,0.0117374536748657,0.9517580676553068,-0.020017195934520306,0.01859559056203516,284,True
LEVEL_PLUS_JUMP,pooled,oil,asset_price,b,0.9,20,0.0027351243993027907,0.0030528397735103303,0.3711362247596489,-0.002286350174657387,0.0077565989732629684,283,True
LEVEL_PLUS_JUMP,pooled,oil,asset_price,b,0.9,21,-0.004567556834814468,0.003220011613208844,0.15727331686382573,-0.009864004615626896,0.0007288909459979599,282,True
LEVEL_PLUS_JUMP,pooled,oil,asset_price,b,0.9,22,-0.0032946701717690985,0.0023051695888147232,0.1541651337739367,-0.00708633673066923,0.0004969963871310329,281,True
LEVEL_PLUS_JUMP,pooled,oil,asset_price,b,0.9,23,-0.00840685757937365,0.0033119202183996975,0.011740050165316407,-0.013854481562782305,-0.0029592335959649956,280,True
LEVEL_PLUS_JUMP,pooled,oil,asset_price,b,0.9,24,0.005487369377433993,0.0026580774981507546,0.04000610736436875,0.0011152209638826292,0.009859517790985355,279,True
LEVEL_PLUS_JUMP,pooled,dxy,asset_price,b,0.9,0,0.002206077727747058,0.0007671635451685817,0.004347663788873043,0.0009442059880115667,0.003467949467482549,303,True
LEVEL_PLUS_JUMP,pooled,dxy,asset_price,b,0.9,1,0.0005954329407789061,0.0008008562985765841,0.45781887277458744,-0.0007218584466017195,0.0019127243281595316,302,True
LEVEL_PLUS_JUMP,pooled,dxy,asset_price,b,0.9,2,0.0005078183126621116,0.001967637715023552,0.796535550485906,-0.002728657719420885,0.0037442943447451083,301,True
LEVEL_PLUS_JUMP,pooled,dxy,asset_price,b,0.9,3,0.0007833924909110834,0.0006982266789540033,0.2628627734492181,-0.00036508819440068995,0.0019318731762228568,300,True
LEVEL_PLUS_JUMP,pooled,dxy,asset_price,b,0.9,4,-0.0012301586383225427,0.0006169861410118836,0.04717395848058675,-0.002245010530144732,-0.00021530674650035346,299,True
LEVEL_PLUS_JUMP,pooled,dxy,asset_price,b,0.9,5,0.0028022519698911452,0.000753863875370003,0.0002449149272784765,0.0015622562402611033,0.004042247699521187,298,True
LEVEL_PLUS_JUMP,pooled,dxy,asset_price,b,0.9,6,-0.002210375203013093,0.0007197607059426571,0.002352080351262029,-0.0033942762107200247,-0.0010264741953061613,297,True
LEVEL_PLUS_JUMP,pooled,dxy,asset_price,b,0.9,7,-0.0015563353569916227,0.00217259224321214,0.474399321577549,-0.005129931588125747,0.002017260874142501,296,True
LEVEL_PLUS_JUMP,pooled,dxy,asset_price,b,0.9,8,-0.0031238914766786863,0.002357658680807738,0.1863048351795986,-0.007001894908918917,0.0007541119555615453,295,True
LEVEL_PLUS_JUMP,pooled,dxy,asset_price,b,0.9,9,-0.0013121815900904998,0.0004569472164722993,0.004412417182403525,-0.0020637928764303407,-0.0005605703037506588,294,True
LEVEL_PLUS_JUMP,pooled,dxy,asset_price,b,0.9,10,-9.902880967160854e-05,0.0006280752719290411,0.8748366852597392,-0.0011321206987026239,0.0009340630793594068,293,True
LEVEL_PLUS_JUMP,pooled,dxy,asset_price,b,0.9,11,-0.00027913790275491124,0.0006771247433777594,0.6804980650025797,-0.0013929089927984036,0.0008346331872885811,292,True
LEVEL_PLUS_JUMP,pooled,dxy,asset_price,b,0.9,12,-0.0008227384522835335,0.0006761005362659974,0.2247377935432376,-0.0019348248715444947,0.00028934796697742773,291,True
LEVEL_PLUS_JUMP,pooled,dxy,asset_price,b,0.9,13,-0.0006253915311553726,0.0007754242328774217,0.4206772472864487,-0.0019008508930298627,0.0006500678307191175,290,True
LEVEL_PLUS_JUMP,pooled,dxy,asset_price,b,0.9,14,-0.002794489750478135,0.0021541030918668315,0.19567800317846695,-0.006337674033962673,0.0007486945330064027,289,True
LEVEL_PLUS_JUMP,pooled,dxy,asset_price,b,0.9,15,-0.001646425389282058,0.0006743553539854289,0.015294506175745669,-0.0027556412391391344,-0.0005372095394249813,288,True
LEVEL_PLUS_JUMP,pooled,dxy,asset_price,b,0.9,16,-0.0018571670668867668,0.000933400102929133,0.0476778214258605,-0.0033924736115866286,-0.0003218605221869048,287,True
LEVEL_PLUS_JUMP,pooled,dxy,asset_price,b,0.9,17,0.00020305966055556013,0.001082570496350908,0.8513597911239417,-0.0015776103467978863,0.001983729667909007,286,True
LEVEL_PLUS_JUMP,pooled,dxy,asset_price,b,0.9,18,-0.0008329417237824543,0.0009494688203792447,0.38115863441499576,-0.002394678956660591,0.000728795509095682,285,True
LEVEL_PLUS_JUMP,pooled,dxy,asset_price,b,0.9,19,-0.0024093448305602116,0.00241384126848539,0.3191553355005391,-0.0063797603959135476,0.0015610707347931243,284,True
LEVEL_PLUS_JUMP,pooled,dxy,asset_price,b,0.9,20,-0.00093253365605106,0.0026265033275790603,0.7228474244135911,-0.005252747180619588,0.0033876798685174682,283,True
LEVEL_PLUS_JUMP,pooled,dxy,asset_price,b,0.9,21,0.0008425927278992162,0.0007328794302092931,0.25134811940266016,-0.0003628866609986679,0.0020480721167971004,282,True
LEVEL_PLUS_JUMP,pooled,dxy,asset_price,b,0.9,22,-7.411609391994034e-05,0.0009472777031576788,0.9376980760907633,-0.0016322492596891084,0.0014840170718492278,281,True
LEVEL_PLUS_JUMP,pooled,dxy,asset_price,b,0.9,23,-0.002429160699186639,0.0008497224028558363,0.004608662070621054,-0.003826829675425981,-0.0010314917229472965,280,True
LEVEL_PLUS_JUMP,pooled,dxy,asset_price,b,0.9,24,-0.0012764618699261376,0.002327318033824711,0.5838573844750636,-0.005104559378932283,0.0025516356390800072,279,True
LEVEL_PLUS_JUMP,pooled,vix,asset_price,b,0.9,0,1.2534422709286446,0.1831768558820276,5.0398635709303054e-11,0.9521431551575243,1.5547413866997648,303,True
LEVEL_PLUS_JUMP,pooled,vix,asset_price,b,0.9,1,1.201889217380085,0.2994243506739889,7.71106449751559e-05,0.7093799881763849,1.6943984465837851,302,True
LEVEL_PLUS_JUMP,pooled,vix,asset_price,b,0.9,2,-0.09640154403678025,0.3322566246636654,0.7719279989877935,-0.6429150581934643,0.4501119701199038,301,True
LEVEL_PLUS_JUMP,pooled,vix,asset_price,b,0.9,3,-0.6046043988244492,0.3846524820990552,0.11715482037366824,-1.2373014291209663,0.028092631472068086,300,True
LEVEL_PLUS_JUMP,pooled,vix,asset_price,b,0.9,4,-0.9188178847598465,0.30433917847315833,0.002777265729029574,-1.4194112862948525,-0.4182244832248406,299,True
LEVEL_PLUS_JUMP,pooled,vix,asset_price,b,0.9,5,-0.45269978046417236,1.1292453122772714,0.6888203664172877,-2.31014302808139,1.4047434671530454,298,False
LEVEL_PLUS_JUMP,pooled,vix,asset_price,b,0.9,6,-0.5508430104891886,1.1393811025126968,0.6291637952717829,-2.424958149437165,1.3232721284587878,297,True
LEVEL_PLUS_JUMP,pooled,vix,asset_price,b,0.9,7,-0.31782177071727347,1.4252108267649246,0.8237055098620093,-2.662084968292066,2.0264414268575193,296,True
LEVEL_PLUS_JUMP,pooled,vix,asset_price,b,0.9,8,-0.7483396604657173,1.3053864102064605,0.5669439882284909,-2.895509231866976,1.3988299109355413,295,False
LEVEL_PLUS_JUMP,pooled,vix,asset_price,b,0.9,9,-0.3100521390533686,1.1580563309526097,0.7891108406168763,-2.2148852952348834,1.594781017128146,294,True
LEVEL_PLUS_JUMP,pooled,vix,asset_price,b,0.9,10,-0.41198861329758074,1.164536485749654,0.723785777509547,-2.3274806756002206,1.5035034490050592,293,True
LEVEL_PLUS_JUMP,pooled,vix,asset_price,b,0.9,11,0.4559437690768391,1.2490485524518973,0.7153791350393018,-1.5985582726621503,2.5104458108158285,292,False
LEVEL_PLUS_JUMP,pooled,vix,asset_price,b,0.9,12,-0.17170419542162563,1.3228286760318502,0.8968232626593104,-2.3475637410280283,2.004155350184777,291,True
LEVEL_PLUS_JUMP,pooled,vix,asset_price,b,0.9,13,-0.5581146574786544,1.3528349373135042,0.680272310224102,-2.7833301107854393,1.6671007958281305,290,True
LEVEL_PLUS_JUMP,pooled,vix,asset_price,b,0.9,14,-0.2772806804530319,1.2640249613584962,0.8265385146195088,-2.356416722700749,1.801855361794685,289,True
LEVEL_PLUS_JUMP,pooled,vix,asset_price,b,0.9,15,0.09408732286283339,1.110335564297445,0.932535105169194,-1.7322521572050287,1.9204268029306955,288,True
LEVEL_PLUS_JUMP,pooled,vix,asset_price,b,0.9,16,-0.1817949722656067,1.2730140478779322,0.8865538561771664,-2.2757167460777983,1.9121268015465849,287,True
LEVEL_PLUS_JUMP,pooled,vix,asset_price,b,0.9,17,-0.34167452905967366,1.232201144504936,0.7817810571098148,-2.3684650507323726,1.6851159926130252,286,False
LEVEL_PLUS_JUMP,pooled,vix,asset_price,b,0.9,18,-0.3957943098967007,1.2086682622176828,0.7435841968378625,-2.383876684786589,1.5922880649931879,285,True
LEVEL_PLUS_JUMP,pooled,vix,asset_price,b,0.9,19,-0.48876071928498277,1.318936019656858,0.7112627982463414,-2.6582174149345037,1.6806959763645382,284,True
LEVEL_PLUS_JUMP,pooled,vix,asset_price,b,0.9,20,-0.635846598240505,1.1800932240806101,0.5904876941935797,-2.5769272180103533,1.305234021529343,283,True
LEVEL_PLUS_JUMP,pooled,vix,asset_price,b,0.9,21,-0.4951865865559739,1.2952392746332908,0.7025490342358828,-2.625665605206536,1.6352924320945883,282,True
LEVEL_PLUS_JUMP,pooled,vix,asset_price,b,0.9,22,-0.650458258089202,1.1511708503892566,0.5725468359768092,-2.543965806592781,1.2430492904143773,281,True
LEVEL_PLUS_JUMP,pooled,vix,asset_price,b,0.9,23,0.04434689210211218,1.2313789913792033,0.9712997011154874,-1.981091308019816,2.0697850922240404,280,True
LEVEL_PLUS_JUMP,pooled,vix,asset_price,b,0.9,24,-0.5982836543626036,0.41218663033734776,0.1478929269855887,-1.2762703282538959,0.07970301952868863,279,True
LEVEL_PLUS_JUMP,pooled,us10y,asset_price,b,0.9,0,0.04599704060547083,0.011680917135176504,0.00010428275135086334,0.026783641689556156,0.0652104395213855,303,True
LEVEL_PLUS_JUMP,pooled,us10y,asset_price,b,0.9,1,0.044485155555918254,0.008416152890460455,2.5601075508212415e-07,0.03064181594906626,0.05832849516277025,302,True
LEVEL_PLUS_JUMP,pooled,us10y,asset_price,b,0.9,2,0.0007198753575785588,0.027277382736181435,0.9789648132811108,-0.04414742656977295,0.045587177284930065,301,True
LEVEL_PLUS_JUMP,pooled,us10y,asset_price,b,0.9,3,-0.024842576761159307,0.008120965145883917,0.0024418436553033536,-0.03820037573571296,-0.011484777786605655,300,True
LEVEL_PLUS_JUMP,pooled,us10y,asset_price,b,0.9,4,-0.0020682294831431136,0.010392680729418362,0.8424054956307605,-0.01916266807467558,0.015026209108389352,299,True
LEVEL_PLUS_JUMP,pooled,us10y,asset_price,b,0.9,5,0.03190507554848043,0.011402836122409981,0.005512367849808138,0.013149079195001113,0.05066107190195975,298,True
LEVEL_PLUS_JUMP,pooled,us10y,asset_price,b,0.9,6,0.047111788708207314,0.010159579221349706,5.516577642853495e-06,0.030400767977669437,0.06382280943874519,297,True
LEVEL_PLUS_JUMP,pooled,us10y,asset_price,b,0.9,7,-0.015341549082897643,0.00951202421702265,0.10795213939944279,-0.030987436615917588,0.00030433845012230176,296,True
LEVEL_PLUS_JUMP,pooled,us10y,asset_price,b,0.9,8,-0.004715060400080517,0.010318822740254429,0.6480872685032549,-0.021688013410257344,0.01225789261009631,295,True
LEVEL_PLUS_JUMP,pooled,us10y,asset_price,b,0.9,9,-0.028503255660695004,0.029410000927663056,0.3333413620099231,-0.07687840235520774,0.019871891033817736,294,True
LEVEL_PLUS_JUMP,pooled,us10y,asset_price,b,0.9,10,0.02752234210493043,0.010107943307360805,0.006901956933897978,0.010896254894798153,0.04414842931506271,293,False
LEVEL_PLUS_JUMP,pooled,us10y,asset_price,b,0.9,11,-0.026864829358920872,0.011110606535475877,0.0162859289392298,-0.045140150816429095,-0.008589507901412646,292,True
LEVEL_PLUS_JUMP,pooled,us10y,asset_price,b,0.9,12,-0.006601305879087249,0.031438314075748666,0.8338486177688079,-0.058312730811821964,0.045110119053647466,291,True
LEVEL_PLUS_JUMP,pooled,us10y,asset_price,b,0.9,13,0.00892952187937368,0.03260907110942754,0.7844267856355728,-0.04470762700648667,0.06256667076523403,290,True
LEVEL_PLUS_JUMP,pooled,us10y,asset_price,b,0.9,14,-0.01026137487201595,0.010724752210884139,0.3395568110222802,-0.027902022444244546,0.0073792727002126475,289,True
LEVEL_PLUS_JUMP,pooled,us10y,asset_price,b,0.9,15,-0.009617251943197402,0.009367859805560713,0.3055525983252108,-0.025026010121146854,0.0057915062347520495,288,True
LEVEL_PLUS_JUMP,pooled,us10y,asset_price,b,0.9,16,-0.034637985312684805,0.031240851677594324,0.2685707925318232,-0.0860246135036288,0.016748642878259203,287,True
LEVEL_PLUS_JUMP,pooled,us10y,asset_price,b,0.9,17,-0.006491860912518632,0.028978099717681182,0.822914019490375,-0.05415659333530796,0.041172871510270694,286,True
LEVEL_PLUS_JUMP,pooled,us10y,asset_price,b,0.9,18,0.04082369533284691,0.00909576212493735,1.0847286016726836e-05,0.02586249801175588,0.05578489265393794,285,True
LEVEL_PLUS_JUMP,pooled,us10y,asset_price,b,0.9,19,-0.005055368562580043,0.010953509901154651,0.644810638987894,-0.02307228905134313,0.012961551926183045,284,True
LEVEL_PLUS_JUMP,pooled,us10y,asset_price,b,0.9,20,-0.005320689060393846,0.007029372217470334,0.44979516455880186,-0.016882977447491836,0.006241599326704145,283,True
LEVEL_PLUS_JUMP,pooled,us10y,asset_price,b,0.9,21,0.023457966639057304,0.031861834423138044,0.46226386356252336,-0.028950087273168577,0.07586602055128319,282,True
LEVEL_PLUS_JUMP,pooled,us10y,asset_price,b,0.9,22,0.0004604054143628744,0.010531613344138983,0.96516485898863,-0.016862556992394657,0.017783367821120406,281,True
LEVEL_PLUS_JUMP,pooled,us10y,asset_price,b,0.9,23,-0.04308860858323271,0.009438215866723892,7.802355222118832e-06,-0.05861309218356444,-0.027564124982900985,280,True
LEVEL_PLUS_JUMP,pooled,us10y,asset_price,b,0.9,24,0.023990746610358826,0.010946899900098558,0.02933080569657491,0.005984698605807005,0.04199679461491065,279,True
LEVEL_PLUS_JUMP,pooled,ip,real_macro,b,0.9,0,-0.059015186884550985,0.019399285917182024,0.0025760687969496373,-0.09092417268569646,-0.027106201083405515,303,True
LEVEL_PLUS_JUMP,pooled,ip,real_macro,b,0.9,1,-0.05643479197752743,0.06862935037360217,0.4116139203803101,-0.16932002785487033,0.056450443899815475,302,True
LEVEL_PLUS_JUMP,pooled,ip,real_macro,b,0.9,2,-0.0525288377679658,0.06510747947669127,0.4204829358620378,-0.15962111152686997,0.054563435990938366,301,True
LEVEL_PLUS_JUMP,pooled,ip,real_macro,b,0.9,3,-0.0005528071986589111,0.016104354300814968,0.9726419164206231,-0.027042112780065953,0.02593649838274813,300,True
LEVEL_PLUS_JUMP,pooled,ip,real_macro,b,0.9,4,-0.03766980185719149,0.07416786402878399,0.6119371396382087,-0.15966508200818047,0.08432547829379748,299,True
LEVEL_PLUS_JUMP,pooled,ip,real_macro,b,0.9,5,-0.012803399400972637,0.07436367535818668,0.8634306912221817,-0.1351207605273278,0.10951396172538254,298,True
LEVEL_PLUS_JUMP,pooled,ip,real_macro,b,0.9,6,-0.002628577117803843,0.06949037359560946,0.9698540776171433,-0.11693007016475487,0.11167291592914719,297,True
LEVEL_PLUS_JUMP,pooled,ip,real_macro,b,0.9,7,0.0034121735485967974,0.07468338352591038,0.9635925361252304,-0.11943106071700471,0.1262554078141983,296,True
LEVEL_PLUS_JUMP,pooled,ip,real_macro,b,0.9,8,-0.004295788320177962,0.07448069655209905,0.9540494271687904,-0.1268056321817701,0.11821405554141416,295,True
LEVEL_PLUS_JUMP,pooled,ip,real_macro,b,0.9,9,0.061912330210475375,0.02217881362955541,0.005626587098642153,0.025431428170420413,0.09839323225053034,294,True
LEVEL_PLUS_JUMP,pooled,ip,real_macro,b,0.9,10,-0.018560352775239153,0.024299389916289466,0.4456542108530405,-0.05852929241175591,0.021408586861277605,293,True
LEVEL_PLUS_JUMP,pooled,ip,real_macro,b,0.9,11,-0.037757134391412706,0.07506431273845485,0.6153856569353414,-0.16122694145387975,0.08571267267105434,292,True
LEVEL_PLUS_JUMP,pooled,ip,real_macro,b,0.9,12,-0.073529688509538,0.07237017305695276,0.31055266956319094,-0.19256803014537247,0.045508653126296456,291,True
LEVEL_PLUS_JUMP,pooled,ip,real_macro,b,0.9,13,-0.015560719159850578,0.01665371030778796,0.3509736612713571,-0.04295363496181472,0.011832196642113567,290,True
LEVEL_PLUS_JUMP,pooled,ip,real_macro,b,0.9,14,-0.05679172452917669,0.07051031425638216,0.4212998199849862,-0.17277087067127497,0.05918742161292159,289,True
LEVEL_PLUS_JUMP,pooled,ip,real_macro,b,0.9,15,-0.005820851961061635,0.017830617542153905,0.7443445502046964,-0.03514960789605803,0.02350790397393476,288,True
LEVEL_PLUS_JUMP,pooled,ip,real_macro,b,0.9,16,-0.02916479097977387,0.07455708568891921,0.6959902528018889,-0.15180028379012434,0.0934707018305766,287,True
LEVEL_PLUS_JUMP,pooled,ip,real_macro,b,0.9,17,-0.045547618136996704,0.07514547547611845,0.5449640634452676,-0.16915092602288306,0.07805568974888964,286,True
LEVEL_PLUS_JUMP,pooled,ip,real_macro,b,0.9,18,-0.09055862686841465,0.07242378322755216,0.2122911039975924,-0.20968514938780103,0.02856789565097173,285,True
LEVEL_PLUS_JUMP,pooled,ip,real_macro,b,0.9,19,-0.04159205503856356,0.0744744700433338,0.5770088863185999,-0.16409165720462993,0.0809075471275028,284,False
LEVEL_PLUS_JUMP,pooled,ip,real_macro,b,0.9,20,-0.08052412998199543,0.018295210468037074,1.5827135221018125e-05,-0.11061707327618675,-0.05043118668780411,283,True
LEVEL_PLUS_JUMP,pooled,ip,real_macro,b,0.9,21,-0.03537590626072529,0.013423044095387108,0.00891917533943008,-0.05745484902575232,-0.013296963495698259,282,True
LEVEL_PLUS_JUMP,pooled,ip,real_macro,b,0.9,22,0.040128014935362444,0.018260336041367387,0.028887791002927012,0.01009243496836661,0.07016359490235828,281,True
LEVEL_PLUS_JUMP,pooled,ip,real_macro,b,0.9,23,-0.019552684239897644,0.023297989072825515,0.40212814813155456,-0.05787446606701046,0.01876909758721517,280,True
LEVEL_PLUS_JUMP,pooled,ip,real_macro,b,0.9,24,0.0006455156690208241,0.07058098870855362,0.9927101184648773,-0.1154498796020645,0.11674091094010615,279,False
LEVEL_PLUS_JUMP,pooled,cpi,real_macro,b,0.9,0,-0.036317325262018585,0.027951565674250334,0.19493097765262693,-0.08229355944028152,0.009658908916244352,303,True
LEVEL_PLUS_JUMP,pooled,cpi,real_macro,b,0.9,1,-0.02428488480222768,0.03581270323812445,0.4982753937379277,-0.08319153961439342,0.03462177000993806,302,True
LEVEL_PLUS_JUMP,pooled,cpi,real_macro,b,0.9,2,0.07730589756829431,0.012385108023048463,1.6456695461549144e-09,0.056934207716397275,0.09767758742019135,301,True
LEVEL_PLUS_JUMP,pooled,cpi,real_macro,b,0.9,3,0.0365054474682438,0.011096260025979859,0.0011344677288141472,0.018253723918914194,0.05475717101757341,300,True
LEVEL_PLUS_JUMP,pooled,cpi,real_macro,b,0.9,4,-0.008102992048016233,0.030752324174536164,0.7923716084447219,-0.05868606400368948,0.042480079907657016,299,True
LEVEL_PLUS_JUMP,pooled,cpi,real_macro,b,0.9,5,-0.006075196196913879,0.03084851105960511,0.8440254331633054,-0.056816481499357946,0.04466608910553019,298,True
LEVEL_PLUS_JUMP,pooled,cpi,real_macro,b,0.9,6,-0.0028688053104701794,0.03524198838212884,0.9351819576112068,-0.06083671772179644,0.05509910710085608,297,True
LEVEL_PLUS_JUMP,pooled,cpi,real_macro,b,0.9,7,-0.02774415736038094,0.03248440272167207,0.3938255004410005,-0.08117624499647552,0.025687930275713644,296,True
LEVEL_PLUS_JUMP,pooled,cpi,real_macro,b,0.9,8,-0.02338489252529996,0.03501872722088537,0.5048492447617349,-0.0809855730057975,0.03421578795519759,295,True
LEVEL_PLUS_JUMP,pooled,cpi,real_macro,b,0.9,9,-0.022419183974761836,0.0365651826179327,0.540314742753498,-0.08256355722401136,0.03772518927448769,294,True
LEVEL_PLUS_JUMP,pooled,cpi,real_macro,b,0.9,10,-0.014865590240162874,0.036872245755484784,0.6871521030986265,-0.07551503740491805,0.045783856924592296,293,True
LEVEL_PLUS_JUMP,pooled,cpi,real_macro,b,0.9,11,-0.028789955195065886,0.03439466702405059,0.4033231832775616,-0.08536414799736369,0.027784237607231928,292,True
LEVEL_PLUS_JUMP,pooled,cpi,real_macro,b,0.9,12,-0.010361741844583605,0.034020830662926264,0.7609341451011732,-0.06632102855239973,0.04559754486323252,291,True
LEVEL_PLUS_JUMP,pooled,cpi,real_macro,b,0.9,13,-0.020333126431474113,0.03309171682926731,0.5394527912469186,-0.07476415688014551,0.03409790401719729,290,True
LEVEL_PLUS_JUMP,pooled,cpi,real_macro,b,0.9,14,-0.012347871574917235,0.03160146336184884,0.6963101430682305,-0.06432765320262837,0.039631910052793894,289,True
LEVEL_PLUS_JUMP,pooled,cpi,real_macro,b,0.9,15,0.005241089040509905,0.03556079282581577,0.8829432216083681,-0.053251210016303056,0.06373338809732287,288,True
LEVEL_PLUS_JUMP,pooled,cpi,real_macro,b,0.9,16,0.008419577208666595,0.011913018149591174,0.4803545025165751,-0.011175593902627162,0.028014748319960352,287,True
LEVEL_PLUS_JUMP,pooled,cpi,real_macro,b,0.9,17,-0.021777354413572425,0.012807411074542988,0.0902661370861088,-0.04284367097139291,-0.0007110378557519392,286,True
LEVEL_PLUS_JUMP,pooled,cpi,real_macro,b,0.9,18,-0.04228150539836406,0.010199423018722622,4.6085838635799914e-05,-0.0590580633435223,-0.025504947453205824,285,True
LEVEL_PLUS_JUMP,pooled,cpi,real_macro,b,0.9,19,-0.034114656218662276,0.008185627357151361,4.2136209045396354e-05,-0.047578815065945884,-0.020650497371378668,284,False
LEVEL_PLUS_JUMP,pooled,cpi,real_macro,b,0.9,20,-0.011557734418836674,0.034941876055725955,0.7410896286218114,-0.06903200598158632,0.045916537143912965,283,True
LEVEL_PLUS_JUMP,pooled,cpi,real_macro,b,0.9,21,-0.018671743145361575,0.010698398983299783,0.0821447573811831,-0.03626904351561616,-0.001074442775106984,282,True
LEVEL_PLUS_JUMP,pooled,cpi,real_macro,b,0.9,22,-0.00957497108977634,0.0389515969066158,0.8060230687164502,-0.07364464653717509,0.05449470435762241,281,True
LEVEL_PLUS_JUMP,pooled,cpi,real_macro,b,0.9,23,-0.0193186314184004,0.01136963335133881,0.09052634092196984,-0.038020014073458466,-0.000617248763342338,280,True
LEVEL_PLUS_JUMP,pooled,cpi,real_macro,b,0.9,24,-0.02185275441365775,0.012437567068309471,0.0801377619547612,-0.042310731716418776,-0.0013947771108967257,279,True
LEVEL_PLUS_JUMP,pooled,infl_exp,real_macro,b,0.9,0,-0.006856233251369304,0.011792439378166946,0.5614409124215997,-0.026253069933152566,0.012540603430413959,303,True
LEVEL_PLUS_JUMP,pooled,infl_exp,real_macro,b,0.9,1,-0.05410507656782926,0.04546011813783559,0.23501141179732615,-0.12888031676849054,0.020670163632832014,302,True
LEVEL_PLUS_JUMP,pooled,infl_exp,real_macro,b,0.9,2,0.04350623420911859,0.04241556693790759,0.30593446828026827,-0.02626116490790166,0.11327363332613884,301,True
LEVEL_PLUS_JUMP,pooled,infl_exp,real_macro,b,0.9,3,-0.015293315109175865,0.045703073024907226,0.7381671196522629,-0.0904681805370225,0.059881550318670776,300,True
LEVEL_PLUS_JUMP,pooled,infl_exp,real_macro,b,0.9,4,-0.030184505090460334,0.00957464929450829,0.0018003695278586036,-0.04593340170932065,-0.014435608471600019,299,True
LEVEL_PLUS_JUMP,pooled,infl_exp,real_macro,b,0.9,5,0.002184211625845478,0.044742054251740694,0.9611005356798309,-0.07140991858738974,0.07577834183908069,298,True
LEVEL_PLUS_JUMP,pooled,infl_exp,real_macro,b,0.9,6,-0.007623891342518618,0.014856242078922551,0.6082482530142518,-0.032060235008903454,0.01681245232386622,297,True
LEVEL_PLUS_JUMP,pooled,infl_exp,real_macro,b,0.9,7,-0.014065285981587294,0.04649233843838885,0.7624834100467505,-0.09053837748742653,0.062407805524251944,296,False
LEVEL_PLUS_JUMP,pooled,infl_exp,real_macro,b,0.9,8,-0.0011245555380696715,0.044199405434240495,0.9797207974991148,-0.07382610787567875,0.07157699679953941,295,True
LEVEL_PLUS_JUMP,pooled,infl_exp,real_macro,b,0.9,9,-0.01168674910586276,0.04171845489042481,0.7795925860787573,-0.08030750094318939,0.05693400273146387,294,True
LEVEL_PLUS_JUMP,pooled,infl_exp,real_macro,b,0.9,10,-0.01043695225368424,0.01595920216565663,0.5136936825261602,-0.03668750381911634,0.015813599311747858,293,True
LEVEL_PLUS_JUMP,pooled,infl_exp,real_macro,b,0.9,11,-0.03109891904750839,0.014235227042899255,0.029794508918255736,-0.05451378387949891,-0.00768405421551787,292,False
LEVEL_PLUS_JUMP,pooled,infl_exp,real_macro,b,0.9,12,0.060490969332590794,0.015690023493831022,0.00014533099344458877,0.03468317728180903,0.08629876138337256,291,True
LEVEL_PLUS_JUMP,pooled,infl_exp,real_macro,b,0.9,13,-0.0265933717406881,0.014422800834368244,0.06633524095142619,-0.05031676800389742,-0.002869975477478772,290,True
LEVEL_PLUS_JUMP,pooled,infl_exp,real_macro,b,0.9,14,-0.011265104131239934,0.04650228780063254,0.8087779469199416,-0.08775456088165157,0.0652243526191717,289,True
LEVEL_PLUS_JUMP,pooled,infl_exp,real_macro,b,0.9,15,-0.009235296900101275,0.04875095800059706,0.849897137741295,-0.08942348698474224,0.07095289318453969,288,True
LEVEL_PLUS_JUMP,pooled,infl_exp,real_macro,b,0.9,16,-0.013075503241838149,0.048276748160142643,0.7867261702184856,-0.0924836875504716,0.0663326810667953,287,True
LEVEL_PLUS_JUMP,pooled,infl_exp,real_macro,b,0.9,17,0.005709516451901209,0.04931173751266396,0.9079136987016533,-0.07540107384708307,0.08682010675088549,286,True
LEVEL_PLUS_JUMP,pooled,infl_exp,real_macro,b,0.9,18,0.0077873235874790225,0.017416182676069696,0.655156722138199,-0.020859747654903612,0.03643439482986166,285,True
LEVEL_PLUS_JUMP,pooled,infl_exp,real_macro,b,0.9,19,0.040247482187680816,0.014412817842133724,0.00562530581515116,0.01654050648545627,0.06395445788990536,284,True
LEVEL_PLUS_JUMP,pooled,infl_exp,real_macro,b,0.9,20,0.005480742313238807,0.0536622964342186,0.9187306203663397,-0.0827858806071307,0.09374736523360831,283,True
LEVEL_PLUS_JUMP,pooled,infl_exp,real_macro,b,0.9,21,-0.04185569128208044,0.05499692621407277,0.447330118958387,-0.13231758483648054,0.048606202272319654,282,False
LEVEL_PLUS_JUMP,pooled,infl_exp,real_macro,b,0.9,22,0.005061336884942591,0.05468971831046804,0.9263371622238095,-0.0848952446349851,0.09501791840487028,281,True
LEVEL_PLUS_JUMP,pooled,infl_exp,real_macro,b,0.9,23,-0.006603391479835352,0.009081084138432555,0.4678035808357627,-0.021540445661587623,0.00833366270191692,280,True
LEVEL_PLUS_JUMP,pooled,infl_exp,real_macro,b,0.9,24,-0.046273404604427526,0.04390152074124061,0.2928839436348447,-0.11848498022434242,0.02593817101548737,279,True
LEVEL_PLUS_JUMP,pooled,freight,physical_channel,b,0.9,0,0.001748563808739334,0.0010146728521252717,0.08596222582590596,7.95754877518861e-05,0.003417552129726782,303,True
LEVEL_PLUS_JUMP,pooled,freight,physical_channel,b,0.9,1,0.013967529139335966,0.0011654751442609667,6.845825151460064e-27,0.012050493121176524,0.01588456515749541,302,False
LEVEL_PLUS_JUMP,pooled,freight,physical_channel,b,0.9,2,-0.0008337496047541304,0.0008271357469056832,0.31434891119177066,-0.0021942668380331583,0.0005267676285248975,301,True
LEVEL_PLUS_JUMP,pooled,freight,physical_channel,b,0.9,3,-0.001711727949374131,0.0028236170726885996,0.544875475947085,-0.0063561647325080725,0.0029327088337598103,300,True
LEVEL_PLUS_JUMP,pooled,freight,physical_channel,b,0.9,4,0.0016173513219719382,0.0009788898779304587,0.09964576273061924,7.220755871939315e-06,0.003227481888071937,299,True
LEVEL_PLUS_JUMP,pooled,freight,physical_channel,b,0.9,5,-0.0018456833042108656,0.000851432192675112,0.031052371257625742,-0.003246164634435768,-0.00044520197398596295,298,True
LEVEL_PLUS_JUMP,pooled,freight,physical_channel,b,0.9,6,-0.001544533042106,0.0007362011329963654,0.036840084818428084,-0.002755476145880855,-0.0003335899383311452,297,True
LEVEL_PLUS_JUMP,pooled,freight,physical_channel,b,0.9,7,0.0001023097963983588,0.003200156992396002,0.974519577768347,-0.00516148003935832,0.0053660996321550376,296,True
LEVEL_PLUS_JUMP,pooled,freight,physical_channel,b,0.9,8,0.0001503301282612668,0.0035140357083138203,0.9659089538020044,-0.005629744251795707,0.00593040450831824,295,True
LEVEL_PLUS_JUMP,pooled,freight,physical_channel,b,0.9,9,-0.0010422977125656985,0.0036015651970506156,0.7724997233941681,-0.006966345289636597,0.0048817498645052,294,True
LEVEL_PLUS_JUMP,pooled,freight,physical_channel,b,0.9,10,-0.0008257994848741568,0.0009329443455935039,0.3768759877122975,-0.002360356375467499,0.0007087574057191859,293,True
LEVEL_PLUS_JUMP,pooled,freight,physical_channel,b,0.9,11,0.0002583454511739802,0.0030788718573181483,0.9331922735087408,-0.004805948090254592,0.005322638992602552,292,True
LEVEL_PLUS_JUMP,pooled,freight,physical_channel,b,0.9,12,0.00031458716045307256,0.0034873951902399934,0.9281914503007743,-0.0054216674668263,0.006050841787732445,291,True
LEVEL_PLUS_JUMP,pooled,freight,physical_channel,b,0.9,13,-0.0008636671311523791,0.0010274865444296706,0.4013592577806968,-0.0025537321004013578,0.0008263978380965995,290,True
LEVEL_PLUS_JUMP,pooled,freight,physical_channel,b,0.9,14,0.00031130150431302184,0.0009037663142401045,0.730785932822643,-0.001175261795581378,0.0017978648042074217,289,True
LEVEL_PLUS_JUMP,pooled,freight,physical_channel,b,0.9,15,0.0002756242424735156,0.001161489214324673,0.812609033834524,-0.0016348555043734386,0.0021861039893204697,288,True
LEVEL_PLUS_JUMP,pooled,freight,physical_channel,b,0.9,16,0.0006278158527663891,0.0010168124356112293,0.5374901226399877,-0.0010446917698781017,0.00230032347541088,287,True
LEVEL_PLUS_JUMP,pooled,freight,physical_channel,b,0.9,17,-0.0009559792870277306,0.0028175957884960146,0.7346680286528076,-0.005590511939018593,0.003678553364963132,286,False
LEVEL_PLUS_JUMP,pooled,freight,physical_channel,b,0.9,18,-0.001457280219510082,0.0025871980465605863,0.573744982754085,-0.0057128423100370265,0.0027982818710168625,285,True
LEVEL_PLUS_JUMP,pooled,freight,physical_channel,b,0.9,19,0.0033377650267203407,0.002447038578604695,0.17376503124410705,-0.000687255254587767,0.007362785308028448,284,True
LEVEL_PLUS_JUMP,pooled,freight,physical_channel,b,0.9,20,0.00019280059657944548,0.0009822315115471617,0.844540823031293,-0.0014228264676949302,0.0018084276608538211,283,True
LEVEL_PLUS_JUMP,pooled,freight,physical_channel,b,0.9,21,-0.0002997164519955575,0.0007863557373079142,0.7034134240591025,-0.0015931565385805793,0.0009937236345894643,282,True
LEVEL_PLUS_JUMP,pooled,freight,physical_channel,b,0.9,22,-0.0002232440542808689,0.002532936318228458,0.9298379362772689,-0.004389553544156056,0.003943065435594318,281,True
LEVEL_PLUS_JUMP,pooled,freight,physical_channel,b,0.9,23,-0.0007271466420482042,0.0026848864274094525,0.7867438115965917,-0.005143391820125423,0.0036890985360290146,280,True
LEVEL_PLUS_JUMP,pooled,freight,physical_channel,b,0.9,24,-0.0006175816732469919,0.0029226390767633707,0.8328171633903256,-0.005424895158931325,0.004189731812437341,279,True
