measure,channel,outcome,family,battery,tau,horizon,beta,se,pvalue,ci_low,ci_high,nobs,converged
LEVEL,pooled,oil,asset_price,a,0.1,0,-0.030945348338775602,0.04614326438891243,0.5029769417269871,-0.10684426412825893,0.04495356745070772,309,True
LEVEL,pooled,oil,asset_price,a,0.1,1,-0.026431117466213294,0.04766079947482788,0.5796123283940526,-0.10482615634579076,0.05196392141336417,308,True
LEVEL,pooled,oil,asset_price,a,0.1,2,-0.002758370548674449,0.04435893945434234,0.9504595220215254,-0.0757223329978702,0.07020559190052131,307,True
LEVEL,pooled,oil,asset_price,a,0.1,3,0.03820079318450098,0.06961083945593505,0.5835781942907635,-0.07629884856973043,0.1527004349387324,306,True
LEVEL,pooled,oil,asset_price,a,0.1,4,0.03184202446731632,0.038361388499184475,0.4071886771980515,-0.03125684454046175,0.09494089347509439,305,True
LEVEL,pooled,oil,asset_price,a,0.1,5,-0.04432638170709424,0.031040595261836747,0.15436405627564795,-0.0953836174062591,0.006730853992070615,304,True
LEVEL,pooled,oil,asset_price,a,0.1,6,-0.01989479756281476,0.04166711098721561,0.6333883418510979,-0.08843109619472589,0.04864150106909637,303,True
LEVEL,pooled,oil,asset_price,a,0.1,7,-0.014920032576497988,0.049946655888146584,0.765369614873999,-0.097074970668213,0.06723490551521702,302,True
LEVEL,pooled,oil,asset_price,a,0.1,8,0.03010476280386598,0.043014086116627555,0.4845682170025174,-0.040647112755071824,0.10085663836280379,301,True
LEVEL,pooled,oil,asset_price,a,0.1,9,0.060889282520392385,0.03364512299491964,0.07138412098416948,0.0055479799329704385,0.11623058510781434,300,True
LEVEL,pooled,oil,asset_price,a,0.1,10,0.08303227596431384,0.06816311598482197,0.2241779258818043,-0.029086072587634446,0.19515062451626214,299,True
LEVEL,pooled,oil,asset_price,a,0.1,11,-0.03344985522741695,0.03489458131839818,0.33857694506863123,-0.09084633386993726,0.023946623415103375,298,True
LEVEL,pooled,oil,asset_price,a,0.1,12,-0.018799166599006156,0.06871626355760542,0.784609519205213,-0.13182736194228672,0.0942290287442744,297,True
LEVEL,pooled,oil,asset_price,a,0.1,13,0.06593354371907179,0.0388371648001751,0.09066908823914513,0.0020520923369917177,0.12981499510115185,296,True
LEVEL,pooled,oil,asset_price,a,0.1,14,0.038633320757620826,0.04165547829355049,0.35448950990955197,-0.02988384379592403,0.10715048531116568,295,True
LEVEL,pooled,oil,asset_price,a,0.1,15,-0.07005335524104339,0.029960492697056678,0.02008141093897497,-0.11933398031905015,-0.020772730163036622,294,True
LEVEL,pooled,oil,asset_price,a,0.1,16,0.011124843215732483,0.03081675514140491,0.718372770456363,-0.03956420824948281,0.06181389468094778,293,True
LEVEL,pooled,oil,asset_price,a,0.1,17,-0.07227749166467845,0.03538763529348056,0.04205018204523711,-0.13048497192639588,-0.014070011402961026,292,True
LEVEL,pooled,oil,asset_price,a,0.1,18,-0.014286445172000839,0.0726762897662643,0.8443031678745853,-0.13382830398741682,0.10525541364341515,291,True
LEVEL,pooled,oil,asset_price,a,0.1,19,0.05275250732498371,0.03614239817703273,0.1455443908505226,-0.006696447403232851,0.11220146205320028,290,True
LEVEL,pooled,oil,asset_price,a,0.1,20,0.04740070907973859,0.03615114122880497,0.1908901897453486,-0.01206262668889617,0.10686404484837335,289,False
LEVEL,pooled,oil,asset_price,a,0.1,21,-0.03218118109160173,0.03291399224180232,0.32906757715913404,-0.08631988060798289,0.02195751842477943,288,True
LEVEL,pooled,oil,asset_price,a,0.1,22,-0.0470630638422449,0.033220365829701594,0.1577127492805905,-0.10170570306588432,0.007579575381394518,287,True
LEVEL,pooled,oil,asset_price,a,0.1,23,-0.0024155924702196074,0.08238715604713887,0.9766308669777343,-0.1379304049085729,0.13309921996813368,286,True
LEVEL,pooled,oil,asset_price,a,0.1,24,0.06059878773991656,0.06836701841398807,0.37620158835463346,-0.0518549504621898,0.17305252594202292,285,True
LEVEL,pooled,dxy,asset_price,a,0.1,0,-0.008473342590455957,0.006417848549026241,0.18776576438128526,-0.01902976405354701,0.0020830788726350982,309,False
LEVEL,pooled,dxy,asset_price,a,0.1,1,-0.010704126740246345,0.004804656599278575,0.02664604757804772,-0.018607083573826035,-0.002801169906666654,308,True
LEVEL,pooled,dxy,asset_price,a,0.1,2,0.005085262144921679,0.0047473658439103,0.2849720555532708,-0.0027234597818997144,0.012893984071743072,307,True
LEVEL,pooled,dxy,asset_price,a,0.1,3,0.00015586374169851425,0.004654992821806109,0.973312192534372,-0.007500918084682333,0.007812645568079361,306,True
LEVEL,pooled,dxy,asset_price,a,0.1,4,0.010517335714588683,0.005627764021165208,0.06265094084937389,0.0012604876527480893,0.019774183776429276,305,False
LEVEL,pooled,dxy,asset_price,a,0.1,5,-0.0018214480346170348,0.007020241748161752,0.7954670539172747,-0.013368718136157037,0.009725822066922967,304,True
LEVEL,pooled,dxy,asset_price,a,0.1,6,-0.004016185900887148,0.010968542864177089,0.7145173753560511,-0.02205783341340152,0.014025461611627224,303,True
LEVEL,pooled,dxy,asset_price,a,0.1,7,-0.016234231676511834,0.006195775990468493,0.009253686122194914,-0.026425376286212787,-0.006043087066810882,302,True
LEVEL,pooled,dxy,asset_price,a,0.1,8,-0.008304428912317086,0.01315836515037773,0.5284682500700565,-0.029948013554667748,0.013339155730033577,301,True
LEVEL,pooled,dxy,asset_price,a,0.1,9,7.051483339592934e-05,0.006297654007947749,0.991074079487342,-0.010288204202862401,0.01042923386965426,300,True
LEVEL,pooled,dxy,asset_price,a,0.1,10,-0.0007571777231305532,0.0051625214364821,0.8834976132669182,-0.00924876983214286,0.007734414385881754,299,True
LEVEL,pooled,dxy,asset_price,a,0.1,11,0.00346345324567518,0.005667506224476228,0.541617488363403,-0.0058587649234245875,0.012785671414774947,298,True
LEVEL,pooled,dxy,asset_price,a,0.1,12,0.007333748247550176,0.010938304063422387,0.5031082784766087,-0.010658160863868164,0.025325657358968516,297,True
LEVEL,pooled,dxy,asset_price,a,0.1,13,-0.00498669043427169,0.005190414515931027,0.33750095131351554,-0.01352416257618241,0.00355078170763903,296,True
LEVEL,pooled,dxy,asset_price,a,0.1,14,-0.005452904327803987,0.005174275472127495,0.2928574228838996,-0.013963830104978939,0.003058021449370965,295,True
LEVEL,pooled,dxy,asset_price,a,0.1,15,0.004512089526178986,0.01041781631316759,0.6652662760218652,-0.01262369342144894,0.021647872473806912,294,True
LEVEL,pooled,dxy,asset_price,a,0.1,16,0.010081729148197827,0.011382877892481949,0.3765459928550895,-0.008641438838396836,0.02880489713479249,293,True
LEVEL,pooled,dxy,asset_price,a,0.1,17,0.0033262380299525773,0.006066679164275609,0.5839397528629363,-0.006652561196957084,0.013305037256862239,292,True
LEVEL,pooled,dxy,asset_price,a,0.1,18,-0.0043309846648522665,0.0067252132776195,0.5201133775059597,-0.0153929761165669,0.006731006786862366,291,True
LEVEL,pooled,dxy,asset_price,a,0.1,19,-0.008332337542326762,0.006720067754412006,0.2160586199622058,-0.019385865361530984,0.0027211902768774603,290,True
LEVEL,pooled,dxy,asset_price,a,0.1,20,-0.006113592379493049,0.006452692858570912,0.34424222358784196,-0.016727327631517276,0.004500142872531178,289,True
LEVEL,pooled,dxy,asset_price,a,0.1,21,0.0013070636328857965,0.005655578677177585,0.8174014371465665,-0.007995535466779164,0.010609662732550757,288,True
LEVEL,pooled,dxy,asset_price,a,0.1,22,0.012470636833228799,0.005993793682407024,0.038403726235729636,0.0026117235555227856,0.022329550110934814,287,True
LEVEL,pooled,dxy,asset_price,a,0.1,23,-0.00986716680606281,0.01055203106328443,0.350568016854351,-0.027223713372210804,0.007489379760085183,286,True
LEVEL,pooled,dxy,asset_price,a,0.1,24,0.0026910968068287744,0.010880593080399717,0.804840137949599,-0.015205886184849794,0.020588079798507342,285,True
LEVEL,pooled,vix,asset_price,a,0.1,0,-1.3682041084866796,0.5692097279799193,0.016847386426299453,-2.304470794050511,-0.4319374229228484,309,True
LEVEL,pooled,vix,asset_price,a,0.1,1,-1.0760940165864668,0.926332666696475,0.24631125936237014,-2.5997756631657927,0.4475876299928594,308,True
LEVEL,pooled,vix,asset_price,a,0.1,2,-0.7000471295684747,0.785281232029669,0.37341369503157823,-1.9917198122493964,0.591625553112447,307,True
LEVEL,pooled,vix,asset_price,a,0.1,3,-0.14138730481499806,0.757652925726866,0.8520942579103025,-1.387615467667228,1.104840858037232,306,True
LEVEL,pooled,vix,asset_price,a,0.1,4,-0.6864732926223951,0.8382040870157793,0.41346739792323545,-2.0651963252758474,0.692249740031057,305,True
LEVEL,pooled,vix,asset_price,a,0.1,5,-0.5318395558715565,0.794142015933269,0.5035797908935497,-1.8380869310939478,0.7744078193508348,304,True
LEVEL,pooled,vix,asset_price,a,0.1,6,0.9792256097516656,0.9672806655245129,0.3122180202949985,-0.6118095012163631,2.5702607207196944,303,True
LEVEL,pooled,vix,asset_price,a,0.1,7,-0.2635905048864515,1.0272451703136716,0.7976712364769063,-1.953258449045277,1.4260774392723738,302,True
LEVEL,pooled,vix,asset_price,a,0.1,8,-0.04635764854901936,0.7563644950268797,0.9511708413863063,-1.2904665314913013,1.1977512343932626,301,True
LEVEL,pooled,vix,asset_price,a,0.1,9,-0.9496347189651715,0.8701227978755685,0.27602422105481306,-2.380859358943963,0.4815899210136201,300,True
LEVEL,pooled,vix,asset_price,a,0.1,10,0.9183905390837026,0.9034855389388473,0.31025481345876055,-0.567710926538066,2.404492004705471,299,True
LEVEL,pooled,vix,asset_price,a,0.1,11,1.4363203616567262,0.8446438864773709,0.09013084777096719,0.04700480150203523,2.825635921811417,298,True
LEVEL,pooled,vix,asset_price,a,0.1,12,1.8921119903307044,1.2216840184753914,0.12255368199712774,-0.1173793984471927,3.9016033791086016,297,True
LEVEL,pooled,vix,asset_price,a,0.1,13,1.2854929591267137,1.2563758981308801,0.3071018145283307,-0.781061493728278,3.3520474119817054,296,True
LEVEL,pooled,vix,asset_price,a,0.1,14,0.3568152937659761,1.179566634720452,0.7624970589739497,-1.5833991635849018,2.2970297511168543,295,True
LEVEL,pooled,vix,asset_price,a,0.1,15,-1.3524980789297842,1.1931728569517455,0.2579610597655281,-3.315092780266913,0.6100966224073443,294,True
LEVEL,pooled,vix,asset_price,a,0.1,16,-0.2244708913285649,1.4932536308026458,0.8806181279072162,-2.6806545419127517,2.231712759255622,293,True
LEVEL,pooled,vix,asset_price,a,0.1,17,-1.4516059296165622,1.2646258139037878,0.25201559981629357,-3.531730286352665,0.6285184271195408,292,True
LEVEL,pooled,vix,asset_price,a,0.1,18,-0.6501126835646573,1.0381916267442493,0.5317012693966995,-2.357785946285585,1.05756057915627,291,True
LEVEL,pooled,vix,asset_price,a,0.1,19,-0.1010578768873529,1.0057072633116035,0.9200327308968392,-1.7552991165968832,1.5531833628221774,290,True
LEVEL,pooled,vix,asset_price,a,0.1,20,-1.2120548005914316,1.178693505726223,0.30471062261447196,-3.150833088549355,0.7267234873664921,289,False
LEVEL,pooled,vix,asset_price,a,0.1,21,-1.2965840944161755,1.0992982515986265,0.23923604703284732,-3.1047688106595883,0.5116006218272373,288,True
LEVEL,pooled,vix,asset_price,a,0.1,22,-0.5982990765114664,1.3396520656936823,0.6555123185178302,-2.801830635620752,1.605232482597819,287,True
LEVEL,pooled,vix,asset_price,a,0.1,23,-1.1020962562988643,1.3118154186855957,0.40157303304979797,-3.2598406056147304,1.0556480930170018,286,True
LEVEL,pooled,vix,asset_price,a,0.1,24,-1.8799188559096365,1.0663655040115723,0.07904077391868561,-3.633934022839006,-0.12590368898026716,285,True
LEVEL,pooled,us10y,asset_price,a,0.1,0,-0.0005383810258656752,0.15045798450786976,0.9971473690363095,-0.24801974254744366,0.2469429804957123,309,True
LEVEL,pooled,us10y,asset_price,a,0.1,1,-0.12401921363655433,0.10154991146313529,0.2229646518293679,-0.29105395382329324,0.04301552655018462,308,True
LEVEL,pooled,us10y,asset_price,a,0.1,2,0.09276428731770636,0.09109199751722286,0.30934786542179943,-0.05706871518475215,0.24259728982016487,307,True
LEVEL,pooled,us10y,asset_price,a,0.1,3,-0.0007297057706452392,0.1655128218015968,0.9964853428967753,-0.27297407101797444,0.27151465947668396,306,True
LEVEL,pooled,us10y,asset_price,a,0.1,4,-0.08378114071280152,0.077661211981541,0.28156898897666155,-0.21152246691408635,0.04396018548848332,305,True
LEVEL,pooled,us10y,asset_price,a,0.1,5,-0.03942514222144666,0.08674108550565482,0.6497980717981819,-0.18210153132113077,0.10325124687823745,304,True
LEVEL,pooled,us10y,asset_price,a,0.1,6,-0.05507650585396462,0.1693130104545215,0.7451939481054358,-0.3335716251901568,0.22341861348222758,303,True
LEVEL,pooled,us10y,asset_price,a,0.1,7,-0.007732369866403133,0.10587960465621536,0.9418330706494733,-0.18188882160536696,0.1664240818725607,302,True
LEVEL,pooled,us10y,asset_price,a,0.1,8,-0.22472808534448063,0.09028279297230213,0.013371217377666883,-0.3732300648162807,-0.07622610587268058,301,True
LEVEL,pooled,us10y,asset_price,a,0.1,9,-0.13679399054979058,0.10719725510175043,0.20295691517688755,-0.31311778440314697,0.039529803303565814,300,True
LEVEL,pooled,us10y,asset_price,a,0.1,10,0.021050982555827602,0.19922792338638864,0.9159242167277445,-0.30664978981628377,0.348751754927939,299,True
LEVEL,pooled,us10y,asset_price,a,0.1,11,-0.1192887590083842,0.10497325373060663,0.25675851171690844,-0.2919543961400697,0.053376878123301275,298,True
LEVEL,pooled,us10y,asset_price,a,0.1,12,0.021731600458082312,0.0815038288319217,0.7899460138634972,-0.11233026800653606,0.15579346892270068,297,True
LEVEL,pooled,us10y,asset_price,a,0.1,13,-0.14646134145490208,0.08388327889089145,0.08189756704724285,-0.28443705697916677,-0.008485625930637425,296,True
LEVEL,pooled,us10y,asset_price,a,0.1,14,0.03945603934375175,0.18458981492428023,0.830897170060424,-0.26416718723275157,0.34307926592025506,295,True
LEVEL,pooled,us10y,asset_price,a,0.1,15,0.08376688093731133,0.10004875925116467,0.4031601678840752,-0.08079868358896153,0.24833244546358418,294,True
LEVEL,pooled,us10y,asset_price,a,0.1,16,-0.015869302318783696,0.098916977692301,0.8726580427117878,-0.17857325184304285,0.14683464720547545,293,True
LEVEL,pooled,us10y,asset_price,a,0.1,17,0.18805517686048745,0.08419076591615869,0.026299688095727226,0.04957369018747143,0.32653666353350347,292,True
LEVEL,pooled,us10y,asset_price,a,0.1,18,-0.02720709164316304,0.0876510356005982,0.7564883919775524,-0.1713802154568596,0.11696603217053353,291,True
LEVEL,pooled,us10y,asset_price,a,0.1,19,-0.08669528038117846,0.16123470948457258,0.591220124595972,-0.35190277706734463,0.1785122163049877,290,True
LEVEL,pooled,us10y,asset_price,a,0.1,20,-0.25012037029301837,0.08251482036957691,0.0026678681416157013,-0.3858451718551662,-0.11439556873087056,289,True
LEVEL,pooled,us10y,asset_price,a,0.1,21,0.10104975182207454,0.0821201627640678,0.21956118920838533,-0.03402589574624762,0.2361253993903967,288,True
LEVEL,pooled,us10y,asset_price,a,0.1,22,-0.18205991028278845,0.08124229720802503,0.02583341516995129,-0.3156915975072779,-0.048428223058299025,287,True
LEVEL,pooled,us10y,asset_price,a,0.1,23,-0.11629811976221305,0.15301175661374217,0.4478769902615453,-0.36798006259454275,0.13538382307011665,286,True
LEVEL,pooled,us10y,asset_price,a,0.1,24,0.2848492842476418,0.15935535164972126,0.07497246873587317,0.022733056112470507,0.546965512382813,285,True
LEVEL,pooled,ip,real_macro,a,0.1,0,-0.009474309553937132,0.19103491333930778,0.9604789719668877,-0.3236987796344577,0.30475016052658344,309,True
LEVEL,pooled,ip,real_macro,a,0.1,1,-0.279037833396643,0.2212541724933667,0.20824952065389535,-0.6429685615005039,0.08489289470721789,308,True
LEVEL,pooled,ip,real_macro,a,0.1,2,0.13622977289765004,0.2251888540335048,0.5456752054920907,-0.23417293040840598,0.506632476203706,307,True
LEVEL,pooled,ip,real_macro,a,0.1,3,0.415175335716782,0.19371521476344186,0.032921201737751156,0.09654216211745126,0.7338085093161127,306,True
LEVEL,pooled,ip,real_macro,a,0.1,4,0.10780279932646408,0.2238727804771865,0.6304975251968181,-0.26043515561714686,0.47604075427007503,305,True
LEVEL,pooled,ip,real_macro,a,0.1,5,0.08981310495028083,0.16979478642353535,0.5972441264613141,-0.18947446533592188,0.36910067523648354,304,True
LEVEL,pooled,ip,real_macro,a,0.1,6,0.42289267883438697,0.16907498932181528,0.012930175012988912,0.14478906942161768,0.7009962882471563,303,True
LEVEL,pooled,ip,real_macro,a,0.1,7,0.61753192781498,0.14261643270783791,2.0603340805950097e-05,0.3829487712126123,0.8521150844173477,302,True
LEVEL,pooled,ip,real_macro,a,0.1,8,-0.4797528231433468,0.2087762906634425,0.02228509091162274,-0.8231592620625849,-0.1363463842241086,301,True
LEVEL,pooled,ip,real_macro,a,0.1,9,-0.1534562597359468,0.20974927011016153,0.46500103124810416,-0.49846310742707,0.19155058795517643,300,True
LEVEL,pooled,ip,real_macro,a,0.1,10,0.09455534533910992,0.204434208294912,0.6440598578862993,-0.2417090036477288,0.43081969432594863,299,True
LEVEL,pooled,ip,real_macro,a,0.1,11,0.3595416740024646,0.44587752958129784,0.42070501592569376,-0.37386159770549543,1.0929449457104248,298,True
LEVEL,pooled,ip,real_macro,a,0.1,12,0.1579613617374349,0.40932044854345395,0.6998523521921285,-0.5153108626346687,0.8312335861095386,297,True
LEVEL,pooled,ip,real_macro,a,0.1,13,0.45389530076566587,0.17939256773011503,0.011944902120989257,0.15882078508664854,0.7489698164446832,296,True
LEVEL,pooled,ip,real_macro,a,0.1,14,-0.35955546217064693,0.25143954198548774,0.15383145181965918,-0.7731367047644935,0.054025780423199554,295,False
LEVEL,pooled,ip,real_macro,a,0.1,15,-0.067930119445748,0.2579796771454321,0.7925008647096461,-0.49226892707818176,0.35640868818668575,294,True
LEVEL,pooled,ip,real_macro,a,0.1,16,-0.13087532969719717,0.23912151795699682,0.5845983322283844,-0.524195225790905,0.26244456639651065,293,True
LEVEL,pooled,ip,real_macro,a,0.1,17,0.16047246220739453,0.1967713033760386,0.415468435165418,-0.16318752983065105,0.4841324542454401,292,True
LEVEL,pooled,ip,real_macro,a,0.1,18,-0.024962241704721055,0.43123164942048475,0.9538812318471199,-0.7342751843102712,0.6843507009008291,291,True
LEVEL,pooled,ip,real_macro,a,0.1,19,0.22946770809329564,0.24065739899823638,0.34116926952151794,-0.16637848750166107,0.6253139036882523,290,True
LEVEL,pooled,ip,real_macro,a,0.1,20,0.05807926324473556,0.19184759552385858,0.7623195704537997,-0.25748195007460223,0.37364047656407334,289,True
LEVEL,pooled,ip,real_macro,a,0.1,21,-0.24325905939099357,0.201240382812607,0.22778239092440028,-0.5742700329494129,0.08775191416742578,288,True
LEVEL,pooled,ip,real_macro,a,0.1,22,0.1639071773131917,0.20397954726942316,0.42235766019142024,-0.17160932083683822,0.49942367546322164,287,True
LEVEL,pooled,ip,real_macro,a,0.1,23,0.2860634690786128,0.2599636821160357,0.2721317218688561,-0.1415387363256081,0.7136656744828337,286,True
LEVEL,pooled,ip,real_macro,a,0.1,24,0.17423257027510264,0.24419774222159868,0.4761567756727446,-0.2274369717114546,0.5759021122616599,285,True
LEVEL,pooled,cpi,real_macro,a,0.1,0,-0.15129635413438813,0.19586837936318263,0.44047292669393245,-0.47347116833502595,0.17087846006624968,309,True
LEVEL,pooled,cpi,real_macro,a,0.1,1,0.042355094469257004,0.10887750588782985,0.6975458909623861,-0.1367324659837702,0.2214426549222842,308,True
LEVEL,pooled,cpi,real_macro,a,0.1,2,-0.1833154564366648,0.11064670276129701,0.09863762611623426,-0.3653130867838057,-0.001317826089523938,307,True
LEVEL,pooled,cpi,real_macro,a,0.1,3,-0.0720403358245818,0.07879357308621517,0.3613177621140107,-0.20164423029590872,0.05756355864674512,306,True
LEVEL,pooled,cpi,real_macro,a,0.1,4,-0.057244244286924206,0.0898955611117697,0.5247647798944491,-0.20510928402845632,0.09062079545460791,305,True
LEVEL,pooled,cpi,real_macro,a,0.1,5,0.028000621478685872,0.07479425033118596,0.7084036640640998,-0.0950249724536817,0.15102621541105343,304,True
LEVEL,pooled,cpi,real_macro,a,0.1,6,0.16173734110127214,0.08730364703205667,0.06496144308232457,0.01813562063450258,0.3053390615680417,303,True
LEVEL,pooled,cpi,real_macro,a,0.1,7,0.017321920718157635,0.09490969329788858,0.8553113026630935,-0.13879063253572624,0.1734344739720415,302,True
LEVEL,pooled,cpi,real_macro,a,0.1,8,0.1385813904500992,0.09661954409482246,0.1525754096126941,-0.02034361708866722,0.29750639798886563,301,True
LEVEL,pooled,cpi,real_macro,a,0.1,9,-0.09936265113220522,0.097669380533166,0.309853083099924,-0.26001448594428683,0.0612891836798764,300,True
LEVEL,pooled,cpi,real_macro,a,0.1,10,0.20566406186622999,0.18987062692816256,0.2796440848653524,-0.10664532748810807,0.517973451220568,299,True
LEVEL,pooled,cpi,real_macro,a,0.1,11,0.10698899971504863,0.19023522117160777,0.5742846104141268,-0.2059200938029859,0.41989809323308314,298,True
LEVEL,pooled,cpi,real_macro,a,0.1,12,0.14487967864706136,0.08364893172956701,0.08436376143315845,0.007289429901066985,0.28246992739305576,297,True
LEVEL,pooled,cpi,real_macro,a,0.1,13,-0.031052052452803736,0.09739462511902235,0.7500935953432902,-0.1912519548254066,0.12914784991979913,296,True
LEVEL,pooled,cpi,real_macro,a,0.1,14,-0.0008057262322846981,0.11947418584079554,0.9946239438103114,-0.19732327413959147,0.19571182167502207,295,True
LEVEL,pooled,cpi,real_macro,a,0.1,15,0.03720188582056494,0.10865006048314767,0.7323060411507705,-0.1415115602336373,0.2159153318747672,294,True
LEVEL,pooled,cpi,real_macro,a,0.1,16,0.045944996237153646,0.08287230883911512,0.5797443933247327,-0.09036782153070741,0.1822578140050147,293,True
LEVEL,pooled,cpi,real_macro,a,0.1,17,-0.10424863868273859,0.10536211721134006,0.32331226124853807,-0.2775538993210974,0.06905662195562023,292,True
LEVEL,pooled,cpi,real_macro,a,0.1,18,-0.13531436759079796,0.20136196942330892,0.5021465571040094,-0.46652533332681906,0.19589659814522314,291,True
LEVEL,pooled,cpi,real_macro,a,0.1,19,-0.01232578226880321,0.09697338108434006,0.8989500038027434,-0.17183279986312724,0.14718123532552083,290,True
LEVEL,pooled,cpi,real_macro,a,0.1,20,0.11855032514776953,0.22164339477560768,0.5931722004400073,-0.24602061663872576,0.4831212669342648,289,True
LEVEL,pooled,cpi,real_macro,a,0.1,21,0.15391834226761603,0.08438593032582142,0.06924410311084905,0.015115838707514428,0.2927208458277176,288,True
LEVEL,pooled,cpi,real_macro,a,0.1,22,0.07460519811396127,0.08072675098835766,0.3562142239690565,-0.05817849104124717,0.2073888872691697,287,True
LEVEL,pooled,cpi,real_macro,a,0.1,23,-0.09787490366102247,0.09085484858992383,0.28231562202857435,-0.24731783089028553,0.051568023568240584,286,True
LEVEL,pooled,cpi,real_macro,a,0.1,24,-0.03726544445824953,0.10816938420379928,0.7307299027241423,-0.21518824839097606,0.140657359474477,285,True
LEVEL,pooled,infl_exp,real_macro,a,0.1,0,-0.4760429853510004,0.21298099103737564,0.0261563180323771,-0.8263655409305468,-0.1257204297714541,309,True
LEVEL,pooled,infl_exp,real_macro,a,0.1,1,-0.2796959933725418,0.11549936110806867,0.01605635805047602,-0.4696755364017264,-0.08971645034335723,308,True
LEVEL,pooled,infl_exp,real_macro,a,0.1,2,-0.12974542886032303,0.08741983434319324,0.13884019437927278,-0.2735382604472213,0.014047402726575231,307,True
LEVEL,pooled,infl_exp,real_macro,a,0.1,3,-0.01262516086820753,0.12474660576608551,0.9194560357107368,-0.21781506781243873,0.19256474607602367,306,True
LEVEL,pooled,infl_exp,real_macro,a,0.1,4,-0.08824509016335469,0.1046607633388513,0.3998350953964274,-0.26039672634077393,0.08390654601406455,305,True
LEVEL,pooled,infl_exp,real_macro,a,0.1,5,-0.07085644813594882,0.12618950762707024,0.5748847755152037,-0.27841971743955574,0.13670682116765812,304,True
LEVEL,pooled,infl_exp,real_macro,a,0.1,6,0.1048081438136137,0.12959773977899028,0.4193420910316369,-0.10836116850657154,0.3179774561337989,303,True
LEVEL,pooled,infl_exp,real_macro,a,0.1,7,0.1704990025467623,0.27817447198549156,0.5404122055848984,-0.2870572866238842,0.6280552917174088,302,True
LEVEL,pooled,infl_exp,real_macro,a,0.1,8,-0.11310042850068669,0.1395315891117822,0.41828300451386513,-0.3426094689255042,0.11640861192413082,301,True
LEVEL,pooled,infl_exp,real_macro,a,0.1,9,0.043136019956136806,0.14102592029482813,0.7599238752848269,-0.1888309765349805,0.2751030164472541,300,True
LEVEL,pooled,infl_exp,real_macro,a,0.1,10,0.10693949147442083,0.29260063879867115,0.7150247184332013,-0.37434573050189107,0.5882247134507328,299,True
LEVEL,pooled,infl_exp,real_macro,a,0.1,11,0.10656937875008055,0.1731342230599504,0.538697440526669,-0.1782110759995041,0.3913498334996652,298,True
LEVEL,pooled,infl_exp,real_macro,a,0.1,12,-0.09644255388684542,0.13522419974379124,0.47630670293152144,-0.3188665692870308,0.12598146151333994,297,True
LEVEL,pooled,infl_exp,real_macro,a,0.1,13,-0.11103024644285142,0.12537029214667234,0.3765776999018395,-0.31724602619227105,0.09518553330656823,296,True
LEVEL,pooled,infl_exp,real_macro,a,0.1,14,-0.17271827858387212,0.13375366368686833,0.19765527066275998,-0.39272347741726493,0.04728692024952069,295,True
LEVEL,pooled,infl_exp,real_macro,a,0.1,15,-0.29498799065053305,0.12234398717741907,0.0165469739315943,-0.4962259416950152,-0.09375003960605088,294,True
LEVEL,pooled,infl_exp,real_macro,a,0.1,16,-0.1441963615212032,0.12169343925322605,0.23705945178085905,-0.3443642564530707,0.055971533410664354,293,True
LEVEL,pooled,infl_exp,real_macro,a,0.1,17,0.40222070303400415,0.09962563429069168,6.996953596272045e-05,0.23835111713361898,0.5660902889343893,292,True
LEVEL,pooled,infl_exp,real_macro,a,0.1,18,-0.1523729163886216,0.26637596797053564,0.5677709799396969,-0.5905223934376663,0.2857765606604231,291,True
LEVEL,pooled,infl_exp,real_macro,a,0.1,19,0.029617483073375084,0.13027269305597544,0.8203199934935836,-0.18466202859248199,0.24389699473923215,290,True
LEVEL,pooled,infl_exp,real_macro,a,0.1,20,-0.23694509371100025,0.12426810985204878,0.05759831824394505,-0.44134794491554663,-0.03254224250645385,289,True
LEVEL,pooled,infl_exp,real_macro,a,0.1,21,-0.12199968781592929,0.0959658270468533,0.20470624926443115,-0.2798494264973436,0.03585005086548504,288,True
LEVEL,pooled,infl_exp,real_macro,a,0.1,22,0.1350025438776683,0.10055392427741033,0.18052054257828704,-0.030393943174233773,0.3003990309295704,287,True
LEVEL,pooled,infl_exp,real_macro,a,0.1,23,-0.1787460143542603,0.11172073606290389,0.11077364811451498,-0.3625102722730159,0.005018243564495317,286,True
LEVEL,pooled,infl_exp,real_macro,a,0.1,24,0.10336757104774019,0.20796616433383472,0.6195635989695886,-0.23870632863995372,0.4454414707354341,285,True
LEVEL,pooled,freight,physical_channel,a,0.1,0,-0.02944155392208936,0.008467369071459806,0.0005832226884817313,-0.04336913665001674,-0.015513971194161978,309,True
LEVEL,pooled,freight,physical_channel,a,0.1,1,-0.009033758422141602,0.016958902223479358,0.5946537995158178,-0.036928670253547013,0.018861153409263805,308,True
LEVEL,pooled,freight,physical_channel,a,0.1,2,-0.0011260479393744305,0.016287584716393425,0.9449290380944974,-0.027916740734413522,0.02566464485566466,307,False
LEVEL,pooled,freight,physical_channel,a,0.1,3,0.015313765566853377,0.01638230658214083,0.35067680274110086,-0.011632730832611946,0.0422602619663187,306,True
LEVEL,pooled,freight,physical_channel,a,0.1,4,-0.009278686185937524,0.009893972795881776,0.34911873640807095,-0.02555282322420286,0.006995450852327813,305,True
LEVEL,pooled,freight,physical_channel,a,0.1,5,0.008647571086288885,0.01756374169940158,0.6228419342026528,-0.020242213150810616,0.03753735532338839,304,True
LEVEL,pooled,freight,physical_channel,a,0.1,6,0.010989371002523285,0.008647339137720433,0.2048081268195819,-0.003234236141635585,0.025212978146682156,303,True
LEVEL,pooled,freight,physical_channel,a,0.1,7,0.0034450604012463693,0.008358455159760797,0.6805253026819411,-0.010303374883997424,0.017193495686490163,302,True
LEVEL,pooled,freight,physical_channel,a,0.1,8,0.008357173981032417,0.007941237245796021,0.2935119296649939,-0.004704998905197287,0.021419346867262122,301,True
LEVEL,pooled,freight,physical_channel,a,0.1,9,0.008174023855559653,0.0076511457595368326,0.28626813878932544,-0.004410990997348882,0.020759038708468187,300,True
LEVEL,pooled,freight,physical_channel,a,0.1,10,-0.0076578799029469735,0.011028421549407908,0.4880115855309645,-0.025798019088040344,0.010482259282146397,299,True
LEVEL,pooled,freight,physical_channel,a,0.1,11,0.025789056067651472,0.008958502242870986,0.004296360865044672,0.011053631161412234,0.04052448097389071,298,False
LEVEL,pooled,freight,physical_channel,a,0.1,12,-0.006387765506250531,0.00888264058380243,0.4726547476844088,-0.0209984090874243,0.008222878074923239,297,True
LEVEL,pooled,freight,physical_channel,a,0.1,13,-0.002105983119556676,0.009624735960895697,0.8269567647438973,-0.017937264973286227,0.013725298734172876,296,True
LEVEL,pooled,freight,physical_channel,a,0.1,14,0.0002192717015443435,0.0075295166759129645,0.976788266994913,-0.012165681112022689,0.012604224515111376,295,False
LEVEL,pooled,freight,physical_channel,a,0.1,15,0.0014719915061860434,0.008274285614231124,0.8589305158088153,-0.01213799719681441,0.015081980209186496,294,True
LEVEL,pooled,freight,physical_channel,a,0.1,16,-0.024430795810047368,0.009007279261005974,0.0070960710761498345,-0.03924645177147782,-0.009615139848616916,293,True
LEVEL,pooled,freight,physical_channel,a,0.1,17,-0.01739667877305351,0.010223117068699685,0.08992961532044923,-0.03421220996225369,-0.0005811475838533274,292,True
LEVEL,pooled,freight,physical_channel,a,0.1,18,-0.02588378270910141,0.010179034407035215,0.011539535836477465,-0.04262680437237711,-0.009140761045825709,291,True
LEVEL,pooled,freight,physical_channel,a,0.1,19,-0.0014673348241314166,0.008452579938408634,0.8623101559620164,-0.01537059159292011,0.012435921944657277,290,True
LEVEL,pooled,freight,physical_channel,a,0.1,20,-0.020019195586165495,0.010122075867748867,0.04895220747400243,-0.036668528789510185,-0.0033698623828208006,289,True
LEVEL,pooled,freight,physical_channel,a,0.1,21,0.019378611395726608,0.006746171441093237,0.0043903753985675255,0.008282146832807957,0.030475075958645258,288,True
LEVEL,pooled,freight,physical_channel,a,0.1,22,-0.0006185468817818673,0.008902294604002844,0.9446570366158047,-0.015261518449366466,0.014024424685802731,287,True
LEVEL,pooled,freight,physical_channel,a,0.1,23,0.01065760886855438,0.009610809930949081,0.26844467511740344,-0.005150766704308446,0.026465984441417206,286,True
LEVEL,pooled,freight,physical_channel,a,0.1,24,-0.013834592222820463,0.01199203585699803,0.24966080138047728,-0.033559735896735776,0.005890551451094853,285,True
LEVEL,pooled,oil,asset_price,a,0.25,0,-0.018408401434697463,0.029503838498673378,0.5331541330309851,-0.06693789719823084,0.030121094328835918,309,True
LEVEL,pooled,oil,asset_price,a,0.25,1,-0.01446361390205908,0.02974500538060575,0.6271496646862521,-0.0633897938860395,0.034462566081921345,308,True
LEVEL,pooled,oil,asset_price,a,0.25,2,0.02638853592250645,0.030794647599587537,0.39218965974650544,-0.024264151872367558,0.07704122371738045,307,True
LEVEL,pooled,oil,asset_price,a,0.25,3,0.001730698201498626,0.030076472708604248,0.9541518059199828,-0.04774069701915604,0.051202093422153296,306,True
LEVEL,pooled,oil,asset_price,a,0.25,4,-0.003795960205167148,0.029028659584058356,0.8960508137641338,-0.05154385620754515,0.04395193579721085,305,True
LEVEL,pooled,oil,asset_price,a,0.25,5,-0.03369038734538066,0.028267702557577032,0.2343010548250929,-0.08018662042279665,0.012805845732035331,304,True
LEVEL,pooled,oil,asset_price,a,0.25,6,-0.03989823912482393,0.03421656983123762,0.2445555249158152,-0.09617948811357346,0.016383009863925595,303,True
LEVEL,pooled,oil,asset_price,a,0.25,7,-0.01532776478578457,0.046540731401677464,0.7421374434422829,-0.09188045563280801,0.061224926061238874,302,True
LEVEL,pooled,oil,asset_price,a,0.25,8,-0.02292383193816505,0.035427024468899046,0.5181026024789148,-0.0811961016279322,0.035348437751602096,301,True
LEVEL,pooled,oil,asset_price,a,0.25,9,0.02524501107021937,0.03615852107037956,0.48563440667301144,-0.03423046345759568,0.08472048559803441,300,True
LEVEL,pooled,oil,asset_price,a,0.25,10,0.06015666724659052,0.04111728916634789,0.14455551975610378,-0.007475254969089282,0.12778858946227034,299,True
LEVEL,pooled,oil,asset_price,a,0.25,11,-0.02994342150446272,0.03321563726965076,0.3680940052925075,-0.08457828293895227,0.02469143993002683,298,True
LEVEL,pooled,oil,asset_price,a,0.25,12,0.006116796169600036,0.046151871444578524,0.8946543341013551,-0.06979627696661303,0.0820298693058131,297,True
LEVEL,pooled,oil,asset_price,a,0.25,13,0.03375101118237467,0.04626769933773183,0.4663181816206523,-0.04235258188399377,0.1098546042487431,296,True
LEVEL,pooled,oil,asset_price,a,0.25,14,-0.010230676184342258,0.03487211566442994,0.7694505657168887,-0.06759020211445109,0.047128849745766574,295,True
LEVEL,pooled,oil,asset_price,a,0.25,15,-0.005444698177754503,0.02934098066712216,0.8529192106171195,-0.05370631664638341,0.0428169202908744,294,False
LEVEL,pooled,oil,asset_price,a,0.25,16,-0.023907234186474113,0.030884156148912004,0.43953076563015,-0.07470715044334764,0.02689268207039941,293,True
LEVEL,pooled,oil,asset_price,a,0.25,17,-0.04069961242437259,0.042682673295758096,0.3411451792518797,-0.11090636240288504,0.02950713755413986,292,True
LEVEL,pooled,oil,asset_price,a,0.25,18,-0.07050418471487774,0.04234432793267849,0.09703921893127922,-0.1401544060957665,-0.0008539633339889885,291,False
LEVEL,pooled,oil,asset_price,a,0.25,19,0.10098850427373485,0.030016070560135034,0.0008755849176386244,0.05161646174606543,0.15036054680140426,290,True
LEVEL,pooled,oil,asset_price,a,0.25,20,0.017298730908919424,0.03471098483649378,0.6186253306313694,-0.03979575839444492,0.07439322021228377,289,True
LEVEL,pooled,oil,asset_price,a,0.25,21,0.006981491214066937,0.03453105426218501,0.8399259803608686,-0.049817038631546164,0.06378002105968003,288,True
LEVEL,pooled,oil,asset_price,a,0.25,22,-0.012817815647025554,0.03112647575927436,0.6808107311959943,-0.06401631219388507,0.03838068089983396,287,True
LEVEL,pooled,oil,asset_price,a,0.25,23,-0.029471294012605398,0.04281787995238564,0.49185418995919455,-0.09990043915065965,0.04095785112544885,286,True
LEVEL,pooled,oil,asset_price,a,0.25,24,0.03313282871731049,0.031498031792356385,0.29378176159882774,-0.01867682311817969,0.08494248055280068,285,True
LEVEL,pooled,dxy,asset_price,a,0.25,0,-0.005294658138021324,0.005250740440359752,0.31410606883871395,-0.013931357595527834,0.0033420413194851853,309,True
LEVEL,pooled,dxy,asset_price,a,0.25,1,0.001850749154844955,0.0064712159701914174,0.7750817341859577,-0.008793453904510688,0.012494952214200598,308,True
LEVEL,pooled,dxy,asset_price,a,0.25,2,-0.0017833728794158787,0.004854745176159626,0.7136258782679494,-0.009768718090347203,0.006201972331515445,307,True
LEVEL,pooled,dxy,asset_price,a,0.25,3,-0.0025981555252263533,0.00490058847625899,0.5963954979057562,-0.010658906254597542,0.005462595204144835,306,True
LEVEL,pooled,dxy,asset_price,a,0.25,4,0.004475423513539134,0.006456377504153629,0.48875026492661205,-0.006144372441135856,0.015095219468214124,305,True
LEVEL,pooled,dxy,asset_price,a,0.25,5,-0.0016606552927695972,0.004822975316348143,0.7308538783069611,-0.009593743734562265,0.006272433149023071,304,True
LEVEL,pooled,dxy,asset_price,a,0.25,6,-0.006210549621596617,0.006161566634202081,0.3143217447180565,-0.016345424847567083,0.003924325604373851,303,True
LEVEL,pooled,dxy,asset_price,a,0.25,7,-0.014572318605624246,0.005903804339522731,0.014156803332162564,-0.02428321258630005,-0.0048614246249484416,302,True
LEVEL,pooled,dxy,asset_price,a,0.25,8,-0.011173916540264894,0.006351153946147743,0.07958319456940652,-0.021620635143913165,-0.0007271979366166251,301,True
LEVEL,pooled,dxy,asset_price,a,0.25,9,-0.011191764682404681,0.0051536896429913315,0.030707509941312786,-0.01966882978386121,-0.0027146995809481517,300,True
LEVEL,pooled,dxy,asset_price,a,0.25,10,0.001509928261504344,0.004873819276021638,0.7569364792502422,-0.006506791051765846,0.009526647574774533,299,True
LEVEL,pooled,dxy,asset_price,a,0.25,11,0.0035305447547817614,0.004413375231342418,0.4243998189468084,-0.003728811501589608,0.010789901011153132,298,True
LEVEL,pooled,dxy,asset_price,a,0.25,12,0.011766595353158382,0.006178927169019329,0.05788372247865027,0.0016031645885279475,0.02193002611778882,297,True
LEVEL,pooled,dxy,asset_price,a,0.25,13,-0.0053885643897197966,0.004296968953648753,0.21086654328589902,-0.01245644935802682,0.0016793205785872265,296,True
LEVEL,pooled,dxy,asset_price,a,0.25,14,-0.006003617368158132,0.006929828337704491,0.3870404869171961,-0.017402170643582453,0.005394935907266191,295,True
LEVEL,pooled,dxy,asset_price,a,0.25,15,-0.0003292918281507795,0.007055615664249074,0.9628088047543463,-0.011934746843866488,0.01127616318756493,294,True
LEVEL,pooled,dxy,asset_price,a,0.25,16,0.004092347265961083,0.0067202835374821175,0.5430500701052942,-0.006961535484808648,0.015146230016730813,293,True
LEVEL,pooled,dxy,asset_price,a,0.25,17,0.0023054223003407953,0.005036497637957582,0.6474945359676453,-0.005978879106586255,0.010589723707267846,292,True
LEVEL,pooled,dxy,asset_price,a,0.25,18,-0.016604832260591618,0.005226187546075312,0.0016551180643649046,-0.02520114580088221,-0.008008518720301026,291,True
LEVEL,pooled,dxy,asset_price,a,0.25,19,-0.009715345511912943,0.007716435545605404,0.20907761242870435,-0.022407752506239255,0.0029770614824133693,290,True
LEVEL,pooled,dxy,asset_price,a,0.25,20,-0.007216170029061109,0.005286142107925474,0.1733339414906065,-0.015911100047863225,0.0014787599897410075,289,True
LEVEL,pooled,dxy,asset_price,a,0.25,21,-0.006086728228810401,0.005206553461675923,0.24339898131768692,-0.014650746574164786,0.0024772901165439846,288,True
LEVEL,pooled,dxy,asset_price,a,0.25,22,0.0032833921126320664,0.005531738239996338,0.5533010907175836,-0.005815507594772064,0.012382291820036197,287,True
LEVEL,pooled,dxy,asset_price,a,0.25,23,-0.011251012948498396,0.00699461729394585,0.10888040706074673,-0.02275613457358272,0.0002541086765859273,286,True
LEVEL,pooled,dxy,asset_price,a,0.25,24,-0.002262797882251498,0.007028188872337801,0.7477309720397665,-0.013823139839816308,0.009297544075313312,285,True
LEVEL,pooled,vix,asset_price,a,0.25,0,-1.533288612000888,0.7808589769090389,0.05051642202113492,-2.8176873323073366,-0.2488898916944393,309,True
LEVEL,pooled,vix,asset_price,a,0.25,1,-2.073154775121111,0.8409418645222708,0.014261988286749116,-3.4563810510359017,-0.6899284992063204,308,True
LEVEL,pooled,vix,asset_price,a,0.25,2,-0.47122416351385255,0.8921374400011806,0.5977625463156487,-1.9386596674389958,0.9962113404112907,307,True
LEVEL,pooled,vix,asset_price,a,0.25,3,-0.7450206609610177,0.9097799220266286,0.41351011515763497,-2.2414754654341453,0.7514341435121099,306,True
LEVEL,pooled,vix,asset_price,a,0.25,4,-1.62767386197811,0.9626462753760798,0.09193946240012399,-3.2110860795017806,-0.04426164445443925,305,True
LEVEL,pooled,vix,asset_price,a,0.25,5,-0.826362689549569,0.9097775950299929,0.3644671476415596,-2.3228136664538406,0.6700882873547025,304,True
LEVEL,pooled,vix,asset_price,a,0.25,6,0.2174907884982531,1.0664464627437478,0.8385441427951135,-1.5366575436953684,1.9716391206918746,303,True
LEVEL,pooled,vix,asset_price,a,0.25,7,-0.4343519470467072,1.113167024628404,0.6966809619364822,-2.2653487649095165,1.396644870816102,302,True
LEVEL,pooled,vix,asset_price,a,0.25,8,0.2925579163711518,1.0450279758896883,0.7797158171341747,-1.4263601400367576,2.011475972779061,301,True
LEVEL,pooled,vix,asset_price,a,0.25,9,0.9384979333262891,1.0597913980375109,0.3766041748424043,-0.804703791547682,2.68169965820026,300,False
LEVEL,pooled,vix,asset_price,a,0.25,10,1.0579122195958917,1.0636045085072448,0.3207511630724523,-0.6915615138641877,2.807385953055971,299,True
LEVEL,pooled,vix,asset_price,a,0.25,11,1.6192196059564594,1.2028669773392227,0.17933294115864418,-0.3593205044601153,3.597759716373034,298,True
LEVEL,pooled,vix,asset_price,a,0.25,12,-0.12190900852306186,1.2185477799867273,0.9203798278633641,-2.1262417440478947,1.882423727001771,297,True
LEVEL,pooled,vix,asset_price,a,0.25,13,1.4069000723793579,1.2849717337798374,0.2744999813657205,-0.7066903444585293,3.520490489217245,296,True
LEVEL,pooled,vix,asset_price,a,0.25,14,0.9043935349982348,1.3263514229094833,0.4958855008834063,-1.2772604135866747,3.0860474835831444,295,True
LEVEL,pooled,vix,asset_price,a,0.25,15,-0.26330056204687935,1.3337499481346324,0.8436470123473124,-2.4571240016824674,1.9305228775887087,294,True
LEVEL,pooled,vix,asset_price,a,0.25,16,-1.6079961226300838,1.3544889936746833,0.23617402021981657,-3.8359322565417364,0.6199400112815687,293,True
LEVEL,pooled,vix,asset_price,a,0.25,17,-1.496593905147165,1.43165119314714,0.2967637353037518,-3.851450562724641,0.8582627524303108,292,True
LEVEL,pooled,vix,asset_price,a,0.25,18,-0.8334468063712848,1.2802215579043552,0.5155747829813272,-2.9392238791917276,1.272330266449158,291,True
LEVEL,pooled,vix,asset_price,a,0.25,19,-0.8885054685415525,1.3480344239308295,0.5103734695600511,-3.1058247799996157,1.3288138429165106,290,True
LEVEL,pooled,vix,asset_price,a,0.25,20,0.33752613810622734,1.4045753361957911,0.81027304357438,-1.9727946979620032,2.647846974174458,289,True
LEVEL,pooled,vix,asset_price,a,0.25,21,-1.2113367523979832,1.3164855906025559,0.358314638419095,-3.376762850929948,0.9540893461339817,288,True
LEVEL,pooled,vix,asset_price,a,0.25,22,-0.21707464700375567,1.3139353519360835,0.8689013305938227,-2.378305976215582,1.9441566822080705,287,True
LEVEL,pooled,vix,asset_price,a,0.25,23,-2.8804765850145486,1.298498108847817,0.027359350738049487,-5.016315908942508,-0.7446372610865892,286,True
LEVEL,pooled,vix,asset_price,a,0.25,24,-3.176596207192233,1.3104695044422559,0.016004744512093588,-5.332126724583376,-1.0210656898010901,285,True
LEVEL,pooled,us10y,asset_price,a,0.25,0,-0.10707004567579581,0.10711368208528955,0.31832690855002665,-0.2832563741499112,0.06911628279831963,309,True
LEVEL,pooled,us10y,asset_price,a,0.25,1,-0.0031293990037113417,0.08152591513608821,0.9694065102617802,-0.13722759620584396,0.13096879819842128,308,True
LEVEL,pooled,us10y,asset_price,a,0.25,2,0.12472377926699352,0.08853273013745507,0.15995840743673465,-0.020899603003515344,0.2703471615375024,307,True
LEVEL,pooled,us10y,asset_price,a,0.25,3,-0.014328537306575823,0.07870420972196965,0.8556654609175437,-0.1437854421241069,0.11512836751095526,306,True
LEVEL,pooled,us10y,asset_price,a,0.25,4,-0.0615277472679594,0.07882496225558747,0.43569479403944145,-0.19118327232837534,0.06812777779245655,305,True
LEVEL,pooled,us10y,asset_price,a,0.25,5,-0.03026427265884024,0.07907264979915947,0.7021928624485602,-0.16032720747365128,0.0997986621559708,304,True
LEVEL,pooled,us10y,asset_price,a,0.25,6,-0.1013719552316843,0.10369932184828547,0.3291112531195608,-0.2719421608862447,0.06919825042287608,303,True
LEVEL,pooled,us10y,asset_price,a,0.25,7,0.012861448902363293,0.07726101668815236,0.8679058607357426,-0.11422161461910232,0.1399445124238289,302,True
LEVEL,pooled,us10y,asset_price,a,0.25,8,-0.06326453816516775,0.08039344879659881,0.4319683832372615,-0.19549999400139076,0.06897091767105526,301,True
LEVEL,pooled,us10y,asset_price,a,0.25,9,-0.12106234397235482,0.10851883208195234,0.2655348549362384,-0.29955993851489193,0.057435250570182256,300,True
LEVEL,pooled,us10y,asset_price,a,0.25,10,0.056723818799156334,0.1062871436013152,0.5939756974030994,-0.11810297485177895,0.23155061245009162,299,True
LEVEL,pooled,us10y,asset_price,a,0.25,11,-0.10424910054941616,0.07719262217819453,0.17792886842846767,-0.2312196651131141,0.022721464014281767,298,True
LEVEL,pooled,us10y,asset_price,a,0.25,12,-0.1476614838720458,0.07432838700861276,0.04792992908758913,-0.2699208008286152,-0.02540216691547642,297,True
LEVEL,pooled,us10y,asset_price,a,0.25,13,-0.007618353434580172,0.07502903949928956,0.9191949716763533,-0.1310301411816719,0.11579343431251153,296,True
LEVEL,pooled,us10y,asset_price,a,0.25,14,0.07915663938973694,0.10878746327444427,0.4674480874053614,-0.0997828141440828,0.2580960929235567,295,True
LEVEL,pooled,us10y,asset_price,a,0.25,15,-0.010059837265544047,0.07918953791432597,0.8990039331274033,-0.14031503592053424,0.12019536138944614,294,True
LEVEL,pooled,us10y,asset_price,a,0.25,16,-0.03665507755919961,0.11423737008599442,0.74855089345169,-0.22455883007854516,0.15124867496014593,293,True
LEVEL,pooled,us10y,asset_price,a,0.25,17,0.09333808828350953,0.0834833232641399,0.2645131193817423,-0.043979758777473205,0.23065593534449227,292,True
LEVEL,pooled,us10y,asset_price,a,0.25,18,0.07851862027845868,0.08501724059712498,0.35651864220345003,-0.061322296271128285,0.21835953682804565,291,True
LEVEL,pooled,us10y,asset_price,a,0.25,19,-0.02599629750871868,0.11264501321074981,0.817656134488848,-0.211280856046417,0.15928826102897964,290,True
LEVEL,pooled,us10y,asset_price,a,0.25,20,0.0023643891164084607,0.0813942026313185,0.9768468848728317,-0.13151716029453883,0.13624593852735575,289,True
LEVEL,pooled,us10y,asset_price,a,0.25,21,0.017232265557822757,0.079085723544099,0.8276742693378842,-0.11285217365376993,0.14731670476941544,288,True
LEVEL,pooled,us10y,asset_price,a,0.25,22,-0.05832397544686785,0.0827901640310853,0.4817347200439304,-0.19450167702930582,0.07785372613557012,287,True
LEVEL,pooled,us10y,asset_price,a,0.25,23,-0.16897083141181213,0.11219348734422367,0.13321056883415555,-0.35351269599029256,0.015571033166668274,286,True
LEVEL,pooled,us10y,asset_price,a,0.25,24,0.184157987406806,0.11122398254901475,0.09893195910865639,0.0012108163070718436,0.36710515850654013,285,True
LEVEL,pooled,ip,real_macro,a,0.25,0,0.16960312258648003,0.13130712641509903,0.19748872585906507,-0.04637788054197109,0.38558412571493117,309,True
LEVEL,pooled,ip,real_macro,a,0.25,1,-0.007866593260967392,0.14138921641554578,0.9556680951434088,-0.2404311586939045,0.2246979721719697,308,True
LEVEL,pooled,ip,real_macro,a,0.25,2,0.0053096758047672665,0.15777386925543715,0.9731762075131631,-0.2542052452782059,0.26482459688774046,307,False
LEVEL,pooled,ip,real_macro,a,0.25,3,0.4529352126167252,0.14135614976456426,0.0015042589099491116,0.22042503698458618,0.6854453882488643,306,True
LEVEL,pooled,ip,real_macro,a,0.25,4,0.10924826012455924,0.1667519735323811,0.5128860166801649,-0.16503432834149373,0.3835308485906122,305,False
LEVEL,pooled,ip,real_macro,a,0.25,5,0.15647972464777382,0.17184931752821983,0.363281595043613,-0.1261872485776538,0.43914669787320143,304,True
LEVEL,pooled,ip,real_macro,a,0.25,6,0.4149403530991691,0.16072138580548628,0.01032297218195474,0.15057719872834813,0.67930350746999,303,True
LEVEL,pooled,ip,real_macro,a,0.25,7,0.15240894411795125,0.1516957491597107,0.315883995362434,-0.09710835908051965,0.4019262473164221,302,True
LEVEL,pooled,ip,real_macro,a,0.25,8,-0.17098825944569285,0.18518733928758555,0.35661301244317073,-0.47559432613837077,0.13361780724698508,301,True
LEVEL,pooled,ip,real_macro,a,0.25,9,0.18912466623677915,0.24668649828101613,0.44391605977573756,-0.21663851518070837,0.5948878476542667,300,True
LEVEL,pooled,ip,real_macro,a,0.25,10,0.0838728583419277,0.23758789195971713,0.7243357252566931,-0.30692444746776754,0.47467016415162294,299,True
LEVEL,pooled,ip,real_macro,a,0.25,11,0.16001902286074332,0.1948838182313917,0.41227825298944537,-0.16053633239131276,0.4805743781127994,298,True
LEVEL,pooled,ip,real_macro,a,0.25,12,-0.07621031050026583,0.2449424268253016,0.7559265909534939,-0.47910474965815875,0.3266841286576271,297,True
LEVEL,pooled,ip,real_macro,a,0.25,13,0.3710555854618125,0.1828458363256939,0.04336313426931226,0.07030094840851964,0.6718102225151054,296,True
LEVEL,pooled,ip,real_macro,a,0.25,14,-0.1945211659290349,0.24480382066790213,0.42751668106248175,-0.5971876182462115,0.20814528638814167,295,True
LEVEL,pooled,ip,real_macro,a,0.25,15,0.2901329470419931,0.17502932007698016,0.09851313297874673,0.0022353350905221503,0.578030558993464,294,True
LEVEL,pooled,ip,real_macro,a,0.25,16,0.10662716102308423,0.1707190984625097,0.5327593717551121,-0.17418076727286036,0.3874350893190288,293,True
LEVEL,pooled,ip,real_macro,a,0.25,17,-0.0042897296885939795,0.17292253235027324,0.9802265182679741,-0.2887219842065742,0.28014252482938623,292,True
LEVEL,pooled,ip,real_macro,a,0.25,18,-0.14472309668169192,0.17995897972591984,0.42197084152539993,-0.4407292771863576,0.15128308382297379,291,True
LEVEL,pooled,ip,real_macro,a,0.25,19,0.015746811549149697,0.18495403156414658,0.9322125666497175,-0.28847549808843387,0.31996912118673326,290,True
LEVEL,pooled,ip,real_macro,a,0.25,20,-0.16854255063313062,0.16367266023431407,0.3040304033291252,-0.4377601194523381,0.10067501818607688,289,True
LEVEL,pooled,ip,real_macro,a,0.25,21,0.0498429785421548,0.18276138066799727,0.7852726403099067,-0.2507727413162592,0.3504586984005688,288,True
LEVEL,pooled,ip,real_macro,a,0.25,22,0.03700524303726049,0.18701172509229325,0.8432888778886419,-0.2706016712632497,0.3446121573377707,287,True
LEVEL,pooled,ip,real_macro,a,0.25,23,0.31605039847113936,0.19320962463884284,0.10304011229283974,-0.0017511533779938082,0.6338519503202725,286,True
LEVEL,pooled,ip,real_macro,a,0.25,24,0.09379679144985431,0.19313780271073439,0.6276098861671524,-0.22388662384033503,0.41148020674004365,285,True
LEVEL,pooled,cpi,real_macro,a,0.25,0,-0.1753408363199469,0.06985015040814443,0.012599998911456153,-0.2902341095618891,-0.06044756307800467,309,True
LEVEL,pooled,cpi,real_macro,a,0.25,1,-0.05039470534711654,0.06934752971230565,0.46798922429990664,-0.16446124111452748,0.0636718304202944,308,True
LEVEL,pooled,cpi,real_macro,a,0.25,2,-0.10299517212342835,0.07469288051387338,0.16897253906980575,-0.22585402754412592,0.019863683297269216,307,True
LEVEL,pooled,cpi,real_macro,a,0.25,3,-0.08700145371113877,0.06690856095454008,0.19452224762444545,-0.19705624287131768,0.023053335449040133,306,True
LEVEL,pooled,cpi,real_macro,a,0.25,4,-0.06657570509383959,0.0703837557439443,0.3449864396541079,-0.18234668100773288,0.049195270820053705,305,True
LEVEL,pooled,cpi,real_macro,a,0.25,5,0.1724180171875045,0.0625535209954878,0.006215841395410058,0.06952663129949131,0.27530940307551766,304,True
LEVEL,pooled,cpi,real_macro,a,0.25,6,-0.029295882857359068,0.07231645866636383,0.6856987774665265,-0.14824587218301383,0.08965410646829569,303,True
LEVEL,pooled,cpi,real_macro,a,0.25,7,0.02772874770479916,0.07614546566779092,0.7160095175836028,-0.09751939767477552,0.15297689308437384,302,True
LEVEL,pooled,cpi,real_macro,a,0.25,8,0.057658687457519175,0.07575565298409498,0.4472138864825885,-0.06694827311544657,0.18226564803048492,301,True
LEVEL,pooled,cpi,real_macro,a,0.25,9,0.09074407010971797,0.07041067159612724,0.19851506580418074,-0.02507117844126093,0.20655931866069688,300,True
LEVEL,pooled,cpi,real_macro,a,0.25,10,0.15744792588975898,0.09790381607869279,0.10890078323041151,-0.0035895210796687282,0.31848537285918666,299,True
LEVEL,pooled,cpi,real_macro,a,0.25,11,0.05385526744807656,0.06827422312537286,0.43088208988262333,-0.05844583608698707,0.16615637098314018,298,True
LEVEL,pooled,cpi,real_macro,a,0.25,12,0.07797447112663036,0.07108828155178032,0.2736314924439069,-0.03895534661756292,0.19490428887082364,297,True
LEVEL,pooled,cpi,real_macro,a,0.25,13,0.03932576731394022,0.0754570892060107,0.6026592481688825,-0.08479009954576726,0.1634416341736477,296,True
LEVEL,pooled,cpi,real_macro,a,0.25,14,0.054593745069935196,0.08057739649962006,0.4986260770671344,-0.07794427781277172,0.1871317679526421,295,True
LEVEL,pooled,cpi,real_macro,a,0.25,15,0.11436369877318242,0.07958050524875775,0.15181123269626245,-0.016534583919867424,0.24526198146623227,294,True
LEVEL,pooled,cpi,real_macro,a,0.25,16,0.018578566712827177,0.07509557215573633,0.8047814372713902,-0.10494265751553171,0.14209979094118608,293,True
LEVEL,pooled,cpi,real_macro,a,0.25,17,-0.05802199723182877,0.07257453948937745,0.4246938711789949,-0.17739649173526412,0.061352497271606576,292,True
LEVEL,pooled,cpi,real_macro,a,0.25,18,-0.2081216418433769,0.08933375094525839,0.020540348261974494,-0.35506258609486463,-0.06118069759188913,291,True
LEVEL,pooled,cpi,real_macro,a,0.25,19,-0.08806283538112325,0.09694502609511728,0.36447044910833687,-0.24752321316858203,0.07139754240633553,290,True
LEVEL,pooled,cpi,real_macro,a,0.25,20,0.043789549529677174,0.10534190623609127,0.6779612324452723,-0.12948246701273947,0.21706156607209381,289,True
LEVEL,pooled,cpi,real_macro,a,0.25,21,0.11161547498154212,0.07222376152798617,0.12340078245805045,-0.007182041119844135,0.23041299108292837,288,True
LEVEL,pooled,cpi,real_macro,a,0.25,22,0.05221072783920633,0.0696237662114749,0.45396185079008267,-0.062310176535759515,0.16673163221417217,287,True
LEVEL,pooled,cpi,real_macro,a,0.25,23,-0.16390821825144997,0.07267723361558644,0.024910184560429996,-0.2834516295608468,-0.044364806942053164,286,True
LEVEL,pooled,cpi,real_macro,a,0.25,24,-0.10801022211422051,0.10214298536496658,0.2912518668458794,-0.27602048205943697,0.06000003783099592,285,True
LEVEL,pooled,infl_exp,real_macro,a,0.25,0,-0.09797841891042935,0.10642381837597284,0.3579887137514606,-0.273030022560173,0.0770731847393143,309,True
LEVEL,pooled,infl_exp,real_macro,a,0.25,1,-0.18664290526461969,0.1022155289772179,0.06886835060165128,-0.35477248883355983,-0.018513321695679513,308,True
LEVEL,pooled,infl_exp,real_macro,a,0.25,2,0.012292171818032216,0.08090756199029445,0.8793478173775189,-0.12078892496950466,0.1453732686055691,307,True
LEVEL,pooled,infl_exp,real_macro,a,0.25,3,0.12839689223043838,0.0773754584890217,0.09810865708411405,0.0011255886977379337,0.2556681957631388,306,True
LEVEL,pooled,infl_exp,real_macro,a,0.25,4,-0.0835946458036787,0.07580914096313704,0.2710691126346454,-0.2082895862729701,0.041100294665612686,305,True
LEVEL,pooled,infl_exp,real_macro,a,0.25,5,0.01156434244303739,0.07577501173893648,0.8788086572781256,-0.11307446044804267,0.13620314533411745,304,True
LEVEL,pooled,infl_exp,real_macro,a,0.25,6,0.12236235684907015,0.08260175248680487,0.13960197292040494,-0.01350543532139864,0.25823014901953895,303,True
LEVEL,pooled,infl_exp,real_macro,a,0.25,7,-0.008875509657618519,0.08480638579261333,0.9167215070822978,-0.14836960091724435,0.13061858160200732,302,True
LEVEL,pooled,infl_exp,real_macro,a,0.25,8,0.07747582828770305,0.07658779135679075,0.31258380113959927,-0.04849987810571682,0.20345153468112293,301,True
LEVEL,pooled,infl_exp,real_macro,a,0.25,9,0.04619160344004136,0.08846957299912606,0.601991953972038,-0.09932789458241917,0.1917111014625019,300,True
LEVEL,pooled,infl_exp,real_macro,a,0.25,10,0.06575700362879111,0.0877158505949273,0.45407827763911,-0.07852273136340851,0.21003673862099073,299,True
LEVEL,pooled,infl_exp,real_macro,a,0.25,11,-0.013332566664054468,0.10934935062750031,0.903043578410337,-0.1931962426484866,0.16653110932037765,298,True
LEVEL,pooled,infl_exp,real_macro,a,0.25,12,-0.011249968317613934,0.07866840230883815,0.8863880635950911,-0.14064797518178393,0.11814803854655606,297,True
LEVEL,pooled,infl_exp,real_macro,a,0.25,13,-0.021073436376731536,0.07899456379265321,0.7898406726421077,-0.1510079311405266,0.10886105838706353,296,True
LEVEL,pooled,infl_exp,real_macro,a,0.25,14,0.07708008019990586,0.0809402341949646,0.3417589204116302,-0.05605475758198322,0.21021491798179495,295,True
LEVEL,pooled,infl_exp,real_macro,a,0.25,15,0.08535111737589318,0.07538095274922231,0.25849227916953027,-0.03863951615672269,0.20934175090850904,294,True
LEVEL,pooled,infl_exp,real_macro,a,0.25,16,-0.05581377053837855,0.06439813406961553,0.3868519358428601,-0.16173927493169282,0.050111733854935725,293,True
LEVEL,pooled,infl_exp,real_macro,a,0.25,17,0.1705710528539015,0.06744556022788374,0.011991496991705588,0.05963297849129297,0.28150912721651006,292,True
LEVEL,pooled,infl_exp,real_macro,a,0.25,18,-0.2588064224460993,0.09831744646409994,0.008955275834389109,-0.4205242308551813,-0.09708861403701732,291,True
LEVEL,pooled,infl_exp,real_macro,a,0.25,19,-0.12254487508759127,0.1053882580418905,0.24591732528738594,-0.29589313356589253,0.05080338339071,290,True
LEVEL,pooled,infl_exp,real_macro,a,0.25,20,-0.033315961265572014,0.07914197316124637,0.6741098076843265,-0.16349292286394418,0.09686100033280015,289,True
LEVEL,pooled,infl_exp,real_macro,a,0.25,21,-0.0796747525297512,0.11034253803611464,0.4708687963674376,-0.2611720764254851,0.10182257136598274,288,True
LEVEL,pooled,infl_exp,real_macro,a,0.25,22,0.0051490393603002005,0.07523017151921588,0.945482453399075,-0.11859358111926338,0.12889165983986378,287,True
LEVEL,pooled,infl_exp,real_macro,a,0.25,23,0.16102634381806524,0.07765781348618628,0.0390635197297208,0.033290607644190784,0.2887620799919397,286,True
LEVEL,pooled,infl_exp,real_macro,a,0.25,24,-0.03984045261922908,0.08404784619003,0.6358665417479444,-0.1780868572623594,0.09840595202390123,285,True
LEVEL,pooled,freight,physical_channel,a,0.25,0,-0.008645883823752143,0.0042203094630134256,0.04138226929078606,-0.015587675150847396,-0.00170409249665689,309,False
LEVEL,pooled,freight,physical_channel,a,0.25,1,-0.006322692622090731,0.005317672266265843,0.23540056390699868,-0.015069485136197358,0.002424099892015896,308,True
LEVEL,pooled,freight,physical_channel,a,0.25,2,0.003358426012597837,0.0052707821346067284,0.524506501929417,-0.0053112390983810626,0.012028091123576737,307,True
LEVEL,pooled,freight,physical_channel,a,0.25,3,-0.002617580993668156,0.004336632662712898,0.5465798129337264,-0.009750706957687686,0.004515544970351374,306,True
LEVEL,pooled,freight,physical_channel,a,0.25,4,-0.001980730119989005,0.003904720717002639,0.6123527408765715,-0.008403424153583349,0.004441963913605339,305,True
LEVEL,pooled,freight,physical_channel,a,0.25,5,-0.0009141514581049032,0.004683255717840225,0.8453764182518666,-0.008617421611535617,0.006789118695325811,304,True
LEVEL,pooled,freight,physical_channel,a,0.25,6,0.002684698653328821,0.004166676158913354,0.5198749853359053,-0.004168873738992039,0.00953827104564968,303,True
LEVEL,pooled,freight,physical_channel,a,0.25,7,0.0030532447854554057,0.004812640415245338,0.5263090943637214,-0.004862844256774128,0.01096933382768494,302,True
LEVEL,pooled,freight,physical_channel,a,0.25,8,0.0034512422380079677,0.004541105867542306,0.44787819841645354,-0.004018212218589607,0.010920696694605542,301,True
LEVEL,pooled,freight,physical_channel,a,0.25,9,-0.015859182783356296,0.003969850793977791,8.237884252302906e-05,-0.022389006260286847,-0.009329359306425745,300,True
LEVEL,pooled,freight,physical_channel,a,0.25,10,0.0038120069835126114,0.006784069947959016,0.5746219560780483,-0.007346795075880262,0.014970809042905485,299,True
LEVEL,pooled,freight,physical_channel,a,0.25,11,0.00588542018461391,0.004352398753235754,0.17737929329067142,-0.0012736386905849856,0.013044479059812805,298,True
LEVEL,pooled,freight,physical_channel,a,0.25,12,-0.003620353307800084,0.004611166926675003,0.4330356743517255,-0.011205047951620136,0.0039643413360199685,297,True
LEVEL,pooled,freight,physical_channel,a,0.25,13,0.005998179627791367,0.004300367533037393,0.164171933958069,-0.0010752955061495446,0.013071654761732278,296,True
LEVEL,pooled,freight,physical_channel,a,0.25,14,0.0016197011019540852,0.004595561937431839,0.7247657774896955,-0.0059393256187108105,0.009178727822618981,295,True
LEVEL,pooled,freight,physical_channel,a,0.25,15,-0.001555811646232197,0.005612591140938438,0.7818308889790893,-0.010787702541000489,0.007676079248536095,294,True
LEVEL,pooled,freight,physical_channel,a,0.25,16,-0.013823500149148543,0.006386179580174553,0.031266686615059186,-0.024327830793962085,-0.0033191695043349994,293,False
LEVEL,pooled,freight,physical_channel,a,0.25,17,0.0026413733530778194,0.004736040149793906,0.5774859956002875,-0.005148719464698481,0.01043146617085412,292,True
LEVEL,pooled,freight,physical_channel,a,0.25,18,-0.01348137111079617,0.004339613922132177,0.0020891817739930054,-0.020619400810184384,-0.006343341411407955,291,True
LEVEL,pooled,freight,physical_channel,a,0.25,19,0.008827285984249034,0.00408797692568532,0.03168617774192454,0.002103162311141606,0.015551409657356461,290,True
LEVEL,pooled,freight,physical_channel,a,0.25,20,0.0037085366800688746,0.005872094209203412,0.5282038478568529,-0.005950198777740095,0.013367272137877844,289,True
LEVEL,pooled,freight,physical_channel,a,0.25,21,0.0015860010902620791,0.0037881573730799206,0.6757827548586148,-0.00464496330431139,0.007816965484835549,288,True
LEVEL,pooled,freight,physical_channel,a,0.25,22,-0.0006990572249905291,0.004327405752921459,0.8717861224469999,-0.007817006272974058,0.006418891822992999,287,True
LEVEL,pooled,freight,physical_channel,a,0.25,23,0.004305954617683516,0.0043804122003779375,0.32647993630276,-0.0028991822776506136,0.011511091513017647,286,True
LEVEL,pooled,freight,physical_channel,a,0.25,24,0.0011831683025400608,0.004809890742731113,0.8058788676960115,-0.006728397930881522,0.009094734535961643,285,True
LEVEL,pooled,oil,asset_price,a,0.5,0,-0.01654408104348906,0.027015016694134624,0.5407428201926786,-0.06097982923499097,0.027891667148012847,309,True
LEVEL,pooled,oil,asset_price,a,0.5,1,-0.05366821581770975,0.028003510545034117,0.056273178696490636,-0.09972989170508292,-0.007606539930336588,308,True
LEVEL,pooled,oil,asset_price,a,0.5,2,0.005524842568532667,0.02967961880027005,0.8524564317884054,-0.04329378606162863,0.05434347119869396,307,True
LEVEL,pooled,oil,asset_price,a,0.5,3,-0.0363158136262296,0.031070931986639846,0.24343611042830296,-0.08742294879721665,0.014791321544757464,306,True
LEVEL,pooled,oil,asset_price,a,0.5,4,0.020685297892306664,0.031300811207345354,0.5092281323569182,-0.030799954948618632,0.07217055073323196,305,True
LEVEL,pooled,oil,asset_price,a,0.5,5,-0.03713936996780645,0.02754352241812629,0.17858558812883618,-0.08244443271628066,0.008165692780667762,304,True
LEVEL,pooled,oil,asset_price,a,0.5,6,0.0003039052349329552,0.027937811843676556,0.9913283533421521,-0.045649705905226226,0.046257516375092136,303,True
LEVEL,pooled,oil,asset_price,a,0.5,7,-0.011890008213137904,0.02765619110882201,0.6675737945858728,-0.057380394466146845,0.03360037803987104,302,True
LEVEL,pooled,oil,asset_price,a,0.5,8,0.01848156040553084,0.029075796534294644,0.5255216027113162,-0.02934386898040675,0.06630698979146843,301,True
LEVEL,pooled,oil,asset_price,a,0.5,9,-0.011229447698916595,0.02666485293140086,0.673974321285435,-0.055089227755258895,0.032630332357425705,300,True
LEVEL,pooled,oil,asset_price,a,0.5,10,0.08272416719778342,0.026900773916824015,0.0023080609877496566,0.03847633165289387,0.12697200274267295,299,True
LEVEL,pooled,oil,asset_price,a,0.5,11,0.0064365565178634565,0.0317848194304544,0.8396676399698254,-0.04584481900431709,0.058717932040044,298,True
LEVEL,pooled,oil,asset_price,a,0.5,12,-0.036076403269929,0.031658597940105844,0.2554394174898956,-0.0881501629159105,0.0159973563760525,297,True
LEVEL,pooled,oil,asset_price,a,0.5,13,0.0024523743685644916,0.031435933732544,0.9378739751744012,-0.049255135248016634,0.05415988398514562,296,True
LEVEL,pooled,oil,asset_price,a,0.5,14,0.008172734358913303,0.02944157409197896,0.7815299803809534,-0.040254345569438785,0.05659981428726539,295,True
LEVEL,pooled,oil,asset_price,a,0.5,15,0.003236246548106614,0.029436464059715475,0.9125356682601085,-0.045182428125143045,0.05165492122135627,294,True
LEVEL,pooled,oil,asset_price,a,0.5,16,-0.005557603712031067,0.029246328829101078,0.8494258462312165,-0.05366353376159338,0.04254832633753124,293,True
LEVEL,pooled,oil,asset_price,a,0.5,17,-0.05144498167790079,0.029828480735492265,0.08569423164364483,-0.10050846640212736,-0.0023814969536742198,292,True
LEVEL,pooled,oil,asset_price,a,0.5,18,-0.05010637061552359,0.028867962637755762,0.0837274122809296,-0.09758994366293575,-0.002622797568111436,291,True
LEVEL,pooled,oil,asset_price,a,0.5,19,0.07025451352731032,0.03084601123763068,0.023516069606977788,0.019517340066107634,0.12099168698851301,290,True
LEVEL,pooled,oil,asset_price,a,0.5,20,0.0137249571312541,0.03069945438832308,0.65517284937754,-0.036771151764810404,0.06422106602731861,289,True
LEVEL,pooled,oil,asset_price,a,0.5,21,0.003906880539356727,0.030321999696162324,0.8975737135243569,-0.04596837063729731,0.05378213171601076,288,True
LEVEL,pooled,oil,asset_price,a,0.5,22,0.014809503046583572,0.030789928902222933,0.6309122067160405,-0.03583542318181578,0.06545442927498293,287,True
LEVEL,pooled,oil,asset_price,a,0.5,23,0.008505506924326056,0.029860758329717737,0.7759842829189129,-0.04061106971783155,0.05762208356648366,286,True
LEVEL,pooled,oil,asset_price,a,0.5,24,0.005203241642270484,0.03060825774315973,0.8651411381745319,-0.04514286212123128,0.05554934540577225,285,True
LEVEL,pooled,dxy,asset_price,a,0.5,0,-0.005160780300638438,0.0049035660185415,0.2934523627880221,-0.013226428651232414,0.0029048680499555377,309,True
LEVEL,pooled,dxy,asset_price,a,0.5,1,0.00020601925347542988,0.005233957295272254,0.9686284568685191,-0.008403074386962254,0.008815112893913114,308,True
LEVEL,pooled,dxy,asset_price,a,0.5,2,0.0055467721138668935,0.005233149493048126,0.29004940677575414,-0.0030609928101525755,0.014154537037886362,307,True
LEVEL,pooled,dxy,asset_price,a,0.5,3,0.004896236658573416,0.005314826972684838,0.3576850919299594,-0.003845875764066753,0.013638349081213585,306,True
LEVEL,pooled,dxy,asset_price,a,0.5,4,0.0005754518771075509,0.005304462971187693,0.9136861593310505,-0.008149613280080308,0.00930051703429541,305,True
LEVEL,pooled,dxy,asset_price,a,0.5,5,-0.004891906843255356,0.0051572082838576205,0.34363566221696557,-0.013374759593902741,0.0035909459073920295,304,True
LEVEL,pooled,dxy,asset_price,a,0.5,6,-0.0009416510024660152,0.0056442516072652636,0.8676176221858249,-0.01022561873010296,0.00834231672517093,303,True
LEVEL,pooled,dxy,asset_price,a,0.5,7,-0.01098705851522419,0.005456846341004725,0.044997918033568333,-0.01996277201094268,-0.0020113450195056986,302,True
LEVEL,pooled,dxy,asset_price,a,0.5,8,-0.008966976263753451,0.0055152844469775605,0.10508097116877135,-0.018038811890033535,0.00010485936252663426,301,True
LEVEL,pooled,dxy,asset_price,a,0.5,9,0.0033864796348238857,0.0052856911276596774,0.5222383248650495,-0.005307708587452352,0.012080667857100123,300,True
LEVEL,pooled,dxy,asset_price,a,0.5,10,-0.0032410538854721546,0.005367270196466199,0.546420267289572,-0.012069427734958123,0.0055873199640138135,299,True
LEVEL,pooled,dxy,asset_price,a,0.5,11,0.0030018084375116605,0.00548385921309858,0.5845408808465921,-0.006018337278844786,0.012021954153868107,298,True
LEVEL,pooled,dxy,asset_price,a,0.5,12,0.002997722572870224,0.005314603248176564,0.5731641915038558,-0.005744021855701072,0.01173946700144152,297,True
LEVEL,pooled,dxy,asset_price,a,0.5,13,-0.001494575388357386,0.0054306863802591815,0.7833569784044573,-0.010427259577762662,0.00743810880104789,296,True
LEVEL,pooled,dxy,asset_price,a,0.5,14,-0.014111469123663734,0.0054556595323706734,0.010196550403164195,-0.023085230492896007,-0.005137707754431458,295,True
LEVEL,pooled,dxy,asset_price,a,0.5,15,0.0029215948163917316,0.005746028513768948,0.6115349120925028,-0.0065297810250477,0.012372970657831163,294,True
LEVEL,pooled,dxy,asset_price,a,0.5,16,-0.00484239559723779,0.005444814061262232,0.3745762262806126,-0.013798317753981349,0.004113526559505769,293,True
LEVEL,pooled,dxy,asset_price,a,0.5,17,-0.0059234668519677625,0.005722023204488918,0.3014728467999888,-0.015335357473371844,0.0034884237694363194,292,True
LEVEL,pooled,dxy,asset_price,a,0.5,18,-0.01072109059343479,0.00578691561835168,0.06499709674429469,-0.02023971973714267,-0.0012024614497269086,291,True
LEVEL,pooled,dxy,asset_price,a,0.5,19,-0.008349577878898937,0.005855324001890673,0.15500402484686582,-0.01798072880038482,0.0012815730425869455,290,True
LEVEL,pooled,dxy,asset_price,a,0.5,20,-0.0017177840866308136,0.0057050459611476005,0.7635664774881242,-0.011101749627749293,0.007666181454487666,289,True
LEVEL,pooled,dxy,asset_price,a,0.5,21,-0.004350258296905912,0.005623068264791859,0.4398077463903179,-0.013599382526844523,0.0048988659330326985,288,True
LEVEL,pooled,dxy,asset_price,a,0.5,22,-0.0004800331225042892,0.0058127622692081245,0.9342439401986828,-0.010041176223617942,0.009081109978609364,287,True
LEVEL,pooled,dxy,asset_price,a,0.5,23,-0.010245273291778323,0.005650626804258579,0.07091525891318018,-0.019539727285312253,-0.000950819298244393,286,True
LEVEL,pooled,dxy,asset_price,a,0.5,24,0.0032136732568573594,0.0055091180525798315,0.5601514929589171,-0.005848019553232408,0.012275366066947128,285,True
LEVEL,pooled,vix,asset_price,a,0.5,0,-0.4196995572083324,0.9896246089622097,0.671802152871295,-2.0474871845802554,1.2080880701635905,309,True
LEVEL,pooled,vix,asset_price,a,0.5,1,-2.3219021583245194,1.1209006756601554,0.03918776584079359,-4.165619700136482,-0.47818461651255695,308,True
LEVEL,pooled,vix,asset_price,a,0.5,2,-1.999563775181059,1.2501046193582077,0.11078345257921435,-4.055802892401196,0.05667534203907865,307,True
LEVEL,pooled,vix,asset_price,a,0.5,3,-2.293671902346432,1.32135208335534,0.08364484246762191,-4.467102669133347,-0.12024113555951699,306,True
LEVEL,pooled,vix,asset_price,a,0.5,4,-1.5380892967805266,1.3701337517731373,0.26253985427885346,-3.7917587677932,0.7155801742321466,305,False
LEVEL,pooled,vix,asset_price,a,0.5,5,-1.4055437340375647,1.4010655286424443,0.3166024857883632,-3.710091450421771,0.8990039823466414,304,True
LEVEL,pooled,vix,asset_price,a,0.5,6,0.2766229669250606,1.4971878347606995,0.8535455393626429,-2.186031873308697,2.7392778071588184,303,True
LEVEL,pooled,vix,asset_price,a,0.5,7,-1.3678903198087937,1.5122479672697586,0.366464619458198,-3.8553168736224475,1.11953623400486,302,True
LEVEL,pooled,vix,asset_price,a,0.5,8,1.0262744056074098,1.5970098051170019,0.5209821186093663,-1.6005729646163545,3.653121775831174,301,True
LEVEL,pooled,vix,asset_price,a,0.5,9,1.116644444884514,1.6005020795153178,0.4859417302376631,-1.51594720554963,3.749236095318658,300,True
LEVEL,pooled,vix,asset_price,a,0.5,10,-0.916048097613384,1.584835006534258,0.563714791812042,-3.5228697062309187,1.6907735110041506,299,True
LEVEL,pooled,vix,asset_price,a,0.5,11,0.5852767992764711,1.8116388756193778,0.7468838830421989,-2.394603976012349,3.5651575745652915,298,True
LEVEL,pooled,vix,asset_price,a,0.5,12,0.9034863365059209,1.8807704398122367,0.6313276370856931,-2.190105742882352,3.997078415894194,297,True
LEVEL,pooled,vix,asset_price,a,0.5,13,-0.419834473139872,1.8428662246421865,0.8199543509904188,-3.451079666728939,2.611410720449195,296,True
LEVEL,pooled,vix,asset_price,a,0.5,14,-0.4453232470741568,1.8331277636050145,0.8082362143208233,-3.4605500977053056,2.569903603556992,295,True
LEVEL,pooled,vix,asset_price,a,0.5,15,-0.9477377351838641,1.8467635380993261,0.608224162087109,-3.985393438948274,2.089917968580546,294,True
LEVEL,pooled,vix,asset_price,a,0.5,16,-1.2114232546664425,1.882805242506348,0.5204839906222237,-4.308362286646255,1.88551577731337,293,False
LEVEL,pooled,vix,asset_price,a,0.5,17,-1.2226546412566677,1.7742306741983045,0.4913236333673287,-4.141004400760305,1.6956951182469693,292,True
LEVEL,pooled,vix,asset_price,a,0.5,18,-1.9691044171816685,1.7953132839587758,0.2736802415560028,-4.922131983815419,0.9839231494520821,291,True
LEVEL,pooled,vix,asset_price,a,0.5,19,-1.3406933063193947,1.8487745727187255,0.4689563350151539,-4.381656867671449,1.7002702550326592,290,True
LEVEL,pooled,vix,asset_price,a,0.5,20,-2.20532479179019,1.7856213501336229,0.21786747632981796,-5.142410545919464,0.7317609623390844,289,True
LEVEL,pooled,vix,asset_price,a,0.5,21,-2.793367429593218,1.804831303925428,0.12284474076515788,-5.762050745890512,0.17531588670407716,288,True
LEVEL,pooled,vix,asset_price,a,0.5,22,-2.280993482644817,1.8107848743833892,0.20886384566908842,-5.259469550903201,0.6974825856135665,287,True
LEVEL,pooled,vix,asset_price,a,0.5,23,-2.957306755452805,1.8307722242879063,0.10739791573578754,-5.968659088694782,0.05404557778917152,286,True
LEVEL,pooled,vix,asset_price,a,0.5,24,-2.4436216629364935,1.8213250286558333,0.18082535681622636,-5.439434742178535,0.5521914163055479,285,True
LEVEL,pooled,us10y,asset_price,a,0.5,0,0.026897558494712925,0.07332220239089622,0.7140009341960611,-0.09370673204402263,0.14750184903344848,309,True
LEVEL,pooled,us10y,asset_price,a,0.5,1,0.09387897516465316,0.0729874919188845,0.19937349517539857,-0.026174765640215272,0.21393271596952157,308,True
LEVEL,pooled,us10y,asset_price,a,0.5,2,0.02893125437615618,0.07254909483498306,0.6903444990192034,-0.09040138739521203,0.1482638961475244,307,True
LEVEL,pooled,us10y,asset_price,a,0.5,3,-0.10451564354608234,0.0753009928115975,0.16620378617312365,-0.22837475468528523,0.019343467593120542,306,True
LEVEL,pooled,us10y,asset_price,a,0.5,4,-0.028959089359513968,0.07830904125103123,0.7117966341507054,-0.15776599988436515,0.09984782116533722,305,True
LEVEL,pooled,us10y,asset_price,a,0.5,5,0.007347612665412839,0.07679888845073805,0.9238460256541184,-0.11897531754862517,0.13367054287945085,304,True
LEVEL,pooled,us10y,asset_price,a,0.5,6,0.05050909211077936,0.07661182821744195,0.510237229445957,-0.07550615140006317,0.1765243356216219,303,True
LEVEL,pooled,us10y,asset_price,a,0.5,7,-0.0263831617750232,0.07740443849151515,0.7334663912075465,-0.15370213316993403,0.10093580961988763,302,True
LEVEL,pooled,us10y,asset_price,a,0.5,8,-0.018340098108842073,0.07664069261135846,0.8110439652860617,-0.14440281932270793,0.10772262310502378,301,True
LEVEL,pooled,us10y,asset_price,a,0.5,9,0.026317947769079808,0.07524262006810681,0.7267653833701923,-0.0974451487512773,0.15008104428943692,300,True
LEVEL,pooled,us10y,asset_price,a,0.5,10,0.05899561634285977,0.07518972601528627,0.43332611123978576,-0.06468047720287132,0.18267170988859086,299,True
LEVEL,pooled,us10y,asset_price,a,0.5,11,-0.1783574776423884,0.07527625774415785,0.018487058518799386,-0.3021759032162003,-0.054539052068576524,298,True
LEVEL,pooled,us10y,asset_price,a,0.5,12,0.04551946428680442,0.07814565449033649,0.5606970083527799,-0.08301869893212216,0.174057627505731,297,True
LEVEL,pooled,us10y,asset_price,a,0.5,13,0.04456240247561993,0.07838289873939645,0.5701330184091542,-0.08436599280684631,0.17349079775808618,296,True
LEVEL,pooled,us10y,asset_price,a,0.5,14,-0.06019852849241403,0.07506526798389596,0.4232600284673837,-0.1836699067938095,0.06327284980898146,295,True
LEVEL,pooled,us10y,asset_price,a,0.5,15,-0.02770826734500531,0.0757515182338919,0.714806644375859,-0.15230842685910298,0.09689189216909236,294,True
LEVEL,pooled,us10y,asset_price,a,0.5,16,-0.11578893328678852,0.0742716474243797,0.12013175343051025,-0.23795492193244044,0.00637705535886339,293,True
LEVEL,pooled,us10y,asset_price,a,0.5,17,0.05746426810774796,0.08020089105440575,0.47428160974191,-0.07445445842783122,0.18938299464332714,292,True
LEVEL,pooled,us10y,asset_price,a,0.5,18,0.1128286779974168,0.08230185196032462,0.17151180412731704,-0.02254582170434627,0.24820317769917988,291,True
LEVEL,pooled,us10y,asset_price,a,0.5,19,0.010792862952328064,0.07757894696541554,0.889455968786943,-0.1168131493388116,0.13839887524346772,290,True
LEVEL,pooled,us10y,asset_price,a,0.5,20,0.05725423483537696,0.08071766804763486,0.4787300930591923,-0.0755145142118402,0.19002298388259414,289,True
LEVEL,pooled,us10y,asset_price,a,0.5,21,0.05664379601368097,0.07720641592920606,0.46377902877704313,-0.07034945725139755,0.18363704927875948,288,True
LEVEL,pooled,us10y,asset_price,a,0.5,22,-0.05001194108611262,0.07705718930258633,0.5168686822631807,-0.17675973839315792,0.07673585622093268,287,True
LEVEL,pooled,us10y,asset_price,a,0.5,23,-0.014322479631061924,0.07594020233306313,0.8505453470815905,-0.13923299687002946,0.11058803760790561,286,False
LEVEL,pooled,us10y,asset_price,a,0.5,24,0.10186514703660954,0.07692894039700933,0.18657029168401842,-0.02467169959294488,0.22840199366616395,285,True
LEVEL,pooled,ip,real_macro,a,0.5,0,0.18016346953734885,0.1635595139539786,0.27156993183421085,-0.08886799021227276,0.44919492928697047,309,True
LEVEL,pooled,ip,real_macro,a,0.5,1,-0.13090643045631367,0.15818938831341983,0.40860803299595483,-0.3911048195688771,0.12929195865624976,308,True
LEVEL,pooled,ip,real_macro,a,0.5,2,0.030416805701586114,0.1586117704946133,0.8480560590635086,-0.23047634027367309,0.2913099516768453,307,True
LEVEL,pooled,ip,real_macro,a,0.5,3,0.3705803107862664,0.17823379138212872,0.03847332633768843,0.07741181258605995,0.6637488089864729,306,True
LEVEL,pooled,ip,real_macro,a,0.5,4,0.012728089086603944,0.18429095328210496,0.9449851657950361,-0.2904035538338107,0.3158597320070186,305,True
LEVEL,pooled,ip,real_macro,a,0.5,5,0.1699892940656651,0.1799568210222147,0.34564355117526874,-0.12601333568738166,0.46599192381871185,304,True
LEVEL,pooled,ip,real_macro,a,0.5,6,0.22599198397817977,0.1864002889434743,0.22634892803597162,-0.08060920735529631,0.5325931753116558,303,True
LEVEL,pooled,ip,real_macro,a,0.5,7,0.17347248459845943,0.18394520106439213,0.34643751545062007,-0.12909044653262375,0.4760354157295426,302,True
LEVEL,pooled,ip,real_macro,a,0.5,8,-0.10804396528857296,0.1872094201713295,0.5643048131242878,-0.41597605905686635,0.19988812847972043,301,False
LEVEL,pooled,ip,real_macro,a,0.5,9,0.10469193652740927,0.1811189293258928,0.5636995848448673,-0.19322219128385287,0.4026060643386714,300,True
LEVEL,pooled,ip,real_macro,a,0.5,10,-0.13915495107727338,0.18054474693612327,0.441493316198667,-0.43612463290219144,0.15781473074764468,299,True
LEVEL,pooled,ip,real_macro,a,0.5,11,-0.01531113044580934,0.18518223460897293,0.9341631015462165,-0.3199088006893569,0.2892865397977382,298,True
LEVEL,pooled,ip,real_macro,a,0.5,12,0.05861051831999475,0.1766865931652324,0.7403460461414934,-0.23201306528153692,0.34923410192152643,297,True
LEVEL,pooled,ip,real_macro,a,0.5,13,0.21284889138076368,0.18030680793856843,0.238803423856376,-0.08372941562103309,0.5094271983825605,296,True
LEVEL,pooled,ip,real_macro,a,0.5,14,-0.08550279907215952,0.17953908321425296,0.6342770231313444,-0.3808183112766657,0.20981271313234667,295,True
LEVEL,pooled,ip,real_macro,a,0.5,15,0.2095604235381785,0.18076568029120413,0.24732436417970666,-0.08777266131715888,0.5068935083935159,294,True
LEVEL,pooled,ip,real_macro,a,0.5,16,0.058651174536716866,0.17853357914199405,0.7427678214755774,-0.23501043064761978,0.3523127797210535,293,True
LEVEL,pooled,ip,real_macro,a,0.5,17,-0.2067603251023229,0.18102372055312715,0.2543650810608773,-0.5045178484183839,0.09099719821373808,292,True
LEVEL,pooled,ip,real_macro,a,0.5,18,-0.276337014477928,0.18467138373719244,0.1356953411447491,-0.5800944098121961,0.027420380856340076,291,True
LEVEL,pooled,ip,real_macro,a,0.5,19,-0.08915797323408126,0.19281000501011067,0.6441490567705049,-0.40630220928749333,0.22798626281933082,290,True
LEVEL,pooled,ip,real_macro,a,0.5,20,0.0025748136125258725,0.1945023680575124,0.9894475471106925,-0.3173531119375236,0.3225027391625753,289,True
LEVEL,pooled,ip,real_macro,a,0.5,21,-0.03818559196993476,0.19337045305237094,0.8436032206076788,-0.35625168301837645,0.27988049907850693,288,True
LEVEL,pooled,ip,real_macro,a,0.5,22,-0.044635207266491506,0.19257310485724408,0.8168800601846898,-0.3613897772442356,0.2721193627112526,287,True
LEVEL,pooled,ip,real_macro,a,0.5,23,0.21413349077077726,0.19021052241766684,0.26125478324729956,-0.09873497691225636,0.5270019584538108,286,True
LEVEL,pooled,ip,real_macro,a,0.5,24,0.031506871484245025,0.2026683420892676,0.8765742181349213,-0.3018528860695285,0.36486662903801853,285,True
LEVEL,pooled,cpi,real_macro,a,0.5,0,-0.06577278426632915,0.060424894108819925,0.2772607980058181,-0.16516289049938027,0.033617321966721944,309,True
LEVEL,pooled,cpi,real_macro,a,0.5,1,-0.06642518163423894,0.06794634995843557,0.3290698838920027,-0.17818698180148568,0.045336618533007814,308,True
LEVEL,pooled,cpi,real_macro,a,0.5,2,-0.12079504868849211,0.0684896966611381,0.0788252316077625,-0.23345057465037128,-0.00813952272661296,307,True
LEVEL,pooled,cpi,real_macro,a,0.5,3,-0.032994437097048745,0.07189871001387654,0.6466461885255033,-0.1512572910365057,0.08526841684240823,306,True
LEVEL,pooled,cpi,real_macro,a,0.5,4,-0.003672304188285125,0.07269008760429084,0.9597426604749631,-0.12323685842762316,0.11589225005105291,305,True
LEVEL,pooled,cpi,real_macro,a,0.5,5,0.043690684519855694,0.07056696120406313,0.5363115429297783,-0.07238163755959136,0.15976300659930276,304,True
LEVEL,pooled,cpi,real_macro,a,0.5,6,0.019659058686777087,0.07103616837606933,0.7821720745905851,-0.09718504051133602,0.1365031578848902,303,True
LEVEL,pooled,cpi,real_macro,a,0.5,7,-0.04857102099319732,0.07116503980847604,0.4954636026604173,-0.16562709483431504,0.06848505284792039,302,True
LEVEL,pooled,cpi,real_macro,a,0.5,8,-0.04946959926034111,0.07375392562906999,0.5029265218834225,-0.17078401133322602,0.0718448128125438,301,True
LEVEL,pooled,cpi,real_macro,a,0.5,9,0.04323228036176552,0.0679049110608654,0.5248561420984448,-0.06846135888451607,0.1549259196080471,300,True
LEVEL,pooled,cpi,real_macro,a,0.5,10,0.056093488875774256,0.06746476011485562,0.406416241888281,-0.05487616649055704,0.16706314424210555,299,True
LEVEL,pooled,cpi,real_macro,a,0.5,11,0.03089554375070236,0.06982080283090858,0.6584659165478036,-0.08394945702238124,0.14574054452378596,298,True
LEVEL,pooled,cpi,real_macro,a,0.5,12,0.011995237855600749,0.0712854847146881,0.8664907439477858,-0.1052589502263477,0.12924942593754918,297,True
LEVEL,pooled,cpi,real_macro,a,0.5,13,-0.004587404674516904,0.0697634067080786,0.9476181987882293,-0.11933799722679064,0.11016318787775684,296,True
LEVEL,pooled,cpi,real_macro,a,0.5,14,-0.01686724979651899,0.07061172492123559,0.8113780149834332,-0.133013201638513,0.09927870204547502,295,True
LEVEL,pooled,cpi,real_macro,a,0.5,15,-0.07653257967668026,0.07207145959904862,0.28919676917325554,-0.19507958139786186,0.04201442204450136,294,True
LEVEL,pooled,cpi,real_macro,a,0.5,16,-0.059594435224363806,0.07132948916660754,0.40416181806942825,-0.17692100418865397,0.05773213373992636,293,True
LEVEL,pooled,cpi,real_macro,a,0.5,17,-0.03184582322608165,0.07098950469601956,0.6540703871480504,-0.148613167500818,0.08492152104865469,292,True
LEVEL,pooled,cpi,real_macro,a,0.5,18,-0.11387456907447557,0.06942149308112174,0.1020703701453671,-0.2280627637573452,0.0003136256083940414,291,True
LEVEL,pooled,cpi,real_macro,a,0.5,19,0.044393765046550016,0.07206368071718887,0.5383789899369326,-0.07414044155259096,0.162927971645691,290,False
LEVEL,pooled,cpi,real_macro,a,0.5,20,0.022273064936314313,0.07327199708303911,0.7613746342992597,-0.09824864521970025,0.14279477509232888,289,True
LEVEL,pooled,cpi,real_macro,a,0.5,21,0.06038390386123638,0.07182640585737687,0.40125338253798515,-0.057760020324158445,0.1785278280466312,288,True
LEVEL,pooled,cpi,real_macro,a,0.5,22,0.07164444952221771,0.07238492300492529,0.32316281607540337,-0.0474181536190367,0.19070705266347213,287,True
LEVEL,pooled,cpi,real_macro,a,0.5,23,0.014470447905353012,0.07376534605096861,0.8446246493912258,-0.10686274908991317,0.1358036449006192,286,True
LEVEL,pooled,cpi,real_macro,a,0.5,24,-0.011651073474013174,0.07249740859963788,0.8724413840664909,-0.1308986989537104,0.10759655200568405,285,True
LEVEL,pooled,infl_exp,real_macro,a,0.5,0,0.005810088260605362,0.07516515948166613,0.9384391804055409,-0.11782559693319902,0.12944577345440975,309,True
LEVEL,pooled,infl_exp,real_macro,a,0.5,1,-0.1416034757411464,0.07555129158092172,0.06188485059306896,-0.2658742917188937,-0.01733265976339908,308,True
LEVEL,pooled,infl_exp,real_macro,a,0.5,2,-0.005663798831789579,0.07653689256368386,0.9410601648222212,-0.13155578416076014,0.12022818649718098,307,True
LEVEL,pooled,infl_exp,real_macro,a,0.5,3,0.06735200950173637,0.07580875702665837,0.37503199986598446,-0.057342299448245565,0.1920463184517183,306,True
LEVEL,pooled,infl_exp,real_macro,a,0.5,4,0.01091339737998931,0.07336868235476866,0.8818560193873098,-0.10976734589590241,0.13159414065588104,305,True
LEVEL,pooled,infl_exp,real_macro,a,0.5,5,-0.01955130313991038,0.07251312404413436,0.7876410230673141,-0.13882477822548678,0.09972217194566603,304,True
LEVEL,pooled,infl_exp,real_macro,a,0.5,6,0.05096569067096102,0.07107795067786835,0.4739288942933824,-0.06594713429780859,0.1678785156397306,303,True
LEVEL,pooled,infl_exp,real_macro,a,0.5,7,-0.04163403087279516,0.0743061429534359,0.5757076634600327,-0.16385675961452878,0.08058869786893846,302,True
LEVEL,pooled,infl_exp,real_macro,a,0.5,8,-0.052510815598644456,0.07500684283512848,0.4844442253462035,-0.17588609308218459,0.07086446188489567,301,True
LEVEL,pooled,infl_exp,real_macro,a,0.5,9,-0.02159492980308131,0.0718635655670394,0.7640148752119551,-0.139799976271691,0.09661011666552839,300,False
LEVEL,pooled,infl_exp,real_macro,a,0.5,10,-0.06252467614672241,0.07987104650196496,0.4343826204051589,-0.19390085667388918,0.06885150438044435,299,True
LEVEL,pooled,infl_exp,real_macro,a,0.5,11,0.009110144015628485,0.07882839058416247,0.9080755456662156,-0.12055102014347843,0.1387713081747354,298,True
LEVEL,pooled,infl_exp,real_macro,a,0.5,12,-0.003467348837175699,0.07715338903070636,0.9641860475753056,-0.13037338061593098,0.12343868294157959,297,True
LEVEL,pooled,infl_exp,real_macro,a,0.5,13,-0.04925984893365509,0.07761023557927828,0.5261333735594288,-0.17691732641478916,0.07839762854747898,296,True
LEVEL,pooled,infl_exp,real_macro,a,0.5,14,0.005081211778662276,0.0791499263205533,0.9488587694637455,-0.1251088316026416,0.13527125515996616,295,True
LEVEL,pooled,infl_exp,real_macro,a,0.5,15,0.02168763961005027,0.07834953690012718,0.7821331289024969,-0.10718588033009213,0.15056115955019267,294,False
LEVEL,pooled,infl_exp,real_macro,a,0.5,16,0.0018448761541519643,0.07903919549239989,0.9813947272548296,-0.12816303122284844,0.13185278353115237,293,False
LEVEL,pooled,infl_exp,real_macro,a,0.5,17,0.10759447693470592,0.07942049213504171,0.17659889296572395,-0.023040607607888314,0.23822956147730015,292,True
LEVEL,pooled,infl_exp,real_macro,a,0.5,18,-0.18357601228643716,0.07752632651365146,0.018575447555654143,-0.31109547163664086,-0.05605655293623346,291,True
LEVEL,pooled,infl_exp,real_macro,a,0.5,19,0.02339330072893564,0.0755670809131408,0.7571215665787053,-0.10090348638917936,0.14769008784705062,290,True
LEVEL,pooled,infl_exp,real_macro,a,0.5,20,0.06273676210023116,0.07662587891311196,0.41364301946536947,-0.06330159274834538,0.1887751169488077,289,True
LEVEL,pooled,infl_exp,real_macro,a,0.5,21,-2.031578679179102e-06,0.07955764902752421,0.999979643856038,-0.13086271913333464,0.1308586559759763,288,True
LEVEL,pooled,infl_exp,real_macro,a,0.5,22,1.7077364280927572e-05,0.0794277970012381,0.9998286079478468,-0.13063002261397083,0.13066417734253266,287,True
LEVEL,pooled,infl_exp,real_macro,a,0.5,23,0.011228292297901267,0.08030311894756721,0.8889026377051301,-0.12085858415852016,0.14331516875432268,286,True
LEVEL,pooled,infl_exp,real_macro,a,0.5,24,-0.03951235591602398,0.08034434012042845,0.6232675550076229,-0.1716670351681334,0.09264232333608544,285,False
LEVEL,pooled,freight,physical_channel,a,0.5,0,-0.0012109575369411152,0.003601436140470048,0.7369267054102037,-0.007134792834827385,0.004712877760945155,309,True
LEVEL,pooled,freight,physical_channel,a,0.5,1,-0.0036972126120136395,0.0038039776958524673,0.33188268068889726,-0.009954199121879073,0.002559773897851795,308,True
LEVEL,pooled,freight,physical_channel,a,0.5,2,5.258174469085358e-05,0.0037429712056240637,0.9888011435816842,-0.006104058018454812,0.006209221507836519,307,True
LEVEL,pooled,freight,physical_channel,a,0.5,3,-0.0013939456071497824,0.0039580994860202775,0.7249606965610534,-0.007904439902564994,0.005116548688265429,306,True
LEVEL,pooled,freight,physical_channel,a,0.5,4,-0.002215266630057302,0.0038140635063686743,0.5618144450785563,-0.008488842821931065,0.004058309561816462,305,True
LEVEL,pooled,freight,physical_channel,a,0.5,5,-0.002283285567048453,0.003696213029628069,0.5372338497537346,-0.008363014974817472,0.003796443840720566,304,True
LEVEL,pooled,freight,physical_channel,a,0.5,6,-0.0026457072203743513,0.003811244606572581,0.48812409737902535,-0.008914646734694498,0.0036232322939457953,303,True
LEVEL,pooled,freight,physical_channel,a,0.5,7,0.004709513721292025,0.003857973647283997,0.22318973963444075,-0.0016362882251262575,0.011055315667710307,302,False
LEVEL,pooled,freight,physical_channel,a,0.5,8,0.006013625527260313,0.0039236380036321745,0.12645978095904792,-0.0004401846738587029,0.01246743572837933,301,True
LEVEL,pooled,freight,physical_channel,a,0.5,9,-0.009004445023552785,0.003980283887848793,0.024431591623267225,-0.015551429412777379,-0.0024574606343281905,300,True
LEVEL,pooled,freight,physical_channel,a,0.5,10,0.0012176876780365248,0.003923204691694098,0.7564981964517993,-0.005235409788369545,0.0076707851444425944,299,True
LEVEL,pooled,freight,physical_channel,a,0.5,11,0.005563455141041118,0.003901728242741992,0.15499685585914388,-0.0008543167104120416,0.011981226992494279,298,True
LEVEL,pooled,freight,physical_channel,a,0.5,12,0.005306204037349813,0.0039031436837067787,0.17508014785702253,-0.0011138960073080123,0.011726304082007637,297,True
LEVEL,pooled,freight,physical_channel,a,0.5,13,-0.0001320772167999265,0.00405019351739033,0.9740085837944578,-0.006794052713734751,0.006529898280134898,296,True
LEVEL,pooled,freight,physical_channel,a,0.5,14,0.0058110268882253235,0.004103078535201325,0.1578068703687735,-0.000937936722067309,0.012559990498517956,295,True
LEVEL,pooled,freight,physical_channel,a,0.5,15,0.0011381946631116432,0.004083038912726662,0.7806335142467499,-0.005577806701470803,0.007854196027694089,294,True
LEVEL,pooled,freight,physical_channel,a,0.5,16,-0.0049150796957949106,0.004058979082178376,0.22695262267891705,-0.011591506160836169,0.0017613467692463485,293,True
LEVEL,pooled,freight,physical_channel,a,0.5,17,-0.0013515707494228812,0.004057664458590323,0.7393167995674796,-0.008025834851087255,0.005322693352241493,292,True
LEVEL,pooled,freight,physical_channel,a,0.5,18,-0.002184051604046033,0.003988138643785437,0.584382283134114,-0.008743955917061834,0.004375852708969768,291,True
LEVEL,pooled,freight,physical_channel,a,0.5,19,0.0030270778261311847,0.004064226661353096,0.45702014037742217,-0.003657980138548328,0.009712135790810698,290,True
LEVEL,pooled,freight,physical_channel,a,0.5,20,0.0013887647419944527,0.004069190054528371,0.7331475846905543,-0.005304457277951397,0.008081986761940302,289,True
LEVEL,pooled,freight,physical_channel,a,0.5,21,0.001499104158395036,0.003945272910855478,0.7042585056667122,-0.00499029229833899,0.007988500615129061,288,True
LEVEL,pooled,freight,physical_channel,a,0.5,22,-0.002175372563546163,0.004004597034288352,0.5874223932124623,-0.008762348519874468,0.004411603392782142,287,True
LEVEL,pooled,freight,physical_channel,a,0.5,23,0.0001591376406245848,0.003989263570758772,0.9682089052681032,-0.006402617012603362,0.006720892293852532,286,True
LEVEL,pooled,freight,physical_channel,a,0.5,24,-0.00010058009863078698,0.003978194239861111,0.9798479581000706,-0.006644127322783791,0.006442967125522217,285,True
LEVEL,pooled,oil,asset_price,a,0.75,0,0.007344244059432015,0.025276544919873415,0.7715953030102884,-0.03423197252882358,0.04892046064768761,309,True
LEVEL,pooled,oil,asset_price,a,0.75,1,-0.058329475739043346,0.026657269658351846,0.029447330579685602,-0.10217678242120681,-0.014482169056879879,308,True
LEVEL,pooled,oil,asset_price,a,0.75,2,0.04694402204082504,0.025628345141166527,0.06800784725598856,0.00478914558261314,0.08909889849903693,307,True
LEVEL,pooled,oil,asset_price,a,0.75,3,-0.0801034749906937,0.03714741734480885,0.03187137286634836,-0.14120553914218256,-0.01900141083920484,306,True
LEVEL,pooled,oil,asset_price,a,0.75,4,0.05772516841296493,0.027394114231808195,0.0359548601847072,0.012665860261652284,0.10278447656427758,305,True
LEVEL,pooled,oil,asset_price,a,0.75,5,0.001391760505612183,0.037823597933062635,0.9706729074901758,-0.0608225217389401,0.06360604275016446,304,True
LEVEL,pooled,oil,asset_price,a,0.75,6,-0.008804753623490313,0.03590153307531649,0.8064390217172357,-0.06785752051554289,0.05024801326856226,303,True
LEVEL,pooled,oil,asset_price,a,0.75,7,0.038150820565931554,0.02629993995644886,0.14797816337479117,-0.005108731060039298,0.0814103721919024,302,False
LEVEL,pooled,oil,asset_price,a,0.75,8,0.009427129511877297,0.03541739804898799,0.7902976513009542,-0.04882930612618459,0.06768356514993919,301,True
LEVEL,pooled,oil,asset_price,a,0.75,9,-0.01730849889021524,0.035291278107738196,0.6241937311589174,-0.0753574856854815,0.04074048790505102,300,True
LEVEL,pooled,oil,asset_price,a,0.75,10,0.02283506148526726,0.028611015266286823,0.42546460800806835,-0.02422587074624856,0.06989599371678308,299,True
LEVEL,pooled,oil,asset_price,a,0.75,11,-0.027377537079669167,0.03683420449273167,0.45793628560090005,-0.08796441193541107,0.03320933777607273,298,True
LEVEL,pooled,oil,asset_price,a,0.75,12,0.020008050840452096,0.027028386737898282,0.45975554721966244,-0.024449689116026962,0.06446579079693115,297,True
LEVEL,pooled,oil,asset_price,a,0.75,13,-0.030417155591795364,0.03342181023813243,0.3635475291573456,-0.08539114138127132,0.024556830197680603,296,True
LEVEL,pooled,oil,asset_price,a,0.75,14,0.04533422528788478,0.03357313620803151,0.1780023040700524,-0.009888669572031654,0.10055712014780122,295,True
LEVEL,pooled,oil,asset_price,a,0.75,15,-0.00988517799735078,0.028771392830236588,0.7314225520988147,-0.057209907846611015,0.037439551851909454,294,True
LEVEL,pooled,oil,asset_price,a,0.75,16,0.010539758557545298,0.03492613229931783,0.7630500412479544,-0.0469086168303746,0.0679881339454652,293,True
LEVEL,pooled,oil,asset_price,a,0.75,17,-0.07828699168004727,0.024159000198724304,0.001338368107158639,-0.11802501078044028,-0.038548972579654256,292,True
LEVEL,pooled,oil,asset_price,a,0.75,18,-0.0009683991901638933,0.027525495435753902,0.9719600351819913,-0.046243810191299896,0.04430701181097211,291,True
LEVEL,pooled,oil,asset_price,a,0.75,19,0.039611418902470774,0.039136077586720476,0.3123547955301323,-0.024761700260700625,0.10398453806564217,290,True
LEVEL,pooled,oil,asset_price,a,0.75,20,0.018207504533677366,0.035348021415186594,0.6069020895585768,-0.03993481669665062,0.07634982576400534,289,True
LEVEL,pooled,oil,asset_price,a,0.75,21,0.02624600290236856,0.02534774137871402,0.3013775896637297,-0.015447321439437105,0.06793932724417423,288,True
LEVEL,pooled,oil,asset_price,a,0.75,22,-0.002509410238619836,0.035161971325860505,0.9431577943692966,-0.060345706304725154,0.05532688582748548,287,True
LEVEL,pooled,oil,asset_price,a,0.75,23,-0.01767434003231827,0.026237902360194545,0.5011257938536986,-0.06083184889308286,0.02548316882844632,286,True
LEVEL,pooled,oil,asset_price,a,0.75,24,0.03635893966264714,0.026841880130860994,0.17668599559023598,-0.007792024224796225,0.0805099035500905,285,True
LEVEL,pooled,dxy,asset_price,a,0.75,0,0.0012899714605025814,0.00728725984412346,0.8596162309676115,-0.010696504324641712,0.013276447245646875,309,True
LEVEL,pooled,dxy,asset_price,a,0.75,1,0.0012900047464921016,0.005579724687512976,0.817324087639885,-0.007887825643154286,0.01046783513613849,308,True
LEVEL,pooled,dxy,asset_price,a,0.75,2,0.002479447750221825,0.006316255091195488,0.6949370782422356,-0.007909867345281775,0.012868762845725424,307,True
LEVEL,pooled,dxy,asset_price,a,0.75,3,0.004385134414252201,0.008206537234460938,0.5935084236889844,-0.009113418120563177,0.017883686949067577,306,True
LEVEL,pooled,dxy,asset_price,a,0.75,4,-3.682697216333963e-05,0.005216242322797736,0.9943717731750245,-0.008616782075874968,0.008543128131548288,305,True
LEVEL,pooled,dxy,asset_price,a,0.75,5,0.008765922639247803,0.00586353198059754,0.13600435602359418,-0.0008787292057840096,0.018410574484279615,304,True
LEVEL,pooled,dxy,asset_price,a,0.75,6,-0.01208516546641547,0.005287489671051151,0.023000791315513774,-0.020782312029312404,-0.003388018903518539,303,True
LEVEL,pooled,dxy,asset_price,a,0.75,7,-5.144856715810775e-05,0.005592268877783444,0.9926659787693345,-0.009249912313668045,0.00914701517935183,302,True
LEVEL,pooled,dxy,asset_price,a,0.75,8,-0.01642572162400313,0.0054141020848642,0.002635342694821044,-0.02533112707497754,-0.007520316173028724,301,True
LEVEL,pooled,dxy,asset_price,a,0.75,9,-0.000899538908666897,0.005251360053288593,0.8641118666429077,-0.009537257538746716,0.007738179721412922,300,True
LEVEL,pooled,dxy,asset_price,a,0.75,10,-0.004054125772867678,0.005961907888998044,0.49705342159069926,-0.013860591587636707,0.00575234004190135,299,True
LEVEL,pooled,dxy,asset_price,a,0.75,11,0.003235109317160312,0.006135342297912953,0.5984033464981455,-0.006856630714150588,0.013326849348471212,298,True
LEVEL,pooled,dxy,asset_price,a,0.75,12,-0.0006710027383309836,0.006555749599489035,0.9185487198019522,-0.011454251244436185,0.010112245767774218,297,True
LEVEL,pooled,dxy,asset_price,a,0.75,13,0.004758168264092033,0.006495675362046561,0.4644637485459196,-0.0059262669146695705,0.015442603442853637,296,True
LEVEL,pooled,dxy,asset_price,a,0.75,14,-0.011280667607679096,0.005596525585250709,0.04478777356425536,-0.020486133014905435,-0.0020752022004527568,295,True
LEVEL,pooled,dxy,asset_price,a,0.75,15,-0.0008477357942369146,0.005586466133488257,0.8794948721608153,-0.010036654875746641,0.008341183287272812,294,True
LEVEL,pooled,dxy,asset_price,a,0.75,16,0.00048355609380923426,0.006172599913087518,0.9376144478244598,-0.00966946726095311,0.01063657944857158,293,True
LEVEL,pooled,dxy,asset_price,a,0.75,17,-0.002300930088409814,0.005621946107634655,0.6826519501797168,-0.011548208534078386,0.006946348357258759,292,True
LEVEL,pooled,dxy,asset_price,a,0.75,18,-0.016202743552358956,0.0077801836040276495,0.03820828545509148,-0.029000006771792212,-0.0034054803329257,291,True
LEVEL,pooled,dxy,asset_price,a,0.75,19,-0.002642427867106445,0.005419337608099839,0.626225647409593,-0.011556444987463981,0.006271589253251091,290,True
LEVEL,pooled,dxy,asset_price,a,0.75,20,0.0014740463145104243,0.00548095829730292,0.7881778790319427,-0.0075413278199780494,0.010489420448998898,289,True
LEVEL,pooled,dxy,asset_price,a,0.75,21,0.001945207463711185,0.007915565243289319,0.8060639144731226,-0.011074738736084264,0.014965153663506633,288,True
LEVEL,pooled,dxy,asset_price,a,0.75,22,0.004501011817629852,0.005593565539334854,0.4217064771645187,-0.004699584747335849,0.013701608382595553,287,True
LEVEL,pooled,dxy,asset_price,a,0.75,23,-0.01440345854114966,0.0055611493500090335,0.010114344544356587,-0.02355073521953084,-0.00525618186276848,286,True
LEVEL,pooled,dxy,asset_price,a,0.75,24,-0.010152012036064084,0.005788996891944318,0.0806168892749079,-0.019674064570189498,-0.0006299595019386723,285,True
LEVEL,pooled,vix,asset_price,a,0.75,0,0.14341488022182602,1.1113164962911757,0.8974063905610025,-1.6845380893937165,1.9713678498373686,309,True
LEVEL,pooled,vix,asset_price,a,0.75,1,-3.2440104317001897,1.5683127553581822,0.03946980986744814,-5.823655355545352,-0.664365507855027,308,True
LEVEL,pooled,vix,asset_price,a,0.75,2,-3.4654839990266737,1.7087928996841066,0.04346171700812634,-6.2761981977809995,-0.6547698002723479,307,True
LEVEL,pooled,vix,asset_price,a,0.75,3,-2.805313599408805,1.7258751756464301,0.10514674559244289,-5.644125641736345,0.033498442918734384,306,True
LEVEL,pooled,vix,asset_price,a,0.75,4,-2.4020073828160093,2.1183517527579254,0.25776809559801744,-5.8863859464988915,1.0823711808668728,305,True
LEVEL,pooled,vix,asset_price,a,0.75,5,1.6207006619424646,2.4104932652098627,0.5018947819269272,-2.344207928080075,5.585609251965004,304,True
LEVEL,pooled,vix,asset_price,a,0.75,6,0.8743622273068468,2.3170180604510593,0.706179114867487,-2.9367933331381435,4.685517787751837,303,True
LEVEL,pooled,vix,asset_price,a,0.75,7,-1.6894480950854813,2.669505504739315,0.5273211657286974,-6.080393906722864,2.701497716551901,302,True
LEVEL,pooled,vix,asset_price,a,0.75,8,-1.4638607536489872,2.415543899786857,0.5449824280661776,-5.437076898273903,2.5093553909759283,301,True
LEVEL,pooled,vix,asset_price,a,0.75,9,-0.9256291519366187,3.3384804612728987,0.7817802936164746,-6.41694084716797,4.5656825432947326,300,True
LEVEL,pooled,vix,asset_price,a,0.75,10,0.07408023926836904,3.135453012989784,0.9811669510067103,-5.083281021283798,5.231441499820536,299,True
LEVEL,pooled,vix,asset_price,a,0.75,11,2.6385186773259193,3.510520402981829,0.4529120578837933,-3.1357735400058857,8.412810894657724,298,True
LEVEL,pooled,vix,asset_price,a,0.75,12,1.1039824050432117,2.473816328242573,0.6557457088801381,-2.9650833548783577,5.173048164964781,297,True
LEVEL,pooled,vix,asset_price,a,0.75,13,-1.044146403077093,3.4484138573429197,0.7622728762214962,-6.716282443557311,4.627989637403125,296,True
LEVEL,pooled,vix,asset_price,a,0.75,14,-0.9618161909902483,2.9744760847795964,0.7466657733873404,-5.854393967320382,3.9307615853398854,295,True
LEVEL,pooled,vix,asset_price,a,0.75,15,2.5545071336092633,2.5634694437566314,0.3198657913158965,-1.6620248785331047,6.771039145751631,294,True
LEVEL,pooled,vix,asset_price,a,0.75,16,1.3323632494739286,2.8982782675811967,0.6460834566898602,-3.4348802708716324,6.09960676981949,293,True
LEVEL,pooled,vix,asset_price,a,0.75,17,0.552111592412075,2.9349772465401047,0.8509241821434226,-4.275496376579461,5.379719561403611,292,True
LEVEL,pooled,vix,asset_price,a,0.75,18,-2.940647751120423,2.7298407303108623,0.2823178093868263,-7.4308361773721,1.5495406751312544,291,True
LEVEL,pooled,vix,asset_price,a,0.75,19,-5.453005355323739,2.1686086837862635,0.012488444014705662,-9.020049214288033,-1.8859614963594455,290,True
LEVEL,pooled,vix,asset_price,a,0.75,20,-4.923520769615891,3.0575724085972182,0.10848588049646304,-9.952779835563774,0.10573829633199239,289,True
LEVEL,pooled,vix,asset_price,a,0.75,21,-4.910905711943997,3.3288559572641527,0.1412926075318033,-10.386386506848954,0.5645750829609595,288,True
LEVEL,pooled,vix,asset_price,a,0.75,22,-4.686267792981653,3.4062133808987647,0.1700112744437285,-10.288990226723623,0.9164546407603167,287,True
LEVEL,pooled,vix,asset_price,a,0.75,23,-2.348293232545984,3.864549013130071,0.5439266055395389,-8.704910693324713,4.008324228232746,286,True
LEVEL,pooled,vix,asset_price,a,0.75,24,-3.5087759535672376,2.879633272679488,0.2241012445551229,-8.24535118642423,1.2277992792897559,285,True
LEVEL,pooled,us10y,asset_price,a,0.75,0,-0.038355607931549685,0.06789279995838854,0.5725414271725098,-0.15002932618699583,0.07331811032389646,309,True
LEVEL,pooled,us10y,asset_price,a,0.75,1,0.0533399484059629,0.1001151383080162,0.5945841607890612,-0.11133479995272583,0.21801469676465163,308,True
LEVEL,pooled,us10y,asset_price,a,0.75,2,0.014478705787453805,0.08797519954023636,0.869390313403269,-0.13022762025808346,0.15918503183299107,307,True
LEVEL,pooled,us10y,asset_price,a,0.75,3,-0.07054687816162186,0.06792176325499034,0.2998272513619888,-0.18226823680053195,0.041174480477288236,306,True
LEVEL,pooled,us10y,asset_price,a,0.75,4,-0.009114854177880716,0.06960562977349982,0.8959053777101716,-0.12360592676706328,0.10537621841130185,305,True
LEVEL,pooled,us10y,asset_price,a,0.75,5,0.05432317018988897,0.10320869336845592,0.5990522403073764,-0.11544002343013812,0.22408636380991606,304,True
LEVEL,pooled,us10y,asset_price,a,0.75,6,0.05190002566709495,0.07246010812003882,0.4744113307899336,-0.06728624598344672,0.17108629731763664,303,True
LEVEL,pooled,us10y,asset_price,a,0.75,7,0.040634319419538656,0.0716398656100427,0.5710183585478815,-0.07720277336345611,0.1584714122025334,302,True
LEVEL,pooled,us10y,asset_price,a,0.75,8,-0.05491887937311396,0.07316076837191235,0.45347215936319496,-0.17525763458021054,0.06541987583398262,301,True
LEVEL,pooled,us10y,asset_price,a,0.75,9,0.00990534156213041,0.062370898051564566,0.8739278856493546,-0.09268565631420608,0.1124963394384669,300,True
LEVEL,pooled,us10y,asset_price,a,0.75,10,-0.029640320092344297,0.06868859480016357,0.6664184827161996,-0.14262300437959335,0.08334236419490477,299,True
LEVEL,pooled,us10y,asset_price,a,0.75,11,-0.116875821805138,0.06867213414572962,0.08986102353173199,-0.2298314307252394,-0.003920212885036606,298,True
LEVEL,pooled,us10y,asset_price,a,0.75,12,-0.04144253496218386,0.07185374189801524,0.5645584646338044,-0.1596314229331692,0.07674635300880148,297,True
LEVEL,pooled,us10y,asset_price,a,0.75,13,0.14404643379819237,0.0970258201230061,0.13876153340613132,-0.015546838339075358,0.3036397059354601,296,True
LEVEL,pooled,us10y,asset_price,a,0.75,14,-0.08510979402745988,0.0689304282823316,0.2179661235416341,-0.19849025899497136,0.02827067094005159,295,True
LEVEL,pooled,us10y,asset_price,a,0.75,15,-0.043889535436228755,0.09315677007429365,0.6379102631529937,-0.19711878656801504,0.10933971569555753,294,True
LEVEL,pooled,us10y,asset_price,a,0.75,16,-0.12464484402897824,0.06468344648389929,0.054995311229964,-0.23103964558174145,-0.018250042476215048,293,False
LEVEL,pooled,us10y,asset_price,a,0.75,17,-0.01096776421843515,0.06581144166671675,0.8677631609670743,-0.11921795273883944,0.09728242430196914,292,True
LEVEL,pooled,us10y,asset_price,a,0.75,18,0.030774700718332326,0.07211999505994034,0.6699182027374163,-0.0878521347317328,0.14940153616839746,291,True
LEVEL,pooled,us10y,asset_price,a,0.75,19,0.044044100255604235,0.06415968915203293,0.4929891730370619,-0.061489197150196157,0.14957739766140463,290,True
LEVEL,pooled,us10y,asset_price,a,0.75,20,0.1365529799534393,0.06378381165918977,0.03316362740262898,0.031637946005031406,0.2414680139018472,289,True
LEVEL,pooled,us10y,asset_price,a,0.75,21,0.15702575988917644,0.09965085586203297,0.11623515241299996,-0.006885311804306848,0.32093683158265973,288,True
LEVEL,pooled,us10y,asset_price,a,0.75,22,-0.08466625654786952,0.09983589054958987,0.39715065213161355,-0.24888168321829263,0.07954917012255358,287,True
LEVEL,pooled,us10y,asset_price,a,0.75,23,-0.08457745284201934,0.07575068023537523,0.26518323800239435,-0.20917623397121748,0.04002132828717882,286,True
LEVEL,pooled,us10y,asset_price,a,0.75,24,0.09515421576173466,0.06820343915173045,0.1641120717417347,-0.01703045849755322,0.20733889002102254,285,True
LEVEL,pooled,ip,real_macro,a,0.75,0,0.07960117898184649,0.16946739317295686,0.6389064944103964,-0.19914787732870276,0.35835023529239574,309,True
LEVEL,pooled,ip,real_macro,a,0.75,1,-0.3422823630590415,0.16785046419271316,0.04232311481231267,-0.6183718078719139,-0.06619291824616902,308,True
LEVEL,pooled,ip,real_macro,a,0.75,2,-0.27971668392257243,0.16103351734063134,0.08343647976858551,-0.5445932489810628,-0.014840118864082152,307,True
LEVEL,pooled,ip,real_macro,a,0.75,3,0.44502864370287654,0.19264220271664864,0.02157809970589139,0.12816041786047627,0.7618968695452768,306,False
LEVEL,pooled,ip,real_macro,a,0.75,4,-0.20475183711658929,0.1920675034634016,0.287288767147726,-0.5206747668078798,0.11117109257470126,305,True
LEVEL,pooled,ip,real_macro,a,0.75,5,0.1270762859538479,0.1793360614988867,0.47914624881611906,-0.16790528524578818,0.422057857153484,304,True
LEVEL,pooled,ip,real_macro,a,0.75,6,-0.008467552846099125,0.1793155448149849,0.962369289938679,-0.3034153771038063,0.28648027141160803,303,True
LEVEL,pooled,ip,real_macro,a,0.75,7,-0.04272455152452892,0.2399431568661408,0.8588001415432195,-0.43739592335798666,0.3519468203089288,302,True
LEVEL,pooled,ip,real_macro,a,0.75,8,0.09523428287963043,0.2337637694320375,0.6840213092613658,-0.28927290112050413,0.479741466879765,301,True
LEVEL,pooled,ip,real_macro,a,0.75,9,0.040534582829423016,0.16217799339352074,0.8028140624129952,-0.22622447781562144,0.30729364347446747,300,False
LEVEL,pooled,ip,real_macro,a,0.75,10,-0.2602997492912209,0.17058712447804983,0.12814247014400273,-0.5408905997001634,0.020291101117721644,299,True
LEVEL,pooled,ip,real_macro,a,0.75,11,-0.1681184230881172,0.15971662419619548,0.2934170890531997,-0.4308288916816746,0.0945920455054402,298,True
LEVEL,pooled,ip,real_macro,a,0.75,12,-0.08635080703814424,0.15095115462936654,0.567745803031982,-0.3346433612227703,0.16194174714648182,297,True
LEVEL,pooled,ip,real_macro,a,0.75,13,0.12751984710155284,0.17010700683068702,0.45409352626909677,-0.15228128005376157,0.40732097425686725,296,True
LEVEL,pooled,ip,real_macro,a,0.75,14,-0.49434392627775914,0.20548681783257444,0.016786759690046067,-0.8323396638803857,-0.15634818867513262,295,True
LEVEL,pooled,ip,real_macro,a,0.75,15,0.22449462298918377,0.18847805080964503,0.23462633390741205,-0.08552418248580473,0.5345134284641723,294,True
LEVEL,pooled,ip,real_macro,a,0.75,16,0.04837885472190351,0.18838359787670172,0.7975144697156236,-0.26148458950375697,0.358242298947564,293,True
LEVEL,pooled,ip,real_macro,a,0.75,17,-0.3627606895394315,0.23946727288294686,0.1309426211221093,-0.7566493018771245,0.031127922798261543,292,True
LEVEL,pooled,ip,real_macro,a,0.75,18,-0.2878061319444214,0.19504050030811018,0.14118106667577215,-0.6086192062786462,0.03300694238980334,291,True
LEVEL,pooled,ip,real_macro,a,0.75,19,-0.219783699217885,0.17658500494260215,0.21432215064755084,-0.5102401850629678,0.07067278662719778,290,True
LEVEL,pooled,ip,real_macro,a,0.75,20,-0.09074816891941495,0.19622025467658244,0.6441020281756243,-0.41350176650553316,0.23200542866670326,289,True
LEVEL,pooled,ip,real_macro,a,0.75,21,0.07493535016107078,0.24196660774509315,0.75702986565229,-0.32306430218958987,0.47293500251173143,288,True
LEVEL,pooled,ip,real_macro,a,0.75,22,0.08168829167815517,0.19269863468034482,0.6719599257620587,-0.23527275648440676,0.3986493398407171,287,True
LEVEL,pooled,ip,real_macro,a,0.75,23,0.11995347892989727,0.2575562330587469,0.6417764403748539,-0.30368882516074125,0.5435957830205358,286,True
LEVEL,pooled,ip,real_macro,a,0.75,24,-0.1512962268720912,0.17301160841456764,0.38262796806589744,-0.43587499847750066,0.13328254473331824,285,True
LEVEL,pooled,cpi,real_macro,a,0.75,0,-0.04717195894174786,0.06769896039397154,0.4864829161378266,-0.158526839486616,0.0641829216031203,309,True
LEVEL,pooled,cpi,real_macro,a,0.75,1,-0.0060655399334166304,0.06432174725288295,0.9249350951929328,-0.11186539919417704,0.09973431932734378,308,True
LEVEL,pooled,cpi,real_macro,a,0.75,2,-0.160958045194036,0.06511161735050673,0.014002745685940388,-0.2680571251496934,-0.0538589652383786,307,True
LEVEL,pooled,cpi,real_macro,a,0.75,3,0.019017309679576044,0.0751361281723307,0.8003653787907782,-0.1045706232597728,0.14260524261892488,306,True
LEVEL,pooled,cpi,real_macro,a,0.75,4,0.060059312617354976,0.08319668128180809,0.4709383710506878,-0.07678705033935271,0.19690567557406266,305,True
LEVEL,pooled,cpi,real_macro,a,0.75,5,-0.07333201048788851,0.07607408780427737,0.3358715154080033,-0.1984627497297789,0.05179872875400188,304,True
LEVEL,pooled,cpi,real_macro,a,0.75,6,0.005560838847088689,0.09953464392844733,0.9554852685082914,-0.15815908122594122,0.1692807589201186,303,True
LEVEL,pooled,cpi,real_macro,a,0.75,7,-0.14478675862197576,0.09655823749096716,0.13484555854360103,-0.3036109257710347,0.014037408527083184,302,True
LEVEL,pooled,cpi,real_macro,a,0.75,8,-0.08178369418492792,0.06569902478995557,0.2142121162275189,-0.18984897339786103,0.026281585028005178,301,True
LEVEL,pooled,cpi,real_macro,a,0.75,9,-0.09832010051849238,0.06965821741483953,0.15919465162452429,-0.2128976720802654,0.016257471043280625,300,True
LEVEL,pooled,cpi,real_macro,a,0.75,10,0.10862471646389782,0.07095408669155091,0.12689945464902683,-0.008084370377728883,0.22533380330552452,299,True
LEVEL,pooled,cpi,real_macro,a,0.75,11,-0.04393546590740982,0.06964547594036637,0.5286495325771106,-0.15849207960868295,0.07062114779386329,298,True
LEVEL,pooled,cpi,real_macro,a,0.75,12,-0.06820002332675301,0.09859338344605126,0.4896738587077885,-0.23037170768140766,0.09397166102790164,297,True
LEVEL,pooled,cpi,real_macro,a,0.75,13,-0.04382722523581606,0.07147522640466289,0.5402511254357695,-0.16139351062470345,0.07373906015307133,296,True
LEVEL,pooled,cpi,real_macro,a,0.75,14,-0.05270412595415053,0.07549347340718802,0.48567430125944194,-0.17687983949912828,0.07147158759082721,295,True
LEVEL,pooled,cpi,real_macro,a,0.75,15,-0.04600773781396583,0.09698588720835542,0.6356018299031866,-0.20553532615173564,0.11351985052380398,294,True
LEVEL,pooled,cpi,real_macro,a,0.75,16,0.11020589808697423,0.10236206861326162,0.2825764257956561,-0.0581647217338046,0.27857651790775306,293,False
LEVEL,pooled,cpi,real_macro,a,0.75,17,-0.08995553246218435,0.1090063840986498,0.4099475754854602,-0.26925507870771376,0.08934401378334506,292,True
LEVEL,pooled,cpi,real_macro,a,0.75,18,-0.1240424680757286,0.07547677762838423,0.10142396143922673,-0.24819071950838614,0.00010578335692892904,291,True
LEVEL,pooled,cpi,real_macro,a,0.75,19,-0.002959393856144743,0.07151207231726883,0.9670203767632389,-0.12058628537802035,0.11466749766573087,290,False
LEVEL,pooled,cpi,real_macro,a,0.75,20,0.0008847364784969614,0.07184971425165361,0.9901842582661534,-0.11729752660376236,0.11906699956075628,289,True
LEVEL,pooled,cpi,real_macro,a,0.75,21,0.018680580745837005,0.07826358085491501,0.8115259116771836,-0.11005155408157977,0.14741271557325378,288,True
LEVEL,pooled,cpi,real_macro,a,0.75,22,0.10015152016936213,0.09966742461555077,0.31585547535248054,-0.063786804698439,0.26408984503716326,287,True
LEVEL,pooled,cpi,real_macro,a,0.75,23,-0.0063784617138793465,0.07070893995499272,0.928188883099926,-0.12268431805674299,0.10992739462898429,286,True
LEVEL,pooled,cpi,real_macro,a,0.75,24,0.0874845061554197,0.06952508919688415,0.2093606477934559,-0.02687408897419981,0.20184310128503918,285,True
LEVEL,pooled,infl_exp,real_macro,a,0.75,0,0.14424564998044787,0.08567679389521629,0.0933163799658201,0.003319864796327593,0.2851714351645681,309,True
LEVEL,pooled,infl_exp,real_macro,a,0.75,1,-0.023041080015644866,0.08646222306230279,0.7900507828811193,-0.16525878121396084,0.11917662118267111,308,True
LEVEL,pooled,infl_exp,real_macro,a,0.75,2,-0.012316097841594598,0.11594073750876197,0.9154745227108556,-0.20302164044431031,0.17838944476112112,307,True
LEVEL,pooled,infl_exp,real_macro,a,0.75,3,0.08263023221067911,0.08651356950941123,0.3403106012392035,-0.05967192637739424,0.22493239079875246,306,True
LEVEL,pooled,infl_exp,real_macro,a,0.75,4,0.001320280071994251,0.11571377746489998,0.9909042503489323,-0.189011946479402,0.1916525066233905,305,True
LEVEL,pooled,infl_exp,real_macro,a,0.75,5,0.1571210475308824,0.11888273951304903,0.18732729611970148,-0.038423657739083406,0.3526657528008482,304,True
LEVEL,pooled,infl_exp,real_macro,a,0.75,6,0.06036671492766743,0.0983503824320168,0.5398353578014093,-0.10140526832769975,0.2221386981830346,303,True
LEVEL,pooled,infl_exp,real_macro,a,0.75,7,-0.10087090035210622,0.09475633403414546,0.2879806469285393,-0.2567312000647956,0.05498939936058317,302,True
LEVEL,pooled,infl_exp,real_macro,a,0.75,8,-0.0782973993063969,0.12581272729748913,0.5342171044906139,-0.28524092011832836,0.1286461215055346,301,True
LEVEL,pooled,infl_exp,real_macro,a,0.75,9,0.023948172514707267,0.08967716790281127,0.7896241103873443,-0.123557642364968,0.17145398739438253,300,True
LEVEL,pooled,infl_exp,real_macro,a,0.75,10,-0.06897886102149187,0.12274736543549136,0.5745863264768792,-0.2708803102567976,0.13292258821381386,299,True
LEVEL,pooled,infl_exp,real_macro,a,0.75,11,-0.02380582043993229,0.09646407645159367,0.8052534455354612,-0.18247510646186024,0.13486346558199566,298,True
LEVEL,pooled,infl_exp,real_macro,a,0.75,12,0.07585719436783478,0.08535237529975527,0.3748905379969676,-0.06453496971289094,0.2162493584485605,297,True
LEVEL,pooled,infl_exp,real_macro,a,0.75,13,-0.0051551598781980346,0.09052831484709979,0.9546291148167967,-0.15406098689625494,0.14375066713985887,296,True
LEVEL,pooled,infl_exp,real_macro,a,0.75,14,-0.0114865609866166,0.10780304368092612,0.9152209355920603,-0.18880678838159592,0.16583366640836272,295,True
LEVEL,pooled,infl_exp,real_macro,a,0.75,15,0.09512721534350632,0.07719576424463151,0.21887624012284834,-0.0318485174595666,0.22210294814657924,294,True
LEVEL,pooled,infl_exp,real_macro,a,0.75,16,-0.11980969594056035,0.11770579593422592,0.3096195698115555,-0.3134185012961817,0.07379910941506101,293,True
LEVEL,pooled,infl_exp,real_macro,a,0.75,17,0.13747871310417548,0.08452659975550296,0.10498584270267365,-0.001555171077538997,0.27651259728588995,292,True
LEVEL,pooled,infl_exp,real_macro,a,0.75,18,-0.04996648006267179,0.08132027515648177,0.5394285503523055,-0.18372642959850252,0.08379346947315894,291,True
LEVEL,pooled,infl_exp,real_macro,a,0.75,19,-0.16393064344292285,0.08452115998764553,0.05345665570761281,-0.30295558000274725,-0.024905706883098455,290,True
LEVEL,pooled,infl_exp,real_macro,a,0.75,20,0.27279790495538236,0.07762006646000941,0.0005149658824861431,0.14512425711442156,0.40047155279634317,289,True
LEVEL,pooled,infl_exp,real_macro,a,0.75,21,0.15995011028125816,0.0860037574258475,0.063984887789836,0.018486517947898295,0.30141370261461803,288,True
LEVEL,pooled,infl_exp,real_macro,a,0.75,22,0.25065940682628707,0.11730350322876845,0.03349951987446836,0.05771231408633354,0.4436064995662406,287,True
LEVEL,pooled,infl_exp,real_macro,a,0.75,23,0.0842380091763495,0.1202688282793792,0.4842672713412292,-0.11358660922819117,0.2820626275808902,286,True
LEVEL,pooled,infl_exp,real_macro,a,0.75,24,-0.01395341740937539,0.0912334149698128,0.8785578588029506,-0.16401903092164072,0.13611219610288994,285,True
LEVEL,pooled,freight,physical_channel,a,0.75,0,-0.0009544947547063254,0.00540505855099934,0.8599493752124143,-0.009845024916202658,0.007936035406790007,309,True
LEVEL,pooled,freight,physical_channel,a,0.75,1,-0.0006639159471859557,0.006616855583594853,0.9201451096453781,-0.011547674852876048,0.010219842958504137,308,True
LEVEL,pooled,freight,physical_channel,a,0.75,2,-0.006487219068809225,0.0064750512216998155,0.3172286265952976,-0.017137730555518725,0.004163292417900278,307,False
LEVEL,pooled,freight,physical_channel,a,0.75,3,-0.0008670485157651342,0.00621984575612891,0.8892299132211974,-0.011097784366812495,0.009363687335282226,306,True
LEVEL,pooled,freight,physical_channel,a,0.75,4,0.003719517878675971,0.006543892951484936,0.5702049421785282,-0.007044228176956201,0.014483263934308143,305,True
LEVEL,pooled,freight,physical_channel,a,0.75,5,-0.007302694865126469,0.005937305365146839,0.2197059851116582,-0.017068693129306683,0.002463303399053745,304,True
LEVEL,pooled,freight,physical_channel,a,0.75,6,0.011656482782405053,0.005585728481205329,0.037779448402011,0.0024687770309283295,0.02084418853388178,303,True
LEVEL,pooled,freight,physical_channel,a,0.75,7,0.015544921470926232,0.008880414007227852,0.08110160615107585,0.0009379402823068428,0.03015190265954562,302,True
LEVEL,pooled,freight,physical_channel,a,0.75,8,0.020994732398636265,0.008118322515657054,0.01019984972729914,0.0076412801639959595,0.034348184633276574,301,True
LEVEL,pooled,freight,physical_channel,a,0.75,9,-0.006152065803490925,0.00794885581179489,0.4395960134960854,-0.01922677011563604,0.006922638508654188,300,True
LEVEL,pooled,freight,physical_channel,a,0.75,10,0.009648045122273352,0.006707527059394197,0.15142040754735364,-0.001384855089246335,0.02068094533379304,299,True
LEVEL,pooled,freight,physical_channel,a,0.75,11,0.0014998656451391534,0.008625812136642638,0.8620827880558166,-0.012688332733219518,0.015688064023497823,298,True
LEVEL,pooled,freight,physical_channel,a,0.75,12,0.004995526534975703,0.006559290781023005,0.44693563524625546,-0.005793546696419341,0.015784599766370748,297,True
LEVEL,pooled,freight,physical_channel,a,0.75,13,-0.005097477999436328,0.008713924062451405,0.5590284074989749,-0.019430607598539228,0.00923565159966657,296,True
LEVEL,pooled,freight,physical_channel,a,0.75,14,0.0026008225214125824,0.006708340291837905,0.6985316792454767,-0.008433415338441693,0.013635060381266858,295,True
LEVEL,pooled,freight,physical_channel,a,0.75,15,0.004029472637876008,0.006776950561468204,0.5526011042800815,-0.007117619072825782,0.015176564348577799,294,True
LEVEL,pooled,freight,physical_channel,a,0.75,16,-0.0060764993129192035,0.006938382292591094,0.3819027800237167,-0.017489122592063533,0.005336123966225128,293,False
LEVEL,pooled,freight,physical_channel,a,0.75,17,-0.008730644032697243,0.006684264286677998,0.19258161870391186,-0.019725280388141746,0.002263992322747257,292,True
LEVEL,pooled,freight,physical_channel,a,0.75,18,-0.014374299217402076,0.00606050038073588,0.01838536782014039,-0.024342935249796267,-0.004405663185007885,291,True
LEVEL,pooled,freight,physical_channel,a,0.75,19,-3.485430423388891e-05,0.008395451363418141,0.9966905349784296,-0.0138441429292469,0.013774434320779122,290,False
LEVEL,pooled,freight,physical_channel,a,0.75,20,-0.0046199642892439385,0.0062947867337421115,0.4636136265070362,-0.014973967079125662,0.005734038500637785,289,True
LEVEL,pooled,freight,physical_channel,a,0.75,21,0.0039389421066775565,0.00927901413743972,0.6715342788411786,-0.011323677951824153,0.019201562165179265,288,True
LEVEL,pooled,freight,physical_channel,a,0.75,22,-0.0007710881256393076,0.005719386535884282,0.8928534775955558,-0.010178641813125985,0.00863646556184737,287,True
LEVEL,pooled,freight,physical_channel,a,0.75,23,0.010550604094788696,0.005811742154454007,0.0705644758559063,0.0009911389331282595,0.020110069256449134,286,True
LEVEL,pooled,freight,physical_channel,a,0.75,24,-0.003431427627621386,0.0060954934377072546,0.5739377559400637,-0.013457622116693062,0.00659476686145029,285,True
LEVEL,pooled,oil,asset_price,a,0.9,0,-0.0007598137712321318,0.03163818179855084,0.9808563047262177,-0.05279999185272853,0.05128036431026427,309,True
LEVEL,pooled,oil,asset_price,a,0.9,1,-0.030302264748268914,0.028401124376399346,0.286874762748339,-0.07701795718828924,0.01641342769175142,308,True
LEVEL,pooled,oil,asset_price,a,0.9,2,0.06860785758694465,0.028036394469587576,0.014988366871891635,0.02249209245700133,0.11472362271688798,307,True
LEVEL,pooled,oil,asset_price,a,0.9,3,-0.10382741290269004,0.053581749625071805,0.05361913028056572,-0.1919615481118951,-0.015693277693484997,306,True
LEVEL,pooled,oil,asset_price,a,0.9,4,0.14401428968947982,0.03705991660498174,0.00012625074520932375,0.08305615144725653,0.20497242793170312,305,True
LEVEL,pooled,oil,asset_price,a,0.9,5,0.035793183388451055,0.06145256521771355,0.5607146817901049,-0.06528729139537696,0.1368736581722791,304,True
LEVEL,pooled,oil,asset_price,a,0.9,6,-0.03921344923320991,0.06050144796722883,0.5174085758491243,-0.13872947535792202,0.060302576891502216,303,True
LEVEL,pooled,oil,asset_price,a,0.9,7,0.018361055651198832,0.02991310841052512,0.5398234037116663,-0.030841629211246002,0.06756374051364367,302,True
LEVEL,pooled,oil,asset_price,a,0.9,8,0.05362031246183108,0.03840820700604225,0.16377417077375062,-0.009555566136760466,0.11679619106042262,301,True
LEVEL,pooled,oil,asset_price,a,0.9,9,0.01940010091863087,0.032389802101606115,0.5496756336950746,-0.03387638254443637,0.0726765843816981,300,True
LEVEL,pooled,oil,asset_price,a,0.9,10,-0.003424190161311458,0.03271359311971061,0.9167098768412799,-0.05723326245488218,0.050384882132259265,299,True
LEVEL,pooled,oil,asset_price,a,0.9,11,-0.03431941777016334,0.05925083985674826,0.5628982081182753,-0.13177837660845657,0.06313954106812988,298,True
LEVEL,pooled,oil,asset_price,a,0.9,12,0.08051296669975727,0.03425323322444263,0.01943361788389306,0.024171411795718134,0.1368545216037964,297,True
LEVEL,pooled,oil,asset_price,a,0.9,13,-0.032752177293833284,0.05835729547852069,0.5750828086528136,-0.12874138642075678,0.06323703183309022,296,True
LEVEL,pooled,oil,asset_price,a,0.9,14,0.004712506719071641,0.060759669339939204,0.9382334319400775,-0.09522825576709952,0.1046532692052428,295,True
LEVEL,pooled,oil,asset_price,a,0.9,15,0.03085156067885464,0.043342300211027154,0.47717395791649575,-0.04044017902367293,0.10214330038138221,294,True
LEVEL,pooled,oil,asset_price,a,0.9,16,0.03140956415717966,0.034179532571103274,0.3589111838132096,-0.024810763959905537,0.08762989227426485,293,True
LEVEL,pooled,oil,asset_price,a,0.9,17,-0.015015073338549456,0.03478294378745935,0.6663091783384495,-0.07222792458340115,0.04219777790630223,292,True
LEVEL,pooled,oil,asset_price,a,0.9,18,0.022865608180495656,0.030678040190123764,0.45669742327182034,-0.027595277493992452,0.07332649385498377,291,True
LEVEL,pooled,oil,asset_price,a,0.9,19,0.023131309766285746,0.05735337777611976,0.6870309216237132,-0.0712066016866828,0.1174692212192543,290,True
LEVEL,pooled,oil,asset_price,a,0.9,20,-0.0055071099755936714,0.06299435817334191,0.9303994893144962,-0.10912360849449523,0.09810938854330789,289,True
LEVEL,pooled,oil,asset_price,a,0.9,21,0.022556607187311783,0.027408445794404705,0.41123494597010457,-0.02252627428671762,0.06763948866134119,288,True
LEVEL,pooled,oil,asset_price,a,0.9,22,-0.025186413194941082,0.04190119775058582,0.5482784418051834,-0.09410775028860303,0.04373492389872087,287,True
LEVEL,pooled,oil,asset_price,a,0.9,23,-0.004427004732876938,0.036617139788518306,0.9038596648023414,-0.06465683992261034,0.05580283045685646,286,True
LEVEL,pooled,oil,asset_price,a,0.9,24,0.0712525624822904,0.038817902594951076,0.06751855461384272,0.0074027946083361496,0.13510233035624464,285,True
LEVEL,pooled,dxy,asset_price,a,0.9,0,-0.001203069290088954,0.005906729257354268,0.8387457639444208,-0.010918774332468498,0.00851263575229059,309,True
LEVEL,pooled,dxy,asset_price,a,0.9,1,0.013227066543988641,0.0066649171288942375,0.04812051174016514,0.0022642534311959617,0.02418987965678132,308,True
LEVEL,pooled,dxy,asset_price,a,0.9,2,-0.0028916483729974907,0.012799197328862621,0.821417891938671,-0.023944454521444766,0.018161157775449785,307,True
LEVEL,pooled,dxy,asset_price,a,0.9,3,0.0009136011162367286,0.007773210975144556,0.9065192811255437,-0.011872193149288784,0.013699395381762241,306,True
LEVEL,pooled,dxy,asset_price,a,0.9,4,-0.006064184429692254,0.00538707734917461,0.2612238743090189,-0.014925138146150234,0.002796769286765725,305,True
LEVEL,pooled,dxy,asset_price,a,0.9,5,0.00875586512598181,0.006093008711378514,0.1517861378165346,-0.001266242351976055,0.018777972603939673,304,True
LEVEL,pooled,dxy,asset_price,a,0.9,6,-0.005436437259112026,0.007220259282618673,0.4520975938116601,-0.017312706927657386,0.006439832409433334,303,True
LEVEL,pooled,dxy,asset_price,a,0.9,7,-0.003736253476801954,0.006539316452126464,0.5682064563563561,-0.0144924718608656,0.007019964907261693,302,True
LEVEL,pooled,dxy,asset_price,a,0.9,8,-0.013731794943062425,0.005428346704245647,0.011953073427875664,-0.02266063070789095,-0.004802959178233902,301,True
LEVEL,pooled,dxy,asset_price,a,0.9,9,0.006873861338380749,0.005828260777927642,0.23921836949745306,-0.0027127745410125415,0.01646049721777404,300,True
LEVEL,pooled,dxy,asset_price,a,0.9,10,-0.0122473146895139,0.006138770550422721,0.046986564144427735,-0.0223446936943996,-0.0021499356846282017,299,True
LEVEL,pooled,dxy,asset_price,a,0.9,11,-0.0034044637304440073,0.008910568801381047,0.7026949549661731,-0.018061045141596253,0.01125211768070824,298,True
LEVEL,pooled,dxy,asset_price,a,0.9,12,0.003497820726873442,0.007400349473909709,0.6368228170034775,-0.00867467094599536,0.015670312399742245,297,True
LEVEL,pooled,dxy,asset_price,a,0.9,13,0.0012449622945922556,0.007078769236000331,0.8605201740639498,-0.01039857695759539,0.012888501546779901,296,True
LEVEL,pooled,dxy,asset_price,a,0.9,14,-0.012529743023820483,0.006167932544239656,0.04315198824039113,-0.0226750892400051,-0.002384396807635863,295,True
LEVEL,pooled,dxy,asset_price,a,0.9,15,-0.012616106290824547,0.005649516677015897,0.02633061006496192,-0.021908734287536973,-0.0033234782941121196,294,True
LEVEL,pooled,dxy,asset_price,a,0.9,16,0.00872614569607566,0.006168244868184863,0.15827487821189284,-0.0014197142472830177,0.018872005639434336,293,True
LEVEL,pooled,dxy,asset_price,a,0.9,17,-0.0027793280811718724,0.008754510446729254,0.7511223972906693,-0.01717921634165904,0.011620560179315296,292,True
LEVEL,pooled,dxy,asset_price,a,0.9,18,-0.015191064951462607,0.007433506272829298,0.04193963266712019,-0.027418094705292398,-0.0029640351976328166,291,True
LEVEL,pooled,dxy,asset_price,a,0.9,19,-0.009232622708251093,0.00534954362295475,0.08548977641708332,-0.018031838939003335,-0.000433406477498852,290,True
LEVEL,pooled,dxy,asset_price,a,0.9,20,-0.004343179884733317,0.007099900748823348,0.5412257481139714,-0.016021477382430874,0.0073351176129642405,289,True
LEVEL,pooled,dxy,asset_price,a,0.9,21,0.006900093743975599,0.006778573067468504,0.3096105263888604,-0.004249666751605536,0.018049854239556733,288,True
LEVEL,pooled,dxy,asset_price,a,0.9,22,0.004052488121724429,0.005833014950389809,0.4878027357709385,-0.00554196767548641,0.013646943918935268,287,True
LEVEL,pooled,dxy,asset_price,a,0.9,23,-0.0008372539348568964,0.0068410566242231,0.9026831933410663,-0.012089790735390658,0.010415282865676865,286,True
LEVEL,pooled,dxy,asset_price,a,0.9,24,-0.01619165922610044,0.0075676269033020955,0.03328079209946087,-0.02863929778541243,-0.0037440206667884515,285,True
LEVEL,pooled,vix,asset_price,a,0.9,0,0.9112453263783209,1.6119694919502536,0.5722998285917842,-1.7402085389911757,3.5626991917478175,309,True
LEVEL,pooled,vix,asset_price,a,0.9,1,5.316625580132268,2.6152877956896177,0.04296061818580028,1.014859963870279,9.618391196394256,308,True
LEVEL,pooled,vix,asset_price,a,0.9,2,-5.397462052736955,3.3713010707478346,0.11045391818469506,-10.942758846501913,0.1478347410280021,307,False
LEVEL,pooled,vix,asset_price,a,0.9,3,-1.1338457850833947,3.3416902429548885,0.7346253205470742,-6.630437101356089,4.3627455311893,306,True
LEVEL,pooled,vix,asset_price,a,0.9,4,1.6071763153067877,3.679295619508087,0.6625685213637491,-4.444726429067753,7.6590790596813285,305,True
LEVEL,pooled,vix,asset_price,a,0.9,5,-1.0487118151054347,3.5071297175121123,0.7651368062735285,-6.817426851144525,4.7200032209336555,304,True
LEVEL,pooled,vix,asset_price,a,0.9,6,-0.6076039503532229,3.573509810733308,0.8651054904168207,-6.485504523484574,5.270296622778128,303,False
LEVEL,pooled,vix,asset_price,a,0.9,7,-1.9316483956458796,3.4840733142056353,0.5797200451829697,-7.662439023081855,3.7991422317900954,302,True
LEVEL,pooled,vix,asset_price,a,0.9,8,-2.2878885673417244,3.19052986515617,0.4739033909546186,-7.535843187940842,2.9600660532573935,301,True
LEVEL,pooled,vix,asset_price,a,0.9,9,-0.8737552937998316,6.996836837237749,0.9007073776197007,-12.382527742718011,10.635017155118348,300,True
LEVEL,pooled,vix,asset_price,a,0.9,10,-0.3440693783586539,6.897350129964733,0.9602495424943127,-11.689200755985352,11.001061999268044,299,True
LEVEL,pooled,vix,asset_price,a,0.9,11,4.185943208229219,6.662391224634147,0.5303160212320241,-6.772715161779919,15.144601578238357,298,True
LEVEL,pooled,vix,asset_price,a,0.9,12,3.6656494280614424,3.140748486458451,0.24414193040271723,-1.500422111232088,8.831720967354972,297,True
LEVEL,pooled,vix,asset_price,a,0.9,13,-3.274123454235678,6.207370222132658,0.5982907089042651,-13.484338877941147,6.936091969469791,296,True
LEVEL,pooled,vix,asset_price,a,0.9,14,-5.371113918721676,6.025884990389178,0.3735092275315885,-15.282812700755754,4.540584863312402,295,False
LEVEL,pooled,vix,asset_price,a,0.9,15,-1.4303029406546557,2.4703691428680736,0.5630657829877316,-5.493698585210206,2.6330927039008944,294,True
LEVEL,pooled,vix,asset_price,a,0.9,16,-1.2225152934915968,6.5486303831914014,0.8520451774667034,-11.994053730848583,9.549023143865389,293,True
LEVEL,pooled,vix,asset_price,a,0.9,17,-1.8588118685220252,6.5833827032981045,0.7778859704478067,-12.6875127856515,8.969889048607449,292,True
LEVEL,pooled,vix,asset_price,a,0.9,18,-5.256588128169824,3.122365326969323,0.0933995808689158,-10.392422060902835,-0.1207541954368132,291,True
LEVEL,pooled,vix,asset_price,a,0.9,19,-6.69848423829535,2.73266909885774,0.014855983824412063,-11.193324916809715,-2.2036435597809856,290,True
LEVEL,pooled,vix,asset_price,a,0.9,20,-6.421120922656883,6.261608604235676,0.30604045792967366,-16.72055054588448,3.878308700570713,289,True
LEVEL,pooled,vix,asset_price,a,0.9,21,-6.054546574223423,6.161083112019819,0.32661802188943406,-16.188626476978683,4.07953332853184,288,True
LEVEL,pooled,vix,asset_price,a,0.9,22,-3.7947227253880556,3.156662911789136,0.23035441740852677,-8.986971164907612,1.3975257141314996,287,True
LEVEL,pooled,vix,asset_price,a,0.9,23,-5.2407436614646485,6.994857939574412,0.4543672306662661,-16.746261113383923,6.264773790454624,286,True
LEVEL,pooled,vix,asset_price,a,0.9,24,-7.025066836805763,4.462620272773041,0.11660738634987011,-14.365423978183667,0.3152903045721409,285,True
LEVEL,pooled,us10y,asset_price,a,0.9,0,0.1601729598799011,0.08233456551518058,0.05267764046622131,0.024744651168782716,0.2956012685910195,309,True
LEVEL,pooled,us10y,asset_price,a,0.9,1,0.048662718443582165,0.1601450886050208,0.7614445865609752,-0.2147525113868512,0.3120779482740155,308,True
LEVEL,pooled,us10y,asset_price,a,0.9,2,-0.10381087271167644,0.14003419240602596,0.4590900440979918,-0.33414662198794853,0.12652487656459568,307,True
LEVEL,pooled,us10y,asset_price,a,0.9,3,-0.011823623887948997,0.08891413433552287,0.8943023709147314,-0.1580743602369842,0.1344271124610862,306,True
LEVEL,pooled,us10y,asset_price,a,0.9,4,0.025845858342222527,0.08054935301448916,0.7485393385849489,-0.10664603711225448,0.15833775379669954,305,True
LEVEL,pooled,us10y,asset_price,a,0.9,5,0.16790581713934571,0.16019328226748866,0.2954444708277161,-0.09558868421159394,0.4314003184902854,304,True
LEVEL,pooled,us10y,asset_price,a,0.9,6,0.23165679745551415,0.08990293229173978,0.01046981043912942,0.08377963320187334,0.379533961709155,303,True
LEVEL,pooled,us10y,asset_price,a,0.9,7,0.04822848442287864,0.08498050207517129,0.5708002675267224,-0.09155200263562396,0.18800897148138124,302,True
LEVEL,pooled,us10y,asset_price,a,0.9,8,-0.06016997021916737,0.07829702315913172,0.4428318728349922,-0.18895711274196858,0.06861717230363384,301,True
LEVEL,pooled,us10y,asset_price,a,0.9,9,-0.3425369511055578,0.0791474437305679,2.0841277387698903e-05,-0.47272291098971997,-0.21235099122139567,300,False
LEVEL,pooled,us10y,asset_price,a,0.9,10,-0.07654045769641016,0.08185153765798746,0.3505215722743328,-0.21117425628470585,0.05809334089188553,299,True
LEVEL,pooled,us10y,asset_price,a,0.9,11,0.07119203186104528,0.1010844984293623,0.48183402362948397,-0.09507717200906171,0.23746123573115227,298,True
LEVEL,pooled,us10y,asset_price,a,0.9,12,-0.003144710837659659,0.09717157681590238,0.9742058152260824,-0.16297773139989027,0.15668830972457096,297,True
LEVEL,pooled,us10y,asset_price,a,0.9,13,0.0720696195853412,0.11279693042233382,0.5233854826317367,-0.11346482052882745,0.25760405969950984,296,True
LEVEL,pooled,us10y,asset_price,a,0.9,14,-0.08468462334434435,0.10371632724750283,0.41490453559515633,-0.2552828003914852,0.08591355370279649,295,True
LEVEL,pooled,us10y,asset_price,a,0.9,15,-0.08943487512407167,0.18648875978958657,0.6319057949034189,-0.396181588049655,0.21731183780151164,294,True
LEVEL,pooled,us10y,asset_price,a,0.9,16,0.007048607083099512,0.09586426174794462,0.9414394824333588,-0.15063407154803246,0.16473128571423148,293,True
LEVEL,pooled,us10y,asset_price,a,0.9,17,-0.06418519728237015,0.08128869786366782,0.4304369202041164,-0.19789320679358657,0.06952281222884626,292,True
LEVEL,pooled,us10y,asset_price,a,0.9,18,0.1531023159506688,0.09825219592439097,0.12031374784368012,-0.00850816487151232,0.3147127967728499,291,True
LEVEL,pooled,us10y,asset_price,a,0.9,19,0.05243432158394512,0.0829499056438622,0.5278315184318705,-0.08400613156964401,0.18887477473753425,290,True
LEVEL,pooled,us10y,asset_price,a,0.9,20,0.04780366448438045,0.0766917398264155,0.5335894268773013,-0.07834302192631776,0.17395035089507865,289,True
LEVEL,pooled,us10y,asset_price,a,0.9,21,0.24923572210141343,0.15867376227513671,0.1173963577199078,-0.01175939127888087,0.5102308354817078,288,True
LEVEL,pooled,us10y,asset_price,a,0.9,22,-0.17533282686623153,0.1697639280579918,0.3026097953630944,-0.4545696396579481,0.10390398592548505,287,True
LEVEL,pooled,us10y,asset_price,a,0.9,23,-0.12726498504818284,0.0906292888353213,0.16138914375880686,-0.27633689949699364,0.02180692940062795,286,True
LEVEL,pooled,us10y,asset_price,a,0.9,24,0.1598288304576343,0.09559783317531471,0.09570066385967578,0.0025843878305161216,0.31707327308475247,285,True
LEVEL,pooled,ip,real_macro,a,0.9,0,-0.02740947241147751,0.13550491636938541,0.8398399263099957,-0.25029522557141703,0.19547628074846202,309,True
LEVEL,pooled,ip,real_macro,a,0.9,1,-0.6587822444435965,0.22444076587630032,0.0035960964416242164,-1.0279544522309951,-0.28961003665619767,308,True
LEVEL,pooled,ip,real_macro,a,0.9,2,-0.5781934858546371,0.18844312985343142,0.0023544211633144173,-0.888154851468141,-0.26823212024113324,307,True
LEVEL,pooled,ip,real_macro,a,0.9,3,0.22567296916759005,0.26960793270176875,0.4032538897465481,-0.21779261679180267,0.6691385551269828,306,True
LEVEL,pooled,ip,real_macro,a,0.9,4,-0.4967254795067504,0.39006254159092063,0.20387436813441387,-1.1383212657804855,0.14487030676698487,305,True
LEVEL,pooled,ip,real_macro,a,0.9,5,0.06608694069404919,0.21893557379042472,0.7629784572707802,-0.2940300319238326,0.42620391331193097,304,True
LEVEL,pooled,ip,real_macro,a,0.9,6,-0.12982367007079176,0.3540518383195447,0.7141261668871014,-0.712187120459531,0.4525397803179475,303,True
LEVEL,pooled,ip,real_macro,a,0.9,7,-0.1925382635433266,0.17059950957001072,0.26000669997670744,-0.4731494856157011,0.0880729585290479,302,True
LEVEL,pooled,ip,real_macro,a,0.9,8,-0.16063246895592442,0.40315239405794995,0.6906013475752685,-0.8237591465363125,0.5024942086244637,301,True
LEVEL,pooled,ip,real_macro,a,0.9,9,-0.11629955829050687,0.1930439405827538,0.5473511767725219,-0.43382858411905395,0.20122946753804022,300,True
LEVEL,pooled,ip,real_macro,a,0.9,10,-0.015736962548658084,0.18868644087548522,0.9335898746603009,-0.32609853917926446,0.2946246140819483,299,True
LEVEL,pooled,ip,real_macro,a,0.9,11,-0.09195966205277273,0.14124523683625992,0.5155317246034368,-0.3242874021525145,0.14036807804696907,298,True
LEVEL,pooled,ip,real_macro,a,0.9,12,-0.2967623971239277,0.19852498889430478,0.1360713271289556,-0.6233069451472257,0.029782150899370252,297,True
LEVEL,pooled,ip,real_macro,a,0.9,13,0.37744791774980513,0.21161959570602878,0.07556153611274907,0.029364658218739514,0.7255311772808708,296,True
LEVEL,pooled,ip,real_macro,a,0.9,14,-0.5498674964399868,0.14209619332554185,0.00013553037610153297,-0.7835949354075019,-0.31614005747247165,295,True
LEVEL,pooled,ip,real_macro,a,0.9,15,0.18774298600762052,0.17837399946691415,0.293466483377979,-0.10565613396937318,0.4811421059846142,294,True
LEVEL,pooled,ip,real_macro,a,0.9,16,0.19125354789947835,0.15628472380657152,0.22207873218393354,-0.06581194689086989,0.4483190426898266,293,True
LEVEL,pooled,ip,real_macro,a,0.9,17,-0.5565277034620522,0.16464584020896797,0.0008282557773931037,-0.8273460108922457,-0.28570939603185863,292,True
LEVEL,pooled,ip,real_macro,a,0.9,18,0.02157316479713245,0.2526749717548512,0.9320216757829828,-0.39404017893369536,0.43718650852796026,291,True
LEVEL,pooled,ip,real_macro,a,0.9,19,-0.46966294975417,0.2221476745039408,0.03539563032183855,-0.8350633578808121,-0.1042625416275279,290,True
LEVEL,pooled,ip,real_macro,a,0.9,20,-0.19263025456695004,0.247834822546259,0.4376778628491982,-0.6002822613170387,0.21502175218313857,289,True
LEVEL,pooled,ip,real_macro,a,0.9,21,-0.1075261187106662,0.42918359026496955,0.8023603050782632,-0.8134703037860559,0.5984180663647235,288,True
LEVEL,pooled,ip,real_macro,a,0.9,22,-0.15999237978167002,0.21967372177022143,0.467043048251612,-0.5213234977813473,0.2013387382180073,287,True
LEVEL,pooled,ip,real_macro,a,0.9,23,-0.08196730427312104,0.1874430822168857,0.6622468033264246,-0.39028373790452847,0.22634912935828638,286,True
LEVEL,pooled,ip,real_macro,a,0.9,24,0.007150384861432713,0.20455854259174475,0.9721411966248228,-0.32931847584450585,0.3436192455673713,285,True
LEVEL,pooled,cpi,real_macro,a,0.9,0,-0.11752159341358492,0.07230245310976234,0.1051416768795118,-0.23644854564866624,0.001405358821496408,309,True
LEVEL,pooled,cpi,real_macro,a,0.9,1,0.1624828238225291,0.09279079903416532,0.08097740546057043,0.009855541483457103,0.31511010616160107,308,True
LEVEL,pooled,cpi,real_macro,a,0.9,2,-0.009781984923392884,0.08351844344678007,0.9068423119395479,-0.1471575995441705,0.12759362969738472,307,True
LEVEL,pooled,cpi,real_macro,a,0.9,3,-0.1881553588515894,0.0826532718721098,0.023543329945709467,-0.3241078928698353,-0.052202824833343486,306,True
LEVEL,pooled,cpi,real_macro,a,0.9,4,-0.04093616630571972,0.07885933742526703,0.6040830548766776,-0.17064823348866018,0.08877590087722073,305,True
LEVEL,pooled,cpi,real_macro,a,0.9,5,-0.048681968700037714,0.074750119719209,0.5153926158480732,-0.17163497423523538,0.07427103683515997,304,True
LEVEL,pooled,cpi,real_macro,a,0.9,6,-0.02298495308232873,0.09050328563780925,0.7997007490563292,-0.17184961071470436,0.1258797045500469,303,True
LEVEL,pooled,cpi,real_macro,a,0.9,7,-0.2474985352543655,0.1708317514165276,0.1484854334319573,-0.5284917611703133,0.03349469066158223,302,True
LEVEL,pooled,cpi,real_macro,a,0.9,8,-0.1091136748709971,0.1016084226625484,0.2837854645449324,-0.276244657416308,0.05801730767431379,301,True
LEVEL,pooled,cpi,real_macro,a,0.9,9,-0.0110758245033864,0.10546685048626055,0.9164358393170162,-0.1845533560488607,0.1624017070420879,300,True
LEVEL,pooled,cpi,real_macro,a,0.9,10,-0.21280662621787627,0.19301983685527832,0.2711694117649458,-0.5302960049428622,0.10468275250710973,299,True
LEVEL,pooled,cpi,real_macro,a,0.9,11,-0.1442010125386446,0.10298809356490901,0.16255341217737174,-0.3136013517717028,0.025199326694413576,298,True
LEVEL,pooled,cpi,real_macro,a,0.9,12,-0.1402420495821275,0.08963439169823942,0.1187940103342347,-0.28767750386656554,0.007193404702310557,297,True
LEVEL,pooled,cpi,real_macro,a,0.9,13,-0.14634307636902832,0.12416362497619078,0.23953875363168822,-0.3505740652465581,0.05788791250850148,296,True
LEVEL,pooled,cpi,real_macro,a,0.9,14,-0.1025656577294285,0.10104696873685559,0.3109649117238079,-0.26877313074869746,0.06364181528984045,295,False
LEVEL,pooled,cpi,real_macro,a,0.9,15,0.0003581353078629945,0.19783838114194294,0.9985569258371189,-0.3250570434636696,0.3257733140793956,294,True
LEVEL,pooled,cpi,real_macro,a,0.9,16,0.03577180755232234,0.10776559269981585,0.7401831134158302,-0.14148681846054487,0.21303043356518955,293,True
LEVEL,pooled,cpi,real_macro,a,0.9,17,-0.19194584748402121,0.10440798226810087,0.06706709049442153,-0.3636816958003919,-0.02020999916765051,292,True
LEVEL,pooled,cpi,real_macro,a,0.9,18,-0.35758404289231294,0.12396075063362971,0.004226267958814215,-0.5614813331716657,-0.1536867526129601,291,True
LEVEL,pooled,cpi,real_macro,a,0.9,19,-0.07692544260982004,0.09922508478240956,0.43884854750914726,-0.24013618319873373,0.08628529797909365,290,True
LEVEL,pooled,cpi,real_macro,a,0.9,20,0.21130705625660084,0.1021418289034285,0.03950292966240186,0.043298698521339746,0.37931541399186197,289,True
LEVEL,pooled,cpi,real_macro,a,0.9,21,-0.010875740529854738,0.1190327304734954,0.9272672284261329,-0.20666715897512067,0.1849156779154112,288,True
LEVEL,pooled,cpi,real_macro,a,0.9,22,0.06655096163376584,0.10786177027145435,0.537747431323471,-0.11086586240664234,0.24396778567417401,287,False
LEVEL,pooled,cpi,real_macro,a,0.9,23,0.15230895699130542,0.10940287339556162,0.16500378629364784,-0.02764275611229683,0.3322606700949077,286,True
LEVEL,pooled,cpi,real_macro,a,0.9,24,-0.02308909356224831,0.1267329366853001,0.8555721804011303,-0.2315462241232755,0.18536803699877888,285,True
LEVEL,pooled,infl_exp,real_macro,a,0.9,0,0.2529508155458018,0.15032612145553736,0.09349501566788783,0.005686349444113642,0.50021528164749,309,True
LEVEL,pooled,infl_exp,real_macro,a,0.9,1,0.21828577538866512,0.14515566366001836,0.13370508842113749,-0.020474044455064094,0.4570455952323943,308,True
LEVEL,pooled,infl_exp,real_macro,a,0.9,2,0.1339801522634687,0.22983629200759664,0.5603838695542753,-0.2440669062503043,0.5120272107772417,307,True
LEVEL,pooled,infl_exp,real_macro,a,0.9,3,0.6186543647062308,0.1087399407871984,3.098963128795834e-08,0.43979307870791917,0.7975156507045424,306,True
LEVEL,pooled,infl_exp,real_macro,a,0.9,4,-0.00968978534054088,0.14487387117636819,0.9467197528400546,-0.24798609779549044,0.22860652711440868,305,True
LEVEL,pooled,infl_exp,real_macro,a,0.9,5,-0.016557087602535603,0.2585260514908594,0.948979175175576,-0.4417946010587187,0.4086804258536475,304,True
LEVEL,pooled,infl_exp,real_macro,a,0.9,6,-0.01905493808320813,0.1576896978967446,0.9039031677802364,-0.27843140960155044,0.24032153343513418,303,True
LEVEL,pooled,infl_exp,real_macro,a,0.9,7,-0.14497479064843333,0.14921373522976814,0.3320691204592513,-0.3904095442320941,0.10045996293522746,302,False
LEVEL,pooled,infl_exp,real_macro,a,0.9,8,-0.1488292482368756,0.2894712695696647,0.6075485762157797,-0.6249671158867859,0.3273086194130347,301,True
LEVEL,pooled,infl_exp,real_macro,a,0.9,9,0.1956744470293188,0.14352813552528026,0.1738546444404016,-0.04040832725902088,0.4317572213176585,300,True
LEVEL,pooled,infl_exp,real_macro,a,0.9,10,-0.22145509245955175,0.2611157107494155,0.39708790529405125,-0.6509522163397393,0.20804203142063582,299,True
LEVEL,pooled,infl_exp,real_macro,a,0.9,11,0.113174630362181,0.15864487032324243,0.47619428494901106,-0.14777295998625029,0.3741222207106123,298,True
LEVEL,pooled,infl_exp,real_macro,a,0.9,12,-0.20813672097864355,0.1868558371296998,0.2662718137769587,-0.5154872223984839,0.09921378044119672,297,True
LEVEL,pooled,infl_exp,real_macro,a,0.9,13,-0.2040529017361905,0.16849558833343398,0.22689852874812694,-0.48120348133176155,0.07309767785938054,296,True
LEVEL,pooled,infl_exp,real_macro,a,0.9,14,0.28453685580909394,0.1699930883438112,0.09527980876989936,0.004923107890094092,0.5641506037280938,295,True
LEVEL,pooled,infl_exp,real_macro,a,0.9,15,0.059724567105384097,0.19468578505908968,0.7592432935312572,-0.2605050525649543,0.3799541867757225,294,True
LEVEL,pooled,infl_exp,real_macro,a,0.9,16,-0.06467334247720125,0.36127071401167277,0.8580548415444526,-0.6589107867306493,0.5295641017762468,293,True
LEVEL,pooled,infl_exp,real_macro,a,0.9,17,0.4072613019442599,0.1577987276007453,0.010367436926362978,0.14770549252184667,0.6668171113666732,292,True
LEVEL,pooled,infl_exp,real_macro,a,0.9,18,-0.41293839101970065,0.1499555338809202,0.006281655572855837,-0.6595932948051766,-0.16628348723422468,291,True
LEVEL,pooled,infl_exp,real_macro,a,0.9,19,-0.32575275494368006,0.12323136713883157,0.008676486532400605,-0.5284503161361757,-0.12305519375118448,290,True
LEVEL,pooled,infl_exp,real_macro,a,0.9,20,0.17221023573381444,0.1046294091036347,0.10092536031083103,0.00011017268391150248,0.3443102987837174,289,True
LEVEL,pooled,infl_exp,real_macro,a,0.9,21,-0.14990376551872941,0.09751920459734151,0.12540520666202284,-0.31030858289808927,0.01050105186063044,288,True
LEVEL,pooled,infl_exp,real_macro,a,0.9,22,0.27451308009585773,0.10124076600554606,0.007123105858243995,0.10798683893628999,0.44103932125542544,287,True
LEVEL,pooled,infl_exp,real_macro,a,0.9,23,-0.012067901292596162,0.11983193021518039,0.9198573304540971,-0.20917388633163134,0.185038083746439,286,True
LEVEL,pooled,infl_exp,real_macro,a,0.9,24,-0.20903871269092633,0.1276270636985729,0.10260579989163494,-0.41896655131269056,0.0008891259308378974,285,True
LEVEL,pooled,freight,physical_channel,a,0.9,0,0.015814466354541423,0.007649547075705696,0.03957093122859647,0.0032320811025308826,0.028396851606551962,309,True
LEVEL,pooled,freight,physical_channel,a,0.9,1,0.022005991595780205,0.01049857663035565,0.036928679824460776,0.004737369747511749,0.03927461344404866,308,True
LEVEL,pooled,freight,physical_channel,a,0.9,2,0.01930473124726184,0.010022206698623016,0.05504720845180711,0.0028196682089744324,0.03578979428554925,307,True
LEVEL,pooled,freight,physical_channel,a,0.9,3,0.02038572063264077,0.011834526683022314,0.0860263386754253,0.000919656494817539,0.039851784770464,306,True
LEVEL,pooled,freight,physical_channel,a,0.9,4,0.025621302485774322,0.01003779047816343,0.011206515225850528,0.00911060641118825,0.042131998560360394,305,True
LEVEL,pooled,freight,physical_channel,a,0.9,5,-0.023101194144306447,0.01088134422768802,0.034599995576751794,-0.04099941266332655,-0.005202975625286342,304,True
LEVEL,pooled,freight,physical_channel,a,0.9,6,-0.018964512884462437,0.0066273882849947445,0.004523799749411316,-0.029865596542251738,-0.008063429226673134,303,True
LEVEL,pooled,freight,physical_channel,a,0.9,7,0.0059460162824933604,0.01099874115350182,0.5891950931190746,-0.012145302995744529,0.02403733556073125,302,True
LEVEL,pooled,freight,physical_channel,a,0.9,8,0.0031539742375774615,0.0085766799458158,0.7133393799266916,-0.010953408878499611,0.017261357353654534,301,True
LEVEL,pooled,freight,physical_channel,a,0.9,9,-0.012136153646918002,0.01887887985448506,0.5208410780436599,-0.04318914764834883,0.01891684035451283,300,True
LEVEL,pooled,freight,physical_channel,a,0.9,10,0.006868602103617727,0.008954109057365899,0.44366335018286845,-0.0078595966555096,0.021596800862745055,299,True
LEVEL,pooled,freight,physical_channel,a,0.9,11,0.011149707637457595,0.019250244681018665,0.5629145395109119,-0.02051412714581924,0.04281354242073443,298,True
LEVEL,pooled,freight,physical_channel,a,0.9,12,-0.008795655524159063,0.016381934268068263,0.5917503201273349,-0.03574153952147176,0.018150228473153632,297,True
LEVEL,pooled,freight,physical_channel,a,0.9,13,-0.006954888421605965,0.016767280829182427,0.6786115354464943,-0.03453461110760057,0.020624834264388638,296,True
LEVEL,pooled,freight,physical_channel,a,0.9,14,0.025979227185510823,0.011213241131436399,0.02123183416801555,0.007535086840586232,0.04442336753043541,295,True
LEVEL,pooled,freight,physical_channel,a,0.9,15,0.013825132610001845,0.01181939370417354,0.24311684507519105,-0.0056160399926754,0.03326630521267909,294,True
LEVEL,pooled,freight,physical_channel,a,0.9,16,-0.0006226820917589748,0.010976837164739376,0.9548033384028618,-0.01867797251463625,0.0174326083311183,293,True
LEVEL,pooled,freight,physical_channel,a,0.9,17,-0.017773925944388924,0.01739676225441299,0.30782057580952754,-0.0463890534357726,0.010841201546994753,292,True
LEVEL,pooled,freight,physical_channel,a,0.9,18,-0.0016558275422765278,0.010017564029486422,0.8688343799888353,-0.018133254069395872,0.014821598984842817,291,True
LEVEL,pooled,freight,physical_channel,a,0.9,19,0.03314505528575573,0.016771705309042952,0.04912222161634793,0.005558054978015169,0.060732055593496294,290,True
LEVEL,pooled,freight,physical_channel,a,0.9,20,0.003721706736611541,0.009843812646078627,0.7056659985195977,-0.012469924197321656,0.019913337670544737,289,True
LEVEL,pooled,freight,physical_channel,a,0.9,21,0.0026617966509130467,0.01940832268761493,0.8910151852942219,-0.029262053314854916,0.03458564661668101,288,True
LEVEL,pooled,freight,physical_channel,a,0.9,22,-0.00418849719752501,0.007097149957411106,0.5555674834657821,-0.015862270045991153,0.007485275650941134,287,True
LEVEL,pooled,freight,physical_channel,a,0.9,23,0.002347584402992098,0.008613549920882792,0.7854093874473591,-0.01182044442529953,0.016515613231283727,286,True
LEVEL,pooled,freight,physical_channel,a,0.9,24,-0.01581466196286846,0.016162071068754703,0.3286974777655082,-0.042398903179357086,0.010769579253620171,285,True
LEVEL,pooled,oil,asset_price,b,0.1,0,-0.015165645488650625,0.05037849398694972,0.7636111050581347,-0.0980308940434378,0.06769960306613655,309,True
LEVEL,pooled,oil,asset_price,b,0.1,1,-0.02090749237640921,0.04658037367829688,0.6538887246520809,-0.09752538896591072,0.0557104042130923,308,True
LEVEL,pooled,oil,asset_price,b,0.1,2,0.0007254951191839609,0.037867850868213884,0.9847282753952513,-0.061561576726255104,0.06301256696462303,307,True
LEVEL,pooled,oil,asset_price,b,0.1,3,0.03562499098848093,0.05521979423219228,0.5193627448814462,-0.05520348783385452,0.1264534698108164,306,True
LEVEL,pooled,oil,asset_price,b,0.1,4,-0.06715256474535636,0.029189696772175457,0.022159772031007833,-0.11516534335068285,-0.019139786140029875,305,True
LEVEL,pooled,oil,asset_price,b,0.1,5,-0.003704487562600889,0.027322987454304684,0.892251079025542,-0.04864680257596352,0.041237827450761745,304,True
LEVEL,pooled,oil,asset_price,b,0.1,6,-0.015129109223835258,0.030590466460681566,0.6212989560641023,-0.0654459489318247,0.03518773048415418,303,True
LEVEL,pooled,oil,asset_price,b,0.1,7,0.0019945114466963787,0.0642880230873094,0.9752724920232552,-0.10374987649800446,0.10773889939139722,302,True
LEVEL,pooled,oil,asset_price,b,0.1,8,0.08853087013676486,0.06292458428016205,0.160583735966644,-0.01497086054087328,0.192032600814403,301,True
LEVEL,pooled,oil,asset_price,b,0.1,9,-0.006436672244035435,0.04081512536253388,0.8748077570373863,-0.07357157923107831,0.06069823474300744,300,True
LEVEL,pooled,oil,asset_price,b,0.1,10,0.050134366433397304,0.05716655709573014,0.3812700854730728,-0.04389625234584284,0.14416498521263743,299,True
LEVEL,pooled,oil,asset_price,b,0.1,11,-0.05380357892579468,0.032192796937655595,0.09582250025116769,-0.10675601773040974,-0.0008511401211796291,298,True
LEVEL,pooled,oil,asset_price,b,0.1,12,-0.020490516853925556,0.061029055836336596,0.7373209750177813,-0.12087438069574771,0.0798933469878966,297,True
LEVEL,pooled,oil,asset_price,b,0.1,13,0.08082804099717578,0.030383645392981214,0.00827900714895036,0.030851391672523237,0.13080469032182832,296,True
LEVEL,pooled,oil,asset_price,b,0.1,14,0.0704860501875828,0.032556638984308425,0.03127146134125923,0.016935144472893397,0.1240369559022722,295,True
LEVEL,pooled,oil,asset_price,b,0.1,15,0.059523612003147264,0.02385456540487608,0.013192666205533818,0.020286343577585735,0.09876088042870879,294,True
LEVEL,pooled,oil,asset_price,b,0.1,16,-0.06745338157304559,0.02662168551233542,0.011860845541313066,-0.11124215754357197,-0.023664605602519213,293,True
LEVEL,pooled,oil,asset_price,b,0.1,17,-0.09382624341452583,0.03538041467845756,0.008487710202878609,-0.15202184682143385,-0.035630640007617814,292,True
LEVEL,pooled,oil,asset_price,b,0.1,18,-0.03396261745686502,0.05858250793104438,0.5625863211216164,-0.13032226810315675,0.062397033189426715,291,True
LEVEL,pooled,oil,asset_price,b,0.1,19,0.058744628483339056,0.03909921858733536,0.13418518730881007,-0.005567863021007924,0.12305711998768604,290,True
LEVEL,pooled,oil,asset_price,b,0.1,20,0.051522810562545374,0.04025192993735621,0.2016786808825093,-0.014685722386711536,0.11773134351180228,289,True
LEVEL,pooled,oil,asset_price,b,0.1,21,0.016207704529733746,0.03128354065671325,0.6048357236365298,-0.03524914078334489,0.06766454984281238,288,False
LEVEL,pooled,oil,asset_price,b,0.1,22,-0.06702631761373823,0.03277067955066563,0.04183442461149506,-0.12092928873031503,-0.013123346497161431,287,True
LEVEL,pooled,oil,asset_price,b,0.1,23,-0.019079180353855918,0.03827375241730643,0.6185616230783448,-0.08203390083450507,0.04387554012679323,286,False
LEVEL,pooled,oil,asset_price,b,0.1,24,0.01357186506720609,0.06118860583551545,0.8246427688708974,-0.0870744351694455,0.11421816530385769,285,False
LEVEL,pooled,dxy,asset_price,b,0.1,0,-0.00961193832760543,0.0066966653332876545,0.15230463481825438,-0.020626972589543817,0.0014030959343329583,309,True
LEVEL,pooled,dxy,asset_price,b,0.1,1,-0.004389526912007113,0.004622387841335269,0.34312264406061244,-0.011992678318003817,0.0032136244939895905,308,True
LEVEL,pooled,dxy,asset_price,b,0.1,2,0.009687714736614339,0.00483333162898474,0.0459982725435655,0.001737591676419523,0.017637837796809157,307,True
LEVEL,pooled,dxy,asset_price,b,0.1,3,0.0023773209514814653,0.004476466984315113,0.5957937389281732,-0.004985812003597767,0.009740453906560698,306,True
LEVEL,pooled,dxy,asset_price,b,0.1,4,0.0038353034535347774,0.010089077097642837,0.7041297457558129,-0.012759751603116074,0.02043035851018563,305,True
LEVEL,pooled,dxy,asset_price,b,0.1,5,-0.011967531088657779,0.005419022976356,0.028036311438455738,-0.02088103068585031,-0.003054031491465249,304,True
LEVEL,pooled,dxy,asset_price,b,0.1,6,-0.002372661588935898,0.004825172513111198,0.6233054878162861,-0.010309364097793402,0.005564040919921605,303,True
LEVEL,pooled,dxy,asset_price,b,0.1,7,-0.018259720083140252,0.004950722316024791,0.00027221797896905057,-0.02640293364068322,-0.010116506525597282,302,True
LEVEL,pooled,dxy,asset_price,b,0.1,8,-0.005613906922533829,0.0068101125777581175,0.4104611388233156,-0.01681554529600711,0.005587731450939451,301,True
LEVEL,pooled,dxy,asset_price,b,0.1,9,-0.0005102512936403514,0.005511066047117869,0.9263000841751201,-0.00957514826961129,0.008554645682330587,300,True
LEVEL,pooled,dxy,asset_price,b,0.1,10,0.0010129326919781079,0.004864439342936486,0.8352041138931153,-0.006988358004336408,0.009014223388292624,299,True
LEVEL,pooled,dxy,asset_price,b,0.1,11,-0.0068883046505447965,0.005965628878367606,0.2492484331578782,-0.016700890948174195,0.0029242816470846037,298,True
LEVEL,pooled,dxy,asset_price,b,0.1,12,-0.003011743929882016,0.008051688799288033,0.7086608783343493,-0.01625559345447548,0.010232105594711449,297,True
LEVEL,pooled,dxy,asset_price,b,0.1,13,0.0005316520100819844,0.0048560156327158675,0.9129011989172041,-0.007455782915923758,0.008519086936087727,296,True
LEVEL,pooled,dxy,asset_price,b,0.1,14,-0.0040102195551696695,0.00952103499240879,0.6739510006729255,-0.01967092849476515,0.01165048938442581,295,False
LEVEL,pooled,dxy,asset_price,b,0.1,15,0.006927508100844193,0.006849681975428567,0.31276226778599886,-0.0043392161399036094,0.018194232341591995,294,True
LEVEL,pooled,dxy,asset_price,b,0.1,16,0.009439259981320447,0.01001585543457345,0.3468300054483816,-0.007035356157259306,0.0259138761199002,293,False
LEVEL,pooled,dxy,asset_price,b,0.1,17,0.0003059120660964254,0.0065699206865667045,0.9628971066448424,-0.010500645803986325,0.011112469936179176,292,False
LEVEL,pooled,dxy,asset_price,b,0.1,18,-0.013061876010965534,0.00576586341946749,0.024302918805305416,-0.022545877368983454,-0.003577874652947616,291,True
LEVEL,pooled,dxy,asset_price,b,0.1,19,-0.008784196280082313,0.009959676900009765,0.3785982064564289,-0.02516640695232817,0.007598014392163545,290,True
LEVEL,pooled,dxy,asset_price,b,0.1,20,-0.0008393985794157288,0.006170959075290296,0.8919071573061242,-0.010989722996176074,0.009310925837344617,289,True
LEVEL,pooled,dxy,asset_price,b,0.1,21,-0.00010080921519772801,0.005966148112117218,0.9865318504490367,-0.009914249576343414,0.009712631145947958,288,True
LEVEL,pooled,dxy,asset_price,b,0.1,22,0.009103233228884733,0.005087276928262097,0.0747168527293514,0.0007354073221262775,0.017471059135643188,287,True
LEVEL,pooled,dxy,asset_price,b,0.1,23,-0.01028669043921937,0.004891319690113415,0.03643005979498112,-0.018332195372081573,-0.0022411855063571677,286,True
LEVEL,pooled,dxy,asset_price,b,0.1,24,0.003582526080919024,0.009489072989392958,0.7060822606229982,-0.01202561004209123,0.01919066220392928,285,True
LEVEL,pooled,vix,asset_price,b,0.1,0,-0.8138662074125023,0.661290942810086,0.21945553393102374,-1.9015930131638308,0.27386059833882626,309,True
LEVEL,pooled,vix,asset_price,b,0.1,1,-0.5453396737575531,0.8823024288207837,0.5370203965127907,-1.9965980238715122,0.905918676356406,308,False
LEVEL,pooled,vix,asset_price,b,0.1,2,0.1459646213479573,0.7247653181051095,0.840535926410384,-1.0461682408258695,1.338097483521784,307,True
LEVEL,pooled,vix,asset_price,b,0.1,3,-0.6687039756798185,0.7935769329529414,0.40015114505740906,-1.9740218721124896,0.6366139207528525,306,True
LEVEL,pooled,vix,asset_price,b,0.1,4,-1.0944595444016159,0.7804736233558421,0.16194482833823665,-2.37822441451843,0.18930532571519842,305,True
LEVEL,pooled,vix,asset_price,b,0.1,5,-0.6086943264817819,0.7888807052765725,0.441016006703478,-1.9062876157879876,0.6888989628244238,304,True
LEVEL,pooled,vix,asset_price,b,0.1,6,1.3239357878755982,1.116726660210289,0.23682328419965656,-0.5129161094846999,3.1607876852358965,303,True
LEVEL,pooled,vix,asset_price,b,0.1,7,0.19111012615030631,0.962757764140123,0.8427988865506639,-1.392485474071265,1.7747057263718777,302,True
LEVEL,pooled,vix,asset_price,b,0.1,8,0.3980535225418862,0.9075614974485352,0.6613006387006285,-1.0947522982178461,1.8908593433016185,301,True
LEVEL,pooled,vix,asset_price,b,0.1,9,-0.40159935341216624,0.9189841243254665,0.6624554827832695,-1.9131937234197325,1.1099950165954,300,True
LEVEL,pooled,vix,asset_price,b,0.1,10,2.52390986384853,0.9031889322470491,0.005570137364945621,1.038296272819544,4.009523454877517,299,True
LEVEL,pooled,vix,asset_price,b,0.1,11,1.3993638753017876,0.9141984518615212,0.12701423670678538,-0.10435876399605637,2.9030865145996314,298,True
LEVEL,pooled,vix,asset_price,b,0.1,12,1.6366457681215252,1.2857932168353474,0.20416367723771267,-0.4782958680996967,3.751587404342747,297,True
LEVEL,pooled,vix,asset_price,b,0.1,13,2.2136331754736602,1.3035395378726815,0.09063614240506244,0.06950143872913417,4.357764912218187,296,True
LEVEL,pooled,vix,asset_price,b,0.1,14,1.2472433465163704,1.1691970287294997,0.2870474246865582,-0.6759146268102318,3.1704013198429726,295,True
LEVEL,pooled,vix,asset_price,b,0.1,15,-0.06161905035696691,1.4300155161955388,0.965662295462858,-2.4137852587680806,2.2905471580541468,294,True
LEVEL,pooled,vix,asset_price,b,0.1,16,-1.2582354378318996,1.1375031434341416,0.26966995048538045,-3.129261608978248,0.6127907333144489,293,True
LEVEL,pooled,vix,asset_price,b,0.1,17,-2.392199892317876,1.3867299574632832,0.08568598163167186,-4.673167692453618,-0.11123209218213415,292,True
LEVEL,pooled,vix,asset_price,b,0.1,18,-1.669507669750601,1.103361822144545,0.1314524887345278,-3.4843763647448407,0.1453610252436388,291,True
LEVEL,pooled,vix,asset_price,b,0.1,19,-0.1036516736203339,1.2627156554432672,0.9346407512524392,-2.1806340992845974,1.9733307520439296,290,True
LEVEL,pooled,vix,asset_price,b,0.1,20,0.39435634297842626,1.2949360443637865,0.7609612508811948,-1.7356239062635406,2.524336592220393,289,True
LEVEL,pooled,vix,asset_price,b,0.1,21,-1.7384577237826306,1.2597068531338007,0.16875692412182403,-3.810491110055388,0.33357566249012693,288,True
LEVEL,pooled,vix,asset_price,b,0.1,22,-2.6879448296967894,1.0421276126877548,0.01045271447648368,-4.402092213172522,-0.9737974462210568,287,True
LEVEL,pooled,vix,asset_price,b,0.1,23,-3.1248125350102782,1.2365686898604558,0.01210237847341675,-5.1587870295018785,-1.0908380405186775,286,False
LEVEL,pooled,vix,asset_price,b,0.1,24,-3.1421088848728687,1.245580196379828,0.012253297231358661,-5.190905988547156,-1.0933117811985813,285,True
LEVEL,pooled,us10y,asset_price,b,0.1,0,-0.01021666859742254,0.14028642194110275,0.9419954291953639,-0.24096729853928997,0.2205339613444449,309,False
LEVEL,pooled,us10y,asset_price,b,0.1,1,-0.11112949688822482,0.09360222526948331,0.2361341933079723,-0.26509145661346317,0.04283246283701353,308,True
LEVEL,pooled,us10y,asset_price,b,0.1,2,0.11497514830625732,0.09065263097446237,0.20574647520993633,-0.03413516054478047,0.26408545715729514,307,True
LEVEL,pooled,us10y,asset_price,b,0.1,3,-0.06547561764409693,0.13915773097882472,0.6383569905110967,-0.29436971616295404,0.16341848087476016,306,True
LEVEL,pooled,us10y,asset_price,b,0.1,4,-0.05620955198935462,0.07217878683666878,0.43678911674007026,-0.17493309130660645,0.0625139873278972,305,True
LEVEL,pooled,us10y,asset_price,b,0.1,5,-0.07053064860565428,0.0959380258509176,0.4628608874747389,-0.2283346583891002,0.08727336117779164,304,True
LEVEL,pooled,us10y,asset_price,b,0.1,6,-0.13372429667720098,0.14736679600433314,0.3649766214148658,-0.37612110557714606,0.1086725122227441,303,True
LEVEL,pooled,us10y,asset_price,b,0.1,7,-0.0655531662505382,0.10384581989028097,0.5284002113383408,-0.23636433974081617,0.10525800723973977,302,True
LEVEL,pooled,us10y,asset_price,b,0.1,8,-0.31271851245310245,0.0848204699961992,0.0002738966460003789,-0.45223577016607924,-0.17320125474012565,301,True
LEVEL,pooled,us10y,asset_price,b,0.1,9,-0.034670329818254686,0.10016983653144913,0.7295235094462258,-0.19943504874814488,0.1300943891116355,300,True
LEVEL,pooled,us10y,asset_price,b,0.1,10,-0.03214331985677177,0.1639232991529423,0.8446885894690433,-0.3017731530103401,0.23748651329679654,299,True
LEVEL,pooled,us10y,asset_price,b,0.1,11,-0.0703429273837628,0.08712409899173232,0.4201538330086731,-0.21364931760519282,0.07296346283766722,298,True
LEVEL,pooled,us10y,asset_price,b,0.1,12,-0.062128030957183,0.09329015507159781,0.5060037950888862,-0.21557668088556595,0.09132061897119995,297,True
LEVEL,pooled,us10y,asset_price,b,0.1,13,0.010803171408383605,0.07561477986094298,0.8864992909200896,-0.11357207349702558,0.1351784163137928,296,True
LEVEL,pooled,us10y,asset_price,b,0.1,14,0.021043562388513237,0.14138686795139124,0.8817947996407792,-0.21151714016464152,0.253604264941668,295,True
LEVEL,pooled,us10y,asset_price,b,0.1,15,0.014909530364292323,0.09587901194134522,0.876542264263296,-0.14279741017595288,0.17261647090453752,294,True
LEVEL,pooled,us10y,asset_price,b,0.1,16,-0.024538767977475118,0.0944155688984212,0.795141402635183,-0.17983855892072984,0.1307610229657796,293,True
LEVEL,pooled,us10y,asset_price,b,0.1,17,0.14125948724222326,0.13598558922721718,0.2998562301157891,-0.08241690241129795,0.36493587689574447,292,True
LEVEL,pooled,us10y,asset_price,b,0.1,18,0.14851538721359248,0.07478552800906513,0.048084399847837106,0.025504140224400784,0.27152663420278417,291,True
LEVEL,pooled,us10y,asset_price,b,0.1,19,-0.007125173660824657,0.14049120066603604,0.9595903457734272,-0.23821263463112113,0.22396228730947182,290,True
LEVEL,pooled,us10y,asset_price,b,0.1,20,-0.1406517918933332,0.08303864627018916,0.09149413312710342,-0.2772382103879942,-0.004065373398672245,289,False
LEVEL,pooled,us10y,asset_price,b,0.1,21,0.05136726716955309,0.08390895839916297,0.5409545991826197,-0.08665068738703033,0.1893852217261365,288,True
LEVEL,pooled,us10y,asset_price,b,0.1,22,-0.21641178880486223,0.07335196063612408,0.0034650038346312083,-0.33706502730119253,-0.09575855030853192,287,True
LEVEL,pooled,us10y,asset_price,b,0.1,23,-0.13346995325537137,0.12529856394503097,0.2877743549955473,-0.3395677506121665,0.07262784410142378,286,True
LEVEL,pooled,us10y,asset_price,b,0.1,24,0.19474146077817522,0.08572556440481588,0.02393261873703603,0.05373545524445181,0.33574746631189867,285,True
LEVEL,pooled,ip,real_macro,b,0.1,0,0.1617417956558711,0.1794642761353368,0.3682283380780092,-0.1334506698535582,0.4569342611653004,309,True
LEVEL,pooled,ip,real_macro,b,0.1,1,-0.10231270854637842,0.22145607370277462,0.6444400708294856,-0.4665755345868198,0.26195011749406294,308,True
LEVEL,pooled,ip,real_macro,b,0.1,2,0.10440716666403205,0.2202403918441713,0.6358278789445281,-0.2578560406620665,0.4666703739901306,307,True
LEVEL,pooled,ip,real_macro,b,0.1,3,0.5830131857924243,0.22709585381076153,0.010774066362022017,0.20947374698615195,0.9565526245986967,306,True
LEVEL,pooled,ip,real_macro,b,0.1,4,0.5304544273614482,0.4012898391031342,0.18730085706654306,-0.12960861994611483,1.1905174746690113,305,True
LEVEL,pooled,ip,real_macro,b,0.1,5,0.6015630981034974,0.22927259577063172,0.009179657166256298,0.22444323738959504,0.9786829588173998,304,True
LEVEL,pooled,ip,real_macro,b,0.1,6,0.7867879789107519,0.333407929311876,0.01898179666980163,0.23838073712773256,1.3351952206937714,303,True
LEVEL,pooled,ip,real_macro,b,0.1,7,0.5738883852491199,0.174458002404199,0.0011347741942747593,0.2869305072438645,0.8608462632543753,302,True
LEVEL,pooled,ip,real_macro,b,0.1,8,0.012130102478295157,0.2281274495628785,0.9576333696341974,-0.36310616034239457,0.3873663652989849,301,True
LEVEL,pooled,ip,real_macro,b,0.1,9,0.06691563875574502,0.24576823477204823,0.7856199830674976,-0.3373371335985194,0.47116841111000946,300,True
LEVEL,pooled,ip,real_macro,b,0.1,10,0.13745083182493545,0.2013893217234497,0.49549759829429296,-0.1938051244411777,0.4687067880910486,299,True
LEVEL,pooled,ip,real_macro,b,0.1,11,0.5967389858612933,0.40254989758909354,0.1394007475689288,-0.06539667321707099,1.2588746449396575,298,True
LEVEL,pooled,ip,real_macro,b,0.1,12,0.02434295838156686,0.4185184815330595,0.9536607045443652,-0.6640586839143088,0.7127446006774425,297,True
LEVEL,pooled,ip,real_macro,b,0.1,13,0.48110314888752725,0.3481939425428666,0.16821138259818277,-0.09162492038663939,1.0538312181616938,296,True
LEVEL,pooled,ip,real_macro,b,0.1,14,-0.17916978313405707,0.21498842270890453,0.40536818886564013,-0.532794269979375,0.17445470371126082,295,True
LEVEL,pooled,ip,real_macro,b,0.1,15,-0.1416532772714163,0.21150358795447086,0.5036018937189055,-0.4895457210315774,0.2062391664887448,294,True
LEVEL,pooled,ip,real_macro,b,0.1,16,0.2267431792415664,0.21422842647564136,0.29082882645237146,-0.12563122504299906,0.5791175835261319,293,True
LEVEL,pooled,ip,real_macro,b,0.1,17,-0.20166278922260972,0.17852931300339545,0.25967936636652167,-0.49531737723339936,0.09199179878817992,292,True
LEVEL,pooled,ip,real_macro,b,0.1,18,0.1116044394657365,0.330722273264152,0.7360418340017927,-0.43238529122643976,0.6555941701579128,291,True
LEVEL,pooled,ip,real_macro,b,0.1,19,0.2711175428489696,0.1813473651218017,0.13611325621879142,-0.027172328409718838,0.569407414107658,290,True
LEVEL,pooled,ip,real_macro,b,0.1,20,0.09693559413790354,0.19942927242009428,0.6273288997987818,-0.23109636792258176,0.42496755619838883,289,True
LEVEL,pooled,ip,real_macro,b,0.1,21,-0.16660093719519864,0.17291238648721077,0.33619234809298765,-0.451016503253522,0.11781462886312472,288,True
LEVEL,pooled,ip,real_macro,b,0.1,22,0.1538788651979388,0.37775456522057005,0.6840863619703123,-0.46747210150259233,0.77522983189847,287,True
LEVEL,pooled,ip,real_macro,b,0.1,23,-0.04067645769481487,0.22146050839067716,0.8544137588116596,-0.40494657814773716,0.3235936627581074,286,False
LEVEL,pooled,ip,real_macro,b,0.1,24,0.17000074962930967,0.3689871079878245,0.6453871585852319,-0.4369290332427981,0.7769305325014174,285,True
LEVEL,pooled,cpi,real_macro,b,0.1,0,-0.02221023670272615,0.08667435934759778,0.7979459042486542,-0.1647768710393176,0.1203563976338653,309,True
LEVEL,pooled,cpi,real_macro,b,0.1,1,0.03371398422328298,0.0951870525552997,0.7234655779613834,-0.12285478441112213,0.1902827528576881,308,True
LEVEL,pooled,cpi,real_macro,b,0.1,2,-0.33516104434212934,0.1178911210765154,0.004799731747520506,-0.5290746824302108,-0.14124740625404783,307,True
LEVEL,pooled,cpi,real_macro,b,0.1,3,-0.04615894361401729,0.09116864651929753,0.613045356011929,-0.19611802250554053,0.10380013527750595,306,True
LEVEL,pooled,cpi,real_macro,b,0.1,4,0.03782878103329956,0.07835170410032928,0.6296138531331562,-0.09104830363395558,0.1667058657005547,305,True
LEVEL,pooled,cpi,real_macro,b,0.1,5,0.12634825906724245,0.14918179603938087,0.3977614876870795,-0.11903395922326793,0.37173047735775283,304,True
LEVEL,pooled,cpi,real_macro,b,0.1,6,-0.0619473757999458,0.095377232400168,0.5165582869790262,-0.2188289624419556,0.09493421084206399,303,True
LEVEL,pooled,cpi,real_macro,b,0.1,7,-0.07003756300849062,0.08418044442859114,0.4061372597998373,-0.20850207234524562,0.06842694632826438,302,True
LEVEL,pooled,cpi,real_macro,b,0.1,8,0.21220996866305342,0.09201319900606142,0.021843109797648995,0.060861724550525687,0.36355821277558115,301,True
LEVEL,pooled,cpi,real_macro,b,0.1,9,-0.061193124734643334,0.08423965271093928,0.4682077531629691,-0.1997550230293642,0.07736877356007754,300,False
LEVEL,pooled,cpi,real_macro,b,0.1,10,0.2196006563839603,0.15848946422906848,0.1670128552565491,-0.04109131368681862,0.48029262645473925,299,True
LEVEL,pooled,cpi,real_macro,b,0.1,11,0.0708861145781261,0.174782742246109,0.6853819627248984,-0.21660591293391063,0.35837814209016283,298,True
LEVEL,pooled,cpi,real_macro,b,0.1,12,0.15596127340171506,0.10144094146345602,0.12535637680323736,-0.01089422708582255,0.3228167738892527,297,True
LEVEL,pooled,cpi,real_macro,b,0.1,13,-0.19882870667066754,0.09789632633943983,0.04324063980090742,-0.3598538341153201,-0.03780357922601499,296,True
LEVEL,pooled,cpi,real_macro,b,0.1,14,0.13167791268142537,0.09236177526804386,0.15513009166325586,-0.020243688359893347,0.28359951372274406,295,True
LEVEL,pooled,cpi,real_macro,b,0.1,15,0.1297577064945017,0.08872987524411219,0.14481475546203865,-0.01618995061972789,0.27570536360873127,294,False
LEVEL,pooled,cpi,real_macro,b,0.1,16,-0.22907888683550937,0.08197650440400034,0.005578635612522642,-0.3639182374292327,-0.09423953624178608,293,True
LEVEL,pooled,cpi,real_macro,b,0.1,17,0.11348593650990324,0.13493210366078995,0.4010757089670007,-0.10845762358873912,0.3354294966085456,292,True
LEVEL,pooled,cpi,real_macro,b,0.1,18,-0.03271102913541313,0.15542512788117338,0.8334703413178999,-0.28836261445015754,0.22294055617933128,291,True
LEVEL,pooled,cpi,real_macro,b,0.1,19,-0.028106349020958987,0.09862614178928993,0.7758856020543649,-0.19033191605530267,0.1341192180133847,290,True
LEVEL,pooled,cpi,real_macro,b,0.1,20,0.09781944472217674,0.16847677508070877,0.5620037217000665,-0.1793001898264145,0.37493907927076797,289,True
LEVEL,pooled,cpi,real_macro,b,0.1,21,0.13855884327136891,0.1423781464020899,0.3313708802033791,-0.09563236723673635,0.3727500537794742,288,True
LEVEL,pooled,cpi,real_macro,b,0.1,22,0.05287331693301178,0.07593106989512227,0.48684467769505224,-0.07202217878228583,0.1777688126483094,287,True
LEVEL,pooled,cpi,real_macro,b,0.1,23,0.001718733379775017,0.09146460972483039,0.9850221663423692,-0.14872716166381314,0.15216462842336317,286,True
LEVEL,pooled,cpi,real_macro,b,0.1,24,-0.18498979748498812,0.16911707348319535,0.27504213280636425,-0.46316262918324064,0.0931830342132644,285,True
LEVEL,pooled,infl_exp,real_macro,b,0.1,0,-0.4800734319142066,0.18592542119970082,0.010327251279937612,-0.7858935353170147,-0.17425332851139858,309,False
LEVEL,pooled,infl_exp,real_macro,b,0.1,1,0.036082999176869635,0.10005168509677673,0.7186378189536727,-0.12848737793717013,0.2006533762909094,308,False
LEVEL,pooled,infl_exp,real_macro,b,0.1,2,-0.12305714024387271,0.10093051330843962,0.2237880666314326,-0.28907306112933345,0.042958780641588035,307,True
LEVEL,pooled,infl_exp,real_macro,b,0.1,3,-0.13658870715278226,0.10445025173479805,0.1920583427281569,-0.30839408255475914,0.035216668249194616,306,True
LEVEL,pooled,infl_exp,real_macro,b,0.1,4,-0.08942290673644493,0.08351303836805896,0.2852068292557882,-0.22678963079388417,0.047943817320994314,305,True
LEVEL,pooled,infl_exp,real_macro,b,0.1,5,-0.1175141773943551,0.1132838653144725,0.30048418667661797,-0.30384955413194725,0.06882119934323708,304,True
LEVEL,pooled,infl_exp,real_macro,b,0.1,6,0.24789075840453734,0.10217195337005552,0.015900686293225174,0.07983285033108481,0.4159486664779899,303,True
LEVEL,pooled,infl_exp,real_macro,b,0.1,7,0.18257000134894952,0.12145272947792729,0.13393436119472465,-0.01720196123597517,0.3823419639338742,302,True
LEVEL,pooled,infl_exp,real_macro,b,0.1,8,-0.06331289376248606,0.09610586748616541,0.5105904807188032,-0.2213929784684228,0.09476719094345068,301,True
LEVEL,pooled,infl_exp,real_macro,b,0.1,9,-0.11825755165500595,0.14030133673519887,0.4000346899023542,-0.3490327142500377,0.11251761094002574,300,True
LEVEL,pooled,infl_exp,real_macro,b,0.1,10,0.05632881860924499,0.20792830318574185,0.7866703158575052,-0.28568280503168786,0.39834044225017784,299,True
LEVEL,pooled,infl_exp,real_macro,b,0.1,11,0.12388975336796193,0.08659781187835507,0.15369149689191103,-0.01855097158621169,0.2663304783221355,298,True
LEVEL,pooled,infl_exp,real_macro,b,0.1,12,0.16087994584813714,0.10772784238574434,0.13650646840427244,-0.016316586423710977,0.33807647811998526,297,False
LEVEL,pooled,infl_exp,real_macro,b,0.1,13,-0.08869490132360625,0.11573726966674897,0.4441443800349827,-0.27906576910841885,0.10167596646120639,296,True
LEVEL,pooled,infl_exp,real_macro,b,0.1,14,0.10369958955197944,0.11280917338395224,0.3587956594315891,-0.08185498844201189,0.2892541675459708,295,True
LEVEL,pooled,infl_exp,real_macro,b,0.1,15,-0.07482118142741001,0.1263125568990959,0.554119747335562,-0.28258684877240214,0.1329444859175821,294,True
LEVEL,pooled,infl_exp,real_macro,b,0.1,16,-0.16769935675313263,0.10907827329587229,0.12538307947689453,-0.3471171502054521,0.011718436699186818,293,True
LEVEL,pooled,infl_exp,real_macro,b,0.1,17,0.5178001382660113,0.08736676625160576,9.621613829909487e-09,0.3740945959220361,0.6615056806099866,292,True
LEVEL,pooled,infl_exp,real_macro,b,0.1,18,-0.2139174514281308,0.19166566838483975,0.2653993596311407,-0.5291794212330125,0.10134451837675101,291,True
LEVEL,pooled,infl_exp,real_macro,b,0.1,19,-0.023526682570206958,0.1873560982232992,0.9001670184515058,-0.33170004026427696,0.28464667512386305,290,True
LEVEL,pooled,infl_exp,real_macro,b,0.1,20,-0.1919678269277938,0.09490462114652574,0.044119089798936445,-0.34807203723511204,-0.03586361662047555,289,True
LEVEL,pooled,infl_exp,real_macro,b,0.1,21,-0.16385199093588199,0.1093772575964369,0.13533478238109373,-0.34376156979938666,0.016057587927622713,288,True
LEVEL,pooled,infl_exp,real_macro,b,0.1,22,0.08593602426390134,0.10272653941031629,0.4036159683058738,-0.08303409666933076,0.25490614519713345,287,True
LEVEL,pooled,infl_exp,real_macro,b,0.1,23,-0.05755532346665859,0.1018593053277593,0.5725325962134997,-0.2250989712737809,0.10998832434046371,286,True
LEVEL,pooled,infl_exp,real_macro,b,0.1,24,0.0210687824235265,0.1879850629743634,0.9108499228212895,-0.28813913022255605,0.33027669506960905,285,False
LEVEL,pooled,freight,physical_channel,b,0.1,0,-0.007630886830909844,0.00773854607437866,0.3249382646734793,-0.02035966240868266,0.005097888746862973,309,True
LEVEL,pooled,freight,physical_channel,b,0.1,1,-0.008898591407628942,0.011000678741806462,0.41925202453988114,-0.02699309773501726,0.009195914919759376,308,True
LEVEL,pooled,freight,physical_channel,b,0.1,2,0.011799039348480811,0.014029630934424546,0.4010633584030275,-0.011277649978797974,0.034875728675759596,307,True
LEVEL,pooled,freight,physical_channel,b,0.1,3,0.01673450546678623,0.0065062922573005345,0.010629515219111109,0.006032607049359167,0.027436403884213298,306,True
LEVEL,pooled,freight,physical_channel,b,0.1,4,-0.0054746029235133165,0.005955113261395184,0.35873260808236673,-0.015269892570425995,0.004320686723399362,305,True
LEVEL,pooled,freight,physical_channel,b,0.1,5,0.004940399350871871,0.006910068215666105,0.4752401301782397,-0.00642565141614861,0.016306450117892352,304,False
LEVEL,pooled,freight,physical_channel,b,0.1,6,0.00705782140971678,0.010448027564791554,0.49991490594460164,-0.010127654624719564,0.024243297444153124,303,True
LEVEL,pooled,freight,physical_channel,b,0.1,7,0.009022550702241006,0.005410955478160297,0.09656548968575841,0.00012232095871610345,0.01792278044576591,302,True
LEVEL,pooled,freight,physical_channel,b,0.1,8,0.003051562419614129,0.00669714719252688,0.6490031061703828,-0.007964264430241579,0.014067389269469837,301,True
LEVEL,pooled,freight,physical_channel,b,0.1,9,0.01815941313411429,0.006556444165211819,0.005996956788896178,0.007375022169060811,0.028943804099167768,300,True
LEVEL,pooled,freight,physical_channel,b,0.1,10,-0.012397636666634071,0.008964321494758067,0.16780395457382866,-0.027142633390445918,0.002347360057177778,299,True
LEVEL,pooled,freight,physical_channel,b,0.1,11,0.01288314776934385,0.007066937205912191,0.06940656372575676,0.001259070474760881,0.02450722506392682,298,True
LEVEL,pooled,freight,physical_channel,b,0.1,12,-0.011919208117795677,0.008544736428918426,0.16419121903558276,-0.025974048824246518,0.0021356325886551664,297,True
LEVEL,pooled,freight,physical_channel,b,0.1,13,-0.00397943704184911,0.007739075274067974,0.6075354927839143,-0.016709083075650277,0.008750208991952056,296,True
LEVEL,pooled,freight,physical_channel,b,0.1,14,0.00022647012980314685,0.006384146590853998,0.9717284200719754,-0.010274516545152929,0.010727456804759223,295,True
LEVEL,pooled,freight,physical_channel,b,0.1,15,-0.019975744812256835,0.007735969884936875,0.010352758781375185,-0.03270028293548262,-0.007251206689031052,294,True
LEVEL,pooled,freight,physical_channel,b,0.1,16,-0.01647611194776033,0.008167968643829389,0.04468691031160365,-0.029911224796388997,-0.0030409990991316638,293,True
LEVEL,pooled,freight,physical_channel,b,0.1,17,0.0073653295744122715,0.007752201585465505,0.3429328333630609,-0.005385907320299617,0.02011656646912416,292,True
LEVEL,pooled,freight,physical_channel,b,0.1,18,-0.017337005231496505,0.008001641257913307,0.03115727094226129,-0.03049853387613975,-0.004175476586853261,291,False
LEVEL,pooled,freight,physical_channel,b,0.1,19,0.006412307301218334,0.007788290935900808,0.41107105544850947,-0.006398291292451386,0.019222905894888054,290,False
LEVEL,pooled,freight,physical_channel,b,0.1,20,-0.009942595928656317,0.00863188105291404,0.25043843704019725,-0.02414077678595567,0.0042555849286430355,289,True
LEVEL,pooled,freight,physical_channel,b,0.1,21,0.002484094017518146,0.005579105456477854,0.6565099211803174,-0.0066927178277142,0.011660905862750492,288,True
LEVEL,pooled,freight,physical_channel,b,0.1,22,-0.008295792781131073,0.007387943914781367,0.26252720971025584,-0.020447879125073263,0.0038562935628111174,287,True
LEVEL,pooled,freight,physical_channel,b,0.1,23,0.005210167301491708,0.01283491626710916,0.6851253621836157,-0.015901391272081244,0.02632172587506466,286,True
LEVEL,pooled,freight,physical_channel,b,0.1,24,-0.015124928262409298,0.005932146516722129,0.011364357688968506,-0.024882440976047235,-0.005367415548771362,285,True
LEVEL,pooled,oil,asset_price,b,0.25,0,-0.01652143760719582,0.0297239202412885,0.5787695618929395,-0.06541293562329549,0.03237006040890385,309,True
LEVEL,pooled,oil,asset_price,b,0.25,1,-0.023196938848329296,0.030487325036273605,0.44737405979823125,-0.07334412601029236,0.026950248313633768,308,True
LEVEL,pooled,oil,asset_price,b,0.25,2,0.024063653828591214,0.034635167271016065,0.4877743988415655,-0.03290612667721048,0.08103343433439292,307,True
LEVEL,pooled,oil,asset_price,b,0.25,3,-0.00832660803062879,0.03572920857434852,0.815895901183626,-0.06709592634225159,0.05044271028099401,306,True
LEVEL,pooled,oil,asset_price,b,0.25,4,-0.01577279209777771,0.025682138131641843,0.5396175311336677,-0.0580161501514775,0.02647056595592208,305,False
LEVEL,pooled,oil,asset_price,b,0.25,5,-0.06554341381279016,0.025560739581035677,0.010870307417287063,-0.10758708902021874,-0.02349973860536158,304,True
LEVEL,pooled,oil,asset_price,b,0.25,6,0.010128079589449612,0.02638368138286866,0.7013664944723119,-0.03326921442549394,0.05352537360439316,303,True
LEVEL,pooled,oil,asset_price,b,0.25,7,-0.039040797250891046,0.03523997941766784,0.2688958736915167,-0.09700540520973722,0.01892381070795513,302,True
LEVEL,pooled,oil,asset_price,b,0.25,8,0.016803921848918435,0.03138123673319964,0.5927561899366858,-0.03481361920990776,0.06842146290774463,301,True
LEVEL,pooled,oil,asset_price,b,0.25,9,0.020423466041620486,0.030987641974020985,0.5103992579725916,-0.030546669250021606,0.07139360133326259,300,True
LEVEL,pooled,oil,asset_price,b,0.25,10,0.053852418200989405,0.03517537956221117,0.12694349745039119,-0.004005932451308335,0.11171076885328715,299,True
LEVEL,pooled,oil,asset_price,b,0.25,11,-0.004298506850602735,0.02625485484565156,0.8700721985363488,-0.04748390006855714,0.03888688636735167,298,True
LEVEL,pooled,oil,asset_price,b,0.25,12,-0.008445678460248018,0.03693375577840072,0.8192983885347861,-0.06919630060929033,0.0523049436887943,297,True
LEVEL,pooled,oil,asset_price,b,0.25,13,0.014323080820872747,0.0358954378966325,0.6901945222232644,-0.044719660394414544,0.07336582203616004,296,True
LEVEL,pooled,oil,asset_price,b,0.25,14,0.022068113121690658,0.02864574855844771,0.44175559310610274,-0.025049950291411965,0.06918617653479328,295,True
LEVEL,pooled,oil,asset_price,b,0.25,15,-0.03547375750184756,0.02720677837654145,0.19340945584212338,-0.08022492559216665,0.009277410588471535,294,True
LEVEL,pooled,oil,asset_price,b,0.25,16,-0.03331888181554632,0.02905852385891421,0.2525758367978058,-0.08111590017873724,0.014478136547644606,293,True
LEVEL,pooled,oil,asset_price,b,0.25,17,-0.06100968447617561,0.03592612631569679,0.09064859795555305,-0.12010290364886621,-0.001916465303485007,292,False
LEVEL,pooled,oil,asset_price,b,0.25,18,-0.055688723551782005,0.033014770631028506,0.09283098278077283,-0.10999318876720018,-0.001384258336363825,291,True
LEVEL,pooled,oil,asset_price,b,0.25,19,0.08426186351678666,0.03068446631729099,0.006449182934649371,0.03379040780372029,0.13473331922985304,290,True
LEVEL,pooled,oil,asset_price,b,0.25,20,0.028560495265935515,0.030894446708147526,0.3561038851220625,-0.022256347454619914,0.07937733798649094,289,True
LEVEL,pooled,oil,asset_price,b,0.25,21,0.01524195565991704,0.026819538721176726,0.5703113543790306,-0.028872259878775945,0.059356171198610023,288,True
LEVEL,pooled,oil,asset_price,b,0.25,22,0.016034239452562105,0.02744488079852001,0.5595712315017787,-0.029108572270134345,0.061177051175258554,287,True
LEVEL,pooled,oil,asset_price,b,0.25,23,-0.032820165866922935,0.03649596787998658,0.3693410337638111,-0.0928506910034233,0.027210359269577426,286,True
LEVEL,pooled,oil,asset_price,b,0.25,24,0.009602398274907387,0.04013256802857162,0.8110892709807995,-0.05640980180576534,0.07561459835558011,285,True
LEVEL,pooled,dxy,asset_price,b,0.25,0,-0.0022194367317114327,0.004663890565399656,0.6345319936525782,-0.00989085404391381,0.005451980580490944,309,True
LEVEL,pooled,dxy,asset_price,b,0.25,1,-0.003936078133001786,0.004372090713931542,0.3687482698528694,-0.011127527401172933,0.0032553711351693626,308,True
LEVEL,pooled,dxy,asset_price,b,0.25,2,0.005954637704789434,0.0043769643066461925,0.17478589302969025,-0.0012448279100346913,0.013154103319613558,307,True
LEVEL,pooled,dxy,asset_price,b,0.25,3,-0.0027051067303318632,0.004283196325368951,0.5281916798216434,-0.0097503377410602,0.004340124280396473,306,True
LEVEL,pooled,dxy,asset_price,b,0.25,4,0.004753509915317089,0.00584518566397696,0.4167817469162116,-0.004860964924280163,0.014367984754914341,305,True
LEVEL,pooled,dxy,asset_price,b,0.25,5,0.001651026323283844,0.00561027020892897,0.7687602557120808,-0.007577046978050766,0.010879099624618454,304,True
LEVEL,pooled,dxy,asset_price,b,0.25,6,-0.003246998304538451,0.005269254953254175,0.5382618148845821,-0.011914151425730591,0.005420154816653689,303,True
LEVEL,pooled,dxy,asset_price,b,0.25,7,-0.014937252305202264,0.006143914203552758,0.015689262064077572,-0.025043091866594685,-0.004831412743809844,302,True
LEVEL,pooled,dxy,asset_price,b,0.25,8,-0.004997321412750999,0.005725786723141913,0.38355292192521556,-0.01441540247146156,0.004420759645959562,301,True
LEVEL,pooled,dxy,asset_price,b,0.25,9,-0.014286429148363311,0.005029637218277904,0.004845440627953477,-0.022559446169097837,-0.006013412127628787,300,True
LEVEL,pooled,dxy,asset_price,b,0.25,10,0.0005284617584209172,0.00642409473642964,0.934498740739477,-0.010038233768675239,0.011095157285517073,299,True
LEVEL,pooled,dxy,asset_price,b,0.25,11,-9.414232533799805e-05,0.004503782723009446,0.9833385157808276,-0.007502205672281464,0.0073139210216054676,298,True
LEVEL,pooled,dxy,asset_price,b,0.25,12,0.007088761625610118,0.005559979593896402,0.2034228641346284,-0.002056590975186552,0.01623411422640679,297,True
LEVEL,pooled,dxy,asset_price,b,0.25,13,-0.0016408502223157484,0.004329705074432903,0.7050064574136573,-0.008762581317626902,0.0054808808729954065,296,True
LEVEL,pooled,dxy,asset_price,b,0.25,14,-0.009470286993646937,0.0062201257881613105,0.12906144188422447,-0.019701483456398453,0.0007609094691045787,295,True
LEVEL,pooled,dxy,asset_price,b,0.25,15,0.001696009385870667,0.006606182863384794,0.7975851947881868,-0.009170194457272473,0.012562213229013807,294,True
LEVEL,pooled,dxy,asset_price,b,0.25,16,0.0069257278800876065,0.006856202199848641,0.3133493880624585,-0.004351721175446093,0.018203176935621304,293,True
LEVEL,pooled,dxy,asset_price,b,0.25,17,0.001051172733355088,0.0050175412860371865,0.8342198458715556,-0.007201948249361932,0.009304293716072108,292,True
LEVEL,pooled,dxy,asset_price,b,0.25,18,-0.011427235138691927,0.004960915196439832,0.022033694362416412,-0.019587214492554662,-0.003267255784829193,291,True
LEVEL,pooled,dxy,asset_price,b,0.25,19,-0.012287564120876837,0.005879798279416341,0.0376007652091754,-0.021958971646517833,-0.002616156595235843,290,True
LEVEL,pooled,dxy,asset_price,b,0.25,20,0.0013514037944624135,0.006667787472727395,0.8395457993392221,-0.009616130613794833,0.01231893820271966,289,True
LEVEL,pooled,dxy,asset_price,b,0.25,21,-0.009088343801006538,0.005558487814936453,0.1032509669753879,-0.018231242643770327,5.4555041757251704e-05,288,True
LEVEL,pooled,dxy,asset_price,b,0.25,22,0.004204233274556657,0.006239927037303265,0.5010627006857202,-0.006059533344664173,0.014467999893777487,287,True
LEVEL,pooled,dxy,asset_price,b,0.25,23,-0.00817646560014218,0.006027270522448324,0.17610102100457325,-0.018090443379609,0.0017375121793246403,286,True
LEVEL,pooled,dxy,asset_price,b,0.25,24,0.000894396656711649,0.0061077353982603045,0.8836914512656078,-0.009151934065576708,0.010940727379000006,285,True
LEVEL,pooled,vix,asset_price,b,0.25,0,-1.3571535620721988,0.8154326882685711,0.09716005323822556,-2.698420976905547,-0.015886147238850512,309,True
LEVEL,pooled,vix,asset_price,b,0.25,1,-1.576348251568561,0.876088073070623,0.07304731184711521,-3.0173848960877017,-0.13531160704942047,308,True
LEVEL,pooled,vix,asset_price,b,0.25,2,-0.8681920356466435,0.8269084237217564,0.2946610655087508,-2.2283353555620993,0.4919512842688123,307,True
LEVEL,pooled,vix,asset_price,b,0.25,3,-0.810514360666275,0.8413637348082746,0.3362170883901643,-2.194434551451102,0.5734058301185521,306,False
LEVEL,pooled,vix,asset_price,b,0.25,4,-1.779651626420673,1.0151145783409983,0.08068183259057801,-3.4493665223761782,-0.10993673046516772,305,False
LEVEL,pooled,vix,asset_price,b,0.25,5,-1.5214980183227453,1.2733326535569611,0.23315406807529845,-3.615943851841655,0.5729478151961644,304,True
LEVEL,pooled,vix,asset_price,b,0.25,6,1.5792028165742522,1.0285006811985995,0.12582506411614985,-0.11253025921732407,3.2709358923658285,303,True
LEVEL,pooled,vix,asset_price,b,0.25,7,-0.8610814460553229,1.0844322203329697,0.42785988880672443,-2.6448137168530463,0.9226508247424003,302,False
LEVEL,pooled,vix,asset_price,b,0.25,8,1.510431104048621,1.071046247182128,0.15960747628763838,-0.2512832002616654,3.272145408358907,301,True
LEVEL,pooled,vix,asset_price,b,0.25,9,0.9165616953687277,1.0863401373188222,0.3995699547134347,-0.8703088196030973,2.7034322103405524,300,True
LEVEL,pooled,vix,asset_price,b,0.25,10,1.5191333494331047,1.0628846369541787,0.15408260360847525,-0.2291563006919748,3.2674229995581845,299,True
LEVEL,pooled,vix,asset_price,b,0.25,11,1.8548859916627407,1.1419816469999737,0.10548509337750052,-0.023506662317181792,3.733278645642663,298,False
LEVEL,pooled,vix,asset_price,b,0.25,12,-0.6901482858229429,1.3631026124561472,0.6130559057443801,-2.9322525618284634,1.5519559901825777,297,False
LEVEL,pooled,vix,asset_price,b,0.25,13,1.3461340740323067,1.1572481015244793,0.24577492036984078,-0.5573696630429386,3.2496378111075517,296,False
LEVEL,pooled,vix,asset_price,b,0.25,14,0.046868402656400576,1.2824510653212176,0.9708743422655003,-2.0625758835249837,2.156312688837785,295,True
LEVEL,pooled,vix,asset_price,b,0.25,15,0.3955503301694989,1.3176371263746944,0.7642615856367566,-1.7717698761538325,2.5628705364928304,294,True
LEVEL,pooled,vix,asset_price,b,0.25,16,-0.9286140357144177,1.269545006790936,0.46514806813915877,-3.01682974471262,1.1596016732837846,293,False
LEVEL,pooled,vix,asset_price,b,0.25,17,-0.21073514176532626,1.2423424260172986,0.865433189820282,-2.2542065871155708,1.8327363035849182,292,True
LEVEL,pooled,vix,asset_price,b,0.25,18,-1.4804304516583215,1.2068603150701054,0.22104022963335507,-3.465539018125181,0.5046781148085377,291,True
LEVEL,pooled,vix,asset_price,b,0.25,19,-1.044043975416571,1.3278993081765933,0.43243899664324065,-3.228243968697191,1.140156017864049,290,False
LEVEL,pooled,vix,asset_price,b,0.25,20,-1.9708337734919041,1.4311221814631319,0.1696536123337385,-4.324820284282239,0.38315273729843113,289,True
LEVEL,pooled,vix,asset_price,b,0.25,21,-2.690006038174033,1.3401796745691181,0.04576353736747338,-4.89440543665569,-0.4856066396923757,288,False
LEVEL,pooled,vix,asset_price,b,0.25,22,-0.5834645270369947,1.3223543064348158,0.6594134372005962,-2.7585438040912,1.5916147500172104,287,False
LEVEL,pooled,vix,asset_price,b,0.25,23,-3.9937047587736743,1.303273940931247,0.002412671581904692,-6.137399627425775,-1.8500098901215738,286,True
LEVEL,pooled,vix,asset_price,b,0.25,24,-1.9638153770938516,1.371651495984474,0.1534401199157024,-4.219981315177327,0.2923505609896231,285,True
LEVEL,pooled,us10y,asset_price,b,0.25,0,0.014482527923519228,0.10761127252859837,0.8930388092250571,-0.1625222639960091,0.19148731984304757,309,False
LEVEL,pooled,us10y,asset_price,b,0.25,1,-0.12082184047540068,0.0833739722795624,0.14841321787805087,-0.25795982117279037,0.016316140221989045,308,False
LEVEL,pooled,us10y,asset_price,b,0.25,2,0.07121296337936656,0.0915513021879582,0.4373179479396247,-0.07937552807662676,0.22180145483535987,307,False
LEVEL,pooled,us10y,asset_price,b,0.25,3,-0.1138551854742218,0.09564955251043368,0.23492949947974662,-0.2711846988372939,0.043474327888850334,306,False
LEVEL,pooled,us10y,asset_price,b,0.25,4,-0.010339962742818898,0.09981488512198086,0.9175685805377622,-0.17452083855945366,0.15384091307381587,305,True
LEVEL,pooled,us10y,asset_price,b,0.25,5,-0.01268849457142096,0.07578709788108906,0.8671599233795886,-0.13734717739725655,0.11197018825441461,304,True
LEVEL,pooled,us10y,asset_price,b,0.25,6,-0.09144557137688025,0.0891139269930843,0.3057156991147287,-0.23802493740334368,0.05513379464958318,303,True
LEVEL,pooled,us10y,asset_price,b,0.25,7,0.014336500713625355,0.0659981958614672,0.8281941630571008,-0.09422087112136261,0.12289387254861332,302,True
LEVEL,pooled,us10y,asset_price,b,0.25,8,-0.006453773914358862,0.06950582670850004,0.9260890262559962,-0.12078068507009566,0.10787313724137794,301,True
LEVEL,pooled,us10y,asset_price,b,0.25,9,-0.03538155895512318,0.09240976600281796,0.7021101211021036,-0.18738209773059514,0.11661897982034877,300,False
LEVEL,pooled,us10y,asset_price,b,0.25,10,-0.0033607128042376644,0.09495580979179107,0.9717929098864642,-0.15954912094037932,0.152827695331904,299,True
LEVEL,pooled,us10y,asset_price,b,0.25,11,-0.14651701505295023,0.08301582801089652,0.07870624345284917,-0.283065900851053,-0.009968129254847469,298,True
LEVEL,pooled,us10y,asset_price,b,0.25,12,-0.12772444609561262,0.06883962504272252,0.06463418663403653,-0.24095555302511415,-0.014493339166111091,297,True
LEVEL,pooled,us10y,asset_price,b,0.25,13,-0.05297185970903229,0.06806467637277086,0.43710364648777406,-0.1649282895080626,0.05898457008999804,296,False
LEVEL,pooled,us10y,asset_price,b,0.25,14,0.09238971910144755,0.10249937725683954,0.36820471869583743,-0.0762067533397322,0.2609861915426273,295,True
LEVEL,pooled,us10y,asset_price,b,0.25,15,0.04130050899777871,0.07996191891071498,0.6059328101563239,-0.09022514334051035,0.17282616133606776,294,True
LEVEL,pooled,us10y,asset_price,b,0.25,16,0.0008001881176582515,0.07436979269543753,0.9914233543618545,-0.12152723513306128,0.12312761136837778,293,True
LEVEL,pooled,us10y,asset_price,b,0.25,17,0.04619928248803262,0.0724451895983927,0.5242128394387833,-0.07296245037807068,0.16536101535413594,292,True
LEVEL,pooled,us10y,asset_price,b,0.25,18,0.05881113380476677,0.07835858986019205,0.45360143133200725,-0.07007727692957297,0.1876995445391065,291,True
LEVEL,pooled,us10y,asset_price,b,0.25,19,-0.07123200604428348,0.0999087290050967,0.47649834824349974,-0.23556724131242854,0.09310322922386158,290,True
LEVEL,pooled,us10y,asset_price,b,0.25,20,0.048220532611594535,0.07747974057977874,0.5342464605889151,-0.0792222996963137,0.17566336491950277,289,False
LEVEL,pooled,us10y,asset_price,b,0.25,21,0.010776421044511153,0.07636606082843934,0.8878881134451588,-0.11483457108514405,0.13638741317416636,288,True
LEVEL,pooled,us10y,asset_price,b,0.25,22,-0.02235142349763919,0.06887101062996824,0.745790924222655,-0.13563415512415583,0.09093130812887747,287,True
LEVEL,pooled,us10y,asset_price,b,0.25,23,-0.17870011602235536,0.099285225094706,0.07304996572506442,-0.3420097786220758,-0.01539045342263487,286,True
LEVEL,pooled,us10y,asset_price,b,0.25,24,0.21284413701761196,0.0950713956610181,0.026026395704618708,0.05646560704524786,0.3692226669899761,285,True
LEVEL,pooled,ip,real_macro,b,0.25,0,0.23567385681144515,0.11608954092581719,0.043287797401260784,0.04472355436848338,0.4266241592544069,309,True
LEVEL,pooled,ip,real_macro,b,0.25,1,0.008693456586115644,0.14092318773684498,0.9508542506143904,-0.22310455988439704,0.24049147305662832,308,True
LEVEL,pooled,ip,real_macro,b,0.25,2,-0.04773666085327477,0.15367575884148735,0.7563120715301022,-0.300510790158215,0.20503746845166548,307,True
LEVEL,pooled,ip,real_macro,b,0.25,3,0.3860820555819373,0.1480490766074925,0.00960506557757714,0.14256299495728691,0.6296011162065878,306,False
LEVEL,pooled,ip,real_macro,b,0.25,4,0.19813451970458118,0.15010311678605898,0.18792834284333088,-0.048763136357688336,0.4450321757668507,305,True
LEVEL,pooled,ip,real_macro,b,0.25,5,0.2610613044604406,0.15328373329751835,0.08967046660560145,0.008931999793355405,0.5131906091275258,304,True
LEVEL,pooled,ip,real_macro,b,0.25,6,0.49227799646268977,0.14525595812578146,0.0008040614734709749,0.25335320690318697,0.7312027860221926,303,True
LEVEL,pooled,ip,real_macro,b,0.25,7,0.23133342519440703,0.1447457713648091,0.11114986031108527,-0.00675218182088777,0.4694190322097018,302,True
LEVEL,pooled,ip,real_macro,b,0.25,8,0.03228588530078014,0.1680184886051555,0.847762285085608,-0.24407993507631448,0.30865170567787475,301,True
LEVEL,pooled,ip,real_macro,b,0.25,9,0.15383425798253825,0.164736571299357,0.35122512155219654,-0.1171332888107589,0.4248018047758354,300,True
LEVEL,pooled,ip,real_macro,b,0.25,10,0.02940015590064604,0.21623127203926354,0.8919489028241065,-0.3262686361734671,0.38506894797475916,299,True
LEVEL,pooled,ip,real_macro,b,0.25,11,0.19704385610634745,0.209771286409991,0.3484023776763983,-0.14799920517540227,0.5420869173880971,298,True
LEVEL,pooled,ip,real_macro,b,0.25,12,0.09220063500038123,0.21916944009613218,0.6743231984442751,-0.2683010134586652,0.45270228345942765,297,True
LEVEL,pooled,ip,real_macro,b,0.25,13,0.2878670383248618,0.16091961963113455,0.07476229700260488,0.023177818326938826,0.5525562583227848,296,False
LEVEL,pooled,ip,real_macro,b,0.25,14,-0.20501355371169439,0.22449013805256268,0.36193980377724894,-0.5742669715022888,0.16423986407890007,295,True
LEVEL,pooled,ip,real_macro,b,0.25,15,0.1722866867689845,0.16686355399964392,0.3027755857208513,-0.10217943523334261,0.4467528087713116,294,True
LEVEL,pooled,ip,real_macro,b,0.25,16,0.2073936165423902,0.20986304373362488,0.3239399226331629,-0.13780037210593815,0.5525876051907186,293,True
LEVEL,pooled,ip,real_macro,b,0.25,17,0.20741281177606652,0.15235450200518796,0.1745534925952392,-0.043188043429552236,0.4580136669816853,292,False
LEVEL,pooled,ip,real_macro,b,0.25,18,-0.121692572433858,0.19896832319578484,0.5413189673932132,-0.4489663404908974,0.2055811956231814,291,True
LEVEL,pooled,ip,real_macro,b,0.25,19,0.23977247584843298,0.1464409713195621,0.10276161387763877,-0.001101486960845277,0.48064643865771123,290,True
LEVEL,pooled,ip,real_macro,b,0.25,20,-0.20305819186000917,0.14413774643960936,0.16009079803420248,-0.44014368687181227,0.03402730315179392,289,True
LEVEL,pooled,ip,real_macro,b,0.25,21,-0.027411263652084017,0.1612771626452416,0.8651708560053287,-0.29268858957355215,0.23786606226938412,288,True
LEVEL,pooled,ip,real_macro,b,0.25,22,-0.024709434952455922,0.21770414590182652,0.9097220383347207,-0.38280088894144776,0.3333820190365359,287,False
LEVEL,pooled,ip,real_macro,b,0.25,23,0.18499600573773023,0.2125713416521604,0.38495788661950997,-0.16465273656476637,0.5346447480402268,286,True
LEVEL,pooled,ip,real_macro,b,0.25,24,0.2154565940799671,0.17835077859427723,0.22813862558869588,-0.0779043309604488,0.508817519120383,285,True
LEVEL,pooled,cpi,real_macro,b,0.25,0,-0.16749036872533907,0.06806083343402423,0.014460621623889404,-0.27944047745263384,-0.05554025999804428,309,False
LEVEL,pooled,cpi,real_macro,b,0.25,1,-0.03931926004717923,0.06355286405860144,0.536626293750806,-0.14385441899712367,0.06521589890276522,308,True
LEVEL,pooled,cpi,real_macro,b,0.25,2,-0.09193967747738441,0.07138005129301883,0.19880260913450343,-0.20934941373868854,0.02547005878391974,307,True
LEVEL,pooled,cpi,real_macro,b,0.25,3,-0.08974682738335105,0.06506126580638438,0.1688738206581724,-0.1967630864190362,0.017269431652334105,306,False
LEVEL,pooled,cpi,real_macro,b,0.25,4,-0.056240729212277074,0.06543176638605382,0.3907900495803806,-0.16386640747021913,0.05138494904566497,305,False
LEVEL,pooled,cpi,real_macro,b,0.25,5,0.12059698999109969,0.06110644994774988,0.04942959479293573,0.020085824164414706,0.22110815581778467,304,False
LEVEL,pooled,cpi,real_macro,b,0.25,6,-0.07232970938281369,0.07225384593674086,0.31768267192649796,-0.1911767099330548,0.04651729116742741,303,True
LEVEL,pooled,cpi,real_macro,b,0.25,7,0.02133590315497713,0.07013712115196753,0.7612043499518308,-0.09402939495577148,0.13670120126572574,302,False
LEVEL,pooled,cpi,real_macro,b,0.25,8,-0.014832312158887362,0.06874650686437077,0.8293408616589345,-0.1279102533149919,0.09824562899721717,301,True
LEVEL,pooled,cpi,real_macro,b,0.25,9,0.06651556010569948,0.057613528783276996,0.24930327814977443,-0.028250261674946722,0.16128138188634566,300,True
LEVEL,pooled,cpi,real_macro,b,0.25,10,0.12748324539805367,0.08498732710647253,0.13477161677635163,-0.012308467837938847,0.26727495863404616,299,True
LEVEL,pooled,cpi,real_macro,b,0.25,11,0.0627449390786694,0.08470918075973911,0.45951294865050557,-0.07658926413007533,0.20207914228741414,298,True
LEVEL,pooled,cpi,real_macro,b,0.25,12,0.060507341868401454,0.07214357756555095,0.40237827169058804,-0.05815828335154989,0.17917296708835279,297,True
LEVEL,pooled,cpi,real_macro,b,0.25,13,0.018463304605575104,0.06711209848371544,0.7834426164667597,-0.09192627399768863,0.12885288320883884,296,True
LEVEL,pooled,cpi,real_macro,b,0.25,14,0.058244963707977604,0.08222456417506004,0.4793368808536063,-0.07700240889987398,0.19349233631582918,295,True
LEVEL,pooled,cpi,real_macro,b,0.25,15,0.001909827785766538,0.05720097927442193,0.9733901976774196,-0.09217741043894236,0.09599706601047543,294,True
LEVEL,pooled,cpi,real_macro,b,0.25,16,-0.05189014034317552,0.05826371338986476,0.373947255157853,-0.14772542063215563,0.043945139945804595,293,True
LEVEL,pooled,cpi,real_macro,b,0.25,17,0.05589689288061095,0.06220846077660609,0.36971562346773507,-0.04642691945485798,0.1582207052160799,292,True
LEVEL,pooled,cpi,real_macro,b,0.25,18,-0.13740214686276886,0.08746040315942707,0.11737998766287204,-0.2812617082141905,0.006457414488652752,291,True
LEVEL,pooled,cpi,real_macro,b,0.25,19,-0.08075543956147158,0.08994715088213298,0.3701112104027564,-0.22870533692389933,0.06719445780095618,290,False
LEVEL,pooled,cpi,real_macro,b,0.25,20,0.05393235715393985,0.08369399703961482,0.5198824326787189,-0.08373201743073636,0.19159673173861605,289,True
LEVEL,pooled,cpi,real_macro,b,0.25,21,-0.03708385076282639,0.062039450898441977,0.5505295112719066,-0.13912966658720644,0.06496196506155366,288,False
LEVEL,pooled,cpi,real_macro,b,0.25,22,0.06038910930686825,0.05958303850007074,0.31175365616178696,-0.03761626767476231,0.1583944862884988,287,True
LEVEL,pooled,cpi,real_macro,b,0.25,23,-0.09752665882115252,0.06842314704707723,0.15526586847518398,-0.21007272040897143,0.015019402766666384,286,False
LEVEL,pooled,cpi,real_macro,b,0.25,24,-0.018990450626560573,0.08975699058290226,0.8326052966365972,-0.1666275621310965,0.12864666087797536,285,True
LEVEL,pooled,infl_exp,real_macro,b,0.25,0,-0.12503050802297366,0.09263858263012267,0.1782116412061738,-0.2774074166577746,0.027346400611827276,309,True
LEVEL,pooled,infl_exp,real_macro,b,0.25,1,-0.17894613900000422,0.0845896071029225,0.03527354307948816,-0.31808366104564634,-0.039808616954362136,308,True
LEVEL,pooled,infl_exp,real_macro,b,0.25,2,-0.07342718056088415,0.07256362031428809,0.31246226348798867,-0.19278371461957045,0.04592935349780214,307,True
LEVEL,pooled,infl_exp,real_macro,b,0.25,3,-0.002982155680683718,0.07680066923811704,0.9690539444587837,-0.1293080150293009,0.12334370366793346,306,True
LEVEL,pooled,infl_exp,real_macro,b,0.25,4,-0.1273510907233799,0.06618121400302727,0.05534401194778922,-0.23620950061231089,-0.018492680834448938,305,True
LEVEL,pooled,infl_exp,real_macro,b,0.25,5,-0.07571199131740514,0.07712275322978464,0.3271036859447524,-0.20256763168789976,0.05114364905308949,304,True
LEVEL,pooled,infl_exp,real_macro,b,0.25,6,0.05694226433674032,0.0689403680489784,0.4095404865075614,-0.0564545500919912,0.17033907876547183,303,True
LEVEL,pooled,infl_exp,real_macro,b,0.25,7,0.09005376479854021,0.07522571477321076,0.23229675778910974,-0.03368152498619245,0.21378905458327288,302,True
LEVEL,pooled,infl_exp,real_macro,b,0.25,8,0.05936547627527489,0.08309361562966848,0.47556503215752516,-0.07731135876969686,0.19604231132024663,301,True
LEVEL,pooled,infl_exp,real_macro,b,0.25,9,0.11252689991848719,0.08074971898876981,0.16459813017600108,-0.02029456823550302,0.2453483680724774,300,True
LEVEL,pooled,infl_exp,real_macro,b,0.25,10,0.06840551706068254,0.11142429712925592,0.5397837071032485,-0.11487114220289257,0.25168217632425766,299,True
LEVEL,pooled,infl_exp,real_macro,b,0.25,11,0.07631693549910779,0.0915072170016799,0.40501873184983134,-0.07419904227834082,0.22683291327655639,298,True
LEVEL,pooled,infl_exp,real_macro,b,0.25,12,8.650855028236037e-05,0.0720710951491491,0.9990431711730708,-0.11845989370416019,0.1186329108047249,297,True
LEVEL,pooled,infl_exp,real_macro,b,0.25,13,-0.09108147750521312,0.09550768092782527,0.3411171221880425,-0.24817763288107045,0.06601467787064422,296,False
LEVEL,pooled,infl_exp,real_macro,b,0.25,14,0.06023962141472339,0.07220334893982107,0.4048549034287331,-0.058524318966984026,0.1790035617964308,295,True
LEVEL,pooled,infl_exp,real_macro,b,0.25,15,0.07034800103713224,0.0721110425095298,0.33017334779092294,-0.04826410877791963,0.18896011085218412,294,True
LEVEL,pooled,infl_exp,real_macro,b,0.25,16,-0.012068945927239838,0.07054045903446803,0.8642815715542561,-0.12809767581690631,0.10395978396242664,293,True
LEVEL,pooled,infl_exp,real_macro,b,0.25,17,0.24229430544210118,0.06636896027470192,0.00031521827874471246,0.13312708041725957,0.3514615304669428,292,True
LEVEL,pooled,infl_exp,real_macro,b,0.25,18,-0.2644706095702247,0.0907605306613102,0.0038759827021468706,-0.4137583976125211,-0.11518282152792836,291,True
LEVEL,pooled,infl_exp,real_macro,b,0.25,19,-0.0890865153141931,0.1000101667364467,0.3738673693992367,-0.25358860080265894,0.07541557017427275,290,True
LEVEL,pooled,infl_exp,real_macro,b,0.25,20,0.006062325274683644,0.07706316845261184,0.9373578030591702,-0.1206953068589672,0.1328199574083345,289,True
LEVEL,pooled,infl_exp,real_macro,b,0.25,21,-0.04751677552678757,0.07991111524424731,0.5526143629458549,-0.17895886327002483,0.0839253122164497,288,True
LEVEL,pooled,infl_exp,real_macro,b,0.25,22,0.006689923226076644,0.0778104325157658,0.9315509678604477,-0.12129684891214351,0.1346766953642968,287,False
LEVEL,pooled,infl_exp,real_macro,b,0.25,23,0.11179959535797934,0.07472097634627821,0.13581658129026097,-0.011105473594551538,0.23470466431051024,286,True
LEVEL,pooled,infl_exp,real_macro,b,0.25,24,-0.004178311975238103,0.07723912281601103,0.9569008674503185,-0.13122536328170406,0.12286873933122786,285,True
LEVEL,pooled,freight,physical_channel,b,0.25,0,-0.0022388036087477303,0.004376704869944096,0.6093836640690798,-0.00943784248817145,0.004960235270675988,309,True
LEVEL,pooled,freight,physical_channel,b,0.25,1,0.0056409304549376316,0.004746261061561357,0.235643593490987,-0.0021659742666301105,0.013447835176505375,308,True
LEVEL,pooled,freight,physical_channel,b,0.25,2,0.0021026145623279646,0.004875974010053435,0.6666418451243687,-0.005917648973029542,0.010122878097685471,307,True
LEVEL,pooled,freight,physical_channel,b,0.25,3,0.0015197158685795742,0.004437820423187779,0.7322736991950921,-0.005779849150260162,0.00881928088741931,306,True
LEVEL,pooled,freight,physical_channel,b,0.25,4,-0.007011857497339236,0.0039855857622057315,0.07962983765577349,-0.013567562693829482,-0.0004561523008489903,305,True
LEVEL,pooled,freight,physical_channel,b,0.25,5,-0.0027559190911201625,0.004953575207556826,0.5784227318051928,-0.0109038252376469,0.005391987055406574,304,True
LEVEL,pooled,freight,physical_channel,b,0.25,6,0.0009568299834477045,0.004351479551660755,0.8261229762543516,-0.006200716939706655,0.008114376906602064,303,True
LEVEL,pooled,freight,physical_channel,b,0.25,7,0.011648225506551979,0.0046888342242822085,0.013580262761888838,0.003935779526567196,0.01936067148653676,302,True
LEVEL,pooled,freight,physical_channel,b,0.25,8,0.0060698093328355185,0.005211394839972613,0.24514960767987512,-0.0025021723711696198,0.014641791036840657,301,True
LEVEL,pooled,freight,physical_channel,b,0.25,9,-0.009443783765448188,0.004296427987256366,0.028787875228576416,-0.016510778923222634,-0.0023767886076737407,300,True
LEVEL,pooled,freight,physical_channel,b,0.25,10,0.003573412207238391,0.005266478444555394,0.4980208882889014,-0.005089173963550296,0.012235998378027078,299,True
LEVEL,pooled,freight,physical_channel,b,0.25,11,0.007366297081555118,0.0051367166167752,0.15271573131186472,-0.0010828498761694654,0.015815444039279702,298,True
LEVEL,pooled,freight,physical_channel,b,0.25,12,0.0008924881648324501,0.004641602890293473,0.8476678303824738,-0.006742269184135206,0.008527245513800106,297,True
LEVEL,pooled,freight,physical_channel,b,0.25,13,0.005836777055108655,0.004590321490001649,0.20463900905895815,-0.0017136298965938438,0.013387184006811154,296,True
LEVEL,pooled,freight,physical_channel,b,0.25,14,0.0010429779892291435,0.00457370768672702,0.8197914339128005,-0.006480101687899622,0.008566057666357908,295,True
LEVEL,pooled,freight,physical_channel,b,0.25,15,-0.0025673442573461713,0.0049553714734333785,0.6048238960518881,-0.010718204998314924,0.005583516483622581,294,True
LEVEL,pooled,freight,physical_channel,b,0.25,16,-0.010762664323880955,0.005834951353057567,0.06622389200646339,-0.020360305220043097,-0.0011650234277188146,293,False
LEVEL,pooled,freight,physical_channel,b,0.25,17,0.002539933683657125,0.005063163267411584,0.6163321225666503,-0.005788228780592286,0.010868096147906537,292,True
LEVEL,pooled,freight,physical_channel,b,0.25,18,-0.008408158597584148,0.004530347911302991,0.06457731066932768,-0.0158599177908429,-0.0009563994043253962,291,True
LEVEL,pooled,freight,physical_channel,b,0.25,19,0.004067404957608156,0.0040518981301195444,0.3163881750848367,-0.0025973743777568644,0.010732184292973176,290,True
LEVEL,pooled,freight,physical_channel,b,0.25,20,0.001071835139352828,0.00417317343675311,0.7975051431890999,-0.005792424323988065,0.00793609460269372,289,True
LEVEL,pooled,freight,physical_channel,b,0.25,21,0.0027112335240264684,0.0036674911605227684,0.46041535829645136,-0.003321252613171871,0.008743719661224808,288,True
LEVEL,pooled,freight,physical_channel,b,0.25,22,-0.0005189809304830817,0.004021619927640164,0.8974200352934006,-0.007133957054682323,0.006095995193716159,287,True
LEVEL,pooled,freight,physical_channel,b,0.25,23,-0.004553945892551425,0.005621638918688688,0.41864393667316924,-0.013800719057368065,0.004692827272265214,286,True
LEVEL,pooled,freight,physical_channel,b,0.25,24,0.0017453858374074649,0.006261463509828431,0.7806604974101244,-0.008553805126758126,0.012044576801573056,285,True
LEVEL,pooled,oil,asset_price,b,0.5,0,0.01631409074437329,0.026217177455378958,0.5342707498295993,-0.02680932868153716,0.05943751017028374,309,True
LEVEL,pooled,oil,asset_price,b,0.5,1,-0.05127614459297547,0.027973857181939933,0.0678638887219296,-0.09728904503851185,-0.005263244147439082,308,True
LEVEL,pooled,oil,asset_price,b,0.5,2,0.005534113601527224,0.03094543058250151,0.8581973728807489,-0.045366590129675394,0.05643481733272984,307,True
LEVEL,pooled,oil,asset_price,b,0.5,3,-0.02840471388182575,0.03146832494826035,0.3674959651788262,-0.0801655023070593,0.02335607454340779,306,True
LEVEL,pooled,oil,asset_price,b,0.5,4,0.028308074767814162,0.02850501992603491,0.32153238218376495,-0.01857851064384835,0.07519466017947668,305,True
LEVEL,pooled,oil,asset_price,b,0.5,5,-0.022365450557137123,0.025976859655436804,0.38999863630421566,-0.06509358237819171,0.020362681263917472,304,True
LEVEL,pooled,oil,asset_price,b,0.5,6,-0.0013818146998367808,0.02667929417560136,0.9587308161259654,-0.04526534848907996,0.0425017190894064,303,True
LEVEL,pooled,oil,asset_price,b,0.5,7,0.004086043273531459,0.02693087259145071,0.8795167601919427,-0.04021130018548423,0.04838338673254715,302,True
LEVEL,pooled,oil,asset_price,b,0.5,8,0.013600763005911176,0.027468146751772005,0.6208948379043714,-0.031580317804376305,0.05878184381619866,301,True
LEVEL,pooled,oil,asset_price,b,0.5,9,0.0014504340628889167,0.024637704038508276,0.9530984786843834,-0.03907498278460836,0.04197585091038619,300,True
LEVEL,pooled,oil,asset_price,b,0.5,10,0.08755439274339594,0.02622636293271849,0.000960682115766838,0.04441586455176828,0.1306929209350236,299,True
LEVEL,pooled,oil,asset_price,b,0.5,11,0.005955465020278439,0.026791329623692812,0.8242555971986744,-0.038112350682105105,0.05002328072266198,298,True
LEVEL,pooled,oil,asset_price,b,0.5,12,-0.05129729604664135,0.030131200090249232,0.08982353693081355,-0.10085870979948833,-0.0017358822937943719,297,True
LEVEL,pooled,oil,asset_price,b,0.5,13,0.0021625334951522746,0.02875329164183051,0.940103781119776,-0.045132422548706086,0.049457489539010635,296,True
LEVEL,pooled,oil,asset_price,b,0.5,14,0.011788147271445837,0.026692782482011044,0.6591194664103461,-0.03211757280751675,0.055693867350408426,295,True
LEVEL,pooled,oil,asset_price,b,0.5,15,0.008481850507685351,0.026136188268228933,0.7457955417654525,-0.034508353559997526,0.05147205457536823,294,True
LEVEL,pooled,oil,asset_price,b,0.5,16,0.0023511273296037416,0.02544433974188084,0.9264478584517026,-0.039501087180214445,0.04420334183942193,293,True
LEVEL,pooled,oil,asset_price,b,0.5,17,-0.04966935032524589,0.026885055037826257,0.06579765954410619,-0.09389133061500435,-0.0054473700354874185,292,True
LEVEL,pooled,oil,asset_price,b,0.5,18,-0.04145822739868521,0.027898422435916892,0.13846574823556018,-0.08734704872862743,0.0044305939312570125,291,True
LEVEL,pooled,oil,asset_price,b,0.5,19,0.054470335401767045,0.02649427855694882,0.04078023695273612,0.010891125223907158,0.09804954557962693,290,True
LEVEL,pooled,oil,asset_price,b,0.5,20,0.03949211166646194,0.027524234389526805,0.15253772957569964,-0.005781225098213667,0.08476544843113754,289,True
LEVEL,pooled,oil,asset_price,b,0.5,21,-0.011159749404098918,0.027346659915845083,0.6835474571268029,-0.056141002151685146,0.03382150334348731,288,True
LEVEL,pooled,oil,asset_price,b,0.5,22,-0.005285704028384686,0.02842194327832485,0.8526117808426656,-0.05203564051474633,0.04146423245797696,287,True
LEVEL,pooled,oil,asset_price,b,0.5,23,-0.004367669560018328,0.02882417085324694,0.8796776249637405,-0.05177921153185047,0.043043872411813816,286,True
LEVEL,pooled,oil,asset_price,b,0.5,24,0.04771751172046379,0.02879961566541926,0.09876396857230399,0.00034635943839048805,0.0950886640025371,285,False
LEVEL,pooled,dxy,asset_price,b,0.5,0,-0.005602859328925458,0.0048054361354705095,0.2446265964730769,-0.013507098385437791,0.0023013797275868754,309,False
LEVEL,pooled,dxy,asset_price,b,0.5,1,0.0002835963798411001,0.004873973574706079,0.9536420806406956,-0.007733376732179826,0.008300569491862026,308,True
LEVEL,pooled,dxy,asset_price,b,0.5,2,0.0032740774669611783,0.005027610501356964,0.5154408782692668,-0.004995605901095133,0.01154376083501749,307,True
LEVEL,pooled,dxy,asset_price,b,0.5,3,0.0033000908994487155,0.004940526257368932,0.5047110934111434,-0.004826351634033556,0.011426533432930987,306,True
LEVEL,pooled,dxy,asset_price,b,0.5,4,-0.0030748913809954814,0.005198432898295701,0.554665498602705,-0.01162555258822102,0.005475769826230057,305,True
LEVEL,pooled,dxy,asset_price,b,0.5,5,-0.003997811966792164,0.005291281413792208,0.4505651293649503,-0.012701195391489192,0.004705571457904864,304,True
LEVEL,pooled,dxy,asset_price,b,0.5,6,-0.002339689795137545,0.005206185017934844,0.6534929277563916,-0.010903102104468088,0.006223722514192998,303,True
LEVEL,pooled,dxy,asset_price,b,0.5,7,-0.005910958174042413,0.005127781672218314,0.25002505336819075,-0.014345408455805992,0.0025234921077211658,302,True
LEVEL,pooled,dxy,asset_price,b,0.5,8,-0.015740899584451906,0.004671623212604394,0.0008617326889346408,-0.02342503596945493,-0.00805676319944888,301,True
LEVEL,pooled,dxy,asset_price,b,0.5,9,0.003927506107902823,0.005298126694288517,0.4591505420297595,-0.004787136801246058,0.012642149017051704,300,True
LEVEL,pooled,dxy,asset_price,b,0.5,10,-0.0029765119909508364,0.005230887351160219,0.5698096429076119,-0.011580556022681302,0.005627532040779629,299,True
LEVEL,pooled,dxy,asset_price,b,0.5,11,0.004115282524026043,0.004956273310352097,0.40709263498749665,-0.004037061606669385,0.01226762665472147,298,True
LEVEL,pooled,dxy,asset_price,b,0.5,12,-0.0049715267385456174,0.0049816212372092794,0.31918899640611,-0.01316556449866778,0.003222511021576545,297,True
LEVEL,pooled,dxy,asset_price,b,0.5,13,-0.0006971165445407435,0.005365206003704602,0.8967170167380902,-0.009522095099076072,0.008127862009994585,296,True
LEVEL,pooled,dxy,asset_price,b,0.5,14,-0.01483520822973805,0.0052879000997104264,0.005393378270478539,-0.023533029887703796,-0.006137386571772305,295,True
LEVEL,pooled,dxy,asset_price,b,0.5,15,-0.001167890137352856,0.0051536371337656105,0.8208973787904061,-0.00964486886881901,0.0073090885941132985,294,True
LEVEL,pooled,dxy,asset_price,b,0.5,16,-0.0005481214090944375,0.004974451813835571,0.9123442342959731,-0.008730366517177207,0.007634123698988332,293,True
LEVEL,pooled,dxy,asset_price,b,0.5,17,0.000507715042594295,0.005379799301160882,0.9248833812907056,-0.008341267350191178,0.009356697435379768,292,False
LEVEL,pooled,dxy,asset_price,b,0.5,18,-0.01541778873871369,0.005306904279643222,0.00398194808171102,-0.024146869490969135,-0.006688707986458245,291,True
LEVEL,pooled,dxy,asset_price,b,0.5,19,-0.0020093733385845303,0.005263013110120446,0.70292553742411,-0.010666259541459295,0.006647512864290234,290,True
LEVEL,pooled,dxy,asset_price,b,0.5,20,-0.0065760496827707016,0.005688178639328292,0.24870125246018498,-0.01593227094841773,0.0027801715828763302,289,True
LEVEL,pooled,dxy,asset_price,b,0.5,21,-0.0031312077090399626,0.005402025058648738,0.5626620803110873,-0.012016748219641079,0.005754332801561153,288,True
LEVEL,pooled,dxy,asset_price,b,0.5,22,0.003841025113512586,0.00544545165727132,0.48121768003923593,-0.00511594579533905,0.012797996022364222,287,True
LEVEL,pooled,dxy,asset_price,b,0.5,23,-0.008604151038558605,0.0052984747502342845,0.10561994183584904,-0.017319366448792263,0.00011106437167505284,286,True
LEVEL,pooled,dxy,asset_price,b,0.5,24,-0.0008227075505471415,0.0050110847517344705,0.8697204296568338,-0.009065208479398804,0.007419793378304521,285,True
LEVEL,pooled,vix,asset_price,b,0.5,0,-0.6635811477899551,0.9425973069672225,0.48202060142569564,-2.2140157469096815,0.886853451329771,309,False
LEVEL,pooled,vix,asset_price,b,0.5,1,-1.5762154506519437,1.0864631299739091,0.1479613772074074,-3.363288270538577,0.21085736923468956,308,False
LEVEL,pooled,vix,asset_price,b,0.5,2,-1.7992318789401907,1.2722418249186016,0.15841178228947222,-3.8918834590169125,0.29341970113653115,307,True
LEVEL,pooled,vix,asset_price,b,0.5,3,-2.359003430887242,1.4003986384430704,0.09320296827045867,-4.66245421050823,-0.05555265126625386,306,True
LEVEL,pooled,vix,asset_price,b,0.5,4,-1.583716881199507,1.3351426996692404,0.2365684469532713,-3.779831193248237,0.612397430849223,305,False
LEVEL,pooled,vix,asset_price,b,0.5,5,-1.266771561193309,1.4110562729093232,0.3701028875379356,-3.5877525895208358,1.0542094671342177,304,True
LEVEL,pooled,vix,asset_price,b,0.5,6,0.5392659294302575,1.469701674322924,0.7139593506253152,-1.8781782001164555,2.9567100589769706,303,True
LEVEL,pooled,vix,asset_price,b,0.5,7,-1.4510385548055638,1.436800269326895,0.31342953907663507,-3.814364689012759,0.9122875794016316,302,True
LEVEL,pooled,vix,asset_price,b,0.5,8,0.8501723921508528,1.4658465371442557,0.5624015355471127,-1.5609306010251323,3.261275385326838,301,True
LEVEL,pooled,vix,asset_price,b,0.5,9,-1.5418036557675805,1.5172658165706003,0.3104503204300442,-4.03748383720322,0.9538765256680586,300,True
LEVEL,pooled,vix,asset_price,b,0.5,10,-0.8897666428238153,1.4214854971667483,0.5318801882612092,-3.227902218497458,1.4483689328498275,299,False
LEVEL,pooled,vix,asset_price,b,0.5,11,-0.5800442695617676,1.7230337266387632,0.7366488411933265,-3.4141825441832485,2.2540940050597134,298,False
LEVEL,pooled,vix,asset_price,b,0.5,12,0.35291494468219753,1.598457861202788,0.8254276067898263,-2.276314265846301,2.982144155210696,297,True
LEVEL,pooled,vix,asset_price,b,0.5,13,0.7860199298229418,1.6071526865693477,0.6251878489725282,-1.8575109957454523,3.429550855391336,296,True
LEVEL,pooled,vix,asset_price,b,0.5,14,-0.8654100988060236,1.564035083853328,0.5805081069498983,-3.43801887916152,1.7071986815494729,295,False
LEVEL,pooled,vix,asset_price,b,0.5,15,-0.902522615113412,1.489921599334972,0.5451961274667644,-3.3532255616528786,1.5481803314260545,294,True
LEVEL,pooled,vix,asset_price,b,0.5,16,0.25554616091540083,1.4496236194792855,0.8602050881526467,-2.1288725072996226,2.6399648291304243,293,True
LEVEL,pooled,vix,asset_price,b,0.5,17,0.24449166949489154,1.4836667365301783,0.8692363204861641,-2.1959229432740264,2.6849062822638095,292,True
LEVEL,pooled,vix,asset_price,b,0.5,18,-2.6068591251969337,1.5432982348729134,0.09237619076399782,-5.14535882429545,-0.06835942609841705,291,False
LEVEL,pooled,vix,asset_price,b,0.5,19,-3.8041802304505836,1.7297987744049867,0.02873740172854573,-6.649446018426838,-0.9589144424743297,290,True
LEVEL,pooled,vix,asset_price,b,0.5,20,-3.6531854607083005,1.7500276398917958,0.037812754674754555,-6.531724771449646,-0.7746461499669555,289,True
LEVEL,pooled,vix,asset_price,b,0.5,21,-4.11077044904232,1.843883123007071,0.026641228017902325,-7.143688291595108,-1.077852606489532,288,False
LEVEL,pooled,vix,asset_price,b,0.5,22,-3.173044359202322,1.772941608642261,0.07466937565808564,-6.0892737945507225,-0.2568149238539217,287,True
LEVEL,pooled,vix,asset_price,b,0.5,23,-4.7084590420126915,1.8444796223501556,0.011264765503782668,-7.7423580386734265,-1.6745600453519565,286,False
LEVEL,pooled,vix,asset_price,b,0.5,24,-3.9770039450377226,1.745212620191228,0.023499204074537882,-6.847623253160746,-1.1063846369146995,285,False
LEVEL,pooled,us10y,asset_price,b,0.5,0,-0.08291322428050307,0.07166027528101267,0.24824194351219622,-0.20078388798481767,0.034957439423811534,309,False
LEVEL,pooled,us10y,asset_price,b,0.5,1,-0.008325279732446234,0.0716955929273698,0.9076408145217691,-0.12625403579546676,0.1096034763305743,308,True
LEVEL,pooled,us10y,asset_price,b,0.5,2,-0.04356751741101661,0.06928144543404183,0.5299628988445441,-0.15752535421364083,0.0703903193916076,307,True
LEVEL,pooled,us10y,asset_price,b,0.5,3,-0.13041432128126473,0.0725925231789163,0.07349650151925405,-0.24981839632166403,-0.01101024624086544,306,True
LEVEL,pooled,us10y,asset_price,b,0.5,4,0.007810705812929086,0.07195175025884858,0.9136342279831633,-0.11053939156584452,0.1261608031917027,305,False
LEVEL,pooled,us10y,asset_price,b,0.5,5,0.030302984183214976,0.0706613352068683,0.6683682465655022,-0.08592456931703611,0.14653053768346608,304,True
LEVEL,pooled,us10y,asset_price,b,0.5,6,0.11115229485812961,0.07507902650637302,0.13989243504710008,-0.012341714198863776,0.23464630391512298,303,False
LEVEL,pooled,us10y,asset_price,b,0.5,7,-0.014282590425608532,0.0746611497511253,0.848433156721174,-0.137089253386114,0.10852407253489692,302,True
LEVEL,pooled,us10y,asset_price,b,0.5,8,-0.06365062204713468,0.07302650279494782,0.38418709877716584,-0.18376853003298643,0.05646728593871707,301,True
LEVEL,pooled,us10y,asset_price,b,0.5,9,-0.04370221128653995,0.07338184010100066,0.551974206824157,-0.16440459712904387,0.07700017455596396,300,True
LEVEL,pooled,us10y,asset_price,b,0.5,10,0.06355537557510615,0.07352427618695972,0.3881252645006849,-0.0573812967799963,0.18449204793020862,299,True
LEVEL,pooled,us10y,asset_price,b,0.5,11,-0.19305006108913148,0.074788955662717,0.010371846135265126,-0.31606694606686436,-0.07003317611139857,298,True
LEVEL,pooled,us10y,asset_price,b,0.5,12,0.016824202501311447,0.07310171001642285,0.8181517911036501,-0.10341741035555645,0.13706581535817935,297,True
LEVEL,pooled,us10y,asset_price,b,0.5,13,0.0330025437089958,0.075540472620754,0.6625461220631299,-0.0912504766628798,0.1572555640808714,296,True
LEVEL,pooled,us10y,asset_price,b,0.5,14,0.00957821954719762,0.07491763376207482,0.8983639195338353,-0.11365032206897321,0.13280676116336845,295,True
LEVEL,pooled,us10y,asset_price,b,0.5,15,0.03550041286501937,0.07079440735349757,0.616463675072164,-0.08094602483826108,0.15194685056829982,294,True
LEVEL,pooled,us10y,asset_price,b,0.5,16,-0.08407233786427071,0.07226094438251965,0.24569156706614337,-0.20293101431879676,0.034786338590255345,293,False
LEVEL,pooled,us10y,asset_price,b,0.5,17,0.0833396720371482,0.07489772091130444,0.2668438523493893,-0.03985611585421002,0.20653545992850642,292,True
LEVEL,pooled,us10y,asset_price,b,0.5,18,0.04423710652416801,0.07519029630061855,0.5568121372964534,-0.07943992505746027,0.1679141381057963,291,True
LEVEL,pooled,us10y,asset_price,b,0.5,19,-0.012887411366307333,0.07807612219423847,0.8690223600579345,-0.1413112041358068,0.11553638140319214,290,True
LEVEL,pooled,us10y,asset_price,b,0.5,20,0.051757450329063204,0.08001156151963199,0.5182815501852399,-0.07984985683455431,0.18336475749268072,289,True
LEVEL,pooled,us10y,asset_price,b,0.5,21,0.03999308678295854,0.07404310083446514,0.5895679852569596,-0.08179697617534501,0.1617831497412621,288,True
LEVEL,pooled,us10y,asset_price,b,0.5,22,-0.045576421747623996,0.07161683720214355,0.5250825978019922,-0.16337563617036294,0.07222279267511496,287,True
LEVEL,pooled,us10y,asset_price,b,0.5,23,-0.016235574695429023,0.06738067080272647,0.8097829150685465,-0.12706691545171683,0.09459576606085877,286,True
LEVEL,pooled,us10y,asset_price,b,0.5,24,0.05121619308790315,0.069965667754742,0.4648240180172376,-0.06386708928056589,0.1662994754563722,285,True
LEVEL,pooled,ip,real_macro,b,0.5,0,0.3240227144880663,0.14810883467809718,0.029512774778045363,0.08040536058424216,0.5676400683918904,309,True
LEVEL,pooled,ip,real_macro,b,0.5,1,-0.18168262205058383,0.15000128987520947,0.2268373150650527,-0.42841278774922126,0.0650475436480536,308,True
LEVEL,pooled,ip,real_macro,b,0.5,2,0.028541475833549157,0.15619656717741962,0.855144204664078,-0.22837901420559875,0.28546196587269707,307,True
LEVEL,pooled,ip,real_macro,b,0.5,3,0.5190925482405646,0.16745894884958937,0.002135081603768715,0.2436470888598365,0.7945380076212927,306,True
LEVEL,pooled,ip,real_macro,b,0.5,4,0.10970335388765307,0.15809357576378483,0.48831761936448204,-0.1503374376051358,0.3697441453804419,305,False
LEVEL,pooled,ip,real_macro,b,0.5,5,0.09160230775444234,0.15302765492272008,0.5499308036307016,-0.16010578546907211,0.3433104009779568,304,True
LEVEL,pooled,ip,real_macro,b,0.5,6,0.34722413459167,0.15473080333846448,0.025624633089170058,0.09271461151928173,0.6017336576640583,303,True
LEVEL,pooled,ip,real_macro,b,0.5,7,0.10181258516422531,0.1472302788706784,0.489824734143331,-0.14035967303328678,0.3439848433617374,302,False
LEVEL,pooled,ip,real_macro,b,0.5,8,-0.06526578650982628,0.15519663214544951,0.6744246954008206,-0.32054152978492234,0.19000995676526977,301,True
LEVEL,pooled,ip,real_macro,b,0.5,9,0.26145830228051636,0.1509691733968805,0.08443124252678169,0.01313610986079175,0.509780494700241,300,False
LEVEL,pooled,ip,real_macro,b,0.5,10,-0.09720498990850501,0.16260014177815266,0.5504618491833819,-0.364658422855123,0.17024844303811298,299,True
LEVEL,pooled,ip,real_macro,b,0.5,11,0.09728652219473588,0.1626110118098383,0.5501562677879882,-0.17018479036292533,0.3647578347523971,298,True
LEVEL,pooled,ip,real_macro,b,0.5,12,0.05203242110070505,0.15869016926412768,0.7432522649976225,-0.2089896793749384,0.3130545215763485,297,True
LEVEL,pooled,ip,real_macro,b,0.5,13,0.2579935406392906,0.16533925448137113,0.1198480609493918,-0.013965331771845169,0.5299524130504263,296,False
LEVEL,pooled,ip,real_macro,b,0.5,14,-0.1275524269897801,0.16594711400720288,0.44279054299862375,-0.4005111393466572,0.14540628536709704,295,False
LEVEL,pooled,ip,real_macro,b,0.5,15,0.2731725243434653,0.16738018440647598,0.1038525787212573,-0.0021433790573329725,0.5484884277442635,294,True
LEVEL,pooled,ip,real_macro,b,0.5,16,0.06706938474599156,0.1675563624329642,0.6892731185082163,-0.208536305720665,0.3426750752126481,293,False
LEVEL,pooled,ip,real_macro,b,0.5,17,-0.08459686618171958,0.1633154632068605,0.6048944102727827,-0.35322689817478375,0.1840331658113446,292,True
LEVEL,pooled,ip,real_macro,b,0.5,18,-0.42755766885153434,0.17525667657812705,0.015364460162606694,-0.7158292489685277,-0.13928608873454096,291,True
LEVEL,pooled,ip,real_macro,b,0.5,19,-0.026259347707178193,0.18542526183833574,0.8874914609346682,-0.33125676217039113,0.27873806675603474,290,True
LEVEL,pooled,ip,real_macro,b,0.5,20,-0.054026830900852474,0.19451542954884093,0.7814234884950586,-0.3739762406922871,0.26592257889058213,289,True
LEVEL,pooled,ip,real_macro,b,0.5,21,0.05445198774843618,0.1857635713881596,0.7696602576018178,-0.2511018964048369,0.36000587190170924,288,True
LEVEL,pooled,ip,real_macro,b,0.5,22,0.07181437726947593,0.1913661069709554,0.7077651856425969,-0.2429548578572835,0.38658361239623534,287,True
LEVEL,pooled,ip,real_macro,b,0.5,23,0.07984193240156401,0.1736861913268865,0.6461253420194497,-0.2058464293538526,0.36553029415698063,286,True
LEVEL,pooled,ip,real_macro,b,0.5,24,0.17618678686198308,0.17457791272345882,0.31382037975364496,-0.11096832606681573,0.4633418997907819,285,True
LEVEL,pooled,cpi,real_macro,b,0.5,0,0.01832639684255355,0.054949670806877154,0.7389962554877096,-0.07205776848392777,0.10871056216903487,309,True
LEVEL,pooled,cpi,real_macro,b,0.5,1,-0.02865218380497936,0.05985402727936855,0.6325249323461734,-0.12710329766310108,0.06979893005314236,308,True
LEVEL,pooled,cpi,real_macro,b,0.5,2,-0.09633087777638139,0.05856974444592019,0.10115359348014336,-0.19266953435787404,7.778805111283149e-06,307,True
LEVEL,pooled,cpi,real_macro,b,0.5,3,-0.05172282927608762,0.0661039342250492,0.43461784559478145,-0.16045412524192137,0.057008466689746115,306,True
LEVEL,pooled,cpi,real_macro,b,0.5,4,-0.02313259101492804,0.06793396543095216,0.7337261997326145,-0.13487402044722563,0.08860883841736955,305,True
LEVEL,pooled,cpi,real_macro,b,0.5,5,0.0691955455387756,0.06609372768187742,0.2960475601027172,-0.03951896215750339,0.1779100532350546,304,True
LEVEL,pooled,cpi,real_macro,b,0.5,6,0.045842208182193644,0.06869714514513517,0.5051344789104436,-0.06715454017099366,0.15883895653538094,303,True
LEVEL,pooled,cpi,real_macro,b,0.5,7,-0.0019101136273320662,0.07130456501983336,0.9786482464722637,-0.11919568601840204,0.1153754587637379,302,True
LEVEL,pooled,cpi,real_macro,b,0.5,8,-0.0302475274486369,0.07220830274247599,0.6756239681178153,-0.14901961611060846,0.08852456121333466,301,True
LEVEL,pooled,cpi,real_macro,b,0.5,9,0.048570996579883285,0.0678611649088825,0.47476545977752094,-0.06305068664964407,0.16019267980941065,300,True
LEVEL,pooled,cpi,real_macro,b,0.5,10,0.07243065595866938,0.06756500271591542,0.284667291565369,-0.038703883813590176,0.18356519573092894,299,False
LEVEL,pooled,cpi,real_macro,b,0.5,11,0.020750082744356746,0.07069312637796565,0.7693476499101081,-0.09552976257897886,0.13702992806769235,298,True
LEVEL,pooled,cpi,real_macro,b,0.5,12,0.0008726312694307126,0.07226333747734433,0.9903741607549258,-0.11798998147579735,0.11973524401465878,297,True
LEVEL,pooled,cpi,real_macro,b,0.5,13,-0.022630083646276944,0.07026169104241993,0.7476410437376737,-0.13820028099314513,0.09294011370059124,296,True
LEVEL,pooled,cpi,real_macro,b,0.5,14,-0.0034861499871112755,0.0695283821927161,0.9600483479337256,-0.11785016161286851,0.11087786163864596,295,True
LEVEL,pooled,cpi,real_macro,b,0.5,15,-0.08260548028999892,0.06010319433285905,0.17047615600903165,-0.18146643747977131,0.016255476899773455,294,True
LEVEL,pooled,cpi,real_macro,b,0.5,16,0.019396407733438537,0.06628302073598713,0.7700338879185197,-0.08962945932944953,0.12842227479632662,293,True
LEVEL,pooled,cpi,real_macro,b,0.5,17,0.015005826687765733,0.06532349802357311,0.8184906499793317,-0.09244176596146582,0.12245341933699729,292,True
LEVEL,pooled,cpi,real_macro,b,0.5,18,-0.09508411739989242,0.06381217363198373,0.13740611633618252,-0.20004580264211796,0.00987756784233311,291,True
LEVEL,pooled,cpi,real_macro,b,0.5,19,-0.030939739167706648,0.0701683282816504,0.6596229812810879,-0.14635636843890087,0.08447689010348758,290,True
LEVEL,pooled,cpi,real_macro,b,0.5,20,-0.019321327349047124,0.06504273759661985,0.766660126193709,-0.12630711019170016,0.08766445549360592,289,True
LEVEL,pooled,cpi,real_macro,b,0.5,21,0.05251069836924671,0.06338811040222347,0.4082038984898279,-0.051753464931450915,0.15677486166994434,288,True
LEVEL,pooled,cpi,real_macro,b,0.5,22,0.0497499556895491,0.07035654183585664,0.48013259304121597,-0.06597625732892269,0.1654761687080209,287,True
LEVEL,pooled,cpi,real_macro,b,0.5,23,0.032319155703589786,0.06768494435949315,0.6334146433232478,-0.07901267051613112,0.1436509819233107,286,False
LEVEL,pooled,cpi,real_macro,b,0.5,24,-0.0006823617200097942,0.07015156629980267,0.9922466747081258,-0.11607141998456688,0.11470669654454729,285,True
LEVEL,pooled,infl_exp,real_macro,b,0.5,0,0.018774299115200677,0.07478245218804977,0.8019572333557823,-0.10423188859863805,0.1417804868290394,309,True
LEVEL,pooled,infl_exp,real_macro,b,0.5,1,-0.0913018563547503,0.07151336614178536,0.2027623301709494,-0.20893087602857455,0.02632716331907395,308,True
LEVEL,pooled,infl_exp,real_macro,b,0.5,2,0.012191927345266862,0.0771189087153477,0.8744982085005746,-0.1146573893617123,0.13904124405224602,307,True
LEVEL,pooled,infl_exp,real_macro,b,0.5,3,-0.000318393329486355,0.07464046248320422,0.9965995387776152,-0.1230910287623201,0.12245424210334739,306,True
LEVEL,pooled,infl_exp,real_macro,b,0.5,4,0.009812784129451302,0.0762791850012098,0.8977334818884825,-0.11565530998069096,0.13528087823959356,305,False
LEVEL,pooled,infl_exp,real_macro,b,0.5,5,0.02661005093008839,0.076658743427554,0.7287630778660428,-0.09948236123426613,0.1527024630944429,304,True
LEVEL,pooled,infl_exp,real_macro,b,0.5,6,-0.00026250150467888034,0.0725276791334487,0.9971148239771184,-0.11955991758170458,0.11903491457234681,303,False
LEVEL,pooled,infl_exp,real_macro,b,0.5,7,-0.020021023224223722,0.07122997265076972,0.7788643774578662,-0.13718390208649645,0.09714185563804902,302,True
LEVEL,pooled,infl_exp,real_macro,b,0.5,8,-0.040272622107863754,0.07343949156727655,0.583880335768264,-0.16106983617377063,0.08052459195804314,301,True
LEVEL,pooled,infl_exp,real_macro,b,0.5,9,0.028608853804456658,0.07264834748052178,0.6940378977557716,-0.09088704404091043,0.14810475164982373,300,True
LEVEL,pooled,infl_exp,real_macro,b,0.5,10,-0.0826214780108856,0.07594913766243169,0.277626661857151,-0.207546692558773,0.042303736537001826,299,True
LEVEL,pooled,infl_exp,real_macro,b,0.5,11,0.05427912897367815,0.07499974990471982,0.4698616713507923,-0.06908448167755357,0.17764273962490987,298,True
LEVEL,pooled,infl_exp,real_macro,b,0.5,12,0.06705015065984021,0.07467052565725665,0.37001696459737765,-0.05577193429387135,0.18987223561355177,297,True
LEVEL,pooled,infl_exp,real_macro,b,0.5,13,-0.051433869448038294,0.07357568576565651,0.4851203375824566,-0.1724551030351202,0.06958736413904362,296,True
LEVEL,pooled,infl_exp,real_macro,b,0.5,14,0.049408879183165055,0.06975975529104823,0.4793942467595304,-0.06533570732256279,0.16415346568889289,295,True
LEVEL,pooled,infl_exp,real_macro,b,0.5,15,0.012935660345689826,0.06989565449242734,0.8533143597487901,-0.10203246045432623,0.12790378114570589,294,True
LEVEL,pooled,infl_exp,real_macro,b,0.5,16,-0.028043323821469457,0.07087127192524927,0.6926492912674199,-0.14461619249437976,0.08852954485144085,293,True
LEVEL,pooled,infl_exp,real_macro,b,0.5,17,0.17234554171577088,0.06886886253156999,0.012936450899440052,0.05906634339669564,0.2856247400348461,292,True
LEVEL,pooled,infl_exp,real_macro,b,0.5,18,-0.1418679090630377,0.0712433541040107,0.04748075096324064,-0.25905279845720774,-0.024683019668867656,291,False
LEVEL,pooled,infl_exp,real_macro,b,0.5,19,-0.05685162396732579,0.07388692352743023,0.4423247136600327,-0.17838479811570546,0.06468155018105388,290,True
LEVEL,pooled,infl_exp,real_macro,b,0.5,20,0.061173017827278686,0.06986365710316642,0.38204950836661133,-0.053742471950958576,0.17608850760551595,289,True
LEVEL,pooled,infl_exp,real_macro,b,0.5,21,-0.016917718239888302,0.08032374915291088,0.8333494530685123,-0.149038528364394,0.11520309188461739,288,True
LEVEL,pooled,infl_exp,real_macro,b,0.5,22,0.05284651215300329,0.08317685203834008,0.5257603190197392,-0.08396723460066635,0.18966025890667293,287,True
LEVEL,pooled,infl_exp,real_macro,b,0.5,23,0.07854134568117388,0.07811352625745427,0.31560934637769383,-0.04994397129736883,0.2070266626597166,286,True
LEVEL,pooled,infl_exp,real_macro,b,0.5,24,-0.0360244310759299,0.07779485362715999,0.6437063623087896,-0.1639855782227229,0.0919367160708631,285,False
LEVEL,pooled,freight,physical_channel,b,0.5,0,-0.0013565999371407678,0.003693051387841084,0.7136430432833419,-0.007431128906949343,0.004717929032667808,309,True
LEVEL,pooled,freight,physical_channel,b,0.5,1,0.0018992663107910146,0.0035382665098702215,0.591846691834456,-0.003920664191089946,0.007719196812671975,308,True
LEVEL,pooled,freight,physical_channel,b,0.5,2,0.0015586613211873157,0.0034810389004947986,0.6546756734895252,-0.004167138139850719,0.00728446078222535,307,True
LEVEL,pooled,freight,physical_channel,b,0.5,3,-0.0001706606069413752,0.0035827482944645757,0.9620421419989283,-0.006063757133545634,0.005722435919662884,306,True
LEVEL,pooled,freight,physical_channel,b,0.5,4,4.931522196183202e-05,0.0034440386265770016,0.9885857814417678,-0.005615624204324316,0.00571425464824798,305,True
LEVEL,pooled,freight,physical_channel,b,0.5,5,-0.00397185019210522,0.0033746455124066847,0.24022224182888563,-0.009522648102862864,0.0015789477186524247,304,True
LEVEL,pooled,freight,physical_channel,b,0.5,6,0.0011780142944339822,0.0035872014086922393,0.7428639278857598,-0.004722406953258878,0.007078435542126843,303,True
LEVEL,pooled,freight,physical_channel,b,0.5,7,0.006673606974653801,0.0036223389021922104,0.06650472550141885,0.000715389693335529,0.012631824255972073,302,True
LEVEL,pooled,freight,physical_channel,b,0.5,8,0.007048751023209121,0.003677416126123979,0.05631134440947096,0.0009999397703442615,0.01309756227607398,301,False
LEVEL,pooled,freight,physical_channel,b,0.5,9,-0.006153839539981831,0.0035725648624507305,0.08611075176034312,-0.012030185811503303,-0.00027749326846036003,300,True
LEVEL,pooled,freight,physical_channel,b,0.5,10,0.003440093627977203,0.0038144889772636754,0.3679378330794297,-0.002834182401241365,0.00971436965719577,299,True
LEVEL,pooled,freight,physical_channel,b,0.5,11,0.00676932513548989,0.0041413116054481456,0.10330145171729008,-4.252627906771705e-05,0.013581176550047497,298,True
LEVEL,pooled,freight,physical_channel,b,0.5,12,0.0002135898895900823,0.003977580058329608,0.9572152741603411,-0.006328947095843222,0.0067561268750233865,297,True
LEVEL,pooled,freight,physical_channel,b,0.5,13,0.0023013150846407093,0.004192479045844837,0.5835207341270617,-0.004594699279835219,0.009197329449116637,296,True
LEVEL,pooled,freight,physical_channel,b,0.5,14,0.006303563445427152,0.004300146442006277,0.14385354793777208,-0.0007695480261293419,0.013376674916983645,295,True
LEVEL,pooled,freight,physical_channel,b,0.5,15,0.00047697262207391233,0.004221403989430082,0.9101244243588054,-0.0064666190407675714,0.007420564284915396,294,True
LEVEL,pooled,freight,physical_channel,b,0.5,16,-0.005266064677337923,0.003988176999930027,0.18783443843394038,-0.011826032080597269,0.001293902725921424,293,True
LEVEL,pooled,freight,physical_channel,b,0.5,17,-0.0002359399503839843,0.004184037894167488,0.9550733864852173,-0.007118069855907777,0.006646189955139809,292,True
LEVEL,pooled,freight,physical_channel,b,0.5,18,-0.005073537860691091,0.004054101762073848,0.21187942384662695,-0.011741941848068614,0.0015948661266864316,291,True
LEVEL,pooled,freight,physical_channel,b,0.5,19,0.0058539763388445465,0.003916558602403101,0.1362030982531966,-0.0005881892834861836,0.012296141961175277,290,False
LEVEL,pooled,freight,physical_channel,b,0.5,20,-0.003222814228336923,0.0037505206603452978,0.3909647591301906,-0.009391871739462317,0.00294624328278847,289,True
LEVEL,pooled,freight,physical_channel,b,0.5,21,0.0013209038414181418,0.003909552585846541,0.7357370062707596,-0.005109737909169048,0.007751545592005331,288,True
LEVEL,pooled,freight,physical_channel,b,0.5,22,-0.0033895650160342683,0.003886148982271626,0.3838978810466382,-0.009781711264397525,0.0030025812323289883,287,True
LEVEL,pooled,freight,physical_channel,b,0.5,23,-0.00020256180095779008,0.003624021056753069,0.9554693423432384,-0.006163545980306583,0.005758422378391003,286,True
LEVEL,pooled,freight,physical_channel,b,0.5,24,-0.004198300089897522,0.0039051094179252312,0.2833477468852008,-0.01062163347961419,0.0022250332998191473,285,True
LEVEL,pooled,oil,asset_price,b,0.75,0,0.002849837480567885,0.025942131882601492,0.9126038658530036,-0.0398211722373826,0.04552084719851837,309,True
LEVEL,pooled,oil,asset_price,b,0.75,1,-0.044895587069731846,0.023939292471449984,0.06177922023696845,-0.08427221911804843,-0.005518955021415264,308,True
LEVEL,pooled,oil,asset_price,b,0.75,2,0.012367936338250729,0.02738401057667472,0.6518734028087906,-0.03267475277927016,0.057410625455771615,307,True
LEVEL,pooled,oil,asset_price,b,0.75,3,-0.06896918750817349,0.03588136821300227,0.05560943695356709,-0.12798878615331155,-0.009949588863035437,306,True
LEVEL,pooled,oil,asset_price,b,0.75,4,0.0496711533317864,0.027878047351994558,0.07588875104190962,0.0038158460325332655,0.09552646063103953,305,True
LEVEL,pooled,oil,asset_price,b,0.75,5,-0.0292779302531585,0.032511603243748174,0.3686191665982157,-0.08275475876664493,0.02419889826032793,304,True
LEVEL,pooled,oil,asset_price,b,0.75,6,0.006606516532656315,0.034501921359814794,0.8482888384200551,-0.05014409395282952,0.06335712701814214,303,True
LEVEL,pooled,oil,asset_price,b,0.75,7,0.056653868030480226,0.02381375670529301,0.018042993597577602,0.017483723942439078,0.09582401211852137,302,True
LEVEL,pooled,oil,asset_price,b,0.75,8,0.002656698683210834,0.03497988101830114,0.9395150340112801,-0.054880085480072754,0.06019348284649442,301,True
LEVEL,pooled,oil,asset_price,b,0.75,9,-0.017098055611803886,0.0339170200698465,0.6145891273633878,-0.07288658908907678,0.03869047786546901,300,True
LEVEL,pooled,oil,asset_price,b,0.75,10,0.04366264182044688,0.026765155423552248,0.10398348370640707,-0.0003621211539029043,0.08768740479479667,299,False
LEVEL,pooled,oil,asset_price,b,0.75,11,0.0002843764084303757,0.0354503568781004,0.9936055055283634,-0.058026271679237136,0.05859502449609789,298,True
LEVEL,pooled,oil,asset_price,b,0.75,12,-0.023038647271675927,0.025078388538225107,0.3590936112380495,-0.06428892561687372,0.018211631073521868,297,True
LEVEL,pooled,oil,asset_price,b,0.75,13,-0.023552096486838536,0.034462750850654485,0.49493989333074917,-0.0802382772182625,0.03313408424458543,296,True
LEVEL,pooled,oil,asset_price,b,0.75,14,-0.003088463429321564,0.03431458332608145,0.9283511991050121,-0.05953093027055515,0.05335400341191202,295,False
LEVEL,pooled,oil,asset_price,b,0.75,15,-0.007770788357021274,0.02815379086196405,0.7827530489825357,-0.05407965336875606,0.03853807665471351,294,True
LEVEL,pooled,oil,asset_price,b,0.75,16,0.012510517554261469,0.033520493430628386,0.7092831057706421,-0.04262578764231063,0.06764682275083356,293,True
LEVEL,pooled,oil,asset_price,b,0.75,17,-0.06857805251047466,0.02441788224086649,0.005348811847441269,-0.10874189467683784,-0.028414210344111478,292,True
LEVEL,pooled,oil,asset_price,b,0.75,18,-0.001982913976121381,0.02409327615957619,0.9344695232845917,-0.04161282665234371,0.03764699870010095,291,True
LEVEL,pooled,oil,asset_price,b,0.75,19,0.026791582436739958,0.034115776341588064,0.4329793027150664,-0.029323876014986393,0.08290704088846632,290,True
LEVEL,pooled,oil,asset_price,b,0.75,20,0.052637922281874694,0.030553818480984762,0.0861103387303785,0.002381363136209985,0.1028944814275394,289,True
LEVEL,pooled,oil,asset_price,b,0.75,21,0.025883851413823322,0.022345060282892255,0.24777589111513076,-0.010870502036941294,0.06263820486458793,288,True
LEVEL,pooled,oil,asset_price,b,0.75,22,-0.012161189385473392,0.029724737500822405,0.6827846586435601,-0.06105403167388156,0.03673165290293478,287,True
LEVEL,pooled,oil,asset_price,b,0.75,23,-0.020502119862612744,0.023776940920716527,0.38934024385230037,-0.0596117073738642,0.018607467648638715,286,True
LEVEL,pooled,oil,asset_price,b,0.75,24,0.004482280829307683,0.026996037351413354,0.8682601311372572,-0.039922249121481984,0.04888681078009735,285,True
LEVEL,pooled,dxy,asset_price,b,0.75,0,-0.002596763285112047,0.006344936709216014,0.6826566528743466,-0.013033255444043546,0.007839728873819451,309,True
LEVEL,pooled,dxy,asset_price,b,0.75,1,0.0016777487470402974,0.0052593817474636435,0.7499634970295495,-0.006973164395797649,0.010328661889878243,308,True
LEVEL,pooled,dxy,asset_price,b,0.75,2,0.0008683948997170177,0.006775412997423076,0.8981079190556773,-0.010276167743188475,0.01201295754262251,307,True
LEVEL,pooled,dxy,asset_price,b,0.75,3,0.0019359299781243067,0.005678422052727993,0.7334157075598338,-0.007404243130666555,0.011276103086915169,306,True
LEVEL,pooled,dxy,asset_price,b,0.75,4,-0.001288365418194104,0.005176600591147416,0.8036360874000982,-0.009803115675822066,0.007226384839433858,305,True
LEVEL,pooled,dxy,asset_price,b,0.75,5,0.004916677609962505,0.00637540362430656,0.44125123930244614,-0.005569928164757702,0.015403283384682713,304,True
LEVEL,pooled,dxy,asset_price,b,0.75,6,-0.014315222364963631,0.0051635735294376,0.005945559439915981,-0.022808545012889682,-0.0058218997170375805,303,False
LEVEL,pooled,dxy,asset_price,b,0.75,7,-0.008073020822415344,0.005318943899584852,0.1302211712377333,-0.016821904987198898,0.0006758633423682072,302,True
LEVEL,pooled,dxy,asset_price,b,0.75,8,-0.023718155707243227,0.00481058471764271,1.4265060582897585e-06,-0.03163086342781516,-0.015805447986671294,301,True
LEVEL,pooled,dxy,asset_price,b,0.75,9,-0.00014071920946712169,0.00534374701200129,0.9790106970317444,-0.008930400863668536,0.008648962444734292,300,True
LEVEL,pooled,dxy,asset_price,b,0.75,10,-0.005388052527361964,0.004925177746120715,0.2749345855187009,-0.0134892490064493,0.0027131439517253716,299,True
LEVEL,pooled,dxy,asset_price,b,0.75,11,-0.0013558809087896861,0.005460885320073023,0.8040990995980665,-0.01033823793387785,0.007626476116298478,298,True
LEVEL,pooled,dxy,asset_price,b,0.75,12,0.0053138194004702655,0.005172109373392429,0.30515561785488304,-0.0031935434613439787,0.01382118226228451,297,True
LEVEL,pooled,dxy,asset_price,b,0.75,13,-0.0006002453464102331,0.00492668592739149,0.9031205858002719,-0.008703922562930903,0.0075034318701104365,296,True
LEVEL,pooled,dxy,asset_price,b,0.75,14,-0.014013722053370259,0.0049649192427949395,0.005122768182388454,-0.022180287477402673,-0.005847156629337845,295,True
LEVEL,pooled,dxy,asset_price,b,0.75,15,0.003616216775407466,0.005172302805279411,0.48506901897462534,-0.004891464253547648,0.01212389780436258,294,True
LEVEL,pooled,dxy,asset_price,b,0.75,16,0.0035327972802434715,0.005620443074295061,0.530177186172502,-0.005712008895585041,0.012777603456071984,293,True
LEVEL,pooled,dxy,asset_price,b,0.75,17,-0.0032516841046117406,0.0060280181296618685,0.5900459495319134,-0.013166891588515296,0.006663523379291814,292,True
LEVEL,pooled,dxy,asset_price,b,0.75,18,-0.009865520290190943,0.0066377692744628266,0.13840536793694344,-0.020783679156158166,0.001052638575776279,291,False
LEVEL,pooled,dxy,asset_price,b,0.75,19,-0.005499791547848076,0.004707498215573764,0.2437459249013958,-0.013242937061602164,0.0022433539659060123,290,True
LEVEL,pooled,dxy,asset_price,b,0.75,20,-0.004188592243389522,0.006291756651533521,0.5061735346042325,-0.014537610991560482,0.006160426504781439,289,True
LEVEL,pooled,dxy,asset_price,b,0.75,21,0.0043589448139087494,0.006571961094700076,0.507749149570841,-0.006450969228892638,0.015168858856710137,288,True
LEVEL,pooled,dxy,asset_price,b,0.75,22,0.0012905574048787116,0.005078506460277099,0.7996033656331875,-0.007062842365804558,0.009643957175561981,287,True
LEVEL,pooled,dxy,asset_price,b,0.75,23,-0.0070378581876546775,0.005168179919681684,0.1744592376335091,-0.015538757673280864,0.0014630412979715086,286,True
LEVEL,pooled,dxy,asset_price,b,0.75,24,-0.004741786809725923,0.005173602103946923,0.36024565757288934,-0.013251604994806787,0.0037680313753549414,285,True
LEVEL,pooled,vix,asset_price,b,0.75,0,-0.6455637843173463,1.140094410123961,0.5716845260169304,-2.5208522098768427,1.22972464124215,309,True
LEVEL,pooled,vix,asset_price,b,0.75,1,-1.9604445750592276,1.3964903402394953,0.1614755692267874,-4.257466776204857,0.3365776260864015,308,False
LEVEL,pooled,vix,asset_price,b,0.75,2,-2.644953664392233,1.4857635180277788,0.07613174162281831,-5.0888171758124034,-0.2010901529720619,307,False
LEVEL,pooled,vix,asset_price,b,0.75,3,-2.6521636769757606,1.75397979977819,0.1316485682932735,-5.537203712240533,0.23287635828901232,306,False
LEVEL,pooled,vix,asset_price,b,0.75,4,-1.342505714535946,2.1074370122080675,0.524629847309171,-4.80893112763816,2.123919698566268,305,True
LEVEL,pooled,vix,asset_price,b,0.75,5,-0.21974346786737442,1.9346249029596492,0.9096497246655718,-3.4019182562911934,2.9624313205564445,304,False
LEVEL,pooled,vix,asset_price,b,0.75,6,2.326942396350205,2.1724580716586863,0.28505893963548884,-1.2464331422175867,5.900317934917997,303,False
LEVEL,pooled,vix,asset_price,b,0.75,7,-2.626863431891252,2.715442397357207,0.3342074179188249,-7.093368707962054,1.8396418441795506,302,True
LEVEL,pooled,vix,asset_price,b,0.75,8,-0.6732777350116521,1.7714250096051176,0.7041838549055741,-3.5870125869331764,2.240457116909872,301,True
LEVEL,pooled,vix,asset_price,b,0.75,9,-2.991229809995275,2.486179666664255,0.22996712568238512,-7.0806314519609765,1.0981718319704266,300,True
LEVEL,pooled,vix,asset_price,b,0.75,10,-1.3006670855538687,2.708514082739765,0.631462435122366,-5.755776298197511,3.154442127089774,299,True
LEVEL,pooled,vix,asset_price,b,0.75,11,4.741730671004916,2.551064081515386,0.06415394078115258,0.5456036639387065,8.937857678071126,298,True
LEVEL,pooled,vix,asset_price,b,0.75,12,-0.42227413811633596,2.626714320292427,0.8724020305876514,-4.742834714814705,3.8982864385820335,297,True
LEVEL,pooled,vix,asset_price,b,0.75,13,-2.3476821514195763,2.731023344984172,0.3907587859069436,-6.839815805705933,2.1444515028667803,296,True
LEVEL,pooled,vix,asset_price,b,0.75,14,-1.5580865192896454,2.546175771643184,0.5411034524497924,-5.7461729721329,2.6299999335536093,295,True
LEVEL,pooled,vix,asset_price,b,0.75,15,0.474230304142111,2.50802077620322,0.8501700152781431,-3.651096766065402,4.599557374349624,294,True
LEVEL,pooled,vix,asset_price,b,0.75,16,0.8829966622215579,2.4787049516857667,0.7219494778212301,-3.194110167701349,4.960103492144465,293,True
LEVEL,pooled,vix,asset_price,b,0.75,17,-0.13968316710088402,2.506692962787008,0.9556037624250269,-4.262826178594826,3.9834598443930576,292,True
LEVEL,pooled,vix,asset_price,b,0.75,18,-3.4564158711582422,1.8361039392607246,0.060875731564759755,-6.476538095111131,-0.4362936472053538,291,False
LEVEL,pooled,vix,asset_price,b,0.75,19,-3.3445096803770866,1.9412334508423892,0.0860904013517009,-6.537554562754712,-0.15146479799946055,290,False
LEVEL,pooled,vix,asset_price,b,0.75,20,-7.747176725701138,1.7548373259903247,1.4817328980195249e-05,-10.633627266066146,-4.860726185336129,289,True
LEVEL,pooled,vix,asset_price,b,0.75,21,-3.924459967412531,2.335670226479816,0.09411387229377881,-7.766295610800423,-0.08262432402463915,288,True
LEVEL,pooled,vix,asset_price,b,0.75,22,-2.7605954443861265,1.8047340569440948,0.12732598268431855,-5.729118803633465,0.20792791486121276,287,True
LEVEL,pooled,vix,asset_price,b,0.75,23,-2.513632582875289,2.302875507308042,0.27606280139384176,-6.301525713488633,1.2742605477380557,286,True
LEVEL,pooled,vix,asset_price,b,0.75,24,-3.5283329375088215,1.851399000832564,0.057796338636426095,-6.573613298962596,-0.48305257605504703,285,True
LEVEL,pooled,us10y,asset_price,b,0.75,0,-0.06439570642557157,0.07100511867316137,0.3652280516900953,-0.18118873340724073,0.052397320556097596,309,True
LEVEL,pooled,us10y,asset_price,b,0.75,1,0.0678461384539304,0.09453230314258368,0.4735386469256211,-0.08764566323422443,0.22333794014208522,308,True
LEVEL,pooled,us10y,asset_price,b,0.75,2,0.014745219208236904,0.07799383759804152,0.8501862169455644,-0.11354322744476578,0.14303366586123958,307,True
LEVEL,pooled,us10y,asset_price,b,0.75,3,-0.10585647068273829,0.07009309701888425,0.13212133116014135,-0.22114935553851145,0.009436414173034882,306,True
LEVEL,pooled,us10y,asset_price,b,0.75,4,-0.10206418050916,0.0703320146525178,0.1478621986527398,-0.21775004990115798,0.01362168888283799,305,True
LEVEL,pooled,us10y,asset_price,b,0.75,5,0.12073031272919366,0.09949080446023871,0.22598299221877385,-0.042917497835549684,0.28437812329393697,304,True
LEVEL,pooled,us10y,asset_price,b,0.75,6,0.057729826089939706,0.07270774186637352,0.4278810083597957,-0.061863766826416186,0.1773234190062956,303,True
LEVEL,pooled,us10y,asset_price,b,0.75,7,-0.04633665369965456,0.0676457105455716,0.4939291064768759,-0.15760394603824746,0.06493063863893833,302,True
LEVEL,pooled,us10y,asset_price,b,0.75,8,-0.08838297121678806,0.07197001634605925,0.220484915294086,-0.20676311363536037,0.02999717120178423,301,True
LEVEL,pooled,us10y,asset_price,b,0.75,9,-0.04880111417332955,0.05994343812741188,0.4162887209086887,-0.14739929578914415,0.04979706744248505,300,True
LEVEL,pooled,us10y,asset_price,b,0.75,10,0.07071779299599257,0.06857986066606149,0.30337846633789944,-0.042086039556405275,0.1835216255483904,299,True
LEVEL,pooled,us10y,asset_price,b,0.75,11,-0.07749884214121039,0.07873994182931777,0.32587965515888234,-0.20701452104511167,0.05201683676269089,298,True
LEVEL,pooled,us10y,asset_price,b,0.75,12,0.0029786512800455966,0.07361693886656621,0.9677552196094089,-0.11811043761969064,0.12406774017978184,297,True
LEVEL,pooled,us10y,asset_price,b,0.75,13,0.13269064842853595,0.08680908025290372,0.1275593460071574,-0.01009758207777417,0.27547887893484607,296,True
LEVEL,pooled,us10y,asset_price,b,0.75,14,-0.1541008865634126,0.0665498932938474,0.02133990952208465,-0.26356571992103095,-0.044636053205794224,295,True
LEVEL,pooled,us10y,asset_price,b,0.75,15,-0.03629942780389683,0.07133524725491068,0.6112743893700777,-0.15363546798061672,0.08103661237282304,294,True
LEVEL,pooled,us10y,asset_price,b,0.75,16,-0.11731263761265609,0.06661106478691173,0.0793648606310207,-0.22687808912250734,-0.007747186102804837,293,True
LEVEL,pooled,us10y,asset_price,b,0.75,17,-0.01344607671705944,0.06424318526092666,0.8343757317370998,-0.11911671300041002,0.09222455956629114,292,True
LEVEL,pooled,us10y,asset_price,b,0.75,18,0.06800830468853292,0.06956585868773695,0.32916544317439184,-0.046417350285984774,0.1824339596630506,291,True
LEVEL,pooled,us10y,asset_price,b,0.75,19,-0.08438380716916072,0.070650478985771,0.23340793736506107,-0.20059350377476493,0.031825889436443475,290,True
LEVEL,pooled,us10y,asset_price,b,0.75,20,0.126653645290844,0.060805052084882155,0.03822968245598676,0.02663823483205241,0.22666905574963558,289,True
LEVEL,pooled,us10y,asset_price,b,0.75,21,0.1536371643056782,0.09897185801375136,0.12179921082739244,-0.009157055314366863,0.31643138392572323,288,True
LEVEL,pooled,us10y,asset_price,b,0.75,22,-0.08243743895110356,0.09225096125836361,0.37235405633531643,-0.2341767671666827,0.06930188926447559,287,True
LEVEL,pooled,us10y,asset_price,b,0.75,23,-0.06694002178059577,0.07906562790676894,0.39798113964934856,-0.1969914066102402,0.06311136304904866,286,True
LEVEL,pooled,us10y,asset_price,b,0.75,24,0.06310143381810462,0.06043902285232112,0.29744275271119675,-0.03631191212993867,0.16251477976614792,285,True
LEVEL,pooled,ip,real_macro,b,0.75,0,0.012786354966920044,0.15915503751206334,0.936024835936674,-0.24900038573239497,0.27457309566623506,309,True
LEVEL,pooled,ip,real_macro,b,0.75,1,-0.4799651462408292,0.12494933115100144,0.00015143954730117648,-0.6854885067697145,-0.2744417857119439,308,True
LEVEL,pooled,ip,real_macro,b,0.75,2,0.002385579397014226,0.13598669392315,0.9860161738985909,-0.22129262731961877,0.22606378611364722,307,True
LEVEL,pooled,ip,real_macro,b,0.75,3,0.28961104785776115,0.1783914939046847,0.10562493058240992,-0.0038168479086509444,0.5830389436241732,306,True
LEVEL,pooled,ip,real_macro,b,0.75,4,-0.27311268267840205,0.17044167927297105,0.11021084465331075,-0.553464297014248,0.007238931657443937,305,False
LEVEL,pooled,ip,real_macro,b,0.75,5,0.1903675096104962,0.1597071795071685,0.23429359700876856,-0.07232742385205976,0.45306244307305216,304,True
LEVEL,pooled,ip,real_macro,b,0.75,6,0.09991964388575525,0.2183127088235109,0.64753624835468,-0.2591728070321973,0.4590120948037078,303,True
LEVEL,pooled,ip,real_macro,b,0.75,7,-0.011358329418271751,0.2075994058419656,0.9564072024929208,-0.3528289650703995,0.330112306233856,302,True
LEVEL,pooled,ip,real_macro,b,0.75,8,0.15981669227539896,0.20028691050608788,0.4255995479302034,-0.1696259589014446,0.48925934345224253,301,True
LEVEL,pooled,ip,real_macro,b,0.75,9,-0.13871264007480022,0.1424006021321184,0.3308716335373894,-0.3729407869718887,0.09551550682228827,300,True
LEVEL,pooled,ip,real_macro,b,0.75,10,-0.053262506837654655,0.17340822983912973,0.7589643513572893,-0.3384936626317817,0.2319686489564724,299,True
LEVEL,pooled,ip,real_macro,b,0.75,11,-0.03900722072944518,0.15367234917381947,0.7998172263781825,-0.2917757416301552,0.21376130017126482,298,True
LEVEL,pooled,ip,real_macro,b,0.75,12,-0.062212267135691945,0.15617248804721579,0.6906836869504519,-0.3190931505301903,0.19466861625880638,297,True
LEVEL,pooled,ip,real_macro,b,0.75,13,-0.04298929200035673,0.16564348952856808,0.7954263473553949,-0.31544858653232016,0.2294700025316067,296,True
LEVEL,pooled,ip,real_macro,b,0.75,14,-0.49783978054767886,0.13308574624827058,0.00022457598886564125,-0.71674635295969,-0.2789332081356677,295,True
LEVEL,pooled,ip,real_macro,b,0.75,15,0.33333364937038823,0.17393766660214485,0.05638613153830635,0.047231647596374327,0.6194356511444021,294,True
LEVEL,pooled,ip,real_macro,b,0.75,16,0.0027668671534115674,0.16782883619515088,0.9868588815998084,-0.27328700276922685,0.27882073707605,293,True
LEVEL,pooled,ip,real_macro,b,0.75,17,-0.1742767136593102,0.23530381766488737,0.45956663048093943,-0.561317051580928,0.21276362426230766,292,True
LEVEL,pooled,ip,real_macro,b,0.75,18,-0.3428202954983135,0.1757880271573034,0.0522156458783748,-0.6319658695426479,-0.05367472145397911,291,True
LEVEL,pooled,ip,real_macro,b,0.75,19,-0.2056637859232069,0.19551499105798997,0.2938109617955629,-0.5272573280883264,0.1159297562419126,290,True
LEVEL,pooled,ip,real_macro,b,0.75,20,-0.3538292330435979,0.20397186256574995,0.08397516783506737,-0.689333090980919,-0.01832537510627691,289,True
LEVEL,pooled,ip,real_macro,b,0.75,21,0.0398194522549602,0.2429749170875625,0.8699505923258124,-0.3598387213747502,0.4394776258846706,288,False
LEVEL,pooled,ip,real_macro,b,0.75,22,-0.1482780763763003,0.18902679222175303,0.43350534614944636,-0.4591994811532531,0.1626433284006525,287,False
LEVEL,pooled,ip,real_macro,b,0.75,23,0.013741068723902572,0.20472976309932167,0.9465396832103484,-0.3230094246549324,0.3504915621027375,286,False
LEVEL,pooled,ip,real_macro,b,0.75,24,-0.025565162301177224,0.1733209304905309,0.8828515512461311,-0.310652723445131,0.25952239884277656,285,True
LEVEL,pooled,cpi,real_macro,b,0.75,0,-0.09264033247382031,0.06182975393474946,0.1351744233768151,-0.19434122748691002,0.009060562539269401,309,True
LEVEL,pooled,cpi,real_macro,b,0.75,1,-0.07875773946580011,0.06278767640898895,0.21076081782084954,-0.182034276734981,0.02451879780338076,308,True
LEVEL,pooled,cpi,real_macro,b,0.75,2,-0.23523743008354359,0.0782544347399214,0.0028874522218847983,-0.3639545208905406,-0.10652033927654658,307,True
LEVEL,pooled,cpi,real_macro,b,0.75,3,-0.10048703835127526,0.07471726141222365,0.1797545819107313,-0.22338599678105261,0.022411920078502096,306,True
LEVEL,pooled,cpi,real_macro,b,0.75,4,-0.00048666198881619493,0.07451760955572252,0.9947938879238484,-0.12305722233830006,0.12208389836066767,305,True
LEVEL,pooled,cpi,real_macro,b,0.75,5,-0.05880806231880342,0.0740814209388698,0.4279763078152035,-0.18066115623982215,0.06304503160221529,304,True
LEVEL,pooled,cpi,real_macro,b,0.75,6,-0.033962674297526974,0.0899600014881063,0.7060703576831773,-0.18193370902579847,0.11400836043074453,303,True
LEVEL,pooled,cpi,real_macro,b,0.75,7,-0.057301305820601556,0.08477579825874894,0.49966415974602507,-0.19674508506421104,0.08214247342300793,302,True
LEVEL,pooled,cpi,real_macro,b,0.75,8,-0.05932810969716229,0.06346253644635527,0.350690486792639,-0.16371469294648977,0.045058473552165176,301,True
LEVEL,pooled,cpi,real_macro,b,0.75,9,-0.06766105019056567,0.06570840810358684,0.30405774584967477,-0.175741763580958,0.04041966319982665,300,True
LEVEL,pooled,cpi,real_macro,b,0.75,10,0.053680350451941194,0.06631913888249255,0.4189809892085035,-0.05540492567522508,0.16276562657910748,299,True
LEVEL,pooled,cpi,real_macro,b,0.75,11,-0.045917772125903866,0.07425526838032466,0.5368479567870003,-0.16805681964153585,0.07622127538972812,298,True
LEVEL,pooled,cpi,real_macro,b,0.75,12,-0.089432417213402,0.08940938929595248,0.3180847961374941,-0.23649777548036557,0.057632941053561565,297,True
LEVEL,pooled,cpi,real_macro,b,0.75,13,-0.10627437430844111,0.0698910210785066,0.12954602876992466,-0.22123487382076448,0.008686125203882261,296,True
LEVEL,pooled,cpi,real_macro,b,0.75,14,-0.03974136081251345,0.07460655918001115,0.5946987161981756,-0.16245823027412443,0.08297550864909754,295,True
LEVEL,pooled,cpi,real_macro,b,0.75,15,0.07557278289812075,0.09249499852400284,0.4146326045932704,-0.07656795089895638,0.22771351669519788,294,True
LEVEL,pooled,cpi,real_macro,b,0.75,16,0.1335832301051596,0.09890529580355999,0.17797016922624428,-0.02910150442203427,0.2962679646323535,293,False
LEVEL,pooled,cpi,real_macro,b,0.75,17,-0.1362420052627158,0.07630105204340527,0.07531431701994679,-0.26174606745652396,-0.010737943068907602,292,True
LEVEL,pooled,cpi,real_macro,b,0.75,18,-0.03786131456934072,0.07150281132653301,0.5968997297154401,-0.15547297311701536,0.0797503439783339,291,True
LEVEL,pooled,cpi,real_macro,b,0.75,19,-0.022977549431743682,0.07158993132678519,0.7484960953871264,-0.14073250762781314,0.09477740876432576,290,False
LEVEL,pooled,cpi,real_macro,b,0.75,20,0.04826325568197376,0.06685361433474252,0.4709872282013649,-0.061701154331342406,0.15822766569528993,289,True
LEVEL,pooled,cpi,real_macro,b,0.75,21,0.016801397781136984,0.08091836846930207,0.8356773588290036,-0.11629747408259017,0.14990026964486414,288,True
LEVEL,pooled,cpi,real_macro,b,0.75,22,0.10332912440753717,0.09659431974929947,0.2857401084172694,-0.05555439277500829,0.2622126415900826,287,True
LEVEL,pooled,cpi,real_macro,b,0.75,23,0.01588260009100395,0.07638883815094508,0.8354571723901326,-0.10976585740018704,0.14153105758219495,286,True
LEVEL,pooled,cpi,real_macro,b,0.75,24,0.039353038560392406,0.08027722855685532,0.6244005581659514,-0.09269125199296335,0.17139732911374816,285,True
LEVEL,pooled,infl_exp,real_macro,b,0.75,0,0.29737887319743095,0.06994878691316876,2.8946809026950108e-05,0.18232335734244964,0.41243438905241225,309,True
LEVEL,pooled,infl_exp,real_macro,b,0.75,1,-0.06328873577967897,0.0782223069334775,0.4191514562800017,-0.1919529810477207,0.06537550948836277,308,True
LEVEL,pooled,infl_exp,real_macro,b,0.75,2,-0.020273320860496824,0.08816532997058418,0.8183017365211204,-0.16529238363398555,0.1247457419129919,307,False
LEVEL,pooled,infl_exp,real_macro,b,0.75,3,0.02362628858872995,0.07438595791206305,0.7510134612613995,-0.09872772407718652,0.14598030125464642,306,True
LEVEL,pooled,infl_exp,real_macro,b,0.75,4,-0.06110549130846721,0.08818607424038688,0.4889431593804564,-0.20615867536937937,0.08394769275244496,305,True
LEVEL,pooled,infl_exp,real_macro,b,0.75,5,0.12718152214620204,0.1261520978263622,0.31426059370326065,-0.08032021351102675,0.33468325780343083,304,True
LEVEL,pooled,infl_exp,real_macro,b,0.75,6,-0.0544410125403374,0.09084246780247791,0.5494726886207607,-0.20386357518646553,0.09498155010579074,303,True
LEVEL,pooled,infl_exp,real_macro,b,0.75,7,-0.08803162855974733,0.09725489725552863,0.36617374240005696,-0.2480016990492964,0.07193844192980173,302,True
LEVEL,pooled,infl_exp,real_macro,b,0.75,8,-0.03740088200538594,0.1131554397667151,0.7412556220578836,-0.22352501751495613,0.14872325350418425,301,True
LEVEL,pooled,infl_exp,real_macro,b,0.75,9,0.10645752427956268,0.08305522345598819,0.2010155604885002,-0.03015616125928447,0.24307120981840982,300,True
LEVEL,pooled,infl_exp,real_macro,b,0.75,10,-0.12486447324275218,0.08635929702560705,0.14936863099420095,-0.26691287617630144,0.017183929690797045,299,True
LEVEL,pooled,infl_exp,real_macro,b,0.75,11,-0.07316053160599267,0.09088844772731414,0.42155757383933873,-0.22265872449825463,0.07633766128626929,298,True
LEVEL,pooled,infl_exp,real_macro,b,0.75,12,0.19941770943250958,0.0860758996499233,0.02126790357409222,0.057835453700222306,0.34099996516479686,297,True
LEVEL,pooled,infl_exp,real_macro,b,0.75,13,-0.0009819148688166024,0.08320421893425267,0.9905929531458505,-0.13784067616048645,0.13587684642285325,296,True
LEVEL,pooled,infl_exp,real_macro,b,0.75,14,0.024214841137620624,0.11443306302897861,0.8325750522807314,-0.16401079762876128,0.21244047990400253,295,True
LEVEL,pooled,infl_exp,real_macro,b,0.75,15,-0.007561532333056675,0.0751086359091671,0.9198846089990879,-0.13110424452362776,0.11598117985751441,294,True
LEVEL,pooled,infl_exp,real_macro,b,0.75,16,-0.1636426695076807,0.11257582321698555,0.14723441975478746,-0.3488134206331871,0.02152808161782574,293,False
LEVEL,pooled,infl_exp,real_macro,b,0.75,17,0.19047272850377794,0.0798842143614264,0.017815519870255602,0.059074888775216855,0.32187056823233906,292,True
LEVEL,pooled,infl_exp,real_macro,b,0.75,18,-0.12466964371924405,0.07336142595415711,0.09042819999967987,-0.24533845127827125,-0.004000836160216861,291,False
LEVEL,pooled,infl_exp,real_macro,b,0.75,19,-0.1298755837826775,0.0799526280711694,0.10549142958341175,-0.26138595404984255,0.0016347864844875881,290,True
LEVEL,pooled,infl_exp,real_macro,b,0.75,20,0.16299101269760286,0.0672970686141286,0.016118714827053435,0.05229718530445135,0.27368484009075433,289,True
LEVEL,pooled,infl_exp,real_macro,b,0.75,21,0.16420115312041617,0.07615209787614743,0.03198331713031994,0.038942098728871555,0.2894602075119608,288,True
LEVEL,pooled,infl_exp,real_macro,b,0.75,22,0.169312125151464,0.1087447386234428,0.12069904273061338,-0.009557052585195763,0.34818130288812377,287,True
LEVEL,pooled,infl_exp,real_macro,b,0.75,23,0.09756190163066947,0.10891111267244509,0.37119790433409044,-0.08158093706392228,0.2767047403252612,286,True
LEVEL,pooled,infl_exp,real_macro,b,0.75,24,-0.0693817717480556,0.08459656971313649,0.4128913141411124,-0.2085307462683612,0.06976720277225001,285,True
LEVEL,pooled,freight,physical_channel,b,0.75,0,-0.006827244291578438,0.0045558006923731055,0.13510445169332708,-0.014320869584096368,0.000666381000939493,309,True
LEVEL,pooled,freight,physical_channel,b,0.75,1,-0.0074959282255520066,0.005498782696874105,0.17391534501059164,-0.016540620888323376,0.0015487644372193625,308,True
LEVEL,pooled,freight,physical_channel,b,0.75,2,-0.0030470801102424616,0.006202349723321644,0.6236158271320588,-0.013249037548269529,0.0071548773277846055,307,True
LEVEL,pooled,freight,physical_channel,b,0.75,3,0.0009231448539708254,0.005452522636708747,0.8656790766536857,-0.00804545678105456,0.009891746488996211,306,True
LEVEL,pooled,freight,physical_channel,b,0.75,4,0.004955300871131385,0.0058714369555277176,0.3994159308055096,-0.004702353500585291,0.014612955242848061,305,False
LEVEL,pooled,freight,physical_channel,b,0.75,5,-0.014777629638138556,0.005404940186962182,0.0066597205739625746,-0.02366796510811907,-0.0058872941681580426,304,False
LEVEL,pooled,freight,physical_channel,b,0.75,6,0.0038648951342139526,0.004767428856088062,0.41824615577719176,-0.003976827510955605,0.01170661777938351,303,True
LEVEL,pooled,freight,physical_channel,b,0.75,7,0.018375703271015453,0.0071107462865920784,0.01027791311741782,0.006679566451182761,0.030071840090848144,302,True
LEVEL,pooled,freight,physical_channel,b,0.75,8,0.012563855316066963,0.007005076696739782,0.07399398067269666,0.0010415295043612952,0.02408618112777263,301,True
LEVEL,pooled,freight,physical_channel,b,0.75,9,-0.002794318879372426,0.006317181967311406,0.658597387909968,-0.013185158550417029,0.0075965207916721764,300,True
LEVEL,pooled,freight,physical_channel,b,0.75,10,-0.0012600175263379754,0.005189528235092127,0.8083439890973763,-0.009796031865996332,0.007275996813320381,299,True
LEVEL,pooled,freight,physical_channel,b,0.75,11,0.008790747187070735,0.0065738850074955404,0.18227546776775388,-0.00202233141067021,0.01960382578481168,298,True
LEVEL,pooled,freight,physical_channel,b,0.75,12,0.0036568748869978407,0.006703819919166949,0.5858677494692787,-0.0073699276214734405,0.014683677395469122,297,True
LEVEL,pooled,freight,physical_channel,b,0.75,13,-0.0018844429610638258,0.006815730714340227,0.7823891729147687,-0.013095322346870896,0.009326436424743244,296,True
LEVEL,pooled,freight,physical_channel,b,0.75,14,0.0032872581917278154,0.005624124828098555,0.5593826206214435,-0.005963603930197918,0.01253812031365355,295,True
LEVEL,pooled,freight,physical_channel,b,0.75,15,0.005830554290508161,0.00566973226132962,0.3047123518521889,-0.003495325383383636,0.015156433964399958,294,True
LEVEL,pooled,freight,physical_channel,b,0.75,16,-0.00547268815273938,0.0053038467775767,0.3030907773788058,-0.014196739761631293,0.0032513634561525326,293,True
LEVEL,pooled,freight,physical_channel,b,0.75,17,-0.010708957920071205,0.0066358521546375365,0.10776477190540551,-0.021623963404540498,0.00020604756439808816,292,False
LEVEL,pooled,freight,physical_channel,b,0.75,18,-0.01131357262160293,0.005677997028034145,0.047346620830249465,-0.020653046626984573,-0.0019740986162212863,291,True
LEVEL,pooled,freight,physical_channel,b,0.75,19,0.0005965002169574518,0.0065566698971085535,0.9275811015798581,-0.01018826204402509,0.011381262477939993,290,True
LEVEL,pooled,freight,physical_channel,b,0.75,20,0.004802331336028587,0.005066624683769383,0.34408949056453547,-0.003531524651471338,0.013136187323528512,289,True
LEVEL,pooled,freight,physical_channel,b,0.75,21,-0.006376566029267394,0.006514192699125201,0.3285527636017617,-0.01709145951708428,0.004338327458549493,288,False
LEVEL,pooled,freight,physical_channel,b,0.75,22,-0.004393687125109125,0.005763989807033891,0.4465955317631617,-0.013874606664920136,0.005087232414701886,287,False
LEVEL,pooled,freight,physical_channel,b,0.75,23,0.007333139939589728,0.005533952090812052,0.18630432523388554,-0.001769401228358159,0.016435681107537615,286,True
LEVEL,pooled,freight,physical_channel,b,0.75,24,-0.005491009848912043,0.006516197797077795,0.4001960970659048,-0.016209201429368648,0.005227181731544562,285,True
LEVEL,pooled,oil,asset_price,b,0.9,0,0.051635756303255675,0.03143691447647127,0.10160085043629337,-7.336649353133218e-05,0.10334487910004268,309,True
LEVEL,pooled,oil,asset_price,b,0.9,1,-0.0011606129774008878,0.024694567891158554,0.9625477546713376,-0.0417795625391724,0.039458336584370625,308,True
LEVEL,pooled,oil,asset_price,b,0.9,2,0.06735739594404322,0.0302714675730698,0.026873352491865798,0.01756526271333548,0.11714952917475097,307,True
LEVEL,pooled,oil,asset_price,b,0.9,3,-0.0916205501738645,0.053753844246092225,0.08941497907955794,-0.18003775584463383,-0.0032033445030951874,306,True
LEVEL,pooled,oil,asset_price,b,0.9,4,0.1281396826791763,0.0404994268560928,0.0017295484506338616,0.0615240535254762,0.19475531183287642,305,True
LEVEL,pooled,oil,asset_price,b,0.9,5,0.006005263721220899,0.058646179415306726,0.9185149616740331,-0.09045911719689313,0.10246964463933493,304,True
LEVEL,pooled,oil,asset_price,b,0.9,6,-0.04621492568077201,0.05425925930008836,0.3950980433147892,-0.13546346513622276,0.04303361377467872,303,True
LEVEL,pooled,oil,asset_price,b,0.9,7,0.008267137487564469,0.03029863826875233,0.7851701424498451,-0.04156968756048347,0.05810396253561241,302,True
LEVEL,pooled,oil,asset_price,b,0.9,8,-0.012127318083003047,0.05515425319685126,0.8261289250134843,-0.10284799149564366,0.07859335532963757,301,True
LEVEL,pooled,oil,asset_price,b,0.9,9,0.025231873179109243,0.028816271991900566,0.3820135748819419,-0.02216667632198853,0.07263042268020702,300,True
LEVEL,pooled,oil,asset_price,b,0.9,10,0.04812491405482433,0.03262274526701084,0.14132093787023484,-0.005534726818732419,0.10178455492838108,299,False
LEVEL,pooled,oil,asset_price,b,0.9,11,-0.042128322118514916,0.05982032475408877,0.4818855300422106,-0.14052400025569278,0.05626735601866294,298,True
LEVEL,pooled,oil,asset_price,b,0.9,12,0.07371658882712495,0.02781305193425162,0.008515221491499778,0.02796818947648152,0.11946498817776838,297,True
LEVEL,pooled,oil,asset_price,b,0.9,13,-0.043111622336937216,0.05577794064827902,0.44025366143039624,-0.13485817031614292,0.048634925642268484,296,True
LEVEL,pooled,oil,asset_price,b,0.9,14,0.025933886011955565,0.050384533213566965,0.6071750789208347,-0.05694129618663697,0.1088090682105481,295,True
LEVEL,pooled,oil,asset_price,b,0.9,15,-0.050422505199463785,0.03777017735332395,0.18302366754417043,-0.11254891840967904,0.011703908010751468,294,True
LEVEL,pooled,oil,asset_price,b,0.9,16,0.0034223714501422364,0.030056396224030266,0.9094310314160425,-0.04601600089204448,0.052860743792328954,293,False
LEVEL,pooled,oil,asset_price,b,0.9,17,-0.06718918285213249,0.030786880530738078,0.029961799055536937,-0.11782909495563867,-0.016549270748626298,292,True
LEVEL,pooled,oil,asset_price,b,0.9,18,0.0629229975392036,0.031222346174512833,0.04488847109299703,0.011566808192121754,0.11427918688628547,291,True
LEVEL,pooled,oil,asset_price,b,0.9,19,0.023153907645337313,0.03632733971586743,0.5244413112583975,-0.03659924884380549,0.08290706413448012,290,False
LEVEL,pooled,oil,asset_price,b,0.9,20,0.03191478822861882,0.051194121715211274,0.5335613131505743,-0.05229204855324157,0.1161216250104792,289,True
LEVEL,pooled,oil,asset_price,b,0.9,21,0.02875909659945819,0.026592902524745828,0.28049564784179754,-0.014982335569536952,0.07250052876845334,288,True
LEVEL,pooled,oil,asset_price,b,0.9,22,-0.0166585081891526,0.05249668157604816,0.7512526856033119,-0.10300786528243194,0.06969084890412675,287,True
LEVEL,pooled,oil,asset_price,b,0.9,23,0.0026222438100376166,0.031088422613763947,0.9328452246093661,-0.04851366088241218,0.05375814850248741,286,True
LEVEL,pooled,oil,asset_price,b,0.9,24,0.006426256991716173,0.03112969411573889,0.8366146177275964,-0.04477753328044684,0.057630047263879186,285,False
LEVEL,pooled,dxy,asset_price,b,0.9,0,0.0003617687993084928,0.009076318603307236,0.9682342097102585,-0.014567446774708535,0.01529098437332552,309,True
LEVEL,pooled,dxy,asset_price,b,0.9,1,0.015966864483853982,0.0062838750812722055,0.011595902290913448,0.005630809765113418,0.026302919202594546,308,True
LEVEL,pooled,dxy,asset_price,b,0.9,2,-0.003938930096012427,0.00984512846657744,0.6893969304290165,-0.020132725362065514,0.012254865170040659,307,False
LEVEL,pooled,dxy,asset_price,b,0.9,3,0.002795935766723545,0.007254801358329619,0.7002424032669388,-0.009137150560337396,0.014729022093784487,306,True
LEVEL,pooled,dxy,asset_price,b,0.9,4,-0.011242578992138874,0.005357196086541772,0.036758143469389826,-0.02005438240537734,-0.002430775578900408,305,True
LEVEL,pooled,dxy,asset_price,b,0.9,5,0.013598018208540452,0.006683892266013479,0.04286250930544442,0.002603993772635288,0.024592042644445616,304,True
LEVEL,pooled,dxy,asset_price,b,0.9,6,-0.008574365929554517,0.005922790327021352,0.14884274620346513,-0.018316489080628683,0.00116775722151965,303,True
LEVEL,pooled,dxy,asset_price,b,0.9,7,-0.007660547686526797,0.004879685987760398,0.11759583545347418,-0.015686916881878767,0.00036582150882517005,302,True
LEVEL,pooled,dxy,asset_price,b,0.9,8,-0.016900210723719056,0.005042113903247441,0.0009162744341351938,-0.02519375006497805,-0.008606671382460058,301,True
LEVEL,pooled,dxy,asset_price,b,0.9,9,0.009169898499905571,0.0057746487795912165,0.11345760589849445,-0.00032855348957593414,0.018668350489387076,300,True
LEVEL,pooled,dxy,asset_price,b,0.9,10,-0.017572041394355864,0.0068172690355284785,0.010478411713507994,-0.028785451093348846,-0.006358631695362882,299,True
LEVEL,pooled,dxy,asset_price,b,0.9,11,-0.0045532874503351195,0.006820969855975706,0.5049958042782238,-0.01577278445726342,0.006666209556593181,298,True
LEVEL,pooled,dxy,asset_price,b,0.9,12,0.013825550802515352,0.005030048506330373,0.006390295507708983,0.005551857273136002,0.022099244331894703,297,True
LEVEL,pooled,dxy,asset_price,b,0.9,13,0.0002676546588986639,0.006277178696299626,0.9660207977812447,-0.01005738548673229,0.010592694804529618,296,True
LEVEL,pooled,dxy,asset_price,b,0.9,14,-0.008364832758659624,0.004891236868931158,0.08839662716428529,-0.0164102014627998,-0.00031946405451944646,295,True
LEVEL,pooled,dxy,asset_price,b,0.9,15,-0.008960061350762771,0.0056389783004816,0.11325925702955564,-0.01823535526061058,0.0003152325590850373,294,True
LEVEL,pooled,dxy,asset_price,b,0.9,16,0.000673560143297891,0.006700336350621424,0.920002501304365,-0.010347512404816548,0.01169463269141233,293,True
LEVEL,pooled,dxy,asset_price,b,0.9,17,-0.002704844889734659,0.007633040353463466,0.7233519152010452,-0.015260078999795987,0.00985038922032667,292,True
LEVEL,pooled,dxy,asset_price,b,0.9,18,-0.01245647777925285,0.006502477653758192,0.05649379736004519,-0.023152101732207914,-0.0017608538262977886,291,True
LEVEL,pooled,dxy,asset_price,b,0.9,19,0.0013487745326870026,0.0050332088530431465,0.7889293547587053,-0.006930117304445276,0.009627666369819281,290,True
LEVEL,pooled,dxy,asset_price,b,0.9,20,-0.004684080244665267,0.01029165206508847,0.6493912390992126,-0.021612341471248644,0.01224418098191811,289,True
LEVEL,pooled,dxy,asset_price,b,0.9,21,-0.0005651375815318715,0.009899967348487557,0.9545214957305361,-0.01684913478139278,0.015718859618329035,288,True
LEVEL,pooled,dxy,asset_price,b,0.9,22,0.0008433349577501303,0.005664471671772264,0.881763005820142,-0.008473891816328346,0.010160561731828607,287,True
LEVEL,pooled,dxy,asset_price,b,0.9,23,0.0005994636263864095,0.005433844689419605,0.9122410876567046,-0.008338415519296424,0.009537342772069243,286,True
LEVEL,pooled,dxy,asset_price,b,0.9,24,-0.014716243122784967,0.0070402694058486134,0.03757408542553242,-0.026296455789710543,-0.003136030455859388,285,True
LEVEL,pooled,vix,asset_price,b,0.9,0,1.9381231417355593,1.4067895755576187,0.16939452512358552,-0.3758397939779119,4.2520860774490306,309,True
LEVEL,pooled,vix,asset_price,b,0.9,1,6.3290570895478595,2.2976092674159787,0.006260858382141419,2.549826152721372,10.108288026374346,308,True
LEVEL,pooled,vix,asset_price,b,0.9,2,-1.1098306069616228,2.79981737900618,0.6921174449845477,-5.715120377621703,3.4954591636984578,307,False
LEVEL,pooled,vix,asset_price,b,0.9,3,-2.103810966014862,2.2421839472070904,0.34891164863702734,-5.791875363870813,1.5842534318410886,306,True
LEVEL,pooled,vix,asset_price,b,0.9,4,2.063361762673594,2.3542374049630466,0.3815470947303727,-1.8090141715846948,5.9357376969318825,305,True
LEVEL,pooled,vix,asset_price,b,0.9,5,-2.282519816446438,2.8723376340350333,0.427496513825318,-7.007094791618173,2.4420551587252968,304,True
LEVEL,pooled,vix,asset_price,b,0.9,6,-1.3309374221717007,2.4962611778949717,0.5943449006004882,-5.436921674450399,2.775046830106998,303,True
LEVEL,pooled,vix,asset_price,b,0.9,7,-0.49876044696429744,3.4598651216134515,0.8854832244744851,-6.18973214101308,5.192211247084485,302,True
LEVEL,pooled,vix,asset_price,b,0.9,8,-0.7009288103799918,3.214766917771957,0.8275654283015816,-5.9887498348808,4.586892214120817,301,True
LEVEL,pooled,vix,asset_price,b,0.9,9,-1.0960159932947136,5.079876502899877,0.8293393196683403,-9.451669283555137,7.25963729696571,300,True
LEVEL,pooled,vix,asset_price,b,0.9,10,-5.2985395828436594,4.732954898742708,0.2639184370343582,-13.083557614238341,2.486478448551022,299,True
LEVEL,pooled,vix,asset_price,b,0.9,11,4.374950365483528,5.487708025315744,0.4260195787627738,-4.651526083607774,13.40142681457483,298,True
LEVEL,pooled,vix,asset_price,b,0.9,12,-3.673282463394571,5.084987084292878,0.4706896738420667,-12.037341911995103,4.690776985205961,297,True
LEVEL,pooled,vix,asset_price,b,0.9,13,-9.778757072985172,2.356945171401369,4.4895518087168235e-05,-13.655586886690473,-5.901927259279871,296,False
LEVEL,pooled,vix,asset_price,b,0.9,14,-8.8275754244969,5.3762791918009505,0.10177786473549078,-17.670767752634422,0.015616903640623292,295,True
LEVEL,pooled,vix,asset_price,b,0.9,15,-1.2186246238998137,3.0751881957301443,0.6922188024978806,-6.276859081204895,3.8396098334052677,294,True
LEVEL,pooled,vix,asset_price,b,0.9,16,-5.810198273680726,5.594274891802539,0.29993881473660017,-15.011961619625687,3.3915650722642354,293,True
LEVEL,pooled,vix,asset_price,b,0.9,17,-6.600894777315261,5.557973935009271,0.23604110098919823,-15.742948362817007,2.541158808186484,292,True
LEVEL,pooled,vix,asset_price,b,0.9,18,-8.241693247735384,2.901947213615392,0.004863111021153562,-13.014971647272379,-3.468414848198388,291,True
LEVEL,pooled,vix,asset_price,b,0.9,19,-7.104276756989748,4.8695348993485315,0.1457840987528698,-15.113948897749951,0.9053953837704558,290,True
LEVEL,pooled,vix,asset_price,b,0.9,20,-6.362944079363842,3.302012204004093,0.05506638252293117,-11.794270829357998,-0.9316173293696854,289,True
LEVEL,pooled,vix,asset_price,b,0.9,21,-5.321604793891311,3.40401006249787,0.11919035367280412,-10.920703091370239,0.2774935035876185,288,False
LEVEL,pooled,vix,asset_price,b,0.9,22,-5.299793839454651,2.4841425762170615,0.03382778370159001,-9.385844765809859,-1.213742913099443,287,False
LEVEL,pooled,vix,asset_price,b,0.9,23,-4.919307813222986,5.588300871514355,0.37952316453369356,-14.111244770229446,4.272629143783474,286,False
LEVEL,pooled,vix,asset_price,b,0.9,24,-5.348716000065906,3.3359289595972,0.11008204993964855,-10.835830848511812,0.1383988483799996,285,True
LEVEL,pooled,us10y,asset_price,b,0.9,0,0.08282441751271108,0.07797237384006328,0.2890443583695005,-0.0454287244001331,0.21107755942555526,309,True
LEVEL,pooled,us10y,asset_price,b,0.9,1,0.09628528938969794,0.1275551892498417,0.4509722234830011,-0.11352432628438561,0.30609490506378145,308,True
LEVEL,pooled,us10y,asset_price,b,0.9,2,0.01050980374975552,0.1185614326357906,0.9294281381133802,-0.1845063987377873,0.20552600623729833,307,True
LEVEL,pooled,us10y,asset_price,b,0.9,3,0.044951638161194296,0.07587109543474796,0.5540149342785687,-0.07984520834543217,0.16974848466782078,306,True
LEVEL,pooled,us10y,asset_price,b,0.9,4,0.02798059512861073,0.08036016294075192,0.7279620573972599,-0.10420011034689636,0.16016130060411782,305,False
LEVEL,pooled,us10y,asset_price,b,0.9,5,0.15738509700793202,0.08225683272335738,0.05673932812103457,0.022084647361377108,0.2926855466544869,304,True
LEVEL,pooled,us10y,asset_price,b,0.9,6,0.1831622925346892,0.0767808138038443,0.017732161995135304,0.05686909246915023,0.30945549260022814,303,True
LEVEL,pooled,us10y,asset_price,b,0.9,7,0.12495003073672706,0.0786516154398701,0.11329222819309254,-0.0044203641851356945,0.2543204256585898,302,True
LEVEL,pooled,us10y,asset_price,b,0.9,8,-0.04343021761269483,0.07384083142589307,0.5569111940185999,-0.1648875770006873,0.07802714177529763,301,True
LEVEL,pooled,us10y,asset_price,b,0.9,9,-0.1833231757549285,0.06503937816132294,0.005176800823336823,-0.2903034328182489,-0.07634291869160811,300,False
LEVEL,pooled,us10y,asset_price,b,0.9,10,-0.03737078777157876,0.08552747586628838,0.6624993222627356,-0.17805096665424772,0.10330939111109019,299,True
LEVEL,pooled,us10y,asset_price,b,0.9,11,0.003489103193714982,0.09507991588218331,0.9707540900387316,-0.15290344129533512,0.15988164768276508,298,True
LEVEL,pooled,us10y,asset_price,b,0.9,12,0.038116172145919336,0.09791933558538618,0.697391101780088,-0.12294680214038148,0.19917914643222015,297,True
LEVEL,pooled,us10y,asset_price,b,0.9,13,0.0737802059244359,0.1456928057827709,0.6129856227631832,-0.16586313408809125,0.3134235459369631,296,True
LEVEL,pooled,us10y,asset_price,b,0.9,14,-0.08304060986847617,0.07974725123343775,0.2986794792816246,-0.2142131652992065,0.04813194556225417,295,True
LEVEL,pooled,us10y,asset_price,b,0.9,15,-0.16392049033464673,0.1459789605463699,0.2624903672063246,-0.40403451304794913,0.07619353237865567,294,True
LEVEL,pooled,us10y,asset_price,b,0.9,16,0.026731870142612024,0.08263929767367136,0.7465895319415028,-0.10919767836464866,0.1626614186498727,293,True
LEVEL,pooled,us10y,asset_price,b,0.9,17,-0.05964638192949678,0.13775837484081171,0.6653840820123721,-0.2862387444293464,0.16694598057035281,292,True
LEVEL,pooled,us10y,asset_price,b,0.9,18,0.26994272223055304,0.06899482303366908,0.00011636719833512253,0.1564563373227475,0.3834291071383586,291,True
LEVEL,pooled,us10y,asset_price,b,0.9,19,-0.007575013464531821,0.08301464883435303,0.927364372827837,-0.1441219596898202,0.12897193276075655,290,True
LEVEL,pooled,us10y,asset_price,b,0.9,20,0.029319003457203507,0.0866379482164746,0.7353275615503734,-0.11318773989829856,0.17182574681270557,289,True
LEVEL,pooled,us10y,asset_price,b,0.9,21,0.18549616282450643,0.14899796073763294,0.214268220372079,-0.059583673303162166,0.430575998952175,288,True
LEVEL,pooled,us10y,asset_price,b,0.9,22,-0.2147389149947685,0.07420195509911601,0.0041278503767728444,-0.33679026996643974,-0.09268756002309725,287,False
LEVEL,pooled,us10y,asset_price,b,0.9,23,0.03362661541905254,0.06952813228719375,0.6290512993571631,-0.08073698514869986,0.14799021598680495,286,False
LEVEL,pooled,us10y,asset_price,b,0.9,24,-0.022928884339307842,0.14869732391856252,0.8775743496163484,-0.2675142169047333,0.22165644822611763,285,True
LEVEL,pooled,ip,real_macro,b,0.9,0,-0.14526167712847382,0.16818487015101108,0.38848801072004774,-0.4219011707947268,0.13137781653777914,309,True
LEVEL,pooled,ip,real_macro,b,0.9,1,-0.6803006264817668,0.2854049639623372,0.01780932410217754,-1.1497500166051715,-0.21085123635836223,308,True
LEVEL,pooled,ip,real_macro,b,0.9,2,-0.33860200869435175,0.1739596492695007,0.052605563345107575,-0.6247401687384959,-0.052463848650207534,307,True
LEVEL,pooled,ip,real_macro,b,0.9,3,0.5318016792293747,0.2150627390512713,0.014005182455465046,0.1780549528787731,0.8855484055799763,306,True
LEVEL,pooled,ip,real_macro,b,0.9,4,-0.3304333040023266,0.2138890408861114,0.12351650154339235,-0.6822494686690187,0.021382860664365455,305,True
LEVEL,pooled,ip,real_macro,b,0.9,5,0.03251522323807876,0.19313130179136292,0.8664248585571506,-0.2851574989913039,0.3501879454674614,304,True
LEVEL,pooled,ip,real_macro,b,0.9,6,-0.01854182357647005,0.29665007869777715,0.9502068624602692,-0.5064877814579485,0.4694041343050084,303,True
LEVEL,pooled,ip,real_macro,b,0.9,7,0.07262535216727883,0.34802869840247014,0.8348559611000483,-0.49983091468322416,0.6450816190177818,302,True
LEVEL,pooled,ip,real_macro,b,0.9,8,-0.12169597149204492,0.3267039500946885,0.7098124718936648,-0.659076148744666,0.4156842057605762,301,True
LEVEL,pooled,ip,real_macro,b,0.9,9,0.01911119933356531,0.13891534800236624,0.8906785518342378,-0.20938421466735274,0.24760661333448336,300,False
LEVEL,pooled,ip,real_macro,b,0.9,10,0.004254134022630751,0.18906379108931745,0.9820648321071417,-0.3067281284758285,0.31523639652109,299,False
LEVEL,pooled,ip,real_macro,b,0.9,11,0.010619220091030002,0.18286440867178463,0.9537345883758631,-0.29016596575309117,0.3114044059351512,298,False
LEVEL,pooled,ip,real_macro,b,0.9,12,-0.4242365945879101,0.2305572345447971,0.06686268036142524,-0.8034694980488208,-0.04500369112699931,297,True
LEVEL,pooled,ip,real_macro,b,0.9,13,0.3123004449594191,0.240577966497399,0.1953601778959799,-0.08341509579843737,0.7080159857172756,296,True
LEVEL,pooled,ip,real_macro,b,0.9,14,-0.2766751418016611,0.18413693347222762,0.1341366355205641,-0.5795534446791766,0.026203161075854464,295,True
LEVEL,pooled,ip,real_macro,b,0.9,15,0.09782758952678705,0.1824419678607652,0.5922600951557874,-0.20226274301715652,0.3979179220707306,294,True
LEVEL,pooled,ip,real_macro,b,0.9,16,0.1361596086476311,0.19181319299881866,0.4784180298436868,-0.17934501755361848,0.4516642348488807,293,True
LEVEL,pooled,ip,real_macro,b,0.9,17,-0.45494515698737814,0.34531600766043385,0.18882173466263757,-1.022939444632045,0.11304913065728883,292,True
LEVEL,pooled,ip,real_macro,b,0.9,18,-0.1358377159194788,0.14019242099451135,0.3334665029381702,-0.36643372806340846,0.0947582962244509,291,True
LEVEL,pooled,ip,real_macro,b,0.9,19,-0.4779009258465976,0.3539493171686216,0.1781183535135273,-1.0600957439484018,0.10429389225520658,290,True
LEVEL,pooled,ip,real_macro,b,0.9,20,-0.339747772552073,0.21787296798294833,0.12011705318248422,-0.6981169141535075,0.01862136904936157,289,False
LEVEL,pooled,ip,real_macro,b,0.9,21,-0.023826206468584132,0.17674565544903997,0.8928703129011218,-0.31454693888185276,0.2668945259446845,288,True
LEVEL,pooled,ip,real_macro,b,0.9,22,0.01941034225092153,0.1851657474953328,0.9165943368896791,-0.2851602091039571,0.3239808936058002,287,True
LEVEL,pooled,ip,real_macro,b,0.9,23,0.326665037956559,0.20736433880681238,0.11640816181861746,-0.01441894683022027,0.6677490227433382,286,True
LEVEL,pooled,ip,real_macro,b,0.9,24,0.10146127111784153,0.33221031267522366,0.760299017460952,-0.44497606659668276,0.6478986088323658,285,True
LEVEL,pooled,cpi,real_macro,b,0.9,0,-0.15671009025390958,0.06127345452876256,0.011066341151119685,-0.2574959541713908,-0.05592422633642838,309,True
LEVEL,pooled,cpi,real_macro,b,0.9,1,0.25119427492137447,0.09721571151066725,0.01027630421927942,0.09128865924638546,0.4110998905963635,308,True
LEVEL,pooled,cpi,real_macro,b,0.9,2,-0.2864427828008047,0.07019662577846073,5.869370337970002e-05,-0.40190595731226103,-0.17097960828934838,307,True
LEVEL,pooled,cpi,real_macro,b,0.9,3,-0.1423360463749077,0.09376412429896411,0.13014509830501816,-0.2965643063059875,0.011892213556172065,306,True
LEVEL,pooled,cpi,real_macro,b,0.9,4,-0.023232221641137585,0.08296599113962679,0.7796703733590649,-0.1596991330807764,0.11323468979850124,305,True
LEVEL,pooled,cpi,real_macro,b,0.9,5,-0.0177039837179791,0.09903274836474113,0.8582502554243063,-0.18059835905269603,0.14519039161673783,304,True
LEVEL,pooled,cpi,real_macro,b,0.9,6,-0.08229812762368738,0.14563284504410265,0.5724617595112254,-0.32184284099774135,0.1572465857503666,303,True
LEVEL,pooled,cpi,real_macro,b,0.9,7,-0.23366085228224165,0.14314555838136547,0.1037585604645704,-0.46911434316782435,0.0017926386033410568,302,True
LEVEL,pooled,cpi,real_macro,b,0.9,8,-0.11469209367623989,0.08215054875364891,0.16381233146608815,-0.24981772174973305,0.02043353439725326,301,True
LEVEL,pooled,cpi,real_macro,b,0.9,9,-0.11290926147876235,0.07463822444743405,0.13150320139631336,-0.2356782156703423,0.0098596927128176,300,True
LEVEL,pooled,cpi,real_macro,b,0.9,10,-0.1663206082043871,0.15914318869847732,0.29690787842679806,-0.42808785933970006,0.09544664293092586,299,True
LEVEL,pooled,cpi,real_macro,b,0.9,11,-0.16309120856112713,0.09906358532972227,0.10085958190172517,-0.3260363061895375,-0.00014611093271679754,298,False
LEVEL,pooled,cpi,real_macro,b,0.9,12,-0.017209867051406036,0.08112368833665358,0.8321557014330312,-0.15064646004363152,0.11622672594081945,297,True
LEVEL,pooled,cpi,real_macro,b,0.9,13,-0.23137258970763241,0.1576761981450173,0.14344234110357845,-0.4907268561103831,0.02798167669511825,296,True
LEVEL,pooled,cpi,real_macro,b,0.9,14,-0.09666508976590649,0.09260990020332514,0.29752766039377815,-0.24899482000695974,0.05566464047514677,295,True
LEVEL,pooled,cpi,real_macro,b,0.9,15,0.07561390423938974,0.1668963028898431,0.6508754530036069,-0.19890608489376016,0.35013389337253964,294,True
LEVEL,pooled,cpi,real_macro,b,0.9,16,0.11060722384200972,0.1738201876072652,0.5251097412943893,-0.17530154218118577,0.3965159898652052,293,True
LEVEL,pooled,cpi,real_macro,b,0.9,17,-0.21524021353798162,0.08514853876226623,0.012061214958442252,-0.35529709635071327,-0.07518333072524999,292,True
LEVEL,pooled,cpi,real_macro,b,0.9,18,-0.20790840115660103,0.10988747018810038,0.0595877950655612,-0.3886572050520197,-0.027159597261182333,291,True
LEVEL,pooled,cpi,real_macro,b,0.9,19,-0.061163124325503304,0.09271407509917183,0.5100282666639627,-0.21366420702182726,0.09133795837082065,290,True
LEVEL,pooled,cpi,real_macro,b,0.9,20,0.2239337848568539,0.10121945258522498,0.0278078789449965,0.057442601154004014,0.39042496855970377,289,True
LEVEL,pooled,cpi,real_macro,b,0.9,21,0.05635383637127234,0.12262888675064774,0.6462248344215606,-0.14535273276955193,0.25806040551209664,288,True
LEVEL,pooled,cpi,real_macro,b,0.9,22,0.044973468758598756,0.1798248267635644,0.802711373029237,-0.2508120497593703,0.34075898727656784,287,True
LEVEL,pooled,cpi,real_macro,b,0.9,23,0.12723438624266237,0.07922529796728298,0.10950113217211047,-0.0030796324651341245,0.25754840495045883,286,True
LEVEL,pooled,cpi,real_macro,b,0.9,24,-0.08834920037043048,0.09642666068712462,0.3604041144822383,-0.24695694293646633,0.07025854219560537,285,True
LEVEL,pooled,infl_exp,real_macro,b,0.9,0,0.10235209650659272,0.11544004704033134,0.37603869735843026,-0.08752988356314484,0.29223407657633027,309,True
LEVEL,pooled,infl_exp,real_macro,b,0.9,1,0.012441287974979787,0.12246024125298852,0.9191512521700616,-0.18898788400735067,0.21387045995731024,308,True
LEVEL,pooled,infl_exp,real_macro,b,0.9,2,0.2631344247438392,0.19584813575199214,0.18018126136758147,-0.05900709167950935,0.5852759411671877,307,True
LEVEL,pooled,infl_exp,real_macro,b,0.9,3,0.5013110978707118,0.11216839608896528,1.1437225136170583e-05,0.31681050473444794,0.6858116910069757,306,True
LEVEL,pooled,infl_exp,real_macro,b,0.9,4,-0.15654648523832293,0.11552644096734259,0.17649907621060237,-0.3465705706722515,0.03347760019560567,305,True
LEVEL,pooled,infl_exp,real_macro,b,0.9,5,-0.009314170049037784,0.2106066820106103,0.9647566948509301,-0.3557313348144055,0.33710299471632993,304,False
LEVEL,pooled,infl_exp,real_macro,b,0.9,6,0.03060022492900316,0.10301315626926673,0.7666513489526069,-0.138841338784219,0.20004178864222533,303,True
LEVEL,pooled,infl_exp,real_macro,b,0.9,7,-0.208349105487855,0.22255031890844917,0.35000040309610725,-0.5744118047236244,0.15771359374791444,302,True
LEVEL,pooled,infl_exp,real_macro,b,0.9,8,-0.0690622515967334,0.1965104851777708,0.7255270499087307,-0.39229323587538323,0.2541687326819164,301,True
LEVEL,pooled,infl_exp,real_macro,b,0.9,9,0.24654613351222565,0.11329987711774338,0.03041224008786302,0.06018441970194935,0.432907847322502,300,True
LEVEL,pooled,infl_exp,real_macro,b,0.9,10,-0.2717656457311932,0.23457907843999784,0.2476698922204181,-0.6576138937101575,0.11408260224777111,299,True
LEVEL,pooled,infl_exp,real_macro,b,0.9,11,0.01774972058478852,0.11707293720234133,0.8796057948714995,-0.17481812479034456,0.2103175659599216,298,True
LEVEL,pooled,infl_exp,real_macro,b,0.9,12,-0.13188147030246,0.13928990075717318,0.34458387789531414,-0.36099296876060694,0.0972300281556869,297,True
LEVEL,pooled,infl_exp,real_macro,b,0.9,13,-0.1650471106418081,0.12891804943596497,0.20156481935643397,-0.3770984318360643,0.04700421055244805,296,True
LEVEL,pooled,infl_exp,real_macro,b,0.9,14,-0.05228214329736147,0.2256883564268249,0.8169823678177615,-0.423506454926741,0.31894216833201805,295,True
LEVEL,pooled,infl_exp,real_macro,b,0.9,15,0.10625106438584453,0.13801486009786842,0.4420706090726616,-0.12076317881933438,0.33326530759102346,294,True
LEVEL,pooled,infl_exp,real_macro,b,0.9,16,-0.07865342361048988,0.24028111892406234,0.7436697973512804,-0.47388069356069185,0.3165738463397121,293,True
LEVEL,pooled,infl_exp,real_macro,b,0.9,17,0.09463596565183252,0.24064923333609217,0.6944502163012819,-0.3011967986241298,0.49046872992779483,292,False
LEVEL,pooled,infl_exp,real_macro,b,0.9,18,-0.26203174297961596,0.10712304355242691,0.0150974942052276,-0.4382334696969059,-0.08583001626232603,291,True
LEVEL,pooled,infl_exp,real_macro,b,0.9,19,-0.11877286256458319,0.11110742456380128,0.28605751379087757,-0.3015283128395888,0.06398258771042242,290,True
LEVEL,pooled,infl_exp,real_macro,b,0.9,20,0.21238730339177891,0.11333481557756912,0.06205020897351112,0.02596812092913814,0.3988064858544197,289,True
LEVEL,pooled,infl_exp,real_macro,b,0.9,21,-0.17346761741646333,0.10026232970824775,0.0847923428302748,-0.338384474083679,-0.008550760749247682,288,True
LEVEL,pooled,infl_exp,real_macro,b,0.9,22,0.10115951664806744,0.20150494082662793,0.6160799384787509,-0.23028661611925327,0.43260564941538815,287,True
LEVEL,pooled,infl_exp,real_macro,b,0.9,23,0.004511009252382792,0.11999909890062344,0.9700420361056741,-0.19286994380521608,0.20189196230998166,286,True
LEVEL,pooled,infl_exp,real_macro,b,0.9,24,-0.4415592760749405,0.11644226049468799,0.00018624947486941046,-0.6330897505800561,-0.2500288015698248,285,True
LEVEL,pooled,freight,physical_channel,b,0.9,0,-0.006901318908887788,0.00800545921885965,0.3893804606969978,-0.020069127540441184,0.006266489722665608,309,True
LEVEL,pooled,freight,physical_channel,b,0.9,1,0.014604437218935118,0.007473312224773973,0.05167140436401065,0.0023119325006748723,0.026896941937195364,308,True
LEVEL,pooled,freight,physical_channel,b,0.9,2,-0.0056311305745282425,0.008128921681823366,0.4890565385425242,-0.019002016886079866,0.0077397557370233825,307,True
LEVEL,pooled,freight,physical_channel,b,0.9,3,-0.002306555168217983,0.007275071437043625,0.7514442820102801,-0.014272982807770248,0.009659872471334282,306,True
LEVEL,pooled,freight,physical_channel,b,0.9,4,0.01268808451996506,0.008201664343775877,0.12300172018983092,-0.0008024528229332566,0.026178621862863377,305,True
LEVEL,pooled,freight,physical_channel,b,0.9,5,-0.021589204299349518,0.007926563154013631,0.006868188958279608,-0.03462724045248874,-0.008551168146210297,304,True
LEVEL,pooled,freight,physical_channel,b,0.9,6,-0.006915273472429817,0.006962868034749875,0.3215028542816099,-0.01836817221337262,0.004537625268512984,303,True
LEVEL,pooled,freight,physical_channel,b,0.9,7,-0.0034429061029186414,0.008441129168756513,0.683685658160735,-0.017327328031713655,0.010441515825876374,302,True
LEVEL,pooled,freight,physical_channel,b,0.9,8,0.004851333148053527,0.008812561718544946,0.5824252480177528,-0.009644040957428825,0.019346707253535878,301,True
LEVEL,pooled,freight,physical_channel,b,0.9,9,-0.01890546596671072,0.014047959542584363,0.1794940776805761,-0.04201230317159815,0.004201371238176713,300,True
LEVEL,pooled,freight,physical_channel,b,0.9,10,-0.0020547816507416883,0.008750025766042818,0.8145168553754188,-0.01644729326793605,0.012337729966452674,299,True
LEVEL,pooled,freight,physical_channel,b,0.9,11,0.010093350673344048,0.00678346471335708,0.13793514530989884,-0.0010644558637186736,0.021251157210406768,298,True
LEVEL,pooled,freight,physical_channel,b,0.9,12,-0.0014063619985904552,0.015129435854674217,0.9260082258573271,-0.026292069437880986,0.023479345440700076,297,False
LEVEL,pooled,freight,physical_channel,b,0.9,13,-0.01225885021088402,0.015680125080717002,0.4350174522823211,-0.03805036082095413,0.013532660399186085,296,True
LEVEL,pooled,freight,physical_channel,b,0.9,14,0.007110227110047163,0.008915272243692526,0.4258500207586636,-0.007554090775250278,0.021774544995344605,295,True
LEVEL,pooled,freight,physical_channel,b,0.9,15,0.0074666420981230885,0.009290423708433793,0.4222923115982851,-0.007814745034610182,0.022748029230856358,294,True
LEVEL,pooled,freight,physical_channel,b,0.9,16,-0.015293170549057322,0.007704407980003266,0.04817658526850293,-0.02796579395847956,-0.0026205471396350856,293,True
LEVEL,pooled,freight,physical_channel,b,0.9,17,-0.01565564769599348,0.01431639963253785,0.2751507544707987,-0.03920402955646009,0.007892734164473128,292,True
LEVEL,pooled,freight,physical_channel,b,0.9,18,-0.002584744590876653,0.007533708676965114,0.7318043847022568,-0.014976592632578499,0.009807103450825192,291,True
LEVEL,pooled,freight,physical_channel,b,0.9,19,0.022394788059273196,0.011548501750533227,0.053551251518609136,0.003399193069053192,0.041390383049493204,290,False
LEVEL,pooled,freight,physical_channel,b,0.9,20,0.0004426937175026069,0.007586547039323134,0.9535125284503713,-0.012036065696166004,0.012921453131171217,289,True
LEVEL,pooled,freight,physical_channel,b,0.9,21,-0.004368453921706816,0.014845810853008424,0.7687978478078126,-0.028787639748313252,0.02005073190489962,288,True
LEVEL,pooled,freight,physical_channel,b,0.9,22,-0.011819604848085419,0.0074182950965717585,0.11231146243888973,-0.0240216144434778,0.0003824047473069605,287,True
LEVEL,pooled,freight,physical_channel,b,0.9,23,-0.005490420229875781,0.00805602723768956,0.49614780604641373,-0.0187414058506093,0.007760565390857741,286,True
LEVEL,pooled,freight,physical_channel,b,0.9,24,-0.008818730429027255,0.008962209622481404,0.32604554975802147,-0.02356025343206518,0.005922792574010667,285,True
INNOVATION,pooled,oil,asset_price,a,0.1,0,-0.03434513402143047,0.04550393339247828,0.45098740253017383,-0.10919244390260657,0.04050217585974564,309,True
INNOVATION,pooled,oil,asset_price,a,0.1,1,-0.04424063999133887,0.04626343439028323,0.33971816110642394,-0.12033721784342771,0.03185593786074997,308,True
INNOVATION,pooled,oil,asset_price,a,0.1,2,0.004158240161894755,0.04450989049499367,0.9256314994650331,-0.06905401465400844,0.07737049497779795,307,True
INNOVATION,pooled,oil,asset_price,a,0.1,3,0.03530976781700326,0.03938995768655171,0.37076932195484275,-0.029480946949186335,0.10010048258319286,306,True
INNOVATION,pooled,oil,asset_price,a,0.1,4,0.01747234381042484,0.038789866996665034,0.6527316572887367,-0.046331309608004856,0.08127599722885454,305,True
INNOVATION,pooled,oil,asset_price,a,0.1,5,-0.02259032490102042,0.03150092888235503,0.47386983309874525,-0.07440474202550247,0.02922409222346163,304,True
INNOVATION,pooled,oil,asset_price,a,0.1,6,-0.019505840517347828,0.03941748155411588,0.6210802119966662,-0.08434182801692809,0.045330146982232436,303,True
INNOVATION,pooled,oil,asset_price,a,0.1,7,-0.0035754526344371484,0.04388068540739538,0.935115840208433,-0.07575275717990797,0.06860185191103367,302,True
INNOVATION,pooled,oil,asset_price,a,0.1,8,0.048190268993628355,0.042748082979163514,0.26055374980002666,-0.022124070339871252,0.11850460832712796,301,True
INNOVATION,pooled,oil,asset_price,a,0.1,9,0.02192551364835138,0.0353524503199395,0.5356213851097742,-0.03622409248202284,0.0800751197787256,300,True
INNOVATION,pooled,oil,asset_price,a,0.1,10,0.07948447493944855,0.0354900875088897,0.02588645078726542,0.02110847577962619,0.1378604740992709,299,True
INNOVATION,pooled,oil,asset_price,a,0.1,11,-0.05207784612009736,0.03399143479148621,0.1266140387184924,-0.10798878092215791,0.0038330886819631926,298,True
INNOVATION,pooled,oil,asset_price,a,0.1,12,-0.01667176152181682,0.0667778069414678,0.8030312489771191,-0.12651147946935531,0.09316795642572169,297,True
INNOVATION,pooled,oil,asset_price,a,0.1,13,0.06588810673326419,0.06865808091227411,0.3380506783614584,-0.04704438667481753,0.1788206001413459,296,True
INNOVATION,pooled,oil,asset_price,a,0.1,14,0.044403411897398215,0.04274592130231724,0.299802200457894,-0.025907371794100492,0.11471419558889692,295,True
INNOVATION,pooled,oil,asset_price,a,0.1,15,-0.07187365067314744,0.02827749306176308,0.011570009698866393,-0.11838598769688354,-0.02536131364941134,294,True
INNOVATION,pooled,oil,asset_price,a,0.1,16,0.0011616174250888012,0.026414689446354077,0.9649548393974852,-0.04228668031554348,0.04460991516572108,293,True
INNOVATION,pooled,oil,asset_price,a,0.1,17,-0.07379522968099264,0.03683895180539862,0.04612800370318213,-0.13438991317119303,-0.013200546190792244,292,True
INNOVATION,pooled,oil,asset_price,a,0.1,18,-0.023443828404515914,0.07286729405848294,0.7478974679715581,-0.14329986132275105,0.09641220451371921,291,True
INNOVATION,pooled,oil,asset_price,a,0.1,19,0.04945309472383544,0.036015497467237235,0.17083390096936182,-0.009787126911611287,0.10869331635928217,290,True
INNOVATION,pooled,oil,asset_price,a,0.1,20,0.042192916366572075,0.04458831851138508,0.3448378549274248,-0.031148341056547138,0.11553417378969129,289,True
INNOVATION,pooled,oil,asset_price,a,0.1,21,-0.023762664458636173,0.032696269840731346,0.4679873700840764,-0.07754324249394716,0.030017913576674812,288,True
INNOVATION,pooled,oil,asset_price,a,0.1,22,-0.050020313580439735,0.03522140333287152,0.15669973857302397,-0.10795436659883412,0.007913739437954655,287,True
INNOVATION,pooled,oil,asset_price,a,0.1,23,-0.008805180588022654,0.04175224743351329,0.8331300969062796,-0.07748151621241228,0.059871155036366974,286,True
INNOVATION,pooled,oil,asset_price,a,0.1,24,0.07243689562529054,0.07149430851942436,0.31187597199613926,-0.045160777049272155,0.19003456829985324,285,True
INNOVATION,pooled,dxy,asset_price,a,0.1,0,-0.00803040051728093,0.007774426588749087,0.30248499145372965,-0.020818194289252828,0.004757393254690967,309,True
INNOVATION,pooled,dxy,asset_price,a,0.1,1,-0.009660193509111042,0.004544870050206584,0.03437712754204523,-0.01713583949521646,-0.0021845475230056234,308,True
INNOVATION,pooled,dxy,asset_price,a,0.1,2,0.0007616566062706998,0.004252247037168647,0.8579683617481347,-0.006232667355509801,0.007755980568051201,307,True
INNOVATION,pooled,dxy,asset_price,a,0.1,3,0.0008976954578302498,0.004802108817188283,0.851839251227602,-0.007001070647137543,0.008796461562798043,306,True
INNOVATION,pooled,dxy,asset_price,a,0.1,4,0.008667422976962089,0.005334425457126526,0.10528580472918146,-0.00010692608389474209,0.01744177203781892,305,True
INNOVATION,pooled,dxy,asset_price,a,0.1,5,0.00020077252391814682,0.006282349435797651,0.9745273760505844,-0.010132772731330154,0.010534317779166448,304,True
INNOVATION,pooled,dxy,asset_price,a,0.1,6,-0.003125098557532546,0.011350915784211423,0.7832695453743515,-0.021795693554413416,0.015545496439348326,303,True
INNOVATION,pooled,dxy,asset_price,a,0.1,7,-0.017483861733798567,0.006897449008547215,0.011779665401126443,-0.028829155752220288,-0.006138567715376844,302,True
INNOVATION,pooled,dxy,asset_price,a,0.1,8,-0.007918022638564379,0.012120419612265843,0.5140990594442573,-0.027854338797973607,0.01201829352084485,301,True
INNOVATION,pooled,dxy,asset_price,a,0.1,9,9.250334086333828e-05,0.0065799343904242545,0.9887931919431069,-0.010730525606328721,0.010915532288055398,300,True
INNOVATION,pooled,dxy,asset_price,a,0.1,10,-0.004036837955978492,0.0054168471481892575,0.45674225457617773,-0.01294675863431933,0.004873082722362346,299,True
INNOVATION,pooled,dxy,asset_price,a,0.1,11,0.0026666825719415116,0.0055515744057795914,0.6313503959644745,-0.006464844724696014,0.011798209868579037,298,True
INNOVATION,pooled,dxy,asset_price,a,0.1,12,0.00878605797859475,0.010718804786167362,0.41308472800589213,-0.008844806950517436,0.026416922907706936,297,True
INNOVATION,pooled,dxy,asset_price,a,0.1,13,-0.005590147118388206,0.004434741771648333,0.2085184248411829,-0.012884648206077164,0.001704353969300752,296,True
INNOVATION,pooled,dxy,asset_price,a,0.1,14,-0.006803552231359422,0.005452570902410078,0.21315423823395718,-0.0157722332563987,0.0021651287936798568,295,False
INNOVATION,pooled,dxy,asset_price,a,0.1,15,0.0033208661990749852,0.011137369517276988,0.7657920405254922,-0.014998476446116838,0.021640208844266807,294,True
INNOVATION,pooled,dxy,asset_price,a,0.1,16,0.008844389705164435,0.011310832078443385,0.4349130404112208,-0.009760273462902227,0.027449052873231097,293,True
INNOVATION,pooled,dxy,asset_price,a,0.1,17,0.0019913121042085535,0.005635082529675357,0.7240731765274169,-0.007277573832898834,0.011260198041315941,292,False
INNOVATION,pooled,dxy,asset_price,a,0.1,18,-0.008491303269721487,0.005942846681034633,0.15418046174644812,-0.018266416187437823,0.0012838096479948474,291,True
INNOVATION,pooled,dxy,asset_price,a,0.1,19,-0.011704079735719346,0.006568396127857377,0.075868539355815,-0.022508129929879557,-0.0009000295415591327,290,True
INNOVATION,pooled,dxy,asset_price,a,0.1,20,-0.005574358840336122,0.006195074818108709,0.3690113197717346,-0.015764350124137964,0.0046156324434657205,289,True
INNOVATION,pooled,dxy,asset_price,a,0.1,21,-0.0027899698628506137,0.005997812501193197,0.6421830809125278,-0.012655493509213125,0.007075553783511898,288,True
INNOVATION,pooled,dxy,asset_price,a,0.1,22,0.009501722414277654,0.006063790459357762,0.11828219063926672,-0.00047232531587069505,0.019475770144426002,287,True
INNOVATION,pooled,dxy,asset_price,a,0.1,23,-0.01067901019274392,0.01054553648592247,0.3121240256574178,-0.028024874129762577,0.006666853744274736,286,False
INNOVATION,pooled,dxy,asset_price,a,0.1,24,0.0024219780216730583,0.011126392669606092,0.8278433155512955,-0.015879309315814796,0.02072326535916091,285,True
INNOVATION,pooled,vix,asset_price,a,0.1,0,-1.402266672132214,0.5588243877735509,0.012632418732993814,-2.321450993190475,-0.4830823510739527,309,True
INNOVATION,pooled,vix,asset_price,a,0.1,1,-0.8477107827599184,0.9614028369714634,0.3786357894097739,-2.429077726113865,0.7336561605940282,308,True
INNOVATION,pooled,vix,asset_price,a,0.1,2,-0.6926498583999461,0.7505764818458266,0.3568583106357555,-1.9272383068685297,0.5419385900686375,307,True
INNOVATION,pooled,vix,asset_price,a,0.1,3,0.15496608860121341,0.8278065778531729,0.8516331702839087,-1.2066545633948642,1.516586740597291,306,False
INNOVATION,pooled,vix,asset_price,a,0.1,4,-0.9256957678565243,0.8457447250200756,0.27462627382025373,-2.316822046280871,0.4654305105678225,305,True
INNOVATION,pooled,vix,asset_price,a,0.1,5,0.20681618799824264,0.694655481622888,0.7661263607120056,-0.9357904004308866,1.3494227764273719,304,True
INNOVATION,pooled,vix,asset_price,a,0.1,6,0.6583050731648541,0.9455623038494131,0.4868600722398124,-0.8970065118304431,2.2136166581601513,303,True
INNOVATION,pooled,vix,asset_price,a,0.1,7,-0.5013415851617467,1.0570016609911541,0.6356415583653489,-2.239954600936777,1.2372714306132837,302,True
INNOVATION,pooled,vix,asset_price,a,0.1,8,0.1815392119002297,0.9502734160645573,0.8486301696727557,-1.3815214631091228,1.7445998869095822,301,True
INNOVATION,pooled,vix,asset_price,a,0.1,9,-3.143533945479305,0.9187224595456341,0.0007132742645238756,-4.654697915224719,-1.6323699757338916,300,True
INNOVATION,pooled,vix,asset_price,a,0.1,10,-0.1758696631641783,0.9063827033434204,0.8462869669340936,-1.6667365401646836,1.314997213836327,299,True
INNOVATION,pooled,vix,asset_price,a,0.1,11,1.565434771925979,0.8699751286691632,0.07301655553662406,0.1344530261769321,2.9964165176750255,298,True
INNOVATION,pooled,vix,asset_price,a,0.1,12,1.1130564444425772,1.0498147725415132,0.289939092072924,-0.6137351917995657,2.83984808068472,297,True
INNOVATION,pooled,vix,asset_price,a,0.1,13,0.9088307803013418,1.2025514794791639,0.4504286578545102,-1.0691903823158198,2.8868519429185033,296,True
INNOVATION,pooled,vix,asset_price,a,0.1,14,0.37953235754849857,1.220165568118717,0.7559933180987658,-1.6274614026528766,2.3865261177498738,295,True
INNOVATION,pooled,vix,asset_price,a,0.1,15,-0.7459121047092907,1.2828462455518577,0.5614043834233442,-2.8560064045263425,1.364182195107761,294,True
INNOVATION,pooled,vix,asset_price,a,0.1,16,-0.11467673512561305,1.3918540750824875,0.9343945929276143,-2.4040729587122294,2.1747194884610033,293,False
INNOVATION,pooled,vix,asset_price,a,0.1,17,-1.7073236280751303,1.202006033055257,0.15661319756196987,-3.684447611163621,0.2698003550133605,292,True
INNOVATION,pooled,vix,asset_price,a,0.1,18,-0.9151475006576675,1.0286371794246512,0.37441517446852385,-2.6071050960514373,0.7768100947361023,291,True
INNOVATION,pooled,vix,asset_price,a,0.1,19,-1.6411820617472586,1.0806765227488346,0.1299923023746531,-3.4187367597519844,0.13637263625746732,290,True
INNOVATION,pooled,vix,asset_price,a,0.1,20,-1.0899376217275858,1.0512806548572051,0.3007532255336421,-2.8191404198133787,0.6392651763582069,289,False
INNOVATION,pooled,vix,asset_price,a,0.1,21,-1.5663699743033703,1.0437761826006766,0.1345907751617438,-3.283229013979655,0.15048906537291473,288,True
INNOVATION,pooled,vix,asset_price,a,0.1,22,-1.5785602335219977,1.101442918257148,0.1529520853640649,-3.3902726124972813,0.2331521454532859,287,True
INNOVATION,pooled,vix,asset_price,a,0.1,23,-1.3611213286184238,1.1875493660100525,0.2527363698182702,-3.31446621048398,0.5922235532471323,286,True
INNOVATION,pooled,vix,asset_price,a,0.1,24,-1.7469069460234152,1.1162055971508902,0.11874035474525044,-3.582901770920591,0.08908787887376035,285,True
INNOVATION,pooled,us10y,asset_price,a,0.1,0,-0.010194377339791838,0.15843593265193762,0.9487400200371185,-0.2707982958017706,0.25040954112218694,309,True
INNOVATION,pooled,us10y,asset_price,a,0.1,1,-0.08530122305981358,0.09178718888311006,0.35347690536489257,-0.23627771360187702,0.06567526748224986,308,True
INNOVATION,pooled,us10y,asset_price,a,0.1,2,-0.004586123535789355,0.09555095495963002,0.9617516299535505,-0.16175345835981356,0.15258121128823485,307,True
INNOVATION,pooled,us10y,asset_price,a,0.1,3,-0.0028709728773601007,0.07301522570721042,0.9686619757671815,-0.12297033170454554,0.11722838594982533,306,True
INNOVATION,pooled,us10y,asset_price,a,0.1,4,-0.12037483138544469,0.0718037171187864,0.09472539622469395,-0.238481435916878,-0.0022682268540113737,305,True
INNOVATION,pooled,us10y,asset_price,a,0.1,5,-0.0885830123141218,0.08327634358453202,0.28833885055883274,-0.22556040809839625,0.04839438347015265,304,True
INNOVATION,pooled,us10y,asset_price,a,0.1,6,-0.05567921999294101,0.07076894421714915,0.4320584178634707,-0.1720837745640452,0.060725334578163176,303,True
INNOVATION,pooled,us10y,asset_price,a,0.1,7,-0.021774738868181154,0.0889172289033364,0.8067177505326021,-0.16803056532830832,0.12448108759194601,302,True
INNOVATION,pooled,us10y,asset_price,a,0.1,8,-0.15634664085093775,0.08976784994449181,0.08263630226219208,-0.3040016144157706,-0.008691667286104876,301,True
INNOVATION,pooled,us10y,asset_price,a,0.1,9,-0.11702370566764286,0.10132467220877027,0.24907989295084595,-0.28368796024990767,0.04964054891462194,300,True
INNOVATION,pooled,us10y,asset_price,a,0.1,10,0.12901016958903075,0.18444837733127192,0.4848489179435542,-0.1743804128496256,0.43240075202768713,299,True
INNOVATION,pooled,us10y,asset_price,a,0.1,11,-0.11771615742370223,0.0934835697844583,0.2089857054441612,-0.27148294624403957,0.036050631396635086,298,True
INNOVATION,pooled,us10y,asset_price,a,0.1,12,0.004366135024862494,0.09036452865746616,0.9614977565318431,-0.14427028768513098,0.15300255773485597,297,True
INNOVATION,pooled,us10y,asset_price,a,0.1,13,-0.17569225687852885,0.09120903171742932,0.05507698598408287,-0.3257177635096743,-0.02566675024738338,296,True
INNOVATION,pooled,us10y,asset_price,a,0.1,14,0.007119931713789274,0.18797752651860533,0.9698130402497427,-0.30207558456570527,0.3163154479932838,295,True
INNOVATION,pooled,us10y,asset_price,a,0.1,15,0.003644147596089553,0.11297129481754985,0.9742898523002473,-0.18217709642596136,0.18946539161814047,294,True
INNOVATION,pooled,us10y,asset_price,a,0.1,16,0.007266012044869097,0.09585557902009251,0.9396312200444428,-0.1504023847698635,0.1649344088596017,293,True
INNOVATION,pooled,us10y,asset_price,a,0.1,17,0.17501999163605203,0.0918835195225294,0.057837628840419035,0.023885051292353132,0.32615493197975093,292,True
INNOVATION,pooled,us10y,asset_price,a,0.1,18,0.11703232292047616,0.09903751267256794,0.23833947323982002,-0.04586988900324959,0.27993453484420194,291,True
INNOVATION,pooled,us10y,asset_price,a,0.1,19,-0.09977157564700836,0.1686630204333854,0.554640260300873,-0.37719755653945264,0.17765440524543588,290,True
INNOVATION,pooled,us10y,asset_price,a,0.1,20,-0.2582215355581273,0.08064142835954788,0.0015245917264619649,-0.39086488147787696,-0.1255781896383777,289,False
INNOVATION,pooled,us10y,asset_price,a,0.1,21,0.11725252116747598,0.09254879819397066,0.20625740671575482,-0.03497670521187651,0.26948174754682847,288,True
INNOVATION,pooled,us10y,asset_price,a,0.1,22,-0.23676371433121712,0.09130002212562288,0.010020119336503798,-0.3869388868652976,-0.08658854179713665,287,True
INNOVATION,pooled,us10y,asset_price,a,0.1,23,-0.13997867215065296,0.16251584492073795,0.38981869543476205,-0.40729344910561177,0.12733610480430585,286,True
INNOVATION,pooled,us10y,asset_price,a,0.1,24,0.2867276899929436,0.16330153630841202,0.08024927393164663,0.018120565709304592,0.5553348142765826,285,False
INNOVATION,pooled,ip,real_macro,a,0.1,0,-0.09086978703691118,0.1873765251285732,0.6280658933285825,-0.3990767440002085,0.21733716992638613,309,True
INNOVATION,pooled,ip,real_macro,a,0.1,1,-0.2839015117652204,0.22861154676316586,0.21528125081304939,-0.6599340436215999,0.09213102009115909,308,True
INNOVATION,pooled,ip,real_macro,a,0.1,2,-0.25395650953354343,0.2539194152691509,0.3180650696622732,-0.6716167806924034,0.16370376162531647,307,True
INNOVATION,pooled,ip,real_macro,a,0.1,3,0.2733468925285081,0.20659357081483926,0.1868325277562749,-0.06646929173113608,0.6131630767881522,306,True
INNOVATION,pooled,ip,real_macro,a,0.1,4,0.17358843794489331,0.1891194191181018,0.3594431815532422,-0.137485324518472,0.48466220040825864,305,True
INNOVATION,pooled,ip,real_macro,a,0.1,5,0.08576990012770613,0.19869578463592238,0.6663060730957976,-0.2410555818906594,0.41259538214607167,304,True
INNOVATION,pooled,ip,real_macro,a,0.1,6,0.4028758001530832,0.18776452483126904,0.032734371794932646,0.09403064047155058,0.7117209598346159,303,True
INNOVATION,pooled,ip,real_macro,a,0.1,7,0.344211609413696,0.14325570422628248,0.016903780972597152,0.10857694473560792,0.579846274091784,302,True
INNOVATION,pooled,ip,real_macro,a,0.1,8,-0.5136484318491803,0.19880189845305687,0.010268632113898227,-0.8406484555645292,-0.18664840813383143,301,True
INNOVATION,pooled,ip,real_macro,a,0.1,9,-0.16225462737156704,0.22635418931043144,0.47407172179517254,-0.5345741366344903,0.21006488189135625,300,False
INNOVATION,pooled,ip,real_macro,a,0.1,10,0.0719901501504463,0.21701523757885832,0.7403380516602543,-0.2849681504848742,0.4289484507857668,299,True
INNOVATION,pooled,ip,real_macro,a,0.1,11,0.36536009296475314,0.23600269697103246,0.12270741217523785,-0.022829799118378846,0.7535499850478851,298,True
INNOVATION,pooled,ip,real_macro,a,0.1,12,0.21464604709792123,0.41857698216599665,0.6084916400267043,-0.4738518201762201,0.9031439143720625,297,True
INNOVATION,pooled,ip,real_macro,a,0.1,13,0.3887487399338099,0.18894320836254638,0.040558398056716856,0.07796481837082775,0.699532661496792,296,True
INNOVATION,pooled,ip,real_macro,a,0.1,14,-0.30357373241050034,0.2547345174630117,0.23437424695338518,-0.7225747273692682,0.11542726254826757,295,True
INNOVATION,pooled,ip,real_macro,a,0.1,15,0.1482316200268805,0.21271934673402174,0.48648025257257854,-0.20166056897132295,0.49812380902508396,294,True
INNOVATION,pooled,ip,real_macro,a,0.1,16,-0.15413001159442885,0.22891230159463336,0.5013044763111869,-0.5306572411261707,0.2223972179373131,293,True
INNOVATION,pooled,ip,real_macro,a,0.1,17,0.20565511834229833,0.20576962119597286,0.31844900886650207,-0.13280578939832816,0.5441160260829248,292,False
INNOVATION,pooled,ip,real_macro,a,0.1,18,-0.0613586821853479,0.3897602323347292,0.8750232327596671,-0.7024572139825757,0.5797398496118799,291,True
INNOVATION,pooled,ip,real_macro,a,0.1,19,0.05330573664209659,0.2509571938792395,0.8319442231021232,-0.3594821139197343,0.46609358720392746,290,True
INNOVATION,pooled,ip,real_macro,a,0.1,20,0.09772885199145243,0.18789989691659187,0.6034044704377826,-0.21133897495561144,0.4067966789385163,289,True
INNOVATION,pooled,ip,real_macro,a,0.1,21,0.03394814028251236,0.1985172096793851,0.8643432576470912,-0.2925836120709101,0.36047989263593483,288,True
INNOVATION,pooled,ip,real_macro,a,0.1,22,0.16462701108534317,0.1723834410908556,0.3404201423909788,-0.11891851721932611,0.44817253939001245,287,True
INNOVATION,pooled,ip,real_macro,a,0.1,23,0.0906765329244763,0.207060946148474,0.6617904198488281,-0.24990841534784464,0.43126148119679725,286,False
INNOVATION,pooled,ip,real_macro,a,0.1,24,0.19488277725458159,0.2561529771974419,0.4474342820495975,-0.22645137634304846,0.6162169308522116,285,True
INNOVATION,pooled,cpi,real_macro,a,0.1,0,-0.1330213906725826,0.17712945385599954,0.4532608977726515,-0.4243734152875569,0.1583306339423917,309,True
INNOVATION,pooled,cpi,real_macro,a,0.1,1,0.044677128813848555,0.1652880364473194,0.7871201683329311,-0.22719749742821188,0.316551755055909,308,True
INNOVATION,pooled,cpi,real_macro,a,0.1,2,-0.18630949267045552,0.11958716751903778,0.12032719312562856,-0.3830128789009981,0.010393893560087075,307,True
INNOVATION,pooled,cpi,real_macro,a,0.1,3,-0.09992997461991404,0.0813212447136406,0.2201249940795167,-0.23369151893535403,0.03383156969552595,306,True
INNOVATION,pooled,cpi,real_macro,a,0.1,4,-0.02818078737690044,0.09194968893048318,0.7594579887927924,-0.17942456671126533,0.12306299195746445,305,True
INNOVATION,pooled,cpi,real_macro,a,0.1,5,0.03997651903200872,0.075940321009057,0.5989986592652656,-0.08493419341159776,0.16488723147561518,304,True
INNOVATION,pooled,cpi,real_macro,a,0.1,6,0.16353482918990303,0.09336214677737964,0.08090023541611548,0.00996776344315442,0.31710189493665164,303,True
INNOVATION,pooled,cpi,real_macro,a,0.1,7,0.025482399022592972,0.10936042017667373,0.8159168321615446,-0.15439948474994578,0.20536428279513172,302,True
INNOVATION,pooled,cpi,real_macro,a,0.1,8,0.18469070438341795,0.17379431998490652,0.2888127377830635,-0.10117551318732027,0.47055692195415616,301,True
INNOVATION,pooled,cpi,real_macro,a,0.1,9,-0.07524743102358977,0.10086145367739126,0.45625150687379745,-0.24114975892444468,0.09065489687726513,300,True
INNOVATION,pooled,cpi,real_macro,a,0.1,10,0.20188208436340152,0.18736350904169954,0.2821731117395217,-0.10630346304219293,0.5100676317689959,299,True
INNOVATION,pooled,cpi,real_macro,a,0.1,11,0.0958786423634248,0.19409945904226783,0.621711616369787,-0.22338655683156816,0.41514384155841777,298,True
INNOVATION,pooled,cpi,real_macro,a,0.1,12,0.1757563620352871,0.10718194574323255,0.10215896584694967,-0.0005422501641848543,0.35205497423475907,297,True
INNOVATION,pooled,cpi,real_macro,a,0.1,13,-0.02518096639342815,0.09290910950808179,0.7865678058717509,-0.178002852144628,0.1276409193577717,296,True
INNOVATION,pooled,cpi,real_macro,a,0.1,14,0.01518999020363676,0.10874079866956586,0.8890050832592631,-0.16367270688559846,0.19405268729287198,295,True
INNOVATION,pooled,cpi,real_macro,a,0.1,15,0.20067632004523772,0.09172717563094848,0.02951438522584612,0.049798542518657424,0.351554097571818,294,True
INNOVATION,pooled,cpi,real_macro,a,0.1,16,-0.010355144187887327,0.08404571297423777,0.9020307226467483,-0.14859804000328472,0.12788775162751007,293,True
INNOVATION,pooled,cpi,real_macro,a,0.1,17,-0.13469916254619352,0.1050983904250953,0.20103399329829402,-0.3075706312236734,0.03817230613128636,292,True
INNOVATION,pooled,cpi,real_macro,a,0.1,18,-0.10632045769720877,0.20840699671220775,0.6103471655747952,-0.44911946212134723,0.2364785467269297,291,True
INNOVATION,pooled,cpi,real_macro,a,0.1,19,-0.03741493250799137,0.1042961529013329,0.7200657921300827,-0.2089668378848341,0.13413697286885135,290,True
INNOVATION,pooled,cpi,real_macro,a,0.1,20,0.09305805740484274,0.20865724621391543,0.6559588242195051,-0.2501525708198224,0.4362686856295079,289,False
INNOVATION,pooled,cpi,real_macro,a,0.1,21,0.16085314526197725,0.08204943350927664,0.05095728128317189,0.025893836964929917,0.2958124535590246,288,True
INNOVATION,pooled,cpi,real_macro,a,0.1,22,0.1439274812223843,0.09613634186961477,0.13551771508806346,-0.014202729383698237,0.30205769182846687,287,True
INNOVATION,pooled,cpi,real_macro,a,0.1,23,0.028202076171261137,0.09364432786395391,0.7635213596065903,-0.12582913615919625,0.18223328850171852,286,True
INNOVATION,pooled,cpi,real_macro,a,0.1,24,-0.03718849385116524,0.1832883241799442,0.8393684601638682,-0.3386709586564037,0.2642939709540732,285,True
INNOVATION,pooled,infl_exp,real_macro,a,0.1,0,-0.3363870403883715,0.2369211905336219,0.15671401612659389,-0.7260877199392604,0.053313639162517246,309,True
INNOVATION,pooled,infl_exp,real_macro,a,0.1,1,-0.14298201881902095,0.11852166842495371,0.22864135177965472,-0.3379328150001458,0.051968777362103924,308,True
INNOVATION,pooled,infl_exp,real_macro,a,0.1,2,-0.17032011046241236,0.08214246006576452,0.039001972915608384,-0.3054324338283016,-0.03520778709652311,307,True
INNOVATION,pooled,infl_exp,real_macro,a,0.1,3,-0.28799949292181104,0.11500965715070811,0.012820555300488328,-0.4771735446205986,-0.09882544122302347,306,True
INNOVATION,pooled,infl_exp,real_macro,a,0.1,4,-0.09149441256190194,0.10869495109565122,0.4006168653019464,-0.27028169710289673,0.08729287197909286,305,True
INNOVATION,pooled,infl_exp,real_macro,a,0.1,5,-0.06595181611987755,0.13921191306144715,0.6360337672012931,-0.2949350362338519,0.16303140399409682,304,False
INNOVATION,pooled,infl_exp,real_macro,a,0.1,6,0.2138799522943139,0.1328802820879774,0.10858376428766192,-0.004688661648430459,0.43244856623705824,303,True
INNOVATION,pooled,infl_exp,real_macro,a,0.1,7,0.1299155740221094,0.12487377338607748,0.29903822927139995,-0.07548350504309637,0.3353146530873152,302,True
INNOVATION,pooled,infl_exp,real_macro,a,0.1,8,0.0677322822400479,0.10539530311099755,0.5209643419954924,-0.1056275643457262,0.241092128825822,301,True
INNOVATION,pooled,infl_exp,real_macro,a,0.1,9,0.027702614517219448,0.13490217305354113,0.8374421403295395,-0.19419171411353284,0.24959694314797173,300,True
INNOVATION,pooled,infl_exp,real_macro,a,0.1,10,0.12582289287788312,0.2711833870079674,0.6430183079624813,-0.3202340848111568,0.571879870566923,299,True
INNOVATION,pooled,infl_exp,real_macro,a,0.1,11,0.11162523689210757,0.16815384910164458,0.5073389214748151,-0.16496323168858307,0.3882137054727982,298,True
INNOVATION,pooled,infl_exp,real_macro,a,0.1,12,-0.09452136868995575,0.12269534616525803,0.44172038410821907,-0.2963372538399468,0.10729451646003532,297,True
INNOVATION,pooled,infl_exp,real_macro,a,0.1,13,-0.2208065724032604,0.12941264843458442,0.08906790063176084,-0.4336714365542823,-0.007941708252238472,296,True
INNOVATION,pooled,infl_exp,real_macro,a,0.1,14,-0.13228204048541414,0.12386576869312277,0.2864611493535399,-0.33602309937542924,0.07145901840460095,295,True
INNOVATION,pooled,infl_exp,real_macro,a,0.1,15,-0.3245245256805367,0.126699004547438,0.010949792132654639,-0.5329258428415311,-0.11612320851954225,294,True
INNOVATION,pooled,infl_exp,real_macro,a,0.1,16,-0.09518565561607772,0.12128125971435975,0.43321680300017507,-0.29467557553848583,0.10430426430633039,293,True
INNOVATION,pooled,infl_exp,real_macro,a,0.1,17,0.4012546130818784,0.10412602815911089,0.00014462591734349246,0.2299825380043137,0.5725266881594431,292,True
INNOVATION,pooled,infl_exp,real_macro,a,0.1,18,-0.15318085148067695,0.2383876953157114,0.5210344494841529,-0.5452937167413273,0.23893201377997342,291,False
INNOVATION,pooled,infl_exp,real_macro,a,0.1,19,0.010148168344628838,0.2386752789179997,0.966115928464193,-0.3824377298472972,0.40273406653655486,290,True
INNOVATION,pooled,infl_exp,real_macro,a,0.1,20,-0.10849112925206938,0.12776105556346365,0.396524121503049,-0.31863936487878114,0.10165710637464237,289,True
INNOVATION,pooled,infl_exp,real_macro,a,0.1,21,-0.1422234940133238,0.11346023561472769,0.2110888299496063,-0.32884897407897723,0.044401986052329645,288,True
INNOVATION,pooled,infl_exp,real_macro,a,0.1,22,0.23741726627365267,0.11523004084027644,0.04031007830584738,0.047880715663757706,0.4269538168835476,287,True
INNOVATION,pooled,infl_exp,real_macro,a,0.1,23,-0.09814297341598888,0.12938831817854013,0.4487995084941135,-0.3109678178571117,0.11468187102513397,286,False
INNOVATION,pooled,infl_exp,real_macro,a,0.1,24,0.0629036099952599,0.2291660220436587,0.7839177890335253,-0.31404095253729314,0.43984817252781294,285,True
INNOVATION,pooled,freight,physical_channel,a,0.1,0,-0.030207745888586435,0.008331997071076529,0.00033961199528049097,-0.043912661490695705,-0.016502830286477164,309,True
INNOVATION,pooled,freight,physical_channel,a,0.1,1,-0.00851654143845566,0.01618695817512501,0.5991903735771185,-0.035141718302121816,0.018108635425210497,308,True
INNOVATION,pooled,freight,physical_channel,a,0.1,2,0.00012694202294999402,0.014874062723606434,0.9931963804550965,-0.02433871399547774,0.024592598041377728,307,True
INNOVATION,pooled,freight,physical_channel,a,0.1,3,0.01674304635160334,0.015999634395716666,0.296212172548635,-0.009574010314088742,0.043060103017295424,306,True
INNOVATION,pooled,freight,physical_channel,a,0.1,4,-0.014352721506244448,0.009928144893361164,0.14934867862570533,-0.030683066642989296,0.0019776236305003997,305,True
INNOVATION,pooled,freight,physical_channel,a,0.1,5,0.010650813995005858,0.01742533558158216,0.5415289361480348,-0.018011312437206103,0.03931294042721782,304,True
INNOVATION,pooled,freight,physical_channel,a,0.1,6,0.008588400854205674,0.008297738621856322,0.30152062019099746,-0.0050601646134500085,0.022236966321861357,303,True
INNOVATION,pooled,freight,physical_channel,a,0.1,7,-0.00404127055607434,0.007282658605383496,0.5793821940110763,-0.016020177976988733,0.007937636864840055,302,True
INNOVATION,pooled,freight,physical_channel,a,0.1,8,0.009089739292288252,0.00811830066733803,0.26379467507697274,-0.004263677005065265,0.02244315558964177,301,True
INNOVATION,pooled,freight,physical_channel,a,0.1,9,0.0031743437020732568,0.008005580624828656,0.6920198292513718,-0.009993664624528591,0.016342352028675105,300,True
INNOVATION,pooled,freight,physical_channel,a,0.1,10,-0.014562891830476377,0.00983146159051657,0.1396436170228749,-0.030734207085871646,0.001608423424918893,299,True
INNOVATION,pooled,freight,physical_channel,a,0.1,11,0.023476602324092724,0.009309905580012084,0.012226774602580693,0.008163170364234099,0.03879003428395135,298,True
INNOVATION,pooled,freight,physical_channel,a,0.1,12,-0.005239920279845212,0.007604817250798763,0.4913711264843618,-0.01774873151712468,0.007268890957434257,297,True
INNOVATION,pooled,freight,physical_channel,a,0.1,13,0.003323981727884076,0.01010913893902467,0.7425436684384319,-0.013304072121327011,0.019952035577095163,296,True
INNOVATION,pooled,freight,physical_channel,a,0.1,14,-0.0010778898784297997,0.007438871237020256,0.8848939730636405,-0.013313744213067554,0.011157964456207954,295,True
INNOVATION,pooled,freight,physical_channel,a,0.1,15,0.0023053088983091127,0.00905850951400298,0.7993030787716302,-0.012594613330573108,0.017205231127191332,294,True
INNOVATION,pooled,freight,physical_channel,a,0.1,16,-0.017178465419620065,0.010887438117324691,0.11573906880980854,-0.035086707495111294,0.0007297766558711609,293,True
INNOVATION,pooled,freight,physical_channel,a,0.1,17,-0.015947954779561055,0.009839630335884397,0.1061967790227454,-0.03213270642540224,0.00023679686628012842,292,True
INNOVATION,pooled,freight,physical_channel,a,0.1,18,-0.02159207869764993,0.01003208409915621,0.032237476536898166,-0.038093388614029215,-0.005090768781270648,291,True
INNOVATION,pooled,freight,physical_channel,a,0.1,19,-0.002007063148401489,0.008348718473618117,0.8101957455748713,-0.015739483010129007,0.01172535671332603,290,True
INNOVATION,pooled,freight,physical_channel,a,0.1,20,-0.0179976557669686,0.011105572208622416,0.10625017153772438,-0.036264696493692655,0.0002693849597554497,289,True
INNOVATION,pooled,freight,physical_channel,a,0.1,21,0.022060804442679403,0.00658853330238612,0.0009268544095089079,0.011223631543959034,0.03289797734139977,288,True
INNOVATION,pooled,freight,physical_channel,a,0.1,22,-0.0006380326765419199,0.00929018922514088,0.9452961147095713,-0.015919034118580387,0.014642968765496546,287,True
INNOVATION,pooled,freight,physical_channel,a,0.1,23,0.00769185164549405,0.009741877176666938,0.43046921001121674,-0.008332110361862329,0.02371581365285043,286,True
INNOVATION,pooled,freight,physical_channel,a,0.1,24,-0.011044322543938195,0.010487361135639115,0.2932296141653463,-0.028294496545044102,0.006205851457167712,285,True
INNOVATION,pooled,oil,asset_price,a,0.25,0,-0.012740938585796772,0.036776773100118475,0.7292591764017362,-0.07323334720709798,0.04775147003550444,309,True
INNOVATION,pooled,oil,asset_price,a,0.25,1,-0.010229737805171668,0.031306084974808246,0.7440780232587111,-0.061723665221636,0.04126418961129266,308,True
INNOVATION,pooled,oil,asset_price,a,0.25,2,0.021638285005428214,0.030045962294457978,0.47199271533773446,-0.027782925049858166,0.0710594950607146,307,True
INNOVATION,pooled,oil,asset_price,a,0.25,3,-0.005159075624872778,0.030492693437154498,0.8657639064221793,-0.055315093020495705,0.04499694177075015,306,True
INNOVATION,pooled,oil,asset_price,a,0.25,4,-0.008285170993809543,0.030008363393136207,0.7826707707381785,-0.05764453635988742,0.041074194372268336,305,True
INNOVATION,pooled,oil,asset_price,a,0.25,5,-0.04101933735394414,0.02796229405985547,0.14347275838379234,-0.08701321815618102,0.004974543448292734,304,True
INNOVATION,pooled,oil,asset_price,a,0.25,6,-0.03836968079221345,0.03301854106638139,0.2461679600043053,-0.09268034782189702,0.01594098623747011,303,True
INNOVATION,pooled,oil,asset_price,a,0.25,7,-0.031898245597551986,0.045532604664386696,0.4841442610144118,-0.10679271552431596,0.04299622432921199,302,True
INNOVATION,pooled,oil,asset_price,a,0.25,8,-0.023518720377146328,0.03468270089728761,0.4982476766484555,-0.08056668674052293,0.03352924598623028,301,True
INNOVATION,pooled,oil,asset_price,a,0.25,9,0.026566052867086902,0.03456499176377982,0.44277529405436067,-0.030288299201114102,0.0834204049352879,300,True
INNOVATION,pooled,oil,asset_price,a,0.25,10,0.05677203301551914,0.03987462427445116,0.1556088249004629,-0.008815887345639067,0.12235995337667735,299,True
INNOVATION,pooled,oil,asset_price,a,0.25,11,-0.01887411223138269,0.032975070655008466,0.5675206359714775,-0.07311327679725442,0.03536505233448904,298,True
INNOVATION,pooled,oil,asset_price,a,0.25,12,-0.01148986320855272,0.0460944463349366,0.8033344235262316,-0.08730848044489317,0.06432875402778773,297,False
INNOVATION,pooled,oil,asset_price,a,0.25,13,0.02647942031681705,0.045929492084329115,0.5647214339934403,-0.04906787132213063,0.10202671195576472,296,True
INNOVATION,pooled,oil,asset_price,a,0.25,14,-0.008023222030573152,0.03473833521062733,0.8175126951629987,-0.06516269869602956,0.04911625463488325,295,True
INNOVATION,pooled,oil,asset_price,a,0.25,15,0.010695629967883313,0.029392383395521613,0.7162138668424316,-0.03765053846498864,0.05904179840075527,294,True
INNOVATION,pooled,oil,asset_price,a,0.25,16,-0.01881874021497043,0.030580901093514804,0.5388083310863887,-0.0691198462940825,0.03148236586414164,293,True
INNOVATION,pooled,oil,asset_price,a,0.25,17,-0.048509396227841686,0.043190193831326926,0.26233955453668784,-0.11955094320003688,0.02253215074435351,292,True
INNOVATION,pooled,oil,asset_price,a,0.25,18,-0.064320111883866,0.040644811355548066,0.11467823672548634,-0.13117487725879762,0.0025346534910656304,291,True
INNOVATION,pooled,oil,asset_price,a,0.25,19,0.08860003187447774,0.02985827228305947,0.003267027377505129,0.039487544415182756,0.1377125193337727,290,True
INNOVATION,pooled,oil,asset_price,a,0.25,20,0.02635146096125629,0.03297457364915702,0.4248960969224528,-0.027886886102738075,0.08058980802525065,289,True
INNOVATION,pooled,oil,asset_price,a,0.25,21,0.01188244809897676,0.033686689011630216,0.724558886574919,-0.0435272245017895,0.06729212069974302,288,True
INNOVATION,pooled,oil,asset_price,a,0.25,22,-0.0018100395129496683,0.030412450174290128,0.9525843474698662,-0.05183406848661172,0.048213989460712384,287,True
INNOVATION,pooled,oil,asset_price,a,0.25,23,-0.025494114015431002,0.0424929179912381,0.5490313918827953,-0.09538874429307045,0.04440051626220845,286,True
INNOVATION,pooled,oil,asset_price,a,0.25,24,0.029401610636812903,0.043585037607389396,0.5005174713670009,-0.04228939655251786,0.10109261782614366,285,True
INNOVATION,pooled,dxy,asset_price,a,0.25,0,-0.010260078731163726,0.005826894053979745,0.0793059188901719,-0.01984446654971428,-0.0006756909126131739,309,True
INNOVATION,pooled,dxy,asset_price,a,0.25,1,0.0035326477039185067,0.004690143638627474,0.4519284225786466,-0.004181952071001268,0.011247247478838282,308,True
INNOVATION,pooled,dxy,asset_price,a,0.25,2,-0.0005080539797753247,0.004626658058340739,0.9126351189960861,-0.008118229267701345,0.007102121308150696,307,True
INNOVATION,pooled,dxy,asset_price,a,0.25,3,-0.007055021620570978,0.004293821355389588,0.1014461032089166,-0.014117729250465227,7.686009323271993e-06,306,True
INNOVATION,pooled,dxy,asset_price,a,0.25,4,0.0051253578533007466,0.006182180270981988,0.4077536727163346,-0.0050434237878918126,0.015294139494493306,305,True
INNOVATION,pooled,dxy,asset_price,a,0.25,5,-0.00175270968962574,0.004720630732062261,0.7106947456080871,-0.009517456270756933,0.006012036891505453,304,True
INNOVATION,pooled,dxy,asset_price,a,0.25,6,-0.009343516179565386,0.005682597325092959,0.10121532184767557,-0.018690557000249276,3.5246411185015786e-06,303,True
INNOVATION,pooled,dxy,asset_price,a,0.25,7,-0.013130671524714067,0.004249188605872236,0.002196117922849716,-0.020119964814683883,-0.00614137823474425,302,True
INNOVATION,pooled,dxy,asset_price,a,0.25,8,-0.008953180226302662,0.006340232216339208,0.15899743734201544,-0.01938193418306278,0.0014755737304574558,301,True
INNOVATION,pooled,dxy,asset_price,a,0.25,9,-0.010946078294623681,0.004909576124081405,0.02655469773520991,-0.019021612389113332,-0.002870544200134032,300,True
INNOVATION,pooled,dxy,asset_price,a,0.25,10,0.001291106231156136,0.004803484713084582,0.7882893484833089,-0.00660992302116699,0.009192135483479262,299,True
INNOVATION,pooled,dxy,asset_price,a,0.25,11,-0.0033519013657714453,0.004571242785240036,0.46400577124964304,-0.010870926640749269,0.004167123909206378,298,True
INNOVATION,pooled,dxy,asset_price,a,0.25,12,0.007710344397723095,0.005916012416104114,0.19353137070385668,-0.002020630081995699,0.017441318877441887,297,True
INNOVATION,pooled,dxy,asset_price,a,0.25,13,-0.006038253403810909,0.004440783558802647,0.1750024763456004,-0.013342692347013909,0.0012661855393920913,296,True
INNOVATION,pooled,dxy,asset_price,a,0.25,14,-0.010145351560096511,0.006458454270497854,0.11733960090749138,-0.02076856349142513,0.00047786037123210764,295,True
INNOVATION,pooled,dxy,asset_price,a,0.25,15,-0.0020231717206390318,0.0067344336678817375,0.7640782527904868,-0.013100329364718414,0.00905398592344035,294,True
INNOVATION,pooled,dxy,asset_price,a,0.25,16,0.0010470146363571776,0.006677861590614589,0.8755246106452355,-0.009937090221245155,0.01203111949395951,293,True
INNOVATION,pooled,dxy,asset_price,a,0.25,17,0.001451715872011223,0.00490985973451002,0.7677000909233842,-0.006624284720120575,0.009527716464143021,292,True
INNOVATION,pooled,dxy,asset_price,a,0.25,18,-0.014143796201750668,0.005251968847378363,0.007511889007348389,-0.022782516208997114,-0.005505076194504225,291,True
INNOVATION,pooled,dxy,asset_price,a,0.25,19,-0.009378160350404065,0.0076558937489853785,0.22163484962043983,-0.021970984950977768,0.0032146642501696392,290,True
INNOVATION,pooled,dxy,asset_price,a,0.25,20,-0.002348713647723771,0.005779795519784597,0.6847895871055869,-0.011855631271479336,0.007158203976031794,289,True
INNOVATION,pooled,dxy,asset_price,a,0.25,21,-0.005975656225383909,0.00535414609242491,0.2653656401168148,-0.014782442844737075,0.0028311303939692577,288,True
INNOVATION,pooled,dxy,asset_price,a,0.25,22,0.0027843095486883504,0.005076036366063577,0.5837829027427781,-0.0055650272785688955,0.011133646375945596,287,True
INNOVATION,pooled,dxy,asset_price,a,0.25,23,-0.010787659580112647,0.006858680634878256,0.1169165493313535,-0.02206918529849397,0.0004938661382686785,286,True
INNOVATION,pooled,dxy,asset_price,a,0.25,24,-0.0023264095277797762,0.006871825549673742,0.7352160534527883,-0.013629556706938425,0.008976737651378873,285,True
INNOVATION,pooled,vix,asset_price,a,0.25,0,-1.4560531499603258,0.7727834802682229,0.06052558307455384,-2.7271688603276933,-0.18493743959295794,309,True
INNOVATION,pooled,vix,asset_price,a,0.25,1,-2.1175173934135785,0.82411932158906,0.010679611448628522,-3.4730730485701304,-0.7619617382570265,308,True
INNOVATION,pooled,vix,asset_price,a,0.25,2,-0.08598536740876739,0.8255165130156181,0.917114053858266,-1.4438391979508391,1.2718684631333044,307,True
INNOVATION,pooled,vix,asset_price,a,0.25,3,-0.7981346279808399,0.9221561116896168,0.3874698849455156,-2.314946452908973,0.7186771969472932,306,True
INNOVATION,pooled,vix,asset_price,a,0.25,4,-1.7041053308028324,1.000967934042583,0.0897375186958575,-3.350551067574897,-0.05765959403076781,305,True
INNOVATION,pooled,vix,asset_price,a,0.25,5,-0.417872083177798,0.9092679935196444,0.6461693829102476,-1.9134848401894728,1.0777406738338768,304,True
INNOVATION,pooled,vix,asset_price,a,0.25,6,0.3043601730045129,1.0508595867433859,0.7723072028504251,-1.4241500296670706,2.0328703756760964,303,True
INNOVATION,pooled,vix,asset_price,a,0.25,7,-0.45502807068614004,1.0658226904938302,0.6697517569385558,-2.208150388832093,1.298094247459813,302,True
INNOVATION,pooled,vix,asset_price,a,0.25,8,0.3883316029754127,1.0430571247146185,0.709943235968786,-1.3273446917290017,2.104007897679827,301,True
INNOVATION,pooled,vix,asset_price,a,0.25,9,-0.06315672036240016,1.0351769446816361,0.951393414820536,-1.7658712723585328,1.6395578316337325,300,True
INNOVATION,pooled,vix,asset_price,a,0.25,10,-0.07379848360980645,1.086748079762547,0.9459067836561885,-1.8613400041897799,1.713743036970167,299,True
INNOVATION,pooled,vix,asset_price,a,0.25,11,0.7133533818453088,1.1349883132395493,0.5301739518980226,-1.1535362617342975,2.580243025424915,298,True
INNOVATION,pooled,vix,asset_price,a,0.25,12,-0.001861890965301427,1.3451466349001795,0.9988965799128317,-2.214431212162429,2.2107074302318264,297,False
INNOVATION,pooled,vix,asset_price,a,0.25,13,1.422012318195776,1.2895808887845925,0.2711004936777278,-0.699159483968864,3.543184120360416,296,True
INNOVATION,pooled,vix,asset_price,a,0.25,14,-0.09071106441774646,1.3360188643816688,0.945916275629126,-2.2882665391715213,2.1068444103360284,295,True
INNOVATION,pooled,vix,asset_price,a,0.25,15,-1.3168186226514393,1.395438106582804,0.34615713104074636,-3.6121100534504595,0.9784728081475809,294,True
INNOVATION,pooled,vix,asset_price,a,0.25,16,-0.9730992454018406,1.343487610933238,0.46948340346978457,-3.1829397150097454,1.2367412242060642,293,True
INNOVATION,pooled,vix,asset_price,a,0.25,17,-2.121794035653501,1.3935937214248388,0.12901195208967625,-4.414051722835946,0.17046365152894483,292,True
INNOVATION,pooled,vix,asset_price,a,0.25,18,-1.5799906106998822,1.2643582653771979,0.21248649904371722,-3.659674889271638,0.4996936678718735,291,True
INNOVATION,pooled,vix,asset_price,a,0.25,19,-1.4437331924682617,1.371937026470316,0.293567709338354,-3.7003687864069787,0.8129024014704553,290,True
INNOVATION,pooled,vix,asset_price,a,0.25,20,-0.8790585284574419,1.449446586114937,0.5446972214261184,-3.2631860027010253,1.5050689457861415,289,True
INNOVATION,pooled,vix,asset_price,a,0.25,21,-1.3746765221008381,1.3954899028126415,0.3254512482896916,-3.670053150116369,0.9207001059146926,288,True
INNOVATION,pooled,vix,asset_price,a,0.25,22,-0.5240026448982178,1.3144116941787103,0.6904557784486473,-2.6860174873754987,1.6380121975790631,287,True
INNOVATION,pooled,vix,asset_price,a,0.25,23,-2.5184285370040023,1.243536766812405,0.043821911748324276,-4.563864498142894,-0.4729925758651108,286,True
INNOVATION,pooled,vix,asset_price,a,0.25,24,-2.3036504824571438,1.3002354803794196,0.0775651092369245,-4.442347528250222,-0.16495343666406548,285,True
INNOVATION,pooled,us10y,asset_price,a,0.25,0,-0.11013305598048584,0.1049879021754328,0.29503348341824526,-0.28282278765977287,0.06255667569880116,309,True
INNOVATION,pooled,us10y,asset_price,a,0.25,1,-0.04372333902580916,0.07753461439203804,0.5732383116054911,-0.17125643072283675,0.08380975267121843,308,True
INNOVATION,pooled,us10y,asset_price,a,0.25,2,0.12094623957453965,0.08477226979982085,0.15472551061358814,-0.01849173587060443,0.26038421501968373,307,True
INNOVATION,pooled,us10y,asset_price,a,0.25,3,-0.022594836897821838,0.07466043086770366,0.7623837387866214,-0.14540031740032383,0.10021064360468017,306,True
INNOVATION,pooled,us10y,asset_price,a,0.25,4,-0.07007474797372494,0.0725044375130844,0.33460203200441135,-0.1893339349871982,0.04918443903974831,305,True
INNOVATION,pooled,us10y,asset_price,a,0.25,5,-0.07012832562177473,0.08080080738262889,0.38615786870017776,-0.20303382670569917,0.0627771754621497,304,True
INNOVATION,pooled,us10y,asset_price,a,0.25,6,-0.12687837328932838,0.10134254678269726,0.21159113929519663,-0.2935720289293472,0.039815282350690456,303,True
INNOVATION,pooled,us10y,asset_price,a,0.25,7,-0.05195186920147954,0.07739914499633206,0.5026182509386253,-0.17926213357163923,0.07535839516868015,302,True
INNOVATION,pooled,us10y,asset_price,a,0.25,8,-0.05238622754925282,0.08020249406706573,0.5141666656843235,-0.1843075908060198,0.07953513570751417,301,True
INNOVATION,pooled,us10y,asset_price,a,0.25,9,-0.11467057238244749,0.10708703297499629,0.28515472550509957,-0.290813066970842,0.06147192220594705,300,True
INNOVATION,pooled,us10y,asset_price,a,0.25,10,0.06934546430242339,0.1039687150075903,0.505322016535759,-0.1016678536672955,0.24035878227214227,299,True
INNOVATION,pooled,us10y,asset_price,a,0.25,11,-0.12675771769049682,0.0991390275004913,0.20208693665234417,-0.2898269066471217,0.03631147126612805,298,True
INNOVATION,pooled,us10y,asset_price,a,0.25,12,-0.12895956948284548,0.07338784339086338,0.07995932715028159,-0.24967182985845374,-0.008247309107237227,297,True
INNOVATION,pooled,us10y,asset_price,a,0.25,13,0.018004626415121905,0.07638239246774016,0.8138233933988147,-0.10763322887067131,0.14364248170091512,296,True
INNOVATION,pooled,us10y,asset_price,a,0.25,14,0.08349823385899491,0.10717969239213539,0.43660641728026617,-0.09279667190775209,0.2597931396257419,295,True
INNOVATION,pooled,us10y,asset_price,a,0.25,15,0.01215970456388793,0.07747156673411404,0.8753918544942064,-0.11526968296433257,0.13958909209210843,294,True
INNOVATION,pooled,us10y,asset_price,a,0.25,16,-0.03150866898653215,0.10891434954908862,0.7725684399652085,-0.210656831869411,0.1476394938963467,293,True
INNOVATION,pooled,us10y,asset_price,a,0.25,17,0.1370294282571649,0.08144216938087764,0.09358759350202661,0.0030689805642321877,0.2709898759500976,292,True
INNOVATION,pooled,us10y,asset_price,a,0.25,18,0.06714461660619528,0.08428727369107185,0.42635613301839115,-0.07149561123041565,0.2057848444428062,291,True
INNOVATION,pooled,us10y,asset_price,a,0.25,19,-0.034357288458339796,0.11490800578838796,0.7651664188936066,-0.2233641385451305,0.1546495616284509,290,True
INNOVATION,pooled,us10y,asset_price,a,0.25,20,0.09327560085700914,0.08496173833608489,0.2732284822289352,-0.046474022597202014,0.2330252243112203,289,True
INNOVATION,pooled,us10y,asset_price,a,0.25,21,0.019863718840383626,0.08177687832633694,0.8082635092331716,-0.11464727607546094,0.1543747137562282,288,True
INNOVATION,pooled,us10y,asset_price,a,0.25,22,-0.05975380017159154,0.08380928666598292,0.47647113104362426,-0.1976078093163492,0.07810020897316611,287,True
INNOVATION,pooled,us10y,asset_price,a,0.25,23,-0.2144005647608438,0.11115886962582511,0.05479912772275322,-0.3972406346327081,-0.03156049488897952,286,True
INNOVATION,pooled,us10y,asset_price,a,0.25,24,0.18935682714690927,0.08164472081516845,0.021123653601988805,0.05506321199263908,0.32365044230117945,285,True
INNOVATION,pooled,ip,real_macro,a,0.25,0,0.16834672727432842,0.1671383702920003,0.3146498575131901,-0.10657142730322644,0.4432648818518833,309,False
INNOVATION,pooled,ip,real_macro,a,0.25,1,-0.02581868309866861,0.14187286676146324,0.8557201884229126,-0.2591787825572644,0.20754141635992718,308,True
INNOVATION,pooled,ip,real_macro,a,0.25,2,-0.03939892677890633,0.1525183428985103,0.7963393476305772,-0.2902692762721493,0.21147142271433667,307,True
INNOVATION,pooled,ip,real_macro,a,0.25,3,0.371744306155426,0.1453083428109067,0.01102277068897954,0.1327333514565982,0.6107552608542537,306,True
INNOVATION,pooled,ip,real_macro,a,0.25,4,0.10814135698498484,0.1645446328227304,0.5115615340841372,-0.16251047910888156,0.37879319307885123,305,True
INNOVATION,pooled,ip,real_macro,a,0.25,5,0.18109150240120558,0.17392874712928738,0.29865825986779104,-0.10499582814552821,0.4671788329479394,304,True
INNOVATION,pooled,ip,real_macro,a,0.25,6,0.44099891743074693,0.1581111575488523,0.005635329362123366,0.1809292064750216,0.7010686283864722,303,True
INNOVATION,pooled,ip,real_macro,a,0.25,7,0.18860354572136018,0.1490218619710293,0.20667567798006622,-0.05651560443674902,0.4337226958794694,302,True
INNOVATION,pooled,ip,real_macro,a,0.25,8,-0.04428745742102791,0.17858143066293208,0.8043149427809682,-0.3380277713531346,0.2494528565110788,301,True
INNOVATION,pooled,ip,real_macro,a,0.25,9,0.17223998688393927,0.24754326136209373,0.48712065167263047,-0.23493244439489686,0.5794124181627753,300,True
INNOVATION,pooled,ip,real_macro,a,0.25,10,0.058066897006430016,0.2410526018249193,0.8098144228031694,-0.33842934939137753,0.4545631434042376,299,True
INNOVATION,pooled,ip,real_macro,a,0.25,11,0.15975573273836563,0.19226654365727583,0.4067238257215262,-0.1564945889377281,0.47600605441445937,298,True
INNOVATION,pooled,ip,real_macro,a,0.25,12,-0.030202916888719678,0.24615119836051574,0.9024312231406567,-0.4350856082904653,0.3746797745130259,297,True
INNOVATION,pooled,ip,real_macro,a,0.25,13,0.33902881801975937,0.18335022020902,0.0654930571238876,0.037444543306601685,0.640613092732917,296,True
INNOVATION,pooled,ip,real_macro,a,0.25,14,-0.19120469852097857,0.23408939093134326,0.4147334848664138,-0.5762474822252596,0.19383808518330245,295,True
INNOVATION,pooled,ip,real_macro,a,0.25,15,0.3035392821947739,0.17906642912679302,0.09116415921898625,0.00900121678031962,0.5980773476092281,294,True
INNOVATION,pooled,ip,real_macro,a,0.25,16,0.1054161645520183,0.17254557628352513,0.54173221748069,-0.17839605241236994,0.38922838151640654,293,True
INNOVATION,pooled,ip,real_macro,a,0.25,17,-0.03906355720366872,0.17566440467938152,0.8241844351547335,-0.3280057903668206,0.24987867595948315,292,True
INNOVATION,pooled,ip,real_macro,a,0.25,18,-0.17381464849756284,0.239921993677184,0.46939288936024465,-0.5684512099829071,0.22082191298778142,291,True
INNOVATION,pooled,ip,real_macro,a,0.25,19,0.017490163885088617,0.17948599589558115,0.9224430675762034,-0.2777380274507551,0.31271835522093233,290,True
INNOVATION,pooled,ip,real_macro,a,0.25,20,-0.14098796886220444,0.16334770635272144,0.3888259718169151,-0.40967103611068234,0.12769509838627346,289,True
INNOVATION,pooled,ip,real_macro,a,0.25,21,-0.012928920697744317,0.19472360681954115,0.947110761908257,-0.333220751627939,0.3073629102324504,288,True
INNOVATION,pooled,ip,real_macro,a,0.25,22,0.03306673426449326,0.18436405627725905,0.857791500009486,-0.2701851523826416,0.3363186209116281,287,True
INNOVATION,pooled,ip,real_macro,a,0.25,23,0.2835175825787062,0.19332028471662546,0.14364844749040215,-0.03446598890072644,0.6015011540581388,286,True
INNOVATION,pooled,ip,real_macro,a,0.25,24,0.1284148364662394,0.19158078030995362,0.5032432087791677,-0.18670750488078097,0.4435371778132598,285,True
INNOVATION,pooled,cpi,real_macro,a,0.25,0,-0.17891084274750124,0.07170271445320678,0.013136037619534323,-0.29685131267812415,-0.060970372816878324,309,True
INNOVATION,pooled,cpi,real_macro,a,0.25,1,-0.05576360247222909,0.0887117323619319,0.5301033740786496,-0.20168141720090108,0.0901542122564429,308,True
INNOVATION,pooled,cpi,real_macro,a,0.25,2,-0.051803396979763605,0.07484328463884672,0.4893861040496414,-0.17490964517093205,0.07130285121140482,307,True
INNOVATION,pooled,cpi,real_macro,a,0.25,3,-0.05464563985715702,0.07417123536574437,0.4618660553184866,-0.17664646536397294,0.06735518564965891,306,True
INNOVATION,pooled,cpi,real_macro,a,0.25,4,-0.04271414243975746,0.07906319280272237,0.5894356556208131,-0.1727615218796789,0.08733323700016396,305,True
INNOVATION,pooled,cpi,real_macro,a,0.25,5,0.1511654139201818,0.06736204227476482,0.025581940400416007,0.040364714365676485,0.2619661134746871,304,True
INNOVATION,pooled,cpi,real_macro,a,0.25,6,-0.025173198058990154,0.07586747228537477,0.7402770925939497,-0.14996408501522915,0.09961768889724884,303,True
INNOVATION,pooled,cpi,real_macro,a,0.25,7,0.02834970200964565,0.0781802876429856,0.7171550584635132,-0.10024542767602856,0.15694483169531986,302,True
INNOVATION,pooled,cpi,real_macro,a,0.25,8,0.06603054604238945,0.10079757932139895,0.5129405094562078,-0.09976671789234232,0.2318278099771212,301,True
INNOVATION,pooled,cpi,real_macro,a,0.25,9,-0.01883165985965718,0.06723039798564079,0.7795984194100355,-0.12941582382772937,0.09175250410841503,300,True
INNOVATION,pooled,cpi,real_macro,a,0.25,10,0.1634020189533375,0.09401483933562335,0.08328297512514682,0.00876136948487749,0.3180426684217975,299,True
INNOVATION,pooled,cpi,real_macro,a,0.25,11,0.05387430329661047,0.09386748973734593,0.5664626880338222,-0.10052397765069307,0.208272584243914,298,True
INNOVATION,pooled,cpi,real_macro,a,0.25,12,0.09196286637859619,0.06865658979998013,0.18149513786066726,-0.020967174368020577,0.20489290712521296,297,True
INNOVATION,pooled,cpi,real_macro,a,0.25,13,0.019958688098824506,0.07619141374841272,0.7935477155187315,-0.10536503514781242,0.14528241134546144,296,True
INNOVATION,pooled,cpi,real_macro,a,0.25,14,0.055488006397068995,0.07717867327450165,0.4727659732834946,-0.0714596142617977,0.1824356270559357,295,True
INNOVATION,pooled,cpi,real_macro,a,0.25,15,0.09544077334311102,0.07757863870901105,0.21963775458005336,-0.03216473191136368,0.22304627859758572,294,True
INNOVATION,pooled,cpi,real_macro,a,0.25,16,-0.0596804214084834,0.07051964465599707,0.3981134801743948,-0.17567491469222918,0.056314071875262384,293,True
INNOVATION,pooled,cpi,real_macro,a,0.25,17,-0.07537228954521547,0.07360158857968231,0.3066981836642196,-0.19643612946989597,0.04569155037946504,292,True
INNOVATION,pooled,cpi,real_macro,a,0.25,18,-0.23483751249047025,0.0896754552488023,0.009311211879371757,-0.38234051030498717,-0.08733451467595335,291,True
INNOVATION,pooled,cpi,real_macro,a,0.25,19,-0.082286998004448,0.0954952018709853,0.38960765687962573,-0.23936262715840118,0.07478863114950518,290,True
INNOVATION,pooled,cpi,real_macro,a,0.25,20,0.04193886906743004,0.104630151557209,0.688856776577426,-0.13016241520992744,0.2140401533447875,289,True
INNOVATION,pooled,cpi,real_macro,a,0.25,21,0.1117969413964674,0.07010827960757768,0.1119472311860455,-0.003520916595384685,0.22711479938831947,288,True
INNOVATION,pooled,cpi,real_macro,a,0.25,22,0.07236689922078646,0.07220285514460603,0.31709978324148813,-0.04639622894007053,0.19113002738164345,287,True
INNOVATION,pooled,cpi,real_macro,a,0.25,23,-0.15182623673463758,0.07236486361085566,0.036821866483148884,-0.2708558451088021,-0.032796628360473035,286,True
INNOVATION,pooled,cpi,real_macro,a,0.25,24,-0.04175948617119962,0.10141558271046139,0.6808364490344935,-0.20857327522189906,0.1250543028794998,285,True
INNOVATION,pooled,infl_exp,real_macro,a,0.25,0,-0.09648255722616977,0.10384141720642535,0.35357945347093694,-0.26728648894593954,0.07432137449359999,309,True
INNOVATION,pooled,infl_exp,real_macro,a,0.25,1,-0.1906601370312826,0.1031241649523533,0.06548468996301794,-0.3602842937795028,-0.02103598028306239,308,True
INNOVATION,pooled,infl_exp,real_macro,a,0.25,2,0.013258243495409827,0.07830650905840154,0.865667950392273,-0.11554450194321025,0.1420609889340299,307,True
INNOVATION,pooled,infl_exp,real_macro,a,0.25,3,0.09011825302889337,0.07830235153326032,0.25071454500190343,-0.038677653889419045,0.21891415994720578,306,True
INNOVATION,pooled,infl_exp,real_macro,a,0.25,4,-0.08210952296755769,0.07467860843093554,0.2724565165142022,-0.2049449029008708,0.040725856965755425,305,True
INNOVATION,pooled,infl_exp,real_macro,a,0.25,5,-0.00613477987347677,0.07707614813406462,0.9366152598886175,-0.1329137616832419,0.12064420193628836,304,True
INNOVATION,pooled,infl_exp,real_macro,a,0.25,6,0.13552973828074677,0.10426009891988954,0.19466438246579404,-0.035962863573952814,0.3070223401354464,303,True
INNOVATION,pooled,infl_exp,real_macro,a,0.25,7,0.01525828639822674,0.08135355941638361,0.8513573847301339,-0.11855641087322394,0.14907298366967742,302,True
INNOVATION,pooled,infl_exp,real_macro,a,0.25,8,0.04111145594842602,0.07255119391837607,0.5713918516672009,-0.07822463850787445,0.1604475504047265,301,True
INNOVATION,pooled,infl_exp,real_macro,a,0.25,9,-0.009322045590795802,0.08714639784864733,0.9148878178110937,-0.15266511416789935,0.13402102298630775,300,True
INNOVATION,pooled,infl_exp,real_macro,a,0.25,10,0.039226624606032975,0.08696353088644677,0.6522822329180575,-0.10381565458504537,0.1822689037971113,299,True
INNOVATION,pooled,infl_exp,real_macro,a,0.25,11,0.02907625504084521,0.10728068133788263,0.7865650433042825,-0.14738476275959614,0.20553727284128656,298,True
INNOVATION,pooled,infl_exp,real_macro,a,0.25,12,-0.02505379194810331,0.07859311189423375,0.7501296527621774,-0.15432795710073657,0.10422037320452995,297,True
INNOVATION,pooled,infl_exp,real_macro,a,0.25,13,-0.026674220686682126,0.07871919559563338,0.7349727903327498,-0.15615577507286205,0.1028073336994978,296,True
INNOVATION,pooled,infl_exp,real_macro,a,0.25,14,0.0672484139056424,0.07488617127089765,0.36994983218760275,-0.05592837651780275,0.19042520432908755,295,True
INNOVATION,pooled,infl_exp,real_macro,a,0.25,15,0.027039462437994377,0.0711760360102875,0.7043109078746272,-0.09003469854555562,0.14411362342154438,294,True
INNOVATION,pooled,infl_exp,real_macro,a,0.25,16,-0.025772656713167308,0.06684347841943954,0.7001109955739014,-0.1357203946294349,0.08417508120310027,293,False
INNOVATION,pooled,infl_exp,real_macro,a,0.25,17,0.18438771262482034,0.06808197972990371,0.00718186130465944,0.07240282133605162,0.29637260391358905,292,True
INNOVATION,pooled,infl_exp,real_macro,a,0.25,18,-0.2338012862128389,0.09813209979543525,0.01786960991647159,-0.3952142264817244,-0.07238834594395344,291,True
INNOVATION,pooled,infl_exp,real_macro,a,0.25,19,-0.11308966251439771,0.10503669854094358,0.282568762560409,-0.2858596570724772,0.05968033204368174,290,True
INNOVATION,pooled,infl_exp,real_macro,a,0.25,20,-0.025389842940216054,0.07911726785918294,0.7485192661937393,-0.15552616793288426,0.10474648205245214,289,True
INNOVATION,pooled,infl_exp,real_macro,a,0.25,21,-0.08433545462551365,0.11387335223744953,0.45956565619997486,-0.27164045106640505,0.10296954181537776,288,True
INNOVATION,pooled,infl_exp,real_macro,a,0.25,22,0.010490849041805195,0.07854548549631771,0.8938457581245699,-0.11870497765747723,0.13968667574108762,287,True
INNOVATION,pooled,infl_exp,real_macro,a,0.25,23,0.13218356848192273,0.07732289645106545,0.08849868917022273,0.004998721807994599,0.25936841515585085,286,True
INNOVATION,pooled,infl_exp,real_macro,a,0.25,24,-0.04406737185158516,0.07399413435147552,0.5519714196207118,-0.16577689211274418,0.07764214840957387,285,False
INNOVATION,pooled,freight,physical_channel,a,0.25,0,-0.00923188521593496,0.004310169239383573,0.0330215116264411,-0.016321482722109697,-0.0021422877097602216,309,True
INNOVATION,pooled,freight,physical_channel,a,0.25,1,-0.0052590770898632705,0.005418234028269551,0.33253256011457105,-0.014171278982934327,0.0036531248032077857,308,True
INNOVATION,pooled,freight,physical_channel,a,0.25,2,0.0010165856260898358,0.004914083491315868,0.8362536187609666,-0.007066362427743423,0.009099533679923093,307,True
INNOVATION,pooled,freight,physical_channel,a,0.25,3,-0.002735656505388963,0.0037398883950489443,0.465072142544346,-0.00888722549637894,0.0034159124856010135,306,True
INNOVATION,pooled,freight,physical_channel,a,0.25,4,-0.004484746940171591,0.0038937362451951494,0.2503548331259147,-0.01088937312547324,0.001919879245130057,305,True
INNOVATION,pooled,freight,physical_channel,a,0.25,5,-0.0014924740825398158,0.0046022569460647525,0.7459509233587831,-0.00906251311243703,0.006077564947357398,304,True
INNOVATION,pooled,freight,physical_channel,a,0.25,6,0.003537748264448493,0.0037530776329647918,0.34665958129045443,-0.002635515092364091,0.009711011621261076,303,True
INNOVATION,pooled,freight,physical_channel,a,0.25,7,0.005037211981637821,0.004345921138516944,0.247389154444699,-0.002111192165496846,0.012185616128772489,302,True
INNOVATION,pooled,freight,physical_channel,a,0.25,8,0.005035846624344529,0.004354653335606592,0.24846748566826862,-0.0021269207088443,0.012198613957533359,301,True
INNOVATION,pooled,freight,physical_channel,a,0.25,9,-0.0175279609505595,0.003840071076569493,7.443613363099081e-06,-0.023844315788606275,-0.011211606112512727,300,True
INNOVATION,pooled,freight,physical_channel,a,0.25,10,0.0024400767889905424,0.004575067384580282,0.5942123462467741,-0.005085239392083721,0.009965392970064806,299,True
INNOVATION,pooled,freight,physical_channel,a,0.25,11,0.007366429055527243,0.0044880663084343715,0.10183440010362456,-1.5783089899737077e-05,0.014748641200954224,298,True
INNOVATION,pooled,freight,physical_channel,a,0.25,12,-0.0011066759976405952,0.004682188581824765,0.813325321099595,-0.00880819086852583,0.0065948388732446385,297,True
INNOVATION,pooled,freight,physical_channel,a,0.25,13,0.005968961399789377,0.004720347526465435,0.2070884700785311,-0.0017953193495887044,0.01373324214916746,296,True
INNOVATION,pooled,freight,physical_channel,a,0.25,14,0.004508988066475334,0.00446335333857399,0.313256917528165,-0.002832574860844055,0.011850550993794723,295,True
INNOVATION,pooled,freight,physical_channel,a,0.25,15,0.00024795332169781636,0.005596697536350017,0.9646940556306026,-0.008957794919917878,0.00945370156331351,294,True
INNOVATION,pooled,freight,physical_channel,a,0.25,16,-0.013695678414337512,0.006425297236497949,0.0339198146487756,-0.024264351878032435,-0.00312700495064259,293,True
INNOVATION,pooled,freight,physical_channel,a,0.25,17,0.0016038593453741035,0.004868549206406986,0.7420767159719083,-0.006404191474776139,0.009611910165524346,292,True
INNOVATION,pooled,freight,physical_channel,a,0.25,18,-0.014159558902197864,0.004577908729713127,0.00218367811398277,-0.021689548680119308,-0.00662956912427642,291,True
INNOVATION,pooled,freight,physical_channel,a,0.25,19,0.007916510750873629,0.004378316383075965,0.0716766212898834,0.0007148211682300757,0.015118200333517181,290,True
INNOVATION,pooled,freight,physical_channel,a,0.25,20,0.0019253115238957175,0.005541077131470476,0.7285103416360301,-0.0071889492930213555,0.01103957234081279,289,True
INNOVATION,pooled,freight,physical_channel,a,0.25,21,-0.0007551259285702572,0.00373283505800588,0.8398378908317494,-0.006895093212542837,0.0053848413554023235,288,True
INNOVATION,pooled,freight,physical_channel,a,0.25,22,-0.0012146836043261215,0.004324072142659212,0.7789907006039302,-0.00832714935137895,0.005897782142726706,287,True
INNOVATION,pooled,freight,physical_channel,a,0.25,23,0.001534931389002096,0.004370374512572992,0.7257006101432456,-0.005653694979139862,0.008723557757144054,286,True
INNOVATION,pooled,freight,physical_channel,a,0.25,24,0.0010098920942300618,0.00453124184428416,0.8238021334278359,-0.006443337487935017,0.00846312167639514,285,True
INNOVATION,pooled,oil,asset_price,a,0.5,0,-0.013730558670862925,0.027542255519796426,0.6184841192363744,-0.05903353755702428,0.03157242021529843,309,True
INNOVATION,pooled,oil,asset_price,a,0.5,1,-0.051857340873152746,0.027909864796356775,0.06416438344636312,-0.09776498321116539,-0.005949698535140095,308,True
INNOVATION,pooled,oil,asset_price,a,0.5,2,0.010534204678037423,0.029262098996146266,0.7191103403004973,-0.0375976649879868,0.058666074344061646,307,True
INNOVATION,pooled,oil,asset_price,a,0.5,3,-0.04547581804517167,0.030571808253572964,0.1379596635428202,-0.09576196773352612,0.004810331643182772,306,True
INNOVATION,pooled,oil,asset_price,a,0.5,4,0.014210468195877457,0.029225356404791982,0.6271646522748265,-0.03386096528549407,0.06228190167724899,305,True
INNOVATION,pooled,oil,asset_price,a,0.5,5,-0.029242347226802856,0.02730641059896359,0.28510628642364977,-0.07415739573953424,0.015672701285928528,304,True
INNOVATION,pooled,oil,asset_price,a,0.5,6,-0.0012026330526707582,0.027330355201693794,0.9649319503307394,-0.04615706693204883,0.043751800826707314,303,True
INNOVATION,pooled,oil,asset_price,a,0.5,7,-0.01750123396379777,0.027640693601336575,0.5271256520761601,-0.06296612908541058,0.027963661157815047,302,True
INNOVATION,pooled,oil,asset_price,a,0.5,8,0.014170191070918214,0.02904056859110056,0.6259615757504566,-0.03359729350488655,0.06193767564672298,301,True
INNOVATION,pooled,oil,asset_price,a,0.5,9,-0.007373987372018831,0.026599550663687202,0.7818097196769335,-0.05112635475646416,0.0363783800124265,300,True
INNOVATION,pooled,oil,asset_price,a,0.5,10,0.08366949129896939,0.026202819329194833,0.0015649477949740162,0.040569688888989125,0.12676929370894965,299,True
INNOVATION,pooled,oil,asset_price,a,0.5,11,-0.0016608761157760055,0.031532718918413014,0.9580306636159972,-0.05352758319636895,0.05020583096481694,298,True
INNOVATION,pooled,oil,asset_price,a,0.5,12,-0.030042028062057857,0.03069559815687679,0.3285601668923459,-0.08053179402184157,0.02044773789772586,297,True
INNOVATION,pooled,oil,asset_price,a,0.5,13,-0.0032358081799640503,0.030282683740280127,0.9149812466513608,-0.05304639036398819,0.04657477400406009,296,False
INNOVATION,pooled,oil,asset_price,a,0.5,14,0.00921109093430305,0.029044041245241275,0.7513712149426769,-0.038562105649260214,0.056984287517866314,295,True
INNOVATION,pooled,oil,asset_price,a,0.5,15,0.0059431505366905404,0.028879781477252627,0.8371050269105947,-0.04155986277173439,0.05344616384511547,294,True
INNOVATION,pooled,oil,asset_price,a,0.5,16,-0.014152384175965593,0.028616769191840946,0.6213079527630528,-0.06122278077279832,0.032918012420867136,293,True
INNOVATION,pooled,oil,asset_price,a,0.5,17,-0.053218292449059956,0.029251046929022816,0.06993156025422895,-0.10133198308239086,-0.005104601815729054,292,True
INNOVATION,pooled,oil,asset_price,a,0.5,18,-0.041921223339091096,0.028617820091355575,0.14409199142730747,-0.08899334851180202,0.005150901833619832,291,True
INNOVATION,pooled,oil,asset_price,a,0.5,19,0.0714432079472922,0.030203018607505017,0.018700562754017547,0.02176366324585477,0.12112275264872963,290,True
INNOVATION,pooled,oil,asset_price,a,0.5,20,0.01573985308510964,0.031090225078819627,0.6130771438519405,-0.03539901639852444,0.06687872256874372,289,True
INNOVATION,pooled,oil,asset_price,a,0.5,21,0.0037209567592216067,0.03093274205330867,0.9043401182047665,-0.04715887619871749,0.0546007897171607,288,True
INNOVATION,pooled,oil,asset_price,a,0.5,22,0.0021602569961495788,0.030426325880667772,0.9434500561563912,-0.04788659548347425,0.05220710947577341,287,True
INNOVATION,pooled,oil,asset_price,a,0.5,23,-0.010839512070335178,0.029816450338668223,0.7164829352209654,-0.05988320855271206,0.0382041844120417,286,True
INNOVATION,pooled,oil,asset_price,a,0.5,24,0.0051047292533066835,0.030296579824896166,0.8663219739214675,-0.044728709955898574,0.05493816846251194,285,True
INNOVATION,pooled,dxy,asset_price,a,0.5,0,-0.00423670548193043,0.005098039979995899,0.40661978648753305,-0.012622235033370295,0.004148824069509435,309,True
INNOVATION,pooled,dxy,asset_price,a,0.5,1,-0.0029234161466642015,0.005114962545518072,0.5680689475504727,-0.011336780841380538,0.005489948548052135,308,True
INNOVATION,pooled,dxy,asset_price,a,0.5,2,0.0044945775265209514,0.0050790664011287285,0.376924323751161,-0.0038597432649029977,0.0128488983179449,307,True
INNOVATION,pooled,dxy,asset_price,a,0.5,3,0.00693591238303836,0.005251548197346682,0.187623331547907,-0.001702115716477796,0.015573940482554517,306,True
INNOVATION,pooled,dxy,asset_price,a,0.5,4,0.0023982238736761302,0.00524404293697168,0.6477798005847777,-0.006227459171090987,0.011023906918443249,305,False
INNOVATION,pooled,dxy,asset_price,a,0.5,5,-0.006603367110929558,0.005136403204448227,0.19960785540920203,-0.015051998551251389,0.0018452643293922731,304,True
INNOVATION,pooled,dxy,asset_price,a,0.5,6,-0.002183623047747553,0.005577367614863791,0.6957051226673703,-0.011357576397897941,0.006990330302402835,303,True
INNOVATION,pooled,dxy,asset_price,a,0.5,7,-0.00919056315081208,0.005543323938715927,0.0984159822493161,-0.01830851963677589,-7.260666484826782e-05,302,True
INNOVATION,pooled,dxy,asset_price,a,0.5,8,-0.015319320650723698,0.005223536677193926,0.0036305422503409377,-0.02391127389972017,-0.006727367401727228,301,True
INNOVATION,pooled,dxy,asset_price,a,0.5,9,0.0023144749098439055,0.005287987150391594,0.6619446846289953,-0.0063834899337504875,0.011012439753438298,300,True
INNOVATION,pooled,dxy,asset_price,a,0.5,10,-0.002512355080036534,0.00522202359264357,0.6308092000511796,-0.011101819526422467,0.006077109366349399,299,True
INNOVATION,pooled,dxy,asset_price,a,0.5,11,0.0045212977175884805,0.0054102752510479845,0.40403341804586856,-0.004377813151903583,0.013420408587080544,298,True
INNOVATION,pooled,dxy,asset_price,a,0.5,12,0.000784917210898294,0.005108756405624382,0.8780018799429479,-0.0076182392921045365,0.009188073713901124,297,True
INNOVATION,pooled,dxy,asset_price,a,0.5,13,-0.001065981403792037,0.005376882873029354,0.8429902208988727,-0.009910166699187622,0.007778203891603549,296,True
INNOVATION,pooled,dxy,asset_price,a,0.5,14,-0.014004744898912631,0.005379342916475926,0.009719939684147643,-0.02285297660569377,-0.0051565131921314945,295,False
INNOVATION,pooled,dxy,asset_price,a,0.5,15,0.002959266837632314,0.0057366704024664015,0.6063656063038554,-0.006476716280489708,0.012395249955754337,294,True
INNOVATION,pooled,dxy,asset_price,a,0.5,16,-0.00458567804884066,0.005419473929094701,0.3981952141625628,-0.013499919397281023,0.004328563299599703,293,True
INNOVATION,pooled,dxy,asset_price,a,0.5,17,-0.004667451911195584,0.005736101784403025,0.41651462753533036,-0.014102499735833711,0.004767595913442543,292,True
INNOVATION,pooled,dxy,asset_price,a,0.5,18,-0.011804358687910545,0.005670543912094966,0.03828818699599892,-0.02113157340850754,-0.0024771439673135515,291,True
INNOVATION,pooled,dxy,asset_price,a,0.5,19,-0.006951860852203069,0.005727848281358175,0.22590179047155198,-0.01637333287242282,0.002469611168016682,290,False
INNOVATION,pooled,dxy,asset_price,a,0.5,20,0.0010909034277124686,0.005549419313806221,0.8443016202381975,-0.008037079058076244,0.010218885913501181,289,True
INNOVATION,pooled,dxy,asset_price,a,0.5,21,-0.0029633345073075412,0.005603794042223305,0.5973663229806399,-0.012180755462347596,0.006254086447732513,288,True
INNOVATION,pooled,dxy,asset_price,a,0.5,22,-0.0012859663599143634,0.005532106834120565,0.8163587381073919,-0.010385472350700602,0.007813539630871875,287,True
INNOVATION,pooled,dxy,asset_price,a,0.5,23,-0.010357303037261435,0.005479673825391703,0.05980348221683552,-0.019370564403468026,-0.0013440416710548443,286,False
INNOVATION,pooled,dxy,asset_price,a,0.5,24,0.0028059569005587093,0.005338149771096715,0.5995666503521384,-0.005974518111639893,0.011586431912757312,285,False
INNOVATION,pooled,vix,asset_price,a,0.5,0,-0.3828595900309839,0.9889912935241658,0.698945539400716,-2.0096055062076363,1.2438863261456683,309,True
INNOVATION,pooled,vix,asset_price,a,0.5,1,-1.3975550229628482,1.0643231988810233,0.19017565550965207,-3.1482108968908924,0.35310085096519606,308,True
INNOVATION,pooled,vix,asset_price,a,0.5,2,-1.6814614924335274,1.2050599974014546,0.16397171088915868,-3.6636087998534417,0.3006858149863869,307,True
INNOVATION,pooled,vix,asset_price,a,0.5,3,-1.833349541052371,1.2923617079065701,0.15708091536272506,-3.959095383635692,0.2923963015309501,306,True
INNOVATION,pooled,vix,asset_price,a,0.5,4,-1.7166479004125605,1.3472708872066714,0.20362091200375598,-3.932711305720582,0.49941550489546094,305,True
INNOVATION,pooled,vix,asset_price,a,0.5,5,-2.281636633776884,1.4129525522712625,0.10744132313519858,-4.60573676409061,0.04246349653684156,304,True
INNOVATION,pooled,vix,asset_price,a,0.5,6,0.7384245206222033,1.4936419401790393,0.6214144455635592,-1.7183978420481232,3.19524688329253,303,True
INNOVATION,pooled,vix,asset_price,a,0.5,7,-0.5818820715411732,1.5117694733426357,0.7005946123342068,-3.0685215728833244,1.904757429800978,302,True
INNOVATION,pooled,vix,asset_price,a,0.5,8,0.377877062195239,1.6487095804860394,0.81888009739559,-2.334008871056863,3.089762995447341,301,True
INNOVATION,pooled,vix,asset_price,a,0.5,9,1.4760040438129085,1.7082334268962676,0.38828290905940605,-1.3337899040971597,4.285797991722976,300,True
INNOVATION,pooled,vix,asset_price,a,0.5,10,1.039122292536896,1.7036376350740499,0.5423853985491723,-1.7631122505256838,3.8413568355994756,299,True
INNOVATION,pooled,vix,asset_price,a,0.5,11,0.3029306511704135,1.9560588390887232,0.8770354951233873,-2.914499824835159,3.520361127175986,298,True
INNOVATION,pooled,vix,asset_price,a,0.5,12,0.793013679541275,1.8729239377332823,0.6723181577787587,-2.2876720524435474,3.8736994115260974,297,True
INNOVATION,pooled,vix,asset_price,a,0.5,13,0.5438912224139921,1.8900337071077824,0.7737357002886677,-2.56493757578278,3.652720020610764,296,True
INNOVATION,pooled,vix,asset_price,a,0.5,14,-0.15960218581313157,1.9110635122347996,0.9335016316527778,-3.303021935247161,2.9838175636208977,295,True
INNOVATION,pooled,vix,asset_price,a,0.5,15,-0.8520405313403216,1.8431246024136603,0.6442392001704697,-3.883710718543921,2.1796296558632777,294,True
INNOVATION,pooled,vix,asset_price,a,0.5,16,-1.6243668287279718,1.9194135609285838,0.3981202203506003,-4.781521186041193,1.5327875285852497,293,True
INNOVATION,pooled,vix,asset_price,a,0.5,17,-1.2672219710296844,1.9050642686969665,0.5064830359126464,-4.400773842971544,1.866329900912175,292,True
INNOVATION,pooled,vix,asset_price,a,0.5,18,-1.071528542721751,1.8787767979401793,0.5689141338588608,-4.161841373045927,2.018784287602426,291,True
INNOVATION,pooled,vix,asset_price,a,0.5,19,-1.937655432165684,1.9568489365723936,0.3229477476409601,-5.156385502882917,1.2810746385515488,290,True
INNOVATION,pooled,vix,asset_price,a,0.5,20,-2.795264150838122,1.8451119989664555,0.13093198000715026,-5.830203314469777,0.23967501279353343,289,True
INNOVATION,pooled,vix,asset_price,a,0.5,21,-3.0854387999658073,1.8839296079221846,0.10261804588340946,-6.184227248477877,0.013349648546262749,288,True
INNOVATION,pooled,vix,asset_price,a,0.5,22,-2.53592814293971,1.8856471639321755,0.17978721609360723,-5.637541719684306,0.565685433804886,287,True
INNOVATION,pooled,vix,asset_price,a,0.5,23,-4.198645401338581,1.8710275555720577,0.025634831154024186,-7.276211862247427,-1.1210789404297348,286,False
INNOVATION,pooled,vix,asset_price,a,0.5,24,-1.7683532386186087,1.9408023913902386,0.3630284911056178,-4.960689091292933,1.4239826140557157,285,True
INNOVATION,pooled,us10y,asset_price,a,0.5,0,0.02130090620877212,0.07216313463360456,0.7680662166824325,-0.09739688752549974,0.13999869994304398,309,False
INNOVATION,pooled,us10y,asset_price,a,0.5,1,0.07608367114641584,0.07114993961295109,0.2857924237843837,-0.04094756508332498,0.19311490737615666,308,True
INNOVATION,pooled,us10y,asset_price,a,0.5,2,0.01125493130788513,0.07357213513449093,0.87852078017793,-0.10976046201064611,0.13227032462641636,307,True
INNOVATION,pooled,us10y,asset_price,a,0.5,3,-0.10767123633225195,0.0758862298189115,0.15700901318649566,-0.2324929766855615,0.017150504021057583,306,True
INNOVATION,pooled,us10y,asset_price,a,0.5,4,-0.04008090289250481,0.07439050688456682,0.590443303771414,-0.162442397952343,0.08228059216733338,305,True
INNOVATION,pooled,us10y,asset_price,a,0.5,5,0.009851367717139792,0.07365069238664136,0.8936867312518862,-0.11129324078251443,0.130995976216794,304,True
INNOVATION,pooled,us10y,asset_price,a,0.5,6,0.0637955910815391,0.07535875329250404,0.39794170961688063,-0.06015852759417736,0.18774970975725555,303,True
INNOVATION,pooled,us10y,asset_price,a,0.5,7,-0.03400112752185924,0.07774045720890665,0.6621728409129721,-0.16187280052279507,0.09387054547907658,302,True
INNOVATION,pooled,us10y,asset_price,a,0.5,8,0.006798275696043521,0.07741569853663081,0.9300847904344044,-0.12053921682491545,0.1341357682170025,301,True
INNOVATION,pooled,us10y,asset_price,a,0.5,9,-0.00011996953259485466,0.07494771364091572,0.998723934914244,-0.1233979881465754,0.1231580490813857,300,True
INNOVATION,pooled,us10y,asset_price,a,0.5,10,0.07924334869454652,0.07356194517006498,0.28228719033995064,-0.041755283624040185,0.20024198101313323,299,True
INNOVATION,pooled,us10y,asset_price,a,0.5,11,-0.1838155548944699,0.07531772456891772,0.015276796133146161,-0.30770218732538623,-0.05992892246355358,298,True
INNOVATION,pooled,us10y,asset_price,a,0.5,12,0.04128064444467908,0.07717852574919125,0.5931582595396091,-0.08566673355664572,0.16822802244600388,297,True
INNOVATION,pooled,us10y,asset_price,a,0.5,13,0.039453406231206634,0.0772710087631549,0.6100412347346458,-0.08764609279106769,0.16655290525348096,296,True
INNOVATION,pooled,us10y,asset_price,a,0.5,14,-0.09907339284552172,0.07249021571463009,0.17280745994189387,-0.21830918708222563,0.020162401391182194,295,True
INNOVATION,pooled,us10y,asset_price,a,0.5,15,-0.11537300718970483,0.07874089825508739,0.1439819451442711,-0.24489025927400218,0.014144244894592511,294,True
INNOVATION,pooled,us10y,asset_price,a,0.5,16,-0.0843323791059403,0.07677962653327099,0.2729902529458628,-0.21062362628517056,0.04195886807328997,293,True
INNOVATION,pooled,us10y,asset_price,a,0.5,17,0.05522718528618309,0.07864393959768812,0.4831149487361977,-0.07413058399882672,0.1845849545711929,292,True
INNOVATION,pooled,us10y,asset_price,a,0.5,18,0.08196780857577246,0.08188007496828266,0.31766593341624993,-0.05271292971086572,0.21664854686241064,291,True
INNOVATION,pooled,us10y,asset_price,a,0.5,19,0.0013746603962317139,0.08056795691006352,0.9863993832689981,-0.1311478357433562,0.13389715653581963,290,True
INNOVATION,pooled,us10y,asset_price,a,0.5,20,0.06774920370350263,0.0829279365907606,0.41465573296511765,-0.06865511357341164,0.2041535209804169,289,True
INNOVATION,pooled,us10y,asset_price,a,0.5,21,0.052293465664147665,0.07891383063861981,0.508101899461244,-0.07750823487842035,0.18209516620671568,288,True
INNOVATION,pooled,us10y,asset_price,a,0.5,22,-0.08740239230024849,0.07637931895578084,0.25349321189460705,-0.21303519210874794,0.03823040750825096,287,True
INNOVATION,pooled,us10y,asset_price,a,0.5,23,-0.01597695018660883,0.07469479770311223,0.8307880793953548,-0.13883895910297947,0.10688505872976181,286,True
INNOVATION,pooled,us10y,asset_price,a,0.5,24,0.10228000128373654,0.07371149852366121,0.16640735466499534,-0.018964624410935688,0.22352462697840877,285,True
INNOVATION,pooled,ip,real_macro,a,0.5,0,0.20921341553517747,0.1569999858110439,0.18370144342738695,-0.0490285805574478,0.46745541162780274,309,True
INNOVATION,pooled,ip,real_macro,a,0.5,1,-0.13555550364199442,0.15558287578605526,0.38431480103252896,-0.3914665611702278,0.12035555388623898,308,True
INNOVATION,pooled,ip,real_macro,a,0.5,2,0.04123811957749801,0.15974096713485036,0.796467604170554,-0.22151238958699654,0.30398862874199256,307,True
INNOVATION,pooled,ip,real_macro,a,0.5,3,0.345120079030794,0.17494141858314058,0.04946426874402719,0.05736705217027954,0.6328731058913084,306,True
INNOVATION,pooled,ip,real_macro,a,0.5,4,0.011315289783881965,0.18388287520991353,0.9509751359616807,-0.29114512443940926,0.3137757040071732,305,True
INNOVATION,pooled,ip,real_macro,a,0.5,5,0.09048177217577902,0.1830608610316362,0.6214886183609261,-0.21062654904496725,0.3915900933965253,304,True
INNOVATION,pooled,ip,real_macro,a,0.5,6,0.16818118094905313,0.18689754490450125,0.36894521225647353,-0.13923792365544138,0.4756002855535476,303,True
INNOVATION,pooled,ip,real_macro,a,0.5,7,0.13114279949108232,0.18659125208042257,0.48272651022173035,-0.1757724982508172,0.43805809723298184,302,True
INNOVATION,pooled,ip,real_macro,a,0.5,8,-0.1165673843645143,0.1806953310630004,0.5193747696264795,-0.41378475503668755,0.18064998630765894,301,True
INNOVATION,pooled,ip,real_macro,a,0.5,9,0.08109865154850673,0.17240439375035838,0.6384293394169122,-0.20248134081413996,0.36467864391115346,300,True
INNOVATION,pooled,ip,real_macro,a,0.5,10,-0.13430439019745677,0.17944947724030635,0.4548213091175054,-0.4294725136907203,0.16086373329580678,299,True
INNOVATION,pooled,ip,real_macro,a,0.5,11,-0.008657780606394105,0.1814393711761851,0.9619751560450481,-0.30709898835733657,0.28978342714454836,298,True
INNOVATION,pooled,ip,real_macro,a,0.5,12,0.08391482579990395,0.17430972098757408,0.630595597962249,-0.20279915097940643,0.3706288025792143,297,True
INNOVATION,pooled,ip,real_macro,a,0.5,13,0.21466713663699202,0.18059457301427329,0.23557003618595812,-0.08238450179328785,0.5117187750672719,296,True
INNOVATION,pooled,ip,real_macro,a,0.5,14,-0.027104021990537408,0.18057598530846558,0.88079529327988,-0.3241250863655028,0.269917042384428,295,True
INNOVATION,pooled,ip,real_macro,a,0.5,15,0.3090407913031988,0.18471725074960924,0.0954347223252543,0.005207951447199488,0.612873631159198,294,True
INNOVATION,pooled,ip,real_macro,a,0.5,16,0.1198608539360726,0.18230998522542163,0.5114295634227208,-0.18001238649143148,0.41973409436357667,293,True
INNOVATION,pooled,ip,real_macro,a,0.5,17,-0.2201768674406628,0.1755449151936187,0.21080542478061273,-0.5089225578897751,0.06856882300844949,292,True
INNOVATION,pooled,ip,real_macro,a,0.5,18,-0.28834213175291135,0.18197432265934274,0.11421617329580627,-0.5876632563911688,0.01097899288534604,291,True
INNOVATION,pooled,ip,real_macro,a,0.5,19,-0.08187471499100901,0.1898315665020062,0.6665855526645726,-0.3941198556617135,0.23037042567969546,290,True
INNOVATION,pooled,ip,real_macro,a,0.5,20,-0.015354773104242714,0.1928122039873447,0.936584762599674,-0.33250262615333376,0.30179307994484833,289,True
INNOVATION,pooled,ip,real_macro,a,0.5,21,0.002484375934405425,0.1957749403389932,0.9898843842687776,-0.3195367447483956,0.32450549661720646,288,True
INNOVATION,pooled,ip,real_macro,a,0.5,22,0.009033383338174772,0.1951088840677477,0.9631056344551748,-0.3118921722711144,0.3299589389474639,287,True
INNOVATION,pooled,ip,real_macro,a,0.5,23,0.13370205418523504,0.19250795017104752,0.48794430016971035,-0.18294534587060576,0.45034945424107586,286,True
INNOVATION,pooled,ip,real_macro,a,0.5,24,0.09116818348127043,0.20129756789550715,0.65098129010394,-0.23993685116816477,0.4222732181307056,285,True
INNOVATION,pooled,cpi,real_macro,a,0.5,0,-0.03299990792951579,0.05821356461556928,0.5712290821432028,-0.1287527008252088,0.06275288496617722,309,True
INNOVATION,pooled,cpi,real_macro,a,0.5,1,-0.07161117716040788,0.0681477745975772,0.2942033398023824,-0.18370429137590416,0.04048193705508839,308,True
INNOVATION,pooled,cpi,real_macro,a,0.5,2,-0.11848052994219904,0.06768899259304734,0.08110180361259132,-0.2298190149135643,-0.0071420449708337885,307,True
INNOVATION,pooled,cpi,real_macro,a,0.5,3,-0.04174581065863203,0.06801881558970158,0.5398655234069966,-0.15362680618229602,0.07013518486503194,306,True
INNOVATION,pooled,cpi,real_macro,a,0.5,4,-0.008452800136672836,0.06935662939229488,0.9030825791464527,-0.12253430354571815,0.10562870327237248,305,True
INNOVATION,pooled,cpi,real_macro,a,0.5,5,0.0356697063757591,0.06929459924539656,0.6071166816769277,-0.07830976652118019,0.14964917927269838,304,True
INNOVATION,pooled,cpi,real_macro,a,0.5,6,0.02740794802263613,0.07018024418043789,0.6964275720889658,-0.08802828115789708,0.14284417720316933,303,True
INNOVATION,pooled,cpi,real_macro,a,0.5,7,-0.04833365533353817,0.0705872208989524,0.49406081266652513,-0.16443930164560477,0.06777199097852844,302,True
INNOVATION,pooled,cpi,real_macro,a,0.5,8,-0.043508083630681094,0.07192467999543523,0.5457156049477199,-0.1618136543884967,0.07479748712713453,301,True
INNOVATION,pooled,cpi,real_macro,a,0.5,9,0.025641768869181084,0.06600410917180102,0.697944364882409,-0.08292532949575676,0.13420886723411893,300,True
INNOVATION,pooled,cpi,real_macro,a,0.5,10,0.05553436520608024,0.06654863262383548,0.40470218148996195,-0.05392839453389661,0.1649971249460571,299,True
INNOVATION,pooled,cpi,real_macro,a,0.5,11,0.024393547119240355,0.07069952573802554,0.7303262546147953,-0.09189682421469991,0.14068391845318062,298,True
INNOVATION,pooled,cpi,real_macro,a,0.5,12,0.024419268248921155,0.069892538444078,0.7270615906286297,-0.09054372710766576,0.13938226360550807,297,True
INNOVATION,pooled,cpi,real_macro,a,0.5,13,-0.034969290551052856,0.07012289566563105,0.6183895183109006,-0.15031118981900576,0.08037260871690005,296,True
INNOVATION,pooled,cpi,real_macro,a,0.5,14,-0.03763556587104855,0.07183280805450429,0.6007382530703279,-0.15579002073360887,0.08051888899151176,295,True
INNOVATION,pooled,cpi,real_macro,a,0.5,15,-0.015062414683675529,0.07345968897016937,0.8376872985023771,-0.13589285052098568,0.10576802115363462,294,True
INNOVATION,pooled,cpi,real_macro,a,0.5,16,0.03079481573052889,0.07230813551487905,0.6705213555997864,-0.08814148322921847,0.14973111469027625,293,True
INNOVATION,pooled,cpi,real_macro,a,0.5,17,-0.03951684604078158,0.07105861834612935,0.578578766165798,-0.15639787215357287,0.07736418007200971,292,True
INNOVATION,pooled,cpi,real_macro,a,0.5,18,-0.10391678869648113,0.06899949987199429,0.133193480654344,-0.21741086631876858,0.00957728892580631,291,True
INNOVATION,pooled,cpi,real_macro,a,0.5,19,0.044941353749044434,0.07055574872763261,0.5246773467641265,-0.07111252544787877,0.16099523294596765,290,True
INNOVATION,pooled,cpi,real_macro,a,0.5,20,0.02577325811590439,0.07196881260424863,0.7205304594046045,-0.0926049043235848,0.1441514205553936,289,True
INNOVATION,pooled,cpi,real_macro,a,0.5,21,0.06337186176852005,0.069099197688429,0.3598892727059133,-0.05028620416872916,0.17702992770576925,288,True
INNOVATION,pooled,cpi,real_macro,a,0.5,22,0.055446267637206254,0.07309470836570961,0.4487739032294681,-0.06478382852909131,0.17567636380350382,287,True
INNOVATION,pooled,cpi,real_macro,a,0.5,23,0.0566834696268399,0.07242062453281543,0.4344854359780008,-0.06243785730205233,0.1758047965557321,286,True
INNOVATION,pooled,cpi,real_macro,a,0.5,24,-0.011768106656498412,0.07442144313754272,0.8744737781646849,-0.1341804873242483,0.11064427401125147,285,True
INNOVATION,pooled,infl_exp,real_macro,a,0.5,0,0.02762733315840693,0.07446440508677113,0.7108934340383765,-0.09485571362735222,0.1501103799441661,309,True
INNOVATION,pooled,infl_exp,real_macro,a,0.5,1,-0.126618223473359,0.07450555725830514,0.0902927764078565,-0.24916895955772278,-0.004067487388995192,308,True
INNOVATION,pooled,infl_exp,real_macro,a,0.5,2,0.013950985347499056,0.0744471538880126,0.851481054559424,-0.10850368574141285,0.13640565643641095,307,True
INNOVATION,pooled,infl_exp,real_macro,a,0.5,3,0.060043056797270955,0.07580662129670605,0.4289712511264282,-0.06464773918955272,0.18473385278409463,306,True
INNOVATION,pooled,infl_exp,real_macro,a,0.5,4,0.005186345048936447,0.07213219106837446,0.942730434132027,-0.11346055104983586,0.12383324114770876,305,True
INNOVATION,pooled,infl_exp,real_macro,a,0.5,5,-0.01749837409032208,0.07107061745168448,0.8056930086980736,-0.1343991369754059,0.09940238879476174,304,True
INNOVATION,pooled,infl_exp,real_macro,a,0.5,6,0.04858874417203735,0.06938325323887287,0.48430647250698977,-0.06553655156761518,0.16271403991168987,303,True
INNOVATION,pooled,infl_exp,real_macro,a,0.5,7,-0.03853738518734917,0.07229442490795954,0.5944019979837862,-0.15745113220557727,0.08037636183087893,302,True
INNOVATION,pooled,infl_exp,real_macro,a,0.5,8,-0.0614409487132489,0.07319888814919567,0.40196034464363406,-0.18184240537426855,0.058960507947770746,301,True
INNOVATION,pooled,infl_exp,real_macro,a,0.5,9,-0.02781633955218843,0.07276232996950666,0.7025299026137352,-0.14749972190797125,0.0918670428035944,300,True
INNOVATION,pooled,infl_exp,real_macro,a,0.5,10,-0.06833775473716608,0.07873862266387283,0.38617577599688796,-0.1978512638070007,0.06117575433266853,299,True
INNOVATION,pooled,infl_exp,real_macro,a,0.5,11,0.03606700792462947,0.07660111020694695,0.638115113848361,-0.08993060602777664,0.16206462187703558,298,True
INNOVATION,pooled,infl_exp,real_macro,a,0.5,12,0.008666067844541568,0.07736790942214317,0.910893978163898,-0.1185928185781236,0.13592495426720674,297,True
INNOVATION,pooled,infl_exp,real_macro,a,0.5,13,-0.08359430173641214,0.0777375541989635,0.28314170203347466,-0.2114611997109139,0.04427259623808963,296,True
INNOVATION,pooled,infl_exp,real_macro,a,0.5,14,0.0037302260286764533,0.07850868615485716,0.9621376857557911,-0.12540507114033517,0.13286552319768807,295,True
INNOVATION,pooled,infl_exp,real_macro,a,0.5,15,0.031017245379267422,0.07798292827652666,0.6911219311689489,-0.09725325703667398,0.15928774779520882,294,False
INNOVATION,pooled,infl_exp,real_macro,a,0.5,16,-0.015430261072379492,0.07881032292800783,0.8449171778815571,-0.14506170658172993,0.11420118443697094,293,True
INNOVATION,pooled,infl_exp,real_macro,a,0.5,17,0.10817845425651634,0.07785049027717733,0.1657723187480066,-0.019874207035849106,0.2362311155488818,292,True
INNOVATION,pooled,infl_exp,real_macro,a,0.5,18,-0.19665941681735433,0.07606516436910508,0.01023766952156873,-0.3217754783145367,-0.07154335532017195,291,True
INNOVATION,pooled,infl_exp,real_macro,a,0.5,19,0.019071322055583595,0.0747393460797169,0.7987809847593474,-0.10386396241962004,0.14200660653078723,290,True
INNOVATION,pooled,infl_exp,real_macro,a,0.5,20,0.0637593825123742,0.07440663033612613,0.39224372601327046,-0.0586286332652403,0.18614739828998872,289,True
INNOVATION,pooled,infl_exp,real_macro,a,0.5,21,-4.436326513819922e-06,0.07865468384597164,0.9999550383002568,-0.12937987832728165,0.12937100567425402,288,True
INNOVATION,pooled,infl_exp,real_macro,a,0.5,22,0.03153029481623304,0.07564077103785058,0.6771211207101128,-0.09288770177078136,0.15594829140324745,287,True
INNOVATION,pooled,infl_exp,real_macro,a,0.5,23,0.031704405744712005,0.08058982180153151,0.6943288648791436,-0.10085405494090993,0.16426286643033394,286,True
INNOVATION,pooled,infl_exp,real_macro,a,0.5,24,-0.032104864995385896,0.07890258395417943,0.684408164603383,-0.16188806638826095,0.09767833639748916,285,False
INNOVATION,pooled,freight,physical_channel,a,0.5,0,-0.0034352922138567443,0.003629641851410803,0.34469122551337206,-0.00940552177768466,0.002534937349971171,309,True
INNOVATION,pooled,freight,physical_channel,a,0.5,1,-0.0029840464009555645,0.0037802475072900112,0.43052691145969785,-0.009202000224095801,0.003233907422184672,308,True
INNOVATION,pooled,freight,physical_channel,a,0.5,2,0.001547783621500611,0.0036557425744537554,0.6723255846191133,-0.004465377811290561,0.007560945054291783,307,False
INNOVATION,pooled,freight,physical_channel,a,0.5,3,-0.0017919544878255032,0.0037409836680508497,0.6322927029566167,-0.007945325042585166,0.0043614160669341595,306,True
INNOVATION,pooled,freight,physical_channel,a,0.5,4,-0.002193188525612918,0.003770758439744452,0.5612657940541758,-0.008395534221584455,0.004009157170358618,305,True
INNOVATION,pooled,freight,physical_channel,a,0.5,5,-0.0024131650875890516,0.003724239810429478,0.5175223328841391,-0.008538994447411042,0.0037126642722329385,304,True
INNOVATION,pooled,freight,physical_channel,a,0.5,6,-0.0017945019410764242,0.003790370066110459,0.6362587605370601,-0.008029105891806504,0.004440102009653656,303,True
INNOVATION,pooled,freight,physical_channel,a,0.5,7,0.005437654585323793,0.0038448943187307264,0.15836766694749146,-0.0008866337800855521,0.011761942950733139,302,True
INNOVATION,pooled,freight,physical_channel,a,0.5,8,0.004022485043090199,0.00385740329401147,0.2979203295951302,-0.0023223787556791234,0.010367348841859522,301,True
INNOVATION,pooled,freight,physical_channel,a,0.5,9,-0.005675765653857988,0.003785784094698921,0.13491665686519058,-0.011902826352878704,0.000551295045162728,300,True
INNOVATION,pooled,freight,physical_channel,a,0.5,10,0.0019545058318308508,0.003912764516922453,0.6177981956468646,-0.004481419075236071,0.008390430738897772,299,True
INNOVATION,pooled,freight,physical_channel,a,0.5,11,0.004465912431461327,0.0037682366616428285,0.2369502777817112,-0.0017322853086533876,0.01066411017157604,298,True
INNOVATION,pooled,freight,physical_channel,a,0.5,12,0.005144921032873121,0.003878665554028551,0.18575455787625925,-0.001234916071402482,0.011524758137148724,297,True
INNOVATION,pooled,freight,physical_channel,a,0.5,13,-6.480994887661431e-05,0.003996908821026798,0.9870743203306267,-0.006639139919736876,0.006509520021983647,296,True
INNOVATION,pooled,freight,physical_channel,a,0.5,14,0.005677970400704436,0.004102707010123831,0.16746983233116347,-0.0010703821052169783,0.01242632290662585,295,True
INNOVATION,pooled,freight,physical_channel,a,0.5,15,0.0007828653578725959,0.00404616745818013,0.8467208559294318,-0.00587248786096801,0.007438218576713201,294,True
INNOVATION,pooled,freight,physical_channel,a,0.5,16,-0.004238195408650714,0.0039689108818337674,0.28651195622051695,-0.010766472867682153,0.0022900820503807245,293,True
INNOVATION,pooled,freight,physical_channel,a,0.5,17,-0.0016761959946598967,0.003973302087771417,0.6734497978079244,-0.008211696344704568,0.0048593043553847755,292,True
INNOVATION,pooled,freight,physical_channel,a,0.5,18,-0.0021365425437452033,0.0039458599333907565,0.5886227776450135,-0.008626904566625484,0.004353819479135077,291,True
INNOVATION,pooled,freight,physical_channel,a,0.5,19,0.002900030561820482,0.0040075261235100025,0.46989591425349064,-0.003691763317537719,0.009491824441178683,290,True
INNOVATION,pooled,freight,physical_channel,a,0.5,20,0.0010648647323911117,0.0040292488446235985,0.7917592844782595,-0.0055626598435780435,0.007692389308360267,289,True
INNOVATION,pooled,freight,physical_channel,a,0.5,21,0.0011121821010829924,0.0038712161323672754,0.7741033939923159,-0.005255401794954371,0.007479765997120356,288,True
INNOVATION,pooled,freight,physical_channel,a,0.5,22,-0.0016052409176663073,0.003990747713255396,0.687821689811384,-0.008169436768062739,0.004958954932730124,287,True
INNOVATION,pooled,freight,physical_channel,a,0.5,23,0.0016572984286296888,0.004052303072920849,0.6828784300693603,-0.005008146978370766,0.008322743835630144,286,True
INNOVATION,pooled,freight,physical_channel,a,0.5,24,0.000154315915310288,0.00392558821153736,0.9686719656127649,-0.006302702092354882,0.006611333922975458,285,True
INNOVATION,pooled,oil,asset_price,a,0.75,0,0.006283448194978697,0.02605247747165248,0.809579836471404,-0.0365690638653404,0.049135960255297796,309,True
INNOVATION,pooled,oil,asset_price,a,0.75,1,-0.05506539166760363,0.026281125488571658,0.037004565225457836,-0.0982939962478475,-0.01183678708735976,308,True
INNOVATION,pooled,oil,asset_price,a,0.75,2,0.045143999175752736,0.024123987311362935,0.06229542666986941,0.00546357115012612,0.08482442720137935,307,True
INNOVATION,pooled,oil,asset_price,a,0.75,3,-0.07867129116487254,0.0357054694944772,0.02835147815384718,-0.1374015621648685,-0.019941020164876568,306,True
INNOVATION,pooled,oil,asset_price,a,0.75,4,0.0624230630244502,0.02743064156827488,0.023592677949322183,0.017303672751267443,0.10754245329763296,305,True
INNOVATION,pooled,oil,asset_price,a,0.75,5,-0.0037453894020359844,0.037800516014035876,0.9211408060101084,-0.06592170526836011,0.05843092646428814,304,True
INNOVATION,pooled,oil,asset_price,a,0.75,6,-0.001295532975841146,0.03562632761615827,0.9710168389468316,-0.059895627170240474,0.05730456121855818,303,True
INNOVATION,pooled,oil,asset_price,a,0.75,7,0.041053678713211014,0.026257956464715876,0.11903885006537981,-0.0021368162141107497,0.08424417364053277,302,True
INNOVATION,pooled,oil,asset_price,a,0.75,8,0.009650310436648782,0.03406469444709061,0.7771560073100685,-0.04638112577564188,0.06568174664893944,301,True
INNOVATION,pooled,oil,asset_price,a,0.75,9,-0.020225873665513205,0.033564636841822114,0.5472558075198085,-0.07543478831209333,0.03498304098106691,300,True
INNOVATION,pooled,oil,asset_price,a,0.75,10,0.025129683170811323,0.026328833861325937,0.34066229007253335,-0.018177394699393376,0.06843676104101602,299,True
INNOVATION,pooled,oil,asset_price,a,0.75,11,-0.030390194091935635,0.036325047016569946,0.40351062609639105,-0.09013957942632347,0.029359191242452197,298,True
INNOVATION,pooled,oil,asset_price,a,0.75,12,0.03869015225380901,0.025609284867009238,0.13195870253754027,-0.0034333728433245878,0.08081367735094261,297,True
INNOVATION,pooled,oil,asset_price,a,0.75,13,-0.03319129322056591,0.033128764574168086,0.3172568647758014,-0.08768326178680773,0.02130067534567591,296,True
INNOVATION,pooled,oil,asset_price,a,0.75,14,0.04851129658023201,0.032362900842245884,0.13500175812463622,-0.004720938248806983,0.101743531409271,295,True
INNOVATION,pooled,oil,asset_price,a,0.75,15,-0.021127576587611788,0.026549130977548054,0.42682727640272694,-0.06479701096844138,0.02254185779321781,294,True
INNOVATION,pooled,oil,asset_price,a,0.75,16,0.009575895942222412,0.034572503871989006,0.7820004758640119,-0.04729081244441252,0.06644260432885735,293,True
INNOVATION,pooled,oil,asset_price,a,0.75,17,-0.07611531798489896,0.024356615290759238,0.0019659712821819665,-0.11617838498616598,-0.036052250983631934,292,True
INNOVATION,pooled,oil,asset_price,a,0.75,18,0.0016215590452446083,0.027328156214122473,0.9527268186025519,-0.04332925782145115,0.04657237591194037,291,True
INNOVATION,pooled,oil,asset_price,a,0.75,19,0.0366933080462471,0.036903164739589184,0.3209412744554915,-0.024006996321653852,0.09739361241414804,290,True
INNOVATION,pooled,oil,asset_price,a,0.75,20,0.009214678163252665,0.026331529416049233,0.7266452408997094,-0.0340968334999153,0.05252618982642063,289,True
INNOVATION,pooled,oil,asset_price,a,0.75,21,0.02520073272978851,0.026486689753234063,0.34221504591252155,-0.01836599497675693,0.06876746043633394,288,True
INNOVATION,pooled,oil,asset_price,a,0.75,22,-0.0061985452564492505,0.026882285154372267,0.817812996289961,-0.05041596949336219,0.03801887898046369,287,True
INNOVATION,pooled,oil,asset_price,a,0.75,23,-0.0198442576027692,0.02641448520053249,0.45314314989253174,-0.06329221938892104,0.023603704183382652,286,True
INNOVATION,pooled,oil,asset_price,a,0.75,24,0.0432061052811617,0.028121789782611213,0.12560884559165963,-0.003050122639133207,0.0894623332014566,285,True
INNOVATION,pooled,dxy,asset_price,a,0.75,0,0.0021315328625317693,0.007171174567351003,0.766495359042664,-0.009663999634077682,0.013927065359141219,309,True
INNOVATION,pooled,dxy,asset_price,a,0.75,1,-0.0033246543848634205,0.0054946360174957035,0.5455974137988733,-0.01236252636701942,0.00571321759729258,308,True
INNOVATION,pooled,dxy,asset_price,a,0.75,2,0.00425284645109276,0.0072422878104424,0.5575053866939582,-0.007659656921339858,0.016165349823525375,307,True
INNOVATION,pooled,dxy,asset_price,a,0.75,3,0.004875047734867327,0.007847173602867153,0.5349205552122991,-0.00803240422712656,0.017782499696861215,306,True
INNOVATION,pooled,dxy,asset_price,a,0.75,4,-0.0036297458250612712,0.004980151730526614,0.46668421668713445,-0.011821366461786624,0.004561874811664082,305,True
INNOVATION,pooled,dxy,asset_price,a,0.75,5,0.007957069673511643,0.005509025771331159,0.14971454915874352,-0.0011044713474315463,0.01701861069445483,304,True
INNOVATION,pooled,dxy,asset_price,a,0.75,6,-0.009552146907392936,0.005100568695172158,0.06211085794398061,-0.017941835825161997,-0.0011624579896238729,303,True
INNOVATION,pooled,dxy,asset_price,a,0.75,7,0.001748107977140298,0.005506382328597867,0.7511174828023944,-0.007309084967435396,0.010805300921715992,302,True
INNOVATION,pooled,dxy,asset_price,a,0.75,8,-0.01720167439253245,0.005153639276107392,0.0009559658707938244,-0.025678656647837254,-0.008724692137227649,301,True
INNOVATION,pooled,dxy,asset_price,a,0.75,9,-0.001213114732883409,0.005244638368691142,0.8172427151850004,-0.009839777175673888,0.007413547709907069,300,True
INNOVATION,pooled,dxy,asset_price,a,0.75,10,-0.00809793771786425,0.005901757578735633,0.17110413477256933,-0.017805465076635895,0.0016095896409073947,299,True
INNOVATION,pooled,dxy,asset_price,a,0.75,11,0.0003427823247104814,0.005570181278321914,0.9509733924392912,-0.008819350553714505,0.00950491520313547,298,True
INNOVATION,pooled,dxy,asset_price,a,0.75,12,-0.004406071551323025,0.006107485879924217,0.471245812899628,-0.014451991852471277,0.005639848749825227,297,True
INNOVATION,pooled,dxy,asset_price,a,0.75,13,0.0012976226438796146,0.006394939541615313,0.8393485935596209,-0.009221116855281718,0.011816362143040948,296,True
INNOVATION,pooled,dxy,asset_price,a,0.75,14,-0.008371349843182635,0.005415557527135224,0.12327916410064316,-0.017279149283655353,0.0005364495972900833,295,True
INNOVATION,pooled,dxy,asset_price,a,0.75,15,-0.00143665286818348,0.005427445975312011,0.7914341997846812,-0.010364007065758612,0.007490701329391652,294,True
INNOVATION,pooled,dxy,asset_price,a,0.75,16,0.002138606484847219,0.005808770726776541,0.7130267612785423,-0.007415971113220714,0.011693184082915153,293,True
INNOVATION,pooled,dxy,asset_price,a,0.75,17,-0.00369429888588238,0.005810530920712248,0.5254339423311672,-0.013251771745329599,0.005863173973564839,292,True
INNOVATION,pooled,dxy,asset_price,a,0.75,18,-0.015334240274624999,0.005384802061310295,0.004733573530539829,-0.024191451475587003,-0.006477029073662996,291,True
INNOVATION,pooled,dxy,asset_price,a,0.75,19,-0.000754158175129041,0.005230571227531658,0.8854613791030453,-0.009357682229762503,0.007849365879504421,290,False
INNOVATION,pooled,dxy,asset_price,a,0.75,20,-0.0001975421073061312,0.005161347369701386,0.9694974998317496,-0.008687203048315897,0.008292118833703635,289,True
INNOVATION,pooled,dxy,asset_price,a,0.75,21,0.00046932840019881655,0.007959898342036453,0.953025666351082,-0.012623539257864854,0.013562196058262487,288,True
INNOVATION,pooled,dxy,asset_price,a,0.75,22,0.003654648722254839,0.005364819612453634,0.4963066258443396,-0.005169694275229911,0.01247899171973959,287,True
INNOVATION,pooled,dxy,asset_price,a,0.75,23,-0.0123179217015652,0.005841962726531657,0.035900081883157076,-0.021927095280816107,-0.0027087481223142928,286,True
INNOVATION,pooled,dxy,asset_price,a,0.75,24,-0.008825060382489265,0.005629683361240764,0.11814269166163174,-0.01808506547781449,0.00043494471283596,285,True
INNOVATION,pooled,vix,asset_price,a,0.75,0,0.31908003757713743,1.5182940826897628,0.8336902605167671,-2.1782914911140776,2.8164515662683525,309,True
INNOVATION,pooled,vix,asset_price,a,0.75,1,-3.394653141392041,1.5647599836080928,0.03085031454573833,-5.968454275738338,-0.8208520070457435,308,True
INNOVATION,pooled,vix,asset_price,a,0.75,2,-2.8526771530721433,1.737022065094003,0.10160470149795557,-5.709824196936751,0.004469890792463627,307,True
INNOVATION,pooled,vix,asset_price,a,0.75,3,-3.139589428966218,1.6982685930820713,0.0655119139809998,-5.932992683835037,-0.34618617409739905,306,True
INNOVATION,pooled,vix,asset_price,a,0.75,4,-2.8069524269914723,2.0766638169824994,0.17753244147018254,-6.222760438314024,0.6088555843310801,305,True
INNOVATION,pooled,vix,asset_price,a,0.75,5,0.7614251200284059,2.6351565063072635,0.7728270559444393,-3.5730216169558666,5.095871857012678,304,True
INNOVATION,pooled,vix,asset_price,a,0.75,6,4.358969272856996,2.784129008075227,0.11852505726652868,-0.22051542397634538,8.938453969690336,303,True
INNOVATION,pooled,vix,asset_price,a,0.75,7,-2.7227608285223255,3.0044950962165897,0.3655721647666357,-7.6647154846920955,2.2191938276474446,302,True
INNOVATION,pooled,vix,asset_price,a,0.75,8,-0.47837341814197387,3.591521063296795,0.8941323379350792,-6.385899865378315,5.429153029094367,301,True
INNOVATION,pooled,vix,asset_price,a,0.75,9,-0.9700621342373381,3.6678936079217856,0.7916052610968674,-7.003210238499609,5.063085970024932,300,True
INNOVATION,pooled,vix,asset_price,a,0.75,10,-0.7213637102831285,3.3907223652077163,0.831676922800413,-6.298605690680515,4.855878270114258,299,True
INNOVATION,pooled,vix,asset_price,a,0.75,11,3.0027888915200265,3.8083386819970126,0.431075188207249,-3.2613708022223493,9.266948585262401,298,True
INNOVATION,pooled,vix,asset_price,a,0.75,12,0.9253064629386927,3.6204244813188646,0.7984611681160567,-5.029761876262544,6.880374802139929,297,True
INNOVATION,pooled,vix,asset_price,a,0.75,13,-2.457341769585568,3.446162530721878,0.47639447946875657,-8.125774707307713,3.2110911681365772,296,True
INNOVATION,pooled,vix,asset_price,a,0.75,14,-4.9749594950074325,2.782542443680926,0.07486656938648895,-9.551834525642416,-0.3980844643724488,295,True
INNOVATION,pooled,vix,asset_price,a,0.75,15,2.169208630195378,3.0625017793080174,0.47934038555195746,-2.8681585290447513,7.206575789435507,294,True
INNOVATION,pooled,vix,asset_price,a,0.75,16,3.276079810591778,2.990036423837684,0.2741700653563642,-1.6420924458746455,8.194252067058201,293,True
INNOVATION,pooled,vix,asset_price,a,0.75,17,2.4887017070067756,3.325103588752803,0.45481644791235804,-2.9806069909426283,7.9580104049561795,292,True
INNOVATION,pooled,vix,asset_price,a,0.75,18,-2.8325515579757656,3.3123314604000043,0.393205262061516,-8.280851974280178,2.615748858328648,291,True
INNOVATION,pooled,vix,asset_price,a,0.75,19,-3.824545178328922,3.2299881517207516,0.23740247516110113,-9.137402904697083,1.4883125480392385,290,True
INNOVATION,pooled,vix,asset_price,a,0.75,20,-7.453372097658985,3.42016243265705,0.030162147557413543,-13.079038679778105,-1.8277055155398658,289,True
INNOVATION,pooled,vix,asset_price,a,0.75,21,-7.410707439053567,4.171605035587356,0.07676598397779075,-14.272387112048454,-0.5490277660586802,288,False
INNOVATION,pooled,vix,asset_price,a,0.75,22,-3.5097129481355296,3.8057849684123037,0.35723606995827506,-9.769672156825902,2.7502462605548423,287,False
INNOVATION,pooled,vix,asset_price,a,0.75,23,-1.8534825610477412,3.7267404738980026,0.6193462847933499,-7.983425146245719,4.276460024150237,286,True
INNOVATION,pooled,vix,asset_price,a,0.75,24,-3.8203406639027406,2.8855727660832518,0.18663682872989854,-8.566685494027169,0.9260041662216878,285,True
INNOVATION,pooled,us10y,asset_price,a,0.75,0,-0.04535116164810038,0.06776675099796942,0.5038757596809595,-0.15681754781382767,0.06611522451762691,309,True
INNOVATION,pooled,us10y,asset_price,a,0.75,1,0.07839675448003114,0.09798919198007967,0.42432483803587656,-0.08278112335044702,0.2395746323105093,308,True
INNOVATION,pooled,us10y,asset_price,a,0.75,2,0.009769181406891786,0.08646252801208706,0.9101178706450755,-0.13244902138918288,0.15198738420296645,307,True
INNOVATION,pooled,us10y,asset_price,a,0.75,3,-0.10589523243664622,0.06604814060618698,0.10994869609422471,-0.2145347560661337,0.002744291192841239,306,True
INNOVATION,pooled,us10y,asset_price,a,0.75,4,0.006498174824341341,0.06939694886010885,0.9254613506806588,-0.10764964820757453,0.12064599785625721,305,True
INNOVATION,pooled,us10y,asset_price,a,0.75,5,0.04773341983016621,0.10164997173520643,0.6390035969902987,-0.11946590485800271,0.21493274451833513,304,True
INNOVATION,pooled,us10y,asset_price,a,0.75,6,0.06033553469353195,0.0688940400092759,0.381880799500528,-0.05298507689106535,0.17365614627812925,303,True
INNOVATION,pooled,us10y,asset_price,a,0.75,7,0.03134138042087642,0.07007937610980602,0.6550474179150096,-0.08392893554783437,0.1466116963895872,302,True
INNOVATION,pooled,us10y,asset_price,a,0.75,8,-0.05286816890644541,0.07136135858840809,0.45938919134207273,-0.17024715840477306,0.06451082059188222,301,True
INNOVATION,pooled,us10y,asset_price,a,0.75,9,-0.009336670344829878,0.058163983241961995,0.8725822468257666,-0.10500790913831572,0.08633456844865596,300,True
INNOVATION,pooled,us10y,asset_price,a,0.75,10,-0.0010613683012077324,0.0664949096136847,0.9872761567718183,-0.11043576155308733,0.10831302495067187,299,True
INNOVATION,pooled,us10y,asset_price,a,0.75,11,-0.041875257263763364,0.07016622428154573,0.5511158466212356,-0.1572884257627543,0.0735379112352276,298,True
INNOVATION,pooled,us10y,asset_price,a,0.75,12,-0.029710375918092335,0.07000345683874513,0.6715871123120687,-0.14485581579844312,0.08543506396225845,297,True
INNOVATION,pooled,us10y,asset_price,a,0.75,13,0.13210861693509124,0.07179218252034071,0.06679651065187306,0.01402098512974674,0.2501962487404357,296,True
INNOVATION,pooled,us10y,asset_price,a,0.75,14,-0.07443234200197645,0.06934805580769621,0.2840504355825699,-0.18849974311929865,0.03963505911534576,295,True
INNOVATION,pooled,us10y,asset_price,a,0.75,15,-0.03479306869075338,0.06944917823140169,0.616774551651053,-0.14902680139347368,0.07944066401196692,294,True
INNOVATION,pooled,us10y,asset_price,a,0.75,16,-0.07877515155272563,0.06481862509753006,0.22527277551356092,-0.18539230213840568,0.02784199903295441,293,True
INNOVATION,pooled,us10y,asset_price,a,0.75,17,0.01587479733580599,0.0638867803906361,0.8039439570692354,-0.08920960510398399,0.12095919977559597,292,True
INNOVATION,pooled,us10y,asset_price,a,0.75,18,0.03572900707085935,0.06661002196331933,0.5921189458914975,-0.07383472914682368,0.1452927432885424,291,True
INNOVATION,pooled,us10y,asset_price,a,0.75,19,0.08728120025805364,0.06456167861171888,0.17751279762026834,-0.018913310968507457,0.19347571148461473,290,True
INNOVATION,pooled,us10y,asset_price,a,0.75,20,0.12690024925359628,0.06605720223281668,0.055757085033123883,0.018245820574680882,0.23555467793251167,289,True
INNOVATION,pooled,us10y,asset_price,a,0.75,21,0.1399422105034548,0.09852726153082365,0.1566455968104841,-0.022120712979116747,0.30200513398602635,288,True
INNOVATION,pooled,us10y,asset_price,a,0.75,22,-0.10577519420109913,0.09895702283477252,0.286058796718601,-0.26854501212319437,0.05699462372099612,287,True
INNOVATION,pooled,us10y,asset_price,a,0.75,23,-0.037016037061107454,0.07195074979551591,0.6073457020985479,-0.1553644888241397,0.08133241470192479,286,False
INNOVATION,pooled,us10y,asset_price,a,0.75,24,0.09138924148075778,0.06963014609651828,0.19046354792543996,-0.023142156871261213,0.20592063983277675,285,True
INNOVATION,pooled,ip,real_macro,a,0.75,0,0.05267851980729776,0.17324714796258456,0.7612921833686187,-0.2322876798779578,0.3376447194925533,309,True
INNOVATION,pooled,ip,real_macro,a,0.75,1,-0.37857492984942476,0.1656386304056442,0.022992434358772497,-0.651026231835423,-0.1061236278634265,308,True
INNOVATION,pooled,ip,real_macro,a,0.75,2,-0.25299474582497306,0.1771289148619184,0.15426813781490414,-0.5443458838735781,0.03835639222363196,307,True
INNOVATION,pooled,ip,real_macro,a,0.75,3,0.4710645352443166,0.1879836519118455,0.012758737121443845,0.16185894358953445,0.7802701268990987,306,True
INNOVATION,pooled,ip,real_macro,a,0.75,4,-0.2108446050397337,0.24866730668011128,0.3971914305994805,-0.6198659263367687,0.19817671625730135,305,True
INNOVATION,pooled,ip,real_macro,a,0.75,5,0.075678461816578,0.17525193469444364,0.6661882607422023,-0.21258531859584018,0.3639422422289962,304,True
INNOVATION,pooled,ip,real_macro,a,0.75,6,0.007296825041989252,0.23439603176613355,0.975187091760188,-0.378250337951568,0.3928439880355465,303,True
INNOVATION,pooled,ip,real_macro,a,0.75,7,-0.05064988127858239,0.23571276553496698,0.8300132129275414,-0.4383628785875348,0.33706311603037004,302,True
INNOVATION,pooled,ip,real_macro,a,0.75,8,0.11063917988651129,0.16528217605192752,0.5037812284175517,-0.16122580686293347,0.38250416663595604,301,True
INNOVATION,pooled,ip,real_macro,a,0.75,9,0.17785392574760683,0.15289785157432947,0.24570961215643064,-0.07364065996751684,0.4293485114627305,300,True
INNOVATION,pooled,ip,real_macro,a,0.75,10,-0.2952023710421304,0.17899392490790078,0.1002020238149455,-0.5896211776291704,-0.0007835644550903131,299,True
INNOVATION,pooled,ip,real_macro,a,0.75,11,-0.1754335480537309,0.1609415157170029,0.2766171862218864,-0.4401587839079105,0.08929168780044872,298,True
INNOVATION,pooled,ip,real_macro,a,0.75,12,0.07765198408220053,0.15820578211748101,0.6239277829570231,-0.18257337043843247,0.33787733860283353,297,True
INNOVATION,pooled,ip,real_macro,a,0.75,13,0.21157989463558025,0.17829216354689212,0.23634344417939368,-0.0816846172315503,0.5048444065027108,296,True
INNOVATION,pooled,ip,real_macro,a,0.75,14,-0.4919348011415591,0.13673381768530946,0.0003791667150113101,-0.7168419170881617,-0.26702768519495645,295,True
INNOVATION,pooled,ip,real_macro,a,0.75,15,0.31308853952121396,0.17954582460070578,0.08229483524977098,0.01776193872275017,0.6084151403196778,294,True
INNOVATION,pooled,ip,real_macro,a,0.75,16,0.12896575765682705,0.1741231230727831,0.45952344282703267,-0.1574412928655578,0.4153728081792119,293,False
INNOVATION,pooled,ip,real_macro,a,0.75,17,-0.36153444555707004,0.16492004147770328,0.02919563617362518,-0.6328037739386575,-0.09026511717548258,292,True
INNOVATION,pooled,ip,real_macro,a,0.75,18,-0.2666010566516468,0.1833243929550304,0.14700678283084836,-0.5681428493124054,0.03494073600911185,291,True
INNOVATION,pooled,ip,real_macro,a,0.75,19,-0.17166675961946343,0.17737505871141784,0.3339826200639309,-0.4634227682716694,0.12008924903274254,290,True
INNOVATION,pooled,ip,real_macro,a,0.75,20,-0.024729137355607667,0.1914041026165046,0.8972949664469251,-0.339560869757757,0.2901025950465417,289,True
INNOVATION,pooled,ip,real_macro,a,0.75,21,0.05873493256148919,0.16921038312169553,0.7287737307995065,-0.2195913798340799,0.3370612449570583,288,True
INNOVATION,pooled,ip,real_macro,a,0.75,22,0.018144484296739094,0.18333018544917723,0.9212334412777825,-0.28340683616902607,0.31969580476250425,287,True
INNOVATION,pooled,ip,real_macro,a,0.75,23,0.12181500109723459,0.2506219732140206,0.6273225142548816,-0.2904214605375819,0.5340514627320511,286,True
INNOVATION,pooled,ip,real_macro,a,0.75,24,-0.061123502946992314,0.17126137339703695,0.7214430215348256,-0.34282339413579893,0.2205763882418143,285,True
INNOVATION,pooled,cpi,real_macro,a,0.75,0,-0.01870708865125903,0.05773804252349008,0.7461681143393945,-0.11367771730910002,0.07626354000658196,309,True
INNOVATION,pooled,cpi,real_macro,a,0.75,1,0.011714585909488928,0.061491652968131666,0.8490433933064517,-0.0894301825023837,0.11285935432136156,308,True
INNOVATION,pooled,cpi,real_macro,a,0.75,2,-0.14889580902170252,0.06439628646860988,0.021460931231431595,-0.2548182743818015,-0.04297334366160355,307,True
INNOVATION,pooled,cpi,real_macro,a,0.75,3,-0.0458564691699852,0.07936601134454815,0.563854740204431,-0.17640194078673693,0.08468900244676653,306,True
INNOVATION,pooled,cpi,real_macro,a,0.75,4,0.05419005204057159,0.081917631746463,0.5088031195364734,-0.08055246164887311,0.1889325657300163,305,True
INNOVATION,pooled,cpi,real_macro,a,0.75,5,-0.06714071828151302,0.10224535198564642,0.5119185027966195,-0.23531935633403345,0.1010379197710074,304,True
INNOVATION,pooled,cpi,real_macro,a,0.75,6,0.003976559070883567,0.09286821566652723,0.965875086737565,-0.14877806229671528,0.15673118043848241,303,True
INNOVATION,pooled,cpi,real_macro,a,0.75,7,-0.1414713568181143,0.09571979097834106,0.14050751932615804,-0.29891640217987536,0.015973688543646808,302,True
INNOVATION,pooled,cpi,real_macro,a,0.75,8,-0.07343624883273137,0.0692873913700252,0.2900908167250397,-0.18740386582972346,0.040531368164260714,301,True
INNOVATION,pooled,cpi,real_macro,a,0.75,9,-0.10802883392690932,0.09712810242626432,0.2669731029832186,-0.26779034548166425,0.05173267762784564,300,True
INNOVATION,pooled,cpi,real_macro,a,0.75,10,-0.011451803535618144,0.0683144241557529,0.8669903004735323,-0.12381903188130956,0.10091542481007328,299,True
INNOVATION,pooled,cpi,real_macro,a,0.75,11,-0.05663815171677555,0.0671924506347943,0.399980103807967,-0.16715989784717472,0.0538835944136236,298,True
INNOVATION,pooled,cpi,real_macro,a,0.75,12,-0.08121666871600969,0.10142151752699455,0.42392880478552947,-0.24804021967120898,0.08560688223918961,297,True
INNOVATION,pooled,cpi,real_macro,a,0.75,13,-0.043323198366916116,0.0733810780682412,0.5554043655512052,-0.1640243307770718,0.07737793404323956,296,True
INNOVATION,pooled,cpi,real_macro,a,0.75,14,-0.060548738681289294,0.07630023101708416,0.4281217591624675,-0.1860514504069754,0.06495397304439682,295,True
INNOVATION,pooled,cpi,real_macro,a,0.75,15,-0.03764178607590818,0.09740271239395476,0.6994530747806342,-0.19785499083201577,0.12257141868019941,294,True
INNOVATION,pooled,cpi,real_macro,a,0.75,16,0.08141415645344421,0.11139802855843471,0.46549006716742036,-0.1018192948561408,0.2646476077630292,293,True
INNOVATION,pooled,cpi,real_macro,a,0.75,17,-0.11124428136437381,0.10636965367268204,0.296549277490084,-0.28620679200545684,0.06371822927670923,292,True
INNOVATION,pooled,cpi,real_macro,a,0.75,18,-0.0701787339301223,0.07154355830038812,0.32748658867327507,-0.18785741528552982,0.04749994742528521,291,True
INNOVATION,pooled,cpi,real_macro,a,0.75,19,-0.04006944992409611,0.07151159153283229,0.5757149961798892,-0.15769555062594748,0.07755665077775527,290,True
INNOVATION,pooled,cpi,real_macro,a,0.75,20,0.059647805712800483,0.07240670675886755,0.4107736575133752,-0.05945062851513448,0.17874623994073546,289,True
INNOVATION,pooled,cpi,real_macro,a,0.75,21,0.0053348479986254915,0.07545944536369457,0.9436895149903941,-0.11878489439559398,0.12945459039284496,288,False
INNOVATION,pooled,cpi,real_macro,a,0.75,22,0.08487315618105562,0.09436889378835651,0.369244804505985,-0.07034986103812085,0.2400961734002321,287,True
INNOVATION,pooled,cpi,real_macro,a,0.75,23,0.010130530824329576,0.07299930739219165,0.8897300766215424,-0.10994264470466228,0.13020370635332143,286,True
INNOVATION,pooled,cpi,real_macro,a,0.75,24,0.13759417926247208,0.06843186612515617,0.045350341086263915,0.02503377606745137,0.2501545824574928,285,True
INNOVATION,pooled,infl_exp,real_macro,a,0.75,0,0.15912971582625662,0.08098181506397019,0.050351769265522026,0.02592648360117189,0.29233294805134136,309,True
INNOVATION,pooled,infl_exp,real_macro,a,0.75,1,-0.0805162064607452,0.08652541801595172,0.35284996875357005,-0.22283785410777565,0.061805441186285254,308,True
INNOVATION,pooled,infl_exp,real_macro,a,0.75,2,-0.018608017232404794,0.11203289092755467,0.8681973442607042,-0.20288572421245177,0.16566968974764218,307,True
INNOVATION,pooled,infl_exp,real_macro,a,0.75,3,0.07762786360127327,0.08775815180105286,0.3771186122330625,-0.06672145068324639,0.22197717788579294,306,True
INNOVATION,pooled,infl_exp,real_macro,a,0.75,4,-0.006510466577458407,0.12077330159562552,0.9570466427739274,-0.20516486974592707,0.19214393659101026,305,True
INNOVATION,pooled,infl_exp,real_macro,a,0.75,5,0.1776398773616319,0.11719156325074984,0.13065719425058797,-0.015123090499476827,0.3704028452227406,304,True
INNOVATION,pooled,infl_exp,real_macro,a,0.75,6,-0.00528813865141764,0.09402788668932585,0.9551893907746309,-0.1599502491069373,0.14937397180410203,303,True
INNOVATION,pooled,infl_exp,real_macro,a,0.75,7,-0.08221091214037068,0.09363543437877433,0.38068137099585797,-0.2362274959894742,0.07180567170873284,302,True
INNOVATION,pooled,infl_exp,real_macro,a,0.75,8,-0.1206807840062378,0.11531668133601404,0.2962032971766519,-0.3103598455497876,0.06899827753731202,301,True
INNOVATION,pooled,infl_exp,real_macro,a,0.75,9,0.02599475113266081,0.0836712601010774,0.7562723424236342,-0.11163222451619634,0.16362172678151796,300,True
INNOVATION,pooled,infl_exp,real_macro,a,0.75,10,-0.05112001175101166,0.08467688061854298,0.5465187646514217,-0.1904010859553589,0.08816106245333558,299,True
INNOVATION,pooled,infl_exp,real_macro,a,0.75,11,-0.025136541834871906,0.09420182520490407,0.7897882371504192,-0.18008475568860696,0.12981167201886315,298,True
INNOVATION,pooled,infl_exp,real_macro,a,0.75,12,0.1765341070751738,0.07758565413261542,0.02363302085774961,0.04891706247573885,0.30415115167460877,297,True
INNOVATION,pooled,infl_exp,real_macro,a,0.75,13,0.03589046705302901,0.09056659813355974,0.6921921779439727,-0.11307833036761317,0.18485926447367118,296,True
INNOVATION,pooled,infl_exp,real_macro,a,0.75,14,0.01441032419245758,0.07929224961030766,0.8559202665068046,-0.11601382016819844,0.1448344685531136,295,True
INNOVATION,pooled,infl_exp,real_macro,a,0.75,15,0.15388107397949025,0.07634803653307635,0.04480534300815609,0.02829972917743609,0.27946241878154443,294,True
INNOVATION,pooled,infl_exp,real_macro,a,0.75,16,-0.083050310696974,0.12256131878853062,0.4985725891586402,-0.2846457404302442,0.11854511903629622,293,False
INNOVATION,pooled,infl_exp,real_macro,a,0.75,17,0.13439386147014798,0.08060358963336223,0.09657221227287179,0.001812754716404047,0.2669749682238919,292,True
INNOVATION,pooled,infl_exp,real_macro,a,0.75,18,-0.08436379913343117,0.08070292600501876,0.2967669047846457,-0.21710829967838255,0.048380701411520205,291,True
INNOVATION,pooled,infl_exp,real_macro,a,0.75,19,-0.1500507288233921,0.07685166209753874,0.05189297914373715,-0.2764604639617777,-0.023640993685006523,290,True
INNOVATION,pooled,infl_exp,real_macro,a,0.75,20,0.2744107158120759,0.07393833575433702,0.0002494979989577035,0.15279297607579892,0.39602845554835286,289,True
INNOVATION,pooled,infl_exp,real_macro,a,0.75,21,0.15265276361937008,0.09167752368199182,0.0970346388087238,0.0018566562811163367,0.30344887095762385,288,True
INNOVATION,pooled,infl_exp,real_macro,a,0.75,22,0.21896893422895913,0.12415496020223,0.07890533487974445,0.01475219763630542,0.42318567082161285,287,True
INNOVATION,pooled,infl_exp,real_macro,a,0.75,23,0.07210521863921215,0.12071469183735774,0.550791117410395,-0.126452780055795,0.2706632173342193,286,True
INNOVATION,pooled,infl_exp,real_macro,a,0.75,24,-0.10256268412689096,0.09819164862029306,0.2971778289521573,-0.26407357349632454,0.0589482052425426,285,True
INNOVATION,pooled,freight,physical_channel,a,0.75,0,0.0024661499787333833,0.0053839341294086,0.6472485442424266,-0.006389633601292169,0.011321933558758936,309,True
INNOVATION,pooled,freight,physical_channel,a,0.75,1,-0.0025990754568166463,0.006267331227499428,0.6786624245475382,-0.012907917957675303,0.007709767044042011,308,True
INNOVATION,pooled,freight,physical_channel,a,0.75,2,-0.003163308107309859,0.005990777210772831,0.5978784110805165,-0.013017259730707774,0.0066906435160880556,307,True
INNOVATION,pooled,freight,physical_channel,a,0.75,3,0.00017633515744269745,0.00801659245525765,0.9824659516808076,-0.013009786018379656,0.013362456333265051,306,True
INNOVATION,pooled,freight,physical_channel,a,0.75,4,0.0008619815487403044,0.006638393047787714,0.8967764551479599,-0.010057203333042756,0.011781166430523364,305,True
INNOVATION,pooled,freight,physical_channel,a,0.75,5,-0.00931290662020375,0.005932961211861319,0.11757780032679661,-0.019071759388096243,0.00044594614768874233,304,True
INNOVATION,pooled,freight,physical_channel,a,0.75,6,0.01236965732916362,0.005490098392509802,0.02500361357232144,0.0033392490759234245,0.021400065582403816,303,True
INNOVATION,pooled,freight,physical_channel,a,0.75,7,0.015356918308222577,0.008652957539139033,0.07699386292169373,0.001124069716112652,0.0295897669003325,302,True
INNOVATION,pooled,freight,physical_channel,a,0.75,8,0.019601445246578673,0.007655269264372721,0.0109635288985955,0.007009647831785074,0.03219324266137227,301,True
INNOVATION,pooled,freight,physical_channel,a,0.75,9,-0.006858503758914211,0.0075806705302136545,0.3663668743828037,-0.01932759717526028,0.005610589657431858,300,True
INNOVATION,pooled,freight,physical_channel,a,0.75,10,0.0032874412230303185,0.0063910155432871955,0.607381625374289,-0.0072248438732488585,0.013799726319309496,299,True
INNOVATION,pooled,freight,physical_channel,a,0.75,11,0.0035391561941822414,0.009265475861052445,0.7027674813305446,-0.011701195381301188,0.018779507769665672,298,True
INNOVATION,pooled,freight,physical_channel,a,0.75,12,0.007020685082904444,0.006921694585258189,0.3113053021886898,-0.004364489360307854,0.018405859526116744,297,True
INNOVATION,pooled,freight,physical_channel,a,0.75,13,-0.002946190048586813,0.009659491059135257,0.7605875709552212,-0.018834638951710756,0.01294225885453713,296,True
INNOVATION,pooled,freight,physical_channel,a,0.75,14,0.002287567748257169,0.009162984220652724,0.8030380053867476,-0.012784200080782574,0.01735933557729691,295,True
INNOVATION,pooled,freight,physical_channel,a,0.75,15,0.0019274339991057765,0.009675803202395224,0.8422497440323612,-0.013987845992022678,0.01784271399023423,294,True
INNOVATION,pooled,freight,physical_channel,a,0.75,16,-0.009518917243557579,0.006828554905858201,0.16443072400227893,-0.02075089054729571,0.0017130560601805508,293,True
INNOVATION,pooled,freight,physical_channel,a,0.75,17,-0.008443003390392001,0.006881519054469505,0.22089452587200673,-0.019762094966071835,0.002876088185287831,292,False
INNOVATION,pooled,freight,physical_channel,a,0.75,18,-0.013135125212611686,0.00830961185189004,0.11508445333678492,-0.026803220405751955,0.0005329699805285849,291,True
INNOVATION,pooled,freight,physical_channel,a,0.75,19,0.00372647543786051,0.009105128522542773,0.6826573839339717,-0.01125012823630327,0.01870307911202429,290,True
INNOVATION,pooled,freight,physical_channel,a,0.75,20,-0.006058900925399844,0.00806841270499942,0.4533303288337109,-0.01933025882695948,0.007212456976159791,289,True
INNOVATION,pooled,freight,physical_channel,a,0.75,21,-0.0032546570586887186,0.008763364851071806,0.7106314557075111,-0.01766910951827323,0.01115979540089579,288,True
INNOVATION,pooled,freight,physical_channel,a,0.75,22,-0.0033335836582006756,0.005469103424680141,0.5426800182803407,-0.012329458262458523,0.005662290946057172,287,True
INNOVATION,pooled,freight,physical_channel,a,0.75,23,0.006089637638657344,0.005499902575255997,0.26917423459212614,-0.002956897060132224,0.015136172337446912,286,True
INNOVATION,pooled,freight,physical_channel,a,0.75,24,-0.002021071892384485,0.005252709670022992,0.700711473077653,-0.010661010444444875,0.006618866659675905,285,True
INNOVATION,pooled,oil,asset_price,a,0.9,0,-0.007962501026225269,0.03089962555930899,0.7968264155453059,-0.058787862198897076,0.04286286014644654,309,True
INNOVATION,pooled,oil,asset_price,a,0.9,1,-0.02352306493134193,0.023667658411857792,0.3210933891527874,-0.06245289871153474,0.01540676884885088,308,True
INNOVATION,pooled,oil,asset_price,a,0.9,2,0.07307824402125451,0.027955023227669195,0.0094077238282091,0.027096322673710184,0.11906016536879885,307,True
INNOVATION,pooled,oil,asset_price,a,0.9,3,-0.10518197234558013,0.05407464447571527,0.052719552658774635,-0.1941268474375718,-0.016237097253588476,306,True
INNOVATION,pooled,oil,asset_price,a,0.9,4,0.160949851757467,0.038432574740760235,3.7363755915518515e-05,0.097733891802044,0.22416581171289002,305,True
INNOVATION,pooled,oil,asset_price,a,0.9,5,0.035937425065952766,0.05698670136996775,0.5287802516871519,-0.05779735737043912,0.12967220750234465,304,True
INNOVATION,pooled,oil,asset_price,a,0.9,6,-0.0363956132055554,0.057803092941723755,0.529422237303118,-0.13147324027976276,0.05868201386865196,303,True
INNOVATION,pooled,oil,asset_price,a,0.9,7,0.032490591337126506,0.031775712131165736,0.30740352145271227,-0.01977580401078735,0.08475698668504036,302,True
INNOVATION,pooled,oil,asset_price,a,0.9,8,0.042417770160309565,0.03905375670291566,0.278329342703608,-0.02181994319856162,0.10665548351918075,301,True
INNOVATION,pooled,oil,asset_price,a,0.9,9,0.02107386239289033,0.03183380241586727,0.5085065748276499,-0.03128808297050549,0.07343580775628615,300,True
INNOVATION,pooled,oil,asset_price,a,0.9,10,0.00021857385338197588,0.033161243468201144,0.9947455973740019,-0.054326817739509495,0.05476396544627345,299,True
INNOVATION,pooled,oil,asset_price,a,0.9,11,-0.029814527978226625,0.05733767166061686,0.6034815452743095,-0.1241266051701449,0.06449754921369166,298,True
INNOVATION,pooled,oil,asset_price,a,0.9,12,0.08052232758080974,0.033109234359244705,0.015635177096192422,0.026062483359419783,0.13498217180219968,297,True
INNOVATION,pooled,oil,asset_price,a,0.9,13,-0.03821754098040051,0.060471053195710854,0.5279006788435231,-0.13768357215494093,0.061248490194139894,296,True
INNOVATION,pooled,oil,asset_price,a,0.9,14,-0.007367615283790485,0.06450439681354458,0.909145909726613,-0.11346790633686628,0.09873267576928531,295,True
INNOVATION,pooled,oil,asset_price,a,0.9,15,0.04294679133976276,0.04392421735198964,0.3290432493676176,-0.029302116882662196,0.11519569956218771,294,True
INNOVATION,pooled,oil,asset_price,a,0.9,16,0.0350402345049281,0.0337249498555045,0.2997041584060348,-0.020432371583654997,0.0905128405935112,293,True
INNOVATION,pooled,oil,asset_price,a,0.9,17,-0.04268324142132052,0.03091566812989047,0.16850033500351944,-0.09353499027439889,0.008168507431757857,292,True
INNOVATION,pooled,oil,asset_price,a,0.9,18,0.016600891314664246,0.031206171961108295,0.5951699743020343,-0.034728693818836066,0.06793047644816455,291,True
INNOVATION,pooled,oil,asset_price,a,0.9,19,0.014807901540948257,0.058109235281687335,0.7990451720732619,-0.08077328487151161,0.11038908795340813,290,True
INNOVATION,pooled,oil,asset_price,a,0.9,20,-0.002566414945467388,0.055284263026392236,0.963007466928262,-0.09350093549776783,0.08836810560683306,289,True
INNOVATION,pooled,oil,asset_price,a,0.9,21,0.010027135690339861,0.02829471528087228,0.7233252550382401,-0.03651352936296215,0.05656780074364187,288,True
INNOVATION,pooled,oil,asset_price,a,0.9,22,-0.03170007030344513,0.038897324304179796,0.41580107376308534,-0.09568047526388292,0.03228033465699266,287,True
INNOVATION,pooled,oil,asset_price,a,0.9,23,0.012894769234346105,0.03366127830316263,0.7019639109925283,-0.04247310647043384,0.06826264493912605,286,True
INNOVATION,pooled,oil,asset_price,a,0.9,24,0.06507039953887146,0.03493885443287793,0.06362770995059593,0.007601098103422674,0.12253970097432025,285,True
INNOVATION,pooled,dxy,asset_price,a,0.9,0,-0.0010588060872841476,0.005634148057108936,0.8510634179373266,-0.010326154953801372,0.008208542779233077,309,True
INNOVATION,pooled,dxy,asset_price,a,0.9,1,0.014255258796772474,0.0063883587239906186,0.02640556903594782,0.003747343779349427,0.024763173814195523,308,True
INNOVATION,pooled,dxy,asset_price,a,0.9,2,-0.0015982626324364882,0.011350630410703664,0.8881181645076435,-0.02026838823166809,0.017071862966795113,307,True
INNOVATION,pooled,dxy,asset_price,a,0.9,3,0.0012748732422771802,0.007670997274566349,0.868119345886112,-0.011342794447128138,0.013892540931682499,306,True
INNOVATION,pooled,dxy,asset_price,a,0.9,4,-0.002540287054286494,0.00472040231889548,0.5908844822089172,-0.010304657929191864,0.005224083820618876,305,True
INNOVATION,pooled,dxy,asset_price,a,0.9,5,0.008296787939484296,0.005934060271421984,0.16313227265062788,-0.001463872620512792,0.018057448499481384,304,True
INNOVATION,pooled,dxy,asset_price,a,0.9,6,-0.0031697390034417256,0.006770868651337845,0.6400347451543705,-0.014306826862206802,0.007967348855323351,303,True
INNOVATION,pooled,dxy,asset_price,a,0.9,7,-0.004281268264917482,0.006094141510127898,0.48292113083171206,-0.014305239031006877,0.005742702501171914,302,True
INNOVATION,pooled,dxy,asset_price,a,0.9,8,-0.01603262675774141,0.005562169814210988,0.004244233648249385,-0.02518158195036635,-0.0068836715651164684,301,False
INNOVATION,pooled,dxy,asset_price,a,0.9,9,0.012951708698294692,0.005990531917141191,0.03144509124359783,0.0030981605470164486,0.022805256849572936,300,True
INNOVATION,pooled,dxy,asset_price,a,0.9,10,-0.0076877347488694125,0.0061609446756882395,0.21312214362270368,-0.017821586944122576,0.0024461174463837505,299,True
INNOVATION,pooled,dxy,asset_price,a,0.9,11,-0.005402101451765451,0.008630808404598473,0.5318772595613938,-0.0195985179595925,0.008794315056061597,298,True
INNOVATION,pooled,dxy,asset_price,a,0.9,12,-0.0008887482130572333,0.006560169678684057,0.892331528162088,-0.011679267102457778,0.009901770676343312,297,True
INNOVATION,pooled,dxy,asset_price,a,0.9,13,0.00016336419026792906,0.007508843167050057,0.982657787681639,-0.012187583727264136,0.012514312107799994,296,True
INNOVATION,pooled,dxy,asset_price,a,0.9,14,-0.012974907704952576,0.005546336961351914,0.020017126140828536,-0.02209782017212728,-0.003851995237777874,295,True
INNOVATION,pooled,dxy,asset_price,a,0.9,15,-0.010141567472464823,0.005533646634902702,0.0679075613491902,-0.019243606210152343,-0.0010395287347773046,294,True
INNOVATION,pooled,dxy,asset_price,a,0.9,16,0.001946694188221354,0.006186741740914825,0.7532581861683104,-0.008229590403334461,0.01212297877977717,293,False
INNOVATION,pooled,dxy,asset_price,a,0.9,17,-0.006725797322846033,0.007405992219373675,0.36458231133416114,-0.018907570486057207,0.005455975840365139,292,True
INNOVATION,pooled,dxy,asset_price,a,0.9,18,-0.013659629622359226,0.0062888561750805835,0.03070114539530974,-0.024003877511316687,-0.0033153817334017656,291,True
INNOVATION,pooled,dxy,asset_price,a,0.9,19,-0.007872839924307803,0.0051363267278422015,0.12647640295175439,-0.016321345571806836,0.0005756657231912286,290,True
INNOVATION,pooled,dxy,asset_price,a,0.9,20,-0.008086325627159427,0.006490412623035671,0.21386598143442145,-0.01876210437057127,0.002589453116252414,289,True
INNOVATION,pooled,dxy,asset_price,a,0.9,21,0.0055380688474144235,0.006871480009934751,0.42097062553971687,-0.005764509969451289,0.016840647664280138,288,True
INNOVATION,pooled,dxy,asset_price,a,0.9,22,0.005943932793255731,0.005969871538628978,0.3202994473686999,-0.0038756320594925103,0.015763497646003974,287,True
INNOVATION,pooled,dxy,asset_price,a,0.9,23,-0.00011844920916507379,0.007665917324992591,0.9876833788039059,-0.012727761125089266,0.012490862706759118,286,True
INNOVATION,pooled,dxy,asset_price,a,0.9,24,-0.015739429966672214,0.006793745358101363,0.021263041768460146,-0.02691414665952997,-0.004564713273814459,285,False
INNOVATION,pooled,vix,asset_price,a,0.9,0,0.7747858553022908,1.4633861131534887,0.5968933723498727,-1.6322701005486424,3.181841811153224,309,True
INNOVATION,pooled,vix,asset_price,a,0.9,1,5.071083554888332,2.6032243624787776,0.052366317064748626,0.7891605204966812,9.353006589279984,308,True
INNOVATION,pooled,vix,asset_price,a,0.9,2,-4.9050623552913635,3.4202114073836745,0.15259864911000623,-10.5308094936672,0.7206847830844723,307,True
INNOVATION,pooled,vix,asset_price,a,0.9,3,-1.1531127317112464,3.8082385678808026,0.7622622595182729,-7.417107752386465,5.110882288963972,306,True
INNOVATION,pooled,vix,asset_price,a,0.9,4,2.8262954648574237,3.4791219497564305,0.41724981317731985,-2.896350892805919,8.548941822520767,305,True
INNOVATION,pooled,vix,asset_price,a,0.9,5,1.3572355867483274,3.0718834173949325,0.6589449631028397,-3.695562993925811,6.410034167422466,304,True
INNOVATION,pooled,vix,asset_price,a,0.9,6,-2.3474260992051086,3.4400161219292267,0.4955401468186472,-8.005749094131936,3.3108968957217177,303,True
INNOVATION,pooled,vix,asset_price,a,0.9,7,-3.3581050487409954,3.59155438009309,0.350571351019878,-9.26568629723056,2.54947619974857,302,True
INNOVATION,pooled,vix,asset_price,a,0.9,8,-2.413786294226867,3.296749302555477,0.46466129489565045,-7.836456341684979,3.0088837532312454,301,True
INNOVATION,pooled,vix,asset_price,a,0.9,9,-0.3677187046414474,6.9619313810978705,0.957913402381925,-11.819076787427552,11.083639378144657,300,True
INNOVATION,pooled,vix,asset_price,a,0.9,10,0.28094663245255447,6.538291015718802,0.9657559920518024,-10.473585058816743,11.035478323721852,299,True
INNOVATION,pooled,vix,asset_price,a,0.9,11,4.986671188054563,7.178794151147474,0.48784937329854894,-6.821394408598374,16.794736784707503,298,True
INNOVATION,pooled,vix,asset_price,a,0.9,12,2.231874856691583,3.4341482402686383,0.5162798829340854,-3.4167963318033028,7.880546045186469,297,True
INNOVATION,pooled,vix,asset_price,a,0.9,13,-4.295949357986956,7.164556149440143,0.5492467201730514,-16.08059552589105,7.488696809917137,296,True
INNOVATION,pooled,vix,asset_price,a,0.9,14,-3.052100896610356,7.401179011400552,0.6803750862662737,-15.225957037229666,9.121755244008952,295,True
INNOVATION,pooled,vix,asset_price,a,0.9,15,0.151544286115481,6.91765798402365,0.9825378417662884,-11.22699053891563,11.530079111146591,294,True
INNOVATION,pooled,vix,asset_price,a,0.9,16,0.26551258857426774,6.453615375064825,0.9672123715068648,-10.349740068050895,10.88076524519943,293,True
INNOVATION,pooled,vix,asset_price,a,0.9,17,-1.0327526244559238,6.84255109468266,0.8801396571643383,-12.287747610145464,10.222242361233617,292,True
INNOVATION,pooled,vix,asset_price,a,0.9,18,-3.5054474976525523,6.498474783093941,0.5900261384948098,-14.194487314277302,7.183592318972197,291,True
INNOVATION,pooled,vix,asset_price,a,0.9,19,-5.620404151562411,6.425695862971656,0.38251052150876275,-16.18973329745841,4.948924994333588,290,True
INNOVATION,pooled,vix,asset_price,a,0.9,20,-5.676225395601374,7.753708736163272,0.46475179714820797,-18.429941332604848,7.077490541402099,289,True
INNOVATION,pooled,vix,asset_price,a,0.9,21,-3.8615199015332378,8.1964170214363,0.6379278316992663,-17.34342616724952,9.620386364183044,288,True
INNOVATION,pooled,vix,asset_price,a,0.9,22,-2.1460146857108526,4.033170733993868,0.5950955775400636,-8.779990195635197,4.487960824213491,287,True
INNOVATION,pooled,vix,asset_price,a,0.9,23,-3.6657521274050673,7.267239612288758,0.6143735625137968,-15.619297561603641,8.287793306793507,286,True
INNOVATION,pooled,vix,asset_price,a,0.9,24,-6.572929314912081,7.196372257711063,0.36186139305096154,-18.409908323901078,5.264049694076917,285,True
INNOVATION,pooled,us10y,asset_price,a,0.9,0,0.07655164466999476,0.08201685466112203,0.3513949593432348,-0.05835407619050359,0.2114573655304931,309,True
INNOVATION,pooled,us10y,asset_price,a,0.9,1,0.06017872047819661,0.14919583934932112,0.6869810975845795,-0.1852265970016034,0.3055840379579966,308,True
INNOVATION,pooled,us10y,asset_price,a,0.9,2,-0.08701551904656935,0.1521464273644697,0.5678149717887176,-0.33727412192472606,0.16324308383158737,307,True
INNOVATION,pooled,us10y,asset_price,a,0.9,3,0.020285673888196243,0.08654449974672158,0.8148419266141981,-0.12206736041289953,0.16263870818929202,306,False
INNOVATION,pooled,us10y,asset_price,a,0.9,4,0.015864341049173752,0.0857088768129954,0.8532829444959834,-0.12511421583861868,0.15684289793696618,305,True
INNOVATION,pooled,us10y,asset_price,a,0.9,5,0.16936800651687167,0.15497237942514597,0.27534843806280923,-0.0855388738578794,0.42427488689162274,304,True
INNOVATION,pooled,us10y,asset_price,a,0.9,6,0.1985871027381143,0.08314888913034901,0.017567065727923638,0.0618193508750739,0.3353548546011547,303,True
INNOVATION,pooled,us10y,asset_price,a,0.9,7,0.049528929154317336,0.08657459872352948,0.567703623316244,-0.0928736135579484,0.19193147186658308,302,True
INNOVATION,pooled,us10y,asset_price,a,0.9,8,-0.09255711937612876,0.08925450644085157,0.3006077483761339,-0.239367718017127,0.05425347926486948,301,True
INNOVATION,pooled,us10y,asset_price,a,0.9,9,-0.2987232484318927,0.07081403845986756,3.30575576449884e-05,-0.4152019764316869,-0.1822445204320985,300,True
INNOVATION,pooled,us10y,asset_price,a,0.9,10,-0.08427923235829837,0.06042291365828702,0.16415553628421845,-0.18366608104010743,0.01510761632351068,299,True
INNOVATION,pooled,us10y,asset_price,a,0.9,11,0.15137775697748168,0.1088212084409666,0.16529348212829972,-0.02761720241588439,0.33037271637084775,298,True
INNOVATION,pooled,us10y,asset_price,a,0.9,12,-0.020615489666059972,0.09772302765870823,0.8330715868343037,-0.18135556614716525,0.1401245868150453,297,True
INNOVATION,pooled,us10y,asset_price,a,0.9,13,0.07298254009859573,0.11442894327912347,0.5241227748586652,-0.1152363222822948,0.26120140247948626,296,True
INNOVATION,pooled,us10y,asset_price,a,0.9,14,-0.13116120984317092,0.11277393727277595,0.24579778591475313,-0.31665782959189426,0.05433540990555241,295,True
INNOVATION,pooled,us10y,asset_price,a,0.9,15,-0.1010890950194156,0.1860625413864805,0.5873506588010476,-0.40713474105877645,0.20495655101994525,294,True
INNOVATION,pooled,us10y,asset_price,a,0.9,16,-0.002502802250361924,0.09518956293645554,0.9790425761048196,-0.15907570009431626,0.15407009559359242,293,True
INNOVATION,pooled,us10y,asset_price,a,0.9,17,-0.07688019927203449,0.07866204200491525,0.32924654753665694,-0.2062677443672284,0.05250734582315941,292,True
INNOVATION,pooled,us10y,asset_price,a,0.9,18,0.13691879639412896,0.09277695750677264,0.141137555263484,-0.01568571865840865,0.28952331144666654,291,True
INNOVATION,pooled,us10y,asset_price,a,0.9,19,0.12706716480447255,0.07746746059688352,0.10208923041537978,-0.000355468729031555,0.2544897983379767,290,True
INNOVATION,pooled,us10y,asset_price,a,0.9,20,0.14820272795614553,0.07730635479786166,0.05626339923755046,0.021045089880485424,0.27536036603180564,289,True
INNOVATION,pooled,us10y,asset_price,a,0.9,21,0.2630472696154149,0.16760896714096835,0.11770639235983396,-0.012644947895997016,0.5387394871268268,288,True
INNOVATION,pooled,us10y,asset_price,a,0.9,22,-0.17867686636846622,0.18060434841067,0.3233789179335944,-0.4757445838949641,0.11839085115803169,287,True
INNOVATION,pooled,us10y,asset_price,a,0.9,23,-0.10558748260786838,0.09020478055697852,0.24281189947352969,-0.2539611430753761,0.04278617785963937,286,True
INNOVATION,pooled,us10y,asset_price,a,0.9,24,0.009838186404273142,0.0882312153630576,0.9112987583344138,-0.13528924819598862,0.1549656210045349,285,True
INNOVATION,pooled,ip,real_macro,a,0.9,0,0.06722361604442995,0.1368253549522547,0.6235727849898537,-0.15783406530770877,0.29228129739656866,309,False
INNOVATION,pooled,ip,real_macro,a,0.9,1,-0.6505662880934526,0.18242063037208733,0.000422496230778833,-0.9506215235917543,-0.3505110525951509,308,True
INNOVATION,pooled,ip,real_macro,a,0.9,2,-0.537768381136404,0.19027528190864593,0.005033327461592202,-0.8507433687030541,-0.22479339356975392,307,True
INNOVATION,pooled,ip,real_macro,a,0.9,3,0.197010647534519,0.2667046809325554,0.46069184074964603,-0.2416795142223299,0.6357008092913679,306,True
INNOVATION,pooled,ip,real_macro,a,0.9,4,-0.43240468868260074,0.36375656069222695,0.23551902893829846,-1.0307309868646035,0.16592160949940205,305,True
INNOVATION,pooled,ip,real_macro,a,0.9,5,0.1739729252167308,0.22534787966789693,0.4407316250759498,-0.19669135198083337,0.5446372024142949,304,False
INNOVATION,pooled,ip,real_macro,a,0.9,6,-0.11773105856619637,0.3383089654374214,0.728094545864609,-0.6741997873961392,0.43873767026374644,303,True
INNOVATION,pooled,ip,real_macro,a,0.9,7,-0.18961155287961162,0.1740682103555417,0.2769346408554212,-0.4759282800198762,0.09670517426065295,302,True
INNOVATION,pooled,ip,real_macro,a,0.9,8,-0.09099929905610793,0.39548229382962174,0.8181802926306813,-0.7415097844568491,0.5595111863446333,301,True
INNOVATION,pooled,ip,real_macro,a,0.9,9,-0.020231771793924436,0.18540382213932527,0.9131816672169495,-0.32519392109045925,0.2847303775026104,300,True
INNOVATION,pooled,ip,real_macro,a,0.9,10,-0.16275764368243983,0.18159335213849553,0.3708621380006226,-0.4614521275777201,0.13593684021284042,299,True
INNOVATION,pooled,ip,real_macro,a,0.9,11,0.01276696757055329,0.1400600153259048,0.9274348418308879,-0.21761125662914002,0.2431451917702466,298,True
INNOVATION,pooled,ip,real_macro,a,0.9,12,-0.2996136910682239,0.19808434418767062,0.13150833633470602,-0.6254334430476176,0.026206060911169893,297,True
INNOVATION,pooled,ip,real_macro,a,0.9,13,0.3885300457831713,0.19314428614602736,0.04521269211066679,0.07083596619092519,0.7062241253754173,296,True
INNOVATION,pooled,ip,real_macro,a,0.9,14,-0.4411562359165928,0.13673229145158308,0.001401739878455668,-0.666060841432115,-0.2162516304010706,295,False
INNOVATION,pooled,ip,real_macro,a,0.9,15,0.2769687025159513,0.1750167048964827,0.11465810743839315,-0.010908159310123733,0.5648455643420263,294,True
INNOVATION,pooled,ip,real_macro,a,0.9,16,0.12167670802528674,0.1762843387559107,0.49062343534069724,-0.16828522595211498,0.41163864200268846,293,True
INNOVATION,pooled,ip,real_macro,a,0.9,17,-0.4884316096134178,0.16666170160531638,0.0036631030094835437,-0.7625657139728265,-0.21429750525400915,292,True
INNOVATION,pooled,ip,real_macro,a,0.9,18,0.1097744296289207,0.2100686077250658,0.601694926387744,-0.23575768169629985,0.45530654095414125,291,True
INNOVATION,pooled,ip,real_macro,a,0.9,19,-0.47836136470821644,0.3847605781578508,0.21482333567927597,-1.1112361971991027,0.15451346778266983,290,True
INNOVATION,pooled,ip,real_macro,a,0.9,20,-0.1086025394202399,0.24058477389439836,0.6520493568830292,-0.504329277349741,0.28712419850926113,289,True
INNOVATION,pooled,ip,real_macro,a,0.9,21,-0.18335559474786756,0.41891749646742776,0.6619565315579469,-0.8724135582057466,0.5057023687100115,288,True
INNOVATION,pooled,ip,real_macro,a,0.9,22,-0.06961887261530464,0.24550395958835675,0.7769507581872837,-0.47343695097516086,0.3341992057445516,287,True
INNOVATION,pooled,ip,real_macro,a,0.9,23,-0.09049084838972005,0.19689183604871777,0.6461728101951696,-0.41434909903158806,0.23336740225214797,286,True
INNOVATION,pooled,ip,real_macro,a,0.9,24,0.08902176323926858,0.21108396213704422,0.673551868061318,-0.25818045747313584,0.436223983951673,285,True
INNOVATION,pooled,cpi,real_macro,a,0.9,0,-0.08033669735463889,0.06988784364578174,0.25127728795979687,-0.1952919704552204,0.03461857574594261,309,True
INNOVATION,pooled,cpi,real_macro,a,0.9,1,0.049638457331088404,0.09985983160838673,0.619503217293533,-0.11461634887672978,0.2138932635389066,308,True
INNOVATION,pooled,cpi,real_macro,a,0.9,2,0.04128786835859688,0.08899368240979055,0.643034101584015,-0.10509371292891453,0.1876694496461083,307,True
INNOVATION,pooled,cpi,real_macro,a,0.9,3,-0.1385424116101175,0.08562114004179198,0.10672359585130553,-0.279376654351579,0.0022918311313439854,306,True
INNOVATION,pooled,cpi,real_macro,a,0.9,4,-0.040863370503844365,0.08202759152833494,0.6187432127853366,-0.17578675193931995,0.09406001093163122,305,True
INNOVATION,pooled,cpi,real_macro,a,0.9,5,-0.09171129927779842,0.08421058893526176,0.27702681911669347,-0.23022539191568323,0.04680279336008639,304,True
INNOVATION,pooled,cpi,real_macro,a,0.9,6,-0.02241918877523963,0.09053155951062587,0.8045892051067853,-0.17133035278986564,0.12649197523938638,303,True
INNOVATION,pooled,cpi,real_macro,a,0.9,7,-0.22224590882583506,0.16996881131485903,0.19206246140298158,-0.5018197245857113,0.05732790693404122,302,True
INNOVATION,pooled,cpi,real_macro,a,0.9,8,-0.12943091843394328,0.1027725925165966,0.20891225269251956,-0.2984767899860729,0.03961495311818636,301,True
INNOVATION,pooled,cpi,real_macro,a,0.9,9,-0.05442004330348382,0.10992592572050706,0.6209371501210793,-0.235232100920858,0.12639201431389036,300,True
INNOVATION,pooled,cpi,real_macro,a,0.9,10,-0.1932890242941685,0.1865757603332806,0.3010890071098519,-0.5001788403795937,0.1136007917912567,299,True
INNOVATION,pooled,cpi,real_macro,a,0.9,11,-0.23114207646239204,0.10802758906906638,0.03323467846448412,-0.40883164815346906,-0.053452504771314996,298,True
INNOVATION,pooled,cpi,real_macro,a,0.9,12,-0.1604806935361074,0.09005708832063689,0.07582325905923712,-0.30861142189299606,-0.012349965179218741,297,True
INNOVATION,pooled,cpi,real_macro,a,0.9,13,-0.07261399255787815,0.10951002357901399,0.5078204500083234,-0.25274195202936056,0.10751396691360424,296,True
INNOVATION,pooled,cpi,real_macro,a,0.9,14,-0.1265917872349358,0.10174070748340748,0.21444112177184463,-0.2939403589476274,0.04075678447775577,295,True
INNOVATION,pooled,cpi,real_macro,a,0.9,15,-0.021505030709879414,0.19610921023169373,0.9127588093208804,-0.3440759764380696,0.30106591501831076,294,False
INNOVATION,pooled,cpi,real_macro,a,0.9,16,0.07790232056799296,0.10554928791717669,0.46109479967205136,-0.09571080848472033,0.25151544962070627,293,True
INNOVATION,pooled,cpi,real_macro,a,0.9,17,-0.14992845873381988,0.10310412601463793,0.14703385624527282,-0.3195196543626587,0.019662736895018962,292,False
INNOVATION,pooled,cpi,real_macro,a,0.9,18,-0.33082771246350107,0.12364061559436071,0.007900904744802532,-0.5341984274623981,-0.1274569974646041,291,True
INNOVATION,pooled,cpi,real_macro,a,0.9,19,-0.058774944804621754,0.10606624259509324,0.5799356180993323,-0.2332383886342756,0.11568849902503209,290,True
INNOVATION,pooled,cpi,real_macro,a,0.9,20,0.16574859079049986,0.09455422429191812,0.08072529982775317,0.010220732020355339,0.3212764495606444,289,True
INNOVATION,pooled,cpi,real_macro,a,0.9,21,-0.10221810487906424,0.11451251123804297,0.37283487530840714,-0.29057442432028047,0.08613821456215195,288,False
INNOVATION,pooled,cpi,real_macro,a,0.9,22,0.06542150725409657,0.11011156087450479,0.5529115615130362,-0.11569589301962044,0.24653890752781357,287,True
INNOVATION,pooled,cpi,real_macro,a,0.9,23,0.14418668089983191,0.1075183139159548,0.18102525693542554,-0.03266520770853329,0.3210385695081971,286,True
INNOVATION,pooled,cpi,real_macro,a,0.9,24,-0.06881832041258917,0.1251336525905892,0.5828007791930092,-0.2746448627299053,0.13700822190472695,285,True
INNOVATION,pooled,infl_exp,real_macro,a,0.9,0,0.2743228767897172,0.15805249670416494,0.08367099472291588,0.014349654337135864,0.5342960992422985,309,True
INNOVATION,pooled,infl_exp,real_macro,a,0.9,1,0.12685645763082087,0.1663721477444282,0.44638121205271497,-0.14680137301030804,0.4005142882719498,308,True
INNOVATION,pooled,infl_exp,real_macro,a,0.9,2,0.1709023197690389,0.2158233263415435,0.42908167371960937,-0.1840954613445801,0.5259001008826579,307,True
INNOVATION,pooled,infl_exp,real_macro,a,0.9,3,0.5307943659309649,0.12035870192827909,1.4542160433630496e-05,0.33282191852906384,0.7287668133328659,306,True
INNOVATION,pooled,infl_exp,real_macro,a,0.9,4,-0.03070105508351076,0.1279990586275563,0.8106124956426053,-0.2412407709134209,0.17983866074639937,305,True
INNOVATION,pooled,infl_exp,real_macro,a,0.9,5,0.004022142307485765,0.25008312548446976,0.987179058253367,-0.40732799368500444,0.41537227829997597,304,True
INNOVATION,pooled,infl_exp,real_macro,a,0.9,6,-0.015374989223801094,0.142088902441303,0.9139067160561493,-0.24909043575393225,0.21834045730633006,303,True
INNOVATION,pooled,infl_exp,real_macro,a,0.9,7,-0.19422139060228405,0.15247123879548447,0.2037531362769254,-0.4450142607408207,0.05657147953625258,302,True
INNOVATION,pooled,infl_exp,real_macro,a,0.9,8,-0.16533007977587744,0.2756168413650417,0.5490763182770878,-0.6186794409440748,0.28801928139231997,301,False
INNOVATION,pooled,infl_exp,real_macro,a,0.9,9,0.23498152096253566,0.13975921685823278,0.09379024037098425,0.005098066213374136,0.46486497571169716,300,True
INNOVATION,pooled,infl_exp,real_macro,a,0.9,10,-0.2270844061385553,0.27910405264058824,0.41654237375799036,-0.6861697194212815,0.23200090714417088,299,True
INNOVATION,pooled,infl_exp,real_macro,a,0.9,11,0.034745103284336665,0.16084071395067276,0.8291258141976019,-0.22981432841889166,0.299304534987565,298,True
INNOVATION,pooled,infl_exp,real_macro,a,0.9,12,-0.09018200351003669,0.1867528233252681,0.629543636721022,-0.39736306230003143,0.21699905527995805,297,True
INNOVATION,pooled,infl_exp,real_macro,a,0.9,13,-0.188079249845456,0.12711511508066956,0.1400968327679519,-0.3971650079262491,0.021006508235337118,296,True
INNOVATION,pooled,infl_exp,real_macro,a,0.9,14,0.3466747914069259,0.1666541903504493,0.03841288091685327,0.07255304196232837,0.6207965408515235,295,True
INNOVATION,pooled,infl_exp,real_macro,a,0.9,15,0.22002903992576428,0.1593389918844498,0.16841507182181858,-0.04206027879016416,0.4821183586416927,294,True
INNOVATION,pooled,infl_exp,real_macro,a,0.9,16,-0.0764011279254464,0.28233063927103597,0.7868920812420211,-0.5407937039299376,0.38799144807904484,293,True
INNOVATION,pooled,infl_exp,real_macro,a,0.9,17,0.40899270567888557,0.15045138552293744,0.0069714427299755275,0.1615221985216077,0.6564632128361634,292,True
INNOVATION,pooled,infl_exp,real_macro,a,0.9,18,-0.35373416040643235,0.17277530486727039,0.041565440717617114,-0.6379242472650084,-0.0695440735478563,291,False
INNOVATION,pooled,infl_exp,real_macro,a,0.9,19,-0.3062917483660961,0.11510923543774504,0.008250124411743947,-0.4956295917714819,-0.1169539049607102,290,True
INNOVATION,pooled,infl_exp,real_macro,a,0.9,20,0.31465417773321214,0.09929770643510719,0.001703468986209289,0.15132398515546355,0.47798437031096075,289,True
INNOVATION,pooled,infl_exp,real_macro,a,0.9,21,-0.18641447103927966,0.08610489902473005,0.03125332277384935,-0.32804442649839716,-0.044784515580162165,288,True
INNOVATION,pooled,infl_exp,real_macro,a,0.9,22,0.37849965547004416,0.10670537911256738,0.00045820929865417144,0.20298492562150586,0.5540143853185825,287,True
INNOVATION,pooled,infl_exp,real_macro,a,0.9,23,-0.09432134549372079,0.26618406861218386,0.7233539074321662,-0.532155176187171,0.3435124851997294,286,True
INNOVATION,pooled,infl_exp,real_macro,a,0.9,24,-0.1672383529620589,0.1233724385576734,0.17636883417519023,-0.37016795598949565,0.03569125006537782,285,False
INNOVATION,pooled,freight,physical_channel,a,0.9,0,0.028014717931172606,0.00844846178455991,0.0010274884658334844,0.014118234922678332,0.04191120093966688,309,True
INNOVATION,pooled,freight,physical_channel,a,0.9,1,0.030077404214215175,0.011421521743585766,0.008900755682119496,0.011290672748973024,0.04886413567945733,308,True
INNOVATION,pooled,freight,physical_channel,a,0.9,2,0.027114552043598472,0.009764937053581016,0.0058447435173594785,0.011052659914062915,0.04317644417313403,307,True
INNOVATION,pooled,freight,physical_channel,a,0.9,3,0.02004929443021286,0.012709306215430765,0.11575664114757879,-0.0008556539942753232,0.04095424285470105,306,True
INNOVATION,pooled,freight,physical_channel,a,0.9,4,0.026073647215719573,0.009386320621689592,0.005827815377896293,0.01063452369740405,0.041512770734035094,305,True
INNOVATION,pooled,freight,physical_channel,a,0.9,5,-0.024252131560613566,0.010900644008091662,0.02686171253193966,-0.04218209539342997,-0.006322167727797163,304,True
INNOVATION,pooled,freight,physical_channel,a,0.9,6,-0.012378288569898865,0.008257088732054493,0.13493650401186608,-0.02595999091887883,0.0012034137790811004,303,False
INNOVATION,pooled,freight,physical_channel,a,0.9,7,0.011828997091681129,0.0123089578481569,0.3373546769628322,-0.008417436868852535,0.03207543105221479,302,True
INNOVATION,pooled,freight,physical_channel,a,0.9,8,0.003997849149739718,0.008947978988370178,0.6553651307372106,-0.010720266543166533,0.01871596484264597,301,True
INNOVATION,pooled,freight,physical_channel,a,0.9,9,-0.012199887239914109,0.01982711549957738,0.5388371552191422,-0.04481259008137971,0.02041281560155149,300,True
INNOVATION,pooled,freight,physical_channel,a,0.9,10,0.005640914566477084,0.009297370576369795,0.544518757735205,-0.009651899147176672,0.02093372828013084,299,True
INNOVATION,pooled,freight,physical_channel,a,0.9,11,0.014240655885648656,0.017515624670441318,0.41688427365758846,-0.01456998288184743,0.043051294653144744,298,True
INNOVATION,pooled,freight,physical_channel,a,0.9,12,-0.00831707909766033,0.009007330277814767,0.35660213460260737,-0.02313281897427376,0.0064986607789531015,297,True
INNOVATION,pooled,freight,physical_channel,a,0.9,13,-0.0040937191574722046,0.01850109869165219,0.8250431372073946,-0.03452531844302345,0.026337880128079038,296,True
INNOVATION,pooled,freight,physical_channel,a,0.9,14,0.027782759320787442,0.011661371547643708,0.017862565989545037,0.008601510035416985,0.0469640086061579,295,True
INNOVATION,pooled,freight,physical_channel,a,0.9,15,0.022961088635068072,0.012876461768700729,0.07563967507359386,0.0017811937925187107,0.04414098347761743,294,True
INNOVATION,pooled,freight,physical_channel,a,0.9,16,0.002509115826411649,0.012454132609231608,0.8404790392103573,-0.01797610936641756,0.02299434101924086,293,True
INNOVATION,pooled,freight,physical_channel,a,0.9,17,-0.014863069053694417,0.020099906956460353,0.46025189989125276,-0.047924473912415354,0.01819833580502652,292,True
INNOVATION,pooled,freight,physical_channel,a,0.9,18,-0.01528965844224988,0.010827013701178374,0.15902031791932347,-0.03309851119768641,0.0025191943131866526,291,True
INNOVATION,pooled,freight,physical_channel,a,0.9,19,0.018668054426304675,0.01670363071569177,0.26470778647267457,-0.008806973139658947,0.0461430819922683,290,True
INNOVATION,pooled,freight,physical_channel,a,0.9,20,0.004629138977538652,0.00991993694738644,0.641119746927675,-0.01168770528949985,0.020945983244577155,289,True
INNOVATION,pooled,freight,physical_channel,a,0.9,21,0.0008000984168786696,0.01788229885978218,0.9643451626253952,-0.028613665720864226,0.030213862554621565,288,True
INNOVATION,pooled,freight,physical_channel,a,0.9,22,-0.00037120331040618737,0.00778102943724852,0.9619852772449691,-0.013169857801680587,0.012427451180868212,287,True
INNOVATION,pooled,freight,physical_channel,a,0.9,23,-0.0016012897637525947,0.010165861501474832,0.8749547612219735,-0.01832264392553981,0.015120064398034622,286,True
INNOVATION,pooled,freight,physical_channel,a,0.9,24,-0.01854823739042802,0.015384279430191695,0.22899956450190753,-0.04385312520921376,0.00675665042835772,285,True
INNOVATION,pooled,oil,asset_price,b,0.1,0,-0.004417879360005372,0.04822663648183885,0.9270758581391955,-0.08374363729282819,0.07490787857281744,309,True
INNOVATION,pooled,oil,asset_price,b,0.1,1,-0.0034553174050984126,0.0453534179333499,0.9393251437686714,-0.07805505138741493,0.07114441657721811,308,True
INNOVATION,pooled,oil,asset_price,b,0.1,2,-0.006762518403036211,0.04306768216884642,0.8753420880757377,-0.0776025516228565,0.06407751481678407,307,True
INNOVATION,pooled,oil,asset_price,b,0.1,3,0.02975154396291657,0.054603672602499605,0.5862842746048272,-0.060063504962175635,0.11956659288800878,306,True
INNOVATION,pooled,oil,asset_price,b,0.1,4,-0.04282250312184033,0.033000416454416294,0.19549228804475519,-0.09710335781779601,0.011458351574115358,305,True
INNOVATION,pooled,oil,asset_price,b,0.1,5,0.01746294651104563,0.025359694397272297,0.4916469503663873,-0.02425003879668864,0.0591759318187799,304,False
INNOVATION,pooled,oil,asset_price,b,0.1,6,-0.02452519232895156,0.03178114603706276,0.44096066172347337,-0.07680052565668866,0.027750140998785526,303,True
INNOVATION,pooled,oil,asset_price,b,0.1,7,-0.023001014669375763,0.06119897627098654,0.7073267692123891,-0.12366437275442506,0.07766234341567353,302,True
INNOVATION,pooled,oil,asset_price,b,0.1,8,0.08612778581908742,0.0364362119527616,0.01878932775720375,0.026195550436214916,0.14606002120195993,301,True
INNOVATION,pooled,oil,asset_price,b,0.1,9,0.017015955207426714,0.0366808996441825,0.6430965549770394,-0.04331875561214984,0.07735066602700327,300,True
INNOVATION,pooled,oil,asset_price,b,0.1,10,0.054871418587687515,0.056331437276537485,0.33088466791081633,-0.03778555032801453,0.14752838750338956,299,True
INNOVATION,pooled,oil,asset_price,b,0.1,11,-0.04795017414551239,0.03151180753016357,0.12926521107750857,-0.09978248505329865,0.0038821367622738634,298,True
INNOVATION,pooled,oil,asset_price,b,0.1,12,-0.025367027331839154,0.058076585230186405,0.6626171025758167,-0.12089450918866756,0.07016045452498926,297,True
INNOVATION,pooled,oil,asset_price,b,0.1,13,0.05666115272197203,0.031158835307517813,0.07010974504553696,0.005409429454817767,0.1079128759891263,296,True
INNOVATION,pooled,oil,asset_price,b,0.1,14,0.07657280422426993,0.029717952036336728,0.01051386232074962,0.027691123031731574,0.1254544854168083,295,True
INNOVATION,pooled,oil,asset_price,b,0.1,15,0.041725378802539126,0.02520141337872971,0.09896664259556691,0.000272742602232208,0.08317801500284605,294,True
INNOVATION,pooled,oil,asset_price,b,0.1,16,-0.05912253693281855,0.0296082273192147,0.04686660287120375,-0.10782373702643251,-0.010421336839204584,293,True
INNOVATION,pooled,oil,asset_price,b,0.1,17,-0.0845632671885479,0.03468738197323729,0.0154344046980145,-0.14161893323667837,-0.02750760114041742,292,True
INNOVATION,pooled,oil,asset_price,b,0.1,18,-0.03802780481021273,0.05797836047937774,0.5124640852066104,-0.1333937213294171,0.05733811170899164,291,True
INNOVATION,pooled,oil,asset_price,b,0.1,19,0.0735461394478989,0.03537002502789101,0.038559205323597086,0.015367625495408023,0.13172465340038977,290,True
INNOVATION,pooled,oil,asset_price,b,0.1,20,0.05832412572459589,0.0370113641609613,0.11627311908790036,-0.002554150853983035,0.1192024023031748,289,True
INNOVATION,pooled,oil,asset_price,b,0.1,21,0.022361963869116153,0.030074692836560512,0.45782162340988075,-0.027106503722551863,0.07183043146078416,288,False
INNOVATION,pooled,oil,asset_price,b,0.1,22,-0.04911403944720405,0.029322689265050914,0.0951509610986834,-0.09734557123679405,-0.0008825076576140581,287,True
INNOVATION,pooled,oil,asset_price,b,0.1,23,-0.0003865415377504178,0.032606331164207566,0.9905506212269429,-0.05401918361477805,0.05324610053927722,286,True
INNOVATION,pooled,oil,asset_price,b,0.1,24,0.04503304886304704,0.06045822608028643,0.4570356076858353,-0.05441188358416417,0.14447798131025824,285,True
INNOVATION,pooled,dxy,asset_price,b,0.1,0,-0.012841630303334739,0.005856295119931319,0.029142219927998824,-0.02247437857185198,-0.003208882034817501,309,True
INNOVATION,pooled,dxy,asset_price,b,0.1,1,-0.004804247650326943,0.004819063028231696,0.31966134156151543,-0.012730900950821593,0.003122405650167708,308,True
INNOVATION,pooled,dxy,asset_price,b,0.1,2,0.008240969035462342,0.005248405167499514,0.11750536818276246,-0.0003918892400100824,0.016873827310934765,307,True
INNOVATION,pooled,dxy,asset_price,b,0.1,3,0.005744131890711657,0.00490822032931741,0.24287912022214925,-0.002329172119843034,0.013817435901266347,306,True
INNOVATION,pooled,dxy,asset_price,b,0.1,4,0.0027498782424117962,0.005828009500498525,0.637413649314135,-0.006836344322390841,0.012336100807214433,305,False
INNOVATION,pooled,dxy,asset_price,b,0.1,5,-0.009083951631460252,0.005117638340940747,0.07699533457541823,-0.017501717617982554,-0.00066618564493795,304,True
INNOVATION,pooled,dxy,asset_price,b,0.1,6,-0.003619955721489987,0.004776678818770286,0.44919600676201343,-0.011476893201326567,0.004236981758346593,303,True
INNOVATION,pooled,dxy,asset_price,b,0.1,7,-0.017736584211379913,0.005004537184887097,0.0004630322194327986,-0.025968315351154965,-0.009504853071604862,302,True
INNOVATION,pooled,dxy,asset_price,b,0.1,8,-0.006725875754398203,0.006674380545764199,0.3144834607192565,-0.01770425480275279,0.0042525032939563865,301,True
INNOVATION,pooled,dxy,asset_price,b,0.1,9,0.0005087952019877662,0.006352707770537047,0.9362237150547574,-0.009940479215342897,0.010958069619318429,300,True
INNOVATION,pooled,dxy,asset_price,b,0.1,10,-0.0007078154395259162,0.005162582024281641,0.8910496611299347,-0.009199507206600047,0.007783876327548215,299,True
INNOVATION,pooled,dxy,asset_price,b,0.1,11,-0.006241516388520552,0.005483767995336588,0.25605415914746527,-0.015261512065010342,0.002778479287969239,298,True
INNOVATION,pooled,dxy,asset_price,b,0.1,12,0.0022459500154141665,0.008280572320126009,0.7864211974015877,-0.011374379398579066,0.0158662794294074,297,True
INNOVATION,pooled,dxy,asset_price,b,0.1,13,-0.011497298626679253,0.004510384786635419,0.011358757423471626,-0.018916221401923262,-0.004078375851435242,296,True
INNOVATION,pooled,dxy,asset_price,b,0.1,14,-0.005053396306024638,0.010082400092599699,0.6166365455560601,-0.021637468666713112,0.011530676054663836,295,True
INNOVATION,pooled,dxy,asset_price,b,0.1,15,0.004803852490553595,0.006006057863024102,0.42452036498841483,-0.005075233569122008,0.014682938550229199,294,True
INNOVATION,pooled,dxy,asset_price,b,0.1,16,0.008262647798744638,0.010451945060182296,0.4299211898612383,-0.008929271942193735,0.02545456753968301,293,False
INNOVATION,pooled,dxy,asset_price,b,0.1,17,-4.874215932204606e-06,0.005403435129201597,0.9992809425957774,-0.008892734086196449,0.00888298565433204,292,True
INNOVATION,pooled,dxy,asset_price,b,0.1,18,-0.009498100100724827,0.005185688274456341,0.06814224208408615,-0.018027798267204062,-0.000968401934245593,291,True
INNOVATION,pooled,dxy,asset_price,b,0.1,19,-0.013298369148927236,0.0056884397196909076,0.02015130791399917,-0.02265501985355564,-0.003941718444298831,290,True
INNOVATION,pooled,dxy,asset_price,b,0.1,20,-0.0021146105814580096,0.005908524497465083,0.7207137863515959,-0.011833268531045077,0.007604047368129058,289,True
INNOVATION,pooled,dxy,asset_price,b,0.1,21,-0.0021932055658595573,0.004937025804996802,0.6572413467773559,-0.010313890367561558,0.005927479235842444,288,True
INNOVATION,pooled,dxy,asset_price,b,0.1,22,0.008907514395559701,0.0047076765196618475,0.05958958434204427,0.0011640755976796277,0.016650953193439774,287,True
INNOVATION,pooled,dxy,asset_price,b,0.1,23,-0.012679399736697405,0.0047829551803158414,0.008522925421090403,-0.02054666091258625,-0.004812138560808562,286,True
INNOVATION,pooled,dxy,asset_price,b,0.1,24,0.003236342804548542,0.009320111547930285,0.7286930125032356,-0.012093876478656887,0.018566562087753972,285,True
INNOVATION,pooled,vix,asset_price,b,0.1,0,-0.6455000173300505,0.7196388767634821,0.37049864629460977,-1.8292006338697475,0.5382005992096466,309,False
INNOVATION,pooled,vix,asset_price,b,0.1,1,-0.45229198903689394,0.8725033124273777,0.6045995860810146,-1.8874322270102395,0.9828482489364516,308,True
INNOVATION,pooled,vix,asset_price,b,0.1,2,0.22700811702634383,0.716173202765119,0.7515005638490734,-0.9509919730673142,1.4050082071200019,307,True
INNOVATION,pooled,vix,asset_price,b,0.1,3,-1.5338548311265185,0.7800744616423994,0.05025959539595393,-2.816963138651236,-0.25074652360180094,306,True
INNOVATION,pooled,vix,asset_price,b,0.1,4,-1.412042124182335,0.8808399285384789,0.11006031564504354,-2.8608948754025274,0.036810627037857424,305,True
INNOVATION,pooled,vix,asset_price,b,0.1,5,-0.21269424760248512,0.8366950606199243,0.7995244600089286,-1.5889351527155495,1.1635466575105793,304,True
INNOVATION,pooled,vix,asset_price,b,0.1,6,1.2560188563656993,0.9479628440430219,0.18628218150653764,-0.30324126587369804,2.8152789786050967,303,True
INNOVATION,pooled,vix,asset_price,b,0.1,7,-0.05595759606512729,0.9339935790064455,0.9522692490067036,-1.5922403220432657,1.4803251299130111,302,True
INNOVATION,pooled,vix,asset_price,b,0.1,8,0.49857603025157005,0.7560956726759567,0.5101892391588053,-0.7450906792717904,1.7422427397749305,301,True
INNOVATION,pooled,vix,asset_price,b,0.1,9,-1.403656497997872,0.8151804017056591,0.08622507433487907,-2.7445089383631833,-0.06280405763256058,300,True
INNOVATION,pooled,vix,asset_price,b,0.1,10,2.196375944511601,0.9336270138036749,0.01936208302651236,0.6606961646367544,3.7320557243864476,299,True
INNOVATION,pooled,vix,asset_price,b,0.1,11,1.2699004928581417,0.9047597952585792,0.1615937536441228,-0.2182969378928037,2.7580979236090872,298,False
INNOVATION,pooled,vix,asset_price,b,0.1,12,0.8459688713810465,1.132118570635891,0.45556892053017145,-1.0162004656685153,2.7081382084306083,297,True
INNOVATION,pooled,vix,asset_price,b,0.1,13,1.5430973470756726,1.2036635945322196,0.20095036498058852,-0.4367530820200951,3.5229477761714403,296,True
INNOVATION,pooled,vix,asset_price,b,0.1,14,2.0762143368265242,1.2686685415005148,0.10290680916843685,-0.010559715059831998,4.162988388712881,295,True
INNOVATION,pooled,vix,asset_price,b,0.1,15,0.5551931163936388,1.5418073544795265,0.7190637782088708,-1.9808543026824648,3.0912405354697423,294,True
INNOVATION,pooled,vix,asset_price,b,0.1,16,0.843584645394003,1.3578917979121525,0.5349718868385948,-1.3899486034094566,3.0771178941974626,293,False
INNOVATION,pooled,vix,asset_price,b,0.1,17,-2.454455762170255,1.4337601818709156,0.08808923146509312,-4.812781397499233,-0.09613012684127709,292,False
INNOVATION,pooled,vix,asset_price,b,0.1,18,-2.8652451195084723,1.0633215477710491,0.007500713748825008,-4.6142534239753354,-1.1162368150416089,291,True
INNOVATION,pooled,vix,asset_price,b,0.1,19,-0.9571363441646099,1.1922230662537066,0.4228084652290141,-2.9181687788272246,1.0038960904980045,290,False
INNOVATION,pooled,vix,asset_price,b,0.1,20,0.3991525791352615,1.3775729688999192,0.7722371009783912,-1.8667533151500781,2.665058473420601,289,True
INNOVATION,pooled,vix,asset_price,b,0.1,21,-1.8703291378624272,1.1256430879002304,0.09780526348380458,-3.721847253647976,-0.01881102207687846,288,False
INNOVATION,pooled,vix,asset_price,b,0.1,22,-2.7304246809362667,1.092215725725122,0.013042154939117579,-4.526959678808668,-0.9338896830638654,287,True
INNOVATION,pooled,vix,asset_price,b,0.1,23,-3.290019936444878,1.183918856085475,0.005854979129191074,-5.23739316089331,-1.3426467119964465,286,True
INNOVATION,pooled,vix,asset_price,b,0.1,24,-1.2888153935782611,1.1263804509084385,0.2536012632082499,-3.1415463635822407,0.5639155764257187,285,True
INNOVATION,pooled,us10y,asset_price,b,0.1,0,-0.013553014182434708,0.10458143380397224,0.8969812129229859,-0.18557416488668374,0.15846813652181432,309,True
INNOVATION,pooled,us10y,asset_price,b,0.1,1,-0.13450967726430463,0.08462051111994603,0.1130616727140939,-0.27369803189443526,0.004678677365826001,308,True
INNOVATION,pooled,us10y,asset_price,b,0.1,2,0.06842027030540976,0.08556338130255021,0.42459719126395573,-0.07231896776432176,0.20915950837514127,307,True
INNOVATION,pooled,us10y,asset_price,b,0.1,3,-0.08328196532966103,0.13757179452273724,0.5454264291002179,-0.30956743051660807,0.143003499857286,306,False
INNOVATION,pooled,us10y,asset_price,b,0.1,4,-0.10631095597273088,0.06323127994995374,0.09383111946128513,-0.2103171561351962,-0.0023047558102655685,305,True
INNOVATION,pooled,us10y,asset_price,b,0.1,5,-0.09059420941161989,0.08904930686441327,0.3098784714211695,-0.2370672847850647,0.055878865961824925,304,True
INNOVATION,pooled,us10y,asset_price,b,0.1,6,-0.13863840917144898,0.14032450547561023,0.3240288085372222,-0.3694516809531782,0.09217486261028024,303,True
INNOVATION,pooled,us10y,asset_price,b,0.1,7,-0.13773492335232618,0.09466240408078169,0.1468106318939802,-0.2934407220405458,0.01797087533589342,302,True
INNOVATION,pooled,us10y,asset_price,b,0.1,8,-0.30964090184693305,0.07516083902919145,5.033718362956472e-05,-0.43326948052881437,-0.18601232316505173,301,True
INNOVATION,pooled,us10y,asset_price,b,0.1,9,-0.016602113129920326,0.09253568702605111,0.8577469337030648,-0.16880977355716678,0.13560554729732613,300,True
INNOVATION,pooled,us10y,asset_price,b,0.1,10,0.05336456314989846,0.1588327718676496,0.7371462686339744,-0.20789209773536077,0.3146212240351577,299,True
INNOVATION,pooled,us10y,asset_price,b,0.1,11,-0.17116502230373953,0.08572277883181405,0.04685863125739476,-0.3121664459776078,-0.030163598629871308,298,True
INNOVATION,pooled,us10y,asset_price,b,0.1,12,-0.02369851403636858,0.08657813718980786,0.784506788195456,-0.1661068770077262,0.11870984893498904,297,False
INNOVATION,pooled,us10y,asset_price,b,0.1,13,-0.07510841612838703,0.06870475869418685,0.27528527061365,-0.18811768765534598,0.037900855398571895,296,True
INNOVATION,pooled,us10y,asset_price,b,0.1,14,0.013670879493361099,0.06175130797232307,0.8249610539695691,-0.08790098339391186,0.11524274238063406,295,True
INNOVATION,pooled,us10y,asset_price,b,0.1,15,0.04519076648648479,0.08494056346794951,0.5951506055448755,-0.09452402740907367,0.18490556038204325,294,False
INNOVATION,pooled,us10y,asset_price,b,0.1,16,-0.04300348404740362,0.07124536150895867,0.5466279350594744,-0.16019167532888312,0.07418470723407587,293,True
INNOVATION,pooled,us10y,asset_price,b,0.1,17,0.1446116467812999,0.13177455322810855,0.2734590459415298,-0.07213820503586427,0.36136149859846406,292,True
INNOVATION,pooled,us10y,asset_price,b,0.1,18,0.14261491530291437,0.08301178863660214,0.08697212695438908,0.0060726736842703355,0.2791571569215584,291,True
INNOVATION,pooled,us10y,asset_price,b,0.1,19,-0.017231786794816628,0.1348932036783427,0.898449623573189,-0.2391113621162423,0.20464778852660903,290,True
INNOVATION,pooled,us10y,asset_price,b,0.1,20,0.01718395630109626,0.09098850846627002,0.8503504638085104,-0.1324788218605527,0.16684673446274523,289,True
INNOVATION,pooled,us10y,asset_price,b,0.1,21,0.11919177942036185,0.07579198445161793,0.11702355202974155,-0.005474941098731492,0.2438584999394552,288,False
INNOVATION,pooled,us10y,asset_price,b,0.1,22,-0.2535458842138496,0.07559789244891141,0.0009160958749280854,-0.37789335179832884,-0.12919841662937037,287,True
INNOVATION,pooled,us10y,asset_price,b,0.1,23,-0.15087020036975218,0.1312072439674788,0.2512655274615115,-0.3666869114919663,0.06494651075246197,286,True
INNOVATION,pooled,us10y,asset_price,b,0.1,24,0.2610338938761174,0.08429488498284063,0.0021739047714513476,0.12238114657863483,0.3996866411736,285,True
INNOVATION,pooled,ip,real_macro,b,0.1,0,0.05904869599726226,0.16936534100432166,0.727615514410102,-0.21953249943356912,0.33762989142809363,309,True
INNOVATION,pooled,ip,real_macro,b,0.1,1,-0.11040507733059712,0.2193093115492306,0.6150635884059584,-0.47113679385657947,0.2503266391953852,308,True
INNOVATION,pooled,ip,real_macro,b,0.1,2,0.08929422148980848,0.2116061096338624,0.6733622600088375,-0.25876685542654093,0.4373552984061579,307,True
INNOVATION,pooled,ip,real_macro,b,0.1,3,0.49844792060503096,0.20065357745328932,0.013576284088737978,0.16840215597019986,0.8284936852398621,306,True
INNOVATION,pooled,ip,real_macro,b,0.1,4,0.5066513499605207,0.21949977809529708,0.02172424412573412,0.14560634384542803,0.8676963560756135,305,True
INNOVATION,pooled,ip,real_macro,b,0.1,5,0.415921502572246,0.22408006514112366,0.06450087033583946,0.04734259469734664,0.7845004104471454,304,True
INNOVATION,pooled,ip,real_macro,b,0.1,6,0.7615093180538679,0.33784477319840706,0.0249822045637455,0.20580411751187055,1.3172145185958652,303,True
INNOVATION,pooled,ip,real_macro,b,0.1,7,0.5512385336769512,0.3417751973507108,0.10792415186199807,-0.010931639287420691,1.113408706641323,302,False
INNOVATION,pooled,ip,real_macro,b,0.1,8,0.025321739147443623,0.23488656608968972,0.9142302615814427,-0.3610322810073592,0.4116757593022464,301,True
INNOVATION,pooled,ip,real_macro,b,0.1,9,-0.27099336930496065,0.25245151635308677,0.28402191577482316,-0.6862391616077343,0.144252422997813,300,False
INNOVATION,pooled,ip,real_macro,b,0.1,10,0.15469406283523313,0.20370961103005764,0.44828220208804775,-0.1803784297124308,0.48976655538289704,299,True
INNOVATION,pooled,ip,real_macro,b,0.1,11,0.6619655312224495,0.41270111812507265,0.10988689760035719,-0.016867399772504177,1.3407984622174032,298,True
INNOVATION,pooled,ip,real_macro,b,0.1,12,0.02027094189378431,0.3758112139075019,0.9570236721600673,-0.5978834963510057,0.6384253801385743,297,True
INNOVATION,pooled,ip,real_macro,b,0.1,13,0.48679596165038674,0.34852491818596626,0.16364968453376763,-0.08647651411076496,1.0600684374115383,296,True
INNOVATION,pooled,ip,real_macro,b,0.1,14,-0.15637214977653002,0.23671325648000974,0.509440104688716,-0.5457308082451682,0.23298650869210807,295,True
INNOVATION,pooled,ip,real_macro,b,0.1,15,-0.054873063260856725,0.20892629878183375,0.7930289319618018,-0.3985262435777029,0.28878011705598944,294,True
INNOVATION,pooled,ip,real_macro,b,0.1,16,0.18537810595410065,0.20296138918773976,0.3618801200465901,-0.1484636711824624,0.5192198830906637,293,True
INNOVATION,pooled,ip,real_macro,b,0.1,17,0.17369913984941832,0.19462978735529515,0.3729596107253255,-0.14643837179473268,0.4938366514935693,292,True
INNOVATION,pooled,ip,real_macro,b,0.1,18,0.12904221399367088,0.32368308569911225,0.6904610434119811,-0.40336908350135814,0.6614535114886999,291,True
INNOVATION,pooled,ip,real_macro,b,0.1,19,0.2816490634131128,0.18018225111942898,0.1192280324129064,-0.014724365852960941,0.5780224926791866,290,True
INNOVATION,pooled,ip,real_macro,b,0.1,20,0.010903918977987814,0.1857705000612131,0.9532394435959279,-0.2946613618282872,0.31646919978426286,289,True
INNOVATION,pooled,ip,real_macro,b,0.1,21,-0.19427083112168475,0.1823172474279578,0.28760895617222015,-0.4941560168093701,0.1056143545660006,288,True
INNOVATION,pooled,ip,real_macro,b,0.1,22,0.10874215161879874,0.3545385906443177,0.7593070758662218,-0.47442193509677055,0.691906238334368,287,True
INNOVATION,pooled,ip,real_macro,b,0.1,23,-0.029366085017045407,0.21321860152440295,0.8905631361285692,-0.3800794750679803,0.3213473050338895,286,True
INNOVATION,pooled,ip,real_macro,b,0.1,24,0.12841398725743147,0.3831845944563746,0.7378056451506109,-0.5018685827260653,0.7586965572409282,285,True
INNOVATION,pooled,cpi,real_macro,b,0.1,0,-0.012625578734159149,0.08373110262310379,0.8802517668547885,-0.15035098657241736,0.12509982910409906,309,True
INNOVATION,pooled,cpi,real_macro,b,0.1,1,0.034892551491630286,0.14761665878706598,0.8133162815234344,-0.2079152451127331,0.27770034809599364,308,True
INNOVATION,pooled,cpi,real_macro,b,0.1,2,-0.2604274303139533,0.12195786195165698,0.03360015366332636,-0.46103026188038326,-0.05982459874752338,307,True
INNOVATION,pooled,cpi,real_macro,b,0.1,3,-0.14809310968598766,0.08681991913826761,0.0891714846515217,-0.29089916857220066,-0.005287050799774623,306,True
INNOVATION,pooled,cpi,real_macro,b,0.1,4,0.06106619480942754,0.0864257845547758,0.48042528734594286,-0.08109157037762196,0.20322395999647705,305,True
INNOVATION,pooled,cpi,real_macro,b,0.1,5,0.11359462329227776,0.15183139310578983,0.45499890376724056,-0.13614579434287538,0.3633350409274309,304,True
INNOVATION,pooled,cpi,real_macro,b,0.1,6,-0.05524837901558044,0.10102113208983017,0.5848914656617482,-0.22141335453228136,0.11091659650112048,303,False
INNOVATION,pooled,cpi,real_macro,b,0.1,7,-0.030157779587170808,0.09647896653790032,0.754834515839368,-0.18885155762156586,0.12853599844722424,302,False
INNOVATION,pooled,cpi,real_macro,b,0.1,8,0.186911383063034,0.09174773802496006,0.042591238356703226,0.03599978340808496,0.33782298271798306,301,False
INNOVATION,pooled,cpi,real_macro,b,0.1,9,0.05780706092795285,0.0865196793973785,0.5046122392692631,-0.08450514753150373,0.20011926938740943,300,True
INNOVATION,pooled,cpi,real_macro,b,0.1,10,0.2219815121189077,0.15532451597584554,0.15411375467376953,-0.033504581338443695,0.4774676055762591,299,True
INNOVATION,pooled,cpi,real_macro,b,0.1,11,0.08184644867640145,0.15970632476464136,0.6087334269771859,-0.1808470788598086,0.3445399762126115,298,True
INNOVATION,pooled,cpi,real_macro,b,0.1,12,0.19966933600626646,0.0950941500288211,0.0366866663813344,0.043253378429492645,0.3560852935830403,297,True
INNOVATION,pooled,cpi,real_macro,b,0.1,13,-0.060013048282918646,0.09377991981332093,0.5227615757698635,-0.2142672895230778,0.09424119295724051,296,True
INNOVATION,pooled,cpi,real_macro,b,0.1,14,0.1205560122530116,0.0951288365111152,0.20615510100066992,-0.03591699950996988,0.27702902401599305,295,True
INNOVATION,pooled,cpi,real_macro,b,0.1,15,0.18618693548205556,0.08132132241885047,0.02283259585461148,0.052425263352919305,0.3199486076111918,294,True
INNOVATION,pooled,cpi,real_macro,b,0.1,16,-0.22787597011161154,0.08201396638671973,0.005851583034758003,-0.3627769401834836,-0.09297500003973946,293,True
INNOVATION,pooled,cpi,real_macro,b,0.1,17,0.12394733476929787,0.13827346434579738,0.37085966858161107,-0.10349227457103202,0.3513869441096278,292,True
INNOVATION,pooled,cpi,real_macro,b,0.1,18,-0.033001458189296784,0.14918952934669139,0.8251045200201857,-0.2783963966383852,0.21239348025979163,291,True
INNOVATION,pooled,cpi,real_macro,b,0.1,19,-0.04314194811596561,0.09085788326842358,0.6353044913847926,-0.19258986694716562,0.1063059707152344,290,True
INNOVATION,pooled,cpi,real_macro,b,0.1,20,0.11664992663725116,0.08235169320387872,0.15782598696676983,-0.018806554614743676,0.252106407889246,289,False
INNOVATION,pooled,cpi,real_macro,b,0.1,21,0.14310895589159145,0.14153724489281022,0.31290640183705704,-0.08969909471906617,0.3759170065022491,288,True
INNOVATION,pooled,cpi,real_macro,b,0.1,22,0.056575400501515105,0.07771071535170344,0.46725549758967266,-0.07124735149772776,0.18439815250075797,287,True
INNOVATION,pooled,cpi,real_macro,b,0.1,23,0.0034881874651944145,0.09133000084398152,0.9695631569082754,-0.1467362956725096,0.15371267060289842,286,True
INNOVATION,pooled,cpi,real_macro,b,0.1,24,-0.22044010537268832,0.08919504658479592,0.014105854978013626,-0.3671529012537954,-0.07372730949158124,285,True
INNOVATION,pooled,infl_exp,real_macro,b,0.1,0,-0.33942829337718194,0.17135998070767533,0.048589626295871956,-0.621290379158536,-0.05756620759582787,309,True
INNOVATION,pooled,infl_exp,real_macro,b,0.1,1,0.1733852824081623,0.0993644269067708,0.08209186092653528,0.009945344420605906,0.3368252203957187,308,True
INNOVATION,pooled,infl_exp,real_macro,b,0.1,2,-0.08374953078646286,0.10252524149042234,0.41470114490661186,-0.2523885461060596,0.08488948453313389,307,True
INNOVATION,pooled,infl_exp,real_macro,b,0.1,3,-0.16387040583140333,0.09537862793396942,0.08689107892973064,-0.3207542879222479,-0.00698652374055872,306,True
INNOVATION,pooled,infl_exp,real_macro,b,0.1,4,-0.11845344915491296,0.07517083436191951,0.11621557669986031,-0.24209846869608465,0.005191570386258712,305,True
INNOVATION,pooled,infl_exp,real_macro,b,0.1,5,-0.03584005317007666,0.11684154976702271,0.7592720716633611,-0.2280273000829949,0.1563471937428416,304,True
INNOVATION,pooled,infl_exp,real_macro,b,0.1,6,0.1918719314712689,0.10118175717116866,0.058967146989505774,0.025442751206949,0.3583011117355888,303,True
INNOVATION,pooled,infl_exp,real_macro,b,0.1,7,-0.1286501489868499,0.12076966985299581,0.28769964279144794,-0.32729857847028193,0.06999828049658213,302,True
INNOVATION,pooled,infl_exp,real_macro,b,0.1,8,0.16066835410219937,0.09064885318491767,0.07743913019142529,0.011564259161996049,0.3097724490424027,301,True
INNOVATION,pooled,infl_exp,real_macro,b,0.1,9,-0.061743582235294525,0.1118556420695921,0.5814060802621742,-0.24572974078844878,0.12224257631785973,300,True
INNOVATION,pooled,infl_exp,real_macro,b,0.1,10,0.12772307998882582,0.12762416961275314,0.31782833971080415,-0.08219999828538105,0.3376461582630327,299,True
INNOVATION,pooled,infl_exp,real_macro,b,0.1,11,0.19227545880698926,0.16012478504047362,0.23088694560873416,-0.07110637463165859,0.4556572922456371,298,True
INNOVATION,pooled,infl_exp,real_macro,b,0.1,12,0.12640466548316454,0.0991767042242104,0.2035720255592013,-0.03672649616912135,0.28953582713545045,297,True
INNOVATION,pooled,infl_exp,real_macro,b,0.1,13,-0.11356797957819253,0.12964764574894633,0.381828561245672,-0.3268193799140665,0.09968342075768144,296,True
INNOVATION,pooled,infl_exp,real_macro,b,0.1,14,0.09185016400260793,0.11254918280543007,0.41517663043973263,-0.09327676754532799,0.27697709555054384,295,True
INNOVATION,pooled,infl_exp,real_macro,b,0.1,15,-0.09761008219663836,0.12893785352822112,0.44970071356705443,-0.30969397822387057,0.11447381383059382,294,True
INNOVATION,pooled,infl_exp,real_macro,b,0.1,16,-0.08974269905320398,0.11582404506366857,0.4391372696960946,-0.28025629966437,0.10077090155796203,293,True
INNOVATION,pooled,infl_exp,real_macro,b,0.1,17,0.5102440656810359,0.09103088911818269,5.231397024377758e-08,0.3605115775503758,0.659976553811696,292,True
INNOVATION,pooled,infl_exp,real_macro,b,0.1,18,-0.2020519637845979,0.18319825661255631,0.27107259842048265,-0.5033862806249476,0.09928235305575189,291,True
INNOVATION,pooled,infl_exp,real_macro,b,0.1,19,-0.002038509312114911,0.1918658728275138,0.9915309943326472,-0.3176297861206609,0.3135527674964311,290,False
INNOVATION,pooled,infl_exp,real_macro,b,0.1,20,-0.1406302293820545,0.09775590411672301,0.1514660395021973,-0.3014243828243667,0.020163924060257687,289,True
INNOVATION,pooled,infl_exp,real_macro,b,0.1,21,-0.15818113247360088,0.10462202722992128,0.1317662707754712,-0.3302690534217526,0.013906788474550819,288,True
INNOVATION,pooled,infl_exp,real_macro,b,0.1,22,0.05684627003881815,0.10213853626110532,0.5783083382571806,-0.1111566717817754,0.2248492118594117,287,True
INNOVATION,pooled,infl_exp,real_macro,b,0.1,23,-0.039292191755521344,0.09198492175514628,0.6696197487963856,-0.19059392392932106,0.11200954041827837,286,True
INNOVATION,pooled,infl_exp,real_macro,b,0.1,24,0.037618213744508466,0.17910463370042837,0.8338068914744418,-0.256982692601456,0.33221912009047294,285,True
INNOVATION,pooled,freight,physical_channel,b,0.1,0,-0.006510628935515683,0.007843624310902079,0.4072130817759969,-0.01941224283174771,0.006390984960716342,309,True
INNOVATION,pooled,freight,physical_channel,b,0.1,1,-0.007251127677477598,0.010848937019184832,0.5044466495349591,-0.02509604108205186,0.010593785727096666,308,False
INNOVATION,pooled,freight,physical_channel,b,0.1,2,0.010891547452587247,0.014286221598244707,0.44647653742227955,-0.012607195958718016,0.03439029086389251,307,False
INNOVATION,pooled,freight,physical_channel,b,0.1,3,0.012465679389961792,0.006286643892611816,0.048364565807680344,0.0021250703818469253,0.02280628839807666,306,True
INNOVATION,pooled,freight,physical_channel,b,0.1,4,-0.006854088036249095,0.00618848060417843,0.2690144823684976,-0.017033232803350826,0.0033250567308526335,305,True
INNOVATION,pooled,freight,physical_channel,b,0.1,5,0.005461995362097127,0.010554375887214045,0.6052146874915169,-0.011898408096196057,0.022822398820390312,304,True
INNOVATION,pooled,freight,physical_channel,b,0.1,6,0.007534528588038825,0.010469388070773755,0.47233795307672927,-0.00968608235213586,0.02475513952821351,303,True
INNOVATION,pooled,freight,physical_channel,b,0.1,7,0.005564628808901517,0.005680509187417868,0.32814756275358503,-0.0037789773309539233,0.014908234948756958,302,False
INNOVATION,pooled,freight,physical_channel,b,0.1,8,0.006116526480404616,0.006710822248956728,0.362866532109153,-0.0049217938356184935,0.017154846796427724,301,True
INNOVATION,pooled,freight,physical_channel,b,0.1,9,0.019203564765149395,0.00702683451617031,0.006689563146964426,0.007645450525238868,0.03076167900505992,300,True
INNOVATION,pooled,freight,physical_channel,b,0.1,10,-0.014688524595214858,0.007378480272524316,0.0475153578681958,-0.026825044632866366,-0.0025520045575633497,299,True
INNOVATION,pooled,freight,physical_channel,b,0.1,11,0.014839469454805965,0.006703757690399694,0.02769198433558265,0.0038127693035482028,0.02586616960606373,298,True
INNOVATION,pooled,freight,physical_channel,b,0.1,12,-0.0074615338815533505,0.009128366325529358,0.4144227988846123,-0.022476360340241995,0.007553292577135296,297,True
INNOVATION,pooled,freight,physical_channel,b,0.1,13,-0.006876142684788533,0.008750741243661408,0.4326915381159825,-0.02126983115793884,0.0075175457883617704,296,True
INNOVATION,pooled,freight,physical_channel,b,0.1,14,0.0030485440135805675,0.006021348152047249,0.6130713761444777,-0.006855692333451895,0.01295278036061303,295,True
INNOVATION,pooled,freight,physical_channel,b,0.1,15,-0.008309670793025248,0.006085781733049894,0.1732734745971454,-0.018319890949467385,0.0017005493634168877,294,True
INNOVATION,pooled,freight,physical_channel,b,0.1,16,-0.01674958633367396,0.007873933066720013,0.03432547713630216,-0.0297010536968415,-0.0037981189705064197,293,True
INNOVATION,pooled,freight,physical_channel,b,0.1,17,0.008276395538260317,0.008611367060663155,0.33738070174073276,-0.005888042804481911,0.022440833881002546,292,True
INNOVATION,pooled,freight,physical_channel,b,0.1,18,-0.008722567230119438,0.007977646438214858,0.2752291883768988,-0.02184462790855364,0.004399493448314765,291,True
INNOVATION,pooled,freight,physical_channel,b,0.1,19,-0.003463092629175435,0.00735715612899771,0.638238932061892,-0.015564537572005571,0.008638352313654701,290,True
INNOVATION,pooled,freight,physical_channel,b,0.1,20,-0.002499598903199285,0.009840411337947231,0.799685000783451,-0.018685635183116178,0.013686437376717608,289,True
INNOVATION,pooled,freight,physical_channel,b,0.1,21,0.01004218416468916,0.005692812259551534,0.0789044422519826,0.0006783412720120143,0.019406027057366305,288,True
INNOVATION,pooled,freight,physical_channel,b,0.1,22,-0.0033361250215158123,0.006489791727381871,0.6076502167228192,-0.014010882482459542,0.007338632439427917,287,True
INNOVATION,pooled,freight,physical_channel,b,0.1,23,0.0006871139163138196,0.01365851066151566,0.9599169489068131,-0.021779136884035565,0.023153364716663204,286,True
INNOVATION,pooled,freight,physical_channel,b,0.1,24,-0.020457325949507776,0.007073755117255839,0.004155646967153449,-0.03209261771029258,-0.008822034188722974,285,True
INNOVATION,pooled,oil,asset_price,b,0.25,0,-0.002026972251485404,0.03690759243850214,0.9562410681226152,-0.06273455953600238,0.05868061503303157,309,True
INNOVATION,pooled,oil,asset_price,b,0.25,1,-0.018462556749337722,0.030164964511089243,0.5409993779002351,-0.06807950803226531,0.03115439453358986,308,True
INNOVATION,pooled,oil,asset_price,b,0.25,2,0.007527918514426801,0.035899399612453975,0.8340588996069723,-0.05152133914349839,0.066577176172352,307,True
INNOVATION,pooled,oil,asset_price,b,0.25,3,0.0030981001546663833,0.03623974351030082,0.9319341595939903,-0.056510973398043,0.06270717370737577,306,True
INNOVATION,pooled,oil,asset_price,b,0.25,4,-0.015862555987166127,0.025820534513320136,0.5394957234243524,-0.058333555831226416,0.026608443856894162,305,True
INNOVATION,pooled,oil,asset_price,b,0.25,5,-0.053703832420069375,0.02428997267996631,0.027859459154899523,-0.09365728208126413,-0.013750382758874621,304,True
INNOVATION,pooled,oil,asset_price,b,0.25,6,0.0033824361889998045,0.02631772841583779,0.897828955445023,-0.03990637484891481,0.04667124722691442,303,True
INNOVATION,pooled,oil,asset_price,b,0.25,7,-0.03860691709007824,0.03492392950703631,0.26993114369525234,-0.09605166920712446,0.018837835026967974,302,True
INNOVATION,pooled,oil,asset_price,b,0.25,8,0.023139067366223287,0.030744729451088953,0.4523273640379496,-0.02743151238104212,0.0737096471134887,301,True
INNOVATION,pooled,oil,asset_price,b,0.25,9,0.024831221788218727,0.03286332038060509,0.4505484046293069,-0.02922412993348779,0.07888657350992524,300,True
INNOVATION,pooled,oil,asset_price,b,0.25,10,0.044872335479794856,0.03659895242070539,0.22124222016250739,-0.015327584152026771,0.10507225511161648,299,False
INNOVATION,pooled,oil,asset_price,b,0.25,11,-0.0014874695447666397,0.027136203047740212,0.9563264300405879,-0.04612255154953372,0.04314761246000044,298,True
INNOVATION,pooled,oil,asset_price,b,0.25,12,-0.032533004245806296,0.03737944106298239,0.3848879717894563,-0.09401671345167167,0.02895070496005908,297,True
INNOVATION,pooled,oil,asset_price,b,0.25,13,0.014246569604139836,0.036642196975207104,0.6977311310507402,-0.04602448098999983,0.07451762019827951,296,True
INNOVATION,pooled,oil,asset_price,b,0.25,14,0.030386742560494895,0.027556792252051817,0.27115247265686787,-0.014940147122440767,0.07571363224343056,295,True
INNOVATION,pooled,oil,asset_price,b,0.25,15,0.003626210253514728,0.026601615158323728,0.8916750459447497,-0.04012955292242132,0.047381973429450774,294,True
INNOVATION,pooled,oil,asset_price,b,0.25,16,-0.029474411272076395,0.028803314788144376,0.30709958540792454,-0.07685164806958064,0.017902825525427858,293,True
INNOVATION,pooled,oil,asset_price,b,0.25,17,-0.06255782759197359,0.03683544296468116,0.09062837330119042,-0.12314673955279348,-0.0019689156311537004,292,True
INNOVATION,pooled,oil,asset_price,b,0.25,18,-0.0591147127922369,0.032074340156674645,0.06644649404765429,-0.11187230753101844,-0.00635711805345536,291,True
INNOVATION,pooled,oil,asset_price,b,0.25,19,0.06750712391033176,0.030389032835734547,0.027176711574398636,0.017521613030926406,0.11749263478973711,290,False
INNOVATION,pooled,oil,asset_price,b,0.25,20,0.028575678045200448,0.030367165267312115,0.3475720098171876,-0.021373863884972658,0.07852521997537355,289,True
INNOVATION,pooled,oil,asset_price,b,0.25,21,0.021159359836957492,0.025663119997649208,0.4104086712205481,-0.02105271617006666,0.06337143584398164,288,True
INNOVATION,pooled,oil,asset_price,b,0.25,22,0.012734564453978692,0.027374320604086202,0.6421783319974397,-0.03229218607698491,0.057761314984942295,287,True
INNOVATION,pooled,oil,asset_price,b,0.25,23,-0.02213929427211614,0.03781397266328038,0.5587373042753913,-0.0843377443567567,0.04005915581252442,286,True
INNOVATION,pooled,oil,asset_price,b,0.25,24,0.010747622021781922,0.040183715373888484,0.7893278851209407,-0.05534870795534419,0.07684395199890803,285,True
INNOVATION,pooled,dxy,asset_price,b,0.25,0,-0.003978491964289788,0.005299144658489553,0.4534132877466088,-0.012694809275546849,0.004737825346967274,309,True
INNOVATION,pooled,dxy,asset_price,b,0.25,1,-0.0029618786172989076,0.004535768819686602,0.5142890194922081,-0.010422554411373814,0.004498797176775998,308,True
INNOVATION,pooled,dxy,asset_price,b,0.25,2,-5.1188022780479514e-05,0.004324732045020458,0.9905648266608328,-0.007164739212625637,0.007062363167064678,307,True
INNOVATION,pooled,dxy,asset_price,b,0.25,3,-0.0017767160330279808,0.003922055551726377,0.6508975293260107,-0.00822792333239027,0.004674491266334308,306,True
INNOVATION,pooled,dxy,asset_price,b,0.25,4,0.005248671463104593,0.004398672486318708,0.23379644167597358,-0.001986500929788384,0.01248384385599757,305,True
INNOVATION,pooled,dxy,asset_price,b,0.25,5,0.0010100423914471968,0.0053690763880790025,0.8509191070284021,-0.00782130237886406,0.009841387161758454,304,True
INNOVATION,pooled,dxy,asset_price,b,0.25,6,-0.002249508719233795,0.005247097040372958,0.6684663336293303,-0.010880215317057589,0.006381197878589999,303,True
INNOVATION,pooled,dxy,asset_price,b,0.25,7,-0.015496808896494407,0.005677845657480207,0.006756834456831676,-0.024836033919471392,-0.006157583873517423,302,True
INNOVATION,pooled,dxy,asset_price,b,0.25,8,-0.0044370077411350906,0.005711286462850716,0.4378997621578478,-0.013831237994113937,0.004957222511843756,301,True
INNOVATION,pooled,dxy,asset_price,b,0.25,9,-0.014044725154771953,0.005039000827394402,0.005691080321912858,-0.022333143941923105,-0.005756306367620801,300,False
INNOVATION,pooled,dxy,asset_price,b,0.25,10,0.000613720268027862,0.004691023985887721,0.8960079349300059,-0.007102327549275908,0.008329768085331632,299,True
INNOVATION,pooled,dxy,asset_price,b,0.25,11,-0.0026199565587461393,0.004455336545583827,0.5569908788441451,-0.00994833303503914,0.0047084199175468616,298,True
INNOVATION,pooled,dxy,asset_price,b,0.25,12,0.007312779832380656,0.005834158233165842,0.21113316407165175,-0.0022835564976509733,0.016909116162412287,297,True
INNOVATION,pooled,dxy,asset_price,b,0.25,13,-0.002929368714347902,0.0044043526597957435,0.5065535817539317,-0.010173884161186295,0.00431514673249049,296,True
INNOVATION,pooled,dxy,asset_price,b,0.25,14,-0.010295785741350372,0.006124193114616502,0.09389998681788075,-0.020369186998078558,-0.0002223844846221852,295,True
INNOVATION,pooled,dxy,asset_price,b,0.25,15,0.0015829670993791067,0.00643683389793655,0.8059312969618103,-0.00900468248372601,0.012170616682484224,294,True
INNOVATION,pooled,dxy,asset_price,b,0.25,16,0.005997557325153835,0.006787686154251655,0.3777164320098652,-0.0051671928642752895,0.01716230751458296,293,True
INNOVATION,pooled,dxy,asset_price,b,0.25,17,0.0018480195595955706,0.005984004035177664,0.7576970096780341,-0.007994791181358655,0.011690830300549796,292,False
INNOVATION,pooled,dxy,asset_price,b,0.25,18,-0.013828457956741147,0.005032461754323628,0.006413736526568478,-0.022106120925834936,-0.005550794987647359,291,True
INNOVATION,pooled,dxy,asset_price,b,0.25,19,-0.013742348879759447,0.007233364189447817,0.05855001568579778,-0.025640174201833586,-0.00184452355768531,290,True
INNOVATION,pooled,dxy,asset_price,b,0.25,20,0.00028251073954876915,0.006920297106149891,0.9674678163376801,-0.011100365055083656,0.011665386534181194,289,True
INNOVATION,pooled,dxy,asset_price,b,0.25,21,-0.008574627472667462,0.005592638810420618,0.12644274441678868,-0.017773699704217383,0.0006244447588824587,288,True
INNOVATION,pooled,dxy,asset_price,b,0.25,22,0.00489641194612922,0.0060783849671622436,0.42124424144444683,-0.005101641613114901,0.014894465505373341,287,True
INNOVATION,pooled,dxy,asset_price,b,0.25,23,-0.009402510174789214,0.006092765875835154,0.12400177798692301,-0.01942421822382283,0.0006191978742444027,286,True
INNOVATION,pooled,dxy,asset_price,b,0.25,24,0.0010806152841738026,0.006051508429883628,0.858416370828102,-0.008873230305247693,0.011034460873595298,285,True
INNOVATION,pooled,vix,asset_price,b,0.25,0,-1.1520160668878816,0.8208442155428056,0.16158595171892262,-2.5021846519856012,0.19815251820983826,309,True
INNOVATION,pooled,vix,asset_price,b,0.25,1,-1.4737284537332016,0.8557796404298333,0.0861577676718462,-2.8813606991654397,-0.06609620830096352,308,True
INNOVATION,pooled,vix,asset_price,b,0.25,2,-0.43367231062438805,0.8065109032624012,0.5912030591271775,-1.7602646950314564,0.8929200737826803,307,True
INNOVATION,pooled,vix,asset_price,b,0.25,3,-0.9321119392407127,0.9019849799319051,0.3023145410004186,-2.4157452049374575,0.5515213264560324,306,True
INNOVATION,pooled,vix,asset_price,b,0.25,4,-1.3133369055067305,1.0155144711403687,0.1969943281526471,-2.983709566583672,0.35703575557021106,305,False
INNOVATION,pooled,vix,asset_price,b,0.25,5,-0.6664677765365923,1.2598498143741723,0.5972266495780164,-2.7387363131240887,1.4058007600509042,304,True
INNOVATION,pooled,vix,asset_price,b,0.25,6,0.21928640703117708,1.1189359521207276,0.8447724178128536,-1.6211994521410005,2.0597722662033546,303,True
INNOVATION,pooled,vix,asset_price,b,0.25,7,-1.6314107367725228,1.0767148528118822,0.1308809832044417,-3.4024490676126677,0.13962759406762215,302,True
INNOVATION,pooled,vix,asset_price,b,0.25,8,1.1730833435431123,1.0149990435426406,0.248794631812528,-0.4964415145802754,2.8426082016664997,301,True
INNOVATION,pooled,vix,asset_price,b,0.25,9,-0.9128914698085282,1.0710721650387092,0.39478880631998686,-2.674648405199215,0.8488654655821584,300,True
INNOVATION,pooled,vix,asset_price,b,0.25,10,1.065707346831914,1.0791219803344017,0.32424471222685025,-0.7092903564441817,2.84070505010801,299,False
INNOVATION,pooled,vix,asset_price,b,0.25,11,0.2679554328569793,1.159467422568121,0.8174104611844061,-1.6391987624862696,2.1751096282002282,298,True
INNOVATION,pooled,vix,asset_price,b,0.25,12,-0.29226701566949487,1.3348383705775935,0.8268526058530469,-2.487880750908043,1.9033467195690532,297,True
INNOVATION,pooled,vix,asset_price,b,0.25,13,1.352495972532779,1.343045627919785,0.3148255866195021,-0.8566174997123968,3.5616094447779547,296,True
INNOVATION,pooled,vix,asset_price,b,0.25,14,0.23638997867237777,1.300916370275405,0.8559479097096601,-1.9034270313356663,2.376206988680422,295,False
INNOVATION,pooled,vix,asset_price,b,0.25,15,-1.5496328906338022,1.421924550115514,0.2767814947182651,-3.888490644142646,0.7892248628750416,294,True
INNOVATION,pooled,vix,asset_price,b,0.25,16,-1.7379957839293638,1.325868230096311,0.19104800515914275,-3.9188549510630097,0.4428633832042821,293,True
INNOVATION,pooled,vix,asset_price,b,0.25,17,-3.468340334962704,1.3450835750483698,0.010464391773106454,-5.680805931933868,-1.2558747379915403,292,False
INNOVATION,pooled,vix,asset_price,b,0.25,18,-1.901434756204253,1.3212404973744496,0.15130321449960354,-4.074681980385783,0.27181246797727754,291,False
INNOVATION,pooled,vix,asset_price,b,0.25,19,-1.3750725642676116,1.3366443272723496,0.30454605356972175,-3.5736568339256465,0.8235117053904233,290,True
INNOVATION,pooled,vix,asset_price,b,0.25,20,-2.2457491662862594,1.3134838580462485,0.08849776095824921,-4.406237854135844,-0.08526047843667506,289,True
INNOVATION,pooled,vix,asset_price,b,0.25,21,-2.229519992135465,1.362421229240516,0.10295747800771783,-4.470503492487412,0.0114635082164809,288,False
INNOVATION,pooled,vix,asset_price,b,0.25,22,-0.7316123318305472,1.2844602207777804,0.5694512664327782,-2.844361384651768,1.3811367209906735,287,True
INNOVATION,pooled,vix,asset_price,b,0.25,23,-4.552154115634039,1.2958292556565854,0.0005231295065463874,-6.6836035667106,-2.420704664557478,286,True
INNOVATION,pooled,vix,asset_price,b,0.25,24,-2.5957143602281576,1.3000128411661023,0.04691428862156158,-4.734045197103709,-0.45738352335260624,285,True
INNOVATION,pooled,us10y,asset_price,b,0.25,0,-0.01445404558810992,0.09537434226258809,0.8796500874340764,-0.17133087837683902,0.14242278720061918,309,True
INNOVATION,pooled,us10y,asset_price,b,0.25,1,-0.12377788512344523,0.0808223315121991,0.12677951232511547,-0.2567187902499602,0.009163020003069733,308,True
INNOVATION,pooled,us10y,asset_price,b,0.25,2,0.05786812190856949,0.08635501896647556,0.5033363219392929,-0.08417324424390099,0.19990948806103997,307,True
INNOVATION,pooled,us10y,asset_price,b,0.25,3,-0.11010410254323233,0.09432177415403116,0.2440796692713038,-0.2652496148609881,0.04504140977452345,306,True
INNOVATION,pooled,us10y,asset_price,b,0.25,4,-0.025783132044310264,0.07380524281571627,0.7270994089561051,-0.14718195337777523,0.09561568928915472,305,True
INNOVATION,pooled,us10y,asset_price,b,0.25,5,-0.07682473237946397,0.07030671764236096,0.2754747523340171,-0.19246899189255445,0.03881952713362652,304,False
INNOVATION,pooled,us10y,asset_price,b,0.25,6,-0.11090417933701247,0.0886578141132744,0.21202544350730257,-0.2567333064388213,0.03492494776479635,303,True
INNOVATION,pooled,us10y,asset_price,b,0.25,7,-0.09253625912970165,0.05994406429733128,0.12381270428488227,-0.19113547070337927,0.0060629524439759636,302,False
INNOVATION,pooled,us10y,asset_price,b,0.25,8,-0.03250031642414797,0.0686629624719363,0.6363552259666566,-0.14544083928334522,0.08044020643504929,301,True
INNOVATION,pooled,us10y,asset_price,b,0.25,9,-0.07549899384423497,0.09291558843730803,0.41718403833572726,-0.22833153648567137,0.07733354879720142,300,True
INNOVATION,pooled,us10y,asset_price,b,0.25,10,0.08955081302440249,0.08785103655253917,0.30894673146637375,-0.05495128308048794,0.2340529091292929,299,True
INNOVATION,pooled,us10y,asset_price,b,0.25,11,-0.1663320126644976,0.08944097321084302,0.06401768181162396,-0.3134493218484222,-0.019214703480572998,298,False
INNOVATION,pooled,us10y,asset_price,b,0.25,12,-0.08290928234603712,0.0667365259368913,0.21519404186513133,-0.19268109908347378,0.026862534391399545,297,True
INNOVATION,pooled,us10y,asset_price,b,0.25,13,-0.0476831938537714,0.06214580863483424,0.44359088495051757,-0.1499039525866106,0.054537564879067815,296,True
INNOVATION,pooled,us10y,asset_price,b,0.25,14,0.08642109269612774,0.09574164985290158,0.36752586921365266,-0.0710599073147353,0.2439020927069908,295,True
INNOVATION,pooled,us10y,asset_price,b,0.25,15,0.04275171822445145,0.08034752106341385,0.5951111875475262,-0.08940819321326463,0.17491162966216753,294,True
INNOVATION,pooled,us10y,asset_price,b,0.25,16,0.009309533879182652,0.07329344188359548,0.8990230435595473,-0.1112474498348063,0.1298665175931716,293,False
INNOVATION,pooled,us10y,asset_price,b,0.25,17,0.06789964325398046,0.06938970555740302,0.3287099827719477,-0.04623626560520863,0.18203555211316955,292,True
INNOVATION,pooled,us10y,asset_price,b,0.25,18,0.08279088738004248,0.0770461152695946,0.2835553803516388,-0.043938694763671404,0.20952046952375636,291,True
INNOVATION,pooled,us10y,asset_price,b,0.25,19,-0.03188608316600039,0.10066762047462827,0.7516884457534202,-0.19746958382026697,0.1336974174882662,290,False
INNOVATION,pooled,us10y,asset_price,b,0.25,20,0.05427523326750361,0.07197690616463033,0.45149022486394114,-0.06411624189413437,0.17266670842914159,289,True
INNOVATION,pooled,us10y,asset_price,b,0.25,21,-0.013971822185112615,0.07589232691098723,0.854078046991092,-0.13880359136243675,0.11085994699221154,288,True
INNOVATION,pooled,us10y,asset_price,b,0.25,22,-0.031995123317756224,0.07083371769651713,0.6518678810990031,-0.14850622078132908,0.08451597414581664,287,False
INNOVATION,pooled,us10y,asset_price,b,0.25,23,-0.16322603571882155,0.09701328376636287,0.09367933129885485,-0.3227986873843959,-0.003653384053247194,286,True
INNOVATION,pooled,us10y,asset_price,b,0.25,24,0.20215419969349568,0.07336611758268947,0.006281135287890521,0.08147767509226073,0.32283072429473064,285,True
INNOVATION,pooled,ip,real_macro,b,0.25,0,0.2485100443727788,0.12698230501681432,0.051332178549179465,0.039642739407213634,0.45737734933834395,309,False
INNOVATION,pooled,ip,real_macro,b,0.25,1,0.021553012772983493,0.13482123501599755,0.8731037560019762,-0.2002081846331569,0.24331421017912389,308,True
INNOVATION,pooled,ip,real_macro,b,0.25,2,-0.040571309074380224,0.15529450084875893,0.794089386342568,-0.29600803204107984,0.2148654138923194,307,True
INNOVATION,pooled,ip,real_macro,b,0.25,3,0.35120395759281564,0.14878975474997042,0.01894574899957332,0.10646658983910676,0.5959413253465246,306,True
INNOVATION,pooled,ip,real_macro,b,0.25,4,0.19107746056897668,0.14914949599439023,0.2012252284359507,-0.05425162887538015,0.4364065500133335,305,True
INNOVATION,pooled,ip,real_macro,b,0.25,5,0.289596114979787,0.1512106884528481,0.056502605218986375,0.04087666564429068,0.5383155643152833,304,True
INNOVATION,pooled,ip,real_macro,b,0.25,6,0.464993377838141,0.16168397268031545,0.004343511400752754,0.19904690895500138,0.7309398467212807,303,True
INNOVATION,pooled,ip,real_macro,b,0.25,7,0.1270120229665963,0.14568265305770411,0.3840587446720984,-0.1126146172992813,0.3666386632324739,302,True
INNOVATION,pooled,ip,real_macro,b,0.25,8,-0.036395061646260274,0.1565749139567994,0.8163665331473279,-0.29393787675771643,0.22114775346519588,301,True
INNOVATION,pooled,ip,real_macro,b,0.25,9,0.1480340143552894,0.2192792943365458,0.500189855733028,-0.2126483282495374,0.5087163569601162,300,False
INNOVATION,pooled,ip,real_macro,b,0.25,10,0.03432131458424692,0.22192569816118304,0.8772105700061201,-0.33071397494991267,0.3993566041184065,299,True
INNOVATION,pooled,ip,real_macro,b,0.25,11,0.2063379211409142,0.17530295025216852,0.24021762116686748,-0.08200977239665869,0.4946856146784871,298,True
INNOVATION,pooled,ip,real_macro,b,0.25,12,0.14173424857403916,0.2159384228246986,0.5121508884242123,-0.21345284940734693,0.49692134655542525,297,True
INNOVATION,pooled,ip,real_macro,b,0.25,13,0.2635969215480145,0.16251515193155125,0.10598264296697704,-0.0037167155411670927,0.530910558637196,296,False
INNOVATION,pooled,ip,real_macro,b,0.25,14,-0.2140576913658947,0.2183481533637012,0.3278006609450226,-0.573208443364335,0.1450930606325455,295,False
INNOVATION,pooled,ip,real_macro,b,0.25,15,0.07028848886403694,0.16979384506142498,0.6792342736435569,-0.20899753301928425,0.3495745107473581,294,True
INNOVATION,pooled,ip,real_macro,b,0.25,16,0.0850724051645102,0.22648048473504356,0.7074939930845779,-0.28745484158565376,0.45759965191467417,293,True
INNOVATION,pooled,ip,real_macro,b,0.25,17,0.1259395972193147,0.1597786295708067,0.4312792840331385,-0.13687286113956249,0.38875205557819187,292,True
INNOVATION,pooled,ip,real_macro,b,0.25,18,-0.24517829600506502,0.200581786659314,0.22267499178230293,-0.5751059752920441,0.08474938328191406,291,True
INNOVATION,pooled,ip,real_macro,b,0.25,19,0.2177706051484165,0.19060562713339016,0.2542812302457971,-0.09574775195930024,0.5312889622561332,290,False
INNOVATION,pooled,ip,real_macro,b,0.25,20,-0.18248368803119774,0.15142440137826094,0.22925075627675043,-0.43155466384718577,0.06658728778479026,289,True
INNOVATION,pooled,ip,real_macro,b,0.25,21,-0.06403380885603838,0.16510427148449752,0.698452813175784,-0.33560616863249465,0.2075385509204179,288,False
INNOVATION,pooled,ip,real_macro,b,0.25,22,0.09918113710216403,0.21085632162918863,0.6384843442977125,-0.24764664829525307,0.44600892249958113,287,True
INNOVATION,pooled,ip,real_macro,b,0.25,23,0.15172052921559498,0.20143088034798015,0.4520081798754411,-0.17960378490480822,0.4830448433359982,286,True
INNOVATION,pooled,ip,real_macro,b,0.25,24,0.15452490394466167,0.21094393200498923,0.4645064879478129,-0.19244698769714957,0.5014967955864729,285,True
INNOVATION,pooled,cpi,real_macro,b,0.25,0,-0.16349568006179993,0.06702845469404482,0.01533883073500226,-0.273747676874252,-0.053243683249347876,309,True
INNOVATION,pooled,cpi,real_macro,b,0.25,1,-0.024606508047327225,0.06290937474387445,0.6959896351106472,-0.12808322126403845,0.078870205169384,308,True
INNOVATION,pooled,cpi,real_macro,b,0.25,2,-0.05222476567905687,0.06982293804613209,0.4551142635327428,-0.16707327856864518,0.06262374721053143,307,False
INNOVATION,pooled,cpi,real_macro,b,0.25,3,-0.043168126362360226,0.06963307974585027,0.5358070290696234,-0.15770435013812314,0.07136809741340269,306,True
INNOVATION,pooled,cpi,real_macro,b,0.25,4,0.029296164473635145,0.07102913172527603,0.6803266016056962,-0.08753636046389901,0.1461286894111693,305,True
INNOVATION,pooled,cpi,real_macro,b,0.25,5,0.16770074654675682,0.05998748586032521,0.005544057523987222,0.06903011285770075,0.26637138023581286,304,True
INNOVATION,pooled,cpi,real_macro,b,0.25,6,-0.06196325942346448,0.06636432515459571,0.35128637201386614,-0.17112286035418806,0.0471963415072591,303,True
INNOVATION,pooled,cpi,real_macro,b,0.25,7,0.0462311355088616,0.07155613744697785,0.5187669654577655,-0.07146823670143798,0.16393050771916118,302,True
INNOVATION,pooled,cpi,real_macro,b,0.25,8,0.06740918802088913,0.07167286882531923,0.3477864741538932,-0.050482190220454304,0.18530056626223257,301,True
INNOVATION,pooled,cpi,real_macro,b,0.25,9,0.03751529880193516,0.05286724525108549,0.4785518429843572,-0.049443581296245806,0.12447417890011613,300,True
INNOVATION,pooled,cpi,real_macro,b,0.25,10,0.12427386309030908,0.08374575694350567,0.13898637414214868,-0.01347564896001266,0.2620233751406308,299,True
INNOVATION,pooled,cpi,real_macro,b,0.25,11,0.05496608020268923,0.08346635424268206,0.5107512295080211,-0.08232385530180275,0.1922560157071812,298,True
INNOVATION,pooled,cpi,real_macro,b,0.25,12,0.0570195615450757,0.0706192189096542,0.4201363504730691,-0.059138716810948996,0.17317783990110042,297,False
INNOVATION,pooled,cpi,real_macro,b,0.25,13,0.09176842833187493,0.06680557326237199,0.17069386878840126,-0.01811696114930994,0.2016538178130598,296,True
INNOVATION,pooled,cpi,real_macro,b,0.25,14,0.04639635426204336,0.08095520187095463,0.5670515742917542,-0.08676310315598498,0.1795558116800717,295,True
INNOVATION,pooled,cpi,real_macro,b,0.25,15,0.0004638039495716839,0.05838245138065672,0.9936674384166669,-0.09556678295421951,0.09649439085336288,294,True
INNOVATION,pooled,cpi,real_macro,b,0.25,16,-0.07365083767149372,0.05893872563455165,0.21254199067204127,-0.17059641429938371,0.023294738956396277,293,True
INNOVATION,pooled,cpi,real_macro,b,0.25,17,0.05700563412381143,0.06573743456213316,0.3866355119820701,-0.05112282354219835,0.16513409178982122,292,True
INNOVATION,pooled,cpi,real_macro,b,0.25,18,-0.14176489525743818,0.08706000154993916,0.10464615855108039,-0.2849658545692564,0.001436064054380043,291,True
INNOVATION,pooled,cpi,real_macro,b,0.25,19,-0.09099126229892818,0.08295107114325248,0.27368050909881,-0.2274336325284166,0.04545110793056026,290,True
INNOVATION,pooled,cpi,real_macro,b,0.25,20,0.04337478212119095,0.07982899284202309,0.5873551926685472,-0.08793222629089384,0.17468179053327573,289,False
INNOVATION,pooled,cpi,real_macro,b,0.25,21,-0.04660108485179393,0.060871037603540436,0.44462616916647957,-0.14672503183027685,0.05352286212668901,288,True
INNOVATION,pooled,cpi,real_macro,b,0.25,22,0.05167165549295305,0.05795121555528425,0.37341320588350396,-0.043649611599402824,0.14699292258530894,287,True
INNOVATION,pooled,cpi,real_macro,b,0.25,23,-0.09496181954710892,0.06684903159151313,0.1566574831641316,-0.20491869161860282,0.014995052524385002,286,True
INNOVATION,pooled,cpi,real_macro,b,0.25,24,-0.020629293713227526,0.08868741047021247,0.8162518885615094,-0.1665071024900905,0.12524851506363543,285,True
INNOVATION,pooled,infl_exp,real_macro,b,0.25,0,-0.07513148673183423,0.09449655624569411,0.4272431443410534,-0.23056449000698798,0.08030151654331952,309,True
INNOVATION,pooled,infl_exp,real_macro,b,0.25,1,-0.18429376259348373,0.0812609202877428,0.0240955998806761,-0.3179560820581919,-0.050631443128775516,308,True
INNOVATION,pooled,infl_exp,real_macro,b,0.25,2,-0.06048799060965848,0.07684412636355144,0.431861173152274,-0.1868853305686633,0.06590934934934634,307,True
INNOVATION,pooled,infl_exp,real_macro,b,0.25,3,-0.019482975654682377,0.07516642742676058,0.7956744248247565,-0.14312074643257414,0.10415479512320938,306,True
INNOVATION,pooled,infl_exp,real_macro,b,0.25,4,-0.11732226971258797,0.06730617417724946,0.08242347622175375,-0.22803107442426426,-0.0066134650009116724,305,True
INNOVATION,pooled,infl_exp,real_macro,b,0.25,5,-0.037624330013500185,0.06825684065428804,0.5819308843640042,-0.14989684192795455,0.0746481819009542,304,True
INNOVATION,pooled,infl_exp,real_macro,b,0.25,6,0.07706785824808549,0.06623442700280113,0.24561015361676788,-0.031878079236524484,0.18601379573269544,303,True
INNOVATION,pooled,infl_exp,real_macro,b,0.25,7,0.034093479343511035,0.074124920467402,0.64591955674161,-0.08783116493478456,0.15601812362180661,302,True
INNOVATION,pooled,infl_exp,real_macro,b,0.25,8,0.07855290152338057,0.07849760742079027,0.3178558878364239,-0.05056417274971911,0.20766997579648025,301,True
INNOVATION,pooled,infl_exp,real_macro,b,0.25,9,0.0656969994931842,0.07748879685774959,0.3972804319876112,-0.061760729066391074,0.19315472805275946,300,True
INNOVATION,pooled,infl_exp,real_macro,b,0.25,10,0.10538964111830751,0.08895970861166388,0.23717811455843513,-0.04093605824413396,0.25171534048074895,299,True
INNOVATION,pooled,infl_exp,real_macro,b,0.25,11,0.07507857867271639,0.09670920503182731,0.43823173493638695,-0.08399390798347833,0.2341510653289111,298,True
INNOVATION,pooled,infl_exp,real_macro,b,0.25,12,-0.005930794794039684,0.07606897533549623,0.9379130493395643,-0.13105312477311273,0.11919153518503336,297,True
INNOVATION,pooled,infl_exp,real_macro,b,0.25,13,-0.09724406806310526,0.09173547188912416,0.29007685437130637,-0.24813549172003596,0.05364735559382544,296,True
INNOVATION,pooled,infl_exp,real_macro,b,0.25,14,0.07509093951784962,0.06985305824073992,0.28335222982175073,-0.03980711668308387,0.1899889957187831,295,True
INNOVATION,pooled,infl_exp,real_macro,b,0.25,15,0.07992768764313496,0.07062771362840331,0.258789865179437,-0.03624456328183415,0.19609993856810407,294,True
INNOVATION,pooled,infl_exp,real_macro,b,0.25,16,0.0024752753101893177,0.06989634352424018,0.9717766674712832,-0.11249397884630319,0.11744452946668182,293,True
INNOVATION,pooled,infl_exp,real_macro,b,0.25,17,0.23213063880052687,0.06531016099448292,0.00044892195442458897,0.12470498361196707,0.33955629398908665,292,True
INNOVATION,pooled,infl_exp,real_macro,b,0.25,18,-0.2450866475832072,0.09045880038726896,0.007183889624235834,-0.39387813348988576,-0.0962951616765286,291,True
INNOVATION,pooled,infl_exp,real_macro,b,0.25,19,-0.09520861242026513,0.09476300624129065,0.3159672059415374,-0.25107988693707706,0.060662662096546804,290,False
INNOVATION,pooled,infl_exp,real_macro,b,0.25,20,0.08359808338286712,0.07251082114995498,0.25000418771644883,-0.03567160377886586,0.2028677705446001,289,True
INNOVATION,pooled,infl_exp,real_macro,b,0.25,21,-0.07684198341098636,0.07822098591446737,0.32683062889106007,-0.20550405579611802,0.051820088974145306,288,True
INNOVATION,pooled,infl_exp,real_macro,b,0.25,22,-0.03814116838979942,0.07391022086982238,0.6062616557637731,-0.15971266325631117,0.08343032647671232,287,True
INNOVATION,pooled,infl_exp,real_macro,b,0.25,23,0.10261881631322467,0.0762801963269081,0.17971352968894835,-0.022850941279660503,0.22808857390610984,286,True
INNOVATION,pooled,infl_exp,real_macro,b,0.25,24,-0.006793895592863919,0.107846308711565,0.949818586454748,-0.18418528763040976,0.17059749644468192,285,True
INNOVATION,pooled,freight,physical_channel,b,0.25,0,-0.001838185447070817,0.004134841631032239,0.6569799187285088,-0.008639394700744136,0.004963023806602502,309,True
INNOVATION,pooled,freight,physical_channel,b,0.25,1,0.007067809604876629,0.004884268065738215,0.14899983088681817,-0.0009660964380561257,0.015101715647809384,308,True
INNOVATION,pooled,freight,physical_channel,b,0.25,2,0.0010379757422764868,0.003935657981655696,0.7921778361914632,-0.005435605563290396,0.007511557047843369,307,True
INNOVATION,pooled,freight,physical_channel,b,0.25,3,-0.001800236825985957,0.003998244206232578,0.6528761724848782,-0.008376763310045322,0.004776289658073409,306,True
INNOVATION,pooled,freight,physical_channel,b,0.25,4,-0.006880825427053594,0.0038816856338461316,0.07738764456174575,-0.013265630120570828,-0.0004960207335363599,305,False
INNOVATION,pooled,freight,physical_channel,b,0.25,5,-0.004378862335550515,0.005018624323332211,0.38368185431431895,-0.01263376475609038,0.0038760400849893496,304,True
INNOVATION,pooled,freight,physical_channel,b,0.25,6,0.0007612253098177035,0.005457850004106231,0.8891781038805816,-0.008216139064793538,0.009738589684428945,303,True
INNOVATION,pooled,freight,physical_channel,b,0.25,7,0.010869641416210385,0.004351615499766323,0.013081866166290895,0.0037118708783215057,0.018027411954099265,302,True
INNOVATION,pooled,freight,physical_channel,b,0.25,8,0.002575529081262573,0.004989390647118195,0.6061317887769779,-0.005631288220927542,0.010782346383452688,301,True
INNOVATION,pooled,freight,physical_channel,b,0.25,9,-0.008324321488493602,0.003945103709114664,0.03576828498975428,-0.014813439633130563,-0.0018352033438566416,300,True
INNOVATION,pooled,freight,physical_channel,b,0.25,10,-0.001470323650353933,0.005253706027661409,0.7797952737310798,-0.010111901064889614,0.007171253764181748,299,True
INNOVATION,pooled,freight,physical_channel,b,0.25,11,0.005141374273708976,0.005185868979495778,0.3223681811415393,-0.0033886211261097837,0.013671369673527736,298,True
INNOVATION,pooled,freight,physical_channel,b,0.25,12,0.002569806362192395,0.004499528701906136,0.5683897838671094,-0.004831259742710162,0.009970872467094952,297,True
INNOVATION,pooled,freight,physical_channel,b,0.25,13,0.007001273073868219,0.004775965937126506,0.14383729212427054,-0.0008544918200110007,0.01485703796774744,296,True
INNOVATION,pooled,freight,physical_channel,b,0.25,14,0.00089526571629861,0.004644586488904911,0.8472976433805259,-0.006744399215666437,0.008534930648263658,295,True
INNOVATION,pooled,freight,physical_channel,b,0.25,15,0.0012126720466643093,0.00544192519612212,0.8238319917096056,-0.00773849834977576,0.010163842443104379,294,True
INNOVATION,pooled,freight,physical_channel,b,0.25,16,-0.011432179204538429,0.00628826856181504,0.07019055393754485,-0.021775460555684814,-0.0010888978533920412,293,True
INNOVATION,pooled,freight,physical_channel,b,0.25,17,0.0032230138996349744,0.004929363846445676,0.5137841802334515,-0.004885068101754654,0.011331095901024603,292,False
INNOVATION,pooled,freight,physical_channel,b,0.25,18,-0.00740580355253595,0.0043384143657345395,0.08899671783451653,-0.014541860157232779,-0.0002697469478391218,291,True
INNOVATION,pooled,freight,physical_channel,b,0.25,19,0.004028543014472419,0.004146958802998275,0.3322226335182245,-0.002792597213457629,0.010849683242402467,290,True
INNOVATION,pooled,freight,physical_channel,b,0.25,20,0.0018715459220359776,0.004146531386841326,0.6521105494646554,-0.004948891268878095,0.008691983112950049,289,True
INNOVATION,pooled,freight,physical_channel,b,0.25,21,0.0036369147050265838,0.003662956524504881,0.3216864559174331,-0.002388112619670829,0.009661942029723997,288,False
INNOVATION,pooled,freight,physical_channel,b,0.25,22,-0.001331182002847875,0.003940539312236738,0.7357745807308301,-0.007812792382725333,0.005150428377029583,287,True
INNOVATION,pooled,freight,physical_channel,b,0.25,23,-0.004263036178548618,0.005628990812844147,0.44953982389750347,-0.013521902133131829,0.004995829776034593,286,True
INNOVATION,pooled,freight,physical_channel,b,0.25,24,0.0016805004225239895,0.005964327864423498,0.7783553941618528,-0.00812994589760073,0.011490946742648708,285,True
INNOVATION,pooled,oil,asset_price,b,0.5,0,0.009705002170541377,0.026822563768376016,0.7177567431757029,-0.03441418912800906,0.05382419346909181,309,True
INNOVATION,pooled,oil,asset_price,b,0.5,1,-0.05076910825876979,0.02670107001798206,0.05827760749915354,-0.0946884601213328,-0.006849756396206788,308,True
INNOVATION,pooled,oil,asset_price,b,0.5,2,0.004479898269913907,0.030113900396380105,0.8818464356672698,-0.04505306001872728,0.054012856558555096,307,True
INNOVATION,pooled,oil,asset_price,b,0.5,3,-0.04295181487755606,0.03144014004657303,0.17299728053415406,-0.09466624326502393,0.008762613509911817,306,True
INNOVATION,pooled,oil,asset_price,b,0.5,4,0.02757062375743402,0.029306795212579142,0.3476481794460813,-0.020634764642300824,0.07577601215716886,305,True
INNOVATION,pooled,oil,asset_price,b,0.5,5,-0.020500147813493186,0.025432606721877075,0.42090354688062614,-0.06233306322280308,0.02133276759581671,304,True
INNOVATION,pooled,oil,asset_price,b,0.5,6,-0.0029673361785738095,0.027050648275853944,0.9127308220654823,-0.04746169310650076,0.04152702074935314,303,True
INNOVATION,pooled,oil,asset_price,b,0.5,7,0.004532509576360866,0.026676516204020582,0.8652091645329265,-0.03934645485625211,0.04841147400897384,302,True
INNOVATION,pooled,oil,asset_price,b,0.5,8,-0.008696907156583222,0.027436217468358025,0.7514962128842075,-0.05382546896924126,0.03643165465607481,301,True
INNOVATION,pooled,oil,asset_price,b,0.5,9,-0.0006279675217513159,0.02441469681140244,0.9794988283200509,-0.040786570122907165,0.03953063507940453,300,True
INNOVATION,pooled,oil,asset_price,b,0.5,10,0.07922882783800844,0.027472164570887796,0.0042421931728751265,0.03404113830337591,0.12441651737264098,299,False
INNOVATION,pooled,oil,asset_price,b,0.5,11,0.018945255131590955,0.02666491415944438,0.47801123900553605,-0.024914625635920798,0.06280513589910271,298,True
INNOVATION,pooled,oil,asset_price,b,0.5,12,-0.0628203530995961,0.028395178560627857,0.02778197301800636,-0.10952626554297952,-0.01611444065621269,297,True
INNOVATION,pooled,oil,asset_price,b,0.5,13,-0.0019385071943203158,0.027693346483488084,0.9442466399177704,-0.04749000860010949,0.04361299421146886,296,True
INNOVATION,pooled,oil,asset_price,b,0.5,14,0.020205084294715903,0.026516214032901678,0.4467386672680986,-0.023410206530323947,0.06382037511975575,295,True
INNOVATION,pooled,oil,asset_price,b,0.5,15,-0.002194479491018697,0.026933296659596533,0.9351228463609331,-0.04649581018731602,0.04210685120527863,294,True
INNOVATION,pooled,oil,asset_price,b,0.5,16,0.0032793787955378573,0.024649903905270425,0.8942641381049765,-0.03726610504705146,0.043824862638127175,293,True
INNOVATION,pooled,oil,asset_price,b,0.5,17,-0.04750510142289599,0.026803920310242806,0.07749486690917019,-0.0915936269617171,-0.003416575884074881,292,True
INNOVATION,pooled,oil,asset_price,b,0.5,18,-0.03933576749418677,0.027073158971473023,0.1474315507499898,-0.08386715122144796,0.005195616233074421,291,True
INNOVATION,pooled,oil,asset_price,b,0.5,19,0.05364938698278365,0.026070423072397077,0.04059250279877119,0.010767357035991978,0.09653141692957533,290,False
INNOVATION,pooled,oil,asset_price,b,0.5,20,0.038663602222094084,0.026953642874821066,0.1526414916126083,-0.0056711950201100494,0.08299839946429821,289,True
INNOVATION,pooled,oil,asset_price,b,0.5,21,-0.010698174806293537,0.028047689235211243,0.70319718338237,-0.05683251817243851,0.03543616855985144,288,True
INNOVATION,pooled,oil,asset_price,b,0.5,22,0.017378184138621577,0.029552913720603664,0.5570203492596092,-0.03123203318169729,0.06598840145894044,287,False
INNOVATION,pooled,oil,asset_price,b,0.5,23,-0.00489272024874321,0.030224636187004567,0.8715281958616322,-0.054607822704226386,0.044822382206739966,286,True
INNOVATION,pooled,oil,asset_price,b,0.5,24,0.039410568383246414,0.029001740232218794,0.1753685270090375,-0.0082930492256231,0.08711418599211593,285,True
INNOVATION,pooled,dxy,asset_price,b,0.5,0,-0.002026760488974863,0.004932776813545932,0.6814764790004535,-0.010140456321678015,0.006086935343728289,309,True
INNOVATION,pooled,dxy,asset_price,b,0.5,1,-0.0014572275769002552,0.004877009246912597,0.7653178517124692,-0.009479193925360308,0.0065647387715597975,308,True
INNOVATION,pooled,dxy,asset_price,b,0.5,2,0.005729044896283231,0.004955104420957109,0.2485922966781366,-0.0024213765824513435,0.013879466375017805,307,True
INNOVATION,pooled,dxy,asset_price,b,0.5,3,0.0004868973774190266,0.0051321303396548975,0.9244845479101034,-0.007954705825750022,0.008928500580588075,306,True
INNOVATION,pooled,dxy,asset_price,b,0.5,4,-0.0028433872678959027,0.005318896049485053,0.593367598399572,-0.011592192726269249,0.005905418190477444,305,True
INNOVATION,pooled,dxy,asset_price,b,0.5,5,-0.0016528681700785919,0.00508698291736702,0.7454869229207003,-0.010020210471949917,0.006714474131792733,304,True
INNOVATION,pooled,dxy,asset_price,b,0.5,6,-0.002479117160369526,0.005256008475604878,0.6375342358509635,-0.011124481764755887,0.006166247444016835,303,False
INNOVATION,pooled,dxy,asset_price,b,0.5,7,-0.005836040016374611,0.005017027554107663,0.24574151167564792,-0.014088315985264074,0.0024162359525148527,302,True
INNOVATION,pooled,dxy,asset_price,b,0.5,8,-0.014480356444619424,0.004825300525820298,0.002940499461671924,-0.022417269515645787,-0.0065434433735930605,301,False
INNOVATION,pooled,dxy,asset_price,b,0.5,9,0.0005767403583281094,0.0051436710814615535,0.9108060349039563,-0.007883845675859329,0.009037326392515548,300,True
INNOVATION,pooled,dxy,asset_price,b,0.5,10,-0.0026997965540722646,0.005160256146745939,0.601269268536659,-0.011187662593045952,0.005788069484901423,299,True
INNOVATION,pooled,dxy,asset_price,b,0.5,11,0.0025090910301912572,0.004961781423040899,0.6134914278330414,-0.005652313139638003,0.010670495200020518,298,True
INNOVATION,pooled,dxy,asset_price,b,0.5,12,-0.0023129177061846917,0.0048330767197887,0.632640333476817,-0.010262621478063859,0.0056367860656944754,297,True
INNOVATION,pooled,dxy,asset_price,b,0.5,13,-0.0004514812037843541,0.005169593250410062,0.9304712553621104,-0.008954705411585195,0.008051743004016487,296,True
INNOVATION,pooled,dxy,asset_price,b,0.5,14,-0.01566985887604888,0.005118473421361997,0.002427518364847195,-0.02408899844763087,-0.00725071930446689,295,False
INNOVATION,pooled,dxy,asset_price,b,0.5,15,0.001234479267122078,0.005267212205002091,0.8148776374020705,-0.007429313832198673,0.009898272366442829,294,True
INNOVATION,pooled,dxy,asset_price,b,0.5,16,-0.0006864698795596702,0.004871079695182291,0.8880341536071149,-0.008698682983349932,0.007325743224230592,293,True
INNOVATION,pooled,dxy,asset_price,b,0.5,17,-0.000903523922699212,0.005320125422501084,0.8652728625142635,-0.009654351519736853,0.007847303674338429,292,False
INNOVATION,pooled,dxy,asset_price,b,0.5,18,-0.015406213147771908,0.005054750083969514,0.002539494960425909,-0.02372053715672242,-0.007091889138821394,291,True
INNOVATION,pooled,dxy,asset_price,b,0.5,19,-0.005882577022951585,0.005268560631403781,0.26521249198961244,-0.014548588086329833,0.0027834340404266633,290,True
INNOVATION,pooled,dxy,asset_price,b,0.5,20,-0.0012780829689032769,0.005261706965364286,0.8082715356216499,-0.009932820754838546,0.007376654817031992,289,False
INNOVATION,pooled,dxy,asset_price,b,0.5,21,-0.004194518942167713,0.005142841281062051,0.4154735245774999,-0.012653740076158384,0.004264702191822957,288,True
INNOVATION,pooled,dxy,asset_price,b,0.5,22,0.0017969004293179047,0.005403434070332852,0.73974460271636,-0.007090957699262244,0.010684758557898053,287,True
INNOVATION,pooled,dxy,asset_price,b,0.5,23,-0.008577700679902267,0.00523493140434987,0.1025257430648552,-0.017188396587189313,3.299522738478035e-05,286,True
INNOVATION,pooled,dxy,asset_price,b,0.5,24,-0.0011458741645338222,0.004922584883381812,0.8161183322859122,-0.009242805763940886,0.006951057434873242,285,True
INNOVATION,pooled,vix,asset_price,b,0.5,0,-0.4187572334485594,0.9428509107286402,0.657283641977056,-1.9696089736350622,1.1320945067379433,309,True
INNOVATION,pooled,vix,asset_price,b,0.5,1,-1.3879305055379518,1.07940409580787,0.199564641400818,-3.163392247473801,0.3875312363978973,308,True
INNOVATION,pooled,vix,asset_price,b,0.5,2,-1.7250480813527247,1.2804954469492484,0.179017841930468,-3.8312756615620422,0.38117949885659286,307,True
INNOVATION,pooled,vix,asset_price,b,0.5,3,-2.4313813488442975,1.3449710148917233,0.07172500112161719,-4.643661800833551,-0.21910089685504364,306,True
INNOVATION,pooled,vix,asset_price,b,0.5,4,-1.2570539417392865,1.3213268910481495,0.3422524038206354,-3.430443270868348,0.916335387389775,305,True
INNOVATION,pooled,vix,asset_price,b,0.5,5,-1.2102850016744924,1.4636553425167187,0.4090125392127602,-3.6177838004200162,1.1972137970710315,304,True
INNOVATION,pooled,vix,asset_price,b,0.5,6,0.723391270465072,1.5293272115820389,0.6365793023679073,-1.7921281403012261,3.23891068123137,303,True
INNOVATION,pooled,vix,asset_price,b,0.5,7,-0.9270939614943927,1.5643586688389837,0.5539141113517474,-3.500234991787172,1.6460470687983864,302,True
INNOVATION,pooled,vix,asset_price,b,0.5,8,-0.3638041284666542,1.6670451383700422,0.8274106770488525,-3.105849370606437,2.3782411136731287,301,True
INNOVATION,pooled,vix,asset_price,b,0.5,9,-0.6744202075051362,1.7072808272633337,0.6931333456693064,-3.4826472684539405,2.133806853443668,300,True
INNOVATION,pooled,vix,asset_price,b,0.5,10,0.03953591144818347,1.7168890301162016,0.9816451673719789,-2.784495236811646,2.863567059708013,299,True
INNOVATION,pooled,vix,asset_price,b,0.5,11,-0.7544864175724797,1.8360270088791442,0.6814466844813267,-3.7744821023082027,2.2655092671632433,298,True
INNOVATION,pooled,vix,asset_price,b,0.5,12,-0.4902511457730725,1.7795183163689905,0.7831462851743533,-3.4172983026791837,2.4367960111330387,297,True
INNOVATION,pooled,vix,asset_price,b,0.5,13,0.8171299162786454,1.7045599990726632,0.6320601183819738,-1.9866217805524227,3.6208816131097135,296,True
INNOVATION,pooled,vix,asset_price,b,0.5,14,-2.436591516219778,1.7584846189444059,0.16701927705269207,-5.329041319628861,0.4558582871893053,295,True
INNOVATION,pooled,vix,asset_price,b,0.5,15,-1.102948745014146,1.8025582849761872,0.5411400122876457,-4.067893277848652,1.8619957878203608,294,False
INNOVATION,pooled,vix,asset_price,b,0.5,16,-2.5449696894502267,1.7808950056614266,0.1541705129847502,-5.474281298732187,0.3843419198317335,293,True
INNOVATION,pooled,vix,asset_price,b,0.5,17,-1.2498357101467263,1.8131049600142666,0.491218245595019,-4.2321279796698965,1.7324565593764438,292,True
INNOVATION,pooled,vix,asset_price,b,0.5,18,-3.080892358098936,1.8246386949106101,0.09250163486162556,-6.082155933298654,-0.07962878289921793,291,True
INNOVATION,pooled,vix,asset_price,b,0.5,19,-2.8414562600664794,1.8678736199374586,0.12940928978236613,-5.913834958507584,0.23092243837462512,290,False
INNOVATION,pooled,vix,asset_price,b,0.5,20,-3.771483812437509,1.817421752161387,0.03894917807654065,-6.760876573180666,-0.7820910516943522,289,True
INNOVATION,pooled,vix,asset_price,b,0.5,21,-3.7251999424770474,1.928851993954359,0.05453236489430915,-6.897879140585454,-0.5525207443686413,288,True
INNOVATION,pooled,vix,asset_price,b,0.5,22,-3.260374415840488,1.8430615013708984,0.07807088569751587,-6.291940811065036,-0.22880802061593997,287,True
INNOVATION,pooled,vix,asset_price,b,0.5,23,-4.306534055620432,1.8638368696954954,0.021645537405741766,-7.372272890784946,-1.2407952204559178,286,False
INNOVATION,pooled,vix,asset_price,b,0.5,24,-2.8682997312826046,1.7749641055056702,0.10732632614007717,-5.787855877932282,0.051256415367072705,285,True
INNOVATION,pooled,us10y,asset_price,b,0.5,0,-0.08297672939261247,0.06664522604889472,0.21415016425187425,-0.1925983711781377,0.02664491239291275,309,False
INNOVATION,pooled,us10y,asset_price,b,0.5,1,-0.017717888729514186,0.06990154897013415,0.8000916788480626,-0.13269570508256529,0.09725992762353691,308,True
INNOVATION,pooled,us10y,asset_price,b,0.5,2,-0.04438347992329117,0.06784277026002872,0.5135148291953228,-0.1559749066479349,0.06720794680135254,307,True
INNOVATION,pooled,us10y,asset_price,b,0.5,3,-0.13866990543314017,0.0707527842160148,0.05100380993242349,-0.255047879167767,-0.022291931698513345,306,True
INNOVATION,pooled,us10y,asset_price,b,0.5,4,0.04110609729792891,0.06854962331519256,0.5492266290685324,-0.07164799923822276,0.1538601938340806,305,True
INNOVATION,pooled,us10y,asset_price,b,0.5,5,-0.003445502836697756,0.06613373810128388,0.9584874820217466,-0.11222582181645331,0.1053348161430578,304,True
INNOVATION,pooled,us10y,asset_price,b,0.5,6,0.11533245336099895,0.07310392394257251,0.11579547873789357,-0.004912801080326004,0.2355777078023239,303,True
INNOVATION,pooled,us10y,asset_price,b,0.5,7,-0.04249625898503062,0.07545390537485733,0.573753698501261,-0.16660688890851788,0.08161437093845664,302,True
INNOVATION,pooled,us10y,asset_price,b,0.5,8,-0.02139615377475934,0.07315726425373423,0.7701510286712164,-0.14172914522036137,0.09893683767084269,301,True
INNOVATION,pooled,us10y,asset_price,b,0.5,9,-0.03553527290118552,0.07226904214774663,0.6233222817088963,-0.15440726899421536,0.08333672319184433,300,True
INNOVATION,pooled,us10y,asset_price,b,0.5,10,0.07452316087619693,0.07324994526472141,0.30987925342934275,-0.04596227726647689,0.19500859901887074,299,True
INNOVATION,pooled,us10y,asset_price,b,0.5,11,-0.19555396218196108,0.07347062712638014,0.008241710677863438,-0.3164023896851867,-0.07470553467873549,298,True
INNOVATION,pooled,us10y,asset_price,b,0.5,12,0.014822262748317883,0.07260373832757745,0.8383883952224558,-0.10460025957003351,0.13424478506666926,297,True
INNOVATION,pooled,us10y,asset_price,b,0.5,13,0.04846965387241653,0.07399113075364555,0.5129820770468834,-0.07323492590995798,0.17017423365479104,296,True
INNOVATION,pooled,us10y,asset_price,b,0.5,14,-0.0053071639206905274,0.07355151336678482,0.9425319877801863,-0.12628863744981622,0.11567430960843518,295,True
INNOVATION,pooled,us10y,asset_price,b,0.5,15,0.048239569726789,0.07038960348400383,0.4937373079762013,-0.06754102486355068,0.16402016431712868,294,True
INNOVATION,pooled,us10y,asset_price,b,0.5,16,-0.07013903644287467,0.0728795348420029,0.33672762532004996,-0.1900152036582793,0.049737130772529975,293,True
INNOVATION,pooled,us10y,asset_price,b,0.5,17,0.06202228386732145,0.07425488371255863,0.4043254576396998,-0.06011613092614042,0.18416069866078333,292,True
INNOVATION,pooled,us10y,asset_price,b,0.5,18,0.020233475657171596,0.07685044243727135,0.7925380043625463,-0.10617425331859953,0.14664120463294272,291,True
INNOVATION,pooled,us10y,asset_price,b,0.5,19,-0.03634940379426865,0.07679758495091499,0.6363829947296206,-0.16267018994189497,0.08997138235335767,290,True
INNOVATION,pooled,us10y,asset_price,b,0.5,20,0.06824353937265037,0.07756572224731972,0.3797685140462435,-0.059340720192963964,0.1958277989382647,289,True
INNOVATION,pooled,us10y,asset_price,b,0.5,21,0.03470277146869272,0.07517539562445906,0.6447369178914952,-0.0889497506817106,0.15835529361909603,288,True
INNOVATION,pooled,us10y,asset_price,b,0.5,22,-0.05079591271537387,0.07154566043858096,0.478355917032597,-0.16847805178041222,0.06688622634966448,287,True
INNOVATION,pooled,us10y,asset_price,b,0.5,23,-0.02755714167312817,0.06736149813526855,0.6828105413199462,-0.13835694619780947,0.08324266285155314,286,True
INNOVATION,pooled,us10y,asset_price,b,0.5,24,0.06550602190870602,0.06798837530279543,0.33620808900891785,-0.04632490379863494,0.17733694761604699,285,True
INNOVATION,pooled,ip,real_macro,b,0.5,0,0.3249502547769225,0.1452359756881281,0.02604450900372356,0.08605833340246918,0.5638421761513759,309,False
INNOVATION,pooled,ip,real_macro,b,0.5,1,-0.17325092972549783,0.14814130118228483,0.2431976930142838,-0.41692168627648946,0.0704198268254938,308,True
INNOVATION,pooled,ip,real_macro,b,0.5,2,0.02384356963011669,0.15204200786709676,0.8754983591821617,-0.22624327845906167,0.27393041771929505,307,False
INNOVATION,pooled,ip,real_macro,b,0.5,3,0.5098028931872989,0.16661401049243357,0.0024313063205062256,0.23574723372788886,0.7838585526467089,306,True
INNOVATION,pooled,ip,real_macro,b,0.5,4,0.06824739348940057,0.16819911136645543,0.6852369012651108,-0.20841552489172827,0.3449103118705294,305,False
INNOVATION,pooled,ip,real_macro,b,0.5,5,0.13546934424067558,0.16145885199676693,0.4021767654298341,-0.13010683406962747,0.40104552255097864,304,True
INNOVATION,pooled,ip,real_macro,b,0.5,6,0.3229849622018719,0.16175172130676643,0.046833002971955306,0.056927056744793425,0.5890428676589503,303,True
INNOVATION,pooled,ip,real_macro,b,0.5,7,0.08186969654137499,0.1473439585349936,0.5789126935543292,-0.16048954806429655,0.32422894114704653,302,True
INNOVATION,pooled,ip,real_macro,b,0.5,8,-0.02964154099879579,0.15256696222050245,0.8460968704850979,-0.28059186216015747,0.2213087801625659,301,True
INNOVATION,pooled,ip,real_macro,b,0.5,9,0.30428597063797724,0.15506417046981952,0.050744262830269886,0.049228107430473234,0.5593438338454813,300,True
INNOVATION,pooled,ip,real_macro,b,0.5,10,-0.12352136307686123,0.1641781754283684,0.4524865899504757,-0.3935704303964881,0.14652770424276562,299,True
INNOVATION,pooled,ip,real_macro,b,0.5,11,0.06611688507109648,0.161161498607306,0.6819461811936716,-0.1989701904380654,0.33120396058025836,298,False
INNOVATION,pooled,ip,real_macro,b,0.5,12,0.03896409205708551,0.1703328612575362,0.8192349855603839,-0.2412085325713948,0.3191367166855658,297,True
INNOVATION,pooled,ip,real_macro,b,0.5,13,0.1857930467793949,0.17820815492345038,0.298090745104941,-0.10733328319877233,0.47891937675756213,296,True
INNOVATION,pooled,ip,real_macro,b,0.5,14,-0.060775127578381216,0.17463824959831428,0.728110019020287,-0.34802948583462495,0.22647923067786252,295,True
INNOVATION,pooled,ip,real_macro,b,0.5,15,0.30523715938812757,0.1764151625567299,0.08475069835858302,0.015060039407456816,0.5954142793687983,294,True
INNOVATION,pooled,ip,real_macro,b,0.5,16,0.19920815782541013,0.1763457103643152,0.25964706239366286,-0.09085472346466755,0.4892710391154878,293,True
INNOVATION,pooled,ip,real_macro,b,0.5,17,-0.07725291657379785,0.16888162539659324,0.6477322896615262,-0.3550384706328441,0.2005326374852484,292,True
INNOVATION,pooled,ip,real_macro,b,0.5,18,-0.24991001575972405,0.17687884600888854,0.15887095903171283,-0.5408498271484352,0.041029795628987176,291,True
INNOVATION,pooled,ip,real_macro,b,0.5,19,-0.06715457400503766,0.1884246579780095,0.7218277640769771,-0.37708555608725725,0.24277640807718193,290,True
INNOVATION,pooled,ip,real_macro,b,0.5,20,-0.06896908483054176,0.18898918992257985,0.7154542151637306,-0.3798286393293178,0.2418904696682343,289,True
INNOVATION,pooled,ip,real_macro,b,0.5,21,0.11105797691976704,0.18349613051724106,0.5455518582896189,-0.1907662988930776,0.4128822527326117,288,True
INNOVATION,pooled,ip,real_macro,b,0.5,22,0.15881094086887515,0.1946821900462548,0.41539579679679195,-0.16141276553156286,0.47903464726931316,287,True
INNOVATION,pooled,ip,real_macro,b,0.5,23,0.04941286948726997,0.18044497587151723,0.7844274655987962,-0.24739270354016601,0.34621844251470596,286,True
INNOVATION,pooled,ip,real_macro,b,0.5,24,0.13790944567881525,0.18172105690479745,0.4486034387371297,-0.16099509386449573,0.4368139852221262,285,False
INNOVATION,pooled,cpi,real_macro,b,0.5,0,0.006127470238880051,0.05295927195137103,0.9079717110598767,-0.08098278031104196,0.09323772078880206,309,True
INNOVATION,pooled,cpi,real_macro,b,0.5,1,-0.027756164390780214,0.05981415198520634,0.6429795867413913,-0.12614168922667346,0.07062936044511305,308,True
INNOVATION,pooled,cpi,real_macro,b,0.5,2,-0.08452157041301689,0.05752859142758665,0.14290253919565055,-0.17914768267609216,0.01010454185005838,307,False
INNOVATION,pooled,cpi,real_macro,b,0.5,3,-0.056858506951883214,0.06511106499462418,0.38327823831454594,-0.16395667836296385,0.05023966445919742,306,True
INNOVATION,pooled,cpi,real_macro,b,0.5,4,-0.028715247182539372,0.06372368135660304,0.6526150337581849,-0.13353137558464778,0.07610088121956905,305,True
INNOVATION,pooled,cpi,real_macro,b,0.5,5,0.06660992487658746,0.06508597592643853,0.3070081147565557,-0.04044697868969116,0.17366682844286607,304,True
INNOVATION,pooled,cpi,real_macro,b,0.5,6,0.02330673965980168,0.07045607750127034,0.7410488649471082,-0.09258319495893685,0.1391966742785402,303,True
INNOVATION,pooled,cpi,real_macro,b,0.5,7,-0.005522638848418637,0.0701252271353259,0.9372858134747114,-0.12086837304275524,0.10982309534591797,302,True
INNOVATION,pooled,cpi,real_macro,b,0.5,8,-0.03798005114282432,0.07085437187549434,0.5923744540012968,-0.15452512170759958,0.07856501942195093,301,True
INNOVATION,pooled,cpi,real_macro,b,0.5,9,0.03431955785526952,0.06717383148271117,0.6098308421728866,-0.07617156249529493,0.144810678205834,300,False
INNOVATION,pooled,cpi,real_macro,b,0.5,10,0.07429800419890853,0.06556113279712306,0.2581054157270262,-0.03354046286948645,0.1821364712673035,299,True
INNOVATION,pooled,cpi,real_macro,b,0.5,11,0.018524954732896504,0.07070451521620764,0.7935171637873296,-0.09777362356232819,0.1348235330281212,298,True
INNOVATION,pooled,cpi,real_macro,b,0.5,12,-0.02130736180285453,0.07425869634213206,0.7743835710272622,-0.14345204781389848,0.1008373242081894,297,True
INNOVATION,pooled,cpi,real_macro,b,0.5,13,0.010630736249368056,0.07426329723221155,0.886279868615721,-0.11152151755241034,0.13278299005114647,296,True
INNOVATION,pooled,cpi,real_macro,b,0.5,14,-0.0369290131723119,0.06591734592702428,0.5757908819568811,-0.14535339869939262,0.07149537235476884,295,True
INNOVATION,pooled,cpi,real_macro,b,0.5,15,-0.043879883813417564,0.06150667205729852,0.4762134144852248,-0.1450493564285798,0.05728958880174467,294,True
INNOVATION,pooled,cpi,real_macro,b,0.5,16,0.06387571397044667,0.06738028510332025,0.34399914102035023,-0.046954992366773904,0.17470642030766725,293,True
INNOVATION,pooled,cpi,real_macro,b,0.5,17,0.005385940835878955,0.06349518972985983,0.9324652913233338,-0.09905435228525286,0.10982623395701077,292,True
INNOVATION,pooled,cpi,real_macro,b,0.5,18,-0.10441771412217804,0.06459178370680152,0.10716802792480071,-0.21066174382357553,0.0018263155792194452,291,True
INNOVATION,pooled,cpi,real_macro,b,0.5,19,-0.048766667692689225,0.06920510972387955,0.4816424111504134,-0.16259894342558712,0.06506560804020865,290,False
INNOVATION,pooled,cpi,real_macro,b,0.5,20,-0.01587121027142757,0.0649941187080877,0.8072719900186967,-0.12277702215894017,0.09103460161608502,289,True
INNOVATION,pooled,cpi,real_macro,b,0.5,21,0.05589155706832116,0.0626687042041516,0.373293922389556,-0.04718928833822658,0.1589724024748689,288,True
INNOVATION,pooled,cpi,real_macro,b,0.5,22,0.05688767567985309,0.07059876016923868,0.42110393844253485,-0.059236951042796276,0.17301230240250245,287,True
INNOVATION,pooled,cpi,real_macro,b,0.5,23,-0.0012901338564006437,0.06782562980106327,0.9848387893395677,-0.11285336703494742,0.11027309932214613,286,False
INNOVATION,pooled,cpi,real_macro,b,0.5,24,-0.015955603541442542,0.06755854701244421,0.8134854081157396,-0.12707952462643296,0.09516831754354786,285,True
INNOVATION,pooled,infl_exp,real_macro,b,0.5,0,0.020097280955070573,0.07268969738281057,0.7823823127119158,-0.09946663142705034,0.13966119333719149,309,True
INNOVATION,pooled,infl_exp,real_macro,b,0.5,1,-0.1106576242448094,0.06912384546593042,0.11053546263999843,-0.22435623216827813,0.0030409836786593203,308,True
INNOVATION,pooled,infl_exp,real_macro,b,0.5,2,0.015638568705215405,0.07452994160768227,0.8339540113660827,-0.1069522760646622,0.13822941347509302,307,True
INNOVATION,pooled,infl_exp,real_macro,b,0.5,3,-0.027121404219844436,0.07428887222051277,0.7153290499850022,-0.14931572513388933,0.09507291669420045,306,True
INNOVATION,pooled,infl_exp,real_macro,b,0.5,4,-0.0007677347052177375,0.0735187529296052,0.9916755946513347,-0.12169532211042804,0.12015985269999256,305,True
INNOVATION,pooled,infl_exp,real_macro,b,0.5,5,0.04257347234915443,0.07790902117750066,0.5851973469579829,-0.08557546370689659,0.17072240840520544,304,True
INNOVATION,pooled,infl_exp,real_macro,b,0.5,6,0.006351933295128731,0.0705009405555201,0.9282756052939203,-0.10961179448110865,0.12231566107136611,303,True
INNOVATION,pooled,infl_exp,real_macro,b,0.5,7,-0.0051811058220536665,0.07197508389452581,0.9426665885628689,-0.12356958361610093,0.1132073719719936,302,True
INNOVATION,pooled,infl_exp,real_macro,b,0.5,8,-0.04497079656434266,0.0726788592521627,0.53659019052112,-0.16451688180795804,0.07457528867927272,301,True
INNOVATION,pooled,infl_exp,real_macro,b,0.5,9,0.01969754475202734,0.07129439302050794,0.7825392730286428,-0.09757129618905887,0.13696638569311353,300,True
INNOVATION,pooled,infl_exp,real_macro,b,0.5,10,-0.06258648422671698,0.07369057512286657,0.3964558800039312,-0.183796693989704,0.05862372553627003,299,True
INNOVATION,pooled,infl_exp,real_macro,b,0.5,11,0.06270990265797494,0.07364742364845211,0.3952528526467483,-0.05842932924581315,0.18384913456176302,298,True
INNOVATION,pooled,infl_exp,real_macro,b,0.5,12,0.03281469488179223,0.07491202097967084,0.661706569773675,-0.09040461452888413,0.15603400429246858,297,True
INNOVATION,pooled,infl_exp,real_macro,b,0.5,13,-0.06653866972098399,0.07365855682427482,0.3671570705215613,-0.18769621406940354,0.05461887462743556,296,True
INNOVATION,pooled,infl_exp,real_macro,b,0.5,14,0.04618964905994005,0.07001938689107595,0.5100345869836888,-0.06898199342476459,0.16136129154464468,295,False
INNOVATION,pooled,infl_exp,real_macro,b,0.5,15,0.014809361180482483,0.0700284956213484,0.8326776242430628,-0.10037726383224772,0.12999598619321268,294,True
INNOVATION,pooled,infl_exp,real_macro,b,0.5,16,-0.023996193302274094,0.07102544657196125,0.7357410972906772,-0.14082265670201255,0.09283027009746438,293,True
INNOVATION,pooled,infl_exp,real_macro,b,0.5,17,0.1631723624373933,0.06972588142997264,0.020018764244150746,0.0484834934749145,0.2778612313998721,292,True
INNOVATION,pooled,infl_exp,real_macro,b,0.5,18,-0.17284103949450014,0.07166944862152808,0.01656642414978797,-0.29072679200123275,-0.0549552869877675,291,True
INNOVATION,pooled,infl_exp,real_macro,b,0.5,19,-0.04150955101454201,0.07061186201963121,0.5571358150357383,-0.1576557283633293,0.0746366263342453,290,False
INNOVATION,pooled,infl_exp,real_macro,b,0.5,20,0.05837128652770218,0.06743716889364434,0.3875233954816222,-0.05255298531834772,0.1692955583737521,289,True
INNOVATION,pooled,infl_exp,real_macro,b,0.5,21,-0.011775060742365895,0.07817852063083783,0.8803941656198601,-0.14036728395169998,0.11681716246696819,288,True
INNOVATION,pooled,infl_exp,real_macro,b,0.5,22,0.049247519277216156,0.0770824865462084,0.5234566416666206,-0.0775418882927528,0.1760369268471851,287,True
INNOVATION,pooled,infl_exp,real_macro,b,0.5,23,0.09034158220133115,0.07303869898051489,0.21724881876773644,-0.029796386724585566,0.21047955112724787,286,True
INNOVATION,pooled,infl_exp,real_macro,b,0.5,24,-0.03737155269277537,0.08015601182399182,0.6414420989239664,-0.1692164594634334,0.09447335407788265,285,False
INNOVATION,pooled,freight,physical_channel,b,0.5,0,-0.00043483263326826727,0.0035089386263479987,0.901466093112621,-0.00620652305956689,0.005336857793030355,309,True
INNOVATION,pooled,freight,physical_channel,b,0.5,1,0.0011924304651809159,0.003538321196827079,0.7363659091853223,-0.004627589988739379,0.007012450919101211,308,True
INNOVATION,pooled,freight,physical_channel,b,0.5,2,0.001250596640449686,0.003462093657485941,0.7182042339607538,-0.004444040668911752,0.006945233949811124,307,True
INNOVATION,pooled,freight,physical_channel,b,0.5,3,-0.00044986938685215305,0.0035520613752371183,0.8993087925594355,-0.0062924904230651614,0.005392751649360855,306,True
INNOVATION,pooled,freight,physical_channel,b,0.5,4,-0.00047103668848855196,0.003530270473030662,0.8939518389436669,-0.006277814880172725,0.005335741503195621,305,True
INNOVATION,pooled,freight,physical_channel,b,0.5,5,-0.0023343392272274777,0.0035571857117066945,0.5122215535283355,-0.008185389046868188,0.0035167105924132323,304,True
INNOVATION,pooled,freight,physical_channel,b,0.5,6,0.002379298637637417,0.0036511391614504804,0.5151652381502471,-0.003626290854578962,0.008384888129853796,303,True
INNOVATION,pooled,freight,physical_channel,b,0.5,7,0.0057802246825824355,0.003474093597126918,0.09729403084143637,6.584922897933786e-05,0.011494600136185532,302,True
INNOVATION,pooled,freight,physical_channel,b,0.5,8,0.008238525520826157,0.0035224985783119263,0.020065918013459444,0.00244453095835838,0.014032520083293934,301,True
INNOVATION,pooled,freight,physical_channel,b,0.5,9,-0.007642570100584001,0.0035609196008346265,0.03273895988229675,-0.013499761621299424,-0.0017853785798685766,300,True
INNOVATION,pooled,freight,physical_channel,b,0.5,10,0.004518816844985951,0.003671568135284388,0.21948002465063846,-0.0015203753189360278,0.01055800900890793,299,True
INNOVATION,pooled,freight,physical_channel,b,0.5,11,0.0055103553873090405,0.003885624821518043,0.1573033636458627,-0.0008809286933375796,0.01190163946795566,298,True
INNOVATION,pooled,freight,physical_channel,b,0.5,12,-0.0007132861645811062,0.004026141649317001,0.8595131270416343,-0.007335699859080557,0.005909127529918345,297,True
INNOVATION,pooled,freight,physical_channel,b,0.5,13,0.0017213289137734122,0.0041741526905651905,0.6803920301105754,-0.0051445412787519875,0.008587199106298812,296,True
INNOVATION,pooled,freight,physical_channel,b,0.5,14,0.0076634378077686804,0.004319011843091655,0.07714481407423568,0.0005592955128130095,0.014767580102724352,295,True
INNOVATION,pooled,freight,physical_channel,b,0.5,15,0.0004089915138605349,0.0042956362805543855,0.92421897586117,-0.006656701402273678,0.007474684429994748,294,True
INNOVATION,pooled,freight,physical_channel,b,0.5,16,-0.003233459580141762,0.0040623359022845295,0.4267673271491072,-0.00991540752290965,0.0034484883626261275,293,True
INNOVATION,pooled,freight,physical_channel,b,0.5,17,-0.0009535281148304042,0.004150764047592178,0.8184845058462787,-0.007780927413132172,0.005873871183471363,292,True
INNOVATION,pooled,freight,physical_channel,b,0.5,18,-0.004527113181484355,0.004046442260949749,0.2642511683954994,-0.011182918410657265,0.002128692047688555,291,True
INNOVATION,pooled,freight,physical_channel,b,0.5,19,0.004195495062077503,0.003788412175306617,0.2691130496988075,-0.002035888444862702,0.010426878569017708,290,False
INNOVATION,pooled,freight,physical_channel,b,0.5,20,-0.0028916533404036437,0.003756491009223613,0.4421294201325003,-0.009070531201535701,0.0032872245207284127,289,True
INNOVATION,pooled,freight,physical_channel,b,0.5,21,0.0007846434138747416,0.0039338741284367235,0.8420602458778239,-0.0056860037142549644,0.007255290542004448,288,True
INNOVATION,pooled,freight,physical_channel,b,0.5,22,-0.0034973050552071783,0.003840576560030625,0.36334243304064306,-0.009814491339558359,0.002819881229144003,287,True
INNOVATION,pooled,freight,physical_channel,b,0.5,23,-0.001016890198887177,0.0037550642107169957,0.7867575300963326,-0.007193421185320695,0.005159640787546341,286,True
INNOVATION,pooled,freight,physical_channel,b,0.5,24,-0.0027386606559440807,0.0037895335657889715,0.47052706546319023,-0.008971888686086416,0.0034945673741982545,285,True
INNOVATION,pooled,oil,asset_price,b,0.75,0,0.006033773546050725,0.026124773050084146,0.8175140691747407,-0.036937654158664256,0.049005201250765705,309,True
INNOVATION,pooled,oil,asset_price,b,0.75,1,-0.05350234609505833,0.023695232842709944,0.024719637197718403,-0.09247753577784942,-0.014527156412267234,308,True
INNOVATION,pooled,oil,asset_price,b,0.75,2,0.018779731690756307,0.0269242682158337,0.48606950165724255,-0.025506748537071994,0.06306621191858461,307,False
INNOVATION,pooled,oil,asset_price,b,0.75,3,-0.06667079594162928,0.03507128111463969,0.05833499961928363,-0.12435791988487904,-0.008983671998379517,306,True
INNOVATION,pooled,oil,asset_price,b,0.75,4,0.02227629663332209,0.025919843272843034,0.3908463519682283,-0.020358051584027495,0.06491064485067168,305,True
INNOVATION,pooled,oil,asset_price,b,0.75,5,-0.030978945419775528,0.03283122022651654,0.346208576430219,-0.0849814970866038,0.02302360624705274,304,True
INNOVATION,pooled,oil,asset_price,b,0.75,6,0.007686013980219286,0.03279081516727488,0.8148524994887871,-0.04625007727836815,0.06162210523880672,303,False
INNOVATION,pooled,oil,asset_price,b,0.75,7,0.05014170096939097,0.02540375446019349,0.04940997654704039,0.008356243307357063,0.09192715863142487,302,True
INNOVATION,pooled,oil,asset_price,b,0.75,8,0.006004310890347142,0.03458694960077653,0.8623081100219416,-0.05088615860567791,0.0628947803863722,301,True
INNOVATION,pooled,oil,asset_price,b,0.75,9,-0.017468634146752038,0.033240426192432185,0.5996472760138326,-0.07214426973078683,0.037207001437282755,300,False
INNOVATION,pooled,oil,asset_price,b,0.75,10,0.039505194092726015,0.026867327107489302,0.14261879997701377,-0.004687626346519369,0.0836980145319714,299,True
INNOVATION,pooled,oil,asset_price,b,0.75,11,-0.005893672007630357,0.032996532301436836,0.858374050240553,-0.06016813784047014,0.04838079382520943,298,True
INNOVATION,pooled,oil,asset_price,b,0.75,12,0.025572924192488244,0.025493890439960015,0.31671402663682,-0.01636079396278345,0.06750664234775994,297,True
INNOVATION,pooled,oil,asset_price,b,0.75,13,-0.01650257933059507,0.033149530896996425,0.6190174528396906,-0.07102870545825953,0.03802354679706939,296,True
INNOVATION,pooled,oil,asset_price,b,0.75,14,0.014909938962802016,0.03544180780141133,0.6743214132856544,-0.0433866471450664,0.07320652507067044,295,True
INNOVATION,pooled,oil,asset_price,b,0.75,15,-0.010273832904431401,0.027954851680574138,0.7135269945362998,-0.05625547208211423,0.03570780627325143,294,True
INNOVATION,pooled,oil,asset_price,b,0.75,16,0.01296530175740429,0.03355618438157204,0.6995283218905397,-0.042229709829276825,0.0681603133440854,293,True
INNOVATION,pooled,oil,asset_price,b,0.75,17,-0.07397220660982384,0.024326169433985086,0.002596434927019799,-0.11398519463315025,-0.03395921858649743,292,True
INNOVATION,pooled,oil,asset_price,b,0.75,18,-0.038389075778297865,0.02431936090774769,0.11564365608583045,-0.0783908647725485,0.0016127132159527713,291,True
INNOVATION,pooled,oil,asset_price,b,0.75,19,0.021087572142278077,0.03366919520439471,0.5316526591453271,-0.034293325706207675,0.07646846999076383,290,False
INNOVATION,pooled,oil,asset_price,b,0.75,20,0.04898823713936906,0.030990056173872318,0.11514107095335442,-0.001985869157654682,0.0999623434363928,289,True
INNOVATION,pooled,oil,asset_price,b,0.75,21,0.022422696593253022,0.022698953489182633,0.32415452696114955,-0.014913759381431808,0.05975915256793785,288,True
INNOVATION,pooled,oil,asset_price,b,0.75,22,-0.01136584191009149,0.029848295335530566,0.7036734659232043,-0.06046191875105765,0.03773023493087467,287,True
INNOVATION,pooled,oil,asset_price,b,0.75,23,-0.010079549909406182,0.024589404374877152,0.6822089280493091,-0.050525520879999265,0.0303664210611869,286,True
INNOVATION,pooled,oil,asset_price,b,0.75,24,0.015492466942760075,0.027249884122038607,0.57016933436771,-0.029329603789382458,0.06031453767490261,285,False
INNOVATION,pooled,dxy,asset_price,b,0.75,0,-0.0030323518816288697,0.005905193173776894,0.6080009564399456,-0.01274553029136487,0.00668082652810713,309,True
INNOVATION,pooled,dxy,asset_price,b,0.75,1,0.0023314091073984855,0.004981451666695546,0.6401357954139356,-0.0058623497340491385,0.01052516794884611,308,True
INNOVATION,pooled,dxy,asset_price,b,0.75,2,0.002605720777301812,0.0068091077174056835,0.7022471712258066,-0.008594264747976187,0.013805706302579811,307,True
INNOVATION,pooled,dxy,asset_price,b,0.75,3,0.004811951912524037,0.006825644559076735,0.4814120812499922,-0.006415234296754913,0.016039138121802986,306,True
INNOVATION,pooled,dxy,asset_price,b,0.75,4,-0.0005697719101291909,0.004893029536455189,0.9073837513938348,-0.00861808928994819,0.0074785454696898075,305,True
INNOVATION,pooled,dxy,asset_price,b,0.75,5,0.004877882971127789,0.006159760784156853,0.42910204330005736,-0.005254021895846055,0.015009787838101633,304,True
INNOVATION,pooled,dxy,asset_price,b,0.75,6,-0.011882923233372367,0.005143867088253336,0.021622315707172563,-0.020343831670042174,-0.003422014796702559,303,True
INNOVATION,pooled,dxy,asset_price,b,0.75,7,-0.00947635389621837,0.005213238883961189,0.07019472069800149,-0.018051368782666378,-0.0009013390097703626,302,True
INNOVATION,pooled,dxy,asset_price,b,0.75,8,-0.022572829215720347,0.004836885567213943,4.798964006642115e-06,-0.03052879798410143,-0.014616860447339263,301,True
INNOVATION,pooled,dxy,asset_price,b,0.75,9,7.033501987763202e-05,0.004859438489494916,0.9884625136351687,-0.007922730004515663,0.008063400044270927,300,True
INNOVATION,pooled,dxy,asset_price,b,0.75,10,-0.00863693149727851,0.004978716037228716,0.08391836645057799,-0.016826190628675623,-0.000447672365881396,299,True
INNOVATION,pooled,dxy,asset_price,b,0.75,11,2.248504080526459e-05,0.005175486672885862,0.9965367882038589,-0.008490432984330052,0.008535403065940582,298,True
INNOVATION,pooled,dxy,asset_price,b,0.75,12,0.0014478688348980029,0.005340231924085784,0.786503051039549,-0.007336031014196538,0.010231768683992544,297,False
INNOVATION,pooled,dxy,asset_price,b,0.75,13,-0.0031941811678706244,0.004951678587601989,0.5194334065319117,-0.0113389676521857,0.004950605316444451,296,True
INNOVATION,pooled,dxy,asset_price,b,0.75,14,-0.011248058558173568,0.005050304385130892,0.026767562515507503,-0.019555070043265038,-0.0029410470730820964,295,True
INNOVATION,pooled,dxy,asset_price,b,0.75,15,0.003963527158834523,0.005314924640622477,0.45648578117384914,-0.004778745913267109,0.012705800230936155,294,True
INNOVATION,pooled,dxy,asset_price,b,0.75,16,0.003961586778318704,0.005415110584946421,0.46507137075223326,-0.0049454775076737244,0.012868651064311133,293,True
INNOVATION,pooled,dxy,asset_price,b,0.75,17,-0.005217578289693492,0.005610372377106219,0.3532269475237087,-0.014445819642725009,0.004010663063338025,292,True
INNOVATION,pooled,dxy,asset_price,b,0.75,18,-0.012043875146725114,0.004786307729352305,0.012454583062607697,-0.019916650775056118,-0.00417109951839411,291,True
INNOVATION,pooled,dxy,asset_price,b,0.75,19,-0.00658426002760315,0.005193013194953452,0.20595659916017434,-0.015126006616129188,0.0019574865609228876,290,True
INNOVATION,pooled,dxy,asset_price,b,0.75,20,-0.005298138189345991,0.00458723029178935,0.24915681153209304,-0.012843460572457364,0.0022471841937653815,289,True
INNOVATION,pooled,dxy,asset_price,b,0.75,21,0.003624462652773275,0.0064394726250802245,0.5740214616870813,-0.006967527250244651,0.0142164525557912,288,True
INNOVATION,pooled,dxy,asset_price,b,0.75,22,-0.0005903122891268708,0.005083252120458454,0.9076404047965263,-0.00895151797617172,0.007770893397917979,287,True
INNOVATION,pooled,dxy,asset_price,b,0.75,23,-0.007077510713658697,0.005185911809207422,0.17351840518052386,-0.015607576562083995,0.0014525551347666019,286,True
INNOVATION,pooled,dxy,asset_price,b,0.75,24,-0.007411112530720132,0.00653974855121021,0.258169040883833,-0.018168041654528882,0.003345816593088618,285,True
INNOVATION,pooled,vix,asset_price,b,0.75,0,-0.678680133598391,1.1223965030189487,0.5458858437083816,-2.524858092466758,1.1674978252699757,309,True
INNOVATION,pooled,vix,asset_price,b,0.75,1,-2.49253892552224,1.4218224571680849,0.08068618956814155,-4.831228751076218,-0.15384909996826135,308,True
INNOVATION,pooled,vix,asset_price,b,0.75,2,-2.354461473718402,1.5177780151973281,0.12197404087790327,-4.850984146922934,0.14206119948612983,307,True
INNOVATION,pooled,vix,asset_price,b,0.75,3,-2.7767579962091986,1.7047511524537027,0.1044806277409031,-5.580824112372373,0.027308119953976195,306,True
INNOVATION,pooled,vix,asset_price,b,0.75,4,-1.2463505211635493,2.0943363249710005,0.5522589641540071,-4.691227221348317,2.198526179021218,305,True
INNOVATION,pooled,vix,asset_price,b,0.75,5,-2.0234118080697954,2.1466681151175186,0.3467188085462081,-5.554366643081926,1.5075430269423356,304,False
INNOVATION,pooled,vix,asset_price,b,0.75,6,3.5213798034237698,2.3312256501452038,0.13205711382272384,-0.3131451624598727,7.355904769307412,303,False
INNOVATION,pooled,vix,asset_price,b,0.75,7,-2.1642577026505023,2.64418798399996,0.41378519987615453,-6.5135598984743375,2.185044493173333,302,True
INNOVATION,pooled,vix,asset_price,b,0.75,8,-0.3403773341924534,2.5557711696132523,0.8941492267736312,-4.544246812188818,3.863492143803911,301,True
INNOVATION,pooled,vix,asset_price,b,0.75,9,-1.8796503347475664,2.829585619854896,0.5070708621307018,-6.533904504335622,2.774603834840489,300,True
INNOVATION,pooled,vix,asset_price,b,0.75,10,-2.890651492503821,3.1045571479164296,0.35263082655192474,-7.997193577332278,2.2158905923246364,299,True
INNOVATION,pooled,vix,asset_price,b,0.75,11,1.9484151750802994,3.0470325037166015,0.5230744670744534,-3.063507290096978,6.960337640257577,298,False
INNOVATION,pooled,vix,asset_price,b,0.75,12,1.105710178213485,2.771362327995578,0.6902265999368739,-3.4527751985867168,5.664195555013687,297,True
INNOVATION,pooled,vix,asset_price,b,0.75,13,-3.3068612818897236,3.0817386862275336,0.28421370255657363,-8.375870337247747,1.7621477734682998,296,True
INNOVATION,pooled,vix,asset_price,b,0.75,14,-4.014036229840713,2.7478983145323297,0.14525543533749108,-8.533926738993053,0.5058542793116274,295,True
INNOVATION,pooled,vix,asset_price,b,0.75,15,1.2658990900963545,2.715317456845157,0.6414491286565533,-3.20040067712005,5.732198857312759,294,False
INNOVATION,pooled,vix,asset_price,b,0.75,16,1.7245757322816644,2.834419424114185,0.5434164731461231,-2.937629337774256,6.386780802337585,293,True
INNOVATION,pooled,vix,asset_price,b,0.75,17,1.1043450360593852,2.9583728037895622,0.7092286508335366,-3.7617452001284724,5.970435272247243,292,True
INNOVATION,pooled,vix,asset_price,b,0.75,18,-2.4374155439199967,2.7056173425438694,0.36848044927957496,-6.887760042946084,2.0129289551060907,291,True
INNOVATION,pooled,vix,asset_price,b,0.75,19,-3.7773352824151516,2.663849294086897,0.15737935853074772,-8.158977455446102,0.6043068906158,290,False
INNOVATION,pooled,vix,asset_price,b,0.75,20,-6.961777014515974,2.7922038775413447,0.013276502199417457,-11.554543689677818,-2.369010339354129,289,True
INNOVATION,pooled,vix,asset_price,b,0.75,21,-3.4226257302216254,2.9289054216763044,0.2436479797750686,-8.240246436063725,1.3949949756204747,288,True
INNOVATION,pooled,vix,asset_price,b,0.75,22,-3.6849777175283407,2.164931155910913,0.08993232064688748,-7.245972581428649,-0.12398285362803252,287,True
INNOVATION,pooled,vix,asset_price,b,0.75,23,-1.1197975992690772,2.5489357450723347,0.66079765251791,-5.31242380441756,3.0728286058794057,286,False
INNOVATION,pooled,vix,asset_price,b,0.75,24,-4.158963347403187,2.4397647059749565,0.08946680063295004,-8.172019172934286,-0.145907521872088,285,True
INNOVATION,pooled,us10y,asset_price,b,0.75,0,-0.0475517006102848,0.06439055867169304,0.46083386266684634,-0.15346474458285064,0.05836134336228106,309,True
INNOVATION,pooled,us10y,asset_price,b,0.75,1,0.08340318920897971,0.0925007233789602,0.3680182459598841,-0.0687469611365378,0.23555333955449723,308,True
INNOVATION,pooled,us10y,asset_price,b,0.75,2,0.0055967464998047944,0.07502446536314775,0.9405872660567087,-0.11780751746286387,0.12900101046247348,307,True
INNOVATION,pooled,us10y,asset_price,b,0.75,3,-0.09917985649212824,0.07001059750884625,0.15770760478969525,-0.2143370417295937,0.01597732874533722,306,True
INNOVATION,pooled,us10y,asset_price,b,0.75,4,-0.10104616686840018,0.07063210016747196,0.15367244345377715,-0.2172256330080661,0.015133299271265749,305,True
INNOVATION,pooled,us10y,asset_price,b,0.75,5,0.1109444003582496,0.10146446154044617,0.27515796539861914,-0.05594978721323143,0.2778385879297306,304,True
INNOVATION,pooled,us10y,asset_price,b,0.75,6,0.07295394896698326,0.07125698784464027,0.3068225822872389,-0.04425336593491025,0.19016126386887677,303,True
INNOVATION,pooled,us10y,asset_price,b,0.75,7,-0.007800814479310247,0.06837994179776206,0.9092575670095697,-0.12027580975608976,0.10467418079746926,302,True
INNOVATION,pooled,us10y,asset_price,b,0.75,8,-0.130353535656198,0.07144065027391447,0.06914808739966874,-0.2478629483710179,-0.0128441229413781,301,True
INNOVATION,pooled,us10y,asset_price,b,0.75,9,-0.07164772057387836,0.05888288639189458,0.22474136397315442,-0.16850144982095766,0.025206008673200928,300,True
INNOVATION,pooled,us10y,asset_price,b,0.75,10,0.029094969948559424,0.06658445016668037,0.6624858418436071,-0.08042670440667433,0.13861664430379317,299,True
INNOVATION,pooled,us10y,asset_price,b,0.75,11,-0.012494140080889338,0.07484648664972146,0.8675499072523208,-0.1356056551112586,0.11061737494947994,298,True
INNOVATION,pooled,us10y,asset_price,b,0.75,12,-0.0021226378927394762,0.07321097416583859,0.9768913219853864,-0.12254397428206962,0.11829869849659067,297,True
INNOVATION,pooled,us10y,asset_price,b,0.75,13,0.10138500581024346,0.09025598368411018,0.26231318224668143,-0.04707287630663809,0.249842887927125,296,True
INNOVATION,pooled,us10y,asset_price,b,0.75,14,-0.10366162537567902,0.0664215657474969,0.11978795340046716,-0.21291537870324495,0.005592127951886919,295,True
INNOVATION,pooled,us10y,asset_price,b,0.75,15,0.02058261092452085,0.06849462336847958,0.7640307824729685,-0.09208101874979786,0.13324624059883955,294,False
INNOVATION,pooled,us10y,asset_price,b,0.75,16,-0.08832446788233028,0.07134737597096208,0.2168303244689497,-0.2056804580216376,0.029031522256977013,293,False
INNOVATION,pooled,us10y,asset_price,b,0.75,17,0.009345480150500407,0.06029534572124303,0.8769436535403609,-0.08983153794737912,0.10852249824837994,292,True
INNOVATION,pooled,us10y,asset_price,b,0.75,18,0.06650482985423878,0.06549116772579182,0.3108113734098069,-0.04121855491281709,0.17422821462129465,291,True
INNOVATION,pooled,us10y,asset_price,b,0.75,19,-0.08511452900643235,0.06952611519757954,0.22197289134388948,-0.19947481175701692,0.029245753744152225,290,True
INNOVATION,pooled,us10y,asset_price,b,0.75,20,0.10845960300764546,0.06433764506602337,0.09303177720943208,0.0026335941712804373,0.21428561184401046,289,True
INNOVATION,pooled,us10y,asset_price,b,0.75,21,0.13425188806766641,0.09881662312905058,0.17545210818436202,-0.028286992889249157,0.296790769024582,288,True
INNOVATION,pooled,us10y,asset_price,b,0.75,22,-0.12391965163391205,0.09451798728307907,0.19099547735331796,-0.2793879058286378,0.03154860256081368,287,True
INNOVATION,pooled,us10y,asset_price,b,0.75,23,-0.09623550893320498,0.06982458812642356,0.16932116837748487,-0.21108673596334548,0.018615718096935505,286,False
INNOVATION,pooled,us10y,asset_price,b,0.75,24,0.042062684662369065,0.058689790247061,0.4742130469836031,-0.05447342969053036,0.1385987990152685,285,True
INNOVATION,pooled,ip,real_macro,b,0.75,0,0.03314307981963793,0.1470970672801495,0.8218985119783968,-0.20881006481004072,0.2750962244493166,309,True
INNOVATION,pooled,ip,real_macro,b,0.75,1,-0.4303551953250917,0.1201259081555914,0.00040115950561688104,-0.6279447310456556,-0.23276565960452775,308,True
INNOVATION,pooled,ip,real_macro,b,0.75,2,-0.040600723011493756,0.13216175326385918,0.7589166781585759,-0.2579874622118181,0.17678601618883058,307,True
INNOVATION,pooled,ip,real_macro,b,0.75,3,0.2741400333792967,0.17527195621734162,0.1189354694025149,-0.014156679507677294,0.5624367462662707,306,True
INNOVATION,pooled,ip,real_macro,b,0.75,4,-0.27415158185124255,0.21414997893838875,0.20155111741200338,-0.6263969514196326,0.07809378771714753,305,True
INNOVATION,pooled,ip,real_macro,b,0.75,5,0.18868080037267987,0.1576605005448549,0.23242949445513905,-0.07064764577550925,0.448009246520869,304,True
INNOVATION,pooled,ip,real_macro,b,0.75,6,0.11573913017753057,0.2110040096686095,0.5837824894342567,-0.23133158042718527,0.4628098407822464,303,True
INNOVATION,pooled,ip,real_macro,b,0.75,7,-0.07369287549818182,0.2010487331515869,0.7142432983288903,-0.4043886134165682,0.25700286242020454,302,True
INNOVATION,pooled,ip,real_macro,b,0.75,8,0.14283090418257416,0.2020707956956377,0.4802712939099086,-0.18954597701836545,0.47520778538351377,301,True
INNOVATION,pooled,ip,real_macro,b,0.75,9,-0.1801808512743719,0.13588327077009982,0.18595302138461361,-0.40368894204259953,0.04332723949385575,300,True
INNOVATION,pooled,ip,real_macro,b,0.75,10,-0.07145061420578713,0.17609209982000798,0.6852412806925722,-0.36109634327222795,0.21819511486065368,299,True
INNOVATION,pooled,ip,real_macro,b,0.75,11,-0.014048394700694189,0.1384726890847035,0.9192665943479714,-0.24181569957539228,0.2137189101740039,298,True
INNOVATION,pooled,ip,real_macro,b,0.75,12,-0.08487516495779346,0.1557021561590981,0.5861279293392047,-0.34098242124025047,0.17123209132466355,297,True
INNOVATION,pooled,ip,real_macro,b,0.75,13,0.005657076441138997,0.16965977946092523,0.973425364454875,-0.2734084271529508,0.28472258003522877,296,True
INNOVATION,pooled,ip,real_macro,b,0.75,14,-0.5109675450717077,0.13822011036662063,0.00026498071517015097,-0.7383193949258764,-0.283615695217539,295,True
INNOVATION,pooled,ip,real_macro,b,0.75,15,0.30825640769853635,0.17521338152095411,0.07967279466210139,0.02005604161336294,0.5964567737837098,294,True
INNOVATION,pooled,ip,real_macro,b,0.75,16,0.0016091087364529244,0.16809837445217304,0.9923696304452242,-0.2748881121658506,0.2781063296387564,293,True
INNOVATION,pooled,ip,real_macro,b,0.75,17,-0.189613039226046,0.21844006715380782,0.3861650006772564,-0.5489149759555099,0.16968889750341792,292,True
INNOVATION,pooled,ip,real_macro,b,0.75,18,-0.4055872963251659,0.16058309859291278,0.012134190221194685,-0.6697229884728243,-0.14145160417750746,291,True
INNOVATION,pooled,ip,real_macro,b,0.75,19,-0.20059809182748722,0.18395947836025403,0.27651806758680914,-0.5031845070204519,0.10198832336547747,290,True
INNOVATION,pooled,ip,real_macro,b,0.75,20,-0.4062407720425085,0.20682480062072023,0.0505705536798807,-0.7464372954870153,-0.06604424859800179,289,True
INNOVATION,pooled,ip,real_macro,b,0.75,21,-0.005128995999257313,0.17258893975864253,0.9763147646771276,-0.2890125395329696,0.278754547534455,288,True
INNOVATION,pooled,ip,real_macro,b,0.75,22,-0.12657635679352097,0.18764886211859097,0.5005707445687587,-0.43523126824260205,0.1820785546555601,287,False
INNOVATION,pooled,ip,real_macro,b,0.75,23,0.19939744473708743,0.18790227132238368,0.2896021207396148,-0.10967428775995497,0.5084691772341299,286,True
INNOVATION,pooled,ip,real_macro,b,0.75,24,-0.06185684939782732,0.16532888690585873,0.7086055086061721,-0.3337986686647788,0.21008496986912417,285,True
INNOVATION,pooled,cpi,real_macro,b,0.75,0,-0.07918873742687538,0.05818465270650734,0.174607280930342,-0.17489397446408578,0.016516499610335023,309,True
INNOVATION,pooled,cpi,real_macro,b,0.75,1,-0.10539771717049007,0.06420508337441164,0.10179995952822896,-0.21100568142761272,0.00021024708663257285,308,True
INNOVATION,pooled,cpi,real_macro,b,0.75,2,-0.19752497946302583,0.07373898456287083,0.007829419404214137,-0.3188148156689825,-0.07623514325706914,307,True
INNOVATION,pooled,cpi,real_macro,b,0.75,3,-0.10148231592415868,0.07415650469208684,0.1722641465054643,-0.2234589116289816,0.020494279780664232,306,True
INNOVATION,pooled,cpi,real_macro,b,0.75,4,0.01508475191621983,0.08248443449902129,0.855025969421011,-0.12059006933653649,0.15075957316897615,305,False
INNOVATION,pooled,cpi,real_macro,b,0.75,5,-0.0420444300325471,0.07160557980863767,0.5575715936314991,-0.15982512769074786,0.07573626762565368,304,True
INNOVATION,pooled,cpi,real_macro,b,0.75,6,-0.02676429156440463,0.08458002519612921,0.7519105202099003,-0.16588605277590468,0.11235746964709542,303,True
INNOVATION,pooled,cpi,real_macro,b,0.75,7,-0.06558145645513491,0.08302474810163746,0.4302677638107195,-0.20214501449684563,0.07098210158657581,302,True
INNOVATION,pooled,cpi,real_macro,b,0.75,8,-0.0535048897723982,0.062359205676023134,0.3916389884067877,-0.1560766554024177,0.04906687585762129,301,False
INNOVATION,pooled,cpi,real_macro,b,0.75,9,-0.07767952729773242,0.06993145666705598,0.2676374615990581,-0.19270653743453917,0.037347482839074325,300,False
INNOVATION,pooled,cpi,real_macro,b,0.75,10,0.01495205828177859,0.07172665215146815,0.8350272676010447,-0.10302778565865041,0.13293190222220758,299,False
INNOVATION,pooled,cpi,real_macro,b,0.75,11,-0.10819848099617957,0.06971405934671121,0.12182580242588126,-0.22286790436212767,0.0064709423697685425,298,False
INNOVATION,pooled,cpi,real_macro,b,0.75,12,-0.1115709589316225,0.08902421433930309,0.2111973949877772,-0.2580027607741304,0.03486084291088545,297,True
INNOVATION,pooled,cpi,real_macro,b,0.75,13,-0.1287610196991409,0.07437226245538615,0.08454833344528691,-0.2510925053434696,-0.006429534054812169,296,True
INNOVATION,pooled,cpi,real_macro,b,0.75,14,-0.01396483880493804,0.07923797910144217,0.8602396166755905,-0.14429971612225015,0.11637003851237407,295,True
INNOVATION,pooled,cpi,real_macro,b,0.75,15,0.10797924519880553,0.09313428762782891,0.24733568369428569,-0.04521302559937049,0.2611715159969815,294,True
INNOVATION,pooled,cpi,real_macro,b,0.75,16,0.09916476857995349,0.10318166040323543,0.33739320660489674,-0.07055395976918341,0.2688834969290904,293,True
INNOVATION,pooled,cpi,real_macro,b,0.75,17,-0.16348066804562222,0.07626453240635801,0.03297871814408484,-0.2889246607819783,-0.03803667530926616,292,True
INNOVATION,pooled,cpi,real_macro,b,0.75,18,-0.037289517114913906,0.0680732769087934,0.5843041623248099,-0.14926009353681463,0.07468105930698682,291,True
INNOVATION,pooled,cpi,real_macro,b,0.75,19,0.04363209027485482,0.07106479147567672,0.53976378988857,-0.0732590897324621,0.16052327028217173,290,True
INNOVATION,pooled,cpi,real_macro,b,0.75,20,0.03090254459620212,0.0719728002560997,0.6680124133739113,-0.08748217694689732,0.14928726613930154,289,True
INNOVATION,pooled,cpi,real_macro,b,0.75,21,-0.05118269997853986,0.08304380804930267,0.538213521619845,-0.18777760884429723,0.08541220888721751,288,True
INNOVATION,pooled,cpi,real_macro,b,0.75,22,0.0909731994923959,0.09578636030878916,0.34312412587496666,-0.06658134267399649,0.2485277416587883,287,False
INNOVATION,pooled,cpi,real_macro,b,0.75,23,0.100121247315343,0.07069562377036998,0.1579144147836641,-0.016162705852946768,0.21640520048363276,286,True
INNOVATION,pooled,cpi,real_macro,b,0.75,24,0.11407518035684916,0.07859860040882904,0.14789807828882767,-0.015208012598922765,0.24335837331262108,285,True
INNOVATION,pooled,infl_exp,real_macro,b,0.75,0,0.3313410310809104,0.06951682324421643,3.0137637622942477e-06,0.2169960322335166,0.4456860299283042,309,True
INNOVATION,pooled,infl_exp,real_macro,b,0.75,1,-0.07392656373173168,0.07862842792709855,0.3479246162039828,-0.20325881858911216,0.055405691125648804,308,True
INNOVATION,pooled,infl_exp,real_macro,b,0.75,2,0.07759169619347972,0.0892262499366222,0.3852631796474193,-0.06917242463405188,0.22435581702101132,307,True
INNOVATION,pooled,infl_exp,real_macro,b,0.75,3,-0.022358929878652845,0.06706861121785768,0.7391032988058761,-0.13267697829494424,0.08795911853763855,306,True
INNOVATION,pooled,infl_exp,real_macro,b,0.75,4,-0.08343403951988648,0.0817360297156308,0.3082520556033512,-0.21787784445025513,0.05100976541048216,305,True
INNOVATION,pooled,infl_exp,real_macro,b,0.75,5,0.11807925268630015,0.12647604011794078,0.35132131700342406,-0.08995532062415465,0.326113825996755,304,True
INNOVATION,pooled,infl_exp,real_macro,b,0.75,6,-0.037474716777978756,0.09382559113876221,0.6899024154745294,-0.19180408066343768,0.11685464710748017,303,True
INNOVATION,pooled,infl_exp,real_macro,b,0.75,7,-0.08896708919881746,0.09609657104957331,0.3553598411577059,-0.24703188262730796,0.06909770422967304,302,True
INNOVATION,pooled,infl_exp,real_macro,b,0.75,8,-0.060875355244775164,0.11275112555353671,0.5896998701148952,-0.24633445305437085,0.12458374256482052,301,True
INNOVATION,pooled,infl_exp,real_macro,b,0.75,9,0.0965055195720197,0.07738499506241145,0.21343977091776972,-0.030781470228009533,0.22379250937204892,300,False
INNOVATION,pooled,infl_exp,real_macro,b,0.75,10,-0.12415579019250345,0.08291249703366392,0.13544480312234528,-0.26053471165792874,0.012223131272921822,299,True
INNOVATION,pooled,infl_exp,real_macro,b,0.75,11,-0.044648813942444576,0.08689735613940207,0.6078043949916471,-0.18758224536083384,0.09828461747594469,298,True
INNOVATION,pooled,infl_exp,real_macro,b,0.75,12,0.19307191778011656,0.08279297550560065,0.020439875354778408,0.05688959173362493,0.3292542438266082,297,True
INNOVATION,pooled,infl_exp,real_macro,b,0.75,13,0.029547895047016937,0.08948114751762783,0.7414965257677485,-0.1176354949911329,0.17673128508516678,296,True
INNOVATION,pooled,infl_exp,real_macro,b,0.75,14,0.04737614244282895,0.08816142887452494,0.59145308546387,-0.09763650359865764,0.19238878848431554,295,True
INNOVATION,pooled,infl_exp,real_macro,b,0.75,15,0.04677457812090324,0.07050300111964397,0.5076227427153914,-0.06919253898170685,0.16274169522351334,294,True
INNOVATION,pooled,infl_exp,real_macro,b,0.75,16,-0.17010673717976488,0.11097094147790736,0.12649481215919844,-0.3526376927559204,0.012424218396390602,293,True
INNOVATION,pooled,infl_exp,real_macro,b,0.75,17,0.19264767492903445,0.07813470703742471,0.014315464837570294,0.0641275186677357,0.3211678311903332,292,True
INNOVATION,pooled,infl_exp,real_macro,b,0.75,18,-0.16011738870201953,0.07735952478787678,0.03944909961593612,-0.28736248362860095,-0.0328722937754381,291,False
INNOVATION,pooled,infl_exp,real_macro,b,0.75,19,-0.10593870429556773,0.07898760617670737,0.1810148502199426,-0.23586175479953936,0.023984346208403895,290,True
INNOVATION,pooled,infl_exp,real_macro,b,0.75,20,0.16635347974261094,0.07068679846437949,0.019345394093782137,0.05008404291088858,0.2826229165743333,289,True
INNOVATION,pooled,infl_exp,real_macro,b,0.75,21,0.16238526920453467,0.07258210524187528,0.02611684596055544,0.04299833014566265,0.28177220826340665,288,False
INNOVATION,pooled,infl_exp,real_macro,b,0.75,22,0.1754639580890398,0.10619954046283642,0.09970347226920603,0.000781258778163707,0.3501466573999159,287,True
INNOVATION,pooled,infl_exp,real_macro,b,0.75,23,0.09038463611835823,0.10306026981414003,0.38129841183540875,-0.07913442248002733,0.2599036947167438,286,True
INNOVATION,pooled,infl_exp,real_macro,b,0.75,24,-0.05352348569897458,0.08448078043646863,0.5269326506862659,-0.19248200380759098,0.08543503240964181,285,True
INNOVATION,pooled,freight,physical_channel,b,0.75,0,0.0006118862024226956,0.004384081642672852,0.8890997392108937,-0.006599286388379113,0.007823058793224504,309,True
INNOVATION,pooled,freight,physical_channel,b,0.75,1,-0.0009166884843789802,0.005773676902310731,0.8739642935746406,-0.010413541877990727,0.008580164909232767,308,True
INNOVATION,pooled,freight,physical_channel,b,0.75,2,-0.002837162252248504,0.005281235900450896,0.5915468822404774,-0.011524022277891484,0.005849697773394476,307,True
INNOVATION,pooled,freight,physical_channel,b,0.75,3,-0.0004418359163871344,0.005827280886238047,0.9396152718358317,-0.010026860017380776,0.009143188184606507,306,True
INNOVATION,pooled,freight,physical_channel,b,0.75,4,0.004319270799619801,0.005798225449371083,0.4569457283653294,-0.005217961360660554,0.013856502959900156,305,True
INNOVATION,pooled,freight,physical_channel,b,0.75,5,-0.01424690775658366,0.005216739268486028,0.006720955986328748,-0.022827680263213072,-0.005666135249954246,304,True
INNOVATION,pooled,freight,physical_channel,b,0.75,6,0.0016307123517309563,0.004996634900588945,0.7443986275550883,-0.0065880206870550795,0.009849445390516992,303,True
INNOVATION,pooled,freight,physical_channel,b,0.75,7,0.01796048853146459,0.006907462632889752,0.009823625743335078,0.006598723566724116,0.029322253496205066,302,True
INNOVATION,pooled,freight,physical_channel,b,0.75,8,0.019198268302535126,0.006381088462452654,0.0028693861824329236,0.008702311801171685,0.029694224803898567,301,True
INNOVATION,pooled,freight,physical_channel,b,0.75,9,-0.003593069333954979,0.006761544345364805,0.5955768778826859,-0.014714820074221495,0.007528681406311537,300,True
INNOVATION,pooled,freight,physical_channel,b,0.75,10,-0.0032847281125469863,0.005213521356829766,0.5291991345174472,-0.011860207625517387,0.005290751400423415,299,False
INNOVATION,pooled,freight,physical_channel,b,0.75,11,0.009267887226453553,0.006622408182814205,0.16281876348020638,-0.0016250048922015013,0.020160779345108605,298,True
INNOVATION,pooled,freight,physical_channel,b,0.75,12,0.003811622051188124,0.0069630299226019765,0.5845519638038815,-0.0076415429715753665,0.015264787073951614,297,True
INNOVATION,pooled,freight,physical_channel,b,0.75,13,-0.0016035578950059914,0.0068581200385331815,0.8153041057974699,-0.012884161514455865,0.009677045724443882,296,True
INNOVATION,pooled,freight,physical_channel,b,0.75,14,0.004695475674907357,0.007139385913450323,0.5113063820562327,-0.007047769139037657,0.016438720488852372,295,True
INNOVATION,pooled,freight,physical_channel,b,0.75,15,0.0069877227875565495,0.005512424491655234,0.20603811583762777,-0.002079408630838688,0.016054854205951787,294,True
INNOVATION,pooled,freight,physical_channel,b,0.75,16,-0.002683288981476295,0.005041893720272561,0.5950343359655567,-0.010976466153970467,0.005609888191017877,293,True
INNOVATION,pooled,freight,physical_channel,b,0.75,17,-0.009959582710560966,0.005980364340320139,0.09702303305219892,-0.019796406686227796,-0.00012275873489413572,292,True
INNOVATION,pooled,freight,physical_channel,b,0.75,18,-0.008860963680760392,0.007124234615506288,0.21468887143261686,-0.020579286827329138,0.002857359465808354,291,True
INNOVATION,pooled,freight,physical_channel,b,0.75,19,-0.001950807780731978,0.006736429593523989,0.7723583718188959,-0.013031248430343144,0.009129632868879188,290,True
INNOVATION,pooled,freight,physical_channel,b,0.75,20,-0.0016457527227524693,0.004871179103095716,0.735743961449907,-0.009658129338009677,0.006366623892504739,289,True
INNOVATION,pooled,freight,physical_channel,b,0.75,21,-0.006443645431414069,0.006608760081548927,0.3304586939680857,-0.01731408842120193,0.004426797558373791,288,True
INNOVATION,pooled,freight,physical_channel,b,0.75,22,-0.004444049311306486,0.005230094995152291,0.3962726514011852,-0.013046790033383474,0.004158691410770502,287,True
INNOVATION,pooled,freight,physical_channel,b,0.75,23,0.0022218839654897238,0.005487244718401866,0.6858733337707618,-0.0068038304115438965,0.011247598342523344,286,True
INNOVATION,pooled,freight,physical_channel,b,0.75,24,-0.006088612365825696,0.006415645551290112,0.3434991027383546,-0.016641410220100315,0.004464185488448921,285,True
INNOVATION,pooled,oil,asset_price,b,0.9,0,0.021820547216520936,0.03102968560329664,0.4825038520629322,-0.029218743691225423,0.0728598381242673,309,False
INNOVATION,pooled,oil,asset_price,b,0.9,1,-0.010240330509077467,0.026740751273710138,0.7020485074830504,-0.05422495222904679,0.033744291210891855,308,True
INNOVATION,pooled,oil,asset_price,b,0.9,2,0.07403988092309532,0.029255149081944022,0.011929078663294278,0.02591944284865367,0.12216031899753699,307,True
INNOVATION,pooled,oil,asset_price,b,0.9,3,-0.08716954143551447,0.054038460745216614,0.10785692485740156,-0.17605489958715878,0.001715816716129831,306,True
INNOVATION,pooled,oil,asset_price,b,0.9,4,0.13939470431978407,0.04147004061533577,0.0008848078632461025,0.07118255760382416,0.20760685103574397,305,True
INNOVATION,pooled,oil,asset_price,b,0.9,5,0.015614630576919808,0.060364104173891445,0.7960795050842885,-0.08367548511118203,0.11490474626502165,304,True
INNOVATION,pooled,oil,asset_price,b,0.9,6,-0.024176781405209624,0.05722646137405543,0.6730080656178888,-0.11830593395392303,0.06995237114350378,303,True
INNOVATION,pooled,oil,asset_price,b,0.9,7,0.00494737099768372,0.027813893267418413,0.8589532887836547,-0.04080241222287059,0.05069715421823803,302,True
INNOVATION,pooled,oil,asset_price,b,0.9,8,-0.009635939207868205,0.053645189279332574,0.85758136521814,-0.09787442336247662,0.07860254494674021,301,True
INNOVATION,pooled,oil,asset_price,b,0.9,9,0.02196818693005298,0.026303384661355567,0.40434665619866056,-0.021297030731277443,0.06523340459138341,300,True
INNOVATION,pooled,oil,asset_price,b,0.9,10,0.06928780021149805,0.033973445368100395,0.04237310719204812,0.01340645537774042,0.12516914504525567,299,True
INNOVATION,pooled,oil,asset_price,b,0.9,11,-0.055955884144566426,0.05762425317576014,0.33239374007404965,-0.1507393459810854,0.03882757769195254,298,True
INNOVATION,pooled,oil,asset_price,b,0.9,12,0.07696499075839824,0.028619081011932092,0.007607837624792862,0.029890791555903733,0.12403918996089275,297,True
INNOVATION,pooled,oil,asset_price,b,0.9,13,-0.04387104654142604,0.056343947358436966,0.4368850587503754,-0.1365485927107139,0.04880649962786182,296,True
INNOVATION,pooled,oil,asset_price,b,0.9,14,0.01768541756189279,0.05096871425634041,0.7288753521258072,-0.06615065694370194,0.10152149206748752,295,True
INNOVATION,pooled,oil,asset_price,b,0.9,15,-0.03665513906247497,0.038048790735600656,0.3362358423796619,-0.09923983050504528,0.02592955238009534,294,True
INNOVATION,pooled,oil,asset_price,b,0.9,16,0.0026813729591594893,0.030469558756142653,0.9299417893150537,-0.047436591272492744,0.05279933719081172,293,True
INNOVATION,pooled,oil,asset_price,b,0.9,17,-0.05926354951952817,0.029675947622836703,0.0468491599080797,-0.10807613960017304,-0.0104509594388833,292,True
INNOVATION,pooled,oil,asset_price,b,0.9,18,0.05987602402638004,0.027099778562532376,0.028004168839725074,0.015300854968216905,0.10445119308454318,291,True
INNOVATION,pooled,oil,asset_price,b,0.9,19,-0.0038894014410288946,0.03260374111992455,0.9051345653893318,-0.05751778327432364,0.049738980392265854,290,True
INNOVATION,pooled,oil,asset_price,b,0.9,20,0.029858950690368147,0.04888679256016946,0.5418784348426845,-0.050552667362250836,0.11027056874298713,289,True
INNOVATION,pooled,oil,asset_price,b,0.9,21,0.03159038650053958,0.026061593705251115,0.22655787648547107,-0.01127712042967837,0.07445789343075754,288,True
INNOVATION,pooled,oil,asset_price,b,0.9,22,-0.03417979489209699,0.05365026651376065,0.5246320179550494,-0.12242663035416931,0.05406704056997533,287,True
INNOVATION,pooled,oil,asset_price,b,0.9,23,-0.0027567613196879392,0.028769119581419898,0.9237350406400382,-0.05007775200738708,0.0445642293680112,286,False
INNOVATION,pooled,oil,asset_price,b,0.9,24,0.018529954736010268,0.029983908097100435,0.5371248009221413,-0.030789185247685,0.06784909471970554,285,True
INNOVATION,pooled,dxy,asset_price,b,0.9,0,0.0007268088286025431,0.00839284169650612,0.9310522071444607,-0.013078187276325095,0.01453180493353018,309,True
INNOVATION,pooled,dxy,asset_price,b,0.9,1,0.01100920857262011,0.006422472495188072,0.08760415469540696,0.0004451813949139377,0.021573235750326283,308,True
INNOVATION,pooled,dxy,asset_price,b,0.9,2,-0.005018106616489604,0.010673904638139489,0.6386304947361797,-0.022575117374267484,0.012538904141288276,307,False
INNOVATION,pooled,dxy,asset_price,b,0.9,3,0.0018523945073525283,0.006998544993434286,0.7914499582265591,-0.009659187608480925,0.013363976623185982,306,True
INNOVATION,pooled,dxy,asset_price,b,0.9,4,-0.010007745940470159,0.005616312422896635,0.0758598216021693,-0.0192457577993643,-0.0007697340815760179,305,True
INNOVATION,pooled,dxy,asset_price,b,0.9,5,0.010244859397772643,0.006593245062801803,0.1213680689635503,-0.0006000636571567887,0.021089782452702075,304,True
INNOVATION,pooled,dxy,asset_price,b,0.9,6,-0.009092930242331931,0.005893072594535882,0.12398402346301575,-0.0187861720733426,0.0006003115886787369,303,True
INNOVATION,pooled,dxy,asset_price,b,0.9,7,-0.009010420374906403,0.005876336763907531,0.12634598308805917,-0.01867613421420798,0.0006552934643951763,302,True
INNOVATION,pooled,dxy,asset_price,b,0.9,8,-0.02591494386352622,0.005543321058125358,4.625361837105664e-06,-0.03503289561134019,-0.01679699211571225,301,True
INNOVATION,pooled,dxy,asset_price,b,0.9,9,0.006834589019582893,0.0057992917448618075,0.23961879507276804,-0.002704397040702782,0.016373575079868568,300,True
INNOVATION,pooled,dxy,asset_price,b,0.9,10,-0.010927448730285505,0.00697343238918826,0.11827890074051148,-0.022397724287942684,0.0005428268273716744,299,True
INNOVATION,pooled,dxy,asset_price,b,0.9,11,-0.0011060796019819463,0.006741045013587882,0.8697898837595419,-0.01219411194202511,0.009981952738061217,298,True
INNOVATION,pooled,dxy,asset_price,b,0.9,12,0.0071539101509188185,0.005088295370150944,0.16089174784127191,-0.001215590943674346,0.015523411245511983,297,False
INNOVATION,pooled,dxy,asset_price,b,0.9,13,-0.0034500882001253785,0.006781789865378959,0.6113612468164908,-0.014605139857416696,0.007704963457165939,296,True
INNOVATION,pooled,dxy,asset_price,b,0.9,14,-0.005225111807305893,0.004947489402793968,0.29187088153676166,-0.013363007695795525,0.0029127840811837384,295,True
INNOVATION,pooled,dxy,asset_price,b,0.9,15,-0.008902539966072709,0.006029251303660666,0.14097698124538746,-0.018819775840700846,0.00101469590855543,294,True
INNOVATION,pooled,dxy,asset_price,b,0.9,16,0.003746906411464579,0.0059630871273525345,0.5303157837635171,-0.006061499077788872,0.01355531190071803,293,True
INNOVATION,pooled,dxy,asset_price,b,0.9,17,-0.0031757014066329248,0.007336349476997224,0.6654610733080671,-0.015242922452455345,0.008891519639189495,292,True
INNOVATION,pooled,dxy,asset_price,b,0.9,18,-0.016110581057276363,0.010926113253401756,0.1415423625950359,-0.03408243807061679,0.0018612759560640638,291,True
INNOVATION,pooled,dxy,asset_price,b,0.9,19,-0.0035162036711824385,0.004961508842472077,0.47914296042129995,-0.011677159485874436,0.004644752143509559,290,True
INNOVATION,pooled,dxy,asset_price,b,0.9,20,-0.006319149645079847,0.00972240825774853,0.5162914881128285,-0.02231108813054046,0.009672788840380767,289,True
INNOVATION,pooled,dxy,asset_price,b,0.9,21,0.001025722260230566,0.005115480880707317,0.8412358657540979,-0.007388495020001776,0.009439939540462908,288,True
INNOVATION,pooled,dxy,asset_price,b,0.9,22,0.0028120219583342987,0.005447012637932367,0.6061200642479015,-0.006147516535219262,0.011771560451887859,287,True
INNOVATION,pooled,dxy,asset_price,b,0.9,23,0.001948938338955486,0.005913091295781009,0.7419717693985911,-0.007777231325405087,0.01167510800331606,286,True
INNOVATION,pooled,dxy,asset_price,b,0.9,24,-0.017655190531279175,0.011096064369841199,0.11281142462827427,-0.03590659225489947,0.0005962111923411215,285,True
INNOVATION,pooled,vix,asset_price,b,0.9,0,-0.12086217105388641,1.521431993695065,0.9367393987664049,-2.6233951040432237,2.381670761935451,309,False
INNOVATION,pooled,vix,asset_price,b,0.9,1,4.504434577320353,2.1702484572147527,0.038849404377053906,0.9346935310848301,8.074175623555876,308,True
INNOVATION,pooled,vix,asset_price,b,0.9,2,-1.7881262109949603,2.794734513339531,0.5228148545338115,-6.385055411627945,2.808802989638025,307,True
INNOVATION,pooled,vix,asset_price,b,0.9,3,-3.8499544262886047,1.949887874862161,0.04932025633595348,-7.057234569404329,-0.6426742831728807,306,False
INNOVATION,pooled,vix,asset_price,b,0.9,4,1.5981142055243254,2.1908228436584865,0.4663376476026817,-2.005468694875474,5.201697105924125,305,True
INNOVATION,pooled,vix,asset_price,b,0.9,5,-2.4005105276301038,2.2575578437666994,0.2885654714187788,-6.113862735002504,1.3128416797422968,304,True
INNOVATION,pooled,vix,asset_price,b,0.9,6,-4.870791030232795,3.1045109412999157,0.1178118347112349,-9.977257111940489,0.23567505147490042,303,True
INNOVATION,pooled,vix,asset_price,b,0.9,7,-1.3895883275199594,3.6071233504907703,0.7003625735374382,-7.3227782534360495,4.543601598396131,302,True
INNOVATION,pooled,vix,asset_price,b,0.9,8,-0.6194971708755475,3.2074654586999958,0.8469911599047408,-5.895308363939803,4.656314022188708,301,True
INNOVATION,pooled,vix,asset_price,b,0.9,9,-1.3278468931093812,4.917899649975955,0.7873628028914849,-9.417071969355707,6.761378183136944,300,False
INNOVATION,pooled,vix,asset_price,b,0.9,10,-4.302533716640028,4.559096596184744,0.3461507452006812,-11.801580288496615,3.196512855216559,299,True
INNOVATION,pooled,vix,asset_price,b,0.9,11,4.4595941714942455,3.171483079903885,0.1608281528479805,-0.7570312753008857,9.676219618289377,298,False
INNOVATION,pooled,vix,asset_price,b,0.9,12,-3.1581683994154446,5.315864310120187,0.552942836017829,-11.901987090298519,5.58565029146763,297,True
INNOVATION,pooled,vix,asset_price,b,0.9,13,-5.028886003914522,5.738032521994828,0.3815904599892789,-14.467109609283218,4.409337601454174,296,True
INNOVATION,pooled,vix,asset_price,b,0.9,14,-3.03363838966834,5.813728132320766,0.6022379834711048,-12.59637019422596,6.52909341488928,295,True
INNOVATION,pooled,vix,asset_price,b,0.9,15,1.5692445841887093,5.43785217688133,0.77312907180363,-7.375226291780505,10.513715460157924,294,False
INNOVATION,pooled,vix,asset_price,b,0.9,16,-4.0314413945015986,4.927638925546705,0.41401889542232445,-12.136686153494352,4.073803364491155,293,True
INNOVATION,pooled,vix,asset_price,b,0.9,17,-1.728015862594475,6.125198469681188,0.7780756784242375,-11.803070781247184,8.347039056058234,292,False
INNOVATION,pooled,vix,asset_price,b,0.9,18,-6.118592259095749,5.4790778206245685,0.2651335143618478,-15.130873284699438,2.8936887665079407,291,False
INNOVATION,pooled,vix,asset_price,b,0.9,19,-4.945294514958732,5.284163742100062,0.3502015207411498,-13.636970411557483,3.7463813816400187,290,True
INNOVATION,pooled,vix,asset_price,b,0.9,20,-4.545370301231742,3.3266116432255037,0.17299999404093216,-10.017159528050207,0.9264189255867246,289,False
INNOVATION,pooled,vix,asset_price,b,0.9,21,-6.589040455000941,5.828066827643507,0.2592777299584857,-16.17535731456592,2.997276404564042,288,True
INNOVATION,pooled,vix,asset_price,b,0.9,22,-1.8234872862813063,3.0336311736387884,0.5483053146521941,-6.813366525074119,3.166391952511506,287,True
INNOVATION,pooled,vix,asset_price,b,0.9,23,-2.4242793539688137,6.016499358777902,0.6873271415798293,-12.320540145805852,7.471981437868225,286,True
INNOVATION,pooled,vix,asset_price,b,0.9,24,-6.331143528223038,5.560303765514114,0.25591666121649187,-15.477029343880856,2.8147422874347807,285,False
INNOVATION,pooled,us10y,asset_price,b,0.9,0,0.06129477777244574,0.06637095979430685,0.35652963117088027,-0.04787573616947022,0.1704652917143617,309,True
INNOVATION,pooled,us10y,asset_price,b,0.9,1,0.12925340816343578,0.1289422637056594,0.31700962947243455,-0.08283774196015126,0.3413445582870228,308,False
INNOVATION,pooled,us10y,asset_price,b,0.9,2,0.009614049974118188,0.11864344186463015,0.9354736993433695,-0.18553704569092486,0.20476514563916123,307,True
INNOVATION,pooled,us10y,asset_price,b,0.9,3,0.0529991365724527,0.07604906408130804,0.48644324098306624,-0.07209044230795175,0.17808871545285715,306,True
INNOVATION,pooled,us10y,asset_price,b,0.9,4,-0.009572803161972843,0.08079509201323579,0.9057712473959241,-0.14246890329982165,0.12332329697587596,305,True
INNOVATION,pooled,us10y,asset_price,b,0.9,5,0.1561986546657863,0.07885962172402725,0.048615568613143104,0.02648611985299898,0.28591118947857364,304,False
INNOVATION,pooled,us10y,asset_price,b,0.9,6,0.14004283550275431,0.08026339258246784,0.08213838336946677,0.008021303102052207,0.27206436790345645,303,True
INNOVATION,pooled,us10y,asset_price,b,0.9,7,0.06085032661940204,0.07918954233809222,0.4429032333057191,-0.06940487931203612,0.1911055325508402,302,True
INNOVATION,pooled,us10y,asset_price,b,0.9,8,-0.06438191290726536,0.09404846694876838,0.49420172306155263,-0.2190778748771727,0.09031404906264198,301,True
INNOVATION,pooled,us10y,asset_price,b,0.9,9,-0.19994522052365937,0.05583642762126845,0.00040544896598366235,-0.29178797101251613,-0.1081024700348026,300,False
INNOVATION,pooled,us10y,asset_price,b,0.9,10,-0.03840462796142674,0.08326085243545735,0.6449844176961079,-0.17535654307296009,0.0985472871501066,299,True
INNOVATION,pooled,us10y,asset_price,b,0.9,11,-0.04405993560749266,0.09253094349270928,0.6343423767156388,-0.19625979361671725,0.10813992240173192,298,True
INNOVATION,pooled,us10y,asset_price,b,0.9,12,0.08013326016862266,0.0839793897111683,0.3408383179789477,-0.05800054358696369,0.218267063924209,297,True
INNOVATION,pooled,us10y,asset_price,b,0.9,13,0.09070801734310407,0.1448065074245135,0.5315802580074123,-0.14747749160028226,0.3288935262864904,296,True
INNOVATION,pooled,us10y,asset_price,b,0.9,14,-0.0719801082250342,0.0788053546307943,0.3618609340163285,-0.2016033816126932,0.0576431651626248,295,True
INNOVATION,pooled,us10y,asset_price,b,0.9,15,-0.12145135119862971,0.15130234568328063,0.42286110457942555,-0.37032156326203924,0.12741886086477985,294,False
INNOVATION,pooled,us10y,asset_price,b,0.9,16,0.055225193439582654,0.08966315854270554,0.5384770007393485,-0.09225757809331142,0.20270796497247673,293,True
INNOVATION,pooled,us10y,asset_price,b,0.9,17,-0.0530674018582431,0.13754058510152398,0.6999326709345154,-0.27930153211551245,0.17316672839902622,292,True
INNOVATION,pooled,us10y,asset_price,b,0.9,18,0.27604677971862657,0.06847422180342282,7.267183512455608e-05,0.16341670763258698,0.38867685180466616,291,True
INNOVATION,pooled,us10y,asset_price,b,0.9,19,0.01782374462891312,0.07273097034697265,0.8065986897973728,-0.10180805573800482,0.13745554499583107,290,True
INNOVATION,pooled,us10y,asset_price,b,0.9,20,0.019979822609457187,0.08828124953279796,0.821129594420732,-0.1252299108763735,0.16518955609528788,289,False
INNOVATION,pooled,us10y,asset_price,b,0.9,21,0.19450253550212437,0.16630007436904998,0.24323796376351933,-0.07903674498610702,0.46804181599035577,288,True
INNOVATION,pooled,us10y,asset_price,b,0.9,22,-0.1275197829698982,0.07343779859743961,0.08367645547098257,-0.24831421234822848,-0.006725353591567909,287,True
INNOVATION,pooled,us10y,asset_price,b,0.9,23,0.029828552216713433,0.06447588039446836,0.6440186976892991,-0.07622483350101716,0.13588193793444403,286,True
INNOVATION,pooled,us10y,asset_price,b,0.9,24,-0.03288059865371906,0.14527718588215616,0.8211246007388652,-0.27184030476528687,0.20607910745784871,285,True
INNOVATION,pooled,ip,real_macro,b,0.9,0,-0.15449795194945182,0.16597955988620489,0.3527430015214697,-0.427510033028085,0.11851412912918136,309,True
INNOVATION,pooled,ip,real_macro,b,0.9,1,-0.6632030035252683,0.273250722544003,0.015851671212014327,-1.112660445568882,-0.21374556148165452,308,True
INNOVATION,pooled,ip,real_macro,b,0.9,2,-0.33754844328723266,0.17810052011086921,0.05909029616660215,-0.6304977297535395,-0.0445991568209258,307,False
INNOVATION,pooled,ip,real_macro,b,0.9,3,0.4409114586414944,0.2212894070224059,0.04729777043068446,0.07692277489474947,0.8049001423882394,306,True
INNOVATION,pooled,ip,real_macro,b,0.9,4,-0.12386829730166937,0.19598681288497138,0.5278927196092412,-0.4462379173101741,0.19850132270683535,305,True
INNOVATION,pooled,ip,real_macro,b,0.9,5,0.09074865817092359,0.20509389223514948,0.6584929896806826,-0.24660077433765643,0.4280980906795036,304,False
INNOVATION,pooled,ip,real_macro,b,0.9,6,0.024989365394503693,0.2871946832856144,0.9307253471224657,-0.44740385104901853,0.4973825818380259,303,True
INNOVATION,pooled,ip,real_macro,b,0.9,7,0.08844065868470352,0.1790383928808329,0.6217189276220026,-0.2060512912088971,0.38293260857830413,302,True
INNOVATION,pooled,ip,real_macro,b,0.9,8,-0.12691590181998436,0.3243594381686334,0.6958942609307569,-0.6604397001276028,0.40660789648763407,301,True
INNOVATION,pooled,ip,real_macro,b,0.9,9,-0.02366661840915185,0.1384205628913911,0.8643696174282997,-0.25134818332572084,0.20401494650741717,300,True
INNOVATION,pooled,ip,real_macro,b,0.9,10,-0.039021338108796044,0.19350275326474847,0.8403355473990461,-0.3573050436414134,0.2792623674238213,299,True
INNOVATION,pooled,ip,real_macro,b,0.9,11,0.11620190066059877,0.15307883661362506,0.44845588265196423,-0.1355903789528342,0.36799418027403175,298,True
INNOVATION,pooled,ip,real_macro,b,0.9,12,-0.45840739914820006,0.22379648514756065,0.04149901109156719,-0.8265198594421564,-0.09029493885424367,297,True
INNOVATION,pooled,ip,real_macro,b,0.9,13,0.23672199440852637,0.2585740405144906,0.3607573510594715,-0.18859445396723046,0.6620384427842831,296,True
INNOVATION,pooled,ip,real_macro,b,0.9,14,-0.03528325093247986,0.1770007349387536,0.8421488468221574,-0.3264235517695649,0.25585704990460517,295,True
INNOVATION,pooled,ip,real_macro,b,0.9,15,0.1355576624484911,0.19807017101789373,0.49432343731807876,-0.19023877674118977,0.461354101638172,294,True
INNOVATION,pooled,ip,real_macro,b,0.9,16,0.2217456244902678,0.1829401687476136,0.22654565252341188,-0.07916417558935879,0.5226554245698944,293,True
INNOVATION,pooled,ip,real_macro,b,0.9,17,-0.48688160116591916,0.33205206965278217,0.14376188163738277,-1.0330586522710408,0.05929544993920244,292,True
INNOVATION,pooled,ip,real_macro,b,0.9,18,0.12443958053154347,0.16232306519249323,0.44399698480872785,-0.14255810198820928,0.3914372630512962,291,True
INNOVATION,pooled,ip,real_macro,b,0.9,19,-0.5396172529435717,0.21374697794683634,0.012175441790707224,-0.8911997448693417,-0.1880347610178016,290,True
INNOVATION,pooled,ip,real_macro,b,0.9,20,-0.3584274214679226,0.21731258758259878,0.10027621648871347,-0.7158748193353697,-0.0009800236004755547,289,True
INNOVATION,pooled,ip,real_macro,b,0.9,21,0.02818199178273062,0.1698180626752268,0.868322100700015,-0.25114386453048865,0.3075078480959499,288,True
INNOVATION,pooled,ip,real_macro,b,0.9,22,-0.09682632837348137,0.19235155464164752,0.6151234976600716,-0.41321648067554956,0.2195638239285868,287,True
INNOVATION,pooled,ip,real_macro,b,0.9,23,0.19478013328557608,0.23266040798207796,0.4032625992877893,-0.18791218263175408,0.5774724492029062,286,True
INNOVATION,pooled,ip,real_macro,b,0.9,24,0.047261868761779624,0.16825148688033478,0.7790129891572425,-0.2294871996733171,0.32401093719687635,285,True
INNOVATION,pooled,cpi,real_macro,b,0.9,0,-0.13009185087139485,0.06237099914035863,0.03790104402571193,-0.2326830150240009,-0.027500686718788803,309,True
INNOVATION,pooled,cpi,real_macro,b,0.9,1,0.2485753793830554,0.0916021061751524,0.007067441557618735,0.09790332280446215,0.3992474359616487,308,True
INNOVATION,pooled,cpi,real_macro,b,0.9,2,-0.23211513133901462,0.08869930874867932,0.009357648437824094,-0.3780125110423682,-0.086217751635661,307,True
INNOVATION,pooled,cpi,real_macro,b,0.9,3,-0.17436053999517753,0.09365952681335368,0.06370874638971384,-0.328416752372681,-0.02030432761767406,306,True
INNOVATION,pooled,cpi,real_macro,b,0.9,4,-0.022189290241840354,0.08305524048241852,0.7895424325808345,-0.1588030037866732,0.11442442330299249,305,True
INNOVATION,pooled,cpi,real_macro,b,0.9,5,-0.03504967638673406,0.09535511726337574,0.7134756212832868,-0.1918948868657806,0.12179553409231247,304,True
INNOVATION,pooled,cpi,real_macro,b,0.9,6,-0.04532365293653129,0.15317325075807478,0.7675313206911509,-0.29727122999789796,0.20662392412483538,303,True
INNOVATION,pooled,cpi,real_macro,b,0.9,7,-0.21154808092251187,0.1364295012830229,0.12215093855749758,-0.4359546409310726,0.012858479086048868,302,True
INNOVATION,pooled,cpi,real_macro,b,0.9,8,-0.24621473250329018,0.0827377780708077,0.0031835928673118593,-0.3823062668489642,-0.11012319815761615,301,True
INNOVATION,pooled,cpi,real_macro,b,0.9,9,-0.13256956754315752,0.08430779080528161,0.11700928455400947,-0.27124354302949094,0.006104407943175932,300,True
INNOVATION,pooled,cpi,real_macro,b,0.9,10,-0.1446573828984583,0.16056307302712594,0.3684212037637633,-0.4087601359216005,0.11944537012468387,299,True
INNOVATION,pooled,cpi,real_macro,b,0.9,11,-0.14204614122172643,0.09768565960496785,0.14707597428676208,-0.3027247527241047,0.018632470280651847,298,True
INNOVATION,pooled,cpi,real_macro,b,0.9,12,-0.13767565015950822,0.07811607203426685,0.07912897366440244,-0.2661651545682745,-0.00918614575074192,297,True
INNOVATION,pooled,cpi,real_macro,b,0.9,13,-0.2470503383956384,0.09350690656802074,0.008724972815070951,-0.40085551280905973,-0.09324516398221705,296,False
INNOVATION,pooled,cpi,real_macro,b,0.9,14,-0.11455507638220297,0.09214566379259675,0.21488633512839014,-0.2661212056793067,0.037011052914900755,295,True
INNOVATION,pooled,cpi,real_macro,b,0.9,15,0.021212067218584707,0.15169295907832095,0.8888957514660449,-0.22830064670439276,0.2707247811415622,294,True
INNOVATION,pooled,cpi,real_macro,b,0.9,16,0.09637734287389321,0.17005187741234506,0.5713619913415481,-0.18333310445770967,0.3760877902054961,293,True
INNOVATION,pooled,cpi,real_macro,b,0.9,17,-0.2153665934665696,0.08121565582743041,0.008491121813693905,-0.348954459519561,-0.08177872741357822,292,True
INNOVATION,pooled,cpi,real_macro,b,0.9,18,-0.2535633140250866,0.10312344245988814,0.014583637334915054,-0.42318628237895506,-0.08394034567121814,291,True
INNOVATION,pooled,cpi,real_macro,b,0.9,19,-0.11961592347415717,0.09739584343474503,0.22049581573019195,-0.27981782979779524,0.04058598284948092,290,True
INNOVATION,pooled,cpi,real_macro,b,0.9,20,0.07563086298523558,0.0943639702534106,0.42358270565118117,-0.07958405573962768,0.23084578171009884,289,True
INNOVATION,pooled,cpi,real_macro,b,0.9,21,-0.06183093750314583,0.1227691726652675,0.6149438466709342,-0.2637682564394426,0.14010638143315096,288,True
INNOVATION,pooled,cpi,real_macro,b,0.9,22,0.0334422150347109,0.16952384709867097,0.8437698444301923,-0.24539969972030484,0.31228412978972664,287,False
INNOVATION,pooled,cpi,real_macro,b,0.9,23,0.08280232437618906,0.07797784285363703,0.28928770643876184,-0.045459813263467735,0.21106446201584586,286,True
INNOVATION,pooled,cpi,real_macro,b,0.9,24,-0.09964155831585231,0.10632693802025636,0.34957441753716045,-0.2745338079611154,0.07525069132941076,285,True
INNOVATION,pooled,infl_exp,real_macro,b,0.9,0,0.18402134215295973,0.10887879855001364,0.09210851830374135,0.004931655459851109,0.3631110288460684,309,True
INNOVATION,pooled,infl_exp,real_macro,b,0.9,1,-0.03582625380408899,0.12481923326505531,0.7743053844302665,-0.24113562235341707,0.16948311474523908,308,True
INNOVATION,pooled,infl_exp,real_macro,b,0.9,2,0.2378348700207198,0.189454529304703,0.21039614275032986,-0.07379009964850491,0.5494598396899445,307,True
INNOVATION,pooled,infl_exp,real_macro,b,0.9,3,0.46425624981156943,0.11458800696090232,6.607711798427637e-05,0.27577575095678875,0.6527367486663501,306,True
INNOVATION,pooled,infl_exp,real_macro,b,0.9,4,-0.18427970936136262,0.12529205598287946,0.14247991272904334,-0.3903668020730088,0.021807383350283566,305,True
INNOVATION,pooled,infl_exp,real_macro,b,0.9,5,-0.01574037259342731,0.20485725980518632,0.9388098348072631,-0.3527005793913281,0.3212198342044735,304,False
INNOVATION,pooled,infl_exp,real_macro,b,0.9,6,0.00012602037622855278,0.10762601858313386,0.9990665981727124,-0.17690302664458574,0.17715506739704284,303,False
INNOVATION,pooled,infl_exp,real_macro,b,0.9,7,-0.19455519690018264,0.19047152155664188,0.3079471020236403,-0.5078529699635905,0.11874257616322526,302,True
INNOVATION,pooled,infl_exp,real_macro,b,0.9,8,-0.03012628465967282,0.19261746258556747,0.8758295965492708,-0.34695381660773295,0.2867012472883873,301,True
INNOVATION,pooled,infl_exp,real_macro,b,0.9,9,0.2907490214677182,0.11664300469005223,0.013274975655119611,0.09888835214476821,0.4826096907906682,300,True
INNOVATION,pooled,infl_exp,real_macro,b,0.9,10,-0.3393426312832162,0.23398224860316033,0.14813343876311016,-0.7242091815403855,0.04552391897395314,299,False
INNOVATION,pooled,infl_exp,real_macro,b,0.9,11,-0.010318145995483974,0.12761370295049448,0.9356175413546831,-0.2202240081423126,0.19958771615134466,298,True
INNOVATION,pooled,infl_exp,real_macro,b,0.9,12,-0.08893696460290812,0.12330848662223316,0.47137851892892924,-0.2917613760573854,0.11388744685156918,297,True
INNOVATION,pooled,infl_exp,real_macro,b,0.9,13,0.09565247013961198,0.1084721329301719,0.37866647402630227,-0.0827683111337435,0.27407325141296746,296,True
INNOVATION,pooled,infl_exp,real_macro,b,0.9,14,-0.06773357864742025,0.12406876041653914,0.5855659096730572,-0.2718085292099379,0.1363413719150974,295,True
INNOVATION,pooled,infl_exp,real_macro,b,0.9,15,0.18267610574116588,0.12415520734501265,0.1423777670773347,-0.021541037365190224,0.38689324884752196,294,True
INNOVATION,pooled,infl_exp,real_macro,b,0.9,16,-0.10040117545887028,0.2360904828476523,0.6709881498454133,-0.4887354624595555,0.28793311154181495,293,True
INNOVATION,pooled,infl_exp,real_macro,b,0.9,17,0.1368073261983227,0.22434343843189944,0.5425108416032471,-0.2322047921891514,0.5058194445857969,292,False
INNOVATION,pooled,infl_exp,real_macro,b,0.9,18,-0.2962443958167569,0.12320722304238017,0.016889084220258296,-0.4989022435046349,-0.09358654812887884,291,True
INNOVATION,pooled,infl_exp,real_macro,b,0.9,19,-0.1328589738068331,0.12392656946102062,0.2846714194905876,-0.3367000410604464,0.07098209344678022,290,True
INNOVATION,pooled,infl_exp,real_macro,b,0.9,20,0.23010222998009056,0.12042355607038568,0.05712917763877022,0.03202310700732269,0.4281813529528584,289,True
INNOVATION,pooled,infl_exp,real_macro,b,0.9,21,-0.0934988807348418,0.10154911789610993,0.3580471569200737,-0.2605323156199809,0.07353455415029728,288,False
INNOVATION,pooled,infl_exp,real_macro,b,0.9,22,0.07093269730421525,0.20257873051386202,0.7265116167818795,-0.26227966232473554,0.40414505693316605,287,True
INNOVATION,pooled,infl_exp,real_macro,b,0.9,23,0.019312315004754055,0.1006842853501669,0.8480414286753916,-0.14629859693048494,0.18492322693999305,286,True
INNOVATION,pooled,infl_exp,real_macro,b,0.9,24,-0.23865707715594908,0.09070639463609088,0.009025292582066672,-0.3878558193608147,-0.08945833495108343,285,False
INNOVATION,pooled,freight,physical_channel,b,0.9,0,0.005785845179858029,0.008115872764959516,0.4764962101465228,-0.007563577573462304,0.019135267933178362,309,True
INNOVATION,pooled,freight,physical_channel,b,0.9,1,0.03267073547698374,0.008260019980330395,9.691722975195358e-05,0.019084211653645655,0.04625725930032182,308,True
INNOVATION,pooled,freight,physical_channel,b,0.9,2,0.014472853627275128,0.006340998626436519,0.02321696422120871,0.004042839038086717,0.02490286821646354,307,True
INNOVATION,pooled,freight,physical_channel,b,0.9,3,0.012230378095409833,0.0073322026122562885,0.09643450004031526,0.0001699780350970185,0.02429077815572265,306,True
INNOVATION,pooled,freight,physical_channel,b,0.9,4,0.011420574803068462,0.008043678209026316,0.15678454512214476,-0.0018100984730789957,0.02465124807921592,305,True
INNOVATION,pooled,freight,physical_channel,b,0.9,5,-0.025040588430505828,0.007678342621768108,0.0012487532525033175,-0.037670338140897174,-0.01241083872011448,304,True
INNOVATION,pooled,freight,physical_channel,b,0.9,6,-0.005737334879707845,0.007010149691159478,0.4138188436619091,-0.017268005024684254,0.005793335265268564,303,True
INNOVATION,pooled,freight,physical_channel,b,0.9,7,-0.002882251131381963,0.008401308553506527,0.7318075923153441,-0.0167011739767556,0.010936671713991673,302,True
INNOVATION,pooled,freight,physical_channel,b,0.9,8,0.003440226462158691,0.00932897354997117,0.7125865148384404,-0.01190456951724574,0.01878502244156312,301,True
INNOVATION,pooled,freight,physical_channel,b,0.9,9,-0.011076700773742232,0.01679268610808574,0.510059287888953,-0.038698211424884665,0.016544809877400198,300,True
INNOVATION,pooled,freight,physical_channel,b,0.9,10,-0.005454775659217148,0.008990023984375609,0.5445190061439371,-0.020242049216298096,0.009332497897863798,299,True
INNOVATION,pooled,freight,physical_channel,b,0.9,11,0.016199338965435572,0.013470035255765568,0.2301768215014896,-0.005956897380174624,0.03835557531104577,298,True
INNOVATION,pooled,freight,physical_channel,b,0.9,12,0.0028935855367535623,0.01616249810311268,0.8580482586588378,-0.023691358088747616,0.02947852916225474,297,False
INNOVATION,pooled,freight,physical_channel,b,0.9,13,-0.0037302659227309576,0.014673850291728224,0.7995268688878707,-0.027866601796423043,0.020406069950961128,296,True
INNOVATION,pooled,freight,physical_channel,b,0.9,14,0.01630082910290298,0.009987655296666563,0.10383771251210219,-0.00012740193656009605,0.032729060142366054,295,True
INNOVATION,pooled,freight,physical_channel,b,0.9,15,0.007067042614380625,0.009484066983302132,0.45683955417140515,-0.008532859361354594,0.022666944590115846,294,True
INNOVATION,pooled,freight,physical_channel,b,0.9,16,0.002111870939454974,0.007237990718674124,0.7706862824634543,-0.009793564345997253,0.0140173062249072,293,True
INNOVATION,pooled,freight,physical_channel,b,0.9,17,-0.011968356570971395,0.014792008061615089,0.419180666457346,-0.036299044681014386,0.0123623315390716,292,True
INNOVATION,pooled,freight,physical_channel,b,0.9,18,-0.009004830170056266,0.008991115132918451,0.3174934329339026,-0.02379389850677545,0.005784238166662917,291,True
INNOVATION,pooled,freight,physical_channel,b,0.9,19,0.01843156171449234,0.012238655985222358,0.13326878405934486,-0.0016992359718119993,0.03856235940079668,290,True
INNOVATION,pooled,freight,physical_channel,b,0.9,20,0.0040307518124436115,0.007240878741997081,0.5782325585022839,-0.007879433848646101,0.015940937473533326,289,True
INNOVATION,pooled,freight,physical_channel,b,0.9,21,-0.0030008464311102045,0.015065376251587685,0.8422711459890757,-0.027781185199922783,0.021779492337702374,288,True
INNOVATION,pooled,freight,physical_channel,b,0.9,22,-0.004193549987995482,0.013556027466191067,0.7573044206221168,-0.026491230932813633,0.01810413095682267,287,True
INNOVATION,pooled,freight,physical_channel,b,0.9,23,-0.007899793086652451,0.009808802354847367,0.42134322973816307,-0.024033837216073283,0.00823425104276838,286,True
INNOVATION,pooled,freight,physical_channel,b,0.9,24,-0.0061912007116546874,0.014635901759530683,0.6726383262088095,-0.030265116804524164,0.01788271538121479,285,True
LEVEL_PLUS_JUMP,pooled,oil,asset_price,a,0.1,0,-0.01625866920297815,0.004397782201511922,0.00026005315979639855,-0.02349237720767767,-0.009024961198278636,309,True
LEVEL_PLUS_JUMP,pooled,oil,asset_price,a,0.1,1,-0.011146863546811048,0.004647255296353149,0.017081279814715543,-0.018790918276386966,-0.0035028088172351316,308,True
LEVEL_PLUS_JUMP,pooled,oil,asset_price,a,0.1,2,-0.0074707305048381245,0.00468279105190824,0.11171011228914621,-0.015173236350825292,0.00023177534114904395,307,True
LEVEL_PLUS_JUMP,pooled,oil,asset_price,a,0.1,3,0.0014280388231621421,0.01715260951185,0.9337059033232253,-0.02678549314408665,0.029641570790410934,306,True
LEVEL_PLUS_JUMP,pooled,oil,asset_price,a,0.1,4,-0.0001814700092088728,0.005486330686415095,0.973636056059551,-0.009205680937413903,0.008842740918996157,305,True
LEVEL_PLUS_JUMP,pooled,oil,asset_price,a,0.1,5,-0.0027178346207062387,0.004780384152866061,0.5701090498107815,-0.01058086683276932,0.005145197591356843,304,True
LEVEL_PLUS_JUMP,pooled,oil,asset_price,a,0.1,6,0.0032066139184043774,0.0031185175905170627,0.30469233116807365,-0.0019228910510695795,0.008336118887878333,303,True
LEVEL_PLUS_JUMP,pooled,oil,asset_price,a,0.1,7,-0.0007190342596548049,0.00452487323905661,0.8738534802419896,-0.008161788418412726,0.006723719899103116,302,True
LEVEL_PLUS_JUMP,pooled,oil,asset_price,a,0.1,8,0.010258403823102835,0.005443197113291822,0.06049040822912746,0.001305141309092997,0.019211666337112673,301,True
LEVEL_PLUS_JUMP,pooled,oil,asset_price,a,0.1,9,0.005124834571495707,0.014284979316609629,0.7200416638925601,-0.018371865468356403,0.028621534611347817,300,True
LEVEL_PLUS_JUMP,pooled,oil,asset_price,a,0.1,10,0.007747990211682487,0.014133833691132221,0.5839923172728942,-0.015500097397905262,0.030996077821270236,299,True
LEVEL_PLUS_JUMP,pooled,oil,asset_price,a,0.1,11,-0.0019011396313982631,0.0028875991465685804,0.5108268774711464,-0.006650817560813568,0.002848538298017042,298,False
LEVEL_PLUS_JUMP,pooled,oil,asset_price,a,0.1,12,-0.0018273860395219277,0.014675099507246062,0.9009896672854779,-0.025965776689889374,0.02231100461084552,297,True
LEVEL_PLUS_JUMP,pooled,oil,asset_price,a,0.1,13,0.0059427103006604795,0.004597106063612905,0.19717061593824242,-0.0016188562815538125,0.013504276882874772,296,True
LEVEL_PLUS_JUMP,pooled,oil,asset_price,a,0.1,14,0.007241439867463506,0.0037825381588325285,0.056579476934367684,0.0010197182578254782,0.013463161477101533,295,True
LEVEL_PLUS_JUMP,pooled,oil,asset_price,a,0.1,15,0.003814033201664291,0.003091617399505271,0.21836074618252863,-0.001271224891058233,0.008899291294386814,294,True
LEVEL_PLUS_JUMP,pooled,oil,asset_price,a,0.1,16,0.006269835953049752,0.002944088735055011,0.03407702888702756,0.0014272409191275455,0.011112430986971959,293,True
LEVEL_PLUS_JUMP,pooled,oil,asset_price,a,0.1,17,-0.0044919231256162,0.013967395961551703,0.747996949034172,-0.027466245032041866,0.018482398780809466,292,True
LEVEL_PLUS_JUMP,pooled,oil,asset_price,a,0.1,18,-0.0025571429331911495,0.014520499126107518,0.8603395657516245,-0.02644123858591478,0.021326952719532485,291,True
LEVEL_PLUS_JUMP,pooled,oil,asset_price,a,0.1,19,0.000904898483615274,0.005199389325605814,0.8619621000926861,-0.007647335906540218,0.009457132873770766,290,True
LEVEL_PLUS_JUMP,pooled,oil,asset_price,a,0.1,20,0.00365524373782955,0.00555028733507194,0.5107239633888245,-0.005474166515886352,0.012784653991545452,289,True
LEVEL_PLUS_JUMP,pooled,oil,asset_price,a,0.1,21,0.00649584411341135,0.014888739565321722,0.6629681555625438,-0.01799395316134397,0.03098564138816667,288,True
LEVEL_PLUS_JUMP,pooled,oil,asset_price,a,0.1,22,0.009509071184651479,0.014834763815706618,0.5220609511582259,-0.014891943882582012,0.03391008625188497,287,True
LEVEL_PLUS_JUMP,pooled,oil,asset_price,a,0.1,23,0.0004034248301545418,0.015312108375870942,0.9790000578483924,-0.02478275216817079,0.025589601828479875,286,True
LEVEL_PLUS_JUMP,pooled,oil,asset_price,a,0.1,24,0.00788818286302206,0.015069745750559424,0.6010923830647268,-0.016899343092022144,0.032675708818066265,285,True
LEVEL_PLUS_JUMP,pooled,dxy,asset_price,a,0.1,0,0.0002318466886300774,0.0007436676154396469,0.7554422544510198,-0.0009913776858721784,0.0014550710631323332,309,True
LEVEL_PLUS_JUMP,pooled,dxy,asset_price,a,0.1,1,5.931283700422174e-05,0.0007957597432423916,0.9406344971105456,-0.0012495954628499984,0.0013682211368584419,308,True
LEVEL_PLUS_JUMP,pooled,dxy,asset_price,a,0.1,2,0.0015644012721207955,0.00038268556669697934,5.625877207195266e-05,0.0009349395297572896,0.0021938630144843017,307,True
LEVEL_PLUS_JUMP,pooled,dxy,asset_price,a,0.1,3,0.0017689265258908696,0.0005283906219656616,0.0009214880681842856,0.0008998012949035069,0.002638051756878232,306,True
LEVEL_PLUS_JUMP,pooled,dxy,asset_price,a,0.1,4,0.001027518701887692,0.002559647012891161,0.6883983106857463,-0.0031827259709818366,0.00523776337475722,305,True
LEVEL_PLUS_JUMP,pooled,dxy,asset_price,a,0.1,5,0.00046656912626497765,0.0004705018058546149,0.3221990964860623,-0.00030733747558220304,0.0012404757281121582,304,True
LEVEL_PLUS_JUMP,pooled,dxy,asset_price,a,0.1,6,-0.00035366627630638997,0.0026774653296173065,0.8950050552155823,-0.004757704834764236,0.004050372282151456,303,True
LEVEL_PLUS_JUMP,pooled,dxy,asset_price,a,0.1,7,-0.0018590101219345123,0.0007842273002936235,0.018422590253333638,-0.0031489492411768405,-0.0005690710026921844,302,True
LEVEL_PLUS_JUMP,pooled,dxy,asset_price,a,0.1,8,-0.001790085414792364,0.0008280522915924022,0.03145990179915231,-0.003152110229923605,-0.00042806059966112313,301,True
LEVEL_PLUS_JUMP,pooled,dxy,asset_price,a,0.1,9,-0.0006303757618242667,0.0008420387103560773,0.4546952302316854,-0.0020154061885870006,0.0007546546649384671,300,True
LEVEL_PLUS_JUMP,pooled,dxy,asset_price,a,0.1,10,0.0010619199225335762,0.0007456392205139363,0.1554901031815735,-0.0001645474537260406,0.0022883872987931927,299,True
LEVEL_PLUS_JUMP,pooled,dxy,asset_price,a,0.1,11,0.0003486966913624698,0.0007960106270263399,0.661679172793406,-0.000960624275593721,0.0016580176583186606,298,True
LEVEL_PLUS_JUMP,pooled,dxy,asset_price,a,0.1,12,0.0007206322968425303,0.0024316008294772437,0.7671715728528544,-0.0032789951468213223,0.004720259740506383,297,True
LEVEL_PLUS_JUMP,pooled,dxy,asset_price,a,0.1,13,0.0002674687984772217,0.0005340192924861418,0.6168604926824315,-0.0006109147716306677,0.0011458523685851112,296,True
LEVEL_PLUS_JUMP,pooled,dxy,asset_price,a,0.1,14,-0.0005559655558434254,0.002433073847144224,0.8194211420522567,-0.004558015897959375,0.003446084786272524,295,True
LEVEL_PLUS_JUMP,pooled,dxy,asset_price,a,0.1,15,0.00035040176594625105,0.002275154405715664,0.8777109817773677,-0.00339189421016978,0.0040926977420622825,294,True
LEVEL_PLUS_JUMP,pooled,dxy,asset_price,a,0.1,16,0.0007884086741804103,0.0023848019613146084,0.7411969455678751,-0.003134241481448908,0.0047110588298097285,293,True
LEVEL_PLUS_JUMP,pooled,dxy,asset_price,a,0.1,17,0.0005641043925455023,0.002328688176721945,0.8087718227259111,-0.0032662468009745996,0.004394455586065604,292,True
LEVEL_PLUS_JUMP,pooled,dxy,asset_price,a,0.1,18,-0.0001647755004145577,0.002484522237162582,0.9471702656629583,-0.004251450913453017,0.003921899912623901,291,True
LEVEL_PLUS_JUMP,pooled,dxy,asset_price,a,0.1,19,-0.0011667700263621305,0.0010043503227144565,0.24635441620297138,-0.002818779297408886,0.00048523924468462493,290,True
LEVEL_PLUS_JUMP,pooled,dxy,asset_price,a,0.1,20,-0.0009947756726917069,0.0006733750835901904,0.14074005523198752,-0.0021023791212337823,0.00011282777585036857,289,True
LEVEL_PLUS_JUMP,pooled,dxy,asset_price,a,0.1,21,0.0009272099502900949,0.0006353053237195584,0.1455809039482945,-0.00011777431565159987,0.0019721942162317894,288,True
LEVEL_PLUS_JUMP,pooled,dxy,asset_price,a,0.1,22,0.0010216563065112358,0.002316723578411266,0.6595678973240171,-0.0027890148740825284,0.0048323274871049995,287,True
LEVEL_PLUS_JUMP,pooled,dxy,asset_price,a,0.1,23,-0.001021595022376559,0.002331891428087248,0.6616635621969013,-0.0048572150955229175,0.002814025050769799,286,True
LEVEL_PLUS_JUMP,pooled,dxy,asset_price,a,0.1,24,0.00018608044515674993,0.002286374186002662,0.9351945021543526,-0.0035746704272579485,0.003946831317571448,285,True
LEVEL_PLUS_JUMP,pooled,vix,asset_price,a,0.1,0,-0.13431719161599176,0.06313644859323056,0.03421525460293559,-0.23816740807740222,-0.0304669751545813,309,True
LEVEL_PLUS_JUMP,pooled,vix,asset_price,a,0.1,1,-0.1899109038986353,0.08303049318776531,0.022892003548579322,-0.3264839117661006,-0.05333789603117001,308,True
LEVEL_PLUS_JUMP,pooled,vix,asset_price,a,0.1,2,-0.0819861054624198,0.06704565114936695,0.22237278832180674,-0.19226638792677916,0.028294177001939563,307,True
LEVEL_PLUS_JUMP,pooled,vix,asset_price,a,0.1,3,0.16634163133656799,0.08167805695801537,0.04259690885417355,0.03199318310682747,0.3006900795663085,306,True
LEVEL_PLUS_JUMP,pooled,vix,asset_price,a,0.1,4,0.18239511721185409,0.07184681450168005,0.011648663568566874,0.06421762379385602,0.30057261062985213,305,False
LEVEL_PLUS_JUMP,pooled,vix,asset_price,a,0.1,5,0.0552226091878083,0.38707820074227617,0.8866536301731165,-0.5814643732169746,0.6919095915925912,304,True
LEVEL_PLUS_JUMP,pooled,vix,asset_price,a,0.1,6,0.2661357097168917,0.38578975210924654,0.4908442879825751,-0.3684319632807118,0.9007033827144952,303,True
LEVEL_PLUS_JUMP,pooled,vix,asset_price,a,0.1,7,-0.3396330496291853,0.09961347284051006,0.000743763769756579,-0.5034826317241302,-0.17578346753424035,302,True
LEVEL_PLUS_JUMP,pooled,vix,asset_price,a,0.1,8,0.4082300563059107,0.09205916134925246,1.3162084198122121e-05,0.25680621086648203,0.5596539017453394,301,False
LEVEL_PLUS_JUMP,pooled,vix,asset_price,a,0.1,9,0.15661761264791707,0.09843423948571058,0.1126942880314497,-0.005292303186363784,0.3185275284821979,300,True
LEVEL_PLUS_JUMP,pooled,vix,asset_price,a,0.1,10,0.10665695518696339,0.08632203247628115,0.21763575578040428,-0.03533015301747042,0.2486440633913972,299,True
LEVEL_PLUS_JUMP,pooled,vix,asset_price,a,0.1,11,0.3037238565682401,0.13516122068272485,0.02540004403514272,0.08140343250507179,0.5260442806314084,298,True
LEVEL_PLUS_JUMP,pooled,vix,asset_price,a,0.1,12,0.3141827829789037,0.16836999038330394,0.06307207892973564,0.03723879362714172,0.5911267723306657,297,True
LEVEL_PLUS_JUMP,pooled,vix,asset_price,a,0.1,13,0.30320107843952115,0.1431036172869587,0.03498566070668123,0.06781657451519174,0.5385855823638506,296,True
LEVEL_PLUS_JUMP,pooled,vix,asset_price,a,0.1,14,0.0413373395337544,0.12177351286196149,0.7345161570225778,-0.1589622647638647,0.24163694383137352,295,True
LEVEL_PLUS_JUMP,pooled,vix,asset_price,a,0.1,15,-0.16831502350942174,0.14377874118257064,0.24273360890071757,-0.40481000742209006,0.06817996040324659,294,True
LEVEL_PLUS_JUMP,pooled,vix,asset_price,a,0.1,16,-0.22017119932507967,0.11662030335810916,0.06007266978771688,-0.4119945282798465,-0.02834787037031286,293,True
LEVEL_PLUS_JUMP,pooled,vix,asset_price,a,0.1,17,-0.730486818044028,0.11855599584091339,2.520344875177266e-09,-0.9254940777997981,-0.535479558288258,292,False
LEVEL_PLUS_JUMP,pooled,vix,asset_price,a,0.1,18,-0.30414300556071794,0.12076477379994599,0.012350130541704307,-0.5027833817535332,-0.10550262936790267,291,True
LEVEL_PLUS_JUMP,pooled,vix,asset_price,a,0.1,19,-0.7363672066487652,0.12340208521706791,7.38383049389346e-09,-0.939345574091434,-0.5333888392060964,290,True
LEVEL_PLUS_JUMP,pooled,vix,asset_price,a,0.1,20,-0.6688359003653659,0.12370888869938758,1.3955280900294778e-07,-0.8723189146286896,-0.46535288610204223,289,True
LEVEL_PLUS_JUMP,pooled,vix,asset_price,a,0.1,21,-0.7544632690799062,0.12059755639573379,1.5130631216426874e-09,-0.9528285971189137,-0.5560979410408988,288,True
LEVEL_PLUS_JUMP,pooled,vix,asset_price,a,0.1,22,-0.5826766190489252,0.14798316671903808,0.00010459868602154391,-0.8260872675544993,-0.33926597054335106,287,True
LEVEL_PLUS_JUMP,pooled,vix,asset_price,a,0.1,23,-0.46185437072048785,0.11675956673546793,9.744965411175705e-05,-0.6539067675466047,-0.269801973894371,286,True
LEVEL_PLUS_JUMP,pooled,vix,asset_price,a,0.1,24,-0.20719129085568966,0.14396414718253026,0.15125163840441835,-0.4439912404998501,0.0296086587884708,285,True
LEVEL_PLUS_JUMP,pooled,us10y,asset_price,a,0.1,0,-0.002545251880819749,0.034998082804591005,0.9420738667680023,-0.06011197531829922,0.05502147155665972,309,True
LEVEL_PLUS_JUMP,pooled,us10y,asset_price,a,0.1,1,-0.007371733256000379,0.006983424243745773,0.29201566167229853,-0.018858443951866456,0.004114977439865698,308,True
LEVEL_PLUS_JUMP,pooled,us10y,asset_price,a,0.1,2,0.02611606653506693,0.035396297734703264,0.46121484107053107,-0.03210566217451391,0.08433779524464777,307,True
LEVEL_PLUS_JUMP,pooled,us10y,asset_price,a,0.1,3,0.0020847702434675097,0.011577516059450453,0.8572220456392569,-0.016958549038008485,0.021128089524943505,306,True
LEVEL_PLUS_JUMP,pooled,us10y,asset_price,a,0.1,4,0.0024264235291991954,0.038738232764118544,0.9500990421356714,-0.061292299134551545,0.06614514619294994,305,True
LEVEL_PLUS_JUMP,pooled,us10y,asset_price,a,0.1,5,-0.028166291820156175,0.008049919510880951,0.0005404307776434219,-0.04140723112429613,-0.014925352516016222,304,True
LEVEL_PLUS_JUMP,pooled,us10y,asset_price,a,0.1,6,-0.0005841878565837622,0.038448383779502875,0.9878878275980305,-0.06382615136672122,0.0626577756535537,303,True
LEVEL_PLUS_JUMP,pooled,us10y,asset_price,a,0.1,7,-0.025428605114254932,0.012468249490982304,0.042315805208540454,-0.04593705051123302,-0.004920159717276842,302,False
LEVEL_PLUS_JUMP,pooled,us10y,asset_price,a,0.1,8,0.006129251886097198,0.011147912478060074,0.5828761786627408,-0.01220743238637749,0.024465936158571885,301,True
LEVEL_PLUS_JUMP,pooled,us10y,asset_price,a,0.1,9,-0.00505681139738437,0.04064550163300812,0.9010760164248048,-0.07191271217769976,0.06179908938293102,300,True
LEVEL_PLUS_JUMP,pooled,us10y,asset_price,a,0.1,10,-0.002146049543704273,0.04063209329158011,0.957915026171875,-0.0689798955649904,0.06468779647758185,299,True
LEVEL_PLUS_JUMP,pooled,us10y,asset_price,a,0.1,11,-0.03159459227025099,0.014115509062726196,0.025977144647785246,-0.05481253854834255,-0.008376645992159433,298,True
LEVEL_PLUS_JUMP,pooled,us10y,asset_price,a,0.1,12,0.0026941046026340842,0.010216893013922026,0.7922097932285553,-0.01411118892749072,0.01949939813275889,297,True
LEVEL_PLUS_JUMP,pooled,us10y,asset_price,a,0.1,13,0.028243495355825488,0.039125004044320524,0.4709673758663823,-0.03611140945096615,0.09259840016261713,296,False
LEVEL_PLUS_JUMP,pooled,us10y,asset_price,a,0.1,14,-0.0033182409290120063,0.03763156573814337,0.929798754882005,-0.06521665832125989,0.05858017646323587,295,True
LEVEL_PLUS_JUMP,pooled,us10y,asset_price,a,0.1,15,0.011811651112960675,0.03816401026485028,0.7571736004282167,-0.050962559590191525,0.07458586181611288,294,True
LEVEL_PLUS_JUMP,pooled,us10y,asset_price,a,0.1,16,0.0032415259397389207,0.007485858867430421,0.6653348656146738,-0.009071616169200847,0.015554668048678688,293,True
LEVEL_PLUS_JUMP,pooled,us10y,asset_price,a,0.1,17,0.01815349164343938,0.007733374528233192,0.019605338877075166,0.005433222502100883,0.030873760784777875,292,True
LEVEL_PLUS_JUMP,pooled,us10y,asset_price,a,0.1,18,0.016247838918123272,0.036557280968870426,0.6570651963821494,-0.043883537275007274,0.07637921511125381,291,True
LEVEL_PLUS_JUMP,pooled,us10y,asset_price,a,0.1,19,-0.013241668739990331,0.04085875292470736,0.7461198881183686,-0.0804483366809093,0.053964999200928634,290,True
LEVEL_PLUS_JUMP,pooled,us10y,asset_price,a,0.1,20,-0.044398786329172296,0.014311224946518854,0.0021195688029139507,-0.06793865658857222,-0.02085891606977237,289,True
LEVEL_PLUS_JUMP,pooled,us10y,asset_price,a,0.1,21,-0.03680765542665765,0.009999160510529537,0.0002796669106080056,-0.05325481085887209,-0.020360499994443206,288,True
LEVEL_PLUS_JUMP,pooled,us10y,asset_price,a,0.1,22,0.012890781040491073,0.007368283400653432,0.08132901217599284,0.000771033364519948,0.0250105287164622,287,True
LEVEL_PLUS_JUMP,pooled,us10y,asset_price,a,0.1,23,-0.015744454634308458,0.03852255938962096,0.6830760049313599,-0.07910842616577998,0.04761951689716307,286,True
LEVEL_PLUS_JUMP,pooled,us10y,asset_price,a,0.1,24,0.02870550416561035,0.038504365364741874,0.45660778153526665,-0.034628540858049964,0.09203954918927067,285,True
LEVEL_PLUS_JUMP,pooled,ip,real_macro,a,0.1,0,0.03483312978995906,0.027272364535182936,0.20252476559843507,-0.010025917931279292,0.07969217751119742,309,True
LEVEL_PLUS_JUMP,pooled,ip,real_macro,a,0.1,1,0.018606550463479796,0.07823182924214307,0.8121719288260483,-0.11007335760850749,0.14728645853546707,308,True
LEVEL_PLUS_JUMP,pooled,ip,real_macro,a,0.1,2,-0.035652977057314794,0.02910572104422679,0.22157889277238701,-0.08352762788194902,0.012221673767319433,307,True
LEVEL_PLUS_JUMP,pooled,ip,real_macro,a,0.1,3,0.052927904708972434,0.022949561556310415,0.0217957270755379,0.015179235146129177,0.09067657427181569,306,True
LEVEL_PLUS_JUMP,pooled,ip,real_macro,a,0.1,4,0.03779182226612791,0.029328871770108723,0.1985768457890219,-0.010449878839330067,0.08603352337158587,305,True
LEVEL_PLUS_JUMP,pooled,ip,real_macro,a,0.1,5,0.028881213820695258,0.025823577269267664,0.26431970327930554,-0.013594790911521257,0.07135721855291177,304,True
LEVEL_PLUS_JUMP,pooled,ip,real_macro,a,0.1,6,0.03134816624246431,0.02726870123487767,0.2512581004321263,-0.013504855885980313,0.07620118837090893,303,True
LEVEL_PLUS_JUMP,pooled,ip,real_macro,a,0.1,7,0.05806651380691363,0.08210410521623876,0.479995210816311,-0.07698272144562199,0.19311574905944925,302,True
LEVEL_PLUS_JUMP,pooled,ip,real_macro,a,0.1,8,-0.1316861810073287,0.025679648560336873,5.39432198003926e-07,-0.17392544408063798,-0.08944691793401945,301,True
LEVEL_PLUS_JUMP,pooled,ip,real_macro,a,0.1,9,-0.07847411679078675,0.022327814495174434,0.0005117686495859444,-0.11520010344507407,-0.04174813013649943,300,True
LEVEL_PLUS_JUMP,pooled,ip,real_macro,a,0.1,10,0.024918696103540562,0.013529430887931779,0.06654127045871384,0.002664762636936699,0.047172629570144425,299,True
LEVEL_PLUS_JUMP,pooled,ip,real_macro,a,0.1,11,0.028936838380523716,0.08618645777861596,0.7373096135636761,-0.11282726929073267,0.1707009460517801,298,True
LEVEL_PLUS_JUMP,pooled,ip,real_macro,a,0.1,12,0.014248779103652104,0.08756658573763308,0.8708555281233853,-0.12978543704665071,0.15828299525395492,297,True
LEVEL_PLUS_JUMP,pooled,ip,real_macro,a,0.1,13,0.04317865188940462,0.08681009449239449,0.6193001942924762,-0.0996112468924105,0.18596855067121973,296,True
LEVEL_PLUS_JUMP,pooled,ip,real_macro,a,0.1,14,-0.048509463208981085,0.030451242668524964,0.11227972610035131,-0.0985973001574838,0.0015783737395216324,295,True
LEVEL_PLUS_JUMP,pooled,ip,real_macro,a,0.1,15,-0.038465699290188726,0.02358274885279788,0.10399455016648283,-0.077255869274199,0.0003244706938215422,294,True
LEVEL_PLUS_JUMP,pooled,ip,real_macro,a,0.1,16,0.029018457440969703,0.01762628421683815,0.10082437120939404,2.5799917225982627e-05,0.05801111496471342,293,True
LEVEL_PLUS_JUMP,pooled,ip,real_macro,a,0.1,17,0.012174853463847252,0.09072932303958699,0.8933504244095832,-0.13706160260866918,0.16141130953636368,292,True
LEVEL_PLUS_JUMP,pooled,ip,real_macro,a,0.1,18,-0.004223590666071805,0.08936276105578285,0.962337331017968,-0.151212252303074,0.14276507097093039,291,True
LEVEL_PLUS_JUMP,pooled,ip,real_macro,a,0.1,19,0.02791030301253638,0.017979481656947655,0.12172632545415396,-0.0016633126016014355,0.057483918626674194,290,True
LEVEL_PLUS_JUMP,pooled,ip,real_macro,a,0.1,20,0.03118973591833184,0.09343749234482686,0.7387824460937007,-0.12250126225830703,0.18488073409497072,289,True
LEVEL_PLUS_JUMP,pooled,ip,real_macro,a,0.1,21,-0.1372020719592043,0.026770109118822362,5.620419568203575e-07,-0.18123498303718594,-0.09316916088122267,288,True
LEVEL_PLUS_JUMP,pooled,ip,real_macro,a,0.1,22,0.014332141846208624,0.022678816524495382,0.5279408068945329,-0.022971191769074584,0.05163547546149183,287,True
LEVEL_PLUS_JUMP,pooled,ip,real_macro,a,0.1,23,0.05356254205815958,0.09616582739588897,0.5779983935537087,-0.10461616792275763,0.2117412520390768,286,False
LEVEL_PLUS_JUMP,pooled,ip,real_macro,a,0.1,24,0.025513976208452416,0.09209166279693676,0.7819530774839756,-0.12596332935508098,0.1769912817719858,285,True
LEVEL_PLUS_JUMP,pooled,cpi,real_macro,a,0.1,0,-0.018664770215929133,0.009544683745604889,0.051466168181965484,-0.0343643778929921,-0.002965162538866171,309,True
LEVEL_PLUS_JUMP,pooled,cpi,real_macro,a,0.1,1,0.0017758717426258341,0.036518732452059395,0.9612479267351913,-0.058292097782814495,0.06184384126806616,308,True
LEVEL_PLUS_JUMP,pooled,cpi,real_macro,a,0.1,2,-0.04825388790317481,0.009432166987130104,5.65570746590618e-07,-0.0637684219819677,-0.032739353824381916,307,True
LEVEL_PLUS_JUMP,pooled,cpi,real_macro,a,0.1,3,-0.02010673031703103,0.007948130208617683,0.011940579787186005,-0.033180241118158385,-0.0070332195159036725,306,True
LEVEL_PLUS_JUMP,pooled,cpi,real_macro,a,0.1,4,-0.019521005650763312,0.01311696023678178,0.13777405368016132,-0.04109648527081207,0.002054473969285441,305,True
LEVEL_PLUS_JUMP,pooled,cpi,real_macro,a,0.1,5,0.008967540913652372,0.009618685992747938,0.35195488390482815,-0.006853789628026394,0.024788871455331138,304,True
LEVEL_PLUS_JUMP,pooled,cpi,real_macro,a,0.1,6,0.022605932827578945,0.038897774517298665,0.5615838146558326,-0.04137521266754031,0.0865870783226982,303,True
LEVEL_PLUS_JUMP,pooled,cpi,real_macro,a,0.1,7,0.015596833144365718,0.04077322001539625,0.7023530927789476,-0.05146914568044916,0.0826628119691806,302,True
LEVEL_PLUS_JUMP,pooled,cpi,real_macro,a,0.1,8,0.01661769500199964,0.01205069320702018,0.16897387709416384,-0.0032039314268469746,0.03643932143084625,301,True
LEVEL_PLUS_JUMP,pooled,cpi,real_macro,a,0.1,9,0.013540922822070034,0.010268503161701888,0.18832934974056825,-0.003349261846817976,0.030431107490958044,300,True
LEVEL_PLUS_JUMP,pooled,cpi,real_macro,a,0.1,10,0.012806353005758315,0.04551903401770417,0.778653316640565,-0.06206579519358983,0.08767850120510647,299,True
LEVEL_PLUS_JUMP,pooled,cpi,real_macro,a,0.1,11,0.009187528033954182,0.04276464793187856,0.8300467809735401,-0.06115405822209905,0.07952911429000742,298,True
LEVEL_PLUS_JUMP,pooled,cpi,real_macro,a,0.1,12,0.015104413834093874,0.010242816272462242,0.14142231126958751,-0.001743519661863202,0.03195234733005095,297,True
LEVEL_PLUS_JUMP,pooled,cpi,real_macro,a,0.1,13,0.016053062317156377,0.04021362584955175,0.6900519615402624,-0.0500924660143483,0.08219859064866106,296,True
LEVEL_PLUS_JUMP,pooled,cpi,real_macro,a,0.1,14,0.010432831544760827,0.011526282347875227,0.3661697260893748,-0.00852621578040847,0.029391878869930124,295,True
LEVEL_PLUS_JUMP,pooled,cpi,real_macro,a,0.1,15,0.010132359053770745,0.008789976256223433,0.2500095197251837,-0.004325865272095691,0.024590583379637182,294,True
LEVEL_PLUS_JUMP,pooled,cpi,real_macro,a,0.1,16,-0.0036410008457171683,0.008031955892942807,0.6506747623123089,-0.016852392627738397,0.009570390936304058,293,True
LEVEL_PLUS_JUMP,pooled,cpi,real_macro,a,0.1,17,0.0010921656705091265,0.008028914269920693,0.8918967563451164,-0.012114223086852357,0.01429855442787061,292,True
LEVEL_PLUS_JUMP,pooled,cpi,real_macro,a,0.1,18,-0.010201491307235175,0.04242315286522388,0.8101438696584252,-0.0799813681643154,0.059578385549845056,291,True
LEVEL_PLUS_JUMP,pooled,cpi,real_macro,a,0.1,19,0.0016318082540661381,0.04548047749686055,0.971404527276919,-0.07317692011212974,0.07644053662026203,290,True
LEVEL_PLUS_JUMP,pooled,cpi,real_macro,a,0.1,20,0.006657144407101445,0.04536648352001906,0.883443602438778,-0.0679640805528361,0.08127836936703899,289,True
LEVEL_PLUS_JUMP,pooled,cpi,real_macro,a,0.1,21,0.012561921766117812,0.009446827090404583,0.1847064598227377,-0.0029767260367175898,0.028100569568953213,288,True
LEVEL_PLUS_JUMP,pooled,cpi,real_macro,a,0.1,22,0.030619786776442393,0.006241954365404028,1.6034512977526979e-06,0.020352685499242004,0.04088688805364278,287,True
LEVEL_PLUS_JUMP,pooled,cpi,real_macro,a,0.1,23,0.026082458652529117,0.036388543917459305,0.47412693107597054,-0.03377136978958675,0.08593628709464499,286,True
LEVEL_PLUS_JUMP,pooled,cpi,real_macro,a,0.1,24,-0.0036540597641980532,0.03978409405718097,0.9268872564234558,-0.06909307116913067,0.06178495164073457,285,True
LEVEL_PLUS_JUMP,pooled,infl_exp,real_macro,a,0.1,0,-0.06049874108404854,0.009065746856748137,1.2363557358751164e-10,-0.07541056768239462,-0.04558691448570246,309,True
LEVEL_PLUS_JUMP,pooled,infl_exp,real_macro,a,0.1,1,-0.010866956704594088,0.049846729032098504,0.8275745681366408,-0.09285752974470855,0.07112361633552038,308,True
LEVEL_PLUS_JUMP,pooled,infl_exp,real_macro,a,0.1,2,0.0200553022581067,0.012093689368402978,0.09832142238862084,0.0001629534372646034,0.03994765107894879,307,True
LEVEL_PLUS_JUMP,pooled,infl_exp,real_macro,a,0.1,3,0.02533431920251017,0.013765763040746701,0.0667262270131819,0.0026916539371834303,0.04797698446783691,306,True
LEVEL_PLUS_JUMP,pooled,infl_exp,real_macro,a,0.1,4,-0.007895038006722643,0.016012726099337578,0.6223507193661849,-0.03423362860859856,0.018443552595153272,305,True
LEVEL_PLUS_JUMP,pooled,infl_exp,real_macro,a,0.1,5,0.00323290835718483,0.01781356207482222,0.856113068073991,-0.02606779383051169,0.03253361054488135,304,True
LEVEL_PLUS_JUMP,pooled,infl_exp,real_macro,a,0.1,6,0.021215654950808016,0.06470359244074446,0.7432323194913978,-0.08521228375214036,0.12764359365375638,303,False
LEVEL_PLUS_JUMP,pooled,infl_exp,real_macro,a,0.1,7,0.018894406787730356,0.06343799279689934,0.7660396047237549,-0.08545180575077088,0.12324061932623159,302,True
LEVEL_PLUS_JUMP,pooled,infl_exp,real_macro,a,0.1,8,-0.013529421893250848,0.018389793927785524,0.4625124386616458,-0.04377794113425902,0.01671909734775733,301,True
LEVEL_PLUS_JUMP,pooled,infl_exp,real_macro,a,0.1,9,-0.040871144542789326,0.017520288166329657,0.020352776107643997,-0.06968945407841162,-0.012052835007167032,300,True
LEVEL_PLUS_JUMP,pooled,infl_exp,real_macro,a,0.1,10,0.014290740290157089,0.05921899526957378,0.8094804759812356,-0.08311583886342343,0.1116973194437376,299,True
LEVEL_PLUS_JUMP,pooled,infl_exp,real_macro,a,0.1,11,-0.005508507947245889,0.016620213689759376,0.7405609360334067,-0.03284632671555511,0.021829310821063333,298,True
LEVEL_PLUS_JUMP,pooled,infl_exp,real_macro,a,0.1,12,-0.043596193646658676,0.012033608131031156,0.00034525975454996943,-0.063389717626298,-0.02380266966701935,297,True
LEVEL_PLUS_JUMP,pooled,infl_exp,real_macro,a,0.1,13,0.010628770901822735,0.05654984488816225,0.8510478655275973,-0.0823874465660141,0.10364498836965957,296,True
LEVEL_PLUS_JUMP,pooled,infl_exp,real_macro,a,0.1,14,-0.06946941852345212,0.014508553135320018,2.726055115558511e-06,-0.09333386476990141,-0.04560497227700283,295,True
LEVEL_PLUS_JUMP,pooled,infl_exp,real_macro,a,0.1,15,-0.1033989895328773,0.010889670818825166,1.0185245510722351e-18,-0.12131090407552947,-0.08548707499022512,294,True
LEVEL_PLUS_JUMP,pooled,infl_exp,real_macro,a,0.1,16,0.019141701136660416,0.045091959989314145,0.6715257088796313,-0.055027972798113625,0.09331137507143446,293,True
LEVEL_PLUS_JUMP,pooled,infl_exp,real_macro,a,0.1,17,0.02849065624061664,0.017365183513603544,0.10199538847774756,-7.25288444120599e-05,0.05705384132564534,292,True
LEVEL_PLUS_JUMP,pooled,infl_exp,real_macro,a,0.1,18,-0.017675248257736254,0.05275438763441687,0.7378425159661105,-0.10444849409581074,0.06909799758033823,291,True
LEVEL_PLUS_JUMP,pooled,infl_exp,real_macro,a,0.1,19,0.0023363323939364494,0.05320120104787626,0.9650038882705373,-0.08517185610783728,0.08984452089571018,290,True
LEVEL_PLUS_JUMP,pooled,infl_exp,real_macro,a,0.1,20,-0.11660816479176139,0.017119039187890706,6.069013723205091e-11,-0.1447664784898878,-0.08844985109363498,289,True
LEVEL_PLUS_JUMP,pooled,infl_exp,real_macro,a,0.1,21,-0.0588148578618955,0.01266284907554931,5.292927408939838e-06,-0.07964339109135188,-0.03798632463243912,288,True
LEVEL_PLUS_JUMP,pooled,infl_exp,real_macro,a,0.1,22,0.04109215362417018,0.010477863903009185,0.00011124016394788919,0.023857601180601613,0.05832670606773875,287,True
LEVEL_PLUS_JUMP,pooled,infl_exp,real_macro,a,0.1,23,0.020840688598869894,0.013559830702431448,0.12546965674267269,-0.0014632481128724027,0.043144625310612195,286,True
LEVEL_PLUS_JUMP,pooled,infl_exp,real_macro,a,0.1,24,0.007651568203837444,0.050167572091509856,0.8788901513885303,-0.074866744706232,0.09016988111390689,285,True
LEVEL_PLUS_JUMP,pooled,freight,physical_channel,a,0.1,0,-0.0021858845832361043,0.0010630812705882532,0.04064490978349672,-0.003934497666907372,-0.0004372714995648367,309,True
LEVEL_PLUS_JUMP,pooled,freight,physical_channel,a,0.1,1,-0.0005733649745563729,0.0034634851772137104,0.8686282825799024,-0.006270291130189007,0.005123561181076261,308,True
LEVEL_PLUS_JUMP,pooled,freight,physical_channel,a,0.1,2,0.00040632319100455255,0.003948346539086065,0.918105029860443,-0.0060881289342724545,0.00690077531628156,307,False
LEVEL_PLUS_JUMP,pooled,freight,physical_channel,a,0.1,3,0.0012923788966903932,0.0041340860295073275,0.7547960290282283,-0.005507587503074145,0.00809234529645493,306,True
LEVEL_PLUS_JUMP,pooled,freight,physical_channel,a,0.1,4,0.0007118116323071577,0.0008065803363101005,0.37823188639753286,-0.0006148949593002494,0.002038518223914565,305,True
LEVEL_PLUS_JUMP,pooled,freight,physical_channel,a,0.1,5,0.0008352377562806795,0.004425389272645377,0.8504304208889673,-0.006443879839502206,0.008114355352063566,304,True
LEVEL_PLUS_JUMP,pooled,freight,physical_channel,a,0.1,6,0.0014175729099415724,0.004428474316406988,0.7491207010382502,-0.005866619131261903,0.008701764951145049,303,True
LEVEL_PLUS_JUMP,pooled,freight,physical_channel,a,0.1,7,0.001390034099791937,0.0014698474705712608,0.34509459246443847,-0.0010276498432426487,0.0038077180428265226,302,True
LEVEL_PLUS_JUMP,pooled,freight,physical_channel,a,0.1,8,0.002987043577203252,0.0014263663549611374,0.03712249597054448,0.0006408797048838744,0.0053332074495226305,301,False
LEVEL_PLUS_JUMP,pooled,freight,physical_channel,a,0.1,9,-0.004619365542026799,0.001303614723661225,0.00046098548521056906,-0.006763620948388305,-0.002475110135665292,300,True
LEVEL_PLUS_JUMP,pooled,freight,physical_channel,a,0.1,10,-0.0038610235849216856,0.0010075955669068756,0.00015645768940733426,-0.005518370807648685,-0.0022036763621946865,299,True
LEVEL_PLUS_JUMP,pooled,freight,physical_channel,a,0.1,11,-0.009219710527044067,0.0011425795239147626,2.010707553109127e-14,-0.01109908660103575,-0.007340334453052383,298,True
LEVEL_PLUS_JUMP,pooled,freight,physical_channel,a,0.1,12,-0.0058217498354693475,0.0009424948891849123,2.2661385198613048e-09,-0.007372015972328377,-0.004271483698610318,297,True
LEVEL_PLUS_JUMP,pooled,freight,physical_channel,a,0.1,13,0.0017523995516785101,0.000974231412541678,0.07312730968411424,0.00014993147926927516,0.003354867624087745,296,True
LEVEL_PLUS_JUMP,pooled,freight,physical_channel,a,0.1,14,-0.006485322525568632,0.0011828933355217436,9.336261243384087e-08,-0.008431008918798296,-0.004539636132338968,295,True
LEVEL_PLUS_JUMP,pooled,freight,physical_channel,a,0.1,15,-0.006163805353410184,0.0011332709303729172,1.1689855098497539e-07,-0.008027870153552746,-0.0042997405532676225,294,True
LEVEL_PLUS_JUMP,pooled,freight,physical_channel,a,0.1,16,-0.0004544918039351205,0.003406067990016545,0.8939448363343847,-0.006056975090957145,0.005147991483086904,293,True
LEVEL_PLUS_JUMP,pooled,freight,physical_channel,a,0.1,17,-0.0010105077789818312,0.0012475346511474613,0.4186308026169191,-0.0030625196746693725,0.0010415041167057102,292,True
LEVEL_PLUS_JUMP,pooled,freight,physical_channel,a,0.1,18,-0.004409775879753195,0.0013197478203538806,0.0009482431955562238,-0.0065805678687235756,-0.0022389838907828146,291,True
LEVEL_PLUS_JUMP,pooled,freight,physical_channel,a,0.1,19,-0.0017957097609274109,0.001329238422526474,0.17782388850079692,-0.0039821124013033355,0.00039069287944851335,290,True
LEVEL_PLUS_JUMP,pooled,freight,physical_channel,a,0.1,20,-0.0020302827504601606,0.000899873600202108,0.024844525889811786,-0.003510443105550477,-0.0005501223953698442,289,True
LEVEL_PLUS_JUMP,pooled,freight,physical_channel,a,0.1,21,0.00303806448576676,0.003304292686200093,0.3586796166541131,-0.002397013323638686,0.008473142295172206,288,True
LEVEL_PLUS_JUMP,pooled,freight,physical_channel,a,0.1,22,0.0007375828485269562,0.0012976435657222165,0.5702294550169095,-0.0013968508770414727,0.002872016574095385,287,True
LEVEL_PLUS_JUMP,pooled,freight,physical_channel,a,0.1,23,-0.0035081272901428956,0.0011737818104846428,0.0030573524127621597,-0.005438826558368226,-0.0015774280219175653,286,True
LEVEL_PLUS_JUMP,pooled,freight,physical_channel,a,0.1,24,0.0011700173225464017,0.001054534333849599,0.2681934294995235,-0.0005645373012309659,0.0029045719463237692,285,True
LEVEL_PLUS_JUMP,pooled,oil,asset_price,a,0.25,0,-0.0021288381646100696,0.003389558265162014,0.5304520441951004,-0.007704165370825148,0.003446489041605009,309,True
LEVEL_PLUS_JUMP,pooled,oil,asset_price,a,0.25,1,-0.0003090657794737883,0.0033577135311089927,0.9267237815439063,-0.00583201305938245,0.005213881500434873,308,True
LEVEL_PLUS_JUMP,pooled,oil,asset_price,a,0.25,2,0.002541113948647568,0.007854474684378257,0.7465289490182285,-0.010378347223750528,0.015460575121045664,307,True
LEVEL_PLUS_JUMP,pooled,oil,asset_price,a,0.25,3,0.0001953156186383781,0.008346843347704077,0.9813472367615146,-0.01353401993542844,0.013924651172705197,306,True
LEVEL_PLUS_JUMP,pooled,oil,asset_price,a,0.25,4,-0.004158961329127547,0.004072668026936848,0.3080133904849663,-0.010857904104603917,0.0025399814463488235,305,True
LEVEL_PLUS_JUMP,pooled,oil,asset_price,a,0.25,5,-0.009259699147004176,0.00415319730046325,0.026544028131657446,-0.016091100790116216,-0.0024282975038921366,304,True
LEVEL_PLUS_JUMP,pooled,oil,asset_price,a,0.25,6,0.005916744617322468,0.003802031214295022,0.12075344645649315,-0.00033704021529340836,0.012170529449938345,303,True
LEVEL_PLUS_JUMP,pooled,oil,asset_price,a,0.25,7,-0.0017861573787920498,0.004308892961358583,0.6787959500828156,-0.008873655594428384,0.005301340836844285,302,True
LEVEL_PLUS_JUMP,pooled,oil,asset_price,a,0.25,8,-0.001975884452876775,0.004208876607407506,0.6390998322616884,-0.008898870405962218,0.0049471015002086685,301,True
LEVEL_PLUS_JUMP,pooled,oil,asset_price,a,0.25,9,0.0035577579069128243,0.0035334802989951462,0.3148479927875395,-0.002254299978650914,0.009369815792476564,300,True
LEVEL_PLUS_JUMP,pooled,oil,asset_price,a,0.25,10,0.005300296236467626,0.008357429179442323,0.5264578699284603,-0.008446451461328145,0.019047043934263395,299,True
LEVEL_PLUS_JUMP,pooled,oil,asset_price,a,0.25,11,0.005068590126041203,0.003904589821600053,0.19530248660072363,-0.0013538886037754464,0.011491068855857853,298,True
LEVEL_PLUS_JUMP,pooled,oil,asset_price,a,0.25,12,-0.0023623638387932112,0.008147695073862328,0.7720724809342135,-0.015764129632330304,0.011039401954743882,297,True
LEVEL_PLUS_JUMP,pooled,oil,asset_price,a,0.25,13,0.0030494475266259063,0.0035809754191268527,0.3951759295559043,-0.0028407328795489652,0.008939627932800778,296,True
LEVEL_PLUS_JUMP,pooled,oil,asset_price,a,0.25,14,0.003609976881374516,0.0038034896518167488,0.3433739649273459,-0.0026462068674886555,0.009866160630237687,295,True
LEVEL_PLUS_JUMP,pooled,oil,asset_price,a,0.25,15,0.003808857313717162,0.003212964401950345,0.23683867656680407,-0.0014759988360968307,0.009093713463531154,294,True
LEVEL_PLUS_JUMP,pooled,oil,asset_price,a,0.25,16,0.0022450403717637346,0.003280658006133507,0.49433721086972243,-0.0031511618484123495,0.007641242591939819,293,True
LEVEL_PLUS_JUMP,pooled,oil,asset_price,a,0.25,17,-0.0067708075275129745,0.00751916781539514,0.36864797883681294,-0.019138737980322448,0.005597122925296499,292,True
LEVEL_PLUS_JUMP,pooled,oil,asset_price,a,0.25,18,-0.005890891072177069,0.007926699393685684,0.4580081434165143,-0.018929151319635,0.007147369175280863,291,True
LEVEL_PLUS_JUMP,pooled,oil,asset_price,a,0.25,19,-0.0015211716967412359,0.004073807234175682,0.7091351948613145,-0.008221988301376252,0.00517964490789378,290,True
LEVEL_PLUS_JUMP,pooled,oil,asset_price,a,0.25,20,6.654108050685448e-05,0.004024500902382871,0.9868203702537346,-0.006553173825447084,0.006686255986460793,289,True
LEVEL_PLUS_JUMP,pooled,oil,asset_price,a,0.25,21,0.0032257390227432015,0.008146388590963996,0.6924340942085663,-0.01017387779766002,0.016625355843146422,288,True
LEVEL_PLUS_JUMP,pooled,oil,asset_price,a,0.25,22,0.005363163013677348,0.007917017294064296,0.4987118028464994,-0.007659171597101838,0.018385497624456536,287,True
LEVEL_PLUS_JUMP,pooled,oil,asset_price,a,0.25,23,-0.00230521161401441,0.007946449659472884,0.7719659102642233,-0.015375958157785674,0.010765534929756853,286,True
LEVEL_PLUS_JUMP,pooled,oil,asset_price,a,0.25,24,0.003549205157075845,0.008224052245853635,0.6664014296866674,-0.009978157007754907,0.0170765673219066,285,True
LEVEL_PLUS_JUMP,pooled,dxy,asset_price,a,0.25,0,0.0010096543195300916,0.0013430160762365998,0.45278197726624286,-0.0011994105445218145,0.003218719183581998,309,True
LEVEL_PLUS_JUMP,pooled,dxy,asset_price,a,0.25,1,0.00037782624791741527,0.000626489545686062,0.5469173012370178,-0.0006526573535514839,0.0014083098493863145,308,True
LEVEL_PLUS_JUMP,pooled,dxy,asset_price,a,0.25,2,0.00033115448929476547,0.0005969883930796162,0.5795172967645585,-0.0006508040343101724,0.0013131130128997033,307,True
LEVEL_PLUS_JUMP,pooled,dxy,asset_price,a,0.25,3,0.0014599011602930787,0.0005427797693979773,0.007563634702365547,0.0005671078879629321,0.0023526944326232252,306,True
LEVEL_PLUS_JUMP,pooled,dxy,asset_price,a,0.25,4,0.0005446564893685632,0.0012720025963869756,0.6688308534930163,-0.0015476015947902431,0.0026369145735273694,305,True
LEVEL_PLUS_JUMP,pooled,dxy,asset_price,a,0.25,5,-7.944143937696209e-05,0.0012401894253172103,0.9489698537016799,-0.0021193715137168374,0.0019604886349629137,304,True
LEVEL_PLUS_JUMP,pooled,dxy,asset_price,a,0.25,6,-0.0007257722087670021,0.0012659989349687103,0.5669007477777108,-0.0028081551486669864,0.001356610731132982,303,True
LEVEL_PLUS_JUMP,pooled,dxy,asset_price,a,0.25,7,-0.0016620111573533557,0.0005609215064125685,0.0033008092690312045,-0.0025846449316111525,-0.000739377383095559,302,True
LEVEL_PLUS_JUMP,pooled,dxy,asset_price,a,0.25,8,-0.0009390828156852582,0.0005703595694137734,0.10076051829015455,-0.0018772408221019833,-9.24809268533066e-07,301,True
LEVEL_PLUS_JUMP,pooled,dxy,asset_price,a,0.25,9,-0.001363427509046805,0.0005817945843675584,0.0197894164628104,-0.002320394441284508,-0.0004064605768091023,300,True
LEVEL_PLUS_JUMP,pooled,dxy,asset_price,a,0.25,10,0.0002447549628124164,0.0014261520063608218,0.8638587604627955,-0.0021010563374343,0.002590566263059133,299,True
LEVEL_PLUS_JUMP,pooled,dxy,asset_price,a,0.25,11,0.0007557749275332712,0.0005917823557711242,0.2026042997454415,-0.0002176204267227489,0.0017291702817892913,298,True
LEVEL_PLUS_JUMP,pooled,dxy,asset_price,a,0.25,12,0.00019899653042981195,0.0012772123265176447,0.8762975203587582,-0.001901830797229864,0.002299823858089488,297,True
LEVEL_PLUS_JUMP,pooled,dxy,asset_price,a,0.25,13,0.0004601324818746932,0.0005218261366980255,0.37865023855716773,-0.0003981951317111287,0.001318460095460515,296,True
LEVEL_PLUS_JUMP,pooled,dxy,asset_price,a,0.25,14,-0.0009262078070241889,0.0013422650118705888,0.4907426224212306,-0.0031340372801295876,0.0012816216660812099,295,True
LEVEL_PLUS_JUMP,pooled,dxy,asset_price,a,0.25,15,-0.0002838503052949061,0.0013295203784861075,0.8310937085275376,-0.0024707167219536743,0.0019030161113638621,294,True
LEVEL_PLUS_JUMP,pooled,dxy,asset_price,a,0.25,16,0.00019092577370537038,0.0013085105222266815,0.8840971955125314,-0.0019613825046833518,0.0023432340520940925,293,True
LEVEL_PLUS_JUMP,pooled,dxy,asset_price,a,0.25,17,0.00023004713507951413,0.0005427704612877425,0.6720111962178608,-0.0006627308267717528,0.0011228250969307811,292,True
LEVEL_PLUS_JUMP,pooled,dxy,asset_price,a,0.25,18,-0.00036131576802346955,0.0006094832336662918,0.5537831775745042,-0.0013638264754855813,0.0006411949394386422,291,True
LEVEL_PLUS_JUMP,pooled,dxy,asset_price,a,0.25,19,-0.0020501864015385245,0.0006752988986574552,0.0026266889696408727,-0.003160954244271574,-0.0009394185588054748,290,True
LEVEL_PLUS_JUMP,pooled,dxy,asset_price,a,0.25,20,-0.0017965558569354844,0.000689744104022802,0.009696482481555845,-0.002931083948105784,-0.0006620277657651849,289,True
LEVEL_PLUS_JUMP,pooled,dxy,asset_price,a,0.25,21,0.001777518992231063,0.0005869750926553547,0.0026940442366792466,0.0008120308821467263,0.0027430071023153996,288,True
LEVEL_PLUS_JUMP,pooled,dxy,asset_price,a,0.25,22,0.00052409577999917,0.0013680511902879645,0.7019462592466982,-0.0017261481822012674,0.002774339742199607,287,True
LEVEL_PLUS_JUMP,pooled,dxy,asset_price,a,0.25,23,-0.0015332729060413726,0.0014205173143871893,0.2813761500392968,-0.0038698159627585057,0.0008032701506757605,286,True
LEVEL_PLUS_JUMP,pooled,dxy,asset_price,a,0.25,24,-0.00019931522110966545,0.0013067720646468147,0.8788864840414663,-0.0023487639912428424,0.0019501335490235113,285,True
LEVEL_PLUS_JUMP,pooled,vix,asset_price,a,0.25,0,-0.4067570358283774,0.09281548912005534,1.633479867635512e-05,-0.5594249297447753,-0.2540891419119795,309,True
LEVEL_PLUS_JUMP,pooled,vix,asset_price,a,0.25,1,0.1429208890695577,0.09573901972349862,0.13655727772390466,-0.01455578476341754,0.30039756290253294,308,True
LEVEL_PLUS_JUMP,pooled,vix,asset_price,a,0.25,2,0.08751200327279207,0.09978275751170669,0.3811914071760601,-0.07661602732755793,0.25164003387314204,307,True
LEVEL_PLUS_JUMP,pooled,vix,asset_price,a,0.25,3,0.08144878995926774,0.10624925357602341,0.44394924297129906,-0.09331568014614106,0.25621326006467654,306,True
LEVEL_PLUS_JUMP,pooled,vix,asset_price,a,0.25,4,0.17211685811995636,0.10770981288304704,0.11113528415957934,-0.005050018258987959,0.3492837344989007,305,True
LEVEL_PLUS_JUMP,pooled,vix,asset_price,a,0.25,5,0.005610143819133828,0.10939313041482968,0.9591343302069303,-0.17432554350727417,0.18554583114554182,304,True
LEVEL_PLUS_JUMP,pooled,vix,asset_price,a,0.25,6,0.19996115480694243,0.11098402707618182,0.0726329614739162,0.017408675337004353,0.3825136342768805,303,True
LEVEL_PLUS_JUMP,pooled,vix,asset_price,a,0.25,7,0.10515385843154945,0.12456936266060707,0.3992923559168756,-0.09974450954778338,0.31005222641088226,302,True
LEVEL_PLUS_JUMP,pooled,vix,asset_price,a,0.25,8,0.35209961822087843,0.129913536382141,0.007127752044208615,0.13841086671262176,0.565788369729135,301,True
LEVEL_PLUS_JUMP,pooled,vix,asset_price,a,0.25,9,0.3813159822311718,0.15587195216566682,0.01503379097033804,0.12492943637146836,0.6377025280908752,300,True
LEVEL_PLUS_JUMP,pooled,vix,asset_price,a,0.25,10,0.6869030490172747,0.1546508392060873,1.278692359269726e-05,0.4325250552380531,0.9412810427964964,299,True
LEVEL_PLUS_JUMP,pooled,vix,asset_price,a,0.25,11,0.5893169836824086,0.17778953885189047,0.0010365825127261166,0.2968792158678469,0.8817547514969704,298,True
LEVEL_PLUS_JUMP,pooled,vix,asset_price,a,0.25,12,0.10406355391260291,0.16180288918697894,0.5206474447748806,-0.1620785152178265,0.37020562304303234,297,True
LEVEL_PLUS_JUMP,pooled,vix,asset_price,a,0.25,13,0.27651179715661556,0.16746445198133866,0.0998175904208828,0.0010572859296700265,0.5519663083835611,296,True
LEVEL_PLUS_JUMP,pooled,vix,asset_price,a,0.25,14,0.21230060556445096,0.18164504668168854,0.24348836136961405,-0.08647890828769395,0.5110801194165959,295,True
LEVEL_PLUS_JUMP,pooled,vix,asset_price,a,0.25,15,-0.07214727976980839,0.16942818343001345,0.6705602510463902,-0.35083184179246535,0.20653728225284856,294,True
LEVEL_PLUS_JUMP,pooled,vix,asset_price,a,0.25,16,-0.348282462977739,0.17113252339962892,0.0427796085050852,-0.6297704147809764,-0.06679451117450169,293,True
LEVEL_PLUS_JUMP,pooled,vix,asset_price,a,0.25,17,-0.6441970954712986,0.1698542411267416,0.00018287864108041782,-0.9235824600417094,-0.3648117309008877,292,True
LEVEL_PLUS_JUMP,pooled,vix,asset_price,a,0.25,18,0.22812020725518778,0.15267761142295078,0.1362798726188397,-0.02301211564814032,0.4792525301585159,291,True
LEVEL_PLUS_JUMP,pooled,vix,asset_price,a,0.25,19,-0.16063478238281448,0.182021709512335,0.37827259297667165,-0.460033851458086,0.13876428669245705,290,True
LEVEL_PLUS_JUMP,pooled,vix,asset_price,a,0.25,20,-0.2486623910765573,0.16135734388577172,0.12445048514371417,-0.5140716034023249,0.016746821249210286,289,True
LEVEL_PLUS_JUMP,pooled,vix,asset_price,a,0.25,21,-0.6965636214932172,0.16468340759534583,3.193180756210791e-05,-0.9674437217751494,-0.42568352121128494,288,True
LEVEL_PLUS_JUMP,pooled,vix,asset_price,a,0.25,22,-0.17830917198778096,0.14971533763474287,0.2346927694020119,-0.424568988106552,0.06795064413099011,287,True
LEVEL_PLUS_JUMP,pooled,vix,asset_price,a,0.25,23,-0.711856909401348,0.1559736979945781,7.607745825927346e-06,-0.9684108122567634,-0.4553030065459327,286,True
LEVEL_PLUS_JUMP,pooled,vix,asset_price,a,0.25,24,-0.40866903304347346,0.1729749036107068,0.018854466423249124,-0.6931874306191259,-0.12415063546782107,285,True
LEVEL_PLUS_JUMP,pooled,us10y,asset_price,a,0.25,0,-0.008916050427758282,0.020397382349235802,0.6623460262601245,-0.04246675876521473,0.02463465790969817,309,True
LEVEL_PLUS_JUMP,pooled,us10y,asset_price,a,0.25,1,-0.005508812932971119,0.009932421179015051,0.5795698395312896,-0.021846191933683645,0.010828566067741408,308,True
LEVEL_PLUS_JUMP,pooled,us10y,asset_price,a,0.25,2,0.019685061909213597,0.020720423366961307,0.34287904083856746,-0.014397001617902742,0.053767125436329936,307,True
LEVEL_PLUS_JUMP,pooled,us10y,asset_price,a,0.25,3,-0.0013853988424544217,0.009874441044614933,0.8885185131352611,-0.017627409008807778,0.014856611323898934,306,True
LEVEL_PLUS_JUMP,pooled,us10y,asset_price,a,0.25,4,-0.003813565473058389,0.02023682226883715,0.8506577233720298,-0.03710017597992749,0.029473045033810714,305,True
LEVEL_PLUS_JUMP,pooled,us10y,asset_price,a,0.25,5,0.030213248918769947,0.00836787675405634,0.00035980079877070926,0.016449316489977467,0.04397718134756243,304,True
LEVEL_PLUS_JUMP,pooled,us10y,asset_price,a,0.25,6,-0.00849791005324843,0.020239740047380172,0.6748977881999948,-0.041789319878736665,0.024793499772239803,303,True
LEVEL_PLUS_JUMP,pooled,us10y,asset_price,a,0.25,7,0.004173846012952898,0.009180764581409477,0.6497183178595644,-0.010927167906966096,0.01927485993287189,302,True
LEVEL_PLUS_JUMP,pooled,us10y,asset_price,a,0.25,8,-0.003069060441164534,0.020538271542263686,0.8813182734531467,-0.036851510878771164,0.030713389996442096,301,True
LEVEL_PLUS_JUMP,pooled,us10y,asset_price,a,0.25,9,-0.015423529863078822,0.019873057077560687,0.4383297762333502,-0.04811179987571814,0.017264740149560497,300,True
LEVEL_PLUS_JUMP,pooled,us10y,asset_price,a,0.25,10,-0.00948424325257704,0.020644721809617367,0.6462951436193101,-0.04344178879853033,0.02447330229337625,299,True
LEVEL_PLUS_JUMP,pooled,us10y,asset_price,a,0.25,11,-0.008789357291837014,0.00954569810330007,0.3579539066657954,-0.024490633438833922,0.006911918855159894,298,True
LEVEL_PLUS_JUMP,pooled,us10y,asset_price,a,0.25,12,-0.0010707940978843672,0.00852352315366236,0.9001155101197759,-0.015090742071590751,0.012949153875822017,297,True
LEVEL_PLUS_JUMP,pooled,us10y,asset_price,a,0.25,13,0.021111405326943236,0.019854467079563946,0.2885521614059033,-0.011546286860066125,0.0537690975139526,296,True
LEVEL_PLUS_JUMP,pooled,us10y,asset_price,a,0.25,14,-0.010111157935571491,0.01998049510445654,0.6132173220004786,-0.04297614777642297,0.022753831905279985,295,True
LEVEL_PLUS_JUMP,pooled,us10y,asset_price,a,0.25,15,0.007564057513451128,0.019714668096597283,0.7015093008182931,-0.02486368580938139,0.03999180083628365,294,True
LEVEL_PLUS_JUMP,pooled,us10y,asset_price,a,0.25,16,-0.002807576253996885,0.008084425143198841,0.7286412089893941,-0.01610527227260517,0.010490119764611403,293,True
LEVEL_PLUS_JUMP,pooled,us10y,asset_price,a,0.25,17,0.014187302401381705,0.020925842954165375,0.49834828955753696,-0.02023264627879412,0.04860725108155753,292,True
LEVEL_PLUS_JUMP,pooled,us10y,asset_price,a,0.25,18,0.0073169072163909304,0.020665595234140806,0.7235615890818263,-0.026674972057596634,0.041308786490378495,291,True
LEVEL_PLUS_JUMP,pooled,us10y,asset_price,a,0.25,19,-0.02293651234289759,0.02102912860120504,0.27635531809532093,-0.057526350794218646,0.011653326108423463,290,True
LEVEL_PLUS_JUMP,pooled,us10y,asset_price,a,0.25,20,-0.016591688702433882,0.011160273257295513,0.13824651122197143,-0.034948704647465925,0.0017653272425981643,289,True
LEVEL_PLUS_JUMP,pooled,us10y,asset_price,a,0.25,21,0.01981480572089578,0.01071807521253465,0.06557432084456864,0.002185140833619488,0.03744447060817207,288,True
LEVEL_PLUS_JUMP,pooled,us10y,asset_price,a,0.25,22,0.0068228263057877325,0.02076918845860868,0.7427800972548589,-0.02733944865919341,0.040985101270768876,287,True
LEVEL_PLUS_JUMP,pooled,us10y,asset_price,a,0.25,23,-0.02344528196192333,0.020944617728024986,0.2639595548300552,-0.05789611239697733,0.01100554847313067,286,True
LEVEL_PLUS_JUMP,pooled,us10y,asset_price,a,0.25,24,0.01822014926459639,0.020984134763714343,0.38600816252705716,-0.016295680909937618,0.0527359794391304,285,True
LEVEL_PLUS_JUMP,pooled,ip,real_macro,a,0.25,0,0.016143719037648538,0.03371446442059378,0.6324096065562294,-0.03931164004529151,0.07159907812058858,309,False
LEVEL_PLUS_JUMP,pooled,ip,real_macro,a,0.25,1,-0.0030988597342064828,0.03649263666701069,0.9323848565106106,-0.06312390551296129,0.056926186044548334,308,True
LEVEL_PLUS_JUMP,pooled,ip,real_macro,a,0.25,2,-0.006100141269996362,0.017737580559057057,0.7311602213254423,-0.035275864985905285,0.02307558244591256,307,True
LEVEL_PLUS_JUMP,pooled,ip,real_macro,a,0.25,3,0.05569806936505395,0.01814219750137069,0.0023412833261962705,0.02585681000405443,0.08553932872605347,306,True
LEVEL_PLUS_JUMP,pooled,ip,real_macro,a,0.25,4,0.01874819212328757,0.04740275085540847,0.692757418799515,-0.05922239454870805,0.09671877879528319,305,True
LEVEL_PLUS_JUMP,pooled,ip,real_macro,a,0.25,5,0.045048144419651104,0.02239243568599947,0.04517027137096595,0.0082158653652573,0.08188042347404491,304,True
LEVEL_PLUS_JUMP,pooled,ip,real_macro,a,0.25,6,0.04258593975414382,0.0215671925601859,0.04926868984793207,0.007111064848361236,0.0780608146599264,303,True
LEVEL_PLUS_JUMP,pooled,ip,real_macro,a,0.25,7,0.03768553819846332,0.047420057215886956,0.4274323914865429,-0.040313514903334666,0.1156845913002613,302,False
LEVEL_PLUS_JUMP,pooled,ip,real_macro,a,0.25,8,-0.0765779025079496,0.02320107698397056,0.0010866045213500225,-0.11474027813421389,-0.03841552688168531,301,True
LEVEL_PLUS_JUMP,pooled,ip,real_macro,a,0.25,9,0.010451238348547526,0.02017512437411274,0.6048406427516764,-0.022733888152408864,0.043636364849503916,300,True
LEVEL_PLUS_JUMP,pooled,ip,real_macro,a,0.25,10,0.0026464160071434997,0.04381149412293227,0.9518757262335842,-0.06941707900312474,0.07470991101741176,299,True
LEVEL_PLUS_JUMP,pooled,ip,real_macro,a,0.25,11,0.011122414727976069,0.04413230822835357,0.80120455659162,-0.0614687725271716,0.08371360198312373,298,True
LEVEL_PLUS_JUMP,pooled,ip,real_macro,a,0.25,12,-0.006453927386231401,0.01610035443143606,0.6888284484007927,-0.032936653767983215,0.02002879899552041,297,True
LEVEL_PLUS_JUMP,pooled,ip,real_macro,a,0.25,13,0.03376433272835469,0.044416894719261545,0.4477888201236583,-0.03929495764854435,0.10682362310525373,296,True
LEVEL_PLUS_JUMP,pooled,ip,real_macro,a,0.25,14,-0.0671749334802817,0.02040033694441716,0.0011187440456200657,-0.10073050169433838,-0.03361936526622501,295,True
LEVEL_PLUS_JUMP,pooled,ip,real_macro,a,0.25,15,0.04387850231684364,0.02056166164437976,0.033711940829834204,0.010057578584936624,0.07769942604875066,294,True
LEVEL_PLUS_JUMP,pooled,ip,real_macro,a,0.25,16,0.012882209086005611,0.04710205912428495,0.7846745731544245,-0.06459378370145717,0.0903582018734684,293,True
LEVEL_PLUS_JUMP,pooled,ip,real_macro,a,0.25,17,-0.002752151317977014,0.0444197602975088,0.9506409467061019,-0.07581615515164937,0.07031185251569534,292,True
LEVEL_PLUS_JUMP,pooled,ip,real_macro,a,0.25,18,-0.03272290023820168,0.021756988646171763,0.133716050525641,-0.06850996192439932,0.0030641614479959486,291,True
LEVEL_PLUS_JUMP,pooled,ip,real_macro,a,0.25,19,0.01323560808561072,0.021251040683866244,0.5339159983035382,-0.02171924325973997,0.04819045943096141,290,True
LEVEL_PLUS_JUMP,pooled,ip,real_macro,a,0.25,20,0.017475032845139495,0.0232045761801635,0.4520426724435123,-0.020693098446674177,0.055643164136953166,289,True
LEVEL_PLUS_JUMP,pooled,ip,real_macro,a,0.25,21,0.01867988566678062,0.0233381778864293,0.4241723104527544,-0.019708000876151256,0.0570677722097125,288,True
LEVEL_PLUS_JUMP,pooled,ip,real_macro,a,0.25,22,0.001273975718388519,0.019754105041780788,0.9486259173725611,-0.031218635606764973,0.03376658704354201,287,True
LEVEL_PLUS_JUMP,pooled,ip,real_macro,a,0.25,23,0.04013863487228769,0.04758433621925416,0.39967541440828735,-0.03813063314403081,0.1184079028886062,286,True
LEVEL_PLUS_JUMP,pooled,ip,real_macro,a,0.25,24,0.015312168460704156,0.02239769260326223,0.4947807140331738,-0.02152875745311588,0.05215309437452419,285,True
LEVEL_PLUS_JUMP,pooled,cpi,real_macro,a,0.25,0,-0.03146711579541339,0.0071314296257822835,1.4346841625686237e-05,-0.043197273680730564,-0.019736957910096223,309,True
LEVEL_PLUS_JUMP,pooled,cpi,real_macro,a,0.25,1,-0.0038250884461415863,0.00784944647700021,0.6264040898849697,-0.016736278953396837,0.009086102061113665,308,True
LEVEL_PLUS_JUMP,pooled,cpi,real_macro,a,0.25,2,-0.021015319099902993,0.008691781231283818,0.016223078638931642,-0.03531202698284891,-0.006718611216957073,307,True
LEVEL_PLUS_JUMP,pooled,cpi,real_macro,a,0.25,3,0.004533806712488379,0.009639722303204118,0.638473614417762,-0.011322125480741914,0.02038973890571867,306,True
LEVEL_PLUS_JUMP,pooled,cpi,real_macro,a,0.25,4,-0.03625961101990216,0.00970316248718202,0.00022423203470647943,-0.05221989302984298,-0.020299329009961346,305,True
LEVEL_PLUS_JUMP,pooled,cpi,real_macro,a,0.25,5,0.012128581899168864,0.021427268095225115,0.5718077776558884,-0.02311613774292373,0.04737330154126146,304,True
LEVEL_PLUS_JUMP,pooled,cpi,real_macro,a,0.25,6,0.014261558720870152,0.008349578158196631,0.08869949781936168,0.0005277248038456309,0.027995392637894675,303,True
LEVEL_PLUS_JUMP,pooled,cpi,real_macro,a,0.25,7,0.004566378139007732,0.020440661491109218,0.8233850765101455,-0.029055518051930553,0.038188274329946016,302,True
LEVEL_PLUS_JUMP,pooled,cpi,real_macro,a,0.25,8,0.004179073249577996,0.009387986442962615,0.6565460613724011,-0.011262790300900313,0.019620936800056304,301,True
LEVEL_PLUS_JUMP,pooled,cpi,real_macro,a,0.25,9,0.009493364977902288,0.01903535155355938,0.6183579868095789,-0.0218170020652662,0.04080373202107078,300,True
LEVEL_PLUS_JUMP,pooled,cpi,real_macro,a,0.25,10,0.007736669531112739,0.0193179665748328,0.6890950404274602,-0.0240385578548283,0.03951189691705378,299,False
LEVEL_PLUS_JUMP,pooled,cpi,real_macro,a,0.25,11,0.0037050921655838454,0.008449825994860568,0.6613706542063845,-0.010193634769171392,0.017603819100339084,298,True
LEVEL_PLUS_JUMP,pooled,cpi,real_macro,a,0.25,12,0.009162147579792723,0.007652013226636273,0.23217162960948648,-0.0034242941295205883,0.021748589289106036,297,True
LEVEL_PLUS_JUMP,pooled,cpi,real_macro,a,0.25,13,0.003589731570679131,0.018603039455540035,0.8471254446188142,-0.027009545350087236,0.0341890084914455,296,True
LEVEL_PLUS_JUMP,pooled,cpi,real_macro,a,0.25,14,0.003957006053867795,0.008744981739566136,0.6512660374370665,-0.01042720887808196,0.01834122098581755,295,True
LEVEL_PLUS_JUMP,pooled,cpi,real_macro,a,0.25,15,0.016907824430329996,0.009152951333988241,0.06576520693093726,0.0018525592313091213,0.03196308962935087,294,True
LEVEL_PLUS_JUMP,pooled,cpi,real_macro,a,0.25,16,-0.016089931343723107,0.008073715785732183,0.04724875220813251,-0.029370012036860044,-0.002809850650586171,293,True
LEVEL_PLUS_JUMP,pooled,cpi,real_macro,a,0.25,17,0.0015675431140047373,0.007627803180167851,0.8373288702862949,-0.010979076612566327,0.014114162840575801,292,True
LEVEL_PLUS_JUMP,pooled,cpi,real_macro,a,0.25,18,-0.019931553910202748,0.018633681273394653,0.2857071871522309,-0.05058123213620367,0.010718124315798175,291,True
LEVEL_PLUS_JUMP,pooled,cpi,real_macro,a,0.25,19,-0.008696075855207729,0.018683048805503043,0.6419743427003819,-0.03942695644545078,0.022034804735035322,290,True
LEVEL_PLUS_JUMP,pooled,cpi,real_macro,a,0.25,20,0.0027151080104688054,0.01872454563411746,0.8848150268827526,-0.028084028788827653,0.03351424480976526,289,True
LEVEL_PLUS_JUMP,pooled,cpi,real_macro,a,0.25,21,0.008280850389976679,0.00783079659196854,0.2912275045558502,-0.004599663786242001,0.021161364566195356,288,True
LEVEL_PLUS_JUMP,pooled,cpi,real_macro,a,0.25,22,0.018056249332717295,0.008503876917885414,0.034628623815253126,0.004068616541184565,0.03204388212425002,287,True
LEVEL_PLUS_JUMP,pooled,cpi,real_macro,a,0.25,23,0.014661139630734982,0.020854020777284824,0.48263423757141727,-0.019640672081303323,0.04896295134277329,286,True
LEVEL_PLUS_JUMP,pooled,cpi,real_macro,a,0.25,24,-0.006373730944577494,0.02059582212304028,0.7572039869644597,-0.04025084366370767,0.02750338177455268,285,True
LEVEL_PLUS_JUMP,pooled,infl_exp,real_macro,a,0.25,0,-0.07543315077023349,0.018771811053562133,7.442875766460286e-05,-0.1063100322661329,-0.04455626927433408,309,True
LEVEL_PLUS_JUMP,pooled,infl_exp,real_macro,a,0.25,1,-0.022115765801834015,0.018580618510963424,0.23490445271221877,-0.05267816355059386,0.008446631946925836,308,True
LEVEL_PLUS_JUMP,pooled,infl_exp,real_macro,a,0.25,2,0.015935264796753418,0.009364215633256472,0.08986880476051647,0.0005325007488358336,0.031338028844671004,307,True
LEVEL_PLUS_JUMP,pooled,infl_exp,real_macro,a,0.25,3,0.013325498830829728,0.020757485357270015,0.5214020594192803,-0.020817526245467927,0.047468523907127386,306,True
LEVEL_PLUS_JUMP,pooled,infl_exp,real_macro,a,0.25,4,-0.017467840224327347,0.009436081997432982,0.06515746189197076,-0.03298881392201648,-0.0019468665266382142,305,False
LEVEL_PLUS_JUMP,pooled,infl_exp,real_macro,a,0.25,5,-0.005932414764263427,0.009415003499680878,0.5291238549753714,-0.02141871741847432,0.009553887889947469,304,True
LEVEL_PLUS_JUMP,pooled,infl_exp,real_macro,a,0.25,6,0.012733042254568866,0.02060684181422916,0.5371254782834343,-0.021162196243581226,0.04662828075271896,303,True
LEVEL_PLUS_JUMP,pooled,infl_exp,real_macro,a,0.25,7,0.004522637862856404,0.020632753819692023,0.8266518526932742,-0.02941522209146086,0.03846049781717367,302,True
LEVEL_PLUS_JUMP,pooled,infl_exp,real_macro,a,0.25,8,0.00989885735813549,0.010334736632768848,0.33895773913697586,-0.007100271675862593,0.026897986392133574,301,True
LEVEL_PLUS_JUMP,pooled,infl_exp,real_macro,a,0.25,9,-0.03364057432509071,0.010853254387554953,0.002131016479840867,-0.05149258916868746,-0.015788559481493967,300,True
LEVEL_PLUS_JUMP,pooled,infl_exp,real_macro,a,0.25,10,0.007660232033302683,0.021222685218054718,0.7184076132081336,-0.027247978721264013,0.04256844278786938,299,True
LEVEL_PLUS_JUMP,pooled,infl_exp,real_macro,a,0.25,11,0.00031104062894574125,0.008914294071058754,0.9721900954287446,-0.014351668305547256,0.014973749563438738,298,True
LEVEL_PLUS_JUMP,pooled,infl_exp,real_macro,a,0.25,12,0.004938231369784954,0.008294020064641573,0.5520542115687888,-0.00870421761554902,0.01858068035511893,297,True
LEVEL_PLUS_JUMP,pooled,infl_exp,real_macro,a,0.25,13,0.0016590492349033426,0.01966628334883078,0.9328300017647861,-0.030689108260076307,0.03400720672988299,296,True
LEVEL_PLUS_JUMP,pooled,infl_exp,real_macro,a,0.25,14,0.006183844184281417,0.00960556817225725,0.5202451060345695,-0.009615909462785545,0.02198359783134838,295,True
LEVEL_PLUS_JUMP,pooled,infl_exp,real_macro,a,0.25,15,-0.012162547400525803,0.008222474762688753,0.140215468152381,-0.02568731483645134,0.0013622200353997378,294,True
LEVEL_PLUS_JUMP,pooled,infl_exp,real_macro,a,0.25,16,0.013076060070192512,0.018226335791104834,0.4737110691986455,-0.016903594461841705,0.04305571460222673,293,True
LEVEL_PLUS_JUMP,pooled,infl_exp,real_macro,a,0.25,17,0.02225355511874949,0.008305506439399184,0.007815793100757504,0.008592212728234934,0.03591489750926405,292,True
LEVEL_PLUS_JUMP,pooled,infl_exp,real_macro,a,0.25,18,-0.022344793484747966,0.008046147117140629,0.005859283507385956,-0.03557952775336186,-0.009110059216134071,291,True
LEVEL_PLUS_JUMP,pooled,infl_exp,real_macro,a,0.25,19,-0.010030072836075932,0.020424594651414243,0.6237613983555824,-0.04362554142746829,0.023565395755316423,290,True
LEVEL_PLUS_JUMP,pooled,infl_exp,real_macro,a,0.25,20,0.010267612855000316,0.009435557866409854,0.2774671231053631,-0.005252498723874427,0.02578772443387506,289,True
LEVEL_PLUS_JUMP,pooled,infl_exp,real_macro,a,0.25,21,-0.030000413673624715,0.010354636310337386,0.004067905654305733,-0.047032274764446574,-0.012968552582802856,288,True
LEVEL_PLUS_JUMP,pooled,infl_exp,real_macro,a,0.25,22,0.012231951899377425,0.009742694975893884,0.2103709055965416,-0.003793355268003517,0.028257259066758366,287,True
LEVEL_PLUS_JUMP,pooled,infl_exp,real_macro,a,0.25,23,0.021095138820552584,0.00975332016855094,0.0314227362543568,0.005052354766492625,0.03713792287461254,286,True
LEVEL_PLUS_JUMP,pooled,infl_exp,real_macro,a,0.25,24,-0.00235391003477929,0.02191370428638753,0.9145374437150359,-0.03839874601018584,0.03369092594062726,285,True
LEVEL_PLUS_JUMP,pooled,freight,physical_channel,a,0.25,0,-0.00024849066116920324,0.0005018815130033667,0.6208852772299664,-0.0010740122881326836,0.000577030965794277,309,True
LEVEL_PLUS_JUMP,pooled,freight,physical_channel,a,0.25,1,-0.001908421320201692,0.00106488355039093,0.0741385574357916,-0.0036599988903431744,-0.00015684375006020973,308,True
LEVEL_PLUS_JUMP,pooled,freight,physical_channel,a,0.25,2,9.86522482685268e-06,0.000556874509401427,0.9858779950583207,-0.0009061118317189062,0.0009258422813726117,307,True
LEVEL_PLUS_JUMP,pooled,freight,physical_channel,a,0.25,3,8.811644566987607e-05,0.00048370076641955146,0.8555746204733057,-0.0007075005143345301,0.0008837334056742822,306,True
LEVEL_PLUS_JUMP,pooled,freight,physical_channel,a,0.25,4,0.00030845624265584326,0.000429668319239186,0.47339866716899554,-0.00039828525063087484,0.0010151977359425615,305,True
LEVEL_PLUS_JUMP,pooled,freight,physical_channel,a,0.25,5,-0.00047916414737592117,0.0009620630541694097,0.6188199551063869,-0.0020616170513824855,0.0011032887566306431,304,True
LEVEL_PLUS_JUMP,pooled,freight,physical_channel,a,0.25,6,0.0005446153889393473,0.0010434188011532411,0.6021029873662248,-0.0011716558105669182,0.0022608865884456127,303,True
LEVEL_PLUS_JUMP,pooled,freight,physical_channel,a,0.25,7,0.000668159066010348,0.0005955904634652487,0.2628636018068424,-0.00031150006799817473,0.0016478182000188707,302,True
LEVEL_PLUS_JUMP,pooled,freight,physical_channel,a,0.25,8,0.0030320377978517075,0.0005776214593573233,2.9767388032409623e-07,0.002081935045422812,0.003982140550280603,301,True
LEVEL_PLUS_JUMP,pooled,freight,physical_channel,a,0.25,9,-0.005260944710930056,0.0005301257475733263,3.867772498988722e-20,-0.006132923969566402,-0.00438896545229371,300,True
LEVEL_PLUS_JUMP,pooled,freight,physical_channel,a,0.25,10,0.00034210627047867245,0.000552899797127076,0.5365758610854471,-0.0005673329661665316,0.0012515455071238765,299,True
LEVEL_PLUS_JUMP,pooled,freight,physical_channel,a,0.25,11,0.0019471949713446939,0.0005757298585105775,0.0008202673784010136,0.0010002036254293126,0.002894186317260075,298,True
LEVEL_PLUS_JUMP,pooled,freight,physical_channel,a,0.25,12,-0.00018847053317883012,0.0006095635574345981,0.75740503970847,-0.0011911133614825708,0.0008141722951249106,297,True
LEVEL_PLUS_JUMP,pooled,freight,physical_channel,a,0.25,13,0.0012661036156134575,0.0011940345379206408,0.28988925679379657,-0.0006979084247906338,0.003230115656017549,296,True
LEVEL_PLUS_JUMP,pooled,freight,physical_channel,a,0.25,14,0.0007552642176092122,0.0005411421783931676,0.1639110962745048,-0.0001348354572172102,0.0016453638924356345,295,True
LEVEL_PLUS_JUMP,pooled,freight,physical_channel,a,0.25,15,-0.00036889084818733653,0.0005315785497629348,0.48828662938716416,-0.0012432597537745036,0.0005054780573998305,294,True
LEVEL_PLUS_JUMP,pooled,freight,physical_channel,a,0.25,16,-0.001334227843207341,0.0010893389933752788,0.22168178846994113,-0.0031260310374403343,0.0004575753510256519,293,True
LEVEL_PLUS_JUMP,pooled,freight,physical_channel,a,0.25,17,0.00016343733313836303,0.000626073398755796,0.7942461552107996,-0.0008663617675429432,0.0011932364338196693,292,True
LEVEL_PLUS_JUMP,pooled,freight,physical_channel,a,0.25,18,-0.0011097374894199902,0.0006546944394652857,0.09119037423489026,-0.002186614012719426,-3.286096612055401e-05,291,True
LEVEL_PLUS_JUMP,pooled,freight,physical_channel,a,0.25,19,0.0020251942172414134,0.0005097617706325553,9.070776356409796e-05,0.0011867107199352502,0.0028636777145475767,290,True
LEVEL_PLUS_JUMP,pooled,freight,physical_channel,a,0.25,20,0.0003104526060036597,0.0004534279410107967,0.4941231166259977,-0.0004353699873290874,0.001056275199336407,289,True
LEVEL_PLUS_JUMP,pooled,freight,physical_channel,a,0.25,21,0.002004080930591748,0.0009977476155055474,0.04556004660620988,0.00036293214644526526,0.0036452297147382302,288,True
LEVEL_PLUS_JUMP,pooled,freight,physical_channel,a,0.25,22,-9.251051897118598e-05,0.0005527991538966229,0.8672191558419696,-0.0010017842122337511,0.0008167631742913792,287,True
LEVEL_PLUS_JUMP,pooled,freight,physical_channel,a,0.25,23,-0.002043759450522831,0.0005493671001096319,0.0002418076276005365,-0.0029473879176659715,-0.0011401309833796902,286,True
LEVEL_PLUS_JUMP,pooled,freight,physical_channel,a,0.25,24,0.00024916295673779363,0.0004920961041239518,0.6130367597746821,-0.0005602631049391778,0.001058589018414765,285,True
LEVEL_PLUS_JUMP,pooled,oil,asset_price,a,0.5,0,-0.005268229723222838,0.004227599374234428,0.21369743484705797,-0.01222201188723011,0.0016855524407844349,309,True
LEVEL_PLUS_JUMP,pooled,oil,asset_price,a,0.5,1,-0.0038756122945912824,0.004234215774600643,0.3607799818861198,-0.010840277468738287,0.0030890528795557218,308,True
LEVEL_PLUS_JUMP,pooled,oil,asset_price,a,0.5,2,0.00022780010966519273,0.004306537772789645,0.9578505422798689,-0.006855824165511369,0.007311424384841755,307,True
LEVEL_PLUS_JUMP,pooled,oil,asset_price,a,0.5,3,-0.0037671376802432856,0.0044126432279070265,0.39396296735279634,-0.01102528989810901,0.0034910145376224385,306,True
LEVEL_PLUS_JUMP,pooled,oil,asset_price,a,0.5,4,0.0031389590215616173,0.004722035475808987,0.5067387506127395,-0.004628098157416316,0.010906016200539551,305,True
LEVEL_PLUS_JUMP,pooled,oil,asset_price,a,0.5,5,-0.003202390691699114,0.004381354962267293,0.46542221803916256,-0.010409078292346302,0.004004296908948074,304,True
LEVEL_PLUS_JUMP,pooled,oil,asset_price,a,0.5,6,0.0027592325586832805,0.004477727685679233,0.5382392142400066,-0.004605974065607228,0.010124439182973788,303,True
LEVEL_PLUS_JUMP,pooled,oil,asset_price,a,0.5,7,-0.005256286845906965,0.004538828169994051,0.24779437003855195,-0.012721994823431192,0.0022094211316172627,302,True
LEVEL_PLUS_JUMP,pooled,oil,asset_price,a,0.5,8,0.004124145718549702,0.004474970747166438,0.35750983213291077,-0.0032365261454287532,0.011484817582528156,301,True
LEVEL_PLUS_JUMP,pooled,oil,asset_price,a,0.5,9,-0.00014629870495991293,0.004298886410040659,0.972875556975215,-0.007217337608367684,0.006924740198447858,300,True
LEVEL_PLUS_JUMP,pooled,oil,asset_price,a,0.5,10,0.0029906899527589337,0.004360252896639286,0.4933348316852544,-0.004181287838703858,0.010162667744221726,299,True
LEVEL_PLUS_JUMP,pooled,oil,asset_price,a,0.5,11,0.0027221414404329375,0.004586062310760034,0.5532732953865142,-0.004821259784846154,0.01026554266571203,298,True
LEVEL_PLUS_JUMP,pooled,oil,asset_price,a,0.5,12,-0.007014024980056861,0.004603241025958341,0.12869671050888523,-0.014585682677336254,0.000557632717222532,297,True
LEVEL_PLUS_JUMP,pooled,oil,asset_price,a,0.5,13,0.00032375345292499653,0.0045304264416558765,0.9430807001926979,-0.007128134911269525,0.007775641817119518,296,True
LEVEL_PLUS_JUMP,pooled,oil,asset_price,a,0.5,14,0.00479695335186342,0.0044561953064566,0.2826411570253925,-0.002532835660365846,0.012126742364092686,295,True
LEVEL_PLUS_JUMP,pooled,oil,asset_price,a,0.5,15,0.0008916690179046026,0.004438868421255073,0.8409401596494929,-0.006409619804357159,0.008192957840166364,294,False
LEVEL_PLUS_JUMP,pooled,oil,asset_price,a,0.5,16,0.003523293649376879,0.004435917715420112,0.42771630479477635,-0.0037731416936901815,0.01081972899244394,293,True
LEVEL_PLUS_JUMP,pooled,oil,asset_price,a,0.5,17,-0.008894050163749419,0.004486608292089577,0.04842394119979195,-0.01627386408570351,-0.001514236241795328,292,True
LEVEL_PLUS_JUMP,pooled,oil,asset_price,a,0.5,18,-0.009247893989006209,0.0045384314628286815,0.04253155450209764,-0.016712949441310642,-0.001782838536701776,291,True
LEVEL_PLUS_JUMP,pooled,oil,asset_price,a,0.5,19,0.0064259946750660725,0.004689285662160743,0.1716890849771403,-0.0012871938541505626,0.014139183204282708,290,True
LEVEL_PLUS_JUMP,pooled,oil,asset_price,a,0.5,20,0.0035813837159748355,0.004481642785288233,0.4249087624796791,-0.0037902626741074122,0.010953030106057082,289,True
LEVEL_PLUS_JUMP,pooled,oil,asset_price,a,0.5,21,0.0006164453511973457,0.004488430996835684,0.8908621748700294,-0.006766366653269241,0.007999257355663932,288,True
LEVEL_PLUS_JUMP,pooled,oil,asset_price,a,0.5,22,0.0012730023904874085,0.004513805795776778,0.7781386446299392,-0.0061515474440506,0.008697552225025417,287,True
LEVEL_PLUS_JUMP,pooled,oil,asset_price,a,0.5,23,-0.005401923107566611,0.004323037756425972,0.21253210328060856,-0.012512687440672026,0.0017088412255388038,286,True
LEVEL_PLUS_JUMP,pooled,oil,asset_price,a,0.5,24,-0.0004999711750669628,0.004374976219984598,0.9091006575604766,-0.007696166678335071,0.006696224328201146,285,True
LEVEL_PLUS_JUMP,pooled,dxy,asset_price,a,0.5,0,0.000684425733367426,0.0008019937274426173,0.39412695917713403,-0.0006347365580088935,0.002003588024743746,309,True
LEVEL_PLUS_JUMP,pooled,dxy,asset_price,a,0.5,1,-0.00022205744205467423,0.0008264049185781943,0.7883467340182024,-0.001581372569708553,0.0011372576855992046,308,True
LEVEL_PLUS_JUMP,pooled,dxy,asset_price,a,0.5,2,0.0006838792995620057,0.0007986511966499746,0.39253557106311315,-0.0006297850179168385,0.00199754361704085,307,True
LEVEL_PLUS_JUMP,pooled,dxy,asset_price,a,0.5,3,0.0009238107171763979,0.0008126913863254406,0.25658314961808887,-0.0004129476572132232,0.002260569091566019,306,True
LEVEL_PLUS_JUMP,pooled,dxy,asset_price,a,0.5,4,0.00015771417974068898,0.0008188058567298618,0.8473949556915223,-0.0011891016034705317,0.0015045299629519095,305,True
LEVEL_PLUS_JUMP,pooled,dxy,asset_price,a,0.5,5,-0.0006144521349616501,0.0008113275427061778,0.44946011350104165,-0.0019489671862275321,0.000720062916304232,304,True
LEVEL_PLUS_JUMP,pooled,dxy,asset_price,a,0.5,6,-0.0012400177909632423,0.0008359918526934824,0.13908726351604722,-0.002615102021967998,0.00013506644004151309,303,True
LEVEL_PLUS_JUMP,pooled,dxy,asset_price,a,0.5,7,-0.001442792671826155,0.0008563714931563794,0.09311540065095378,-0.0028513984283622734,-3.418691529003654e-05,302,True
LEVEL_PLUS_JUMP,pooled,dxy,asset_price,a,0.5,8,-0.001335764073350117,0.0008053442172895451,0.09828380430935103,-0.00266043743010322,-1.109071659701399e-05,301,True
LEVEL_PLUS_JUMP,pooled,dxy,asset_price,a,0.5,9,0.000638352092443756,0.0008132763913377539,0.43315363196627166,-0.0006993685295621534,0.0019760727144496654,300,True
LEVEL_PLUS_JUMP,pooled,dxy,asset_price,a,0.5,10,-0.000355120355384788,0.0008307606543775885,0.6693641165152928,-0.001721600030866343,0.0010113593200967669,299,True
LEVEL_PLUS_JUMP,pooled,dxy,asset_price,a,0.5,11,0.00029862259136089527,0.000833930086713337,0.7205414620145523,-0.001073070336393493,0.0016703155191152834,298,True
LEVEL_PLUS_JUMP,pooled,dxy,asset_price,a,0.5,12,-2.8833388279611127e-05,0.0008116792723144975,0.9716876459278972,-0.0013639269832674441,0.0013062602067082218,297,True
LEVEL_PLUS_JUMP,pooled,dxy,asset_price,a,0.5,13,-7.243284323696054e-05,0.0008370369251338377,0.9311026844426058,-0.0014492360654356615,0.0013043703789617403,296,True
LEVEL_PLUS_JUMP,pooled,dxy,asset_price,a,0.5,14,-0.0012888975562947744,0.0008294879477922284,0.12134638050559673,-0.0026532838157333548,7.548870314380606e-05,295,True
LEVEL_PLUS_JUMP,pooled,dxy,asset_price,a,0.5,15,-0.0005933500455295555,0.0008304353024571291,0.4755103082006568,-0.0019592945647247074,0.0007725944736655963,294,True
LEVEL_PLUS_JUMP,pooled,dxy,asset_price,a,0.5,16,-0.0004177614551753918,0.0008270628299510674,0.6138771551296938,-0.0017781587507371536,0.0009426358403863701,293,True
LEVEL_PLUS_JUMP,pooled,dxy,asset_price,a,0.5,17,-0.00042645343814741096,0.0008549599964035367,0.6183152329557731,-0.0018327374891301859,0.000979830612835364,292,True
LEVEL_PLUS_JUMP,pooled,dxy,asset_price,a,0.5,18,-0.0008107403240977472,0.0008372589492311915,0.3337258638984949,-0.0021879087434382508,0.0005664280952427565,291,True
LEVEL_PLUS_JUMP,pooled,dxy,asset_price,a,0.5,19,-0.0015262296498284719,0.0008415747020914944,0.07083454455657094,-0.002910496850914271,-0.0001419624487426726,290,True
LEVEL_PLUS_JUMP,pooled,dxy,asset_price,a,0.5,20,-0.0013166205436478395,0.000826422927588103,0.11227393575325259,-0.0026759652934869845,4.272420619130541e-05,289,True
LEVEL_PLUS_JUMP,pooled,dxy,asset_price,a,0.5,21,0.0012157110650697484,0.0008208950883136401,0.13976678310961613,-0.00013454119828959174,0.0025659633284290887,288,True
LEVEL_PLUS_JUMP,pooled,dxy,asset_price,a,0.5,22,-7.141839354258541e-05,0.0008338402692312034,0.9318074550979539,-0.0014429635846857224,0.0013001267976005516,287,True
LEVEL_PLUS_JUMP,pooled,dxy,asset_price,a,0.5,23,-0.002109786369231339,0.0008165656657383572,0.010295858599695808,-0.0034529173661651193,-0.0007666553722975584,286,True
LEVEL_PLUS_JUMP,pooled,dxy,asset_price,a,0.5,24,-0.0005347455124187538,0.0008053333151853758,0.5072515051129324,-0.0018594009368062723,0.0007899099119687647,285,True
LEVEL_PLUS_JUMP,pooled,vix,asset_price,a,0.5,0,0.3455040074713054,0.15417358868054182,0.0257694951321382,0.09191102094999176,0.599096993992619,309,True
LEVEL_PLUS_JUMP,pooled,vix,asset_price,a,0.5,1,-0.02331572191019049,0.16784681161518109,0.889615799866862,-0.2993991587676616,0.2527677149472806,308,True
LEVEL_PLUS_JUMP,pooled,vix,asset_price,a,0.5,2,0.019673404529052085,0.18783712377836448,0.9166565519865201,-0.28929116979392333,0.3286379788520275,307,True
LEVEL_PLUS_JUMP,pooled,vix,asset_price,a,0.5,3,-0.11955353667871549,0.21158746516881294,0.5724863257898262,-0.46758394617910576,0.22847687282167478,306,True
LEVEL_PLUS_JUMP,pooled,vix,asset_price,a,0.5,4,-0.021555088235487574,0.2099130596485746,0.9182830776698266,-0.3668313457429262,0.32372116927195105,305,True
LEVEL_PLUS_JUMP,pooled,vix,asset_price,a,0.5,5,-0.17079912100308547,0.22542790773120597,0.4492660091620615,-0.5415950326508414,0.19999679064467046,304,True
LEVEL_PLUS_JUMP,pooled,vix,asset_price,a,0.5,6,0.08922203869943246,0.2344679020070727,0.703831674545963,-0.29644334032060343,0.47488741771946835,303,True
LEVEL_PLUS_JUMP,pooled,vix,asset_price,a,0.5,7,0.012214426217543206,0.23598537018944474,0.9587564054130663,-0.3759469658460508,0.4003758182811372,302,True
LEVEL_PLUS_JUMP,pooled,vix,asset_price,a,0.5,8,0.2461030288746997,0.2372295112243347,0.30042049268064835,-0.14410479308257218,0.6363108508319716,301,True
LEVEL_PLUS_JUMP,pooled,vix,asset_price,a,0.5,9,0.5638768818417041,0.2561472524721589,0.02850795330761956,0.1425521445792191,0.9852016191041892,300,True
LEVEL_PLUS_JUMP,pooled,vix,asset_price,a,0.5,10,0.5419053915547423,0.2660146377215789,0.04256117456209979,0.10435024987622127,0.9794605332332633,299,True
LEVEL_PLUS_JUMP,pooled,vix,asset_price,a,0.5,11,0.8976726755208801,0.30243322880923496,0.003251084141368578,0.4002142822033656,1.3951310688383947,298,False
LEVEL_PLUS_JUMP,pooled,vix,asset_price,a,0.5,12,0.5057630804368927,0.2994206826684263,0.09229422490168587,0.013259884565445856,0.9982662763083394,297,True
LEVEL_PLUS_JUMP,pooled,vix,asset_price,a,0.5,13,0.3437333782199694,0.29359376195780296,0.24267604609733082,-0.13918538598664992,0.8266521424265887,296,True
LEVEL_PLUS_JUMP,pooled,vix,asset_price,a,0.5,14,-0.14379585109782056,0.2903666750985445,0.6208307224647751,-0.6214065297795013,0.3338148275838601,295,True
LEVEL_PLUS_JUMP,pooled,vix,asset_price,a,0.5,15,0.33485855991693825,0.2934539410498994,0.25480577010441885,-0.14783021936219232,0.8175473391960688,294,True
LEVEL_PLUS_JUMP,pooled,vix,asset_price,a,0.5,16,0.47769064592315047,0.29258341093762824,0.10366754890360153,-0.003566238743440364,0.9589475305897412,293,True
LEVEL_PLUS_JUMP,pooled,vix,asset_price,a,0.5,17,0.4179124137406971,0.27978817355477326,0.1363948577011043,-0.04229817830899968,0.8781230057903939,292,True
LEVEL_PLUS_JUMP,pooled,vix,asset_price,a,0.5,18,-0.020829907388156155,0.2852558865231309,0.9418414441360993,-0.49003408694498557,0.44837427216867326,291,True
LEVEL_PLUS_JUMP,pooled,vix,asset_price,a,0.5,19,-0.3662770552290766,0.28568617765421606,0.2008848988599199,-0.8361890007135165,0.10363489025536332,290,True
LEVEL_PLUS_JUMP,pooled,vix,asset_price,a,0.5,20,-0.2494182015741444,0.28770329996319804,0.3867369560481901,-0.7226480180045181,0.22381161485622925,289,True
LEVEL_PLUS_JUMP,pooled,vix,asset_price,a,0.5,21,-0.3599897541317887,0.28592200785623906,0.20908428470894508,-0.8302896057793708,0.11031009751579346,288,True
LEVEL_PLUS_JUMP,pooled,vix,asset_price,a,0.5,22,-0.03698901267050658,0.2817991363229199,0.8956661480229248,-0.5005073441230538,0.4265293187820406,287,True
LEVEL_PLUS_JUMP,pooled,vix,asset_price,a,0.5,23,-0.9416462322415953,0.2766658341670972,0.0007653206776048426,-1.3967210330248996,-0.48657143145829085,286,True
LEVEL_PLUS_JUMP,pooled,vix,asset_price,a,0.5,24,-0.12408433583048861,0.29134609622972374,0.6705186882714352,-0.6033060189121023,0.3551373472511251,285,True
LEVEL_PLUS_JUMP,pooled,us10y,asset_price,a,0.5,0,0.007202222913310852,0.011077937572205297,0.516107029338724,-0.011019362881473017,0.02542380870809472,309,True
LEVEL_PLUS_JUMP,pooled,us10y,asset_price,a,0.5,1,0.015668941250458743,0.010932870832867779,0.15286451216098038,-0.0023140309919757844,0.03365191349289327,308,True
LEVEL_PLUS_JUMP,pooled,us10y,asset_price,a,0.5,2,0.008396144619576905,0.011098168692874135,0.44993681609118236,-0.009858718407416395,0.026651007646570204,307,True
LEVEL_PLUS_JUMP,pooled,us10y,asset_price,a,0.5,3,-0.011169697046971239,0.011390578094831946,0.3275976285216222,-0.029905530739329556,0.007566136645387078,306,True
LEVEL_PLUS_JUMP,pooled,us10y,asset_price,a,0.5,4,-0.014596191545360515,0.011401225993212648,0.20148382274296864,-0.033349539471989736,0.00415715638126871,305,True
LEVEL_PLUS_JUMP,pooled,us10y,asset_price,a,0.5,5,0.02118223031243488,0.011246025102712174,0.06062901359506207,0.002684165133451457,0.0396802954914183,304,True
LEVEL_PLUS_JUMP,pooled,us10y,asset_price,a,0.5,6,-0.01568130051134764,0.011503564533045968,0.17389037587227202,-0.03460298035639862,0.0032403793337033374,303,True
LEVEL_PLUS_JUMP,pooled,us10y,asset_price,a,0.5,7,-0.0002658468802888281,0.011806325324118482,0.982050883910341,-0.019685523910634127,0.01915383015005647,302,True
LEVEL_PLUS_JUMP,pooled,us10y,asset_price,a,0.5,8,-0.009756024595809161,0.011686932995552917,0.4045355961009488,-0.02897931872148321,0.009467269529864888,301,True
LEVEL_PLUS_JUMP,pooled,us10y,asset_price,a,0.5,9,-0.022069269165960193,0.011602260873214212,0.058155719217717367,-0.041153290044103744,-0.0029852482878166414,300,True
LEVEL_PLUS_JUMP,pooled,us10y,asset_price,a,0.5,10,-0.01822697539696723,0.011696588972231152,0.12026821247845161,-0.037466152190902234,0.0010122013969677754,299,True
LEVEL_PLUS_JUMP,pooled,us10y,asset_price,a,0.5,11,-0.016229633750659243,0.011028093143091501,0.14221918456183277,-0.03436923275543196,0.001909965254113473,298,True
LEVEL_PLUS_JUMP,pooled,us10y,asset_price,a,0.5,12,0.004047246717545944,0.010967313276070782,0.7123827241192395,-0.013992378302512116,0.022086871737604003,297,True
LEVEL_PLUS_JUMP,pooled,us10y,asset_price,a,0.5,13,0.01686586985775413,0.01107978358061476,0.1290744533359097,-0.001358752350657428,0.035090492066165685,296,True
LEVEL_PLUS_JUMP,pooled,us10y,asset_price,a,0.5,14,-0.017259092703507825,0.011373178978726054,0.13025818332071978,-0.03596630739663362,0.0014481219896179676,295,True
LEVEL_PLUS_JUMP,pooled,us10y,asset_price,a,0.5,15,0.0025914084205248926,0.011611544206907713,0.8235618986614059,-0.016507882182714616,0.0216906990237644,294,True
LEVEL_PLUS_JUMP,pooled,us10y,asset_price,a,0.5,16,-0.009902931766611944,0.011823194580684484,0.40298067465458837,-0.029350356254803808,0.009544492721579919,293,True
LEVEL_PLUS_JUMP,pooled,us10y,asset_price,a,0.5,17,0.007634249330824905,0.012375362435966222,0.5378115246277876,-0.012721410456813142,0.02798990911846295,292,True
LEVEL_PLUS_JUMP,pooled,us10y,asset_price,a,0.5,18,0.0006763012914810934,0.012169948967981235,0.9557232974895422,-0.019341483408317168,0.020694085991279355,291,True
LEVEL_PLUS_JUMP,pooled,us10y,asset_price,a,0.5,19,-0.027704259031369586,0.01215237893933918,0.02338629884123116,-0.047693143605830324,-0.007715374456908852,290,True
LEVEL_PLUS_JUMP,pooled,us10y,asset_price,a,0.5,20,0.006853227315811075,0.012209804241613477,0.5750577146322087,-0.013230113475374321,0.02693656810699647,289,True
LEVEL_PLUS_JUMP,pooled,us10y,asset_price,a,0.5,21,0.03888179940820327,0.011656623630727062,0.0009687155968441634,0.019708359751193626,0.05805523906521291,288,True
LEVEL_PLUS_JUMP,pooled,us10y,asset_price,a,0.5,22,-0.0022304257826174095,0.011335076833944824,0.8441523687630629,-0.020874968024705162,0.016414116459470343,287,True
LEVEL_PLUS_JUMP,pooled,us10y,asset_price,a,0.5,23,-0.03192167280723687,0.011285459971163267,0.0050235850450233745,-0.05048460257262043,-0.013358743041853315,286,False
LEVEL_PLUS_JUMP,pooled,us10y,asset_price,a,0.5,24,0.008951756212584773,0.011187793395896622,0.4243328442206561,-0.009450526332239516,0.027354038757409063,285,True
LEVEL_PLUS_JUMP,pooled,ip,real_macro,a,0.5,0,-0.0007562757477755505,0.02440677650270347,0.9753014170792187,-0.040901850600441325,0.039389299104890224,309,True
LEVEL_PLUS_JUMP,pooled,ip,real_macro,a,0.5,1,-0.015797620912624363,0.024034867127135033,0.5115155595462679,-0.055331459279989136,0.02373621745474041,308,True
LEVEL_PLUS_JUMP,pooled,ip,real_macro,a,0.5,2,0.006789418697161154,0.023882264175329654,0.7763912062003234,-0.03249341015144304,0.046072247545765346,307,True
LEVEL_PLUS_JUMP,pooled,ip,real_macro,a,0.5,3,0.03347200952695342,0.02711651002768333,0.21805474211376194,-0.011130680342347474,0.07807469939625432,306,True
LEVEL_PLUS_JUMP,pooled,ip,real_macro,a,0.5,4,-0.0014713103299230923,0.027988780061343005,0.9581122915671693,-0.047508756727770184,0.044566136067924,305,True
LEVEL_PLUS_JUMP,pooled,ip,real_macro,a,0.5,5,0.028811413336462977,0.026946216513737617,0.285860044790042,-0.015511168628778,0.07313399530170395,304,False
LEVEL_PLUS_JUMP,pooled,ip,real_macro,a,0.5,6,0.014379673151353523,0.02798422136687182,0.6077499934527865,-0.03165027486135848,0.06040962116406552,303,True
LEVEL_PLUS_JUMP,pooled,ip,real_macro,a,0.5,7,0.01165740365081814,0.027821612833203044,0.6755245764864647,-0.03410507712551551,0.05741988442715179,302,True
LEVEL_PLUS_JUMP,pooled,ip,real_macro,a,0.5,8,-0.014098776367346355,0.027288743698124614,0.6057971798899986,-0.05898476541415576,0.03078721267946305,301,True
LEVEL_PLUS_JUMP,pooled,ip,real_macro,a,0.5,9,-0.009278683140013066,0.026452493045778992,0.7260207725804237,-0.05278916226827124,0.034231795988245106,300,True
LEVEL_PLUS_JUMP,pooled,ip,real_macro,a,0.5,10,-0.014598471822833803,0.02616630275741338,0.5773430398185598,-0.05763820981727551,0.0284412661716079,299,True
LEVEL_PLUS_JUMP,pooled,ip,real_macro,a,0.5,11,-0.0027960803134619017,0.026665568450845827,0.9165630343915353,-0.04665703729455841,0.04106487666763461,298,True
LEVEL_PLUS_JUMP,pooled,ip,real_macro,a,0.5,12,-0.019739639372204465,0.024870812309785047,0.42804266646512323,-0.06064848520518372,0.02116920646077479,297,True
LEVEL_PLUS_JUMP,pooled,ip,real_macro,a,0.5,13,0.015756844367150726,0.025609244186434208,0.5388663198734772,-0.026366613816391486,0.05788030255069294,296,True
LEVEL_PLUS_JUMP,pooled,ip,real_macro,a,0.5,14,-0.04654374844339426,0.025679780473695048,0.07098126231552433,-0.08878322849486917,-0.004304268391919365,295,True
LEVEL_PLUS_JUMP,pooled,ip,real_macro,a,0.5,15,0.03025302461573602,0.02663326996748271,0.25696512377997377,-0.013554806087855635,0.07406085531932768,294,True
LEVEL_PLUS_JUMP,pooled,ip,real_macro,a,0.5,16,-0.0014344612896999565,0.026306351750919606,0.9565526624178121,-0.04470455937906128,0.04183563679966137,293,True
LEVEL_PLUS_JUMP,pooled,ip,real_macro,a,0.5,17,-0.019328254043290305,0.02666698529375195,0.4691837967522748,-0.06319154152357978,0.024535033436999164,292,True
LEVEL_PLUS_JUMP,pooled,ip,real_macro,a,0.5,18,-0.03406622642843114,0.027395965156411985,0.21474383150319717,-0.07912857907979155,0.010996126222929267,291,True
LEVEL_PLUS_JUMP,pooled,ip,real_macro,a,0.5,19,-0.0070731445244842095,0.028095238866732628,0.8014170376763642,-0.053285700074497344,0.039139411025528925,290,True
LEVEL_PLUS_JUMP,pooled,ip,real_macro,a,0.5,20,-0.00014419738977200502,0.028492164226774058,0.9959656335036553,-0.047009637057878306,0.046721242278334296,289,True
LEVEL_PLUS_JUMP,pooled,ip,real_macro,a,0.5,21,0.016795669108712805,0.02854149394345842,0.5567050042381475,-0.03015091072279825,0.06374224894022386,288,True
LEVEL_PLUS_JUMP,pooled,ip,real_macro,a,0.5,22,-0.014434261190628545,0.028234976971531028,0.6096108027017042,-0.06087666546914265,0.03200814308788556,287,True
LEVEL_PLUS_JUMP,pooled,ip,real_macro,a,0.5,23,0.02248190878151303,0.02813750223398886,0.4249866285022244,-0.023800163821418703,0.06876398138444476,286,True
LEVEL_PLUS_JUMP,pooled,ip,real_macro,a,0.5,24,0.0009018042815745163,0.02821339787952094,0.9745245360542991,-0.04550510554918048,0.04730871411232951,285,True
LEVEL_PLUS_JUMP,pooled,cpi,real_macro,a,0.5,0,-0.02767400032674471,0.0091142134345795,0.0026083459904905305,-0.04266554735142263,-0.012682453302066783,309,True
LEVEL_PLUS_JUMP,pooled,cpi,real_macro,a,0.5,1,-0.011533071877559031,0.010241372205283188,0.2610307210240373,-0.02837863009437908,0.005312486339261017,308,False
LEVEL_PLUS_JUMP,pooled,cpi,real_macro,a,0.5,2,-0.010503133834173985,0.010404137110087761,0.31356059149139576,-0.027616416495002245,0.006610148826654276,307,True
LEVEL_PLUS_JUMP,pooled,cpi,real_macro,a,0.5,3,-0.003353917309380533,0.010551226592833939,0.750810827527398,-0.02070914063939026,0.014001306020629194,306,True
LEVEL_PLUS_JUMP,pooled,cpi,real_macro,a,0.5,4,-0.0012812507338791218,0.010687623822060167,0.904659567977635,-0.018860827541087744,0.0162983260733295,305,True
LEVEL_PLUS_JUMP,pooled,cpi,real_macro,a,0.5,5,0.002908961639664309,0.01060906053424699,0.78412923474151,-0.014541390058639577,0.020359313337968196,304,True
LEVEL_PLUS_JUMP,pooled,cpi,real_macro,a,0.5,6,0.00812689126545299,0.010609294137243883,0.4442918501775442,-0.009323844675587601,0.02557762720649358,303,True
LEVEL_PLUS_JUMP,pooled,cpi,real_macro,a,0.5,7,-0.003911943837431264,0.010753040398911702,0.7162751332128438,-0.02159912133833688,0.013775233663474353,302,True
LEVEL_PLUS_JUMP,pooled,cpi,real_macro,a,0.5,8,-0.0037935485432797206,0.010970237627233412,0.7297436015626132,-0.02183798369295411,0.014250886606394668,301,True
LEVEL_PLUS_JUMP,pooled,cpi,real_macro,a,0.5,9,-0.0006476703967819991,0.010125198637167715,0.9490418314229165,-0.01730214009873142,0.01600679930516742,300,True
LEVEL_PLUS_JUMP,pooled,cpi,real_macro,a,0.5,10,-0.0006731364674255058,0.009988315274613918,0.946316578716404,-0.017102453074008997,0.015756180139157985,299,True
LEVEL_PLUS_JUMP,pooled,cpi,real_macro,a,0.5,11,-0.0016258289988790673,0.010375732101219629,0.8755962834001445,-0.018692389577846996,0.01544073158008886,298,True
LEVEL_PLUS_JUMP,pooled,cpi,real_macro,a,0.5,12,0.001955805405147268,0.010581955378320256,0.8534990129756951,-0.015449962279121442,0.019361573089415978,297,True
LEVEL_PLUS_JUMP,pooled,cpi,real_macro,a,0.5,13,-0.0013628028596593261,0.01039229641050234,0.895761327251152,-0.018456609302828865,0.015731003583510213,296,True
LEVEL_PLUS_JUMP,pooled,cpi,real_macro,a,0.5,14,-0.003252614038375845,0.010325851727452342,0.7529975868682265,-0.020237128703638953,0.013731900626887263,295,True
LEVEL_PLUS_JUMP,pooled,cpi,real_macro,a,0.5,15,0.010281304595245205,0.010289699543383555,0.3185682019279441,-0.006643745018930142,0.027206354209420552,294,True
LEVEL_PLUS_JUMP,pooled,cpi,real_macro,a,0.5,16,0.013970212913210985,0.010280177750988193,0.17526103802864773,-0.002939174746207772,0.030879600572629742,293,True
LEVEL_PLUS_JUMP,pooled,cpi,real_macro,a,0.5,17,-0.003380169778117059,0.010177001562228172,0.7400352788823165,-0.020119847709238865,0.013359508153004747,292,False
LEVEL_PLUS_JUMP,pooled,cpi,real_macro,a,0.5,18,-0.026254494270357587,0.01018879957726096,0.010489867422217079,-0.0430135782092969,-0.00949541033141827,291,True
LEVEL_PLUS_JUMP,pooled,cpi,real_macro,a,0.5,19,-0.01494384628387016,0.010436514329243975,0.153309356932227,-0.03211038473105812,0.002222692163317802,290,True
LEVEL_PLUS_JUMP,pooled,cpi,real_macro,a,0.5,20,-0.005949562080908771,0.010704621287974439,0.5788037188400645,-0.023557097231575466,0.011657973069757924,289,True
LEVEL_PLUS_JUMP,pooled,cpi,real_macro,a,0.5,21,0.0036578662070666512,0.010808714615555442,0.7353071998155247,-0.014120887231013107,0.02143661964514641,288,True
LEVEL_PLUS_JUMP,pooled,cpi,real_macro,a,0.5,22,0.009564223610326966,0.010706255671291538,0.37246707614987973,-0.008045999861666688,0.02717444708232062,287,True
LEVEL_PLUS_JUMP,pooled,cpi,real_macro,a,0.5,23,0.005400481019632308,0.010953143884872434,0.6223729129137521,-0.012615837425921452,0.02341679946518607,286,True
LEVEL_PLUS_JUMP,pooled,cpi,real_macro,a,0.5,24,-0.010447295542421131,0.01080193517370187,0.334321944553139,-0.02821489779097933,0.007320306706137068,285,True
LEVEL_PLUS_JUMP,pooled,infl_exp,real_macro,a,0.5,0,-0.03218958261975402,0.011431982384210473,0.005194220834120803,-0.050993520307667954,-0.013385644931840086,309,True
LEVEL_PLUS_JUMP,pooled,infl_exp,real_macro,a,0.5,1,-0.028443790036493916,0.011557983601966745,0.014430971450254645,-0.04745498128443455,-0.009432598788553275,308,True
LEVEL_PLUS_JUMP,pooled,infl_exp,real_macro,a,0.5,2,0.028639409384390024,0.01193167139533426,0.01700611383468754,0.009013556414181334,0.048265262354598715,307,True
LEVEL_PLUS_JUMP,pooled,infl_exp,real_macro,a,0.5,3,0.006274867436534937,0.011414481611257658,0.5829257144624874,-0.012500284041513106,0.02505001891458298,306,True
LEVEL_PLUS_JUMP,pooled,infl_exp,real_macro,a,0.5,4,0.007727406297117677,0.011043203940011698,0.48464670896783585,-0.010437047756775352,0.025891860351010706,305,True
LEVEL_PLUS_JUMP,pooled,infl_exp,real_macro,a,0.5,5,0.025426863446145365,0.01113918561859895,0.023174826110487583,0.007104533580107205,0.04374919331218352,304,True
LEVEL_PLUS_JUMP,pooled,infl_exp,real_macro,a,0.5,6,0.004585370241244639,0.010928385254216062,0.6751014677308214,-0.013390223880875638,0.022560964363364917,303,True
LEVEL_PLUS_JUMP,pooled,infl_exp,real_macro,a,0.5,7,-0.0029915702854199314,0.011119654954483166,0.7880958016855806,-0.021281775067750475,0.01529863449691061,302,True
LEVEL_PLUS_JUMP,pooled,infl_exp,real_macro,a,0.5,8,0.0014141960007421628,0.01103471838062697,0.8981130788901164,-0.016736300550020185,0.01956469255150451,301,True
LEVEL_PLUS_JUMP,pooled,infl_exp,real_macro,a,0.5,9,-0.0018056267765757528,0.011417525190371437,0.8744539885482113,-0.020585784496768008,0.016974530943616502,300,True
LEVEL_PLUS_JUMP,pooled,infl_exp,real_macro,a,0.5,10,0.00017863276820992424,0.011367369899621725,0.9874731377659055,-0.018519026840081863,0.01887629237650171,299,True
LEVEL_PLUS_JUMP,pooled,infl_exp,real_macro,a,0.5,11,-0.004857870056748315,0.011365759746684032,0.669402639707089,-0.02355288119914059,0.013837141085643961,298,True
LEVEL_PLUS_JUMP,pooled,infl_exp,real_macro,a,0.5,12,-0.0008806183395265871,0.010732951866201755,0.9346664607749736,-0.018534753144544117,0.016773516465490943,297,True
LEVEL_PLUS_JUMP,pooled,infl_exp,real_macro,a,0.5,13,-0.004474464167728176,0.010314761132520438,0.6647709283468275,-0.021440736427692494,0.012491808092236142,296,True
LEVEL_PLUS_JUMP,pooled,infl_exp,real_macro,a,0.5,14,0.0043899790877277856,0.01073422612457109,0.6828730203499392,-0.01326625168579022,0.02204620986124579,295,True
LEVEL_PLUS_JUMP,pooled,infl_exp,real_macro,a,0.5,15,-0.000847734314398281,0.010754351651225739,0.9372264557613659,-0.01853706863342849,0.01684160000463193,294,True
LEVEL_PLUS_JUMP,pooled,infl_exp,real_macro,a,0.5,16,0.008445831326417852,0.010419733771850138,0.41830859400255527,-0.00869310556007859,0.025584768212914295,293,True
LEVEL_PLUS_JUMP,pooled,infl_exp,real_macro,a,0.5,17,0.018751896992126316,0.01038558186650068,0.07206718945487631,0.0016691349910112306,0.0358346589932414,292,False
LEVEL_PLUS_JUMP,pooled,infl_exp,real_macro,a,0.5,18,-0.029883231362427348,0.01072636291888685,0.0057054499516092675,-0.047526528313556166,-0.012239934411298534,291,True
LEVEL_PLUS_JUMP,pooled,infl_exp,real_macro,a,0.5,19,-0.017706821071009182,0.010526380922912913,0.09367314261421532,-0.03502117691073527,-0.00039246523128309146,290,True
LEVEL_PLUS_JUMP,pooled,infl_exp,real_macro,a,0.5,20,0.004466744794944922,0.010562269270558864,0.6727014089851393,-0.012906642123571907,0.021840131713461754,289,True
LEVEL_PLUS_JUMP,pooled,infl_exp,real_macro,a,0.5,21,-0.01727273726265041,0.010767827012030157,0.10984266515039129,-0.03498423657777425,0.00043876205247342717,288,True
LEVEL_PLUS_JUMP,pooled,infl_exp,real_macro,a,0.5,22,0.03584581986118131,0.010739747738493118,0.0009622194342693904,0.01818050684097703,0.053511132881385585,287,True
LEVEL_PLUS_JUMP,pooled,infl_exp,real_macro,a,0.5,23,0.014414281305287744,0.011018960170675019,0.19193210664807978,-0.003710295296680873,0.03253885790725636,286,True
LEVEL_PLUS_JUMP,pooled,infl_exp,real_macro,a,0.5,24,-0.010056244303507749,0.011093707414031853,0.36548614701863086,-0.02830376917981648,0.008191280572800982,285,True
LEVEL_PLUS_JUMP,pooled,freight,physical_channel,a,0.5,0,-0.0004854683213432557,0.0005585208313054273,0.3854424085313914,-0.0014041533364439391,0.00043321669375742786,309,True
LEVEL_PLUS_JUMP,pooled,freight,physical_channel,a,0.5,1,-0.002557862729535496,0.0005678411783823049,9.606320684602851e-06,-0.003491878351330028,-0.0016238471077409638,308,True
LEVEL_PLUS_JUMP,pooled,freight,physical_channel,a,0.5,2,-0.00013528081870623626,0.0005883596624822786,0.8183075506401735,-0.001103046343492156,0.0008324847060796836,307,True
LEVEL_PLUS_JUMP,pooled,freight,physical_channel,a,0.5,3,3.8652089776936016e-05,0.0005918629203760547,0.9479752006282577,-0.000934875781461708,0.00101217996101558,306,True
LEVEL_PLUS_JUMP,pooled,freight,physical_channel,a,0.5,4,-9.659786550756918e-05,0.0005739996094114119,0.8664727695605988,-0.0010407432049166585,0.0008475474739015201,305,True
LEVEL_PLUS_JUMP,pooled,freight,physical_channel,a,0.5,5,-0.00026860082912405644,0.000564732139716735,0.6346994961419458,-0.0011975025373931936,0.0006603008791450807,304,True
LEVEL_PLUS_JUMP,pooled,freight,physical_channel,a,0.5,6,-0.0002016980751413473,0.0005666918449654579,0.7221586751206349,-0.001133823211696602,0.0007304270614139075,303,True
LEVEL_PLUS_JUMP,pooled,freight,physical_channel,a,0.5,7,0.0022342849453992585,0.000565921146824826,9.910347119437878e-05,0.0013034274944759066,0.0031651423963226103,302,True
LEVEL_PLUS_JUMP,pooled,freight,physical_channel,a,0.5,8,0.0023737325899715455,0.0005743459517375992,4.7050578362476176e-05,0.0014290175681310603,0.0033184476118120307,301,True
LEVEL_PLUS_JUMP,pooled,freight,physical_channel,a,0.5,9,-0.00037647746890309697,0.0005619223260891452,0.5034102656111562,-0.0013007574450358355,0.0005478025072296414,300,True
LEVEL_PLUS_JUMP,pooled,freight,physical_channel,a,0.5,10,4.613413953631043e-05,0.0005757288874404886,0.9361887422639276,-0.0009008556091109131,0.000993123888183534,299,True
LEVEL_PLUS_JUMP,pooled,freight,physical_channel,a,0.5,11,0.0021368022087275996,0.000557050837477881,0.00015416475732888264,0.001220535118305752,0.0030530692991494472,298,True
LEVEL_PLUS_JUMP,pooled,freight,physical_channel,a,0.5,12,0.000995501968991353,0.0005668207870016214,0.0801204388559373,6.316474166024818e-05,0.001927839196322458,297,True
LEVEL_PLUS_JUMP,pooled,freight,physical_channel,a,0.5,13,0.00022650407227220313,0.0005941986637723366,0.7033474460050143,-0.000750865754963443,0.0012038738995078493,296,True
LEVEL_PLUS_JUMP,pooled,freight,physical_channel,a,0.5,14,0.0006537274290192051,0.0005940143826322308,0.27204548484973295,-0.00032333928271475933,0.0016307941407531696,295,True
LEVEL_PLUS_JUMP,pooled,freight,physical_channel,a,0.5,15,0.0004475657799015327,0.0006075596334935081,0.4619449980672429,-0.0005517808868395712,0.0014469124466426366,294,True
LEVEL_PLUS_JUMP,pooled,freight,physical_channel,a,0.5,16,-0.0014097260638350107,0.0005888544274263984,0.017325555873634192,-0.0023783054045337544,-0.0004411467231362668,293,True
LEVEL_PLUS_JUMP,pooled,freight,physical_channel,a,0.5,17,-0.00013124596712208066,0.0005966309309293873,0.8260493583986137,-0.0011126165178127166,0.0008501245835685553,292,True
LEVEL_PLUS_JUMP,pooled,freight,physical_channel,a,0.5,18,-0.0004855908367178783,0.0005874605273555382,0.4091791479608936,-0.0014518774158294597,0.0004806957423937032,291,True
LEVEL_PLUS_JUMP,pooled,freight,physical_channel,a,0.5,19,0.0018197670960073825,0.0006056286506209191,0.0029021273783943675,0.0008235966134478377,0.002815937578566927,290,True
LEVEL_PLUS_JUMP,pooled,freight,physical_channel,a,0.5,20,-0.0001503814833881444,0.0005825377401111403,0.7964850733039284,-0.0011085707980460677,0.0008078078312697788,289,True
LEVEL_PLUS_JUMP,pooled,freight,physical_channel,a,0.5,21,0.0019001174607518219,0.0005779403749830329,0.001141815855412632,0.0009494901387992864,0.0028507447827043576,288,True
LEVEL_PLUS_JUMP,pooled,freight,physical_channel,a,0.5,22,-0.00019773154363857283,0.0005947230938594525,0.73978451397873,-0.001175963981605094,0.0007805008943279484,287,True
LEVEL_PLUS_JUMP,pooled,freight,physical_channel,a,0.5,23,-0.00022374494052288972,0.0005926198106876269,0.7060576764689985,-0.0011985177855357277,0.0007510279044899482,286,True
LEVEL_PLUS_JUMP,pooled,freight,physical_channel,a,0.5,24,7.917582012073707e-05,0.000578168474918165,0.8911779488194786,-0.0008718266928374079,0.001030178333078882,285,True
LEVEL_PLUS_JUMP,pooled,oil,asset_price,a,0.75,0,-0.00849836515229236,0.0036911239599930774,0.022009937186506404,-0.014569723785414455,-0.0024270065191702656,309,True
LEVEL_PLUS_JUMP,pooled,oil,asset_price,a,0.75,1,-0.005568589431866035,0.003609017028897372,0.12391475324061693,-0.011504894181577503,0.00036771531784543336,308,True
LEVEL_PLUS_JUMP,pooled,oil,asset_price,a,0.75,2,-0.0013259784556332657,0.0031433353290278377,0.6734525623553215,-0.006496304972309404,0.003844348061042872,307,True
LEVEL_PLUS_JUMP,pooled,oil,asset_price,a,0.75,3,-0.0060841587747328535,0.007235757107273855,0.40112212484267673,-0.01798592009637215,0.00581760254690644,306,True
LEVEL_PLUS_JUMP,pooled,oil,asset_price,a,0.75,4,0.0007392120444012986,0.0030928993102838967,0.8112715339278211,-0.004348154603914876,0.005826578692717473,305,True
LEVEL_PLUS_JUMP,pooled,oil,asset_price,a,0.75,5,0.006165876585389141,0.007442925456485408,0.4081133167803674,-0.006076646346840325,0.018408399517618607,304,True
LEVEL_PLUS_JUMP,pooled,oil,asset_price,a,0.75,6,6.0470235419470345e-05,0.0035997301169889756,0.9866089202395322,-0.005860558903556293,0.005981499374395234,303,True
LEVEL_PLUS_JUMP,pooled,oil,asset_price,a,0.75,7,-0.007856975692690171,0.0030032539118620394,0.009361679647623177,-0.012796888782272644,-0.002917062603107699,302,True
LEVEL_PLUS_JUMP,pooled,oil,asset_price,a,0.75,8,0.0006846195642932163,0.0028965582800088647,0.8133248606350593,-0.004079794828255682,0.005449033956842115,301,True
LEVEL_PLUS_JUMP,pooled,oil,asset_price,a,0.75,9,-0.0013879207602206928,0.00676486581314021,0.837588342671568,-0.012515134828804387,0.009739293308363001,300,True
LEVEL_PLUS_JUMP,pooled,oil,asset_price,a,0.75,10,-0.001285145334254674,0.0068457486861154835,0.8512227065675553,-0.012545399889810002,0.009975109221300654,299,True
LEVEL_PLUS_JUMP,pooled,oil,asset_price,a,0.75,11,0.0002522775319030515,0.006648546045356742,0.9697583780391248,-0.010683607544755853,0.011188162608561956,298,True
LEVEL_PLUS_JUMP,pooled,oil,asset_price,a,0.75,12,-0.005928898890698253,0.0027969725973152493,0.03489702212542199,-0.01052950941187612,-0.001328288369520386,297,True
LEVEL_PLUS_JUMP,pooled,oil,asset_price,a,0.75,13,-0.001677557245019945,0.0064707632556643925,0.7956300891220126,-0.012321015655243838,0.008965901165203948,296,True
LEVEL_PLUS_JUMP,pooled,oil,asset_price,a,0.75,14,0.002476709269637112,0.006922702468539198,0.7207868320910034,-0.008910122994045498,0.013863541533319722,295,True
LEVEL_PLUS_JUMP,pooled,oil,asset_price,a,0.75,15,-0.0014581523331644239,0.003347374363930244,0.6634547718558758,-0.006964093196439463,0.004047788530110615,294,True
LEVEL_PLUS_JUMP,pooled,oil,asset_price,a,0.75,16,0.0010725743629771073,0.007203977462238396,0.8817508201750043,-0.010776914094262381,0.012922062820216594,293,True
LEVEL_PLUS_JUMP,pooled,oil,asset_price,a,0.75,17,-0.011458181471710162,0.0031972061714039732,0.0003997497566560453,-0.016717117638855618,-0.006199245304564706,292,True
LEVEL_PLUS_JUMP,pooled,oil,asset_price,a,0.75,18,0.002901621227077378,0.003035081018727027,0.33989189367816636,-0.0020906427946673417,0.007893885248822098,291,True
LEVEL_PLUS_JUMP,pooled,oil,asset_price,a,0.75,19,0.0030600658361087246,0.002825897435351109,0.2798134027205808,-0.00158812180982141,0.007708253482038859,290,True
LEVEL_PLUS_JUMP,pooled,oil,asset_price,a,0.75,20,0.0012916462650170157,0.006684250924218293,0.8469158094438499,-0.009702968111137173,0.012286260641171205,289,True
LEVEL_PLUS_JUMP,pooled,oil,asset_price,a,0.75,21,0.0017846891283475053,0.0032834682822782194,0.5872015141957251,-0.003616135584737944,0.007185513841432955,288,False
LEVEL_PLUS_JUMP,pooled,oil,asset_price,a,0.75,22,-0.0008313438048437784,0.0030006167265703367,0.7819455086966521,-0.005766919110634251,0.004104231500946694,287,True
LEVEL_PLUS_JUMP,pooled,oil,asset_price,a,0.75,23,-0.0023318946918697847,0.0030318906165078124,0.4424880497090104,-0.007318910968952795,0.002655121585213226,286,False
LEVEL_PLUS_JUMP,pooled,oil,asset_price,a,0.75,24,-0.0023241438425911087,0.0025126080039391983,0.3557926806902744,-0.006457016230977798,0.0018087285457955805,285,True
LEVEL_PLUS_JUMP,pooled,dxy,asset_price,a,0.75,0,0.00021736319098970098,0.0006022654322659706,0.7184255679423394,-0.0007732752896604769,0.001208001671639879,309,True
LEVEL_PLUS_JUMP,pooled,dxy,asset_price,a,0.75,1,-0.000634967380286323,0.0006245351120611528,0.3101301773204849,-0.0016622362245186544,0.0003923014639460084,308,True
LEVEL_PLUS_JUMP,pooled,dxy,asset_price,a,0.75,2,0.00028957394197350744,0.0006587293249702302,0.660554706801078,-0.0007939393773830708,0.0013730872613300857,307,True
LEVEL_PLUS_JUMP,pooled,dxy,asset_price,a,0.75,3,0.00049588394105769,0.0006323729333314609,0.433579673019387,-0.0005442769719185049,0.001536044854033885,306,True
LEVEL_PLUS_JUMP,pooled,dxy,asset_price,a,0.75,4,-0.0003855595755476065,0.0014435836606264273,0.7895928780436768,-0.0027600433955368682,0.0019889242444416557,305,True
LEVEL_PLUS_JUMP,pooled,dxy,asset_price,a,0.75,5,0.003834503954410584,0.0007615557138889769,8.403558744741211e-07,0.002581856276294683,0.005087151632526485,304,True
LEVEL_PLUS_JUMP,pooled,dxy,asset_price,a,0.75,6,-0.0015257078008742292,0.000724218038213967,0.03600571691944228,-0.0027169404677341528,-0.0003344751340143056,303,True
LEVEL_PLUS_JUMP,pooled,dxy,asset_price,a,0.75,7,-0.0020229773879802447,0.0006488252503025314,0.0020056672082699968,-0.00309019995419806,-0.0009557548217624292,302,True
LEVEL_PLUS_JUMP,pooled,dxy,asset_price,a,0.75,8,-0.0019445070050073327,0.0015446115161297923,0.20909048884966847,-0.004485166859544434,0.0005961528495297688,301,True
LEVEL_PLUS_JUMP,pooled,dxy,asset_price,a,0.75,9,0.0001030165886867169,0.0014949815861410873,0.9451107915665193,-0.002356009295503115,0.002562042472876549,300,True
LEVEL_PLUS_JUMP,pooled,dxy,asset_price,a,0.75,10,0.00017686448498389863,0.0007431243519385566,0.8120511848210735,-0.0010454663005781985,0.0013991952705459958,299,True
LEVEL_PLUS_JUMP,pooled,dxy,asset_price,a,0.75,11,0.0018724817759857815,0.0007120893947466227,0.009015471700158947,0.0007011989523231206,0.0030437645996484425,298,True
LEVEL_PLUS_JUMP,pooled,dxy,asset_price,a,0.75,12,-0.0005565805994128682,0.0014995445958599029,0.7107912878458938,-0.003023111966688509,0.0019099507678627728,297,True
LEVEL_PLUS_JUMP,pooled,dxy,asset_price,a,0.75,13,-0.0003178338528097291,0.0006965897695002636,0.6485461650217742,-0.0014636220616695277,0.0008279543560500695,296,True
LEVEL_PLUS_JUMP,pooled,dxy,asset_price,a,0.75,14,-0.0019451113589101586,0.0014848450467482871,0.19127384009892484,-0.004387464119515007,0.0004972414016946897,295,True
LEVEL_PLUS_JUMP,pooled,dxy,asset_price,a,0.75,15,-0.0012285008934360044,0.0006441092843691899,0.057506654611339414,-0.0022879663859837838,-0.00016903540088822528,294,True
LEVEL_PLUS_JUMP,pooled,dxy,asset_price,a,0.75,16,-0.0008882293543108348,0.0007146432877240272,0.2149486073421471,-0.0020637129581002256,0.0002872542494785558,293,True
LEVEL_PLUS_JUMP,pooled,dxy,asset_price,a,0.75,17,-0.0010661241569523503,0.0007856012577605643,0.17585642465919193,-0.002358323235117453,0.00022607492121275228,292,True
LEVEL_PLUS_JUMP,pooled,dxy,asset_price,a,0.75,18,-0.001328398270670746,0.0007509206120778855,0.07798988282031263,-0.0025635527629996754,-9.324377834181658e-05,291,True
LEVEL_PLUS_JUMP,pooled,dxy,asset_price,a,0.75,19,-0.0019767340101941207,0.0006039120818372167,0.0011987624655440115,-0.0029700809883638807,-0.0009833870320243607,290,True
LEVEL_PLUS_JUMP,pooled,dxy,asset_price,a,0.75,20,-0.0001557007005832823,0.001431259965517544,0.9134517540069197,-0.0025099138459752537,0.002198512444808689,289,True
LEVEL_PLUS_JUMP,pooled,dxy,asset_price,a,0.75,21,0.0006399275911305616,0.0007401657685222068,0.3880292767640215,-0.000577536757768514,0.0018573919400296372,288,True
LEVEL_PLUS_JUMP,pooled,dxy,asset_price,a,0.75,22,0.0010263152946067885,0.0008118086631423527,0.20722472264375977,-0.00030899112935353634,0.0023616217185671133,287,True
LEVEL_PLUS_JUMP,pooled,dxy,asset_price,a,0.75,23,-0.002668786919755972,0.000772841757084007,0.0006422585898611057,-0.00393999848695515,-0.0013975753525567946,286,True
LEVEL_PLUS_JUMP,pooled,dxy,asset_price,a,0.75,24,-0.0009240570622256038,0.001512295660009084,0.541692297728452,-0.003411562063614516,0.0015634479391633082,285,True
LEVEL_PLUS_JUMP,pooled,vix,asset_price,a,0.75,0,0.03464957889567266,0.15885873205444695,0.827489790115665,-0.22664978269699648,0.2959489404883418,309,True
LEVEL_PLUS_JUMP,pooled,vix,asset_price,a,0.75,1,-0.3067167479652255,0.2342507490944132,0.19143740333691514,-0.6920249422292704,0.07859144629881931,308,True
LEVEL_PLUS_JUMP,pooled,vix,asset_price,a,0.75,2,-0.27489758042322876,0.24163509921963028,0.2561936703151108,-0.6723519497734165,0.12255678892695893,307,True
LEVEL_PLUS_JUMP,pooled,vix,asset_price,a,0.75,3,-0.29463159007725537,0.20087647637495357,0.14352560664390096,-0.6250439908118295,0.035780810657318696,306,True
LEVEL_PLUS_JUMP,pooled,vix,asset_price,a,0.75,4,-0.23520650905169305,0.4902042882654895,0.6317206275056066,-1.0415208105523486,0.5711077924489624,305,True
LEVEL_PLUS_JUMP,pooled,vix,asset_price,a,0.75,5,-0.4216994528682463,0.316033162695614,0.1831353437444973,-0.9415277467650717,0.0981288410285791,304,True
LEVEL_PLUS_JUMP,pooled,vix,asset_price,a,0.75,6,0.45480527599553966,0.3313407823627523,0.17093448535227898,-0.09020181163077179,0.9998123636218511,303,True
LEVEL_PLUS_JUMP,pooled,vix,asset_price,a,0.75,7,-0.22880785303555679,0.3439430848519274,0.5064235219877871,-0.7945438836191276,0.336928177548014,302,True
LEVEL_PLUS_JUMP,pooled,vix,asset_price,a,0.75,8,-0.009842187102094613,0.664647487658186,0.9881955412430865,-1.1030900178208458,1.0834056436166566,301,True
LEVEL_PLUS_JUMP,pooled,vix,asset_price,a,0.75,9,0.2813063574558523,0.7246677065633214,0.6981666687917174,-0.9106659480194319,1.4732786629311365,300,True
LEVEL_PLUS_JUMP,pooled,vix,asset_price,a,0.75,10,0.23349323562610635,0.6523087676778943,0.7206464807313461,-0.8394592067811233,1.306445678033336,299,True
LEVEL_PLUS_JUMP,pooled,vix,asset_price,a,0.75,11,0.6745129114798445,0.6813965068434709,0.32306669066075266,-0.4462846041937023,1.7953104271533913,298,True
LEVEL_PLUS_JUMP,pooled,vix,asset_price,a,0.75,12,0.3044307109533406,0.6995717209772201,0.6637727039988259,-0.8462623716087232,1.4551237935154044,297,True
LEVEL_PLUS_JUMP,pooled,vix,asset_price,a,0.75,13,0.14771748383138572,0.6498795390535285,0.8203553328826132,-0.9212392330623616,1.216674200725133,296,True
LEVEL_PLUS_JUMP,pooled,vix,asset_price,a,0.75,14,0.18838034971008,0.6590831062565287,0.7752251606293298,-0.8957148880784136,1.2724755874985736,295,True
LEVEL_PLUS_JUMP,pooled,vix,asset_price,a,0.75,15,0.3240443235352579,0.6873152064669914,0.6376766229416602,-0.8064885866808729,1.4545772337513887,294,True
LEVEL_PLUS_JUMP,pooled,vix,asset_price,a,0.75,16,0.36301461902746723,0.663458305698642,0.5847095374251933,-0.7282771814320226,1.454306419486957,293,True
LEVEL_PLUS_JUMP,pooled,vix,asset_price,a,0.75,17,0.1964423888024669,0.705237179817601,0.7807988194910381,-0.9635695442815417,1.3564543218864755,292,True
LEVEL_PLUS_JUMP,pooled,vix,asset_price,a,0.75,18,-0.20977529107431003,0.7237842029800784,0.7721621608250342,-1.4002943624762725,0.9807437803276524,291,True
LEVEL_PLUS_JUMP,pooled,vix,asset_price,a,0.75,19,-0.3168759735588793,0.7388787582948709,0.6683592238109841,-1.5322233790175979,0.8984714318998392,290,True
LEVEL_PLUS_JUMP,pooled,vix,asset_price,a,0.75,20,-0.2585757322528346,0.8280971581203762,0.7550849700689732,-1.6206743462553421,1.103522881749673,289,True
LEVEL_PLUS_JUMP,pooled,vix,asset_price,a,0.75,21,-0.23190867733324083,0.7981292064656822,0.7716035785444233,-1.5447143973642186,1.080897042697737,288,True
LEVEL_PLUS_JUMP,pooled,vix,asset_price,a,0.75,22,-0.30557790868854084,0.8340339253317299,0.7143612472455959,-1.6774416357710102,1.0662858183939286,287,True
LEVEL_PLUS_JUMP,pooled,vix,asset_price,a,0.75,23,-0.11203297911605145,0.7043245633675107,0.8737361612023838,-1.2705437917221134,1.0464778334900104,286,True
LEVEL_PLUS_JUMP,pooled,vix,asset_price,a,0.75,24,-0.35313441253902145,0.7406767220780606,0.633908228778001,-1.571439205247647,0.865170380169604,285,True
LEVEL_PLUS_JUMP,pooled,us10y,asset_price,a,0.75,0,-0.006558818016266343,0.008550611074108361,0.443660241533563,-0.020623321654164903,0.007505685621632218,309,True
LEVEL_PLUS_JUMP,pooled,us10y,asset_price,a,0.75,1,0.009477735867993678,0.016708905320930386,0.5709930646372877,-0.01800596765152742,0.036961439387514776,308,True
LEVEL_PLUS_JUMP,pooled,us10y,asset_price,a,0.75,2,-0.0012387722820700886,0.008196839557880161,0.8799787111537123,-0.014721373558388574,0.012243828994248397,307,True
LEVEL_PLUS_JUMP,pooled,us10y,asset_price,a,0.75,3,-0.016695962000704778,0.008115337625239272,0.04054191665715906,-0.030044504527515344,-0.0033474194738942146,306,True
LEVEL_PLUS_JUMP,pooled,us10y,asset_price,a,0.75,4,-0.018240071884833814,0.008942690076508178,0.04228690731450595,-0.03294948809188123,-0.003530655677786399,305,True
LEVEL_PLUS_JUMP,pooled,us10y,asset_price,a,0.75,5,0.02038934956112365,0.009703642800687825,0.0364857638737861,0.004428277505770739,0.03635042161647656,304,True
LEVEL_PLUS_JUMP,pooled,us10y,asset_price,a,0.75,6,0.01629589581051219,0.009211055964000273,0.07792065693022077,0.0011450570000733525,0.03144673462095103,303,True
LEVEL_PLUS_JUMP,pooled,us10y,asset_price,a,0.75,7,-0.00538004909378572,0.018386351180286246,0.7700301833383135,-0.03562290551908304,0.024862807331511593,302,True
LEVEL_PLUS_JUMP,pooled,us10y,asset_price,a,0.75,8,-0.016320261512210554,0.008508516864369734,0.056089327994834653,-0.03031552633654688,-0.002324996687874229,301,True
LEVEL_PLUS_JUMP,pooled,us10y,asset_price,a,0.75,9,-0.022616306719773903,0.008589995935747356,0.008927026927630468,-0.036745592690186346,-0.00848702074936146,300,True
LEVEL_PLUS_JUMP,pooled,us10y,asset_price,a,0.75,10,0.006479515032240535,0.008409998936384666,0.4416689842695477,-0.007353702220929806,0.020312732285410875,299,True
LEVEL_PLUS_JUMP,pooled,us10y,asset_price,a,0.75,11,-0.023324722520937882,0.008033662929735237,0.003981308669788645,-0.03653892212861848,-0.010110522913257288,298,True
LEVEL_PLUS_JUMP,pooled,us10y,asset_price,a,0.75,12,-0.003779420960464658,0.01867142411902746,0.8397358740474344,-0.03449118064299617,0.026932338722066858,297,True
LEVEL_PLUS_JUMP,pooled,us10y,asset_price,a,0.75,13,0.008783344806349902,0.019735227581209602,0.6566183888528502,-0.02367821585931544,0.041244905472015245,296,False
LEVEL_PLUS_JUMP,pooled,us10y,asset_price,a,0.75,14,0.002174095083148586,0.009972903361557097,0.8275871680651423,-0.014229871182345134,0.018578061348642306,295,True
LEVEL_PLUS_JUMP,pooled,us10y,asset_price,a,0.75,15,-0.004362183482047061,0.009341722370252504,0.6408937254134617,-0.019727949404730598,0.011003582440636475,294,True
LEVEL_PLUS_JUMP,pooled,us10y,asset_price,a,0.75,16,-0.01747869988736382,0.01893635878540364,0.35679261538668106,-0.048626238316789375,0.013668838542061728,293,True
LEVEL_PLUS_JUMP,pooled,us10y,asset_price,a,0.75,17,-0.0026616879283977227,0.018514237438833094,0.8857906845814657,-0.03311489852990307,0.027791522673107628,292,True
LEVEL_PLUS_JUMP,pooled,us10y,asset_price,a,0.75,18,0.002091054441406115,0.00844467261605166,0.804613290513482,-0.011799195939524235,0.015981304822336465,291,True
LEVEL_PLUS_JUMP,pooled,us10y,asset_price,a,0.75,19,-0.03336442089905989,0.007843682044445056,2.8825104261417018e-05,-0.04626612975851948,-0.020462712039600296,290,True
LEVEL_PLUS_JUMP,pooled,us10y,asset_price,a,0.75,20,0.00037140520112551034,0.01610110918377353,0.9816135119897385,-0.02611256263774604,0.02685537303999706,289,True
LEVEL_PLUS_JUMP,pooled,us10y,asset_price,a,0.75,21,0.030454407268543995,0.01832388194859244,0.0976550947625208,0.00031430358557111085,0.06059451095151688,288,True
LEVEL_PLUS_JUMP,pooled,us10y,asset_price,a,0.75,22,-0.010006406407134833,0.008652738901350788,0.24851063422893685,-0.024238895372085775,0.004226082557816107,287,True
LEVEL_PLUS_JUMP,pooled,us10y,asset_price,a,0.75,23,-0.03751591524738185,0.008445790967331345,1.2979964138233223e-05,-0.05140800515247079,-0.023623825342292903,286,True
LEVEL_PLUS_JUMP,pooled,us10y,asset_price,a,0.75,24,0.006298372629140098,0.00897076474883221,0.48321946161391605,-0.008457222304504977,0.021053967562785172,285,True
LEVEL_PLUS_JUMP,pooled,ip,real_macro,a,0.75,0,-0.034326662573647804,0.022425606217203745,0.12691750995207446,-0.07121350229660087,0.0025601771493052594,309,True
LEVEL_PLUS_JUMP,pooled,ip,real_macro,a,0.75,1,-0.054235715370656606,0.018685607323155183,0.003981561654551891,-0.0849708043479394,-0.023500626393373813,308,True
LEVEL_PLUS_JUMP,pooled,ip,real_macro,a,0.75,2,-0.030344977951715923,0.045404056648183186,0.5044479247024591,-0.10502800520779014,0.04433804930435829,307,True
LEVEL_PLUS_JUMP,pooled,ip,real_macro,a,0.75,3,0.004139581890204802,0.019473147916563883,0.8318036919611309,-0.027890896088517803,0.03617005986892741,306,True
LEVEL_PLUS_JUMP,pooled,ip,real_macro,a,0.75,4,-0.02410893852511795,0.04486147720206782,0.5913961845322759,-0.09789950201133998,0.04968162496110409,305,True
LEVEL_PLUS_JUMP,pooled,ip,real_macro,a,0.75,5,0.008914646581302949,0.018062845666494264,0.62200816473426,-0.02079609062629482,0.03862538378890072,304,True
LEVEL_PLUS_JUMP,pooled,ip,real_macro,a,0.75,6,-0.0006699145904521531,0.04663269477111685,0.9885480798982037,-0.07737387171924466,0.07603404253834035,303,True
LEVEL_PLUS_JUMP,pooled,ip,real_macro,a,0.75,7,-0.003780548407973372,0.04487962247858318,0.9329261058700661,-0.07760095821808374,0.070039861402137,302,True
LEVEL_PLUS_JUMP,pooled,ip,real_macro,a,0.75,8,0.006086048595122101,0.0457541460236696,0.8942736806105915,-0.06917282443997812,0.08134492163022232,301,True
LEVEL_PLUS_JUMP,pooled,ip,real_macro,a,0.75,9,-0.028552923911184358,0.01976152670234592,0.14958788696904177,-0.06105774278163641,0.0039518949592676905,300,True
LEVEL_PLUS_JUMP,pooled,ip,real_macro,a,0.75,10,-0.03607982204444071,0.04526253934615738,0.42604303404166294,-0.11053007405300139,0.03837042996411996,299,True
LEVEL_PLUS_JUMP,pooled,ip,real_macro,a,0.75,11,0.0042335715364421045,0.020693799114919816,0.8380455320515781,-0.029804698993138916,0.038271842066023125,298,True
LEVEL_PLUS_JUMP,pooled,ip,real_macro,a,0.75,12,-0.02727327049813326,0.020557704909372598,0.1856877014050601,-0.06108768598011286,0.006541144983846343,297,True
LEVEL_PLUS_JUMP,pooled,ip,real_macro,a,0.75,13,-0.0022967492563532657,0.017937137209975803,0.8982051314035668,-0.031800714453308176,0.027207215940601645,296,True
LEVEL_PLUS_JUMP,pooled,ip,real_macro,a,0.75,14,-0.0503245295044604,0.04402107359313412,0.2539319878066446,-0.12273275206642473,0.022083693057503934,295,True
LEVEL_PLUS_JUMP,pooled,ip,real_macro,a,0.75,15,0.05520661533653226,0.02083539279722128,0.008515333425697566,0.02093544392506426,0.08947778674800026,294,True
LEVEL_PLUS_JUMP,pooled,ip,real_macro,a,0.75,16,-0.019250055042896896,0.020600310493791706,0.3508774833792559,-0.053134550474936655,0.014634440389142862,293,True
LEVEL_PLUS_JUMP,pooled,ip,real_macro,a,0.75,17,-0.03289008500441162,0.020836729290651803,0.11559557025476816,-0.06716345475194621,0.0013832847431229714,292,True
LEVEL_PLUS_JUMP,pooled,ip,real_macro,a,0.75,18,-0.05251429305287411,0.019941654931169894,0.008928528871839758,-0.08531539649382362,-0.0197131896119246,291,True
LEVEL_PLUS_JUMP,pooled,ip,real_macro,a,0.75,19,-0.023601464252404003,0.021757172572628956,0.27897145608505997,-0.059388828470701836,0.01218589996589383,290,True
LEVEL_PLUS_JUMP,pooled,ip,real_macro,a,0.75,20,-0.016057380742961813,0.04699974243991721,0.7328765264575504,-0.09336507756104467,0.06125031607512105,289,True
LEVEL_PLUS_JUMP,pooled,ip,real_macro,a,0.75,21,0.0019329606491218614,0.04600630641662677,0.9665172416903017,-0.07374067932290747,0.0776066006211512,288,True
LEVEL_PLUS_JUMP,pooled,ip,real_macro,a,0.75,22,0.08669408375814591,0.02254863979315596,0.0001502060219806336,0.049604871811551036,0.12378329570474078,287,True
LEVEL_PLUS_JUMP,pooled,ip,real_macro,a,0.75,23,0.009494457598675399,0.019742764699859854,0.6309683403735873,-0.022979500523938573,0.04196841572128937,286,True
LEVEL_PLUS_JUMP,pooled,ip,real_macro,a,0.75,24,-0.017643165799676508,0.04737754222472871,0.7098897388818579,-0.09557228796406805,0.06028595636471504,285,True
LEVEL_PLUS_JUMP,pooled,cpi,real_macro,a,0.75,0,-0.034252141739225805,0.008273181296088217,4.5350213789924306e-05,-0.04786031400052359,-0.02064396947792802,309,True
LEVEL_PLUS_JUMP,pooled,cpi,real_macro,a,0.75,1,-0.018686937236568446,0.009321278821972303,0.04590523130139966,-0.034019076514715536,-0.0033547979584213575,308,True
LEVEL_PLUS_JUMP,pooled,cpi,real_macro,a,0.75,2,-0.019345750083403335,0.008970520761020784,0.03185090877850194,-0.03410094369281185,-0.004590556473994818,307,True
LEVEL_PLUS_JUMP,pooled,cpi,real_macro,a,0.75,3,-0.009351466173767267,0.008473119395819271,0.27064815303670825,-0.02328850734357346,0.004585574996038927,306,True
LEVEL_PLUS_JUMP,pooled,cpi,real_macro,a,0.75,4,-0.0067370295707874644,0.008278161212445286,0.4164068238847544,-0.02035339306556709,0.006879333923992162,305,True
LEVEL_PLUS_JUMP,pooled,cpi,real_macro,a,0.75,5,-0.005458909638347109,0.018776929768542526,0.771469991154377,-0.03634421067114735,0.025426391394453133,304,True
LEVEL_PLUS_JUMP,pooled,cpi,real_macro,a,0.75,6,0.0006430456999840239,0.019407442083482065,0.9735906215670307,-0.031279355800882085,0.03256544720085013,303,True
LEVEL_PLUS_JUMP,pooled,cpi,real_macro,a,0.75,7,-0.011030778624889492,0.017860219223733285,0.5373157351263829,-0.040408224993195595,0.01834666774341661,302,True
LEVEL_PLUS_JUMP,pooled,cpi,real_macro,a,0.75,8,-0.009308309405215237,0.0186231957764135,0.6175824019183308,-0.03994074052347632,0.02132412171304585,301,True
LEVEL_PLUS_JUMP,pooled,cpi,real_macro,a,0.75,9,-0.007840328521328974,0.009041362812598208,0.3865800781360249,-0.0227120469362153,0.007031389893557352,300,True
LEVEL_PLUS_JUMP,pooled,cpi,real_macro,a,0.75,10,-0.007188239751301248,0.007801931289864667,0.35765162602118306,-0.020021274730661322,0.005644795228058826,299,True
LEVEL_PLUS_JUMP,pooled,cpi,real_macro,a,0.75,11,-0.010397062475374995,0.017601715696285637,0.5552015255447196,-0.039349308378979084,0.018555183428229094,298,True
LEVEL_PLUS_JUMP,pooled,cpi,real_macro,a,0.75,12,-0.006640949736572255,0.018787988274482033,0.7240008965123962,-0.03754444039297576,0.02426254091983125,297,True
LEVEL_PLUS_JUMP,pooled,cpi,real_macro,a,0.75,13,-0.00842020667989285,0.007760624522776908,0.27885237427927495,-0.021185298073590986,0.004344884713805286,296,True
LEVEL_PLUS_JUMP,pooled,cpi,real_macro,a,0.75,14,-0.00785308018905373,0.01942022906200059,0.6862436446744514,-0.03979651439791378,0.024090354019806325,295,True
LEVEL_PLUS_JUMP,pooled,cpi,real_macro,a,0.75,15,0.004967539346740213,0.018177466718009887,0.7848393947155098,-0.024931732713168023,0.03486681140664845,294,True
LEVEL_PLUS_JUMP,pooled,cpi,real_macro,a,0.75,16,0.008331977322586837,0.019826595832558302,0.6746318103895678,-0.024279870742697628,0.0409438253878713,293,True
LEVEL_PLUS_JUMP,pooled,cpi,real_macro,a,0.75,17,-0.002479144512408382,0.009772326067674461,0.799922333529837,-0.018553190488575136,0.013594901463758371,292,True
LEVEL_PLUS_JUMP,pooled,cpi,real_macro,a,0.75,18,-0.03259372560879337,0.00838132699577318,0.00012615870131916807,-0.046379781716457166,-0.018807669501129564,291,True
LEVEL_PLUS_JUMP,pooled,cpi,real_macro,a,0.75,19,-0.021935197030876985,0.008182122624466166,0.0077850725923735665,-0.03539359110589185,-0.008476802955862114,290,True
LEVEL_PLUS_JUMP,pooled,cpi,real_macro,a,0.75,20,-0.010568329041960145,0.007943587638355832,0.18448124187727719,-0.023634367979916616,0.0024977098959963247,289,True
LEVEL_PLUS_JUMP,pooled,cpi,real_macro,a,0.75,21,-0.0032996403683223097,0.019458883145980592,0.8654735408631573,-0.03530665488741336,0.02870737415076874,288,True
LEVEL_PLUS_JUMP,pooled,cpi,real_macro,a,0.75,22,0.0031581344371989784,0.008471245109662358,0.7095818131730575,-0.010775823806224072,0.017092092680622027,287,True
LEVEL_PLUS_JUMP,pooled,cpi,real_macro,a,0.75,23,0.01870196664928222,0.008667298090690438,0.03182181619609949,0.004445529948940482,0.03295840334962395,286,True
LEVEL_PLUS_JUMP,pooled,cpi,real_macro,a,0.75,24,0.0007666840715889744,0.0075417449771458,0.9191027513543948,-0.011638382507612342,0.013171750650790291,285,True
LEVEL_PLUS_JUMP,pooled,infl_exp,real_macro,a,0.75,0,-0.013453397254043375,0.011423279925540486,0.2398584583871207,-0.03224302067125059,0.005336226163163836,309,True
LEVEL_PLUS_JUMP,pooled,infl_exp,real_macro,a,0.75,1,-0.03772224089092424,0.020876146057324567,0.07179164655717912,-0.07206044545008322,-0.003384036331765254,308,True
LEVEL_PLUS_JUMP,pooled,infl_exp,real_macro,a,0.75,2,0.05605952103230565,0.021874728896287603,0.010884236930257637,0.020078793868666817,0.09204024819594449,307,True
LEVEL_PLUS_JUMP,pooled,infl_exp,real_macro,a,0.75,3,-0.0011443390437366752,0.009309724296308346,0.9022560501088212,-0.0164574728184377,0.01416879473096435,306,False
LEVEL_PLUS_JUMP,pooled,infl_exp,real_macro,a,0.75,4,-0.001402573050739847,0.022495017314489645,0.9503266064216717,-0.0384035838688143,0.03559843776733461,305,True
LEVEL_PLUS_JUMP,pooled,infl_exp,real_macro,a,0.75,5,0.016976668445709123,0.02117417375160827,0.42334655323386633,-0.017851748047324402,0.05180508493874265,304,True
LEVEL_PLUS_JUMP,pooled,infl_exp,real_macro,a,0.75,6,0.00458245005683347,0.011418697967408055,0.6884876745548837,-0.014199636709921071,0.023364536823588012,303,True
LEVEL_PLUS_JUMP,pooled,infl_exp,real_macro,a,0.75,7,-0.0010403481775245194,0.010770441160754072,0.9231168742517671,-0.018756147384658278,0.01667545102960924,302,True
LEVEL_PLUS_JUMP,pooled,infl_exp,real_macro,a,0.75,8,-0.003525930956269324,0.02283004223357014,0.8773693209626756,-0.04107800872761246,0.034026146815073814,301,True
LEVEL_PLUS_JUMP,pooled,infl_exp,real_macro,a,0.75,9,-0.009351798014041554,0.023187210457710133,0.6870163311979799,-0.047491365234293176,0.028787769206210068,300,True
LEVEL_PLUS_JUMP,pooled,infl_exp,real_macro,a,0.75,10,-0.00712364946074498,0.010024721519107823,0.47790814644963864,-0.023612849010627955,0.009365550089137996,299,True
LEVEL_PLUS_JUMP,pooled,infl_exp,real_macro,a,0.75,11,-0.01376790689322599,0.023097532964204734,0.5515985994789488,-0.05175996776302934,0.02422415397657736,298,True
LEVEL_PLUS_JUMP,pooled,infl_exp,real_macro,a,0.75,12,-0.0007184515592432161,0.009713673597346376,0.9410921496055769,-0.01669602280686116,0.015259119688374727,297,True
LEVEL_PLUS_JUMP,pooled,infl_exp,real_macro,a,0.75,13,0.048417278650484535,0.009711948472874626,1.0817878987430394e-06,0.0324425449801109,0.06439201232085817,296,False
LEVEL_PLUS_JUMP,pooled,infl_exp,real_macro,a,0.75,14,0.0010860236884987912,0.022788717010573292,0.9620240931058769,-0.0363980801399134,0.03857012751691098,295,True
LEVEL_PLUS_JUMP,pooled,infl_exp,real_macro,a,0.75,15,-0.007506363143479078,0.009603503020613625,0.4350938685178753,-0.023302719918374817,0.008289993631416661,294,True
LEVEL_PLUS_JUMP,pooled,infl_exp,real_macro,a,0.75,16,0.00342575911521166,0.023143177499810264,0.8824302922199083,-0.034641380334532956,0.041492898564956276,293,True
LEVEL_PLUS_JUMP,pooled,infl_exp,real_macro,a,0.75,17,0.01185896000991083,0.020902376851245665,0.5709343785260128,-0.022522390365767093,0.046240310385588755,292,True
LEVEL_PLUS_JUMP,pooled,infl_exp,real_macro,a,0.75,18,-0.03881963432625382,0.01098681900297996,0.0004807059141753537,-0.056891343411964765,-0.020747925240542878,291,True
LEVEL_PLUS_JUMP,pooled,infl_exp,real_macro,a,0.75,19,0.0028636530924863735,0.011935777575152288,0.8105689806275844,-0.016768953942488916,0.022496260127461663,290,True
LEVEL_PLUS_JUMP,pooled,infl_exp,real_macro,a,0.75,20,0.03078764744287743,0.009110208159424753,0.00083141686042833,0.01580268850956473,0.04577260637619013,289,True
LEVEL_PLUS_JUMP,pooled,infl_exp,real_macro,a,0.75,21,-0.022731502538339027,0.02333881112818862,0.3309262316422345,-0.06112043067127546,0.01565742559459741,288,True
LEVEL_PLUS_JUMP,pooled,infl_exp,real_macro,a,0.75,22,0.028976915654628677,0.024200139511252626,0.2321946586386834,-0.010828771593186834,0.06878260290244419,287,True
LEVEL_PLUS_JUMP,pooled,infl_exp,real_macro,a,0.75,23,0.004862148512244785,0.02479363488539206,0.844674642143951,-0.03591975175430289,0.04564404877879246,286,True
LEVEL_PLUS_JUMP,pooled,infl_exp,real_macro,a,0.75,24,-0.008742633792001214,0.011131752247548674,0.43291803511441634,-0.027052736850706853,0.009567469266704424,285,True
LEVEL_PLUS_JUMP,pooled,freight,physical_channel,a,0.75,0,-0.0011529339178293907,0.0013954329747071538,0.40934731296857135,-0.0034482169074441346,0.0011423490717853532,309,True
LEVEL_PLUS_JUMP,pooled,freight,physical_channel,a,0.75,1,0.0037298120835399795,0.0008081700014118285,5.874925446728313e-06,0.0024004907255243567,0.005059133441555602,308,True
LEVEL_PLUS_JUMP,pooled,freight,physical_channel,a,0.75,2,-0.0007619283809415997,0.0014628979926010262,0.6028751424281366,-0.003168181449931426,0.0016443246880482264,307,True
LEVEL_PLUS_JUMP,pooled,freight,physical_channel,a,0.75,3,-2.271910786543624e-05,0.0016401175508145415,0.9889574189384353,-0.0027204724099495004,0.002675034194218628,306,True
LEVEL_PLUS_JUMP,pooled,freight,physical_channel,a,0.75,4,-0.0004875014008975283,0.0008212004514581674,0.5532108434776493,-0.0018382559419326814,0.0008632531401376248,305,True
LEVEL_PLUS_JUMP,pooled,freight,physical_channel,a,0.75,5,-0.0008131144714505073,0.0007853794439946947,0.30138475341777105,-0.0021049486984383117,0.00047871975553729707,304,True
LEVEL_PLUS_JUMP,pooled,freight,physical_channel,a,0.75,6,-0.0008648535686563708,0.0006333734736660467,0.17316668932453105,-0.0019066602240308205,0.000176953086718079,303,True
LEVEL_PLUS_JUMP,pooled,freight,physical_channel,a,0.75,7,0.0016471283024994438,0.0014740001696206444,0.26473130683749574,-0.0007773862226281582,0.004071642827627045,302,True
LEVEL_PLUS_JUMP,pooled,freight,physical_channel,a,0.75,8,0.002088925242701767,0.0015191193176050117,0.17017612333376797,-0.0004098036766328819,0.004587654162036416,301,True
LEVEL_PLUS_JUMP,pooled,freight,physical_channel,a,0.75,9,2.3663099719082106e-05,0.0014886965683172102,0.987329098077558,-0.0024250248501076913,0.0024723510495458555,300,True
LEVEL_PLUS_JUMP,pooled,freight,physical_channel,a,0.75,10,0.0012337143682751295,0.000788123703849412,0.11860309321341765,-6.263376448800381e-05,0.0025300625010382626,299,False
LEVEL_PLUS_JUMP,pooled,freight,physical_channel,a,0.75,11,0.0017987255680129311,0.0016885156519282434,0.2876584515593099,-0.0009786355262255695,0.004576086662251432,298,True
LEVEL_PLUS_JUMP,pooled,freight,physical_channel,a,0.75,12,0.0004675098401818317,0.0017123875920461197,0.7850397537611693,-0.002349117101341926,0.0032841367817055896,297,True
LEVEL_PLUS_JUMP,pooled,freight,physical_channel,a,0.75,13,0.00032980053302401717,0.0008193915776788804,0.687625127437984,-0.0010179786754145781,0.0016775797414626125,296,True
LEVEL_PLUS_JUMP,pooled,freight,physical_channel,a,0.75,14,-1.4017861443785945e-05,0.0017047446876959588,0.9934450228069925,-0.0028180733440267385,0.0027900376211391666,295,True
LEVEL_PLUS_JUMP,pooled,freight,physical_channel,a,0.75,15,0.00032670801160354646,0.0018029701465740948,0.8563374168379458,-0.002638913973274081,0.0032923299964811737,294,True
LEVEL_PLUS_JUMP,pooled,freight,physical_channel,a,0.75,16,-0.00021892118149429568,0.0008310006042086554,0.7924037127089999,-0.0015857955393257673,0.001147953176337176,293,True
LEVEL_PLUS_JUMP,pooled,freight,physical_channel,a,0.75,17,-0.000609267141747338,0.0016293502738867502,0.708739507263355,-0.0032893098493243338,0.002070775565829658,292,True
LEVEL_PLUS_JUMP,pooled,freight,physical_channel,a,0.75,18,-0.001021695647087103,0.0016339180800822551,0.5322863015699675,-0.0037092517272519863,0.0016658604330777801,291,True
LEVEL_PLUS_JUMP,pooled,freight,physical_channel,a,0.75,19,0.004317164352746872,0.0017109148524633545,0.012187555433199281,0.0015029598522673803,0.007131368853226364,290,False
LEVEL_PLUS_JUMP,pooled,freight,physical_channel,a,0.75,20,-0.00064988094884641,0.0015552244688838773,0.6763685868951869,-0.003207997557213733,0.0019082356595209126,289,True
LEVEL_PLUS_JUMP,pooled,freight,physical_channel,a,0.75,21,0.0008470811482738233,0.000715406173534964,0.2374169423295599,-0.0003296572910086366,0.002023819587556283,288,True
LEVEL_PLUS_JUMP,pooled,freight,physical_channel,a,0.75,22,-0.0004464793099237832,0.0005804501966002663,0.44244260879053937,-0.0014012349210664262,0.0005082763012188599,287,True
LEVEL_PLUS_JUMP,pooled,freight,physical_channel,a,0.75,23,-0.0005280276693156475,0.0012241265167445834,0.6665551606235006,-0.0025415366102304474,0.0014854812715991523,286,True
LEVEL_PLUS_JUMP,pooled,freight,physical_channel,a,0.75,24,-0.00025445930545068933,0.0007084122644980949,0.7197276982500901,-0.0014196937880872865,0.0009107751771859078,285,True
LEVEL_PLUS_JUMP,pooled,oil,asset_price,a,0.9,0,-0.010551805182462688,0.013006969476117076,0.41788051483824007,-0.03194636610090095,0.010842755735975575,309,True
LEVEL_PLUS_JUMP,pooled,oil,asset_price,a,0.9,1,0.00873679928274157,0.004199987744450847,0.03837347213917632,0.0018284342081298609,0.01564516435735328,308,True
LEVEL_PLUS_JUMP,pooled,oil,asset_price,a,0.9,2,0.021834121212395752,0.003216740484439424,6.323349258088772e-11,0.01654305395960393,0.027125188465187574,307,True
LEVEL_PLUS_JUMP,pooled,oil,asset_price,a,0.9,3,-0.00841734844481093,0.013421316320138571,0.5310426884511007,-0.030493449272453843,0.013658752382831985,306,True
LEVEL_PLUS_JUMP,pooled,oil,asset_price,a,0.9,4,0.023377819438175823,0.0027213266996795374,5.354275677956578e-16,0.018901635346088057,0.02785400353026359,305,True
LEVEL_PLUS_JUMP,pooled,oil,asset_price,a,0.9,5,0.0028484176763448896,0.013900350383857606,0.837780748120754,-0.020015624068439583,0.02571245942112936,304,True
LEVEL_PLUS_JUMP,pooled,oil,asset_price,a,0.9,6,-0.0026542841759045754,0.0049572912208368,0.592764086167733,-0.010808302620352678,0.005499734268543527,303,True
LEVEL_PLUS_JUMP,pooled,oil,asset_price,a,0.9,7,-0.011189105727227599,0.002554536833296971,1.6627296288180787e-05,-0.01539094490265725,-0.006987266551797948,302,True
LEVEL_PLUS_JUMP,pooled,oil,asset_price,a,0.9,8,3.5604920927939654e-05,0.0035949792507010965,0.9921047066703502,-0.005877609738403045,0.005948819580258924,301,True
LEVEL_PLUS_JUMP,pooled,oil,asset_price,a,0.9,9,-0.003906529736072278,0.014148298028744568,0.7826606494808926,-0.027178409063843143,0.019365349591698586,300,True
LEVEL_PLUS_JUMP,pooled,oil,asset_price,a,0.9,10,-0.002496464854012559,0.012973369198418344,0.8475424744769391,-0.023835758233811486,0.01884282852578637,299,True
LEVEL_PLUS_JUMP,pooled,oil,asset_price,a,0.9,11,-0.0020206010876114844,0.012846435135465762,0.875128967455695,-0.02315110651357917,0.0191099043383562,298,True
LEVEL_PLUS_JUMP,pooled,oil,asset_price,a,0.9,12,-0.005346843483335917,0.0028711251872926054,0.06359966107485487,-0.010069424161085885,-0.0006242628055859499,297,True
LEVEL_PLUS_JUMP,pooled,oil,asset_price,a,0.9,13,-0.0037847939648900653,0.012916840355102733,0.7697281950405359,-0.025031105671733937,0.017461517741953807,296,True
LEVEL_PLUS_JUMP,pooled,oil,asset_price,a,0.9,14,-0.0004301271744347815,0.013011681399950813,0.9736525998618518,-0.021832438517880887,0.020972184169011324,295,True
LEVEL_PLUS_JUMP,pooled,oil,asset_price,a,0.9,15,0.010169182651154851,0.004794280667274866,0.03479149231685909,0.0022832927069644637,0.018055072595345237,294,True
LEVEL_PLUS_JUMP,pooled,oil,asset_price,a,0.9,16,0.011363321322994946,0.004058789402385009,0.0054723559402457,0.004687206853449765,0.018039435792540127,293,True
LEVEL_PLUS_JUMP,pooled,oil,asset_price,a,0.9,17,-0.014775207356298559,0.004502971748359405,0.0011655411654495102,-0.022181936768647537,-0.007368477943949579,292,True
LEVEL_PLUS_JUMP,pooled,oil,asset_price,a,0.9,18,-0.006104510019542875,0.0033527078743722373,0.06972066402183946,-0.01161922372681281,-0.0005897963122729393,291,True
LEVEL_PLUS_JUMP,pooled,oil,asset_price,a,0.9,19,0.0008282331971183332,0.012974846078052868,0.9491488039477467,-0.02051348943350401,0.022169955827740676,290,True
LEVEL_PLUS_JUMP,pooled,oil,asset_price,a,0.9,20,-0.000711358902124256,0.012407331009046275,0.9543209664446601,-0.02111960231314149,0.019696884508892978,289,True
LEVEL_PLUS_JUMP,pooled,oil,asset_price,a,0.9,21,-0.0002433664754778811,0.004457589346146373,0.9565001250265268,-0.007575448478946985,0.0070887155279912226,288,True
LEVEL_PLUS_JUMP,pooled,oil,asset_price,a,0.9,22,-0.0031109026217846156,0.0025359693564298074,0.22098798355000082,-0.007282201015545975,0.0010603957719767442,287,True
LEVEL_PLUS_JUMP,pooled,oil,asset_price,a,0.9,23,-0.010170015822271658,0.014006858597719654,0.46841771066569915,-0.03320924798892724,0.012869216344383927,286,True
LEVEL_PLUS_JUMP,pooled,oil,asset_price,a,0.9,24,0.01891569216378053,0.0028048163147010546,9.277300854454922e-11,0.014302179875611838,0.02352920445194922,285,True
LEVEL_PLUS_JUMP,pooled,dxy,asset_price,a,0.9,0,0.0022751401165025664,0.0007531596570256132,0.0027418948362650103,0.0010363027229704598,0.003513977510034673,309,True
LEVEL_PLUS_JUMP,pooled,dxy,asset_price,a,0.9,1,0.0011428247472620862,0.0007721916747923897,0.13995054223967726,-0.00012731752972190767,0.00241296702424608,308,True
LEVEL_PLUS_JUMP,pooled,dxy,asset_price,a,0.9,2,0.0004249027359755856,0.000886877312333001,0.6322250017119254,-0.0010338806278763248,0.001883686099827496,307,True
LEVEL_PLUS_JUMP,pooled,dxy,asset_price,a,0.9,3,0.0016709596478297877,0.0006291765494977037,0.008346980443652575,0.0006360563183956773,0.002705862977263898,306,True
LEVEL_PLUS_JUMP,pooled,dxy,asset_price,a,0.9,4,-0.0011587349555214135,0.0005941475398564856,0.05210654507324242,-0.002136020691398648,-0.0001814492196441787,305,True
LEVEL_PLUS_JUMP,pooled,dxy,asset_price,a,0.9,5,0.0019770757784191226,0.0009162470843568292,0.031764512158900346,0.0004699834385310806,0.0034841681183071646,304,True
LEVEL_PLUS_JUMP,pooled,dxy,asset_price,a,0.9,6,0.0020463437107527405,0.0006148494363744835,0.0009873197421418117,0.0010350063853031028,0.0030576810362023784,303,False
LEVEL_PLUS_JUMP,pooled,dxy,asset_price,a,0.9,7,-0.002573029311903754,0.0026734957556478057,0.3366453654504379,-0.006970538502220414,0.0018244798784129062,302,True
LEVEL_PLUS_JUMP,pooled,dxy,asset_price,a,0.9,8,-0.0024195475708997474,0.002709842875324053,0.3726728297550043,-0.006876842452845122,0.0020377473110456267,301,True
LEVEL_PLUS_JUMP,pooled,dxy,asset_price,a,0.9,9,-0.0007582651865272738,0.0026846972283906235,0.777810636913878,-0.0051741991599121556,0.003657668786857608,300,True
LEVEL_PLUS_JUMP,pooled,dxy,asset_price,a,0.9,10,-0.0011829013711381342,0.0006226384208641933,0.058465953557794895,-0.0022070504359759397,-0.0001587523063003287,299,True
LEVEL_PLUS_JUMP,pooled,dxy,asset_price,a,0.9,11,-0.00023174678037274354,0.0008355609802732372,0.7817095263711384,-0.0016061222893143053,0.0011426287285688183,298,True
LEVEL_PLUS_JUMP,pooled,dxy,asset_price,a,0.9,12,-0.0009252616502754742,0.0026376825590360828,0.7260100101444222,-0.005263863374252616,0.003413340073701667,297,True
LEVEL_PLUS_JUMP,pooled,dxy,asset_price,a,0.9,13,0.00028537031199755286,0.0008303032027697124,0.7313324612079135,-0.0010803569225476322,0.001651097546542738,296,True
LEVEL_PLUS_JUMP,pooled,dxy,asset_price,a,0.9,14,-0.002086672992290063,0.0007105156210280587,0.003590203697307096,-0.003255367188543743,-0.0009179787960363829,295,True
LEVEL_PLUS_JUMP,pooled,dxy,asset_price,a,0.9,15,-0.0019884564397014692,0.000690969620903721,0.004313331347390356,-0.0031250003267582387,-0.0008519125526447,294,True
LEVEL_PLUS_JUMP,pooled,dxy,asset_price,a,0.9,16,-0.001065670708211926,0.0009755992000883225,0.2756329015704673,-0.002670388590928158,0.0005390471745043062,293,True
LEVEL_PLUS_JUMP,pooled,dxy,asset_price,a,0.9,17,-0.0002063271382654469,0.0009973860282616832,0.8362644749974566,-0.0018468811643224002,0.0014342268877915064,292,True
LEVEL_PLUS_JUMP,pooled,dxy,asset_price,a,0.9,18,-0.0005464945443993002,0.0011325024651986136,0.6297929670482428,-0.0024092953318127232,0.0013163062430141229,291,True
LEVEL_PLUS_JUMP,pooled,dxy,asset_price,a,0.9,19,-0.001622446193412383,0.0007574552269882813,0.0330711283540771,-0.002868349170777408,-0.00037654321604735775,290,True
LEVEL_PLUS_JUMP,pooled,dxy,asset_price,a,0.9,20,-0.0010407117083099807,0.0030287295697174897,0.7313996955039689,-0.006022528526114965,0.003941105109495004,289,True
LEVEL_PLUS_JUMP,pooled,dxy,asset_price,a,0.9,21,0.0018144800000773342,0.0007385975805491091,0.014644101974558087,0.00059959509085355,0.0030293649093011184,288,True
LEVEL_PLUS_JUMP,pooled,dxy,asset_price,a,0.9,22,-0.0005926979282973033,0.0009176297829914412,0.5188860616881892,-0.002102064605049468,0.0009166687484548611,287,True
LEVEL_PLUS_JUMP,pooled,dxy,asset_price,a,0.9,23,-0.002792853674212163,0.0008737294526148523,0.0015553597616212215,-0.004230010733320027,-0.0013556966151042989,286,True
LEVEL_PLUS_JUMP,pooled,dxy,asset_price,a,0.9,24,-0.0016747545642101166,0.002837846245653854,0.5555819442221002,-0.006342596254104477,0.0029930871256842436,285,True
LEVEL_PLUS_JUMP,pooled,vix,asset_price,a,0.9,0,1.8894572734596977,0.20485379585116492,5.692685182092036e-18,1.5525027643591327,2.226411782560263,309,True
LEVEL_PLUS_JUMP,pooled,vix,asset_price,a,0.9,1,0.49352614218776125,0.316506341032106,0.12000280029329925,-0.027080460812037854,1.0141327451875604,308,True
LEVEL_PLUS_JUMP,pooled,vix,asset_price,a,0.9,2,-0.23811848455397921,0.37798379865236453,0.5292051198409471,-0.859846506696216,0.38360953758825755,307,True
LEVEL_PLUS_JUMP,pooled,vix,asset_price,a,0.9,3,-0.5299335909280112,1.0995042239515844,0.6301847287717852,-2.3384571015432387,1.2785899196872161,306,True
LEVEL_PLUS_JUMP,pooled,vix,asset_price,a,0.9,4,-0.40319334652097893,0.36933572878192245,0.2758804577870113,-1.0106965595706892,0.2043098665287314,305,True
LEVEL_PLUS_JUMP,pooled,vix,asset_price,a,0.9,5,-0.375261264553405,0.4616796091442594,0.41698947224056987,-1.1346566441438781,0.38413411503706807,304,True
LEVEL_PLUS_JUMP,pooled,vix,asset_price,a,0.9,6,-0.09209384020390132,0.461299501896796,0.8419025248890976,-0.8508639990097538,0.6666763186019512,303,True
LEVEL_PLUS_JUMP,pooled,vix,asset_price,a,0.9,7,-0.7156013424732635,1.2858612501709363,0.5782908558260003,-2.8306548835732825,1.3994521986267556,302,True
LEVEL_PLUS_JUMP,pooled,vix,asset_price,a,0.9,8,-0.33490474336592513,1.3513107086065959,0.8044377752354087,-2.5576130635558485,1.8878035768239982,301,True
LEVEL_PLUS_JUMP,pooled,vix,asset_price,a,0.9,9,-0.13882717320012716,1.3637861669767,0.9189903991456673,-2.382055796337998,2.1044014499377437,300,True
LEVEL_PLUS_JUMP,pooled,vix,asset_price,a,0.9,10,0.010827121094308723,1.3743048788224341,0.9937196405659136,-2.2497032433738755,2.271357485562493,299,True
LEVEL_PLUS_JUMP,pooled,vix,asset_price,a,0.9,11,0.49876661685880475,1.4393006093079745,0.7291980354942494,-1.8686722106348812,2.8662054443524907,298,True
LEVEL_PLUS_JUMP,pooled,vix,asset_price,a,0.9,12,0.12748985964094572,1.6116253309061936,0.9370039085734135,-2.5233979111869735,2.778377630468865,297,True
LEVEL_PLUS_JUMP,pooled,vix,asset_price,a,0.9,13,-0.04265678881066037,1.5240372170618914,0.9776904539736052,-2.549474932903941,2.46416135528262,296,True
LEVEL_PLUS_JUMP,pooled,vix,asset_price,a,0.9,14,-0.2178180993617329,1.6067126344622285,0.892260220443636,-2.8606252036256845,2.4249890049022187,295,True
LEVEL_PLUS_JUMP,pooled,vix,asset_price,a,0.9,15,-0.10063600770715198,1.2762618698886259,0.9372065363907827,-2.199899973333326,1.9986279579190223,294,True
LEVEL_PLUS_JUMP,pooled,vix,asset_price,a,0.9,16,-0.0033447094648408893,1.4228780233761789,0.9981261223314151,-2.3437707869246904,2.3370813679950087,293,True
LEVEL_PLUS_JUMP,pooled,vix,asset_price,a,0.9,17,-0.1390061532232023,1.5823842438247797,0.9300623073450303,-2.7417966159092537,2.463784309462849,292,True
LEVEL_PLUS_JUMP,pooled,vix,asset_price,a,0.9,18,-0.3159452813621382,1.3718524010282689,0.8180243061447938,-2.5724416788355717,1.9405511161112954,291,True
LEVEL_PLUS_JUMP,pooled,vix,asset_price,a,0.9,19,-0.5281853139806856,1.4586449148975487,0.7175492783080276,-2.92744269268424,1.8710720647228687,290,True
LEVEL_PLUS_JUMP,pooled,vix,asset_price,a,0.9,20,-0.5674432854201541,1.6009992993471174,0.7232877659400174,-3.200852789698026,2.0659662188577177,289,True
LEVEL_PLUS_JUMP,pooled,vix,asset_price,a,0.9,21,-0.532411734238849,1.8805247312455926,0.7772996205290191,-3.6255996590001045,2.5607761905224065,288,False
LEVEL_PLUS_JUMP,pooled,vix,asset_price,a,0.9,22,-0.48776029991604375,1.6658935469626008,0.769903562452983,-3.2279113427525306,2.252390742920443,287,True
LEVEL_PLUS_JUMP,pooled,vix,asset_price,a,0.9,23,-0.31196449910403956,1.7897649224608314,0.861755641942689,-3.2558658232042585,2.6319368249961794,286,True
LEVEL_PLUS_JUMP,pooled,vix,asset_price,a,0.9,24,-0.6921841640049595,1.5827717076408072,0.6622246410913037,-3.2956119479541166,1.9112436199441976,285,True
LEVEL_PLUS_JUMP,pooled,us10y,asset_price,a,0.9,0,0.04909811355072602,0.007785330315219475,1.040610108307941e-09,0.03629238474472202,0.06190384235673002,309,True
LEVEL_PLUS_JUMP,pooled,us10y,asset_price,a,0.9,1,0.003369294979754578,0.009176861946526223,0.713770441469033,-0.011725299677022029,0.018463889636531186,308,True
LEVEL_PLUS_JUMP,pooled,us10y,asset_price,a,0.9,2,-0.007260707458306534,0.03308030678272091,0.826423293796289,-0.06167297005053242,0.047151555133919346,307,True
LEVEL_PLUS_JUMP,pooled,us10y,asset_price,a,0.9,3,-0.020459485616361878,0.007943823324548889,0.01050087895479801,-0.03352591222360782,-0.007393059009115936,306,True
LEVEL_PLUS_JUMP,pooled,us10y,asset_price,a,0.9,4,0.007221900570712814,0.012385316846043052,0.5602763730847993,-0.01315013276444427,0.027593933905869897,305,True
LEVEL_PLUS_JUMP,pooled,us10y,asset_price,a,0.9,5,0.027091847039172556,0.009626567361135254,0.005223141958304064,0.01125755280011657,0.04292614127822854,304,True
LEVEL_PLUS_JUMP,pooled,us10y,asset_price,a,0.9,6,0.037863558904540184,0.01022939306758693,0.00025666240267487793,0.021037704615807576,0.05468941319327279,303,True
LEVEL_PLUS_JUMP,pooled,us10y,asset_price,a,0.9,7,-0.012722103334893653,0.009857825592355813,0.19789182388270943,-0.028936783514335155,0.003492576844547849,302,True
LEVEL_PLUS_JUMP,pooled,us10y,asset_price,a,0.9,8,-0.016475787364019334,0.011516673889023445,0.1536318962864162,-0.03541903018079687,0.002467455452758196,301,True
LEVEL_PLUS_JUMP,pooled,us10y,asset_price,a,0.9,9,-0.03559366860772488,0.038411287321670005,0.35489161526982566,-0.09877461387464889,0.027587276659199134,300,True
LEVEL_PLUS_JUMP,pooled,us10y,asset_price,a,0.9,10,-0.02072381408781762,0.012778879768189973,0.10596821164463209,-0.041743200822901685,0.0002955726472664462,299,True
LEVEL_PLUS_JUMP,pooled,us10y,asset_price,a,0.9,11,-0.0035781207335543463,0.012101725968390794,0.7676979563831293,-0.02348368858503476,0.016327447117926067,298,True
LEVEL_PLUS_JUMP,pooled,us10y,asset_price,a,0.9,12,-0.009583592311062594,0.039759762644691894,0.8097006181418747,-0.07498258210391372,0.05581539748178853,297,True
LEVEL_PLUS_JUMP,pooled,us10y,asset_price,a,0.9,13,0.002567173356161412,0.015066108528926083,0.8648225335450112,-0.022214369901687167,0.02734871661400999,296,True
LEVEL_PLUS_JUMP,pooled,us10y,asset_price,a,0.9,14,-0.011291331180629971,0.009690139468415121,0.2449103342974402,-0.027230192230918195,0.004647529869658253,295,True
LEVEL_PLUS_JUMP,pooled,us10y,asset_price,a,0.9,15,-0.009074692016577401,0.008239722035031849,0.27169683661046173,-0.022627828690971505,0.0044784446578167,294,True
LEVEL_PLUS_JUMP,pooled,us10y,asset_price,a,0.9,16,-0.02489659403131339,0.03398837510335452,0.4644763981589126,-0.08080249609425319,0.03100930803162641,293,True
LEVEL_PLUS_JUMP,pooled,us10y,asset_price,a,0.9,17,-0.005757540574269249,0.03343406705082169,0.8634010263093002,-0.06075168702655202,0.049236605878013526,292,True
LEVEL_PLUS_JUMP,pooled,us10y,asset_price,a,0.9,18,0.040417916221688444,0.011914639092111882,0.0007941930482311638,0.02082007889721042,0.060015753546166464,291,True
LEVEL_PLUS_JUMP,pooled,us10y,asset_price,a,0.9,19,-0.013084626052201731,0.009864745250680172,0.18580279944514552,-0.029310688056735323,0.0031414359523318607,290,True
LEVEL_PLUS_JUMP,pooled,us10y,asset_price,a,0.9,20,-0.004117131966126581,0.042675242684414284,0.9232128924120937,-0.07431165967661969,0.06607739574436654,289,True
LEVEL_PLUS_JUMP,pooled,us10y,asset_price,a,0.9,21,0.023494296773574952,0.03943977378004635,0.5518669877303196,-0.04137835817467986,0.08836695172182976,288,True
LEVEL_PLUS_JUMP,pooled,us10y,asset_price,a,0.9,22,0.021363622097257284,0.01343444584274318,0.11294426420219156,-0.000734074873261964,0.04346131906777653,287,True
LEVEL_PLUS_JUMP,pooled,us10y,asset_price,a,0.9,23,-0.04295865999512616,0.009952386503377247,2.222830771959945e-05,-0.0593288790320291,-0.026588440958223214,286,True
LEVEL_PLUS_JUMP,pooled,us10y,asset_price,a,0.9,24,0.002435289104095517,0.012333269994176294,0.8436180362234892,-0.017851134777997123,0.022721712986188157,285,True
LEVEL_PLUS_JUMP,pooled,ip,real_macro,a,0.9,0,-0.06763058151536748,0.021160972509862045,0.0015446042763070397,-0.10243728389803447,-0.0328238791327005,309,True
LEVEL_PLUS_JUMP,pooled,ip,real_macro,a,0.9,1,-0.08231034274499618,0.08873106369593126,0.35435608166324795,-0.22825995468851082,0.06363926919851845,308,True
LEVEL_PLUS_JUMP,pooled,ip,real_macro,a,0.9,2,-0.04852952680390922,0.08016179986583133,0.5453854090000209,-0.1803839540561799,0.08332490044836148,307,True
LEVEL_PLUS_JUMP,pooled,ip,real_macro,a,0.9,3,-0.013634786767723617,0.01466459697482059,0.3532551991325253,-0.03775590228953885,0.010486328754091619,306,True
LEVEL_PLUS_JUMP,pooled,ip,real_macro,a,0.9,4,-0.03913045962877293,0.08613690155522528,0.649964394281839,-0.18081305456624713,0.10255213530870128,305,True
LEVEL_PLUS_JUMP,pooled,ip,real_macro,a,0.9,5,-0.007899443227058697,0.08831768540192905,0.9287911907872952,-0.1531691083843808,0.13737022193026338,304,True
LEVEL_PLUS_JUMP,pooled,ip,real_macro,a,0.9,6,-0.018599419786889726,0.08915641859266175,0.8348952864312095,-0.1652486782750331,0.12804983870125364,303,True
LEVEL_PLUS_JUMP,pooled,ip,real_macro,a,0.9,7,-0.023764425811040102,0.09122948557224549,0.7946714931295433,-0.1738235760394651,0.1262947244173849,302,True
LEVEL_PLUS_JUMP,pooled,ip,real_macro,a,0.9,8,-0.010367308608989038,0.09011563752282441,0.9084902957454064,-0.15859434183345095,0.13785972461547286,301,True
LEVEL_PLUS_JUMP,pooled,ip,real_macro,a,0.9,9,0.032646103580326796,0.02706545108204943,0.2287406972522502,-0.011872601797059859,0.07716480895771345,300,True
LEVEL_PLUS_JUMP,pooled,ip,real_macro,a,0.9,10,-0.035787114845645895,0.021445485488521758,0.09626543040228874,-0.07106179943317607,-0.0005124302581157175,299,True
LEVEL_PLUS_JUMP,pooled,ip,real_macro,a,0.9,11,-0.04286345500773381,0.082086297393866,0.6019551735113335,-0.17788339899905148,0.09215648898358386,298,True
LEVEL_PLUS_JUMP,pooled,ip,real_macro,a,0.9,12,-0.052334169900254746,0.0765923090051545,0.494987479947651,-0.17831730716397104,0.07364896736346155,297,True
LEVEL_PLUS_JUMP,pooled,ip,real_macro,a,0.9,13,-0.02333361311003157,0.01141426171859943,0.04185742357596488,-0.042108402896843186,-0.004558823323219954,296,True
LEVEL_PLUS_JUMP,pooled,ip,real_macro,a,0.9,14,-0.07302192170626495,0.08466033527917574,0.38913246337103125,-0.21227578124914484,0.06623193783661493,295,True
LEVEL_PLUS_JUMP,pooled,ip,real_macro,a,0.9,15,0.00438087323647629,0.027471785843972543,0.8734150657329177,-0.04080619334781606,0.04956793982076864,294,True
LEVEL_PLUS_JUMP,pooled,ip,real_macro,a,0.9,16,0.009827447499809294,0.018113709942546387,0.5878783214710301,-0.019966953996735072,0.03962184899635366,293,True
LEVEL_PLUS_JUMP,pooled,ip,real_macro,a,0.9,17,-0.0535612612035683,0.07880593741888123,0.49728515799863426,-0.18318549319232583,0.07606297078518923,292,True
LEVEL_PLUS_JUMP,pooled,ip,real_macro,a,0.9,18,-0.0720749671470387,0.014215383316379107,7.281467479205097e-07,-0.09545719195349033,-0.048692742340587084,291,True
LEVEL_PLUS_JUMP,pooled,ip,real_macro,a,0.9,19,-0.04682876305473638,0.02494277754617033,0.061511311962691745,-0.08785598116779839,-0.005801544941674369,290,True
LEVEL_PLUS_JUMP,pooled,ip,real_macro,a,0.9,20,-0.034598864879940586,0.014358112772438949,0.016622313176071907,-0.05821585874986505,-0.010981871010016124,289,True
LEVEL_PLUS_JUMP,pooled,ip,real_macro,a,0.9,21,-0.0205798636718873,0.08711005394993487,0.8134141805262045,-0.1638631518553761,0.12270342451160149,288,True
LEVEL_PLUS_JUMP,pooled,ip,real_macro,a,0.9,22,0.04586890758328055,0.029730151130121545,0.1240276026453114,-0.003032839332915281,0.09477065449947639,287,True
LEVEL_PLUS_JUMP,pooled,ip,real_macro,a,0.9,23,0.056676975818678255,0.02193899909129494,0.010305824753288012,0.020590533591676716,0.0927634180456798,286,True
LEVEL_PLUS_JUMP,pooled,ip,real_macro,a,0.9,24,-0.033496913159254876,0.08412976297365392,0.6908274294577241,-0.1718780589210372,0.10488423260252744,285,True
LEVEL_PLUS_JUMP,pooled,cpi,real_macro,a,0.9,0,-0.03617057210422844,0.02946572048132017,0.22059550499222919,-0.0846373693086662,0.012296225100209314,309,True
LEVEL_PLUS_JUMP,pooled,cpi,real_macro,a,0.9,1,-0.02611652395380759,0.036660634634728746,0.4767907251613623,-0.08641790179908393,0.03418485389146875,308,True
LEVEL_PLUS_JUMP,pooled,cpi,real_macro,a,0.9,2,0.054068410788693254,0.010006937797531016,1.3579112766664205e-07,0.037608462857746584,0.07052835871963992,307,True
LEVEL_PLUS_JUMP,pooled,cpi,real_macro,a,0.9,3,-0.011192237469646926,0.009510051378093302,0.24019983069345482,-0.02683487997139854,0.004450405032104688,306,True
LEVEL_PLUS_JUMP,pooled,cpi,real_macro,a,0.9,4,-0.015835348413666905,0.035678022945153924,0.6574878123588422,-0.07452047385746119,0.04284977703012737,305,True
LEVEL_PLUS_JUMP,pooled,cpi,real_macro,a,0.9,5,-0.011682893136908911,0.0350729260495687,0.7392973059873579,-0.06937272275734276,0.04600693648352494,304,True
LEVEL_PLUS_JUMP,pooled,cpi,real_macro,a,0.9,6,-0.008265777937065288,0.04109584832440385,0.8407351765244986,-0.07586243310610855,0.05933087723197797,303,True
LEVEL_PLUS_JUMP,pooled,cpi,real_macro,a,0.9,7,-0.019265638569776394,0.041602966515802295,0.6436543969728048,-0.08769642893523445,0.049165151795681664,302,True
LEVEL_PLUS_JUMP,pooled,cpi,real_macro,a,0.9,8,-0.02000579179924772,0.04162333391564282,0.6311393630827579,-0.08847008355620503,0.048458499957709594,301,True
LEVEL_PLUS_JUMP,pooled,cpi,real_macro,a,0.9,9,-0.014240963744067081,0.04356956615588387,0.744016063709969,-0.08590652266027478,0.057424595172140616,300,True
LEVEL_PLUS_JUMP,pooled,cpi,real_macro,a,0.9,10,-0.0182858037497729,0.04886644867970267,0.7085340974512427,-0.09866395909681981,0.06209235159727401,299,True
LEVEL_PLUS_JUMP,pooled,cpi,real_macro,a,0.9,11,-0.020628475589832024,0.043874548152258636,0.6385947470424623,-0.09279568524893166,0.05153873406926761,298,True
LEVEL_PLUS_JUMP,pooled,cpi,real_macro,a,0.9,12,-0.013948321155746013,0.040832565235196225,0.7329069772824218,-0.08111191418059112,0.05321527186909909,297,True
LEVEL_PLUS_JUMP,pooled,cpi,real_macro,a,0.9,13,-0.017743083265052976,0.039698429638158395,0.6552565878795689,-0.08304118923965563,0.047555022709549685,296,True
LEVEL_PLUS_JUMP,pooled,cpi,real_macro,a,0.9,14,-0.01669729835388689,0.0394376046268278,0.672338104535146,-0.08156638536260276,0.048171788654828976,295,True
LEVEL_PLUS_JUMP,pooled,cpi,real_macro,a,0.9,15,-0.004831567057970831,0.040727403187714,0.9056520962445053,-0.07182218390759715,0.062159049791655485,294,True
LEVEL_PLUS_JUMP,pooled,cpi,real_macro,a,0.9,16,-0.00044585549183900897,0.04208937234750573,0.9915556849269864,-0.06967671225374482,0.0687850012700668,293,True
LEVEL_PLUS_JUMP,pooled,cpi,real_macro,a,0.9,17,-0.0038358150495445553,0.014240575814550066,0.787853906011272,-0.027259477827984647,0.019587847728895536,292,True
LEVEL_PLUS_JUMP,pooled,cpi,real_macro,a,0.9,18,-0.023355640076092143,0.011478086718940161,0.042822901541819655,-0.042235412646204396,-0.004475867505979895,291,True
LEVEL_PLUS_JUMP,pooled,cpi,real_macro,a,0.9,19,-0.033301735447302305,0.007629024003491412,1.7978229980542107e-05,-0.045850363249544994,-0.020753107645059617,290,True
LEVEL_PLUS_JUMP,pooled,cpi,real_macro,a,0.9,20,-0.022593242714484724,0.0064597623425970765,0.0005474067189876611,-0.03321860623295007,-0.011967879196019384,289,True
LEVEL_PLUS_JUMP,pooled,cpi,real_macro,a,0.9,21,-0.009475771596939131,0.013478721736019935,0.4826419899084863,-0.031646295931101166,0.012694752737222904,288,True
LEVEL_PLUS_JUMP,pooled,cpi,real_macro,a,0.9,22,-0.003604197808401814,0.042706272328028996,0.9328042003395751,-0.0738497647407376,0.06664136912393398,287,True
LEVEL_PLUS_JUMP,pooled,cpi,real_macro,a,0.9,23,0.01560946393633067,0.013584992289335995,0.2515560264971613,-0.006735859902891425,0.037954787775552765,286,True
LEVEL_PLUS_JUMP,pooled,cpi,real_macro,a,0.9,24,0.01068385770452096,0.010043761935686466,0.2883976333305789,-0.0058366605436300616,0.027204375952671982,285,True
LEVEL_PLUS_JUMP,pooled,infl_exp,real_macro,a,0.9,0,0.03883820458302406,0.01424632386052261,0.006790226332970831,0.015405087110318148,0.06227132205572997,309,True
LEVEL_PLUS_JUMP,pooled,infl_exp,real_macro,a,0.9,1,-0.04747295981727062,0.013712427531897303,0.0006156847480299419,-0.07002789597742112,-0.024918023657120116,308,True
LEVEL_PLUS_JUMP,pooled,infl_exp,real_macro,a,0.9,2,0.04747800861434076,0.05797776457381967,0.41350884745277633,-0.0478869277274451,0.14284294495612662,307,True
LEVEL_PLUS_JUMP,pooled,infl_exp,real_macro,a,0.9,3,-0.010585942808553017,0.05744932943231546,0.8539328969603771,-0.10508168069122706,0.08390979507412102,306,True
LEVEL_PLUS_JUMP,pooled,infl_exp,real_macro,a,0.9,4,-0.01515096139010852,0.06068474925612922,0.8030212561127944,-0.11496849130469332,0.08466656852447628,305,True
LEVEL_PLUS_JUMP,pooled,infl_exp,real_macro,a,0.9,5,0.0016703181285619428,0.06583548126615857,0.979776417089683,-0.10661941201417469,0.10996004827129857,304,True
LEVEL_PLUS_JUMP,pooled,infl_exp,real_macro,a,0.9,6,0.013728533245758928,0.018562289169424907,0.46014750987070413,-0.01680371541909166,0.04426078191060952,303,True
LEVEL_PLUS_JUMP,pooled,infl_exp,real_macro,a,0.9,7,-0.02027134411249598,0.05462648469269287,0.7108432974526688,-0.11012391558688092,0.06958122736188896,302,True
LEVEL_PLUS_JUMP,pooled,infl_exp,real_macro,a,0.9,8,-0.013991596193831057,0.058055537238407694,0.8097243701465254,-0.10948445718504221,0.0815012647973801,301,True
LEVEL_PLUS_JUMP,pooled,infl_exp,real_macro,a,0.9,9,-0.015855585332911315,0.06353238494841264,0.8031013883545438,-0.12035705914418496,0.08864588847836233,300,True
LEVEL_PLUS_JUMP,pooled,infl_exp,real_macro,a,0.9,10,-0.018554037551801628,0.06291348355956636,0.7682746486265173,-0.12203750916890617,0.08492943406530291,299,True
LEVEL_PLUS_JUMP,pooled,infl_exp,real_macro,a,0.9,11,-0.027165937601622447,0.055746838167835995,0.626415274072143,-0.11886132655306425,0.06452945134981936,298,True
LEVEL_PLUS_JUMP,pooled,infl_exp,real_macro,a,0.9,12,0.13549398680962818,0.020604546782187375,2.3267684277464476e-10,0.10160252330325599,0.16938545031600039,297,True
LEVEL_PLUS_JUMP,pooled,infl_exp,real_macro,a,0.9,13,-0.019819201111111795,0.020270214887562307,0.3290360440360789,-0.05316073758800438,0.013522335365780791,296,False
LEVEL_PLUS_JUMP,pooled,infl_exp,real_macro,a,0.9,14,-0.007359545212508034,0.07467838732327185,0.9215659381188996,-0.13019456145607858,0.11547547103106251,295,True
LEVEL_PLUS_JUMP,pooled,infl_exp,real_macro,a,0.9,15,0.0032227664676709455,0.019460782683928066,0.8685887914196244,-0.028787372513302538,0.03523290544864443,294,True
LEVEL_PLUS_JUMP,pooled,infl_exp,real_macro,a,0.9,16,-0.013410842573841508,0.07038140290709344,0.8490204548208165,-0.12917794841550703,0.10235626326782402,293,True
LEVEL_PLUS_JUMP,pooled,infl_exp,real_macro,a,0.9,17,-0.004762075174421156,0.07762246953646407,0.9511252033165033,-0.13243967572440424,0.12291552537556194,292,True
LEVEL_PLUS_JUMP,pooled,infl_exp,real_macro,a,0.9,18,0.05638644344734178,0.02465289105776737,0.022937508278723418,0.015836046176133607,0.09693684071854997,291,True
LEVEL_PLUS_JUMP,pooled,infl_exp,real_macro,a,0.9,19,0.11526955295056654,0.01643092205504041,1.7722117329545653e-11,0.08824309121417638,0.14229601468695668,290,True
LEVEL_PLUS_JUMP,pooled,infl_exp,real_macro,a,0.9,20,-0.0070415890218119195,0.05895449697037118,0.9050131216752999,-0.10401310718862652,0.0899299291450027,289,True
LEVEL_PLUS_JUMP,pooled,infl_exp,real_macro,a,0.9,21,-0.03593212238981186,0.06665005172163767,0.5902444554231929,-0.1455617017006508,0.07369745692102707,288,True
LEVEL_PLUS_JUMP,pooled,infl_exp,real_macro,a,0.9,22,0.013389455823681638,0.008854119503909047,0.13163234266786628,-0.0011742747557849272,0.027953186403148204,287,True
LEVEL_PLUS_JUMP,pooled,infl_exp,real_macro,a,0.9,23,-0.004369544871925868,0.05377727612518551,0.9353008034085584,-0.09282529255400807,0.08408620281015633,286,True
LEVEL_PLUS_JUMP,pooled,infl_exp,real_macro,a,0.9,24,-0.029126846794714112,0.015693471384190773,0.06454114596353988,-0.05494031012045945,-0.0033133834689687766,285,True
LEVEL_PLUS_JUMP,pooled,freight,physical_channel,a,0.9,0,0.0014991364145308106,0.001400750396128838,0.2853870259742033,-0.0008048929549954197,0.003803165784057041,309,True
LEVEL_PLUS_JUMP,pooled,freight,physical_channel,a,0.9,1,0.01500955737417578,0.0014932870656617903,1.2641479582515125e-20,0.012553318728142263,0.017465796020209298,308,True
LEVEL_PLUS_JUMP,pooled,freight,physical_channel,a,0.9,2,0.0036269668326653903,0.0013723604067179987,0.0086628424160914,0.0013696348401906928,0.005884298825140088,307,True
LEVEL_PLUS_JUMP,pooled,freight,physical_channel,a,0.9,3,-0.0009836750837313429,0.004153679324583926,0.8129623466681214,-0.007815869585966556,0.0058485194185038695,306,True
LEVEL_PLUS_JUMP,pooled,freight,physical_channel,a,0.9,4,0.0007980903115885202,0.0015663083894724484,0.6107628433444029,-0.0017782577237597558,0.003374438346936796,305,True
LEVEL_PLUS_JUMP,pooled,freight,physical_channel,a,0.9,5,-0.0007073921216410595,0.0015153945772083106,0.6409906736037578,-0.003199994388224742,0.0017852101449426232,304,True
LEVEL_PLUS_JUMP,pooled,freight,physical_channel,a,0.9,6,-0.00211448570694589,0.0008923320058747559,0.01846340213746412,-0.003582241243253865,-0.0006467301706379153,303,True
LEVEL_PLUS_JUMP,pooled,freight,physical_channel,a,0.9,7,0.00063433667683142,0.0038515357508626053,0.8692979534910746,-0.005700875872308198,0.006969549225971038,302,True
LEVEL_PLUS_JUMP,pooled,freight,physical_channel,a,0.9,8,0.00024906682667340425,0.0040243357085978735,0.9506933728396789,-0.006370376359684131,0.00686851001303094,301,True
LEVEL_PLUS_JUMP,pooled,freight,physical_channel,a,0.9,9,-0.0005309801674104608,0.004089901283987701,0.8967944548161667,-0.007258269128251114,0.006196308793430192,300,True
LEVEL_PLUS_JUMP,pooled,freight,physical_channel,a,0.9,10,-0.0005383080493763792,0.0014040202090057955,0.7017055029816244,-0.002847715782472726,0.0017710996837199677,299,True
LEVEL_PLUS_JUMP,pooled,freight,physical_channel,a,0.9,11,0.0013030054878403405,0.0040456053707046725,0.747629617224154,-0.005351423179377595,0.007957434155058276,298,True
LEVEL_PLUS_JUMP,pooled,freight,physical_channel,a,0.9,12,-0.0009602109142460152,0.004178526768611139,0.8184158922601156,-0.007833275824909863,0.005912853996417832,297,True
LEVEL_PLUS_JUMP,pooled,freight,physical_channel,a,0.9,13,-0.00047428030510146546,0.0013731250295650156,0.7300495832558579,-0.0027328699902393287,0.0017843093800363977,296,True
LEVEL_PLUS_JUMP,pooled,freight,physical_channel,a,0.9,14,-0.0012461814132985298,0.001195446705411061,0.2981037616660972,-0.0032125162625211015,0.0007201534359240419,295,True
LEVEL_PLUS_JUMP,pooled,freight,physical_channel,a,0.9,15,0.002550138711833405,0.001557815168824158,0.10275448564504057,-1.2239218727031105e-05,0.005112516642393841,294,True
LEVEL_PLUS_JUMP,pooled,freight,physical_channel,a,0.9,16,0.002669775817577336,0.001646233219064979,0.10598675397848194,-3.803686360969241e-05,0.005377588498764364,293,True
LEVEL_PLUS_JUMP,pooled,freight,physical_channel,a,0.9,17,-0.0015652313946497853,0.0010409335494415029,0.1337988368360655,-0.003277414718864111,0.00014695192956454034,292,True
LEVEL_PLUS_JUMP,pooled,freight,physical_channel,a,0.9,18,-0.001921679739719813,0.003998703007338099,0.6311973732242446,-0.008498960884441645,0.0046556014050020186,291,True
LEVEL_PLUS_JUMP,pooled,freight,physical_channel,a,0.9,19,0.003989985414002362,0.0035560294218263877,0.2628232298612563,-0.001859162478034919,0.009839133306039641,290,True
LEVEL_PLUS_JUMP,pooled,freight,physical_channel,a,0.9,20,-0.00010302182710843211,0.0014355642931005337,0.9428418912466803,-0.0024643149613368712,0.002258271307120007,289,True
LEVEL_PLUS_JUMP,pooled,freight,physical_channel,a,0.9,21,0.0007103689183745598,0.0034912198753639465,0.8389163898941518,-0.005032176756102894,0.006452914592852014,288,True
LEVEL_PLUS_JUMP,pooled,freight,physical_channel,a,0.9,22,-0.0014970065310704467,0.0009536793917628013,0.11763930413105259,-0.0030656695375603643,7.165647541947096e-05,287,True
LEVEL_PLUS_JUMP,pooled,freight,physical_channel,a,0.9,23,-0.0017614330699383292,0.0009002420935552012,0.051415015520341695,-0.0032421995426569882,-0.00028066659721966993,286,True
LEVEL_PLUS_JUMP,pooled,freight,physical_channel,a,0.9,24,-0.0009244825687995673,0.003730453100916065,0.8044609974029062,-0.007060531882013723,0.005211566744414588,285,True
LEVEL_PLUS_JUMP,pooled,oil,asset_price,b,0.1,0,-0.002793617885416211,0.004970862091940473,0.5745649212440426,-0.01096995842642008,0.005382722655587658,309,True
LEVEL_PLUS_JUMP,pooled,oil,asset_price,b,0.1,1,-0.001333385744487714,0.004091338445310647,0.7447400171390794,-0.008063038625342928,0.005396267136367501,308,True
LEVEL_PLUS_JUMP,pooled,oil,asset_price,b,0.1,2,-0.004724052892768782,0.004279859092464583,0.27063662229346797,-0.011763794643850387,0.0023156888583128242,307,True
LEVEL_PLUS_JUMP,pooled,oil,asset_price,b,0.1,3,0.0014796541189611156,0.01485117462214151,0.9207081946733717,-0.02294835432275801,0.02590766256068024,306,True
LEVEL_PLUS_JUMP,pooled,oil,asset_price,b,0.1,4,-0.008226111919725554,0.004771993660976812,0.08585405813546915,-0.016075343000772697,-0.000376880838678411,305,True
LEVEL_PLUS_JUMP,pooled,oil,asset_price,b,0.1,5,0.0005446094028229709,0.0035857202520933242,0.8793902989310787,-0.00535337555906608,0.006442594364712022,304,True
LEVEL_PLUS_JUMP,pooled,oil,asset_price,b,0.1,6,0.005922632144738316,0.01233355689681834,0.6314635829070673,-0.014364263650205676,0.026209527939682307,303,True
LEVEL_PLUS_JUMP,pooled,oil,asset_price,b,0.1,7,-0.002014418232828774,0.003970147459886832,0.6122884386271316,-0.008544729681755804,0.004515893216098256,302,True
LEVEL_PLUS_JUMP,pooled,oil,asset_price,b,0.1,8,0.007821421505724402,0.014286105403264089,0.5844932061395277,-0.015677130781845558,0.03131997379329436,301,True
LEVEL_PLUS_JUMP,pooled,oil,asset_price,b,0.1,9,0.00929152482825657,0.0030724731484763055,0.002731836920284908,0.00423775622627431,0.01434529343023883,300,True
LEVEL_PLUS_JUMP,pooled,oil,asset_price,b,0.1,10,0.005907228277255427,0.012730859678850922,0.6430140912299727,-0.015033172439712767,0.026847628994223622,299,True
LEVEL_PLUS_JUMP,pooled,oil,asset_price,b,0.1,11,0.008740406021465641,0.0028773904607746247,0.002618046860216606,0.004007519885904932,0.01347329215702635,298,True
LEVEL_PLUS_JUMP,pooled,oil,asset_price,b,0.1,12,-0.0040447520682072025,0.012979933329971362,0.7555739132913343,-0.025394842483598898,0.017305338347184493,297,True
LEVEL_PLUS_JUMP,pooled,oil,asset_price,b,0.1,13,0.007265595203335806,0.012839649145243836,0.5719544266039658,-0.013853748262002887,0.0283849386686745,296,True
LEVEL_PLUS_JUMP,pooled,oil,asset_price,b,0.1,14,0.01668634470190966,0.003520598042576703,3.485357486707689e-06,0.010895476242539118,0.022477213161280204,295,True
LEVEL_PLUS_JUMP,pooled,oil,asset_price,b,0.1,15,0.008464832286977142,0.0031579262614654454,0.0078102002120258324,0.0032705058221604013,0.013659158751793882,294,True
LEVEL_PLUS_JUMP,pooled,oil,asset_price,b,0.1,16,-0.0097660197867242,0.0028558025203085096,0.0007257005213592094,-0.014463396920110807,-0.005068642653337593,293,True
LEVEL_PLUS_JUMP,pooled,oil,asset_price,b,0.1,17,-0.0042558614046868115,0.011542021414678664,0.7126263263050253,-0.023240797190972575,0.014729074381598952,292,True
LEVEL_PLUS_JUMP,pooled,oil,asset_price,b,0.1,18,-0.010047837802133586,0.0042471265431200545,0.018716953962379396,-0.017033739300706476,-0.003061936303560696,291,True
LEVEL_PLUS_JUMP,pooled,oil,asset_price,b,0.1,19,0.003260922790351728,0.004966669588993427,0.5120393193549129,-0.004908521696973688,0.011430367277677144,290,True
LEVEL_PLUS_JUMP,pooled,oil,asset_price,b,0.1,20,0.007665873019277569,0.00418625441087683,0.06821044320684039,0.0007800972682052163,0.014551648770349923,289,True
LEVEL_PLUS_JUMP,pooled,oil,asset_price,b,0.1,21,0.007710939841018893,0.013032730119620783,0.5545926412449447,-0.013725993565319047,0.029147873247356834,288,True
LEVEL_PLUS_JUMP,pooled,oil,asset_price,b,0.1,22,0.007339163271630866,0.002791935268572341,0.009083304286511761,0.0027468384189059183,0.011931488124355814,287,True
LEVEL_PLUS_JUMP,pooled,oil,asset_price,b,0.1,23,0.0012180094107634432,0.003087512339956984,0.6935412251391843,-0.0038604964598722294,0.006296515281399116,286,True
LEVEL_PLUS_JUMP,pooled,oil,asset_price,b,0.1,24,0.0033169515787134785,0.01372124175425694,0.8091756150477544,-0.01925248268705403,0.025886385844480986,285,True
LEVEL_PLUS_JUMP,pooled,dxy,asset_price,b,0.1,0,-0.0002981269522912555,0.0006953009738400509,0.6684162416713609,-0.0014417952809349537,0.0008455413763524427,309,True
LEVEL_PLUS_JUMP,pooled,dxy,asset_price,b,0.1,1,0.0012100971240980307,0.0007520947753124236,0.10875000515800398,-2.6988694885861668e-05,0.0024471829430819233,308,True
LEVEL_PLUS_JUMP,pooled,dxy,asset_price,b,0.1,2,0.0014477959786267647,0.00044628078438635634,0.0013214375304006795,0.0007137294117901185,0.002181862545463411,307,True
LEVEL_PLUS_JUMP,pooled,dxy,asset_price,b,0.1,3,0.0024007109291988016,0.0005808031395767403,4.735459030718955e-05,0.0014453747785211982,0.003356047079876405,306,True
LEVEL_PLUS_JUMP,pooled,dxy,asset_price,b,0.1,4,0.0007871515075965618,0.002277557017431778,0.7298964954435435,-0.0029590964131148757,0.004533399428307999,305,True
LEVEL_PLUS_JUMP,pooled,dxy,asset_price,b,0.1,5,0.0003267244930027502,0.0005309921247077988,0.5388573639009134,-0.000546679829205541,0.0012001288152110414,304,True
LEVEL_PLUS_JUMP,pooled,dxy,asset_price,b,0.1,6,0.0005890066106966074,0.0021315192528825948,0.782500772649881,-0.0029170305633242207,0.004095043784717436,303,True
LEVEL_PLUS_JUMP,pooled,dxy,asset_price,b,0.1,7,-0.0022099582872208146,0.0007099032602526994,0.002047707873296834,-0.003377645239632142,-0.001042271334809487,302,True
LEVEL_PLUS_JUMP,pooled,dxy,asset_price,b,0.1,8,-0.0002064929870995158,0.000745554335898847,0.7820160260857437,-0.0014328207405921304,0.0010198347663930988,301,True
LEVEL_PLUS_JUMP,pooled,dxy,asset_price,b,0.1,9,-0.0003002593846137547,0.0009360162993462914,0.7486201362442063,-0.001839869189479197,0.0012393504202516876,300,True
LEVEL_PLUS_JUMP,pooled,dxy,asset_price,b,0.1,10,0.0004002731693144579,0.0007052633573542089,0.5708095161086678,-0.0007597818219855848,0.0015603281606145006,299,False
LEVEL_PLUS_JUMP,pooled,dxy,asset_price,b,0.1,11,0.0013542411492397655,0.0007164610766549695,0.05980468469165455,0.00017576754873428204,0.0025327147497452487,298,True
LEVEL_PLUS_JUMP,pooled,dxy,asset_price,b,0.1,12,-6.417005606706994e-05,0.001894350169112224,0.9730023948579922,-0.0031800988024474463,0.0030517586903133064,297,True
LEVEL_PLUS_JUMP,pooled,dxy,asset_price,b,0.1,13,-0.0019213348519926399,0.0004987376705580746,0.00014641219084229873,-0.0027416853183074175,-0.0011009843856778622,296,True
LEVEL_PLUS_JUMP,pooled,dxy,asset_price,b,0.1,14,-0.00026005969793452266,0.002122424703734882,0.9025718372805236,-0.003751137669804247,0.0032310182739352018,295,True
LEVEL_PLUS_JUMP,pooled,dxy,asset_price,b,0.1,15,0.0005406433496308871,0.0006795834039533036,0.4270023117410333,-0.0005771718771777317,0.001658458576439506,294,True
LEVEL_PLUS_JUMP,pooled,dxy,asset_price,b,0.1,16,0.0008583171967559977,0.0021402193189555153,0.6887125944948387,-0.0026620303124995914,0.004378664706011587,293,True
LEVEL_PLUS_JUMP,pooled,dxy,asset_price,b,0.1,17,0.0009174311797579549,0.0006270296270104919,0.14461902344212407,-0.00011394077643628146,0.0019488031359521912,292,False
LEVEL_PLUS_JUMP,pooled,dxy,asset_price,b,0.1,18,0.0001371564220320476,0.00043852057061821937,0.7547026809987375,-0.0005841457290421598,0.0008584585731062549,291,True
LEVEL_PLUS_JUMP,pooled,dxy,asset_price,b,0.1,19,-0.0012124950840046722,0.0005537333897762633,0.029430056438141724,-0.002123305458542292,-0.00030168470946705225,290,False
LEVEL_PLUS_JUMP,pooled,dxy,asset_price,b,0.1,20,-0.001999883165126448,0.000653096916022377,0.002427171434213995,-0.0030741319961966763,-0.0009256343340562202,289,True
LEVEL_PLUS_JUMP,pooled,dxy,asset_price,b,0.1,21,0.0009484946047422227,0.0006605549213025191,0.152231182946408,-0.00013802155336287017,0.0020350107628473156,288,True
LEVEL_PLUS_JUMP,pooled,dxy,asset_price,b,0.1,22,0.0007661608861502245,0.0020483427905886413,0.7086810320014487,-0.002603063182189402,0.004135384954489851,287,True
LEVEL_PLUS_JUMP,pooled,dxy,asset_price,b,0.1,23,-0.0003462378123759713,0.0020051261410080983,0.8630412369853951,-0.003644376817908351,0.0029519011931564082,286,True
LEVEL_PLUS_JUMP,pooled,dxy,asset_price,b,0.1,24,0.000226737007721578,0.0020957513841312605,0.9139302774215208,-0.0032204672576552937,0.0036739412730984497,285,True
LEVEL_PLUS_JUMP,pooled,vix,asset_price,b,0.1,0,-0.019226465505198576,0.07000133978196318,0.7837804104411129,-0.1343684231370231,0.09591549212662595,309,True
LEVEL_PLUS_JUMP,pooled,vix,asset_price,b,0.1,1,-0.263465621494106,0.0851134752297613,0.0021641511259975106,-0.4034648299282232,-0.12346641305998884,308,True
LEVEL_PLUS_JUMP,pooled,vix,asset_price,b,0.1,2,0.13178082945523784,0.06827242509923508,0.05459299540914654,0.019482683409988294,0.24407897550048738,307,True
LEVEL_PLUS_JUMP,pooled,vix,asset_price,b,0.1,3,0.05529897952146712,0.08171344239446024,0.49913188254866275,-0.079107672571751,0.18970563161468523,306,True
LEVEL_PLUS_JUMP,pooled,vix,asset_price,b,0.1,4,-0.05246332933893427,0.08300017491320576,0.5278513924788505,-0.18898646808252736,0.08405980940465882,305,True
LEVEL_PLUS_JUMP,pooled,vix,asset_price,b,0.1,5,0.04280934926464397,0.3705844934273029,0.9081181915835296,-0.5667478988412292,0.6523665973705172,304,True
LEVEL_PLUS_JUMP,pooled,vix,asset_price,b,0.1,6,0.2578920828948412,0.392907000372677,0.5121353909681807,-0.38838242172278004,0.9041665875124625,303,True
LEVEL_PLUS_JUMP,pooled,vix,asset_price,b,0.1,7,-0.34152805811027065,0.11501216291550365,0.0032470000373908507,-0.5307062314253704,-0.15234988479517086,302,False
LEVEL_PLUS_JUMP,pooled,vix,asset_price,b,0.1,8,0.3704180810600519,0.10499253442972958,0.0004910160606209867,0.1977207300004839,0.5431154321196199,301,False
LEVEL_PLUS_JUMP,pooled,vix,asset_price,b,0.1,9,0.06626505777785496,0.09237702831937415,0.47378443650477964,-0.08568163230026646,0.21821174785597638,300,True
LEVEL_PLUS_JUMP,pooled,vix,asset_price,b,0.1,10,0.6895477387924984,0.15138304899757135,7.927033313156145e-06,0.44054478158987076,0.9385506959951261,299,True
LEVEL_PLUS_JUMP,pooled,vix,asset_price,b,0.1,11,0.4111623661592603,0.12127867964332036,0.0008026977180246625,0.2116766900760591,0.6106480422424614,298,False
LEVEL_PLUS_JUMP,pooled,vix,asset_price,b,0.1,12,0.19622153788805008,0.14785746393496588,0.18560114404312078,-0.04698234793722503,0.43942542371332516,297,False
LEVEL_PLUS_JUMP,pooled,vix,asset_price,b,0.1,13,0.29736062716801825,0.14317017661470158,0.03875666530460912,0.06186664289204352,0.5328546114439929,296,True
LEVEL_PLUS_JUMP,pooled,vix,asset_price,b,0.1,14,0.20844590984415845,0.18050999438773682,0.24922074000524694,-0.08846660912550036,0.5053584288138173,295,True
LEVEL_PLUS_JUMP,pooled,vix,asset_price,b,0.1,15,-0.2897356684625265,0.14696307494079647,0.04970456205738285,-0.5314684153068366,-0.048002921618216426,294,True
LEVEL_PLUS_JUMP,pooled,vix,asset_price,b,0.1,16,-0.9056513103378165,0.12004281187092511,7.289768748180384e-13,-1.103104164833161,-0.7081984558424721,293,True
LEVEL_PLUS_JUMP,pooled,vix,asset_price,b,0.1,17,-0.754424508788361,0.12856903243500778,1.3186203470599376e-08,-0.965901748102725,-0.542947269473997,292,True
LEVEL_PLUS_JUMP,pooled,vix,asset_price,b,0.1,18,-1.037953142888,0.12069386796350899,7.297398788037536e-16,-1.2364768893585798,-0.8394293964174202,291,True
LEVEL_PLUS_JUMP,pooled,vix,asset_price,b,0.1,19,-1.1764097184714046,0.12512648167706197,2.8014091293710135e-18,-1.3822244656855969,-0.9705949712572123,290,True
LEVEL_PLUS_JUMP,pooled,vix,asset_price,b,0.1,20,-0.6006212928186869,0.16796490233686365,0.0004158224535773164,-0.8768989716280269,-0.32434361400934697,289,True
LEVEL_PLUS_JUMP,pooled,vix,asset_price,b,0.1,21,-0.7639562372060027,0.12508522131990232,3.6713843195587877e-09,-0.9697031171720716,-0.5582093572399338,288,True
LEVEL_PLUS_JUMP,pooled,vix,asset_price,b,0.1,22,-0.7263613567520224,0.1293894348281544,5.088403423316188e-08,-0.9391880379183133,-0.5135346755857315,287,True
LEVEL_PLUS_JUMP,pooled,vix,asset_price,b,0.1,23,-0.5685091934028605,0.1442226282712154,0.00010417683247398578,-0.8057343066032432,-0.33128408020247796,286,True
LEVEL_PLUS_JUMP,pooled,vix,asset_price,b,0.1,24,0.06395571521716192,0.18905800650883067,0.7354237078142625,-0.24701703249310325,0.3749284629274271,285,False
LEVEL_PLUS_JUMP,pooled,us10y,asset_price,b,0.1,0,-0.0014768875183222008,0.031893807259264446,0.9630989268805318,-0.05393753206601452,0.050983757029370115,309,False
LEVEL_PLUS_JUMP,pooled,us10y,asset_price,b,0.1,1,-0.033484440184409436,0.009612640306511516,0.0005743779266339242,-0.049295826457154815,-0.017673053911664058,308,True
LEVEL_PLUS_JUMP,pooled,us10y,asset_price,b,0.1,2,0.03653215248095254,0.00841010276389913,1.962062199906941e-05,0.022698764446718454,0.05036554051518663,307,True
LEVEL_PLUS_JUMP,pooled,us10y,asset_price,b,0.1,3,-0.008039490940632277,0.03165037263150038,0.7996760944282982,-0.060099721157921296,0.04402073927665674,306,True
LEVEL_PLUS_JUMP,pooled,us10y,asset_price,b,0.1,4,-0.0018394542663884295,0.035564713392065406,0.95878801930963,-0.060338202080816805,0.056659293548039946,305,True
LEVEL_PLUS_JUMP,pooled,us10y,asset_price,b,0.1,5,-0.029387553091581253,0.008670639820199381,0.0008028881483817444,-0.04364948644782607,-0.01512561973533644,304,True
LEVEL_PLUS_JUMP,pooled,us10y,asset_price,b,0.1,6,-0.008086193590315816,0.035231277738238635,0.8186373606550669,-0.06603648856019229,0.04986410137956066,303,False
LEVEL_PLUS_JUMP,pooled,us10y,asset_price,b,0.1,7,-0.047458208946579816,0.011166902866136126,2.934851854061353e-05,-0.0658261296277586,-0.02909028826540102,302,True
LEVEL_PLUS_JUMP,pooled,us10y,asset_price,b,0.1,8,0.009426510425896595,0.010970348541986115,0.3909444892977286,-0.00861810716231106,0.02747112801410425,301,True
LEVEL_PLUS_JUMP,pooled,us10y,asset_price,b,0.1,9,-0.010957868138376625,0.01058227967870406,0.3013588239439906,-0.028364169249307857,0.006448432972554607,300,True
LEVEL_PLUS_JUMP,pooled,us10y,asset_price,b,0.1,10,-0.0015845236717666467,0.033981306800470644,0.9628430430380104,-0.057478799411071514,0.05430975206753822,299,True
LEVEL_PLUS_JUMP,pooled,us10y,asset_price,b,0.1,11,-0.03794240437421337,0.012582437779180972,0.0028098581085919242,-0.058638672791190415,-0.01724613595723632,298,True
LEVEL_PLUS_JUMP,pooled,us10y,asset_price,b,0.1,12,-0.0008049116261190647,0.01073975519852805,0.9403126454453331,-0.018470236916988857,0.016860413664750728,297,True
LEVEL_PLUS_JUMP,pooled,us10y,asset_price,b,0.1,13,0.030397612067609714,0.007916697260757513,0.00015378425218911333,0.017375803864775934,0.043419420270443494,296,True
LEVEL_PLUS_JUMP,pooled,us10y,asset_price,b,0.1,14,0.0010137168659145601,0.03268548927411208,0.9752813230502114,-0.05274912871529214,0.05477656244712126,295,True
LEVEL_PLUS_JUMP,pooled,us10y,asset_price,b,0.1,15,0.009773913798394318,0.007133172089566693,0.17177798238968242,-0.001959110184798468,0.021506937781587104,294,True
LEVEL_PLUS_JUMP,pooled,us10y,asset_price,b,0.1,16,0.009682203639176379,0.007064454541947113,0.1716743922520125,-0.0019377900365791303,0.021302197314931888,293,True
LEVEL_PLUS_JUMP,pooled,us10y,asset_price,b,0.1,17,0.009959419683070792,0.02942638853855353,0.7352916153446543,-0.038442682232652216,0.0583615215987938,292,True
LEVEL_PLUS_JUMP,pooled,us10y,asset_price,b,0.1,18,0.016258408551500736,0.007627827344933134,0.03397850527809319,0.003711749077427851,0.028805068025573623,291,True
LEVEL_PLUS_JUMP,pooled,us10y,asset_price,b,0.1,19,0.0014301589271781268,0.03095363495911758,0.9631834389888192,-0.04948403980265831,0.05234435765701456,290,False
LEVEL_PLUS_JUMP,pooled,us10y,asset_price,b,0.1,20,-0.06730288489040959,0.012807209149647298,3.0773399838393104e-07,-0.08836886931133303,-0.04623690046948615,289,True
LEVEL_PLUS_JUMP,pooled,us10y,asset_price,b,0.1,21,-0.006056939851532661,0.009633916497188678,0.5300908532139708,-0.021903322343681083,0.00978944264061576,288,True
LEVEL_PLUS_JUMP,pooled,us10y,asset_price,b,0.1,22,0.008432812551546931,0.008486840938451113,0.3213285423691918,-0.005526798547424617,0.02239242365051848,287,True
LEVEL_PLUS_JUMP,pooled,us10y,asset_price,b,0.1,23,-0.015949600467763503,0.0349239749030174,0.6482746248301453,-0.07339442725455386,0.04149522631902686,286,True
LEVEL_PLUS_JUMP,pooled,us10y,asset_price,b,0.1,24,0.02246902443002341,0.027429235554634716,0.4134521961645963,-0.02264805315652378,0.0675861020165706,285,True
LEVEL_PLUS_JUMP,pooled,ip,real_macro,b,0.1,0,0.05886791229863775,0.06888765878585458,0.39352856675939524,-0.05444220310747061,0.1721780277047461,309,True
LEVEL_PLUS_JUMP,pooled,ip,real_macro,b,0.1,1,0.027529972432894567,0.06585034176877101,0.6762172674973678,-0.08078420106146246,0.13584414592725158,308,True
LEVEL_PLUS_JUMP,pooled,ip,real_macro,b,0.1,2,-0.0022082788573243306,0.02518103800866208,0.9301811280759044,-0.04362740055627503,0.03921084284162637,307,False
LEVEL_PLUS_JUMP,pooled,ip,real_macro,b,0.1,3,0.06582540215558197,0.03262661039652662,0.04460023307058764,0.01215940370972255,0.1194914006014414,306,False
LEVEL_PLUS_JUMP,pooled,ip,real_macro,b,0.1,4,0.06172779107028248,0.08343002967322859,0.4600024531597425,-0.07550239583439652,0.19895797797496148,305,False
LEVEL_PLUS_JUMP,pooled,ip,real_macro,b,0.1,5,0.04381989897956373,0.027663456262338855,0.11433074250100947,-0.0016824373875577517,0.08932223534668521,304,True
LEVEL_PLUS_JUMP,pooled,ip,real_macro,b,0.1,6,0.04172448377506299,0.08587137191156241,0.6274284318723007,-0.0995213537649692,0.1829703213150952,303,True
LEVEL_PLUS_JUMP,pooled,ip,real_macro,b,0.1,7,0.06637712284279473,0.08284668423266953,0.42370758387713536,-0.06989354619821508,0.20264779188380455,302,True
LEVEL_PLUS_JUMP,pooled,ip,real_macro,b,0.1,8,-0.11015181536214413,0.02789978267776591,0.00010028606856008398,-0.15604287409082523,-0.06426075663346302,301,True
LEVEL_PLUS_JUMP,pooled,ip,real_macro,b,0.1,9,0.021216440543867066,0.029144211054364776,0.4672512450345685,-0.026721520713544028,0.06915440180127816,300,True
LEVEL_PLUS_JUMP,pooled,ip,real_macro,b,0.1,10,0.04244793196555463,0.08737668406006648,0.627498777785195,-0.1012739237216386,0.18616978765274786,299,True
LEVEL_PLUS_JUMP,pooled,ip,real_macro,b,0.1,11,0.04765135273487431,0.08010957966096383,0.5524571727553605,-0.08411717992401993,0.17941988539376855,298,True
LEVEL_PLUS_JUMP,pooled,ip,real_macro,b,0.1,12,0.012999217751115566,0.0811112930688449,0.8727934206853689,-0.1204169868398978,0.14641542234212893,297,True
LEVEL_PLUS_JUMP,pooled,ip,real_macro,b,0.1,13,0.03769405683070204,0.08941735241701021,0.6736900211757372,-0.10938439960481519,0.18477251326621927,296,True
LEVEL_PLUS_JUMP,pooled,ip,real_macro,b,0.1,14,-0.07500230613536019,0.027403756686961094,0.006617835149753331,-0.12007747471400379,-0.029927137556716575,295,True
LEVEL_PLUS_JUMP,pooled,ip,real_macro,b,0.1,15,0.00170711149530689,0.02584562998821866,0.9473873976543319,-0.04080516673166031,0.04421938972227409,294,True
LEVEL_PLUS_JUMP,pooled,ip,real_macro,b,0.1,16,0.04594849257657074,0.08324872580446999,0.5814530482773327,-0.09098347600200032,0.1828804611551418,293,True
LEVEL_PLUS_JUMP,pooled,ip,real_macro,b,0.1,17,0.02138393576355213,0.08777148281259442,0.807705108175214,-0.1229873060836526,0.16575517761075687,292,True
LEVEL_PLUS_JUMP,pooled,ip,real_macro,b,0.1,18,0.001817945315629288,0.02487723262926381,0.9418006522026658,-0.0391014610031308,0.042737351634389374,291,True
LEVEL_PLUS_JUMP,pooled,ip,real_macro,b,0.1,19,0.02673173364308923,0.02479474017653209,0.28197129992479913,-0.014051984665598968,0.06751545195177742,290,True
LEVEL_PLUS_JUMP,pooled,ip,real_macro,b,0.1,20,0.024633030923066457,0.0777669426090397,0.751683078684322,-0.10328220668433949,0.1525482685304724,289,True
LEVEL_PLUS_JUMP,pooled,ip,real_macro,b,0.1,21,-0.10081864261883311,0.025909060205364955,0.00012677207163605867,-0.1434352542685317,-0.05820203096913451,288,True
LEVEL_PLUS_JUMP,pooled,ip,real_macro,b,0.1,22,0.005774473628068932,0.02310304485782887,0.8028285808411264,-0.03222665349995344,0.043775600756091305,287,True
LEVEL_PLUS_JUMP,pooled,ip,real_macro,b,0.1,23,0.012484284383759814,0.018446692441068335,0.4991542099546765,-0.017857824583189744,0.04282639335070937,286,True
LEVEL_PLUS_JUMP,pooled,ip,real_macro,b,0.1,24,0.02820462783598998,0.07609441105326174,0.7112012592423425,-0.0969595401757038,0.15336879584768376,285,True
LEVEL_PLUS_JUMP,pooled,cpi,real_macro,b,0.1,0,-0.015644540554612063,0.008287512082589193,0.060093237226167585,-0.029276284862063046,-0.0020127962471610805,309,True
LEVEL_PLUS_JUMP,pooled,cpi,real_macro,b,0.1,1,0.006540118714935872,0.031905199733108215,0.8377320118375229,-0.045939264784678316,0.05901950221455006,308,True
LEVEL_PLUS_JUMP,pooled,cpi,real_macro,b,0.1,2,-0.03672475460557223,0.012844836265859682,0.004568904967621008,-0.05785263012506933,-0.015596879086075127,307,True
LEVEL_PLUS_JUMP,pooled,cpi,real_macro,b,0.1,3,-0.0012407654291948234,0.009736556809727792,0.898689275213877,-0.017255976211694637,0.01477444535330499,306,False
LEVEL_PLUS_JUMP,pooled,cpi,real_macro,b,0.1,4,0.002346901368387222,0.01143880194548895,0.8375898330967962,-0.016468253499629833,0.021162056236404277,305,True
LEVEL_PLUS_JUMP,pooled,cpi,real_macro,b,0.1,5,0.010364139010754059,0.035617134991656654,0.7712794718514725,-0.04822083466189258,0.0689491126834007,304,True
LEVEL_PLUS_JUMP,pooled,cpi,real_macro,b,0.1,6,0.021966183195529565,0.008393004035262094,0.009356070487367231,0.008160920067110368,0.03577144632394876,303,True
LEVEL_PLUS_JUMP,pooled,cpi,real_macro,b,0.1,7,0.014854370172260545,0.03669755638012185,0.6859563845930531,-0.04550773853983902,0.07521647888436012,302,False
LEVEL_PLUS_JUMP,pooled,cpi,real_macro,b,0.1,8,0.018986990027887174,0.011586591205865224,0.1024268928342708,-7.125654108427332e-05,0.03804523659685862,301,True
LEVEL_PLUS_JUMP,pooled,cpi,real_macro,b,0.1,9,0.004207400856167887,0.009939516203972744,0.6724106292966566,-0.012141648422079609,0.020556450134415382,300,True
LEVEL_PLUS_JUMP,pooled,cpi,real_macro,b,0.1,10,0.014115723275308412,0.03341261771095518,0.6730192871304863,-0.040843142152499214,0.06907458870311603,299,True
LEVEL_PLUS_JUMP,pooled,cpi,real_macro,b,0.1,11,0.0105269350358288,0.036617139607237975,0.7739603269056237,-0.04970289985572499,0.07075676992738258,298,True
LEVEL_PLUS_JUMP,pooled,cpi,real_macro,b,0.1,12,0.021276688304270208,0.03856618076499759,0.5816167756947559,-0.04215903400470218,0.0847124106132426,297,True
LEVEL_PLUS_JUMP,pooled,cpi,real_macro,b,0.1,13,0.020717183553789265,0.034259609764972464,0.5458822683731692,-0.03563485982606777,0.07706922693364629,296,True
LEVEL_PLUS_JUMP,pooled,cpi,real_macro,b,0.1,14,0.02329998783000753,0.0357377225069194,0.5149801920088378,-0.03548333465448411,0.08208331031449917,295,True
LEVEL_PLUS_JUMP,pooled,cpi,real_macro,b,0.1,15,0.02172882221668715,0.012219866555650861,0.07652058390701635,0.0016289303917618354,0.041828714041612466,294,True
LEVEL_PLUS_JUMP,pooled,cpi,real_macro,b,0.1,16,0.0013864243352799122,0.009045210161174683,0.8782963435441861,-0.013491622404866574,0.016264471075426397,293,True
LEVEL_PLUS_JUMP,pooled,cpi,real_macro,b,0.1,17,0.013209441630941843,0.02877947359148881,0.6466202372085953,-0.03412857988777264,0.060547463149656325,292,True
LEVEL_PLUS_JUMP,pooled,cpi,real_macro,b,0.1,18,-6.463017763641554e-05,0.007117941057945623,0.9927622728481263,-0.011772601343225072,0.011643340987952241,291,True
LEVEL_PLUS_JUMP,pooled,cpi,real_macro,b,0.1,19,-0.0015079176945844708,0.03307495212604587,0.9636710312060095,-0.05591137266035733,0.05289553727118839,290,True
LEVEL_PLUS_JUMP,pooled,cpi,real_macro,b,0.1,20,0.01114566792259386,0.03812047227406325,0.7702283004926291,-0.0515569291585021,0.07384826500368982,289,True
LEVEL_PLUS_JUMP,pooled,cpi,real_macro,b,0.1,21,-0.002294348014615366,0.009948239827957318,0.817784761490203,-0.01865774637741405,0.014069050348183319,288,True
LEVEL_PLUS_JUMP,pooled,cpi,real_macro,b,0.1,22,0.03907640054144501,0.03214766967167207,0.22527149006726718,-0.013801810516042637,0.09195461159893266,287,True
LEVEL_PLUS_JUMP,pooled,cpi,real_macro,b,0.1,23,0.0406571282368704,0.007504382662017362,1.3832767835417295e-07,0.028313517197219397,0.0530007392765214,286,True
LEVEL_PLUS_JUMP,pooled,cpi,real_macro,b,0.1,24,-0.010449929200901042,0.03161615922055721,0.7412726427144488,-0.0624538833651098,0.04155402496330771,285,True
LEVEL_PLUS_JUMP,pooled,infl_exp,real_macro,b,0.1,0,-0.0547622888290249,0.04341665958633007,0.20823978634076334,-0.12617633881971732,0.016651761161667528,309,False
LEVEL_PLUS_JUMP,pooled,infl_exp,real_macro,b,0.1,1,0.009378449198095495,0.009545279753303316,0.3266908537669786,-0.006322138824391917,0.025079037220582908,308,True
LEVEL_PLUS_JUMP,pooled,infl_exp,real_macro,b,0.1,2,0.0368257070956588,0.010717780409623552,0.0006803620340824459,0.019196527116020067,0.05445488707529753,307,True
LEVEL_PLUS_JUMP,pooled,infl_exp,real_macro,b,0.1,3,0.02595596194061045,0.043245717518032474,0.548863703654561,-0.045176913369044086,0.09708883725026499,306,False
LEVEL_PLUS_JUMP,pooled,infl_exp,real_macro,b,0.1,4,-0.003772773761284043,0.013008576629676978,0.7720163720844465,-0.025169978212084377,0.01762443068951629,305,True
LEVEL_PLUS_JUMP,pooled,infl_exp,real_macro,b,0.1,5,0.0014540253042980567,0.013902550768935592,0.9167795371704062,-0.02141363575186263,0.024321686360458745,304,True
LEVEL_PLUS_JUMP,pooled,infl_exp,real_macro,b,0.1,6,0.028543152000736427,0.04102139513163489,0.487134591558788,-0.03893103856414269,0.09601734256561555,303,True
LEVEL_PLUS_JUMP,pooled,infl_exp,real_macro,b,0.1,7,0.02642872650129391,0.04476820481898595,0.5554453357608671,-0.0472084175673215,0.10006587056990932,302,True
LEVEL_PLUS_JUMP,pooled,infl_exp,real_macro,b,0.1,8,-0.0013829216331942007,0.014719257647679526,0.9252152356067598,-0.025593945961013064,0.022828102694624663,301,False
LEVEL_PLUS_JUMP,pooled,infl_exp,real_macro,b,0.1,9,-0.029483910751423537,0.011981488054417394,0.014484760474442925,-0.04919170483400773,-0.009776116668839346,300,True
LEVEL_PLUS_JUMP,pooled,infl_exp,real_macro,b,0.1,10,0.009288106979653321,0.03561862737865447,0.7944714392928083,-0.04929932145115949,0.06787553541046613,299,True
LEVEL_PLUS_JUMP,pooled,infl_exp,real_macro,b,0.1,11,-0.02112731437136972,0.012360646369795104,0.08855547817204315,-0.04145876838419174,-0.0007958603585476974,298,False
LEVEL_PLUS_JUMP,pooled,infl_exp,real_macro,b,0.1,12,0.031647258332725414,0.013120215927171046,0.01653073936036223,0.010066423578531648,0.053228093086919184,297,True
LEVEL_PLUS_JUMP,pooled,infl_exp,real_macro,b,0.1,13,0.004489037034751675,0.048269113246590084,0.9259728890693865,-0.07490658895863338,0.08388466302813673,296,False
LEVEL_PLUS_JUMP,pooled,infl_exp,real_macro,b,0.1,14,-0.0018155357315379206,0.01386672316119676,0.8959312353846343,-0.024624265617164395,0.020993194154088554,295,True
LEVEL_PLUS_JUMP,pooled,infl_exp,real_macro,b,0.1,15,-0.0074362246766348505,0.013056569684300228,0.5694711073769019,-0.02891237067740072,0.014039921324131018,294,True
LEVEL_PLUS_JUMP,pooled,infl_exp,real_macro,b,0.1,16,0.005477951262562897,0.008474843610784214,0.518594070156225,-0.00846192598848203,0.01941782851360782,293,True
LEVEL_PLUS_JUMP,pooled,infl_exp,real_macro,b,0.1,17,0.04457687058905435,0.04331952464565443,0.3044098106336148,-0.02667740664216403,0.11583114782027273,292,True
LEVEL_PLUS_JUMP,pooled,infl_exp,real_macro,b,0.1,18,-0.022891961077249334,0.040514975409776596,0.5725386161989334,-0.08953316532587008,0.04374924317137141,291,True
LEVEL_PLUS_JUMP,pooled,infl_exp,real_macro,b,0.1,19,-0.008336137680998945,0.04575225435912071,0.8555653473907952,-0.08359189920480495,0.06691962384280706,290,False
LEVEL_PLUS_JUMP,pooled,infl_exp,real_macro,b,0.1,20,-0.0919460844673381,0.014968152459616276,3.010972921384192e-09,-0.11656650432930052,-0.06732566460537567,289,True
LEVEL_PLUS_JUMP,pooled,infl_exp,real_macro,b,0.1,21,-0.05555704989696508,0.01701747623589798,0.0012427821250417031,-0.08354830740514235,-0.027565792388787806,288,True
LEVEL_PLUS_JUMP,pooled,infl_exp,real_macro,b,0.1,22,0.023117888591713154,0.01240928727039141,0.06360119403964314,0.002706427417127108,0.0435293497662992,287,True
LEVEL_PLUS_JUMP,pooled,infl_exp,real_macro,b,0.1,23,0.03105445292126774,0.0129685432326249,0.01735266671440044,0.009723097548807704,0.05238580829372777,286,True
LEVEL_PLUS_JUMP,pooled,infl_exp,real_macro,b,0.1,24,0.002732772914939119,0.03760532434618091,0.9421253724887498,-0.059122481228563055,0.0645880270584413,285,True
LEVEL_PLUS_JUMP,pooled,freight,physical_channel,b,0.1,0,0.0006394727953580315,0.000767886015272182,0.4056814170600968,-0.0006235873019477306,0.0019025328926637935,309,True
LEVEL_PLUS_JUMP,pooled,freight,physical_channel,b,0.1,1,-0.0009558042229844688,0.002430459572496555,0.6944262061012317,-0.004953554465964352,0.0030419460199954144,308,True
LEVEL_PLUS_JUMP,pooled,freight,physical_channel,b,0.1,2,0.0013173350937738526,0.0028138962425917533,0.6400404053262997,-0.0033111123467183127,0.005945782534266018,307,True
LEVEL_PLUS_JUMP,pooled,freight,physical_channel,b,0.1,3,-1.15907232256518e-05,0.0007297001349216865,0.987338146319257,-0.0012118406367385664,0.0011886591902872628,306,True
LEVEL_PLUS_JUMP,pooled,freight,physical_channel,b,0.1,4,0.001696742973070542,0.0025386993725931236,0.5044659262287075,-0.002479045897678684,0.005872531843819768,305,True
LEVEL_PLUS_JUMP,pooled,freight,physical_channel,b,0.1,5,0.0010679344280331016,0.002577693881811524,0.6789773877539024,-0.0031719947026352027,0.005307863558701406,304,True
LEVEL_PLUS_JUMP,pooled,freight,physical_channel,b,0.1,6,0.000523397763303457,0.002245573535928408,0.8158728534237086,-0.003170242011854627,0.004217037538461541,303,True
LEVEL_PLUS_JUMP,pooled,freight,physical_channel,b,0.1,7,0.003984422343814131,0.0009151988255212396,1.893120294456399e-05,0.0024790542362737927,0.00548979045135447,302,True
LEVEL_PLUS_JUMP,pooled,freight,physical_channel,b,0.1,8,0.0026344072522208606,0.000866265683794154,0.0025862661966837776,0.0012095270003284492,0.004059287504113272,301,True
LEVEL_PLUS_JUMP,pooled,freight,physical_channel,b,0.1,9,-0.0027421678480124,0.0009398897617646464,0.003822591838741245,-0.004288148931585534,-0.0011961867644392664,300,True
LEVEL_PLUS_JUMP,pooled,freight,physical_channel,b,0.1,10,-0.0008465504462726869,0.0009329647295908092,0.36501376514621087,-0.002381140865557929,0.0006880399730125552,299,True
LEVEL_PLUS_JUMP,pooled,freight,physical_channel,b,0.1,11,-0.007303331191888418,0.0009307031910225921,9.997362210627551e-14,-0.008834201711257237,-0.005772460672519598,298,True
LEVEL_PLUS_JUMP,pooled,freight,physical_channel,b,0.1,12,-0.004933296346335325,0.0009818755992655299,9.220144041064128e-07,-0.006548337987002382,-0.0033182547056682683,297,True
LEVEL_PLUS_JUMP,pooled,freight,physical_channel,b,0.1,13,0.002166600014622766,0.0031495940789178873,0.49211184715825856,-0.003014021229510202,0.007347221258755734,296,True
LEVEL_PLUS_JUMP,pooled,freight,physical_channel,b,0.1,14,-0.0033206599477324517,0.000948433364569979,0.0005426675415062598,-0.004880694007367169,-0.0017606258880977338,295,True
LEVEL_PLUS_JUMP,pooled,freight,physical_channel,b,0.1,15,-0.004571282184667069,0.0009234218512927656,1.3168115325326323e-06,-0.006090175965972218,-0.0030523884033619208,294,True
LEVEL_PLUS_JUMP,pooled,freight,physical_channel,b,0.1,16,0.0003850599889059225,0.0030545821270988997,0.899780181560517,-0.004639280501673846,0.005409400479485691,293,True
LEVEL_PLUS_JUMP,pooled,freight,physical_channel,b,0.1,17,-0.0016256734360382552,0.0011626080091503175,0.16319688036202076,-0.0035379934366119854,0.000286646564535475,292,True
LEVEL_PLUS_JUMP,pooled,freight,physical_channel,b,0.1,18,-0.0036417133480233232,0.0011294332161523785,0.0014220013347375489,-0.0054994656700110296,-0.0017839610260356174,291,True
LEVEL_PLUS_JUMP,pooled,freight,physical_channel,b,0.1,19,-0.005196657145123851,0.0008154110257734328,8.30058898898221e-10,-0.006537888928323502,-0.0038554253619241994,290,True
LEVEL_PLUS_JUMP,pooled,freight,physical_channel,b,0.1,20,-0.003469365158432325,0.0010213912723825197,0.0007884019952843841,-0.0051494042973472915,-0.0017893260195173582,289,True
LEVEL_PLUS_JUMP,pooled,freight,physical_channel,b,0.1,21,0.002002643092512635,0.0027410906114912243,0.4656808304736844,-0.002506049741601334,0.006511335926626604,288,True
LEVEL_PLUS_JUMP,pooled,freight,physical_channel,b,0.1,22,-0.00017398577788974023,0.002905283791369731,0.9522926249550865,-0.004952752359447567,0.004604780803668086,287,True
LEVEL_PLUS_JUMP,pooled,freight,physical_channel,b,0.1,23,-0.00013497194430378556,0.0009624792602823322,0.8885848319871635,-0.0017181094464447497,0.0014481655578371785,286,True
LEVEL_PLUS_JUMP,pooled,freight,physical_channel,b,0.1,24,0.00018373734954679755,0.0007906684037102173,0.8164260336725468,-0.001116796442011884,0.0014842711411054792,285,True
LEVEL_PLUS_JUMP,pooled,oil,asset_price,b,0.25,0,0.0004346378732549283,0.003491619194755584,0.901023982163267,-0.005308564623172173,0.006177840369682029,309,False
LEVEL_PLUS_JUMP,pooled,oil,asset_price,b,0.25,1,-0.0001529499971240078,0.0035374171681848516,0.9655428218687714,-0.005971483456253267,0.005665583462005251,308,True
LEVEL_PLUS_JUMP,pooled,oil,asset_price,b,0.25,2,0.0006089670010691606,0.00360618568549319,0.8660233458966944,-0.005322680603174794,0.006540614605313115,307,True
LEVEL_PLUS_JUMP,pooled,oil,asset_price,b,0.25,3,-0.0008376974961841199,0.00699066709682387,0.9047037052615678,-0.01233632162520518,0.01066092663283694,306,True
LEVEL_PLUS_JUMP,pooled,oil,asset_price,b,0.25,4,0.0042878859688251225,0.0034996871085363652,0.22153319840724453,-0.0014685870648462286,0.010044359002496474,305,True
LEVEL_PLUS_JUMP,pooled,oil,asset_price,b,0.25,5,-0.007891411254846048,0.0037517037853036415,0.036334061341035444,-0.014062414833350311,-0.0017204076763417857,304,True
LEVEL_PLUS_JUMP,pooled,oil,asset_price,b,0.25,6,0.005451054385154919,0.0032764822883639215,0.09731326944752462,6.172060949726291e-05,0.010840388160812574,303,True
LEVEL_PLUS_JUMP,pooled,oil,asset_price,b,0.25,7,-0.005102010844231231,0.003818165291575664,0.18257728898344713,-0.011382333872379687,0.0011783121839172251,302,True
LEVEL_PLUS_JUMP,pooled,oil,asset_price,b,0.25,8,0.004368024231013123,0.003917096456617685,0.26578058080823147,-0.002075026082773235,0.010811074544799482,301,False
LEVEL_PLUS_JUMP,pooled,oil,asset_price,b,0.25,9,0.0057183345106057715,0.0036656749017164726,0.11993022998340175,-0.0003111641467075498,0.011747833167919093,300,True
LEVEL_PLUS_JUMP,pooled,oil,asset_price,b,0.25,10,0.0037657084427191734,0.007012204014447068,0.5916929826296404,-0.00776834076336776,0.015299757648806107,299,True
LEVEL_PLUS_JUMP,pooled,oil,asset_price,b,0.25,11,0.00433793099450952,0.003179868121995924,0.17364512810390592,-0.0008924866191828418,0.009568348608201882,298,True
LEVEL_PLUS_JUMP,pooled,oil,asset_price,b,0.25,12,-0.004538784601990642,0.006902322063301988,0.5113744538599111,-0.015892094082200086,0.006814524878218802,297,True
LEVEL_PLUS_JUMP,pooled,oil,asset_price,b,0.25,13,0.0011097205799899257,0.006352382462443668,0.8614522939967257,-0.009339018753143465,0.011558459913123317,296,True
LEVEL_PLUS_JUMP,pooled,oil,asset_price,b,0.25,14,-0.007294210538290713,0.0032901028418261704,0.027464551118841697,-0.012705948130711835,-0.0018824729458695906,295,True
LEVEL_PLUS_JUMP,pooled,oil,asset_price,b,0.25,15,0.006277383545934434,0.002878134365667107,0.030054969559015248,0.0015432737957132188,0.01101149329615565,294,True
LEVEL_PLUS_JUMP,pooled,oil,asset_price,b,0.25,16,0.0037495175517250345,0.002783461505050259,0.17910845049537324,-0.0008288692003366877,0.008327904303786757,293,True
LEVEL_PLUS_JUMP,pooled,oil,asset_price,b,0.25,17,-0.006812178715114747,0.006357713416484286,0.28493107604856144,-0.01726968668733696,0.0036453292571074665,292,True
LEVEL_PLUS_JUMP,pooled,oil,asset_price,b,0.25,18,-0.0076755013974434405,0.007180101751378642,0.28605154730300497,-0.019485717805079218,0.004134715010192337,291,False
LEVEL_PLUS_JUMP,pooled,oil,asset_price,b,0.25,19,0.004962440866361106,0.004039732382252003,0.22039603164180868,-0.0016823275944994123,0.011607209327221625,290,True
LEVEL_PLUS_JUMP,pooled,oil,asset_price,b,0.25,20,-0.0013257647079818469,0.004086812516008321,0.7458945495516874,-0.008047973097608805,0.005396443681645111,289,True
LEVEL_PLUS_JUMP,pooled,oil,asset_price,b,0.25,21,0.0019080789067942305,0.007027502409519558,0.7862097017875997,-0.009651133919914224,0.013467291733502685,288,False
LEVEL_PLUS_JUMP,pooled,oil,asset_price,b,0.25,22,0.004697091247198415,0.007514484331069148,0.5324743373218963,-0.00766313555943068,0.01705731805382751,287,True
LEVEL_PLUS_JUMP,pooled,oil,asset_price,b,0.25,23,-0.001479011825839649,0.007180002955315236,0.8369608456931993,-0.013289065728412205,0.010331042076732907,286,True
LEVEL_PLUS_JUMP,pooled,oil,asset_price,b,0.25,24,0.0019828825931126337,0.00722896927365542,0.7840769499346774,-0.009907713735780234,0.013873478922005501,285,True
LEVEL_PLUS_JUMP,pooled,dxy,asset_price,b,0.25,0,0.0017094416257827927,0.0005697235138203261,0.002937429863254152,0.0007723298377158921,0.0026465534138496935,309,True
LEVEL_PLUS_JUMP,pooled,dxy,asset_price,b,0.25,1,0.0003095722317661975,0.0005863259016295661,0.5979267949708101,-0.0006548480541047864,0.0012739925176371814,308,True
LEVEL_PLUS_JUMP,pooled,dxy,asset_price,b,0.25,2,0.0007526744693211462,0.0005683823753146812,0.18650727255212743,-0.0001822313422105001,0.0016875802808527926,307,True
LEVEL_PLUS_JUMP,pooled,dxy,asset_price,b,0.25,3,0.001668800429005246,0.0005311744821987195,0.001860992070135817,0.0007950961554166121,0.00254250470259388,306,True
LEVEL_PLUS_JUMP,pooled,dxy,asset_price,b,0.25,4,0.00041621666980093397,0.0011791532853116392,0.7243724349655845,-0.0015233178882756598,0.0023557512278775277,305,True
LEVEL_PLUS_JUMP,pooled,dxy,asset_price,b,0.25,5,0.0003331667745380962,0.0011313978235385762,0.7686174005646206,-0.0015278170390343327,0.0021941505881105253,304,True
LEVEL_PLUS_JUMP,pooled,dxy,asset_price,b,0.25,6,-0.0002695075636460764,0.0011811998954270643,0.8196881294396944,-0.002212408495793983,0.00167339336850183,303,False
LEVEL_PLUS_JUMP,pooled,dxy,asset_price,b,0.25,7,-0.0013993494491956748,0.0005863678164870801,0.017689909538597053,-0.0023638386788720636,-0.0004348602195192859,302,True
LEVEL_PLUS_JUMP,pooled,dxy,asset_price,b,0.25,8,-0.0003364283832045789,0.0006082665788015186,0.5806519127359063,-0.0013369378714996204,0.0006640811050904626,301,True
LEVEL_PLUS_JUMP,pooled,dxy,asset_price,b,0.25,9,-0.0018402359550471203,0.0006490534646465976,0.0049225026866152,-0.0029078339004564953,-0.0007726380096377452,300,True
LEVEL_PLUS_JUMP,pooled,dxy,asset_price,b,0.25,10,0.00033479825475724034,0.0012909630959133313,0.7955698819408861,-0.0017886470758163037,0.0024582435853307844,299,True
LEVEL_PLUS_JUMP,pooled,dxy,asset_price,b,0.25,11,0.0011035879404237559,0.000608254853303852,0.07073346014121062,0.00010309773885607931,0.002104078141991432,298,True
LEVEL_PLUS_JUMP,pooled,dxy,asset_price,b,0.25,12,1.8564217934446958e-05,0.0011649527289232997,0.9872975834897968,-0.0018976125034620578,0.0019347409393309517,297,True
LEVEL_PLUS_JUMP,pooled,dxy,asset_price,b,0.25,13,0.0002221892988668872,0.0005586017841668044,0.6911239400216047,-0.0006966288718414446,0.0011410074695752189,296,True
LEVEL_PLUS_JUMP,pooled,dxy,asset_price,b,0.25,14,-0.0008584293540341292,0.0012130117657383295,0.47975861143826404,-0.00285365615644363,0.0011367974483753717,295,True
LEVEL_PLUS_JUMP,pooled,dxy,asset_price,b,0.25,15,-0.00020550545722858304,0.0006462083353827567,0.7507213030896519,-0.0012684235814491838,0.0008574126669920177,294,True
LEVEL_PLUS_JUMP,pooled,dxy,asset_price,b,0.25,16,0.00042434365375987326,0.0012572857744942794,0.7360013767879986,-0.0016437074125315331,0.0024923947200512797,293,True
LEVEL_PLUS_JUMP,pooled,dxy,asset_price,b,0.25,17,0.00026970812273946487,0.0005624127962797776,0.6319405579616905,-0.0006553786050652467,0.0011947948505441764,292,True
LEVEL_PLUS_JUMP,pooled,dxy,asset_price,b,0.25,18,0.00013085103445620305,0.0006094497505946143,0.8301648264612745,-0.0008716045982540184,0.0011333066671664245,291,True
LEVEL_PLUS_JUMP,pooled,dxy,asset_price,b,0.25,19,-0.0013951535276808258,0.0006638056723019549,0.03653006995649588,-0.0024870166953576568,-0.00030329036000399483,290,True
LEVEL_PLUS_JUMP,pooled,dxy,asset_price,b,0.25,20,-0.0013701801486583065,0.0006448754616437859,0.034549838744387475,-0.0024309058906750924,-0.0003094544066415204,289,True
LEVEL_PLUS_JUMP,pooled,dxy,asset_price,b,0.25,21,0.001598632091880603,0.000595418836751331,0.007721889227061425,0.0006192552586949496,0.0025780089250662564,288,True
LEVEL_PLUS_JUMP,pooled,dxy,asset_price,b,0.25,22,0.0006180341695660729,0.001176491195547905,0.5998102842419386,-0.001317121640507372,0.002553189979639518,287,True
LEVEL_PLUS_JUMP,pooled,dxy,asset_price,b,0.25,23,-0.0007322301975665191,0.0012599816000989326,0.5616510321960131,-0.002804715502381368,0.0013402551072483298,286,True
LEVEL_PLUS_JUMP,pooled,dxy,asset_price,b,0.25,24,9.632533648554209e-05,0.0012156935627306074,0.9369074598515538,-0.0019033126294334545,0.0020959633024045386,285,True
LEVEL_PLUS_JUMP,pooled,vix,asset_price,b,0.25,0,-0.2778720466303639,0.09995754204933674,0.005804637734031536,-0.4422875722113697,-0.11345652104935808,309,True
LEVEL_PLUS_JUMP,pooled,vix,asset_price,b,0.25,1,0.11829330573391417,0.10198712949287783,0.24708384903628444,-0.049460594114815404,0.28604720558264374,308,True
LEVEL_PLUS_JUMP,pooled,vix,asset_price,b,0.25,2,0.13561140995079768,0.10730026816515482,0.20733892491977343,-0.04088182531352283,0.31210464521511816,307,True
LEVEL_PLUS_JUMP,pooled,vix,asset_price,b,0.25,3,0.02329478682554509,0.11473831642110909,0.839263735157625,-0.16543294909002185,0.21202252274111202,306,True
LEVEL_PLUS_JUMP,pooled,vix,asset_price,b,0.25,4,0.0749688037052465,0.1177186703914276,0.5247503348740937,-0.11866117824799807,0.26859878565849105,305,True
LEVEL_PLUS_JUMP,pooled,vix,asset_price,b,0.25,5,-0.07950867022543662,0.11951702622889897,0.5064462945360121,-0.2760966843004953,0.11707934384962207,304,True
LEVEL_PLUS_JUMP,pooled,vix,asset_price,b,0.25,6,0.1779623127542891,0.12350345157505493,0.15073640684044148,-0.025182787509965526,0.3811074130185437,303,True
LEVEL_PLUS_JUMP,pooled,vix,asset_price,b,0.25,7,0.1403344376522,0.13716824291593963,0.3071712200547987,-0.08528724421064388,0.36595611951504387,302,False
LEVEL_PLUS_JUMP,pooled,vix,asset_price,b,0.25,8,0.38925884262425825,0.13424114025584538,0.004038882778913166,0.1684518161883297,0.6100658690601868,301,False
LEVEL_PLUS_JUMP,pooled,vix,asset_price,b,0.25,9,0.5764919565701803,0.1438460059665732,7.922026350025286e-05,0.3398863319335792,0.8130975812067813,300,True
LEVEL_PLUS_JUMP,pooled,vix,asset_price,b,0.25,10,0.6821584162535146,0.16840787313264646,6.674745419897619e-05,0.4051521153240977,0.9591647171829315,299,False
LEVEL_PLUS_JUMP,pooled,vix,asset_price,b,0.25,11,0.38517211394901096,0.16410777809393007,0.019644509331148485,0.11523883994026274,0.6551053879577592,298,True
LEVEL_PLUS_JUMP,pooled,vix,asset_price,b,0.25,12,-0.01891935356979957,0.17768700061305073,0.9152842696877544,-0.3111884609903045,0.27334975385070537,297,True
LEVEL_PLUS_JUMP,pooled,vix,asset_price,b,0.25,13,0.4217467626440339,0.17206402311611724,0.014880988684112155,0.13872663015362646,0.7047668951344412,296,False
LEVEL_PLUS_JUMP,pooled,vix,asset_price,b,0.25,14,0.0027112262323498726,0.17323364310533887,0.9875247532875466,-0.28223275993948366,0.2876552124041834,295,False
LEVEL_PLUS_JUMP,pooled,vix,asset_price,b,0.25,15,-0.4580378287937492,0.1636479930889646,0.005502682015252487,-0.7272148237694621,-0.1888608338180363,294,False
LEVEL_PLUS_JUMP,pooled,vix,asset_price,b,0.25,16,-0.31066209459777383,0.15482502351821928,0.04581488236739273,-0.5653265960745638,-0.055997593120983846,293,True
LEVEL_PLUS_JUMP,pooled,vix,asset_price,b,0.25,17,-0.7604658177442616,0.16660334153203588,7.680000701330715e-06,-1.0345039283254656,-0.48642770716305755,292,True
LEVEL_PLUS_JUMP,pooled,vix,asset_price,b,0.25,18,0.005669655787642114,0.1710108663265113,0.973577107144417,-0.2756181879376334,0.2869574995129176,291,True
LEVEL_PLUS_JUMP,pooled,vix,asset_price,b,0.25,19,-0.24023186968406662,0.18011821771574296,0.18344555033128723,-0.5364999733738414,0.05603623400570812,290,True
LEVEL_PLUS_JUMP,pooled,vix,asset_price,b,0.25,20,-0.5399712974040085,0.1689722777615671,0.0015669633591449633,-0.8179059613343738,-0.2620366334736433,289,True
LEVEL_PLUS_JUMP,pooled,vix,asset_price,b,0.25,21,-0.9705121233128011,0.16685453644128642,1.7586481129204272e-08,-1.2449634127515576,-0.6960608338740446,288,False
LEVEL_PLUS_JUMP,pooled,vix,asset_price,b,0.25,22,-0.6274907018960221,0.17007796266100825,0.00027392336396715034,-0.9072440556434985,-0.3477373481485456,287,False
LEVEL_PLUS_JUMP,pooled,vix,asset_price,b,0.25,23,-0.7574663065097411,0.16196585640463432,4.705928669674606e-06,-1.0238764328592052,-0.491056180160277,286,True
LEVEL_PLUS_JUMP,pooled,vix,asset_price,b,0.25,24,-0.5004870197544733,0.18128605879550538,0.006182274216428009,-0.7986760510799982,-0.20229798842894842,285,True
LEVEL_PLUS_JUMP,pooled,us10y,asset_price,b,0.25,0,-0.010738103751563699,0.019603913175869094,0.5842962835311835,-0.042983671441333735,0.021507463938206337,309,True
LEVEL_PLUS_JUMP,pooled,us10y,asset_price,b,0.25,1,0.040716971553553805,0.009447111525247485,2.2632233444260212e-05,0.025177855897035424,0.056256087210072185,308,True
LEVEL_PLUS_JUMP,pooled,us10y,asset_price,b,0.25,2,0.017498113087051737,0.020357662071724802,0.3907836151224092,-0.015987261207877225,0.0509834873819807,307,True
LEVEL_PLUS_JUMP,pooled,us10y,asset_price,b,0.25,3,-0.009659298766036883,0.00903607403430983,0.2860101560787886,-0.024522317914773432,0.005203720382699664,306,True
LEVEL_PLUS_JUMP,pooled,us10y,asset_price,b,0.25,4,-0.0018884161999324078,0.019389171504816866,0.9224828279093619,-0.033780765273214566,0.03000393287334975,305,True
LEVEL_PLUS_JUMP,pooled,us10y,asset_price,b,0.25,5,0.03038848832596841,0.007972574780547852,0.00017028285064212215,0.01727476978204244,0.04350220686989438,304,True
LEVEL_PLUS_JUMP,pooled,us10y,asset_price,b,0.25,6,-0.013439126283046221,0.017724664665784786,0.44897090479275137,-0.04259360524506093,0.015715352678968487,303,True
LEVEL_PLUS_JUMP,pooled,us10y,asset_price,b,0.25,7,0.01426618700861404,0.007998296736427471,0.07558674910419343,0.0011101596122671895,0.02742221440496089,302,True
LEVEL_PLUS_JUMP,pooled,us10y,asset_price,b,0.25,8,-0.0031206055571715297,0.017119640899518708,0.8554965596976047,-0.03127990898285164,0.02503869786850858,301,False
LEVEL_PLUS_JUMP,pooled,us10y,asset_price,b,0.25,9,-0.00964392674960024,0.008450041075331215,0.25475406977463355,-0.023543007460247706,0.004255153961047227,300,True
LEVEL_PLUS_JUMP,pooled,us10y,asset_price,b,0.25,10,-0.01206634105609794,0.017426098948678415,0.48926067641367693,-0.04072972311544687,0.016597041003250986,299,True
LEVEL_PLUS_JUMP,pooled,us10y,asset_price,b,0.25,11,-0.0360330047673445,0.009059686390202744,8.958256975324548e-05,-0.050934862785312375,-0.021131146749376627,298,True
LEVEL_PLUS_JUMP,pooled,us10y,asset_price,b,0.25,12,-0.005119406770667467,0.008489310408230664,0.5469891440608565,-0.019083079785962558,0.008844266244627624,297,True
LEVEL_PLUS_JUMP,pooled,us10y,asset_price,b,0.25,13,0.023227097875402336,0.018240829834615422,0.20399455333583874,-0.006776397236669462,0.05323059298747414,296,True
LEVEL_PLUS_JUMP,pooled,us10y,asset_price,b,0.25,14,-0.0072312228569693104,0.020004773878159725,0.7180303722152064,-0.040136147726804405,0.025673702012865784,295,True
LEVEL_PLUS_JUMP,pooled,us10y,asset_price,b,0.25,15,0.012691051870659997,0.017838918348318987,0.47744433895320737,-0.016651357675463656,0.04203346141678365,294,True
LEVEL_PLUS_JUMP,pooled,us10y,asset_price,b,0.25,16,-0.0021693017762638434,0.008154687488571321,0.7904314305574842,-0.015582569068496173,0.011243965515968487,293,True
LEVEL_PLUS_JUMP,pooled,us10y,asset_price,b,0.25,17,0.007102271492463785,0.018426660316779427,0.7002258663489515,-0.023206887562193617,0.03741143054712119,292,True
LEVEL_PLUS_JUMP,pooled,us10y,asset_price,b,0.25,18,0.00529098286772367,0.020586951741393075,0.7973746124300691,-0.028571539371981654,0.039153505107428994,291,True
LEVEL_PLUS_JUMP,pooled,us10y,asset_price,b,0.25,19,-0.01164186035614101,0.01889132317044861,0.5382616989563147,-0.04271532179096579,0.019431601078683775,290,True
LEVEL_PLUS_JUMP,pooled,us10y,asset_price,b,0.25,20,-0.006278731829304718,0.010682372722093136,0.5571977793642362,-0.023849671345687082,0.011292207687077647,289,True
LEVEL_PLUS_JUMP,pooled,us10y,asset_price,b,0.25,21,0.02590703244187864,0.00945265085417085,0.006555571409465634,0.010358805400089786,0.041455259483667496,288,True
LEVEL_PLUS_JUMP,pooled,us10y,asset_price,b,0.25,22,0.006084173318342323,0.01853056690971778,0.7429261341961154,-0.0243958968725739,0.03656424350925855,287,True
LEVEL_PLUS_JUMP,pooled,us10y,asset_price,b,0.25,23,-0.0234781836169482,0.019077941465477557,0.2195762522182487,-0.054858604831206845,0.007902237597310444,286,True
LEVEL_PLUS_JUMP,pooled,us10y,asset_price,b,0.25,24,0.01847916852071929,0.01847253718014465,0.3180777531740534,-0.011905451259037556,0.048863788300476135,285,True
LEVEL_PLUS_JUMP,pooled,ip,real_macro,b,0.25,0,0.02444985330897964,0.01562497137697639,0.11875677887273962,-0.0012509375314529135,0.0501506441494122,309,True
LEVEL_PLUS_JUMP,pooled,ip,real_macro,b,0.25,1,0.0046949066265735695,0.03452250880887857,0.8919225424787864,-0.05208956719917449,0.06147938045232163,308,True
LEVEL_PLUS_JUMP,pooled,ip,real_macro,b,0.25,2,-0.013493714033359083,0.01875947660656935,0.47255740675887853,-0.044350307169385976,0.01736287910266781,307,True
LEVEL_PLUS_JUMP,pooled,ip,real_macro,b,0.25,3,0.06184358526752476,0.036127630965488766,0.08804721194655714,0.002418920440776247,0.12126825009427328,306,True
LEVEL_PLUS_JUMP,pooled,ip,real_macro,b,0.25,4,0.02305054416440555,0.01958762649567765,0.24028913995128037,-0.009168234320380587,0.05526932264919169,305,True
LEVEL_PLUS_JUMP,pooled,ip,real_macro,b,0.25,5,0.039992185715103545,0.021590955032143495,0.06505532079626847,0.0044782250211361785,0.07550614640907091,304,True
LEVEL_PLUS_JUMP,pooled,ip,real_macro,b,0.25,6,0.048881047777301845,0.02141486518903551,0.02321896028084925,0.013656729100439961,0.08410536645416372,303,True
LEVEL_PLUS_JUMP,pooled,ip,real_macro,b,0.25,7,0.037957356976784595,0.04274328838214858,0.37530304913982276,-0.032349095946425224,0.10826380989999441,302,True
LEVEL_PLUS_JUMP,pooled,ip,real_macro,b,0.25,8,-0.027968210342294242,0.0232108462892531,0.22926108559622815,-0.06614665504578532,0.010210234361196842,301,True
LEVEL_PLUS_JUMP,pooled,ip,real_macro,b,0.25,9,0.02174826010390518,0.020991337088195325,0.3010949023758121,-0.012779416840173856,0.05627593704798422,300,True
LEVEL_PLUS_JUMP,pooled,ip,real_macro,b,0.25,10,0.005894616934561725,0.03779529478246193,0.8761793544212853,-0.056273110770070835,0.06806234463919428,299,True
LEVEL_PLUS_JUMP,pooled,ip,real_macro,b,0.25,11,0.008652389442687536,0.03767628363554212,0.818536990565348,-0.05331958234528631,0.07062436123066138,298,True
LEVEL_PLUS_JUMP,pooled,ip,real_macro,b,0.25,12,-0.001694386284869509,0.037680985645090675,0.9641672833644109,-0.06367409219030326,0.06028531962056425,297,True
LEVEL_PLUS_JUMP,pooled,ip,real_macro,b,0.25,13,0.028221442373634886,0.0388057662504054,0.4677084341301882,-0.03560836298997547,0.09205124773724524,296,True
LEVEL_PLUS_JUMP,pooled,ip,real_macro,b,0.25,14,-0.03217372115072692,0.020185475045356432,0.11214046174198132,-0.06537587299081987,0.0010284306893660403,295,True
LEVEL_PLUS_JUMP,pooled,ip,real_macro,b,0.25,15,0.04306856120239644,0.02069842727174613,0.038412317626015935,0.009022678032273551,0.07711444437251933,294,True
LEVEL_PLUS_JUMP,pooled,ip,real_macro,b,0.25,16,0.01754747602642226,0.046433683642626906,0.7058044069519794,-0.05882913692586986,0.09392408897871438,293,True
LEVEL_PLUS_JUMP,pooled,ip,real_macro,b,0.25,17,0.009629022271610665,0.03989123430247175,0.8094465063751952,-0.05598621915438097,0.0752442636976023,292,False
LEVEL_PLUS_JUMP,pooled,ip,real_macro,b,0.25,18,-0.014004317044566506,0.019132081645190584,0.46483202527477574,-0.045473790929789926,0.017465156840656915,291,True
LEVEL_PLUS_JUMP,pooled,ip,real_macro,b,0.25,19,0.018813357277082332,0.03919314979222118,0.6316161818589027,-0.045653637310305015,0.08328035186446968,290,True
LEVEL_PLUS_JUMP,pooled,ip,real_macro,b,0.25,20,0.006045060136832703,0.01949647243215048,0.7567633853055402,-0.026023783255949402,0.03811390352961481,289,True
LEVEL_PLUS_JUMP,pooled,ip,real_macro,b,0.25,21,0.010263642720401478,0.02061658005150117,0.6190215670098493,-0.02364761375264559,0.044174899193448545,288,True
LEVEL_PLUS_JUMP,pooled,ip,real_macro,b,0.25,22,-0.009002204318154572,0.04320299758698731,0.8351039239460514,-0.08006481159428636,0.06206040295797721,287,True
LEVEL_PLUS_JUMP,pooled,ip,real_macro,b,0.25,23,0.018153958152701932,0.04012549559075604,0.6513397738016672,-0.047846608802978446,0.08415452510838231,286,True
LEVEL_PLUS_JUMP,pooled,ip,real_macro,b,0.25,24,0.018807903879142884,0.020868400609669213,0.3682926589286493,-0.015517560552347834,0.0531333683106336,285,True
LEVEL_PLUS_JUMP,pooled,cpi,real_macro,b,0.25,0,-0.037410840005577484,0.007561897869817948,1.2978854603944803e-06,-0.04984905514338415,-0.02497262486777082,309,False
LEVEL_PLUS_JUMP,pooled,cpi,real_macro,b,0.25,1,0.00033569545489342545,0.007835684510727985,0.9658581139507285,-0.012552858632224972,0.013224249542011823,308,True
LEVEL_PLUS_JUMP,pooled,cpi,real_macro,b,0.25,2,-0.004056284808129362,0.008052649228952782,0.6148552676499895,-0.017301714098940324,0.009189144482681598,307,True
LEVEL_PLUS_JUMP,pooled,cpi,real_macro,b,0.25,3,-0.004457144958049497,0.008298991956966902,0.5916483997789979,-0.018107771978507603,0.009193482062408607,306,True
LEVEL_PLUS_JUMP,pooled,cpi,real_macro,b,0.25,4,-0.03236654203374201,0.010220982289191185,0.0017141976057962205,-0.04917856182312489,-0.015554522244359124,305,False
LEVEL_PLUS_JUMP,pooled,cpi,real_macro,b,0.25,5,0.013908685165159085,0.01708690212501092,0.4163484521277182,-0.014196767768529944,0.04201413809884812,304,True
LEVEL_PLUS_JUMP,pooled,cpi,real_macro,b,0.25,6,0.016454614781608257,0.007509914592856337,0.029287146775306867,0.004101904525452721,0.028807325037763794,303,True
LEVEL_PLUS_JUMP,pooled,cpi,real_macro,b,0.25,7,0.009703659060091852,0.019051472927983842,0.6109245396750408,-0.021633225284270155,0.04104054340445386,302,True
LEVEL_PLUS_JUMP,pooled,cpi,real_macro,b,0.25,8,0.009124485731149434,0.008894420706256075,0.305862760721911,-0.005505534427168144,0.023754505889467013,301,True
LEVEL_PLUS_JUMP,pooled,cpi,real_macro,b,0.25,9,0.008855843566941246,0.016857541105310004,0.5997788229926937,-0.018872344061611444,0.036584031195493937,300,True
LEVEL_PLUS_JUMP,pooled,cpi,real_macro,b,0.25,10,0.009411659944390749,0.01636189249126664,0.5656209403445618,-0.017501258263659246,0.036324578152440744,299,True
LEVEL_PLUS_JUMP,pooled,cpi,real_macro,b,0.25,11,0.00829733880333805,0.016409934688982473,0.61352965028481,-0.018694601787871547,0.03528927939454765,298,True
LEVEL_PLUS_JUMP,pooled,cpi,real_macro,b,0.25,12,0.009334260131474537,0.008484507599460452,0.2722488179450881,-0.004621512966395317,0.023290033229344392,297,True
LEVEL_PLUS_JUMP,pooled,cpi,real_macro,b,0.25,13,0.0029873042606567424,0.01779920272115517,0.8668407685495809,-0.026289778892079854,0.03226438741339334,296,False
LEVEL_PLUS_JUMP,pooled,cpi,real_macro,b,0.25,14,0.003565221048244638,0.008384870489942032,0.6710356156348993,-0.010226663588654882,0.017357105685144158,295,True
LEVEL_PLUS_JUMP,pooled,cpi,real_macro,b,0.25,15,0.01399584737623627,0.007909953099210667,0.07797339858204645,0.000985132331983567,0.027006562420488975,294,False
LEVEL_PLUS_JUMP,pooled,cpi,real_macro,b,0.25,16,-0.004455089681215441,0.00752200520099739,0.5541719859478467,-0.016827687218023836,0.007917507855592953,293,True
LEVEL_PLUS_JUMP,pooled,cpi,real_macro,b,0.25,17,0.006081258953358315,0.006865154537530056,0.3765232044345852,-0.005210915387280355,0.017373433293996987,292,False
LEVEL_PLUS_JUMP,pooled,cpi,real_macro,b,0.25,18,-0.017707133348125126,0.007702932053412466,0.022303449616367734,-0.030377329074341375,-0.005036937621908879,291,True
LEVEL_PLUS_JUMP,pooled,cpi,real_macro,b,0.25,19,-0.010229940732277232,0.017130172716586456,0.5508973281757816,-0.03840656745545962,0.017946685990905153,290,True
LEVEL_PLUS_JUMP,pooled,cpi,real_macro,b,0.25,20,0.002289024786165328,0.01730044214505871,0.8948408907124646,-0.0261676702239986,0.030745719796329257,289,True
LEVEL_PLUS_JUMP,pooled,cpi,real_macro,b,0.25,21,0.002238440209566761,0.00713462660889782,0.7539676942942953,-0.009496976245023301,0.013973856664156823,288,True
LEVEL_PLUS_JUMP,pooled,cpi,real_macro,b,0.25,22,0.018647947439461632,0.017494086104444303,0.287435643955587,-0.010127263539634931,0.047423158418558195,287,True
LEVEL_PLUS_JUMP,pooled,cpi,real_macro,b,0.25,23,0.015550483455740505,0.0074303814804104005,0.03734179543217087,0.0033285935280544087,0.0277723733834266,286,False
LEVEL_PLUS_JUMP,pooled,cpi,real_macro,b,0.25,24,-0.01331561225179545,0.01732326677809699,0.4428040260231166,-0.041809850442396226,0.015178625938805326,285,True
LEVEL_PLUS_JUMP,pooled,infl_exp,real_macro,b,0.25,0,-0.0709471940272568,0.019158192581585146,0.0002562189056961978,-0.1024596165809119,-0.039434771473601686,309,True
LEVEL_PLUS_JUMP,pooled,infl_exp,real_macro,b,0.25,1,-0.018889574795633024,0.01771338214701791,0.2871608858624489,-0.04802549566573289,0.010246346074466842,308,True
LEVEL_PLUS_JUMP,pooled,infl_exp,real_macro,b,0.25,2,0.007520985950755232,0.00954417721314266,0.4313550157808348,-0.008177788554550067,0.023219760456060532,307,True
LEVEL_PLUS_JUMP,pooled,infl_exp,real_macro,b,0.25,3,0.009793091753692806,0.018194321251255984,0.5908352042288343,-0.020133903546355848,0.03972008705374146,306,True
LEVEL_PLUS_JUMP,pooled,infl_exp,real_macro,b,0.25,4,0.008493146698178577,0.00855511607208729,0.3216950666548502,-0.0055787670019850355,0.02256506039834219,305,True
LEVEL_PLUS_JUMP,pooled,infl_exp,real_macro,b,0.25,5,-0.02197849841300581,0.009755633720583107,0.02505069005786804,-0.038025087921517015,-0.0059319089044946,304,True
LEVEL_PLUS_JUMP,pooled,infl_exp,real_macro,b,0.25,6,0.011511463483302009,0.008604745711157168,0.18206558230982528,-0.0026420837086899834,0.025665010675294003,303,True
LEVEL_PLUS_JUMP,pooled,infl_exp,real_macro,b,0.25,7,0.011705670096631593,0.018075349489123475,0.51778329093302,-0.018025634068968597,0.04143697426223178,302,True
LEVEL_PLUS_JUMP,pooled,infl_exp,real_macro,b,0.25,8,0.016241343866710167,0.01061643455482217,0.127216592231571,-0.0012211370160820183,0.033703824749502356,301,True
LEVEL_PLUS_JUMP,pooled,infl_exp,real_macro,b,0.25,9,-0.032341850254397286,0.009200070696208864,0.0005142271519992802,-0.0474746199072664,-0.01720908060152818,300,True
LEVEL_PLUS_JUMP,pooled,infl_exp,real_macro,b,0.25,10,0.009583074517035328,0.01941258643311536,0.6219513537545747,-0.02234778868598341,0.041513937720054066,299,True
LEVEL_PLUS_JUMP,pooled,infl_exp,real_macro,b,0.25,11,0.007377403817788064,0.00954916588264033,0.44045236030969104,-0.008329576318634142,0.02308438395421027,298,True
LEVEL_PLUS_JUMP,pooled,infl_exp,real_macro,b,0.25,12,0.017726786850587928,0.009083748223925924,0.052037307304599774,0.0027853506381493778,0.032668223063026476,297,False
LEVEL_PLUS_JUMP,pooled,infl_exp,real_macro,b,0.25,13,-0.0046119442916356945,0.008460253403336535,0.5861169621084762,-0.018527822787042333,0.009303934203770943,296,True
LEVEL_PLUS_JUMP,pooled,infl_exp,real_macro,b,0.25,14,0.016906225732352453,0.008824470289145077,0.056454040343959275,0.002391263771326667,0.03142118769337824,295,False
LEVEL_PLUS_JUMP,pooled,infl_exp,real_macro,b,0.25,15,0.005236812340839947,0.008715789852938237,0.548456868299073,-0.009099386210512352,0.019573010892192245,294,True
LEVEL_PLUS_JUMP,pooled,infl_exp,real_macro,b,0.25,16,0.008304498088001822,0.01922178222032968,0.6660667158578945,-0.023312520113578775,0.03992151628958242,293,True
LEVEL_PLUS_JUMP,pooled,infl_exp,real_macro,b,0.25,17,0.02610995166853236,0.008240312124913858,0.0017122138982279495,0.012555844382655609,0.03966405895440911,292,True
LEVEL_PLUS_JUMP,pooled,infl_exp,real_macro,b,0.25,18,-0.022175320990960756,0.018988458021655462,0.2439323148497871,-0.05340855503809652,0.009057913056175006,291,True
LEVEL_PLUS_JUMP,pooled,infl_exp,real_macro,b,0.25,19,-0.010671527017874993,0.018086794611920656,0.5556873636340989,-0.040421656735219025,0.019078602699469042,290,True
LEVEL_PLUS_JUMP,pooled,infl_exp,real_macro,b,0.25,20,0.014413737195360099,0.009405155796304458,0.12660148571295737,-0.00105636742823495,0.029883841818955148,289,True
LEVEL_PLUS_JUMP,pooled,infl_exp,real_macro,b,0.25,21,-0.03126728640549459,0.010871669358531944,0.004360803224716515,-0.04914959118089304,-0.013384981630096136,288,True
LEVEL_PLUS_JUMP,pooled,infl_exp,real_macro,b,0.25,22,0.019159213560769217,0.009512224838798286,0.045025815393441145,0.0035129960342939748,0.03480543108724446,287,True
LEVEL_PLUS_JUMP,pooled,infl_exp,real_macro,b,0.25,23,0.018505664916735665,0.019804800090967557,0.35096974453233964,-0.014070332343941165,0.051081662177412494,286,True
LEVEL_PLUS_JUMP,pooled,infl_exp,real_macro,b,0.25,24,-0.001301496816523695,0.01931920392747879,0.9463410957289772,-0.03307875946645231,0.030475765833404916,285,True
LEVEL_PLUS_JUMP,pooled,freight,physical_channel,b,0.25,0,0.00010387164442837715,0.0005413911775576588,0.8479899578248505,-0.0007866375975768664,0.0009943808864336207,309,True
LEVEL_PLUS_JUMP,pooled,freight,physical_channel,b,0.25,1,-0.001841620436940472,0.0009817177634235906,0.06170706179493071,-0.0034564024607504525,-0.00022683841313049166,308,True
LEVEL_PLUS_JUMP,pooled,freight,physical_channel,b,0.25,2,0.00039408762482529003,0.0004947089000166887,0.426357754744941,-0.0004196361036523337,0.0012078113533029139,307,True
LEVEL_PLUS_JUMP,pooled,freight,physical_channel,b,0.25,3,2.754606435617646e-06,0.0005386265279282273,0.9959231997913454,-0.0008832071915994055,0.0008887164044706408,306,True
LEVEL_PLUS_JUMP,pooled,freight,physical_channel,b,0.25,4,0.0007059517344737559,0.00048404319391926294,0.14585006616521765,-9.022846864551847e-05,0.0015021319375930304,305,True
LEVEL_PLUS_JUMP,pooled,freight,physical_channel,b,0.25,5,-0.00034988783594180894,0.0009549565904991422,0.7143537782395991,-0.0019206516474055348,0.0012208759755219169,304,True
LEVEL_PLUS_JUMP,pooled,freight,physical_channel,b,0.25,6,6.750161336155358e-05,0.001073566455853335,0.9499108860660457,-0.0016983580653222423,0.0018333612920453494,303,True
LEVEL_PLUS_JUMP,pooled,freight,physical_channel,b,0.25,7,0.0017375500885039585,0.0005791720248282005,0.0029476563998163453,0.0007848968828364649,0.0026902032941714523,302,True
LEVEL_PLUS_JUMP,pooled,freight,physical_channel,b,0.25,8,0.0029984410247350934,0.0006155152367459986,1.8797191653373357e-06,0.0019860085551295435,0.004010873494340643,301,True
LEVEL_PLUS_JUMP,pooled,freight,physical_channel,b,0.25,9,-0.003828125078135347,0.0005348713623878275,7.67548196433063e-12,-0.00470791017851144,-0.002948339977759254,300,True
LEVEL_PLUS_JUMP,pooled,freight,physical_channel,b,0.25,10,0.000502224621060976,0.0005819245586992086,0.38887817997008406,-0.0004549560999275521,0.0014594053420495042,299,False
LEVEL_PLUS_JUMP,pooled,freight,physical_channel,b,0.25,11,0.0021916949356013404,0.000658978706939341,0.0010035465194590406,0.0011077714194083741,0.003275618451794307,298,False
LEVEL_PLUS_JUMP,pooled,freight,physical_channel,b,0.25,12,-4.8854013007026964e-05,0.0006273159731171121,0.9379831227591869,-0.001080696966633301,0.0009829889406192472,297,True
LEVEL_PLUS_JUMP,pooled,freight,physical_channel,b,0.25,13,0.0007925756915901916,0.0011766786117120406,0.5011650557386134,-0.0011428883906405814,0.0027280397738209646,296,True
LEVEL_PLUS_JUMP,pooled,freight,physical_channel,b,0.25,14,0.0012297561727798723,0.0005806679270742977,0.035113658983406126,0.0002746424268773207,0.002184869918682424,295,False
LEVEL_PLUS_JUMP,pooled,freight,physical_channel,b,0.25,15,-0.0030405906009605133,0.0006454245616194936,3.976121648656518e-06,-0.0041022195320639014,-0.001978961669857125,294,False
LEVEL_PLUS_JUMP,pooled,freight,physical_channel,b,0.25,16,-0.000921804600793219,0.0011380390337041803,0.4186704655513015,-0.0027937122329938884,0.0009501030314074505,293,True
LEVEL_PLUS_JUMP,pooled,freight,physical_channel,b,0.25,17,1.0658106563476988e-05,0.0005787956370592539,0.9853222673841592,-0.0009413759963171247,0.0009626922094440786,292,True
LEVEL_PLUS_JUMP,pooled,freight,physical_channel,b,0.25,18,-6.220426906611287e-05,0.0005854126888770477,0.9154593508430686,-0.0010251224536289385,0.0009007139154967129,291,True
LEVEL_PLUS_JUMP,pooled,freight,physical_channel,b,0.25,19,0.0016501500768040245,0.0005344017550265207,0.002232790585366611,0.0007711374117994198,0.002529162741808629,290,True
LEVEL_PLUS_JUMP,pooled,freight,physical_channel,b,0.25,20,0.00038163347961128746,0.00046294092089093014,0.41048345795870333,-0.00037983657318041355,0.0011431035324029884,289,True
LEVEL_PLUS_JUMP,pooled,freight,physical_channel,b,0.25,21,0.001462182146870994,0.0009128706623751589,0.1104271742497314,-3.935647307437909e-05,0.002963720766816367,288,True
LEVEL_PLUS_JUMP,pooled,freight,physical_channel,b,0.25,22,-1.3483534744743175e-05,0.0009318792520940051,0.9884668015904663,-0.0015462885024323928,0.0015193214329429065,287,True
LEVEL_PLUS_JUMP,pooled,freight,physical_channel,b,0.25,23,-0.002380737325677007,0.0005330291921030888,1.1905538369868643e-05,-0.0032574923255787856,-0.0015039823257752285,286,True
LEVEL_PLUS_JUMP,pooled,freight,physical_channel,b,0.25,24,0.00018262773986327252,0.0010235797708581244,0.8585332180852298,-0.0015010111587068704,0.0018662666384334154,285,True
LEVEL_PLUS_JUMP,pooled,oil,asset_price,b,0.5,0,-0.005675928269080366,0.004208132369170351,0.17848723038717224,-0.01259769005920211,0.0012458335210413776,309,True
LEVEL_PLUS_JUMP,pooled,oil,asset_price,b,0.5,1,-0.003396232920643061,0.004142892807616403,0.41304261653891794,-0.010210685181322069,0.0034182193400359474,308,True
LEVEL_PLUS_JUMP,pooled,oil,asset_price,b,0.5,2,-0.0005616061344075884,0.0042916170566150305,0.8959794200662782,-0.007620688015467623,0.006497475746652446,307,True
LEVEL_PLUS_JUMP,pooled,oil,asset_price,b,0.5,3,-0.0037220282527220816,0.004704079677306373,0.42948192811864055,-0.01145955077140818,0.004015494265964017,306,True
LEVEL_PLUS_JUMP,pooled,oil,asset_price,b,0.5,4,0.0025494987403806846,0.004449452044863108,0.5671151997548123,-0.004769198593559043,0.009868196074320412,305,True
LEVEL_PLUS_JUMP,pooled,oil,asset_price,b,0.5,5,0.00701752470993533,0.004156449163819815,0.09247431662925891,0.00018077422758689364,0.013854275192283766,304,True
LEVEL_PLUS_JUMP,pooled,oil,asset_price,b,0.5,6,0.001925385138537905,0.004249419394223372,0.6508385590108662,-0.005064287764488336,0.008915058041564146,303,False
LEVEL_PLUS_JUMP,pooled,oil,asset_price,b,0.5,7,-0.005415615354906755,0.004337153129713112,0.2128564685614493,-0.012549597410959297,0.0017183667011457853,302,True
LEVEL_PLUS_JUMP,pooled,oil,asset_price,b,0.5,8,0.003025950022242263,0.004346103330782212,0.4868681366561444,-0.004122753804500732,0.01017465384898526,301,True
LEVEL_PLUS_JUMP,pooled,oil,asset_price,b,0.5,9,0.0014510911267019422,0.004162094715989764,0.7276259808387157,-0.005394945462609379,0.008297127716013264,300,True
LEVEL_PLUS_JUMP,pooled,oil,asset_price,b,0.5,10,0.0025024390552883524,0.004239641473948968,0.5555163852052509,-0.0044711506001104935,0.009476028710687198,299,True
LEVEL_PLUS_JUMP,pooled,oil,asset_price,b,0.5,11,0.004734066192765063,0.004077901578578583,0.24670490921108665,-0.0019734850091110527,0.011441617394641179,298,False
LEVEL_PLUS_JUMP,pooled,oil,asset_price,b,0.5,12,-0.006355936310411092,0.004314502498853757,0.1418780517388679,-0.013452661394141885,0.0007407887733197008,297,True
LEVEL_PLUS_JUMP,pooled,oil,asset_price,b,0.5,13,-0.000526979343220324,0.004158414713189424,0.8992522762733962,-0.007366962866578315,0.006313004180137667,296,True
LEVEL_PLUS_JUMP,pooled,oil,asset_price,b,0.5,14,0.007147468678654761,0.004089074661570187,0.081623398155716,0.0004215393906956749,0.013873397966613847,295,True
LEVEL_PLUS_JUMP,pooled,oil,asset_price,b,0.5,15,0.00355843721548621,0.00421889507971911,0.39973330451193195,-0.0033810276581174884,0.010497902089089909,294,True
LEVEL_PLUS_JUMP,pooled,oil,asset_price,b,0.5,16,0.00201463463379703,0.004087619541432411,0.6225178344551117,-0.004708901194525785,0.008738170462119846,293,True
LEVEL_PLUS_JUMP,pooled,oil,asset_price,b,0.5,17,-0.00796765401775923,0.004052408368631945,0.05032869219752421,-0.014633272620791983,-0.0013020354147264762,292,True
LEVEL_PLUS_JUMP,pooled,oil,asset_price,b,0.5,18,-0.009103328513777598,0.004128867567220244,0.02833397961387034,-0.01589471130692212,-0.0023119457206330777,291,False
LEVEL_PLUS_JUMP,pooled,oil,asset_price,b,0.5,19,0.004312523982305638,0.0042496210774289715,0.31113643494689874,-0.0026774806600728283,0.011302528624684106,290,True
LEVEL_PLUS_JUMP,pooled,oil,asset_price,b,0.5,20,0.005594664903672997,0.004403171752393931,0.20500279377471609,-0.00164790812334243,0.012837237930688424,289,True
LEVEL_PLUS_JUMP,pooled,oil,asset_price,b,0.5,21,-0.001793508846881231,0.0040820016763395426,0.6607584472746721,-0.008507804109430316,0.004920786415667855,288,True
LEVEL_PLUS_JUMP,pooled,oil,asset_price,b,0.5,22,0.0032144252532912976,0.004290289784598043,0.45439691672721205,-0.003842473459577643,0.010271323966160237,287,True
LEVEL_PLUS_JUMP,pooled,oil,asset_price,b,0.5,23,-0.005150026795492035,0.004217796405705911,0.22319193903053425,-0.012087684511160286,0.0017876309201762157,286,True
LEVEL_PLUS_JUMP,pooled,oil,asset_price,b,0.5,24,-0.0015188198541613573,0.004297415881612916,0.7240585994577324,-0.008587439953551221,0.0055498002452285065,285,True
LEVEL_PLUS_JUMP,pooled,dxy,asset_price,b,0.5,0,0.0012101631708283378,0.0007908947533891729,0.12711218832464083,-9.074293282073341e-05,0.002511069274477409,309,True
LEVEL_PLUS_JUMP,pooled,dxy,asset_price,b,0.5,1,0.00035000567679027705,0.0008167825001168649,0.668603784210156,-0.0009934819809574395,0.0016934933345379936,308,True
LEVEL_PLUS_JUMP,pooled,dxy,asset_price,b,0.5,2,0.00041946384327440356,0.0007698933495721256,0.5863031255991367,-0.0008468980251351249,0.001685825711683932,307,True
LEVEL_PLUS_JUMP,pooled,dxy,asset_price,b,0.5,3,0.0010596956639721822,0.0008102091820923527,0.1919780545143979,-0.00027297984778180983,0.002392371175726174,306,True
LEVEL_PLUS_JUMP,pooled,dxy,asset_price,b,0.5,4,-0.0003944293186338155,0.0008423868422350938,0.6399895867571604,-0.001780032371380407,0.0009911737341127761,305,True
LEVEL_PLUS_JUMP,pooled,dxy,asset_price,b,0.5,5,-9.658826479369553e-05,0.0008118956141594043,0.9053885501701565,-0.0014320377104497847,0.0012388611808623936,304,True
LEVEL_PLUS_JUMP,pooled,dxy,asset_price,b,0.5,6,-0.0007564403490344374,0.0008227398972522886,0.3586836953202692,-0.0021097270530675456,0.0005968463549986711,303,True
LEVEL_PLUS_JUMP,pooled,dxy,asset_price,b,0.5,7,-0.0012699484431442417,0.0008095526990852426,0.11787104625258009,-0.0026015441364429567,6.164725015447327e-05,302,True
LEVEL_PLUS_JUMP,pooled,dxy,asset_price,b,0.5,8,-0.001175264642273549,0.0007547818127164744,0.12060715065597422,-0.0024167702444772487,6.624095993015052e-05,301,True
LEVEL_PLUS_JUMP,pooled,dxy,asset_price,b,0.5,9,0.000581113066820016,0.0007532246739010889,0.4410801560068459,-0.0006578312699555301,0.001820057403595562,300,False
LEVEL_PLUS_JUMP,pooled,dxy,asset_price,b,0.5,10,-0.000804629988605976,0.0007657892131691282,0.2943232903162278,-0.0020642411533675306,0.00045498117615557854,299,True
LEVEL_PLUS_JUMP,pooled,dxy,asset_price,b,0.5,11,0.00045014359065664866,0.0007661273620199417,0.5573206452292159,-0.000810023779468616,0.0017103109607819133,298,True
LEVEL_PLUS_JUMP,pooled,dxy,asset_price,b,0.5,12,0.00016781383293940078,0.0007353606395787484,0.8196593413138019,-0.0010417467821890577,0.0013773744480678593,297,False
LEVEL_PLUS_JUMP,pooled,dxy,asset_price,b,0.5,13,-0.00013079924602715787,0.0008109695607213138,0.87198849339818,-0.001464725469326853,0.0012031269772725373,296,True
LEVEL_PLUS_JUMP,pooled,dxy,asset_price,b,0.5,14,-0.0014730629629169378,0.0007924494338065529,0.06414531884171108,-0.002776526288289287,-0.00016959963754458861,295,True
LEVEL_PLUS_JUMP,pooled,dxy,asset_price,b,0.5,15,-0.0004881342330647076,0.0007770785766245198,0.530434241170327,-0.0017663147482518365,0.0007900462821224213,294,False
LEVEL_PLUS_JUMP,pooled,dxy,asset_price,b,0.5,16,-2.0702489508056532e-05,0.0007767767204817874,0.9787575249762689,-0.0012983864955239943,0.0012569815165078813,293,True
LEVEL_PLUS_JUMP,pooled,dxy,asset_price,b,0.5,17,-0.0001261890699787646,0.0008667729811675942,0.8843601715238182,-0.001551903751795822,0.0012995256118382929,292,True
LEVEL_PLUS_JUMP,pooled,dxy,asset_price,b,0.5,18,-0.0006175490711888831,0.00085333166478108,0.46989819741995115,-0.0020211547549965807,0.0007860566126188142,291,True
LEVEL_PLUS_JUMP,pooled,dxy,asset_price,b,0.5,19,-0.002215308817659356,0.0007591571704529754,0.0038272443424626334,-0.0034640112429051495,-0.0009666063924135624,290,False
LEVEL_PLUS_JUMP,pooled,dxy,asset_price,b,0.5,20,-8.362642858426861e-05,0.0008450625275375078,0.9212468915228286,-0.0014736305920051167,0.0013063777348365794,289,True
LEVEL_PLUS_JUMP,pooled,dxy,asset_price,b,0.5,21,0.0012346220121562945,0.0008548304887717297,0.14986174711960318,-0.00017144901772858483,0.002640693042041174,288,True
LEVEL_PLUS_JUMP,pooled,dxy,asset_price,b,0.5,22,5.56127490202174e-05,0.0008422521407386747,0.9474059755955317,-0.0013297687394814334,0.0014409942375218682,287,True
LEVEL_PLUS_JUMP,pooled,dxy,asset_price,b,0.5,23,-0.0018465822397983611,0.0008044734634836583,0.02251337774593969,-0.0031698233339956692,-0.000523341145601053,286,True
LEVEL_PLUS_JUMP,pooled,dxy,asset_price,b,0.5,24,-7.674794004317378e-05,0.0007489319158672687,0.9184583576289722,-0.0013086313181971657,0.001155135438110818,285,True
LEVEL_PLUS_JUMP,pooled,vix,asset_price,b,0.5,0,0.20033499633200336,0.15131071598231707,0.18657989618391801,-0.04854898364813498,0.4492189763121417,309,True
LEVEL_PLUS_JUMP,pooled,vix,asset_price,b,0.5,1,-0.03180123815764091,0.16938697885977216,0.8512140149358647,-0.3104180246934895,0.24681554837820768,308,True
LEVEL_PLUS_JUMP,pooled,vix,asset_price,b,0.5,2,-0.12711115788806637,0.19581209040966663,0.5167762968874343,-0.4491933849993561,0.19497106922322338,307,True
LEVEL_PLUS_JUMP,pooled,vix,asset_price,b,0.5,3,-0.21745841533447674,0.21268314477316555,0.3074556811590159,-0.5672910574060631,0.13237422673710963,306,True
LEVEL_PLUS_JUMP,pooled,vix,asset_price,b,0.5,4,-0.12469720182252786,0.21223870901627262,0.5573245562427748,-0.473798812127442,0.2244044084823863,305,True
LEVEL_PLUS_JUMP,pooled,vix,asset_price,b,0.5,5,-0.24291186811353782,0.2227609081829665,0.2764616406989158,-0.6093209558812942,0.1234972196542185,304,True
LEVEL_PLUS_JUMP,pooled,vix,asset_price,b,0.5,6,0.11396830023250004,0.24109919100144273,0.6368000566978097,-0.2826045785412888,0.5105411790062888,303,True
LEVEL_PLUS_JUMP,pooled,vix,asset_price,b,0.5,7,-0.095509137207614,0.2491541896743288,0.7017697802103772,-0.5053313097635888,0.3143130353483608,302,True
LEVEL_PLUS_JUMP,pooled,vix,asset_price,b,0.5,8,0.18526198001927696,0.25487561817425425,0.46792711209720284,-0.2339711049561437,0.6044950649946976,301,True
LEVEL_PLUS_JUMP,pooled,vix,asset_price,b,0.5,9,0.43679508143009116,0.2579499332552738,0.09153699919617272,0.01250519814326384,0.8610849647169185,300,True
LEVEL_PLUS_JUMP,pooled,vix,asset_price,b,0.5,10,0.49652802708442323,0.26709974043110923,0.06411655289612239,0.05718805027851642,0.93586800389033,299,False
LEVEL_PLUS_JUMP,pooled,vix,asset_price,b,0.5,11,0.881388953239366,0.2993381223390031,0.0035168785972364757,0.38902155702521324,1.3737563494535188,298,True
LEVEL_PLUS_JUMP,pooled,vix,asset_price,b,0.5,12,0.444152023397379,0.2795637619845802,0.11329542802389263,-0.015689444467155866,0.9039934912619139,297,False
LEVEL_PLUS_JUMP,pooled,vix,asset_price,b,0.5,13,0.24282498801039765,0.2891505436280684,0.40177611139521846,-0.23278533241122057,0.7184353084320159,296,True
LEVEL_PLUS_JUMP,pooled,vix,asset_price,b,0.5,14,0.06617180102512066,0.2897146056846123,0.8195074764108087,-0.41036631891602954,0.5427099209662709,295,True
LEVEL_PLUS_JUMP,pooled,vix,asset_price,b,0.5,15,-0.0820289423536451,0.2841922069592922,0.7730824806237263,-0.5494835247219803,0.3854256400146901,294,True
LEVEL_PLUS_JUMP,pooled,vix,asset_price,b,0.5,16,0.08206857834011316,0.28913158609381706,0.7767507483030661,-0.3935105597125337,0.55764771639276,293,False
LEVEL_PLUS_JUMP,pooled,vix,asset_price,b,0.5,17,-0.08886553273168829,0.27975974797164954,0.7510019478397078,-0.5490293688578858,0.3712983033945092,292,True
LEVEL_PLUS_JUMP,pooled,vix,asset_price,b,0.5,18,0.09500373782248062,0.28320409187061296,0.7375452990690052,-0.37082553985839506,0.5608330155033563,291,False
LEVEL_PLUS_JUMP,pooled,vix,asset_price,b,0.5,19,-0.6757641731219337,0.29328609201382977,0.021999066765923184,-1.1581768653053048,-0.19335148093856264,290,True
LEVEL_PLUS_JUMP,pooled,vix,asset_price,b,0.5,20,-0.5302412056917092,0.29384025530473645,0.07230215987875818,-1.0135654153740514,-0.046916996009366885,289,True
LEVEL_PLUS_JUMP,pooled,vix,asset_price,b,0.5,21,-0.4901289729750715,0.29735310702878365,0.1004976721327969,-0.9792313095566556,-0.0010266363934874345,288,True
LEVEL_PLUS_JUMP,pooled,vix,asset_price,b,0.5,22,-0.1971075523831587,0.28917590684089894,0.49608945693884715,-0.6727595915773923,0.27854448681107496,287,True
LEVEL_PLUS_JUMP,pooled,vix,asset_price,b,0.5,23,-0.956244045868516,0.2856000580953973,0.0009347717546734754,-1.4260143372842813,-0.48647375445275054,286,False
LEVEL_PLUS_JUMP,pooled,vix,asset_price,b,0.5,24,-0.246479865815445,0.29477244237700123,0.4038360467737217,-0.7313373867845994,0.2383776551537093,285,True
LEVEL_PLUS_JUMP,pooled,us10y,asset_price,b,0.5,0,-0.010767347873249788,0.011165304025935597,0.3356957513873014,-0.02913263869632583,0.007597942949826252,309,True
LEVEL_PLUS_JUMP,pooled,us10y,asset_price,b,0.5,1,0.019826334835805426,0.011286359302514327,0.08006827182989414,0.001261925801987248,0.0383907438696236,308,True
LEVEL_PLUS_JUMP,pooled,us10y,asset_price,b,0.5,2,0.010829757560656128,0.011160715509639731,0.3327144258342193,-0.007527985824748333,0.02918750094606059,307,True
LEVEL_PLUS_JUMP,pooled,us10y,asset_price,b,0.5,3,-0.015836006363560418,0.011107503564356764,0.155075819747358,-0.034106223887769044,0.002434211160648212,306,True
LEVEL_PLUS_JUMP,pooled,us10y,asset_price,b,0.5,4,-0.010924926106247401,0.010998344455008443,0.3214187029110047,-0.02901559287352965,0.007165740661034849,305,True
LEVEL_PLUS_JUMP,pooled,us10y,asset_price,b,0.5,5,0.01756253508589367,0.010682860460842119,0.10131644679483948,-9.206689338962099e-06,0.0351342768611263,304,True
LEVEL_PLUS_JUMP,pooled,us10y,asset_price,b,0.5,6,-0.016223360596528735,0.011617364042400312,0.16369753776117346,-0.035332223977286505,0.002885502784229034,303,True
LEVEL_PLUS_JUMP,pooled,us10y,asset_price,b,0.5,7,0.00854077416453558,0.011434403047440287,0.45574228865279665,-0.010267145160071541,0.027348693489142702,302,True
LEVEL_PLUS_JUMP,pooled,us10y,asset_price,b,0.5,8,-0.011915522765499675,0.011691621145323553,0.3090337817203469,-0.031146528211327646,0.007315482680328295,301,True
LEVEL_PLUS_JUMP,pooled,us10y,asset_price,b,0.5,9,-0.014477529048275262,0.011273599419455192,0.2001655746107339,-0.033020949942164146,0.004065891845613623,300,True
LEVEL_PLUS_JUMP,pooled,us10y,asset_price,b,0.5,10,-0.019416689664545572,0.011516942031761292,0.09296136164305945,-0.03836037353687799,-0.00047300579221315475,299,True
LEVEL_PLUS_JUMP,pooled,us10y,asset_price,b,0.5,11,-0.017265722283422158,0.011600255143419407,0.13781466827679506,-0.03634644402963804,0.0018149994627937246,298,True
LEVEL_PLUS_JUMP,pooled,us10y,asset_price,b,0.5,12,-0.0031143182916650858,0.011642267222321513,0.7892884154543237,-0.022264143758238868,0.016035507174908696,297,False
LEVEL_PLUS_JUMP,pooled,us10y,asset_price,b,0.5,13,0.017417008505806297,0.01124559238784037,0.12261337702983513,-0.0010803449205508027,0.035914361932163394,296,True
LEVEL_PLUS_JUMP,pooled,us10y,asset_price,b,0.5,14,-0.01915034364442425,0.011263415514756913,0.09025302164172587,-0.037677013505733645,-0.0006236737831148594,295,True
LEVEL_PLUS_JUMP,pooled,us10y,asset_price,b,0.5,15,0.0048827109670552815,0.010841729797540601,0.652815759199477,-0.012950347612857228,0.02271576954696779,294,True
LEVEL_PLUS_JUMP,pooled,us10y,asset_price,b,0.5,16,-0.004637025437166042,0.011243615551974492,0.6803693780277218,-0.023131127257879264,0.01385707638354718,293,True
LEVEL_PLUS_JUMP,pooled,us10y,asset_price,b,0.5,17,0.005971271758514307,0.011436856986216505,0.6020331023371734,-0.012840683936189194,0.02478322745321781,292,False
LEVEL_PLUS_JUMP,pooled,us10y,asset_price,b,0.5,18,0.005428101430887983,0.011417407992049497,0.6348799267762556,-0.013351863515219359,0.024208066376995324,291,True
LEVEL_PLUS_JUMP,pooled,us10y,asset_price,b,0.5,19,-0.023009606296794827,0.01206481720689284,0.057592709710681575,-0.042854464638059045,-0.0031647479555306085,290,True
LEVEL_PLUS_JUMP,pooled,us10y,asset_price,b,0.5,20,0.004126584841532749,0.012110150021731709,0.7335627334604056,-0.0157928393446391,0.0240460090277046,289,True
LEVEL_PLUS_JUMP,pooled,us10y,asset_price,b,0.5,21,0.02718139312510459,0.011268908612584741,0.016555389839604376,0.008645687921909898,0.04571709832829929,288,True
LEVEL_PLUS_JUMP,pooled,us10y,asset_price,b,0.5,22,-0.000952849011283674,0.01085920956168764,0.9301465951534164,-0.018814659244651696,0.016908961222084348,287,True
LEVEL_PLUS_JUMP,pooled,us10y,asset_price,b,0.5,23,-0.030657564670200088,0.010502244478849877,0.0038198804869995625,-0.04793221959236738,-0.013382909748032794,286,True
LEVEL_PLUS_JUMP,pooled,us10y,asset_price,b,0.5,24,0.006742179093812695,0.010848289428361454,0.5348235657464925,-0.011101669118646958,0.024586027306272348,285,True
LEVEL_PLUS_JUMP,pooled,ip,real_macro,b,0.5,0,0.007423451646380919,0.023476981433651265,0.7520844825376625,-0.031192746414632738,0.046039649707394575,309,True
LEVEL_PLUS_JUMP,pooled,ip,real_macro,b,0.5,1,-0.018485895383743234,0.023914877947868392,0.4401819721425167,-0.05782236911439634,0.02085057834690987,308,True
LEVEL_PLUS_JUMP,pooled,ip,real_macro,b,0.5,2,0.004960807948265256,0.025722529204262837,0.847210113552638,-0.037348987507731635,0.047270603404262146,307,True
LEVEL_PLUS_JUMP,pooled,ip,real_macro,b,0.5,3,0.041769214795511544,0.0259630626434812,0.1087964218145817,-0.0009362229603867844,0.08447465255140987,306,True
LEVEL_PLUS_JUMP,pooled,ip,real_macro,b,0.5,4,0.008593897759531899,0.026453037345778353,0.7455218370236385,-0.03491747666255437,0.052105272181618166,305,True
LEVEL_PLUS_JUMP,pooled,ip,real_macro,b,0.5,5,0.024641927304855926,0.02453141094616123,0.31601506189993694,-0.015708652964174417,0.06499250757388628,304,False
LEVEL_PLUS_JUMP,pooled,ip,real_macro,b,0.5,6,0.036851053752053886,0.02386860042330976,0.12375923868727613,-0.002409300224482616,0.07611140772859039,303,True
LEVEL_PLUS_JUMP,pooled,ip,real_macro,b,0.5,7,0.005050495124155674,0.024029837576701744,0.8336865134464437,-0.03447507036893697,0.044576060617248316,302,True
LEVEL_PLUS_JUMP,pooled,ip,real_macro,b,0.5,8,0.030766292380953075,0.024907214816198234,0.21780460303790258,-0.010202430246730038,0.07173501500863619,301,True
LEVEL_PLUS_JUMP,pooled,ip,real_macro,b,0.5,9,-0.012330110454193743,0.024913783461836515,0.6210623370457862,-0.05330963754247914,0.02864941663409165,300,True
LEVEL_PLUS_JUMP,pooled,ip,real_macro,b,0.5,10,-0.02014521882111353,0.025324164591136775,0.42702244970952313,-0.0617997627983609,0.021509325156133838,299,True
LEVEL_PLUS_JUMP,pooled,ip,real_macro,b,0.5,11,0.0011283685789571507,0.02489145447045317,0.9638765371816336,-0.03981443058686518,0.04207116774477948,298,True
LEVEL_PLUS_JUMP,pooled,ip,real_macro,b,0.5,12,-0.012870214472570751,0.024578040334112823,0.6009552876539042,-0.0532974932594958,0.0275570643143543,297,True
LEVEL_PLUS_JUMP,pooled,ip,real_macro,b,0.5,13,0.01018254023836107,0.025043779736802465,0.6846339409281877,-0.031010811694292248,0.05137589217101439,296,True
LEVEL_PLUS_JUMP,pooled,ip,real_macro,b,0.5,14,-0.039528718407573216,0.02582800456696292,0.1270868972755724,-0.08201200539646136,0.0029545685813149314,295,True
LEVEL_PLUS_JUMP,pooled,ip,real_macro,b,0.5,15,0.028442294702440307,0.02629108677039602,0.2803110714932359,-0.014802694728341455,0.07168728413322206,294,False
LEVEL_PLUS_JUMP,pooled,ip,real_macro,b,0.5,16,-0.011985165395224762,0.02520361889149383,0.63479849486809,-0.05344142934120103,0.029471098550751508,293,True
LEVEL_PLUS_JUMP,pooled,ip,real_macro,b,0.5,17,0.008133991192096346,0.02668509286210794,0.7607479401257115,-0.035759080587678745,0.052027062971871436,292,True
LEVEL_PLUS_JUMP,pooled,ip,real_macro,b,0.5,18,-0.05438272781539055,0.027704042045653767,0.05070130562970423,-0.09995182185540023,-0.008813633775380872,291,True
LEVEL_PLUS_JUMP,pooled,ip,real_macro,b,0.5,19,-0.005563797803048942,0.02838723112677209,0.8447648389444458,-0.052256637881029744,0.04112904227493186,290,True
LEVEL_PLUS_JUMP,pooled,ip,real_macro,b,0.5,20,-0.010759012276626123,0.029343449470149302,0.7141711617886931,-0.059024691564868455,0.03750666701161621,289,True
LEVEL_PLUS_JUMP,pooled,ip,real_macro,b,0.5,21,0.009512726110489034,0.02867544743388115,0.7403546039388982,-0.03765418760558666,0.05667963982656473,288,True
LEVEL_PLUS_JUMP,pooled,ip,real_macro,b,0.5,22,-0.018252000441975724,0.028439652367163306,0.521583608271149,-0.0650310657873433,0.02852706490339186,287,True
LEVEL_PLUS_JUMP,pooled,ip,real_macro,b,0.5,23,0.009753672503620692,0.02553141398981077,0.7027563075601893,-0.03224176639871911,0.051749111405960495,286,True
LEVEL_PLUS_JUMP,pooled,ip,real_macro,b,0.5,24,0.011337035417477992,0.026904757406757955,0.6738323044874148,-0.032917352385277314,0.0555914232202333,285,True
LEVEL_PLUS_JUMP,pooled,cpi,real_macro,b,0.5,0,-0.024925651196326726,0.00869728564392533,0.004472328428327242,-0.03923141303237028,-0.010619889360283175,309,True
LEVEL_PLUS_JUMP,pooled,cpi,real_macro,b,0.5,1,-0.00818579060206126,0.009388334570972032,0.3840040426084954,-0.0236282267721585,0.00725664556803598,308,True
LEVEL_PLUS_JUMP,pooled,cpi,real_macro,b,0.5,2,-0.008784637762614622,0.009446847527675734,0.3532259506978916,-0.024323319181769602,0.006754043656540358,307,True
LEVEL_PLUS_JUMP,pooled,cpi,real_macro,b,0.5,3,-0.0045064406636363685,0.009824063168037463,0.6467975842113943,-0.02066558659698316,0.011652705269710423,306,True
LEVEL_PLUS_JUMP,pooled,cpi,real_macro,b,0.5,4,-0.002837795984191871,0.010328630216841423,0.7837127614837724,-0.01982688085780406,0.014151288889420317,305,False
LEVEL_PLUS_JUMP,pooled,cpi,real_macro,b,0.5,5,0.004350603485569593,0.010879143161446059,0.6895371776043293,-0.01354399460165926,0.022245201572798447,304,True
LEVEL_PLUS_JUMP,pooled,cpi,real_macro,b,0.5,6,0.011178009336930472,0.010736059664840345,0.29871346050183456,-0.006481237341949577,0.02883725601581052,303,True
LEVEL_PLUS_JUMP,pooled,cpi,real_macro,b,0.5,7,0.0029041238389169166,0.011099211349303629,0.7937868152083358,-0.015352454205286102,0.021160701883119935,302,True
LEVEL_PLUS_JUMP,pooled,cpi,real_macro,b,0.5,8,-0.0037733540108870756,0.011038726961547944,0.7327427706126907,-0.021930444090516216,0.014383736068742065,301,True
LEVEL_PLUS_JUMP,pooled,cpi,real_macro,b,0.5,9,-0.0012688840372199195,0.010549502086348346,0.9043508995200872,-0.01862127080648212,0.01608350273204228,300,True
LEVEL_PLUS_JUMP,pooled,cpi,real_macro,b,0.5,10,0.002087002540123617,0.010348670880034766,0.840327063256301,-0.014935046291028653,0.019109051371275887,299,True
LEVEL_PLUS_JUMP,pooled,cpi,real_macro,b,0.5,11,-0.003214978075774866,0.011164012658838342,0.7735853275739485,-0.02157814478899726,0.015148188637447529,298,False
LEVEL_PLUS_JUMP,pooled,cpi,real_macro,b,0.5,12,0.003071147597221824,0.011336530731861702,0.7866701777112723,-0.015575786094127724,0.021718081288571372,297,True
LEVEL_PLUS_JUMP,pooled,cpi,real_macro,b,0.5,13,-0.00441926744640142,0.010750490253568737,0.6813453909548088,-0.02210225033149041,0.013263715438687568,296,True
LEVEL_PLUS_JUMP,pooled,cpi,real_macro,b,0.5,14,-0.003511185801743366,0.010040866423497084,0.7268473774526026,-0.0200269413561678,0.013004569752681067,295,True
LEVEL_PLUS_JUMP,pooled,cpi,real_macro,b,0.5,15,0.016314236996894493,0.009655874045940063,0.09228265498326226,0.0004317375510433964,0.032196736442745594,294,True
LEVEL_PLUS_JUMP,pooled,cpi,real_macro,b,0.5,16,0.014606151157110503,0.009657660772276075,0.13162625703513248,-0.0012792871920347532,0.03049158950625576,293,True
LEVEL_PLUS_JUMP,pooled,cpi,real_macro,b,0.5,17,0.0010960535812767347,0.009692117589171873,0.9100474384683,-0.01484606118811278,0.01703816835066625,292,True
LEVEL_PLUS_JUMP,pooled,cpi,real_macro,b,0.5,18,-0.025890791040287908,0.009945059871868028,0.009755221652332445,-0.042248958840779574,-0.009532623239796239,291,True
LEVEL_PLUS_JUMP,pooled,cpi,real_macro,b,0.5,19,-0.015884425368019706,0.010115400269234248,0.11754732200671175,-0.03252277818893556,0.0007539274528961457,290,True
LEVEL_PLUS_JUMP,pooled,cpi,real_macro,b,0.5,20,-0.006738345013530989,0.0101791682954214,0.5085719089282585,-0.02348158690360431,0.010004896876542334,289,False
LEVEL_PLUS_JUMP,pooled,cpi,real_macro,b,0.5,21,0.0026234082716030116,0.010184286382814848,0.7969242305292114,-0.014128252123082483,0.019375068666288506,288,True
LEVEL_PLUS_JUMP,pooled,cpi,real_macro,b,0.5,22,0.010870972468168816,0.010597818233910511,0.3059549226136897,-0.006560887291651333,0.028302832227988965,287,True
LEVEL_PLUS_JUMP,pooled,cpi,real_macro,b,0.5,23,0.006661912028100403,0.010490328094998159,0.5259567813133298,-0.010593142186868246,0.023916966243069052,286,True
LEVEL_PLUS_JUMP,pooled,cpi,real_macro,b,0.5,24,-0.011083176872432432,0.010817782698662244,0.3065468991264007,-0.02887684597989991,0.0067104922350350454,285,True
LEVEL_PLUS_JUMP,pooled,infl_exp,real_macro,b,0.5,0,-0.05849828703806992,0.011098487926026806,2.7102148612691396e-07,-0.07675367515687223,-0.040242898919267606,309,True
LEVEL_PLUS_JUMP,pooled,infl_exp,real_macro,b,0.5,1,-0.029005496157097355,0.011285748563372599,0.010684348717924893,-0.04756890061442314,-0.010442091699771568,308,False
LEVEL_PLUS_JUMP,pooled,infl_exp,real_macro,b,0.5,2,0.030993321130317497,0.012157205054565601,0.011326839182528258,0.010996498302722497,0.0509901439579125,307,True
LEVEL_PLUS_JUMP,pooled,infl_exp,real_macro,b,0.5,3,0.004011666163635574,0.01158398845513066,0.7293707332179875,-0.015042299261350072,0.02306563158862122,306,True
LEVEL_PLUS_JUMP,pooled,infl_exp,real_macro,b,0.5,4,0.0018136277186888705,0.011470127935236465,0.874479433262821,-0.01705305381718223,0.02068030925455997,305,True
LEVEL_PLUS_JUMP,pooled,infl_exp,real_macro,b,0.5,5,0.021218244300467537,0.011744900651107965,0.07191499069609357,0.0018996018663078942,0.04053688673462718,304,True
LEVEL_PLUS_JUMP,pooled,infl_exp,real_macro,b,0.5,6,0.0015603056283950423,0.011022951989431434,0.8875386168095145,-0.016570836931133197,0.01969144818792328,303,True
LEVEL_PLUS_JUMP,pooled,infl_exp,real_macro,b,0.5,7,-0.002087911372186113,0.011394422832864806,0.8547454119179393,-0.02083006909584246,0.016654246351470232,302,False
LEVEL_PLUS_JUMP,pooled,infl_exp,real_macro,b,0.5,8,0.00924981032748029,0.011051932675763435,0.4033580289280343,-0.008929001219072686,0.027428621874033266,301,True
LEVEL_PLUS_JUMP,pooled,infl_exp,real_macro,b,0.5,9,-0.0018783003229607687,0.010893884018828645,0.8632372411421991,-0.019797144962919747,0.01604054431699821,300,True
LEVEL_PLUS_JUMP,pooled,infl_exp,real_macro,b,0.5,10,-0.0008233394224484297,0.010455511488910727,0.9372920312505273,-0.018021125416616025,0.016374446571719166,299,True
LEVEL_PLUS_JUMP,pooled,infl_exp,real_macro,b,0.5,11,-0.0025389140845362146,0.01041497657570003,0.8075899711562902,-0.019670026079691035,0.014592197910618606,298,False
LEVEL_PLUS_JUMP,pooled,infl_exp,real_macro,b,0.5,12,0.00749450184851036,0.011209895682510513,0.5043486888001413,-0.010944135722614705,0.025933139419635425,297,True
LEVEL_PLUS_JUMP,pooled,infl_exp,real_macro,b,0.5,13,-0.00956545053136093,0.010223030330240227,0.3502820511746404,-0.026380839048491474,0.007249937985769613,296,True
LEVEL_PLUS_JUMP,pooled,infl_exp,real_macro,b,0.5,14,0.011606351275363913,0.010216566585107377,0.25696162974895376,-0.0051984053271411715,0.028411107877868998,295,True
LEVEL_PLUS_JUMP,pooled,infl_exp,real_macro,b,0.5,15,-0.004782171564547522,0.010876631427494805,0.6605302660445724,-0.02267263821707672,0.013108295087981676,294,True
LEVEL_PLUS_JUMP,pooled,infl_exp,real_macro,b,0.5,16,0.004479469694151805,0.010855818725728527,0.6802091124957462,-0.013376763110390471,0.02233570249869408,293,True
LEVEL_PLUS_JUMP,pooled,infl_exp,real_macro,b,0.5,17,0.019041384396344396,0.010690152312460859,0.07602813566561642,0.0014576485925294862,0.0366251202001593,292,True
LEVEL_PLUS_JUMP,pooled,infl_exp,real_macro,b,0.5,18,-0.029401115274696132,0.010833302417225051,0.007087959043361901,-0.04722031204753091,-0.011581918501861358,291,True
LEVEL_PLUS_JUMP,pooled,infl_exp,real_macro,b,0.5,19,-0.020760608007019954,0.010813927161991688,0.055968647519713075,-0.03854793532101102,-0.002973280693028886,290,True
LEVEL_PLUS_JUMP,pooled,infl_exp,real_macro,b,0.5,20,0.005912334693826793,0.010522211321800687,0.5746725562771144,-0.011395162762386911,0.023219832150040497,289,True
LEVEL_PLUS_JUMP,pooled,infl_exp,real_macro,b,0.5,21,-0.013140560383529287,0.011385918374170589,0.2495163095577943,-0.03186872951745719,0.005587608750398616,288,True
LEVEL_PLUS_JUMP,pooled,infl_exp,real_macro,b,0.5,22,0.027541135614240098,0.011200473707702484,0.01458998319698828,0.009117995812551061,0.04596427541592914,287,True
LEVEL_PLUS_JUMP,pooled,infl_exp,real_macro,b,0.5,23,0.01823953329385765,0.01052393924400874,0.0842643638713955,0.0009291936585329383,0.03554987292918236,286,True
LEVEL_PLUS_JUMP,pooled,infl_exp,real_macro,b,0.5,24,-0.011657138968043324,0.011308549844342309,0.3035918795738219,-0.030258048195071278,0.006943770258984631,285,True
LEVEL_PLUS_JUMP,pooled,freight,physical_channel,b,0.5,0,-0.0003636672145909854,0.0005713253503112822,0.52494749964211,-0.0013034137892198182,0.0005760793600378475,309,True
LEVEL_PLUS_JUMP,pooled,freight,physical_channel,b,0.5,1,-0.002038109645983388,0.0005290814935220764,0.00014518539477094064,-0.0029083712595560775,-0.0011678480324106987,308,True
LEVEL_PLUS_JUMP,pooled,freight,physical_channel,b,0.5,2,-0.00016747330054950327,0.0005424951220083911,0.7577730382582739,-0.0010597983695884868,0.0007248517684894802,307,True
LEVEL_PLUS_JUMP,pooled,freight,physical_channel,b,0.5,3,9.893122119974951e-05,0.0005395024721747096,0.8546375259096352,-0.0007884713769061072,0.0009863338193056063,306,True
LEVEL_PLUS_JUMP,pooled,freight,physical_channel,b,0.5,4,0.00032174345679925054,0.0005285701148042414,0.5432186045054243,-0.0005476770136346621,0.0011911639272331632,305,True
LEVEL_PLUS_JUMP,pooled,freight,physical_channel,b,0.5,5,-0.0005147117002546331,0.0004998094788241792,0.30399808722269756,-0.0013368251342833093,0.00030740173377404316,304,True
LEVEL_PLUS_JUMP,pooled,freight,physical_channel,b,0.5,6,-0.0003368396560345932,0.0005183894390077487,0.5163760247700024,-0.0011895144049598278,0.0005158350928906413,303,True
LEVEL_PLUS_JUMP,pooled,freight,physical_channel,b,0.5,7,0.002260281655213525,0.0005423085137634174,4.126477880388751e-05,0.0013682635294231058,0.0031522997810039446,302,True
LEVEL_PLUS_JUMP,pooled,freight,physical_channel,b,0.5,8,0.00259627816683472,0.0005473978091007757,3.3983730313675077e-06,0.0016958888951500196,0.0034966674385194206,301,True
LEVEL_PLUS_JUMP,pooled,freight,physical_channel,b,0.5,9,-0.0013908823875237175,0.0005428141270182795,0.010935424920029056,-0.002283732173110232,-0.0004980326019372032,300,True
LEVEL_PLUS_JUMP,pooled,freight,physical_channel,b,0.5,10,0.00027180276675062287,0.000594350784901333,0.6478143798897315,-0.000705817277475789,0.0012494228109770347,299,True
LEVEL_PLUS_JUMP,pooled,freight,physical_channel,b,0.5,11,0.0020721140533106475,0.000620835391122052,0.0009637612700466834,0.0010509307084837045,0.0030932973981375907,298,True
LEVEL_PLUS_JUMP,pooled,freight,physical_channel,b,0.5,12,0.001098225568207642,0.0006134618894363595,0.07454471732918079,8.917055437174313e-05,0.0021072805820435405,297,True
LEVEL_PLUS_JUMP,pooled,freight,physical_channel,b,0.5,13,0.00044116021886270174,0.0006523054430169605,0.4994275452097307,-0.0006317867549639326,0.001514107192689336,296,True
LEVEL_PLUS_JUMP,pooled,freight,physical_channel,b,0.5,14,0.0007373950326434939,0.00067199884782243,0.2734919497340988,-0.0003679447095044405,0.0018427347747914282,295,True
LEVEL_PLUS_JUMP,pooled,freight,physical_channel,b,0.5,15,0.0006573133731968828,0.000624698722163934,0.2936587547202464,-0.0003702245857064141,0.0016848513321001796,294,True
LEVEL_PLUS_JUMP,pooled,freight,physical_channel,b,0.5,16,-0.0013380407230548508,0.0006123554292991758,0.029759506303825786,-0.002345275771921026,-0.0003308056741886756,293,True
LEVEL_PLUS_JUMP,pooled,freight,physical_channel,b,0.5,17,-8.295304680294019e-05,0.0006237115636721771,0.8942954487486316,-0.0011088672744806948,0.0009429611808748144,292,True
LEVEL_PLUS_JUMP,pooled,freight,physical_channel,b,0.5,18,-0.0005296366990136248,0.0005958027122537903,0.3748441982673233,-0.001509644951211796,0.00045037155318454654,291,True
LEVEL_PLUS_JUMP,pooled,freight,physical_channel,b,0.5,19,0.002360011238981885,0.0005726333703964101,5.057942227083574e-05,0.0014181131627719042,0.003301909315191866,290,True
LEVEL_PLUS_JUMP,pooled,freight,physical_channel,b,0.5,20,-0.0003942655848175741,0.0005696113588595054,0.48944843785416775,-0.0013311928943903883,0.0005426617247552399,289,True
LEVEL_PLUS_JUMP,pooled,freight,physical_channel,b,0.5,21,0.0016647382757616347,0.0005704565059256398,0.0038279810693675575,0.0007264208229717821,0.0026030557285514873,288,True
LEVEL_PLUS_JUMP,pooled,freight,physical_channel,b,0.5,22,-0.00039914518536607324,0.0005692610906712392,0.48383037616376096,-0.001335496355039012,0.0005372059843068655,287,True
LEVEL_PLUS_JUMP,pooled,freight,physical_channel,b,0.5,23,-0.00012038553882212644,0.0005625186247276968,0.8307070099190226,-0.0010456463389332325,0.0008048752612889797,286,True
LEVEL_PLUS_JUMP,pooled,freight,physical_channel,b,0.5,24,-0.00014766468598534366,0.0005842819272611311,0.8006800566435307,-0.0011087229332030113,0.0008133935612323241,285,True
LEVEL_PLUS_JUMP,pooled,oil,asset_price,b,0.75,0,-0.00818071525823827,0.0033535985379994013,0.015331101480869275,-0.013696893976805739,-0.0026645365396707997,309,True
LEVEL_PLUS_JUMP,pooled,oil,asset_price,b,0.75,1,-0.005058176011082827,0.0031564784397614424,0.11017820953211285,-0.01025012102111856,0.0001337689989529059,308,True
LEVEL_PLUS_JUMP,pooled,oil,asset_price,b,0.75,2,0.003559951991945809,0.0032883526718584253,0.27992327346469714,-0.001848906827056086,0.008968810810947704,307,True
LEVEL_PLUS_JUMP,pooled,oil,asset_price,b,0.75,3,-0.004141445293555535,0.006634408962170919,0.532983704209595,-0.015054076937661724,0.006771186350550655,306,True
LEVEL_PLUS_JUMP,pooled,oil,asset_price,b,0.75,4,0.00113133085444872,0.003072897465640573,0.7130319844176848,-0.003923135687160164,0.006185797396057604,305,True
LEVEL_PLUS_JUMP,pooled,oil,asset_price,b,0.75,5,0.005119299892261786,0.006435415791950266,0.4270129325684072,-0.0054660171140683885,0.015704616898591962,304,True
LEVEL_PLUS_JUMP,pooled,oil,asset_price,b,0.75,6,0.00244323843607841,0.0032717272107082103,0.4558384012261222,-0.002938273932850813,0.007824750805007632,303,True
LEVEL_PLUS_JUMP,pooled,oil,asset_price,b,0.75,7,-0.009862744021049252,0.0029820609699868273,0.001067641458086926,-0.01476779782332251,-0.004957690218775994,302,False
LEVEL_PLUS_JUMP,pooled,oil,asset_price,b,0.75,8,0.001524607169869796,0.006840524275384509,0.8237965789719902,-0.009727053994746005,0.012776268334485598,301,True
LEVEL_PLUS_JUMP,pooled,oil,asset_price,b,0.75,9,-0.000585610653445201,0.0063803209958130745,0.9269373073489784,-0.011080304784522965,0.009909083477632563,300,True
LEVEL_PLUS_JUMP,pooled,oil,asset_price,b,0.75,10,-0.002888054704577314,0.006689896479591885,0.6662998508565828,-0.013891955192963911,0.008115845783809283,299,True
LEVEL_PLUS_JUMP,pooled,oil,asset_price,b,0.75,11,0.0012736692541507333,0.0064759789680473205,0.8442290984857934,-0.009378368239503354,0.011925706747804821,298,True
LEVEL_PLUS_JUMP,pooled,oil,asset_price,b,0.75,12,0.001940060842157365,0.0032877690808008346,0.5556294990358414,-0.0034678380549767957,0.007347959739291526,297,True
LEVEL_PLUS_JUMP,pooled,oil,asset_price,b,0.75,13,-0.0007960396458379648,0.006969643043908476,0.9091526677733885,-0.01226008228516792,0.010668002993491991,296,True
LEVEL_PLUS_JUMP,pooled,oil,asset_price,b,0.75,14,0.004115308805442197,0.006658199164822126,0.5370485628531408,-0.006836454239780739,0.015067071850665133,295,True
LEVEL_PLUS_JUMP,pooled,oil,asset_price,b,0.75,15,7.275894354563661e-05,0.0032211907565550817,0.9819961757714007,-0.005225628355476546,0.005371146242567819,294,True
LEVEL_PLUS_JUMP,pooled,oil,asset_price,b,0.75,16,0.0025451317179872035,0.0063249430250730205,0.6877170110766004,-0.007858473757065571,0.012948737193039978,293,True
LEVEL_PLUS_JUMP,pooled,oil,asset_price,b,0.75,17,-0.011425459625499457,0.0030488939372948004,0.00021947413783738356,-0.016440443876449162,-0.00641047537454975,292,True
LEVEL_PLUS_JUMP,pooled,oil,asset_price,b,0.75,18,-0.009685651208542367,0.0029839983807226932,0.0013227404664967815,-0.01459389176789141,-0.004777410649193325,291,True
LEVEL_PLUS_JUMP,pooled,oil,asset_price,b,0.75,19,0.002666239161644768,0.006028665984306846,0.6586657684980282,-0.007250033948321315,0.01258251227161085,290,True
LEVEL_PLUS_JUMP,pooled,oil,asset_price,b,0.75,20,0.006258415679727847,0.005792945505761303,0.2809830878542347,-0.0032701317461558636,0.015786963105611555,289,True
LEVEL_PLUS_JUMP,pooled,oil,asset_price,b,0.75,21,-0.002298405783659696,0.005993818891589063,0.701690105190016,-0.01215736052678022,0.007560548959460827,288,True
LEVEL_PLUS_JUMP,pooled,oil,asset_price,b,0.75,22,-0.0010250572748589093,0.005841796200675052,0.8608478095672946,-0.010633956943450599,0.00858384239373278,287,True
LEVEL_PLUS_JUMP,pooled,oil,asset_price,b,0.75,23,-0.007062675086217496,0.002953923082390923,0.017522295181470682,-0.011921446182023877,-0.0022039039904111143,286,True
LEVEL_PLUS_JUMP,pooled,oil,asset_price,b,0.75,24,-0.002109322550232662,0.0027801541624556613,0.4487230662259016,-0.006682269207832089,0.002463624107366765,285,True
LEVEL_PLUS_JUMP,pooled,dxy,asset_price,b,0.75,0,0.0005213425083221424,0.0006118480100293722,0.3948961588773796,-0.00048505791011771134,0.001527742926761996,309,True
LEVEL_PLUS_JUMP,pooled,dxy,asset_price,b,0.75,1,-0.00026497904108205295,0.0006674975183913976,0.6916891753525453,-0.0013629147551892503,0.0008329566730251444,308,True
LEVEL_PLUS_JUMP,pooled,dxy,asset_price,b,0.75,2,0.00015456404902303156,0.0006801330162578712,0.8203914158654843,-0.0009641552095781725,0.0012732833076242356,307,True
LEVEL_PLUS_JUMP,pooled,dxy,asset_price,b,0.75,3,0.0003420879733155857,0.0006691309310763901,0.60958726036724,-0.0007585344655708301,0.0014427104122020015,306,False
LEVEL_PLUS_JUMP,pooled,dxy,asset_price,b,0.75,4,-0.0007590410839558581,0.0013626523324161916,0.5779552929146374,-0.003000404715204514,0.0014823225472927978,305,True
LEVEL_PLUS_JUMP,pooled,dxy,asset_price,b,0.75,5,0.0024795329285289824,0.0007302894666666637,0.0007863114277127985,0.0012783136505578644,0.0036807522065001007,304,True
LEVEL_PLUS_JUMP,pooled,dxy,asset_price,b,0.75,6,-0.0012981665357588157,0.0007179735451273259,0.07168363237317392,-0.0024791279255167043,-0.00011720514600092728,303,True
LEVEL_PLUS_JUMP,pooled,dxy,asset_price,b,0.75,7,-0.0014084852509019807,0.0005816244685906767,0.01610011904231169,-0.002365172367587078,-0.0004517981342168836,302,True
LEVEL_PLUS_JUMP,pooled,dxy,asset_price,b,0.75,8,-0.001997320241200362,0.001387419742782525,0.1511281395658422,-0.004279422637220276,0.0002847821548195525,301,True
LEVEL_PLUS_JUMP,pooled,dxy,asset_price,b,0.75,9,-0.0003168778252766735,0.0005520771714830739,0.5664598572119511,-0.0012249639631477175,0.0005912083125943705,300,True
LEVEL_PLUS_JUMP,pooled,dxy,asset_price,b,0.75,10,-0.0006848739079392541,0.0006084733744302017,0.2613472008678008,-0.0016857235447741725,0.00031597572889566434,299,True
LEVEL_PLUS_JUMP,pooled,dxy,asset_price,b,0.75,11,0.0012541423950274133,0.0006335425161541453,0.04876725372210085,0.00021205768950330567,0.0022962271005515207,298,True
LEVEL_PLUS_JUMP,pooled,dxy,asset_price,b,0.75,12,-0.00017142099274369826,0.0012493049223466517,0.8909650051313633,-0.0022263447254339155,0.001883502739946519,297,True
LEVEL_PLUS_JUMP,pooled,dxy,asset_price,b,0.75,13,0.0008644145096994293,0.0006250122211682316,0.16780492546153347,-0.00016363910917813218,0.0018924681285769909,296,False
LEVEL_PLUS_JUMP,pooled,dxy,asset_price,b,0.75,14,-0.0024282547670579913,0.001335230194632478,0.07009217598654216,-0.004624512995514344,-0.00023199653860163936,295,True
LEVEL_PLUS_JUMP,pooled,dxy,asset_price,b,0.75,15,-0.0013451119983938775,0.0014298035109265204,0.3476778054918094,-0.0036969294891693134,0.0010067054923815584,294,True
LEVEL_PLUS_JUMP,pooled,dxy,asset_price,b,0.75,16,-0.0009054500361754259,0.0007251706717953048,0.21291237242569033,-0.0020982496458367686,0.00028734957348591707,293,True
LEVEL_PLUS_JUMP,pooled,dxy,asset_price,b,0.75,17,-0.0009140498594620294,0.0007275473007303345,0.2101017692755347,-0.0021107586758470735,0.00028265895692301465,292,True
LEVEL_PLUS_JUMP,pooled,dxy,asset_price,b,0.75,18,-0.000957166114675001,0.000636876894920242,0.13406305966876592,-0.0020047353852061527,9.040315585615065e-05,291,True
LEVEL_PLUS_JUMP,pooled,dxy,asset_price,b,0.75,19,-0.0021349091164069023,0.0005617622435392233,0.00017971087810990412,-0.00305892578017679,-0.0012108924526370145,290,True
LEVEL_PLUS_JUMP,pooled,dxy,asset_price,b,0.75,20,-0.0005814736920334296,0.001150882491258465,0.6138155353851782,-0.002474506931974862,0.0013115595479080027,289,True
LEVEL_PLUS_JUMP,pooled,dxy,asset_price,b,0.75,21,0.0003560531366837427,0.0006499987461954064,0.5843162704408696,-0.0007130996585096808,0.0014252059318771663,288,True
LEVEL_PLUS_JUMP,pooled,dxy,asset_price,b,0.75,22,-0.00023898293340351984,0.0007375875137175369,0.7461948292507358,-0.0014522064305359291,0.0009742405637288894,287,True
LEVEL_PLUS_JUMP,pooled,dxy,asset_price,b,0.75,23,-0.0013568078067955902,0.0007114389513813528,0.05761410687098073,-0.0025270207463297606,-0.00018659486726142,286,True
LEVEL_PLUS_JUMP,pooled,dxy,asset_price,b,0.75,24,-0.0009260163745195005,0.0006263377146988718,0.14050876581735477,-0.0019562502362384365,0.00010421748719943529,285,True
LEVEL_PLUS_JUMP,pooled,vix,asset_price,b,0.75,0,-0.025477802380919456,0.15208352488383012,0.8670774258037983,-0.2756329398856519,0.224677335123813,309,False
LEVEL_PLUS_JUMP,pooled,vix,asset_price,b,0.75,1,-0.3865878553322091,0.20739873096050346,0.06337048213924715,-0.7277284101777257,-0.04544730048669238,308,True
LEVEL_PLUS_JUMP,pooled,vix,asset_price,b,0.75,2,-0.4803948074877553,0.2104138350326855,0.023176913563583743,-0.8264947672020369,-0.13429484777347384,307,True
LEVEL_PLUS_JUMP,pooled,vix,asset_price,b,0.75,3,-0.2989855947196247,0.17926042458463426,0.09646471128101254,-0.5938427542665212,-0.0041284351727282065,306,False
LEVEL_PLUS_JUMP,pooled,vix,asset_price,b,0.75,4,-0.41076639467064524,0.5021129499605694,0.41401713074450985,-1.236668701552591,0.4151359122113004,305,False
LEVEL_PLUS_JUMP,pooled,vix,asset_price,b,0.75,5,-0.23906764022467542,0.25273431339844543,0.34501435968795746,-0.6547785922731985,0.17664331182384763,304,True
LEVEL_PLUS_JUMP,pooled,vix,asset_price,b,0.75,6,0.19523699631827185,0.2902151995433386,0.5016828124049918,-0.28212452724703385,0.6725985198835776,303,True
LEVEL_PLUS_JUMP,pooled,vix,asset_price,b,0.75,7,-0.22960339749806735,0.267144718338331,0.3908314977975734,-0.6690173563778006,0.20981056138166582,302,False
LEVEL_PLUS_JUMP,pooled,vix,asset_price,b,0.75,8,-0.10464480817609001,0.6053456115978966,0.8628833785889067,-1.1003497329720473,0.8910601166198673,301,True
LEVEL_PLUS_JUMP,pooled,vix,asset_price,b,0.75,9,0.1509412294253707,0.5485876897509236,0.7834136314815203,-0.751405221762365,1.0532876806131064,300,False
LEVEL_PLUS_JUMP,pooled,vix,asset_price,b,0.75,10,0.08305187797941471,0.5488238132558181,0.8798303331894571,-0.8196829618117552,0.9857867177705846,299,True
LEVEL_PLUS_JUMP,pooled,vix,asset_price,b,0.75,11,0.7242340598513692,0.5429514777465735,0.18336607197472576,-0.16884164757874365,1.617309767281482,298,True
LEVEL_PLUS_JUMP,pooled,vix,asset_price,b,0.75,12,0.1553240920729877,0.49454736903434177,0.7537088482989877,-0.6581339415824575,0.9687821257284329,297,True
LEVEL_PLUS_JUMP,pooled,vix,asset_price,b,0.75,13,0.17405020683781913,0.5569517598680424,0.7548997887536978,-0.7420539154181357,1.090154329093774,296,True
LEVEL_PLUS_JUMP,pooled,vix,asset_price,b,0.75,14,0.30100137509134584,0.5741540983086624,0.6005382855682632,-0.6433980759407096,1.2454008261234013,295,True
LEVEL_PLUS_JUMP,pooled,vix,asset_price,b,0.75,15,0.2443592595868722,0.5715865740367375,0.6693534165051713,-0.6958169898342217,1.1845355090079661,294,True
LEVEL_PLUS_JUMP,pooled,vix,asset_price,b,0.75,16,0.27615206394330016,0.6168585005722262,0.6547535771233496,-0.738489878038773,1.2907940059253733,293,True
LEVEL_PLUS_JUMP,pooled,vix,asset_price,b,0.75,17,0.16270241229949534,0.5923453079475333,0.7837808091095263,-0.8116189158856915,1.1370237404846821,292,True
LEVEL_PLUS_JUMP,pooled,vix,asset_price,b,0.75,18,-0.2843569111012698,0.569415066651193,0.6179262085726651,-1.220961348723299,0.6522475265207593,291,True
LEVEL_PLUS_JUMP,pooled,vix,asset_price,b,0.75,19,-0.48477259249193594,0.6089663941475287,0.4267189821227349,-1.4864331745970583,0.5168879896131864,290,True
LEVEL_PLUS_JUMP,pooled,vix,asset_price,b,0.75,20,-0.6132380201015621,0.5772937732789197,0.28909803859266936,-1.5628017768958942,0.3363257366927699,289,False
LEVEL_PLUS_JUMP,pooled,vix,asset_price,b,0.75,21,-0.14733571628403297,0.5377978546877108,0.7843320046963906,-1.031934468133835,0.7372630355657689,288,True
LEVEL_PLUS_JUMP,pooled,vix,asset_price,b,0.75,22,-0.5169956361487493,0.5167979149319741,0.3180590969154544,-1.3670525609255653,0.3330612886280667,287,True
LEVEL_PLUS_JUMP,pooled,vix,asset_price,b,0.75,23,-0.039041454731886915,0.5348862670132014,0.9418704712871869,-0.9188510710350849,0.8407681615713111,286,True
LEVEL_PLUS_JUMP,pooled,vix,asset_price,b,0.75,24,-0.37706989539583446,0.5444089981563489,0.48917188349496193,-1.2725430105583224,0.5184032197666534,285,True
LEVEL_PLUS_JUMP,pooled,us10y,asset_price,b,0.75,0,0.03688264764159044,0.009094816935636598,6.489011580849644e-05,0.021923005018548908,0.05184229026463197,309,True
LEVEL_PLUS_JUMP,pooled,us10y,asset_price,b,0.75,1,0.015376080032327266,0.016829355147272098,0.3616887174329066,-0.01230574582091767,0.043057905885572206,308,True
LEVEL_PLUS_JUMP,pooled,us10y,asset_price,b,0.75,2,-0.0003116850339441868,0.0175310742117194,0.9858278620935329,-0.02914773603544626,0.028524365967557887,307,True
LEVEL_PLUS_JUMP,pooled,us10y,asset_price,b,0.75,3,-0.021382029525511825,0.009422929529852183,0.02402566401152386,-0.03688136933919732,-0.005882689711826332,306,False
LEVEL_PLUS_JUMP,pooled,us10y,asset_price,b,0.75,4,-0.02827751579531501,0.009312341016195312,0.002620835458889307,-0.04359495369121283,-0.012960077899417194,305,True
LEVEL_PLUS_JUMP,pooled,us10y,asset_price,b,0.75,5,0.018635281954601624,0.009384409343665088,0.04804812625802765,0.0031993022088768197,0.03407126170032643,304,True
LEVEL_PLUS_JUMP,pooled,us10y,asset_price,b,0.75,6,0.011871915154159751,0.009199861276283753,0.19798012493491907,-0.0032605100335859807,0.027004340341905485,303,True
LEVEL_PLUS_JUMP,pooled,us10y,asset_price,b,0.75,7,-0.007623998443477831,0.01726596235325057,0.6591542172416869,-0.03602397924302961,0.020775982356073946,302,False
LEVEL_PLUS_JUMP,pooled,us10y,asset_price,b,0.75,8,-0.011866212280011723,0.008922828438051748,0.1846707459924946,-0.026542958999006883,0.0028105344389834346,301,True
LEVEL_PLUS_JUMP,pooled,us10y,asset_price,b,0.75,9,-0.018696123246328966,0.008658231562922582,0.03169748516539111,-0.03293764683558789,-0.0044545996570700425,300,True
LEVEL_PLUS_JUMP,pooled,us10y,asset_price,b,0.75,10,0.03117389989100161,0.008914382922894178,0.0005495981140917868,0.016511044808244855,0.045836754973758366,299,True
LEVEL_PLUS_JUMP,pooled,us10y,asset_price,b,0.75,11,-0.02336030374854481,0.009301111576587208,0.012603972320175082,-0.0386592708599746,-0.008061336637115014,298,True
LEVEL_PLUS_JUMP,pooled,us10y,asset_price,b,0.75,12,-0.008417258036331532,0.017747371387218568,0.6356836158921323,-0.037609086231452774,0.02077457015878971,297,False
LEVEL_PLUS_JUMP,pooled,us10y,asset_price,b,0.75,13,0.013152558902760347,0.018273658403253547,0.47230299547727467,-0.016904934399503496,0.04321005220502419,296,True
LEVEL_PLUS_JUMP,pooled,us10y,asset_price,b,0.75,14,0.004904129644707211,0.01009559949322588,0.6275293276529388,-0.011701653797974824,0.021509913087389247,295,True
LEVEL_PLUS_JUMP,pooled,us10y,asset_price,b,0.75,15,-0.0008003869037942479,0.009155688563523159,0.9304037399413521,-0.01586015444474343,0.014259380637154935,294,True
LEVEL_PLUS_JUMP,pooled,us10y,asset_price,b,0.75,16,-0.016681469207059152,0.008924654452510141,0.06270567102771356,-0.03136121945255906,-0.0020017189615592415,293,False
LEVEL_PLUS_JUMP,pooled,us10y,asset_price,b,0.75,17,-0.0020429915048012504,0.016704917016383766,0.902755417081344,-0.02952013484712345,0.02543415183752095,292,True
LEVEL_PLUS_JUMP,pooled,us10y,asset_price,b,0.75,18,0.04358810021569326,0.008648259930135883,8.666110080985161e-07,0.02936297850279017,0.05781322192859635,291,True
LEVEL_PLUS_JUMP,pooled,us10y,asset_price,b,0.75,19,-0.03224245881355081,0.008293428001512785,0.00012830423743970688,-0.04588393394170001,-0.01860098368540161,290,True
LEVEL_PLUS_JUMP,pooled,us10y,asset_price,b,0.75,20,0.00044659280115411093,0.016629465168346725,0.9785954990303529,-0.026906443295264173,0.027799628897572395,289,True
LEVEL_PLUS_JUMP,pooled,us10y,asset_price,b,0.75,21,0.027284924012505485,0.01750972214623199,0.12038495320543093,-0.0015160059666367194,0.056085853991647686,288,True
LEVEL_PLUS_JUMP,pooled,us10y,asset_price,b,0.75,22,-0.008793686707882387,0.008677316870350536,0.311809749780419,-0.023066602834285663,0.00547922941852089,287,False
LEVEL_PLUS_JUMP,pooled,us10y,asset_price,b,0.75,23,-0.03620677279597828,0.009346395882929164,0.00013586905474167446,-0.051580225962938625,-0.020833319629017938,286,True
LEVEL_PLUS_JUMP,pooled,us10y,asset_price,b,0.75,24,0.0027139986855289067,0.008120644329741432,0.7384938334286226,-0.010643272593429195,0.01607126996448701,285,True
LEVEL_PLUS_JUMP,pooled,ip,real_macro,b,0.75,0,-0.011274776972868494,0.020881092342770587,0.5896581283026531,-0.045621117447583306,0.023071563501846318,309,True
LEVEL_PLUS_JUMP,pooled,ip,real_macro,b,0.75,1,-0.05814281457747228,0.03741913635526769,0.12135554388871791,-0.11969181672882603,0.003406187573881468,308,True
LEVEL_PLUS_JUMP,pooled,ip,real_macro,b,0.75,2,-0.042580500507710894,0.03814316409261567,0.26523980779500217,-0.10532042230885494,0.02015942129343315,307,True
LEVEL_PLUS_JUMP,pooled,ip,real_macro,b,0.75,3,0.02042852982452814,0.018697845947843048,0.27553265433083585,-0.010326689898961385,0.05118374954801767,306,True
LEVEL_PLUS_JUMP,pooled,ip,real_macro,b,0.75,4,-0.02627292956947258,0.04019704494171356,0.5139094725104231,-0.09239118473458147,0.039845325595636305,305,True
LEVEL_PLUS_JUMP,pooled,ip,real_macro,b,0.75,5,0.013373916194325375,0.039397216311603867,0.7345187647477704,-0.05142873794760795,0.0781765703362587,304,True
LEVEL_PLUS_JUMP,pooled,ip,real_macro,b,0.75,6,0.01534890485163487,0.043563524764489575,0.7248577622636867,-0.056306716860026085,0.08700452656329583,303,True
LEVEL_PLUS_JUMP,pooled,ip,real_macro,b,0.75,7,-0.003756420336685551,0.03967409559186836,0.924636666471988,-0.06901450036698964,0.06150165969361854,302,False
LEVEL_PLUS_JUMP,pooled,ip,real_macro,b,0.75,8,0.01284615251596577,0.04095305028811952,0.7540036395382179,-0.05451562078517365,0.08020792581710519,301,True
LEVEL_PLUS_JUMP,pooled,ip,real_macro,b,0.75,9,-0.028778967713158465,0.018282154149898186,0.1166137245605322,-0.058850435275104404,0.0012924998487874734,300,True
LEVEL_PLUS_JUMP,pooled,ip,real_macro,b,0.75,10,-0.03324927676754896,0.019195808303448986,0.08439157794366653,-0.06482357167774222,-0.0016749818573557132,299,True
LEVEL_PLUS_JUMP,pooled,ip,real_macro,b,0.75,11,0.01148463483696105,0.02075983024052912,0.5805744513750178,-0.022662247229070127,0.04563151690299223,298,False
LEVEL_PLUS_JUMP,pooled,ip,real_macro,b,0.75,12,-0.045150230508852474,0.040198943931475425,0.2623668871342496,-0.1112716092341587,0.020971148216453753,297,True
LEVEL_PLUS_JUMP,pooled,ip,real_macro,b,0.75,13,-0.01495779262710073,0.03899218462778454,0.7015716545959821,-0.07909422893487357,0.04917864368067211,296,True
LEVEL_PLUS_JUMP,pooled,ip,real_macro,b,0.75,14,-0.05193444416029802,0.03930845417103742,0.18756481807683667,-0.11659109757338465,0.012722209252788608,295,True
LEVEL_PLUS_JUMP,pooled,ip,real_macro,b,0.75,15,0.030760818273209978,0.01867979283286475,0.10079174313892862,3.529328137027998e-05,0.061486343265049676,294,True
LEVEL_PLUS_JUMP,pooled,ip,real_macro,b,0.75,16,-0.021551637386252764,0.020656546705280807,0.29774536300125304,-0.055528633154726385,0.012425358382220857,293,True
LEVEL_PLUS_JUMP,pooled,ip,real_macro,b,0.75,17,-0.01606793373499471,0.021157682590995652,0.44826857312138035,-0.05086922468268193,0.01873335721269251,292,True
LEVEL_PLUS_JUMP,pooled,ip,real_macro,b,0.75,18,-0.06930379958252786,0.04048895141252311,0.08813603864989412,-0.13590219816487842,-0.002705401000177285,291,True
LEVEL_PLUS_JUMP,pooled,ip,real_macro,b,0.75,19,-0.02460209223522014,0.023619550280794176,0.29855797055009214,-0.0634527951815471,0.014248610711106821,290,True
LEVEL_PLUS_JUMP,pooled,ip,real_macro,b,0.75,20,-0.03683899050195549,0.04751783940043585,0.4388840194538741,-0.11499888098465998,0.04132089998074899,289,True
LEVEL_PLUS_JUMP,pooled,ip,real_macro,b,0.75,21,-0.010975454634440496,0.0444945948604095,0.8053587413798903,-0.08416255037032139,0.062211641101440396,288,True
LEVEL_PLUS_JUMP,pooled,ip,real_macro,b,0.75,22,0.024935245140341067,0.0228716004805061,0.27662625611686276,-0.012685189864204423,0.06255568014488655,287,True
LEVEL_PLUS_JUMP,pooled,ip,real_macro,b,0.75,23,-0.0050642321754565955,0.020450074732524602,0.8046108448782123,-0.038701611770678344,0.028573147419765153,286,True
LEVEL_PLUS_JUMP,pooled,ip,real_macro,b,0.75,24,0.0002078999905492651,0.040760122691998094,0.995934305954714,-0.06683653565437081,0.06725233563546934,285,True
LEVEL_PLUS_JUMP,pooled,cpi,real_macro,b,0.75,0,-0.026737243316786063,0.007595958818439881,0.0005033931448668393,-0.03923148372947092,-0.014243002904101206,309,True
LEVEL_PLUS_JUMP,pooled,cpi,real_macro,b,0.75,1,-0.021665811679085323,0.009006297738736705,0.016793214073627685,-0.03647985318005124,-0.00685177017811941,308,True
LEVEL_PLUS_JUMP,pooled,cpi,real_macro,b,0.75,2,-0.018769875025327565,0.008559216758533958,0.02913702527504585,-0.03284853375446597,-0.0046912162961891615,307,True
LEVEL_PLUS_JUMP,pooled,cpi,real_macro,b,0.75,3,-0.0076598930434421675,0.008577485621706224,0.372617168949609,-0.02176860137842975,0.006448815291545418,306,True
LEVEL_PLUS_JUMP,pooled,cpi,real_macro,b,0.75,4,-0.00551705892017651,0.008313712124903148,0.5074921510208421,-0.019191898462253883,0.008157780621900864,305,True
LEVEL_PLUS_JUMP,pooled,cpi,real_macro,b,0.75,5,-0.004546118816648459,0.01776124490450249,0.7981745348353325,-0.03376076691699273,0.024668529283695815,304,True
LEVEL_PLUS_JUMP,pooled,cpi,real_macro,b,0.75,6,-0.0014393772577960817,0.01599496040411941,0.9283611263422783,-0.02774874589145708,0.024869991375864917,303,True
LEVEL_PLUS_JUMP,pooled,cpi,real_macro,b,0.75,7,-0.006442201399067926,0.01709438254312944,0.7065688005721212,-0.03455995852563032,0.021675555727494463,302,True
LEVEL_PLUS_JUMP,pooled,cpi,real_macro,b,0.75,8,-0.008706070693222046,0.01643276719736819,0.5966815942998617,-0.03573556741866229,0.018323426032218197,301,True
LEVEL_PLUS_JUMP,pooled,cpi,real_macro,b,0.75,9,-0.007415192635647827,0.007912691929865356,0.34952485973045677,-0.020430412655436502,0.005600027384140848,300,True
LEVEL_PLUS_JUMP,pooled,cpi,real_macro,b,0.75,10,-0.003986216098624595,0.008532170732503012,0.640733393546187,-0.01802038807375137,0.010047955876502182,299,True
LEVEL_PLUS_JUMP,pooled,cpi,real_macro,b,0.75,11,-0.009644615670424628,0.01800878952495886,0.5927101215242226,-0.039266438437558886,0.01997720709670963,298,True
LEVEL_PLUS_JUMP,pooled,cpi,real_macro,b,0.75,12,-0.009666764731735,0.01799884003366039,0.5916583139011524,-0.039272222042020646,0.01993869257855065,297,True
LEVEL_PLUS_JUMP,pooled,cpi,real_macro,b,0.75,13,-0.010355673691769596,0.008320282296335671,0.21435506875467558,-0.024041320204157446,0.003329972820618256,296,True
LEVEL_PLUS_JUMP,pooled,cpi,real_macro,b,0.75,14,-0.01141084967258621,0.017573478663222505,0.5166883144629301,-0.04031664978994205,0.017494950444769636,295,False
LEVEL_PLUS_JUMP,pooled,cpi,real_macro,b,0.75,15,0.009409648067801868,0.016651578529760326,0.5724885168333742,-0.017979761271341668,0.036799057406945404,294,True
LEVEL_PLUS_JUMP,pooled,cpi,real_macro,b,0.75,16,0.011640042389723604,0.018060400123708516,0.519804645066337,-0.018066672257953168,0.04134675703740037,293,True
LEVEL_PLUS_JUMP,pooled,cpi,real_macro,b,0.75,17,-0.014738774320150583,0.009561622013785265,0.12440475995133907,-0.030466242969064316,0.0009886943287631504,292,True
LEVEL_PLUS_JUMP,pooled,cpi,real_macro,b,0.75,18,-0.029734409992720146,0.008121824656772905,0.000303575240746374,-0.04309362273687695,-0.016375197248563338,291,True
LEVEL_PLUS_JUMP,pooled,cpi,real_macro,b,0.75,19,-0.023433256287340498,0.007287686979754401,0.0014658055961843685,-0.035420434648076544,-0.011446077926604452,290,True
LEVEL_PLUS_JUMP,pooled,cpi,real_macro,b,0.75,20,-0.006276295339489479,0.008483213102229142,0.4600566703361095,-0.020229939178893333,0.007677348499914374,289,True
LEVEL_PLUS_JUMP,pooled,cpi,real_macro,b,0.75,21,-0.00203148315753765,0.020285883449785245,0.9203082092828702,-0.03539879212583175,0.03133582581075645,288,True
LEVEL_PLUS_JUMP,pooled,cpi,real_macro,b,0.75,22,0.00202907489062909,0.020501942757628067,0.9212387377005951,-0.031693620013806906,0.035751769795065086,287,False
LEVEL_PLUS_JUMP,pooled,cpi,real_macro,b,0.75,23,-0.00046287772618924805,0.010246763524713046,0.9640043062721846,-0.017317303874327554,0.016391548421949058,286,True
LEVEL_PLUS_JUMP,pooled,cpi,real_macro,b,0.75,24,-0.005847433501941168,0.009702615136418336,0.5472624983164752,-0.021806815199993123,0.010111948196110786,285,True
LEVEL_PLUS_JUMP,pooled,infl_exp,real_macro,b,0.75,0,-0.017492345453234748,0.010241080710313981,0.08873021384641884,-0.03433742420349746,-0.0006472667029720387,309,False
LEVEL_PLUS_JUMP,pooled,infl_exp,real_macro,b,0.75,1,-0.03659132925741915,0.01821493578930935,0.04551133743650126,-0.06655223245515281,-0.0066304260596854875,308,True
LEVEL_PLUS_JUMP,pooled,infl_exp,real_macro,b,0.75,2,0.06148353957104291,0.0192056941083412,0.0015261849633481234,0.02989298395881737,0.09307409518326845,307,True
LEVEL_PLUS_JUMP,pooled,infl_exp,real_macro,b,0.75,3,-0.006096815533011224,0.008238536589904921,0.45990251087040346,-0.019648002323688747,0.007454371257666299,306,True
LEVEL_PLUS_JUMP,pooled,infl_exp,real_macro,b,0.75,4,-0.008185909828895888,0.009730773259900873,0.4009394578448112,-0.02419160751848624,0.007819787860694465,305,True
LEVEL_PLUS_JUMP,pooled,infl_exp,real_macro,b,0.75,5,0.01177020911085691,0.02190421766295927,0.5914595289520895,-0.024259022757596144,0.047799440979309965,304,True
LEVEL_PLUS_JUMP,pooled,infl_exp,real_macro,b,0.75,6,-0.0034047486243764524,0.01182532049307856,0.7736246927614925,-0.022855669927280293,0.016046172678527388,303,True
LEVEL_PLUS_JUMP,pooled,infl_exp,real_macro,b,0.75,7,-0.004344076516705542,0.011490847480002415,0.7056886382418498,-0.023244838670933698,0.014556685637522614,302,True
LEVEL_PLUS_JUMP,pooled,infl_exp,real_macro,b,0.75,8,-0.0036867715655262145,0.02217560292422342,0.8680805214655171,-0.04016239246527078,0.03278884933421835,301,False
LEVEL_PLUS_JUMP,pooled,infl_exp,real_macro,b,0.75,9,-0.011943261177329134,0.022519264481889976,0.5962967784934967,-0.04898415503664533,0.02509763268198706,300,True
LEVEL_PLUS_JUMP,pooled,infl_exp,real_macro,b,0.75,10,-0.009612298626571203,0.010772109640350793,0.37300663069624657,-0.027330842238421124,0.008106244985278718,299,True
LEVEL_PLUS_JUMP,pooled,infl_exp,real_macro,b,0.75,11,-0.02732862455418328,0.021817909156171947,0.2114432757768924,-0.06321589156221044,0.008558642453843884,298,True
LEVEL_PLUS_JUMP,pooled,infl_exp,real_macro,b,0.75,12,0.05159594305715132,0.010759992888735435,2.6942629650737435e-06,0.033897329728142786,0.06929455638615985,297,True
LEVEL_PLUS_JUMP,pooled,infl_exp,real_macro,b,0.75,13,0.00703070007833162,0.01086311181898261,0.5180508741794807,-0.010837528797101332,0.02489892895376457,296,True
LEVEL_PLUS_JUMP,pooled,infl_exp,real_macro,b,0.75,14,0.0035150495344957733,0.022702547343120594,0.8770718262008301,-0.033827317803873644,0.04085741687286519,295,True
LEVEL_PLUS_JUMP,pooled,infl_exp,real_macro,b,0.75,15,-0.011182062921784919,0.019944122288719057,0.5754947409242018,-0.043987224804748155,0.021623098961178318,294,True
LEVEL_PLUS_JUMP,pooled,infl_exp,real_macro,b,0.75,16,-0.0055970580155779714,0.023428803741772735,0.8113705255636888,-0.044134010825367075,0.03293989479421113,293,True
LEVEL_PLUS_JUMP,pooled,infl_exp,real_macro,b,0.75,17,0.014692003297923861,0.021501395582831356,0.49501360149562845,-0.020674645211014656,0.05005865180686238,292,True
LEVEL_PLUS_JUMP,pooled,infl_exp,real_macro,b,0.75,18,-0.03544464024828198,0.010049880806393519,0.0004960024667330241,-0.051975223143108346,-0.018914057353455613,291,True
LEVEL_PLUS_JUMP,pooled,infl_exp,real_macro,b,0.75,19,0.023204016679827077,0.01140276415065421,0.04286291706478413,0.004448138709351276,0.04195989465030288,290,True
LEVEL_PLUS_JUMP,pooled,infl_exp,real_macro,b,0.75,20,0.009973583256785545,0.009182185502375614,0.27839780783111645,-0.005129767870138208,0.0250769343837093,289,True
LEVEL_PLUS_JUMP,pooled,infl_exp,real_macro,b,0.75,21,-0.01651307304072347,0.021303150009846,0.4389572055150611,-0.05155363659990995,0.01852749051846301,288,True
LEVEL_PLUS_JUMP,pooled,infl_exp,real_macro,b,0.75,22,0.022638894309153557,0.01999787707100383,0.2586541637369634,-0.010254686322416773,0.055532474940723886,287,True
LEVEL_PLUS_JUMP,pooled,infl_exp,real_macro,b,0.75,23,0.010911069406949636,0.019916731643809422,0.5842793029563845,-0.02184903887438945,0.04367117768828872,286,True
LEVEL_PLUS_JUMP,pooled,infl_exp,real_macro,b,0.75,24,0.011564504349735216,0.010390876545299486,0.2667706984970845,-0.0055269666230056275,0.02865597532247606,285,True
LEVEL_PLUS_JUMP,pooled,freight,physical_channel,b,0.75,0,-0.0004836607573988072,0.0014447078427445672,0.7380400417618609,-0.0028599936924224457,0.0018926721776248313,309,True
LEVEL_PLUS_JUMP,pooled,freight,physical_channel,b,0.75,1,0.0014441605544757152,0.000628260007641864,0.02226050369237887,0.00041076480223743565,0.002477556306713995,308,True
LEVEL_PLUS_JUMP,pooled,freight,physical_channel,b,0.75,2,-0.0006370522531097267,0.0012623231940308353,0.6141914337581021,-0.002713389137196313,0.0014392846309768596,307,True
LEVEL_PLUS_JUMP,pooled,freight,physical_channel,b,0.75,3,-0.0007110165866779372,0.000671591175550696,0.29065340829784886,-0.0018156857676111023,0.0003936525942552279,306,True
LEVEL_PLUS_JUMP,pooled,freight,physical_channel,b,0.75,4,9.51568666138769e-05,0.0007235878588233168,0.8954697159006176,-0.0010950392473897054,0.0012853529806174592,305,True
LEVEL_PLUS_JUMP,pooled,freight,physical_channel,b,0.75,5,-0.0010515805691646563,0.0007101560686519494,0.13980747923526776,-0.002219683354388414,0.00011652221605910158,304,True
LEVEL_PLUS_JUMP,pooled,freight,physical_channel,b,0.75,6,0.0002113591435177753,0.0006326907262543542,0.7385859358707726,-0.0008293244923002602,0.0012520427793358108,303,True
LEVEL_PLUS_JUMP,pooled,freight,physical_channel,b,0.75,7,0.0014033493370964045,0.0011906976216121566,0.2395822929322917,-0.0005551739644148431,0.003361872638607652,302,True
LEVEL_PLUS_JUMP,pooled,freight,physical_channel,b,0.75,8,0.0024881679151746994,0.001130754426007583,0.02861263013022644,0.0006282423963646963,0.004348093433984702,301,True
LEVEL_PLUS_JUMP,pooled,freight,physical_channel,b,0.75,9,-0.00020459322410626424,0.0013126250516464996,0.8762544943979778,-0.0023636693011343727,0.0019544828529218443,300,True
LEVEL_PLUS_JUMP,pooled,freight,physical_channel,b,0.75,10,-0.0008284437973102854,0.0006933795529595551,0.23321321851822685,-0.0019689516698498,0.00031206407522922923,299,True
LEVEL_PLUS_JUMP,pooled,freight,physical_channel,b,0.75,11,0.0017268484638499615,0.0011687800061558277,0.14071264353195004,-0.00019562356838381573,0.0036493204960837385,298,False
LEVEL_PLUS_JUMP,pooled,freight,physical_channel,b,0.75,12,0.000517472686897058,0.0012509782795359955,0.6794568067007544,-0.0015402034734352367,0.002575148847229353,297,True
LEVEL_PLUS_JUMP,pooled,freight,physical_channel,b,0.75,13,0.0003524333353306375,0.0014121490074497332,0.8031092706541192,-0.0019703450813689776,0.0026752117520302526,296,True
LEVEL_PLUS_JUMP,pooled,freight,physical_channel,b,0.75,14,0.0004716146374654784,0.0014008264760828207,0.7366310122272514,-0.0018325398724489991,0.002775769147379956,295,False
LEVEL_PLUS_JUMP,pooled,freight,physical_channel,b,0.75,15,0.0004574611751746449,0.0007243369547008825,0.5282177575729411,-0.0007339670919000859,0.0016488894422493757,294,True
LEVEL_PLUS_JUMP,pooled,freight,physical_channel,b,0.75,16,0.0005617892759417487,0.0007214286008629477,0.43684076956579704,-0.0006248551747741967,0.001748433726657694,293,True
LEVEL_PLUS_JUMP,pooled,freight,physical_channel,b,0.75,17,-0.0006627894037176674,0.0012797648269980899,0.6049622021406206,-0.0027678152210503988,0.001442236413615064,292,True
LEVEL_PLUS_JUMP,pooled,freight,physical_channel,b,0.75,18,-0.0009088050890118105,0.0013498540626590292,0.5013719777650786,-0.0031291174398316943,0.0013115072618080734,291,True
LEVEL_PLUS_JUMP,pooled,freight,physical_channel,b,0.75,19,0.0038803946793002364,0.001385714256533284,0.005485974265355044,0.0016010975585231016,0.006159691800077371,290,True
LEVEL_PLUS_JUMP,pooled,freight,physical_channel,b,0.75,20,-0.0002463362279467862,0.000662857870454281,0.7104717087319915,-0.0013366404003168394,0.000843967944423267,289,True
LEVEL_PLUS_JUMP,pooled,freight,physical_channel,b,0.75,21,0.0006452084447015061,0.0012660726881783707,0.6107541469456289,-0.0014372958084328874,0.0027277126978358995,288,True
LEVEL_PLUS_JUMP,pooled,freight,physical_channel,b,0.75,22,-0.0008896620483183071,0.0006270389471387209,0.15715065196689565,-0.0019210493347592646,0.00014172523812265038,287,True
LEVEL_PLUS_JUMP,pooled,freight,physical_channel,b,0.75,23,-0.00041224249094296006,0.0013107327356015536,0.7533856297176483,-0.0025682059850612006,0.0017437210031752805,286,True
LEVEL_PLUS_JUMP,pooled,freight,physical_channel,b,0.75,24,-0.0007555293185396716,0.0012729785694069358,0.5533598759451787,-0.0028493927354601664,0.001338334098380823,285,True
LEVEL_PLUS_JUMP,pooled,oil,asset_price,b,0.9,0,-0.007636733173882249,0.01151770477152798,0.5078465590362926,-0.026581671641486324,0.011308205293721826,309,True
LEVEL_PLUS_JUMP,pooled,oil,asset_price,b,0.9,1,-0.0035881258497205692,0.0039262865296312175,0.3615700285066581,-0.010046292488435186,0.002870040788994048,308,True
LEVEL_PLUS_JUMP,pooled,oil,asset_price,b,0.9,2,0.02106534203699084,0.003599422006357959,1.3563812387595396e-08,0.015144819694904008,0.026985864379077677,307,True
LEVEL_PLUS_JUMP,pooled,oil,asset_price,b,0.9,3,-0.009051625910544203,0.012846141479143963,0.48163769492871655,-0.0301816483148459,0.012078396493757495,306,True
LEVEL_PLUS_JUMP,pooled,oil,asset_price,b,0.9,4,0.019009295901611267,0.0035285330061509907,1.5294574716073994e-07,0.013205375588625829,0.024813216214596708,305,True
LEVEL_PLUS_JUMP,pooled,oil,asset_price,b,0.9,5,0.0027817931264131346,0.012300876803038388,0.8212553117305921,-0.01745134869774779,0.023014934950574058,304,True
LEVEL_PLUS_JUMP,pooled,oil,asset_price,b,0.9,6,-0.0017888985493925702,0.00429168273609928,0.6771285442008467,-0.00884808846359049,0.005270291364805349,303,True
LEVEL_PLUS_JUMP,pooled,oil,asset_price,b,0.9,7,-0.011174908306282205,0.010620085444074811,0.29361525167236613,-0.028643394367503194,0.006293577754938783,302,True
LEVEL_PLUS_JUMP,pooled,oil,asset_price,b,0.9,8,-0.0005970236440475674,0.0037155189918223076,0.8724613000832809,-0.0067085085337535676,0.005514461245658433,301,False
LEVEL_PLUS_JUMP,pooled,oil,asset_price,b,0.9,9,-0.0027838963412243345,0.011811932432547016,0.813854399369264,-0.02221279624420502,0.01664500356175635,300,True
LEVEL_PLUS_JUMP,pooled,oil,asset_price,b,0.9,10,-0.006492788671778271,0.0025895339158761273,0.012750469400027963,-0.010752192925420968,-0.0022333844181355745,299,True
LEVEL_PLUS_JUMP,pooled,oil,asset_price,b,0.9,11,-0.0038671146333015827,0.012905405328102493,0.7646741019257964,-0.025094617394509824,0.01736038812790666,298,True
LEVEL_PLUS_JUMP,pooled,oil,asset_price,b,0.9,12,-0.0028783581590801077,0.004153371786398047,0.488896633656371,-0.00971004680601485,0.003953330487854635,297,True
LEVEL_PLUS_JUMP,pooled,oil,asset_price,b,0.9,13,-0.0067284252712109804,0.01214841266692826,0.5801417935282616,-0.026710785908111136,0.013253935365689175,296,True
LEVEL_PLUS_JUMP,pooled,oil,asset_price,b,0.9,14,0.004239730799172392,0.012417733676888743,0.7330518320764784,-0.0161856234777755,0.024665085076120283,295,True
LEVEL_PLUS_JUMP,pooled,oil,asset_price,b,0.9,15,-0.004039032445870561,0.011925018037224334,0.7351011252364517,-0.02365394161586073,0.01557587672411961,294,True
LEVEL_PLUS_JUMP,pooled,oil,asset_price,b,0.9,16,0.00034174378757789725,0.011889448188744028,0.977090835177415,-0.019214658188129327,0.01989814576328512,293,True
LEVEL_PLUS_JUMP,pooled,oil,asset_price,b,0.9,17,-0.015742664553052066,0.0040320024229977495,0.00011999616381149739,-0.022374718362397038,-0.009110610743707094,292,True
LEVEL_PLUS_JUMP,pooled,oil,asset_price,b,0.9,18,-0.00992409481854395,0.0021348218433473003,5.29088927816694e-06,-0.013435564270468985,-0.006412625366618915,291,True
LEVEL_PLUS_JUMP,pooled,oil,asset_price,b,0.9,19,-0.001740293868163434,0.012117125255053908,0.8859088414984027,-0.021671191292164136,0.018190603555837268,290,True
LEVEL_PLUS_JUMP,pooled,oil,asset_price,b,0.9,20,0.002836234942265037,0.00296718245813316,0.3400234020889225,-0.0020443458858220758,0.007716815770352149,289,True
LEVEL_PLUS_JUMP,pooled,oil,asset_price,b,0.9,21,-0.00472826159240558,0.003027403511099771,0.11954655369165929,-0.00970789723788366,0.0002513740530724999,288,True
LEVEL_PLUS_JUMP,pooled,oil,asset_price,b,0.9,22,-0.003335072749734991,0.0022893931913529554,0.14639674412642142,-0.007100789444049906,0.0004306439445799239,287,True
LEVEL_PLUS_JUMP,pooled,oil,asset_price,b,0.9,23,-0.007409581304656854,0.0035598273984414086,0.038379380843502085,-0.013264976312304428,-0.001554186297009279,286,True
LEVEL_PLUS_JUMP,pooled,oil,asset_price,b,0.9,24,0.005477990361839602,0.002675375035540361,0.04161977622120575,0.001077390031175616,0.009878590692503589,285,True
LEVEL_PLUS_JUMP,pooled,dxy,asset_price,b,0.9,0,0.0017792204094408959,0.0007461034142356113,0.01775720301496209,0.000551989502454574,0.003006451316427218,309,True
LEVEL_PLUS_JUMP,pooled,dxy,asset_price,b,0.9,1,9.931772354843105e-05,0.0007023545298979893,0.8876502471840855,-0.0010559526723600728,0.0012545881194569349,308,True
LEVEL_PLUS_JUMP,pooled,dxy,asset_price,b,0.9,2,0.00020041562416905911,0.00230978553788081,0.9309181103400829,-0.0035988434952942488,0.003999674743632367,307,True
LEVEL_PLUS_JUMP,pooled,dxy,asset_price,b,0.9,3,0.0004579651008178587,0.000791505522099765,0.563327551960553,-0.0008439456279600583,0.0017598758295957757,306,True
LEVEL_PLUS_JUMP,pooled,dxy,asset_price,b,0.9,4,-0.001487524330853418,0.0008432868667844261,0.07884098264840234,-0.0028746077922443243,-0.00010044086946251179,305,True
LEVEL_PLUS_JUMP,pooled,dxy,asset_price,b,0.9,5,0.0024242530783977756,0.0007385254702726251,0.001161186861907723,0.0012094867800238067,0.0036390193767717443,304,True
LEVEL_PLUS_JUMP,pooled,dxy,asset_price,b,0.9,6,-0.0021193811878434943,0.0006688096806018011,0.0017029643152354863,-0.0032194752167216227,-0.001019287158965366,303,True
LEVEL_PLUS_JUMP,pooled,dxy,asset_price,b,0.9,7,-0.0014473269649748488,0.0022325347813667382,0.517341177282252,-0.00511951989740124,0.0022248659674515424,302,True
LEVEL_PLUS_JUMP,pooled,dxy,asset_price,b,0.9,8,-0.002847120207106535,0.0021874121513486477,0.19415285334983726,-0.006445093017890081,0.0007508526036770109,301,True
LEVEL_PLUS_JUMP,pooled,dxy,asset_price,b,0.9,9,-0.0013336045109669792,0.0004533094432497966,0.0035426966119029295,-0.0020792321928277597,-0.0005879768291061987,300,True
LEVEL_PLUS_JUMP,pooled,dxy,asset_price,b,0.9,10,-0.0011404784192974304,0.000572201848341212,0.0472486884173481,-0.002081666704889809,-0.00019929013370505167,299,True
LEVEL_PLUS_JUMP,pooled,dxy,asset_price,b,0.9,11,-3.157852265900374e-05,0.0006395256391148931,0.9606545352478102,-0.0010835045896855939,0.0010203475443675864,298,True
LEVEL_PLUS_JUMP,pooled,dxy,asset_price,b,0.9,12,-0.000813063620878629,0.0006697592172142405,0.22582616815524575,-0.0019147194984976514,0.0002885922567403933,297,True
LEVEL_PLUS_JUMP,pooled,dxy,asset_price,b,0.9,13,-0.000644415628235695,0.0007495342993108139,0.39069268848123,-0.0018772898389816176,0.0005884585825102276,296,True
LEVEL_PLUS_JUMP,pooled,dxy,asset_price,b,0.9,14,-0.0027416564698032886,0.0022091919770667935,0.21568677997641217,-0.006375453905913698,0.0008921409663071203,295,True
LEVEL_PLUS_JUMP,pooled,dxy,asset_price,b,0.9,15,-0.0017571729340204456,0.0006986525222781534,0.012490280761988822,-0.0029063540692684606,-0.0006079917987724308,294,True
LEVEL_PLUS_JUMP,pooled,dxy,asset_price,b,0.9,16,-0.002085098996140289,0.0009278655039109699,0.02545037413501791,-0.0036113019355714033,-0.0005588960567091746,293,True
LEVEL_PLUS_JUMP,pooled,dxy,asset_price,b,0.9,17,0.00010564467176976677,0.0010978570913089119,0.9234124422589545,-0.0017001695467440904,0.001911458890283624,292,False
LEVEL_PLUS_JUMP,pooled,dxy,asset_price,b,0.9,18,-0.000708643172940171,0.0009003332592330397,0.4319379710715238,-0.002189559599854676,0.0007722732539743344,291,True
LEVEL_PLUS_JUMP,pooled,dxy,asset_price,b,0.9,19,-0.002460650713515866,0.002446516555857629,0.3154507115251401,-0.006484812343815111,0.001563510916783379,290,True
LEVEL_PLUS_JUMP,pooled,dxy,asset_price,b,0.9,20,-0.0008537627676945547,0.002637918567317084,0.746462090515377,-0.005192752690748691,0.0034852271553595816,289,True
LEVEL_PLUS_JUMP,pooled,dxy,asset_price,b,0.9,21,0.0010136719463673671,0.0007303103820424972,0.16632479686434898,-0.00018758173433554965,0.002214925627070284,288,False
LEVEL_PLUS_JUMP,pooled,dxy,asset_price,b,0.9,22,-0.00032399192775223185,0.000810022716807848,0.6895017966209042,-0.0016563607314067058,0.001008376875902242,287,True
LEVEL_PLUS_JUMP,pooled,dxy,asset_price,b,0.9,23,-0.0017996573724303744,0.0008444577760311516,0.03402317722241047,-0.003188666808142588,-0.0004106479367181606,286,False
LEVEL_PLUS_JUMP,pooled,dxy,asset_price,b,0.9,24,-0.0011215456387976275,0.002368725604488673,0.6362722706137318,-0.00501775254059364,0.0027746612629983847,285,True
LEVEL_PLUS_JUMP,pooled,vix,asset_price,b,0.9,0,1.1705846012482652,0.18443375764608794,8.778521923857881e-10,0.8672180660518087,1.4739511364447218,309,True
LEVEL_PLUS_JUMP,pooled,vix,asset_price,b,0.9,1,0.7605648505868885,0.2865342337525632,0.008400449835057531,0.28925797695322397,1.231871724220553,308,True
LEVEL_PLUS_JUMP,pooled,vix,asset_price,b,0.9,2,-0.36809419801693366,0.338205261547726,0.2773687920661505,-0.924392349127782,0.1882039530939147,307,True
LEVEL_PLUS_JUMP,pooled,vix,asset_price,b,0.9,3,-0.6133503199389452,0.3144035263287603,0.05208086899553443,-1.1304981005471393,-0.09620253933075118,306,True
LEVEL_PLUS_JUMP,pooled,vix,asset_price,b,0.9,4,-0.8734266358831064,0.3104764328777655,0.005256505394367336,-1.3841149225850544,-0.36273834918115855,305,True
LEVEL_PLUS_JUMP,pooled,vix,asset_price,b,0.9,5,-0.24268171365747548,1.0360470687856922,0.8149737882242233,-1.9468274924420628,1.4614640651271118,304,True
LEVEL_PLUS_JUMP,pooled,vix,asset_price,b,0.9,6,-0.48870687939052004,1.15875477126043,0.6735357053364082,-2.394688867645562,1.417275108864522,303,True
LEVEL_PLUS_JUMP,pooled,vix,asset_price,b,0.9,7,-0.34602675111636927,1.3168379250283855,0.792924598225939,-2.51203238820656,1.8199788859738213,302,True
LEVEL_PLUS_JUMP,pooled,vix,asset_price,b,0.9,8,-0.6398373798256216,1.3305025072649614,0.6309734323416927,-2.828319254568421,1.5486444949171778,301,True
LEVEL_PLUS_JUMP,pooled,vix,asset_price,b,0.9,9,-0.22234801206127486,1.1669653492052592,0.849031868269873,-2.141835199228237,1.697139175105687,300,True
LEVEL_PLUS_JUMP,pooled,vix,asset_price,b,0.9,10,-0.4839082214175505,1.1153338920502311,0.6647291425067344,-2.318469219018275,1.350652776183174,299,True
LEVEL_PLUS_JUMP,pooled,vix,asset_price,b,0.9,11,0.451693925075233,1.3340184476615138,0.7351769091169164,-1.7425711569809805,2.6459590071314465,298,False
LEVEL_PLUS_JUMP,pooled,vix,asset_price,b,0.9,12,-0.257714419032709,1.3380290669339021,0.8474117097362249,-2.458576382745432,1.9431475446800142,297,True
LEVEL_PLUS_JUMP,pooled,vix,asset_price,b,0.9,13,-0.33317790695764415,1.3249096743247093,0.8016417956097125,-2.512460390153736,1.8461045762384476,296,True
LEVEL_PLUS_JUMP,pooled,vix,asset_price,b,0.9,14,-0.29495212500114576,1.2584457933907782,0.8148710905456414,-2.3649112525817904,1.7750070025794988,295,True
LEVEL_PLUS_JUMP,pooled,vix,asset_price,b,0.9,15,0.09817823312005203,1.1430433749227866,0.931616920025611,-1.781960807884545,1.978317274124649,294,True
LEVEL_PLUS_JUMP,pooled,vix,asset_price,b,0.9,16,-0.14417391864117235,1.2522231410889963,0.9084258112182593,-2.203897694013973,1.9155498567316283,293,False
LEVEL_PLUS_JUMP,pooled,vix,asset_price,b,0.9,17,-0.28924597542572883,1.2920657641304307,0.8230368925036248,-2.414505033815493,1.8360130829640355,292,True
LEVEL_PLUS_JUMP,pooled,vix,asset_price,b,0.9,18,-0.3138721366376558,1.201222476088728,0.794070350044419,-2.2897072832078282,1.6619630099325167,291,True
LEVEL_PLUS_JUMP,pooled,vix,asset_price,b,0.9,19,-0.6018085180659796,1.2080572562566276,0.6187875931306237,-2.5888858775847376,1.3852688414527785,290,True
LEVEL_PLUS_JUMP,pooled,vix,asset_price,b,0.9,20,-0.6677704902831465,1.2169873621323302,0.5836750421639192,-2.6695365668406144,1.3339955862743214,289,False
LEVEL_PLUS_JUMP,pooled,vix,asset_price,b,0.9,21,-0.7626866490572866,1.3941157401535214,0.5847960669160629,-3.0558029806389424,1.5304296825243693,288,True
LEVEL_PLUS_JUMP,pooled,vix,asset_price,b,0.9,22,-0.6187552997689636,1.1080991309643127,0.5770581423350829,-2.4414161743573874,1.2039055748194605,287,True
LEVEL_PLUS_JUMP,pooled,vix,asset_price,b,0.9,23,0.1059124684688868,1.1283753643790069,0.9252909978484689,-1.7500998421926117,1.9619247791303853,286,False
LEVEL_PLUS_JUMP,pooled,vix,asset_price,b,0.9,24,-0.6607619598853489,1.1848422324396852,0.5775488389693962,-2.6096540032790445,1.2881300835083467,285,True
LEVEL_PLUS_JUMP,pooled,us10y,asset_price,b,0.9,0,0.046672870431326174,0.011454431942566177,6.001117582401335e-05,0.0278320065059274,0.06551373435672495,309,True
LEVEL_PLUS_JUMP,pooled,us10y,asset_price,b,0.9,1,0.005471653428685386,0.009971901424307759,0.5836437072581098,-0.010930664796689783,0.021873971654060555,308,False
LEVEL_PLUS_JUMP,pooled,us10y,asset_price,b,0.9,2,0.000897845365102512,0.02678956941435825,0.9732880782705245,-0.04316707505057288,0.0449627657807779,307,True
LEVEL_PLUS_JUMP,pooled,us10y,asset_price,b,0.9,3,-0.02316433134612339,0.008104940921388202,0.004584870978492158,-0.03649577281689618,-0.0098328898753506,306,True
LEVEL_PLUS_JUMP,pooled,us10y,asset_price,b,0.9,4,-0.00010895908650354613,0.010633524175012884,0.9918317935990575,-0.01759954989304965,0.01738163172004256,305,True
LEVEL_PLUS_JUMP,pooled,us10y,asset_price,b,0.9,5,0.04851024825927652,0.011242970485256677,2.228433224770187e-05,0.030017207478893724,0.06700328903965933,304,True
LEVEL_PLUS_JUMP,pooled,us10y,asset_price,b,0.9,6,0.031090647146356787,0.010189882979314033,0.00250258937939451,0.014329781169621025,0.04785151312309255,303,True
LEVEL_PLUS_JUMP,pooled,us10y,asset_price,b,0.9,7,-0.014860976067620157,0.030201354454937258,0.6230686427860823,-0.06453778348167072,0.0348158313464304,302,True
LEVEL_PLUS_JUMP,pooled,us10y,asset_price,b,0.9,8,-0.007891156910460495,0.010690385060424834,0.4610545601397105,-0.025475275550608117,0.009692961729687127,301,True
LEVEL_PLUS_JUMP,pooled,us10y,asset_price,b,0.9,9,-0.026804139266516813,0.007270970618261272,0.0002744578787817987,-0.03876382165942145,-0.014844456873612171,300,False
LEVEL_PLUS_JUMP,pooled,us10y,asset_price,b,0.9,10,0.0189926685015962,0.00971142235998778,0.05152742690757071,0.0030188002099126726,0.034966536793279726,299,False
LEVEL_PLUS_JUMP,pooled,us10y,asset_price,b,0.9,11,-0.029545538162324192,0.01008271816436822,0.0036757478136421893,-0.04613013370451475,-0.012960942620133635,298,False
LEVEL_PLUS_JUMP,pooled,us10y,asset_price,b,0.9,12,-0.007325567324954818,0.03205884888815852,0.8194282486058642,-0.06005768119453153,0.045406546544621895,297,True
LEVEL_PLUS_JUMP,pooled,us10y,asset_price,b,0.9,13,0.010388133915874675,0.03203210478183207,0.7459609983740606,-0.042299989813411404,0.06307625764516075,296,True
LEVEL_PLUS_JUMP,pooled,us10y,asset_price,b,0.9,14,-0.004052506300155301,0.012117164006077541,0.7383075056091725,-0.023983467463917774,0.015878454863607172,295,True
LEVEL_PLUS_JUMP,pooled,us10y,asset_price,b,0.9,15,-0.010365229890936689,0.012648452249336454,0.4132428114581814,-0.03117008244858026,0.010439622666706883,294,True
LEVEL_PLUS_JUMP,pooled,us10y,asset_price,b,0.9,16,-0.0394569965960585,0.00784050847648572,8.948015185287123e-07,-0.0523534854007498,-0.026560507791367205,293,True
LEVEL_PLUS_JUMP,pooled,us10y,asset_price,b,0.9,17,-0.0047617763430842786,0.029661144443463423,0.8725791190546375,-0.053550017360446595,0.04402646467427804,292,True
LEVEL_PLUS_JUMP,pooled,us10y,asset_price,b,0.9,18,0.048035940205295447,0.008539728013075757,4.737884989304507e-08,0.0339893376098087,0.062082542800782195,291,True
LEVEL_PLUS_JUMP,pooled,us10y,asset_price,b,0.9,19,-0.014876716891762953,0.01138921584514555,0.1926264461995593,-0.03361030988278379,0.003856876099257882,290,True
LEVEL_PLUS_JUMP,pooled,us10y,asset_price,b,0.9,20,-0.005449113653629212,0.007256355697496267,0.4533631269215951,-0.017384756641105927,0.006486529333847503,289,True
LEVEL_PLUS_JUMP,pooled,us10y,asset_price,b,0.9,21,0.02306672066785609,0.03309409935599245,0.48642299687791657,-0.03136822868854048,0.07750167002425265,288,True
LEVEL_PLUS_JUMP,pooled,us10y,asset_price,b,0.9,22,0.005398183576289739,0.0102674994697149,0.5995086721847026,-0.011490350166193132,0.02228671731877261,287,True
LEVEL_PLUS_JUMP,pooled,us10y,asset_price,b,0.9,23,-0.0439288927082373,0.009902098996130178,1.3560987339361818e-05,-0.060216396156454556,-0.027641389260020043,286,False
LEVEL_PLUS_JUMP,pooled,us10y,asset_price,b,0.9,24,0.01803650856086847,0.010802565345577345,0.09620607152790023,0.0002678697718152892,0.03580514734992165,285,True
LEVEL_PLUS_JUMP,pooled,ip,real_macro,b,0.9,0,-0.058220829510972294,0.0193468623258161,0.0028559013575198025,-0.09004358617772171,-0.026398072844222888,309,True
LEVEL_PLUS_JUMP,pooled,ip,real_macro,b,0.9,1,-0.05643479677242702,0.06927473644847328,0.41596391722707426,-0.17038159827580562,0.057512004730951596,308,True
LEVEL_PLUS_JUMP,pooled,ip,real_macro,b,0.9,2,-0.0525287869808011,0.06593389288155664,0.4263092640345383,-0.1609803898260594,0.0559228158644572,307,True
LEVEL_PLUS_JUMP,pooled,ip,real_macro,b,0.9,3,0.00030881232703450223,0.016127044282932237,0.984736198002351,-0.026217814953753592,0.026835439607822597,306,True
LEVEL_PLUS_JUMP,pooled,ip,real_macro,b,0.9,4,-0.03907214965244066,0.07417157851953629,0.5987675297934485,-0.1610735395970158,0.08292924029213451,305,True
LEVEL_PLUS_JUMP,pooled,ip,real_macro,b,0.9,5,-0.013516360159272267,0.07395771538978373,0.8551221186208299,-0.13516597655920276,0.10813325624065821,304,True
LEVEL_PLUS_JUMP,pooled,ip,real_macro,b,0.9,6,-0.002209733445255324,0.06980758790341832,0.9747704375228721,-0.11703299759692666,0.11261353070641601,303,True
LEVEL_PLUS_JUMP,pooled,ip,real_macro,b,0.9,7,0.002081309823097399,0.07554995759736637,0.9780420806272614,-0.1221873119469606,0.12634993159315538,302,True
LEVEL_PLUS_JUMP,pooled,ip,real_macro,b,0.9,8,-0.004966616316437467,0.0750101796615826,0.9472570565938645,-0.12834738239107318,0.11841414975819824,301,False
LEVEL_PLUS_JUMP,pooled,ip,real_macro,b,0.9,9,0.05073477187420394,0.02295495047465901,0.027924725919398066,0.012977238329469655,0.08849230541893824,300,True
LEVEL_PLUS_JUMP,pooled,ip,real_macro,b,0.9,10,-0.016655459521871308,0.0229722714592041,0.4690625545685193,-0.05444148355085696,0.021130564507114348,299,True
LEVEL_PLUS_JUMP,pooled,ip,real_macro,b,0.9,11,-0.0345363212143468,0.07218649164307703,0.6327299957974868,-0.15327253381036418,0.08419989138167058,298,True
LEVEL_PLUS_JUMP,pooled,ip,real_macro,b,0.9,12,-0.07336067061159213,0.07072169774780744,0.30052066574207886,-0.18968751165623896,0.0429661704330547,297,True
LEVEL_PLUS_JUMP,pooled,ip,real_macro,b,0.9,13,-0.003455881829268037,0.016945735614798205,0.8385566133497117,-0.0313291365166296,0.024417372858093526,296,True
LEVEL_PLUS_JUMP,pooled,ip,real_macro,b,0.9,14,-0.05249113247884907,0.0714686436889593,0.46331063826166474,-0.1700465902639362,0.06506432530623808,295,True
LEVEL_PLUS_JUMP,pooled,ip,real_macro,b,0.9,15,-0.003637189936604557,0.017326084253764987,0.8338863813102979,-0.03213606246227668,0.024861682589067572,294,True
LEVEL_PLUS_JUMP,pooled,ip,real_macro,b,0.9,16,-0.028931468497336965,0.07458546724261174,0.6984037621058318,-0.1516136448092171,0.09375070781454317,293,True
LEVEL_PLUS_JUMP,pooled,ip,real_macro,b,0.9,17,-0.04364236952824285,0.07336077387286628,0.5524194473114327,-0.16431010450899375,0.07702536545250806,292,False
LEVEL_PLUS_JUMP,pooled,ip,real_macro,b,0.9,18,-0.09192950509282127,0.07357223257384897,0.212588124426695,-0.212945058684834,0.029086048499191455,291,True
LEVEL_PLUS_JUMP,pooled,ip,real_macro,b,0.9,19,-0.04739947882569595,0.07301005628634138,0.5167658669256701,-0.1674903347122157,0.0726913770608238,290,True
LEVEL_PLUS_JUMP,pooled,ip,real_macro,b,0.9,20,-0.07926522046659557,0.01785484809130182,1.3323030943164495e-05,-0.10863383210824093,-0.0498966088249502,289,True
LEVEL_PLUS_JUMP,pooled,ip,real_macro,b,0.9,21,-0.03720356784810974,0.013157966727088475,0.005056916783007618,-0.05884649714246801,-0.015560638553751473,288,True
LEVEL_PLUS_JUMP,pooled,ip,real_macro,b,0.9,22,0.04072414834156746,0.02548690571935599,0.11129652904835943,-0.0011980809706854598,0.08264637765382038,287,True
LEVEL_PLUS_JUMP,pooled,ip,real_macro,b,0.9,23,-0.01325405127417767,0.021979743393018458,0.547030340846478,-0.049407511913646736,0.022899409365291397,286,True
LEVEL_PLUS_JUMP,pooled,ip,real_macro,b,0.9,24,0.0005501917313921467,0.06993535370756367,0.9937290926639722,-0.11448322846662803,0.11558361192941233,285,True
LEVEL_PLUS_JUMP,pooled,cpi,real_macro,b,0.9,0,-0.03114179859704791,0.02744958320973719,0.2575479705953719,-0.07629234509789036,0.014008747903794541,309,True
LEVEL_PLUS_JUMP,pooled,cpi,real_macro,b,0.9,1,-0.022657560484276473,0.0335496401107206,0.5000143284731691,-0.07784180770331184,0.03252668673475889,308,True
LEVEL_PLUS_JUMP,pooled,cpi,real_macro,b,0.9,2,0.0786311123501946,0.01191380677502904,2.0641415112107134e-10,0.059034644065489056,0.09822758063490014,307,True
LEVEL_PLUS_JUMP,pooled,cpi,real_macro,b,0.9,3,0.01609322259628243,0.010104121470849303,0.11235523023142253,-0.0005265782522022901,0.03271302344476715,306,True
LEVEL_PLUS_JUMP,pooled,cpi,real_macro,b,0.9,4,-0.007670711691432075,0.031006057037064327,0.8047866070149771,-0.05867113706631155,0.0433297136834474,305,True
LEVEL_PLUS_JUMP,pooled,cpi,real_macro,b,0.9,5,-0.0074815878553238235,0.03170606181465378,0.8136331981844689,-0.059633418627504674,0.04467024291685703,304,True
LEVEL_PLUS_JUMP,pooled,cpi,real_macro,b,0.9,6,-0.0016396307973920443,0.03453554336826876,0.9621678256339452,-0.058445544565428775,0.05516628297064469,303,True
LEVEL_PLUS_JUMP,pooled,cpi,real_macro,b,0.9,7,-0.024207215970875495,0.0341599437455022,0.4791483056696329,-0.08039532333712304,0.03198089139537206,302,True
LEVEL_PLUS_JUMP,pooled,cpi,real_macro,b,0.9,8,-0.022941496340678214,0.0347229714198392,0.5093613144024856,-0.08005570181913305,0.03417270913777661,301,True
LEVEL_PLUS_JUMP,pooled,cpi,real_macro,b,0.9,9,-0.020699029587902373,0.036182094919389673,0.5677407073622673,-0.08021327964676292,0.038815220470958166,300,True
LEVEL_PLUS_JUMP,pooled,cpi,real_macro,b,0.9,10,-0.01420481177444799,0.0383332157085264,0.7112536777684256,-0.07725734066533078,0.048847717116434805,299,True
LEVEL_PLUS_JUMP,pooled,cpi,real_macro,b,0.9,11,-0.028748099788785453,0.03495811290272019,0.4115985616088114,-0.08624907858820381,0.028752879010632906,298,True
LEVEL_PLUS_JUMP,pooled,cpi,real_macro,b,0.9,12,-0.009488754502314123,0.03476874349075512,0.7851314211303878,-0.06667824833762807,0.04770073933299983,297,True
LEVEL_PLUS_JUMP,pooled,cpi,real_macro,b,0.9,13,-0.020235892694543622,0.0327082823108462,0.5366540294533757,-0.07403622948489168,0.03356444409580443,296,True
LEVEL_PLUS_JUMP,pooled,cpi,real_macro,b,0.9,14,-0.011881981111386608,0.03194406623882354,0.710216122671454,-0.06442529432389357,0.040661332101120364,295,True
LEVEL_PLUS_JUMP,pooled,cpi,real_macro,b,0.9,15,0.004492316162441057,0.03512322734184663,0.8983235041892369,-0.05328025172103648,0.062264884045918595,294,True
LEVEL_PLUS_JUMP,pooled,cpi,real_macro,b,0.9,16,0.008070859207691683,0.011743044469929912,0.4925020031832499,-0.01124473008012496,0.027386448495508326,293,True
LEVEL_PLUS_JUMP,pooled,cpi,real_macro,b,0.9,17,-0.019262177142081782,0.012375650661291765,0.12079723846988048,-0.03961831101819192,0.0010939567340283625,292,False
LEVEL_PLUS_JUMP,pooled,cpi,real_macro,b,0.9,18,-0.04187416275831879,0.00979517738147448,2.6760912665439315e-05,-0.05798579580087011,-0.02576252971576747,291,True
LEVEL_PLUS_JUMP,pooled,cpi,real_macro,b,0.9,19,-0.033484492414316946,0.008037175781020972,4.2092817087589784e-05,-0.046704470148175824,-0.02026451468045807,290,True
LEVEL_PLUS_JUMP,pooled,cpi,real_macro,b,0.9,20,-0.009259812047332616,0.006680433541763927,0.16689652772083377,-0.02024814738811128,0.0017285232934460479,289,True
LEVEL_PLUS_JUMP,pooled,cpi,real_macro,b,0.9,21,-0.019479519722551686,0.010552108713446508,0.06602438436488556,-0.03683619401185041,-0.002122845433252963,288,True
LEVEL_PLUS_JUMP,pooled,cpi,real_macro,b,0.9,22,-0.0090185821810298,0.038982977000468204,0.8172281482218139,-0.07313987328961574,0.05510270892755614,287,True
LEVEL_PLUS_JUMP,pooled,cpi,real_macro,b,0.9,23,-0.013904269716306317,0.012232480774697288,0.2567317332893538,-0.034024910085181305,0.0062163706525686716,286,True
LEVEL_PLUS_JUMP,pooled,cpi,real_macro,b,0.9,24,-0.027458311270862623,0.012201279913764771,0.025266665188343168,-0.047527630790468754,-0.007388991751256492,285,True
LEVEL_PLUS_JUMP,pooled,infl_exp,real_macro,b,0.9,0,0.013340200968741556,0.010629282981042364,0.21050611928738777,-0.004143413694519534,0.030823815632002646,309,True
LEVEL_PLUS_JUMP,pooled,infl_exp,real_macro,b,0.9,1,-0.0529530718234561,0.04390562033988772,0.22881018727185104,-0.12517139068307476,0.019265247036162544,308,True
LEVEL_PLUS_JUMP,pooled,infl_exp,real_macro,b,0.9,2,0.044069380904005584,0.042857670514986144,0.30471210350547606,-0.02642521388526055,0.11456397569327172,307,False
LEVEL_PLUS_JUMP,pooled,infl_exp,real_macro,b,0.9,3,-0.0120057244519991,0.04420572571789896,0.7861407495608645,-0.08471767273110717,0.06070622382710897,306,True
LEVEL_PLUS_JUMP,pooled,infl_exp,real_macro,b,0.9,4,-0.030175967094415057,0.009440038303405332,0.0015516832280069017,-0.045703448336332136,-0.014648485852497976,305,True
LEVEL_PLUS_JUMP,pooled,infl_exp,real_macro,b,0.9,5,0.002184120957267055,0.04444405158806916,0.960840754900577,-0.07091983849378684,0.07528808040832095,304,True
LEVEL_PLUS_JUMP,pooled,infl_exp,real_macro,b,0.9,6,-0.0033426423361788693,0.014947592415428517,0.8232158195656866,-0.027929243934888784,0.021243959262531045,303,True
LEVEL_PLUS_JUMP,pooled,infl_exp,real_macro,b,0.9,7,-0.01975205055421725,0.04434769937781275,0.6563891528679485,-0.0926975247227661,0.0531934236143316,302,True
LEVEL_PLUS_JUMP,pooled,infl_exp,real_macro,b,0.9,8,-0.004355975464164885,0.04294146766862932,0.9192757767973994,-0.07498840430552921,0.06627645337719944,301,True
LEVEL_PLUS_JUMP,pooled,infl_exp,real_macro,b,0.9,9,-0.009306229716514736,0.03890084955158148,0.811107810599444,-0.0732924331929271,0.054679973759897624,300,True
LEVEL_PLUS_JUMP,pooled,infl_exp,real_macro,b,0.9,10,-0.011737671558719853,0.015744061722536833,0.4565974666545379,-0.037634348585982406,0.0141590054685427,299,True
LEVEL_PLUS_JUMP,pooled,infl_exp,real_macro,b,0.9,11,-0.02640139698451094,0.014375181135764126,0.06736883851505528,-0.05004646581375695,-0.0027563281552649317,298,True
LEVEL_PLUS_JUMP,pooled,infl_exp,real_macro,b,0.9,12,0.08158411954708811,0.016436436568299784,1.2296689479450776e-06,0.0545485872435624,0.10861965185061381,297,True
LEVEL_PLUS_JUMP,pooled,infl_exp,real_macro,b,0.9,13,0.12354106240320561,0.015253984049038468,1.9648834993349437e-14,0.09845049141468479,0.14863163339172644,296,True
LEVEL_PLUS_JUMP,pooled,infl_exp,real_macro,b,0.9,14,-0.00801848255059312,0.05250847299394513,0.8787436092327665,-0.09438723480036719,0.07835026969918095,295,True
LEVEL_PLUS_JUMP,pooled,infl_exp,real_macro,b,0.9,15,-0.014937733145913512,0.04997216076542563,0.7652336494490855,-0.09713462302752592,0.06725915673569889,294,True
LEVEL_PLUS_JUMP,pooled,infl_exp,real_macro,b,0.9,16,-0.008064290360614734,0.04833884237531501,0.86763231922413,-0.08757461056428714,0.07144602984305767,293,True
LEVEL_PLUS_JUMP,pooled,infl_exp,real_macro,b,0.9,17,0.006017707410848061,0.046548599750713404,0.8972361582757554,-0.07054792571862528,0.0825833405403214,292,True
LEVEL_PLUS_JUMP,pooled,infl_exp,real_macro,b,0.9,18,0.008414991862593979,0.016928871451643186,0.6195483952994923,-0.019430523744836548,0.0362605074700245,291,True
LEVEL_PLUS_JUMP,pooled,infl_exp,real_macro,b,0.9,19,0.03882904629483619,0.01354749421918882,0.004492380067765491,0.016545401292299356,0.061112691297373026,290,True
LEVEL_PLUS_JUMP,pooled,infl_exp,real_macro,b,0.9,20,0.005333036866218777,0.053470328032772206,0.9206286988738432,-0.08261782613277156,0.09328389986520912,289,True
LEVEL_PLUS_JUMP,pooled,infl_exp,real_macro,b,0.9,21,-0.03928855578853785,0.054108842780062866,0.4684291767617532,-0.12828968208547123,0.04971257050839553,288,True
LEVEL_PLUS_JUMP,pooled,infl_exp,real_macro,b,0.9,22,0.003739215154780595,0.04833198814514299,0.9383927359173472,-0.07575983084353341,0.0832382611530946,287,True
LEVEL_PLUS_JUMP,pooled,infl_exp,real_macro,b,0.9,23,-0.005928341755179645,0.008744169693409323,0.49839415439053153,-0.020311220990063113,0.008454537479703822,286,True
LEVEL_PLUS_JUMP,pooled,infl_exp,real_macro,b,0.9,24,-0.047723316218487355,0.04386767805026644,0.27766175893836803,-0.11987922556540759,0.024432593128432878,285,True
LEVEL_PLUS_JUMP,pooled,freight,physical_channel,b,0.9,0,-0.0009491103549130742,0.0009748622757964893,0.3311004494887494,-0.002552616105035096,0.0006543953952089477,309,True
LEVEL_PLUS_JUMP,pooled,freight,physical_channel,b,0.9,1,0.014717247780779985,0.0011043877944866942,1.0398775700812683e-31,0.01290069151145761,0.016533804050102362,308,True
LEVEL_PLUS_JUMP,pooled,freight,physical_channel,b,0.9,2,-0.0019337157914076641,0.0008478374535945607,0.023316581700468894,-0.003328284302017978,-0.0005391472807973505,307,True
LEVEL_PLUS_JUMP,pooled,freight,physical_channel,b,0.9,3,-0.0009328176454346249,0.0011730592453980842,0.4271751066880995,-0.002862328399856621,0.0009966931089873709,306,True
LEVEL_PLUS_JUMP,pooled,freight,physical_channel,b,0.9,4,0.0015212207463974892,0.0010011233934893208,0.1297737966461473,-0.00012548069840938596,0.003167922191204364,305,True
LEVEL_PLUS_JUMP,pooled,freight,physical_channel,b,0.9,5,-0.0018592224390943102,0.00083175930342595,0.026198355218958472,-0.003227344746085114,-0.0004911001321035063,304,True
LEVEL_PLUS_JUMP,pooled,freight,physical_channel,b,0.9,6,-0.00126902668787654,0.0007839540336756968,0.10664703718008087,-0.0025585163235312463,2.046294777816645e-05,303,True
LEVEL_PLUS_JUMP,pooled,freight,physical_channel,b,0.9,7,-0.0007226118402261505,0.0034095580140332646,0.8323136705871962,-0.006330835705910224,0.004885612025457923,302,True
LEVEL_PLUS_JUMP,pooled,freight,physical_channel,b,0.9,8,0.0004123320580191603,0.0034726522604903907,0.9055711012468994,-0.0052996726077896876,0.006124336723828008,301,False
LEVEL_PLUS_JUMP,pooled,freight,physical_channel,b,0.9,9,-0.001016206892391125,0.0034847165456346773,0.7708008063552044,-0.006748055541376129,0.004715641756593879,300,True
LEVEL_PLUS_JUMP,pooled,freight,physical_channel,b,0.9,10,-0.0006303742230127085,0.0009072266775952353,0.4877530596357666,-0.0021226293141223653,0.000861880868096948,299,True
LEVEL_PLUS_JUMP,pooled,freight,physical_channel,b,0.9,11,0.001160665973795716,0.0033206004809782225,0.7269601933326627,-0.0043012357709981165,0.006622567718589548,298,True
LEVEL_PLUS_JUMP,pooled,freight,physical_channel,b,0.9,12,0.0002557019938191907,0.00345995059117255,0.9411422024797037,-0.0054354102851438685,0.00594681427278225,297,True
LEVEL_PLUS_JUMP,pooled,freight,physical_channel,b,0.9,13,0.0007170683419417401,0.0010232842109764524,0.48406581284716105,-0.0009660844038850531,0.002400221087768533,296,True
LEVEL_PLUS_JUMP,pooled,freight,physical_channel,b,0.9,14,0.00030198787405266714,0.0009117717421153323,0.7407457012306244,-0.0011977431829175995,0.0018017189310229338,295,True
LEVEL_PLUS_JUMP,pooled,freight,physical_channel,b,0.9,15,7.987253083197032e-05,0.00109776758612471,0.9420525342329902,-0.0017257944647550213,0.001885539526418962,294,True
LEVEL_PLUS_JUMP,pooled,freight,physical_channel,b,0.9,16,0.0015719560551978873,0.001139487062146437,0.1688945186229756,-0.00030233337183795746,0.003446245482233732,293,True
LEVEL_PLUS_JUMP,pooled,freight,physical_channel,b,0.9,17,-0.0012438028605430418,0.0031902076035633486,0.6969385460177064,-0.00649122740799238,0.004003621686906296,292,True
LEVEL_PLUS_JUMP,pooled,freight,physical_channel,b,0.9,18,-0.0016500085057185032,0.002750540803430524,0.5490992882822249,-0.006174245522319217,0.00287422851088221,291,True
LEVEL_PLUS_JUMP,pooled,freight,physical_channel,b,0.9,19,0.002894032865613738,0.002898452970350431,0.3189703386111707,-0.001873498015215436,0.007661563746442912,290,True
LEVEL_PLUS_JUMP,pooled,freight,physical_channel,b,0.9,20,-0.0006922917751761015,0.001043639681530791,0.5076959301485097,-0.0024089262905725023,0.0010243427402202995,289,True
LEVEL_PLUS_JUMP,pooled,freight,physical_channel,b,0.9,21,-0.0002871334041310014,0.0028501232269291543,0.9198311599053873,-0.004975168931204054,0.0044009021229420514,288,True
LEVEL_PLUS_JUMP,pooled,freight,physical_channel,b,0.9,22,-0.0009789153639927495,0.002984768581452137,0.7431991103661162,-0.0058884227908050975,0.003930592062819599,287,True
LEVEL_PLUS_JUMP,pooled,freight,physical_channel,b,0.9,23,-0.0011907276429665714,0.000798574203615891,0.13716551460154106,-0.0025042653181740534,0.00012281003224091035,286,True
LEVEL_PLUS_JUMP,pooled,freight,physical_channel,b,0.9,24,-0.00036082171865814416,0.002706327292353434,0.8940405087151415,-0.004812333981203448,0.004090690543887159,285,True
