measure,channel,outcome,family,battery,horizon,beta,beta_std,se,tstat,pvalue,ci_low,ci_high,ci_low_supt,ci_high_supt,supt_c,nobs,converged
LEVEL,pooled,oil,asset_price,a,0,0.013216317115944903,0.004714495441096619,0.05242129565173463,0.25211733040229756,0.8009503748288422,-0.07300904116630624,0.09944167539819604,-0.1347276343707214,0.1611602686026112,2.822210890580512,309,True
LEVEL,pooled,oil,asset_price,a,1,-0.054610493109997445,-0.019480534444236818,0.05233610333052066,-1.0434573771209756,0.29673651151862,-0.14069572249371137,0.03147473627371649,-0.20231401389993986,0.09309302767994498,2.822210890580512,308,True
LEVEL,pooled,oil,asset_price,a,2,0.00639141283867057,0.0022799306664430387,0.033458645661256864,0.19102425434008072,0.8485065908308199,-0.04864316183013192,0.06142598750747306,-0.08803594133060294,0.1008187670079441,2.822210890580512,307,True
LEVEL,pooled,oil,asset_price,a,3,-0.01206920438829355,-0.004305299923351995,0.04216703797085588,-0.2862236706461404,0.774706815235027,-0.0814278097324563,0.057289400955869194,-0.131073478173165,0.10693506939657789,2.822210890580512,306,True
LEVEL,pooled,oil,asset_price,a,4,0.03250318918882797,0.011594465833977134,0.026678949457728324,1.2183084360322323,0.22310678547302165,-0.011379777589971475,0.0763861559676274,-0.04279043252001996,0.1077968108976759,2.822210890580512,305,True
LEVEL,pooled,oil,asset_price,a,5,-0.022499640247361355,-0.008026021957699924,0.046882017688376305,-0.4799204760536534,0.6312839408110781,-0.0996136970808902,0.05461441658616749,-0.15481058113988516,0.10981130064516247,2.822210890580512,304,True
LEVEL,pooled,oil,asset_price,a,6,-0.0013629274062119069,-0.0004861804530537161,0.03109179562666069,-0.043835596456938616,0.9650354524750364,-0.05250438021115866,0.049778525398734855,-0.08911053163147725,0.08638467681905343,2.822210890580512,303,True
LEVEL,pooled,oil,asset_price,a,7,-0.0007391187394093779,-0.00026365680369235466,0.03361892438150332,-0.021985198902319165,0.9824597622503515,-0.0560373284425324,0.05455909096371364,-0.09561881325849077,0.09414057577967201,2.822210890580512,302,True
LEVEL,pooled,oil,asset_price,a,8,0.019971568820442532,0.00712421390388165,0.029946030962696286,0.6669187260682752,0.5048240488790863,-0.029285268821349537,0.0692284064622346,-0.06454244589214014,0.1044855835330252,2.822210890580512,301,True
LEVEL,pooled,oil,asset_price,a,9,-0.005882581978598235,-0.002098421646263268,0.03354610385346663,-0.17535812815384022,0.8607982396236529,-0.06106101257206358,0.04929584861486711,-0.10055676161039664,0.08879159765320019,2.822210890580512,300,True
LEVEL,pooled,oil,asset_price,a,10,0.0673418677159623,0.024022042264618997,0.028855088031982636,2.3337952613875714,0.019606445056424913,0.019879471510551645,0.11480426392137297,-0.01409327597655849,0.1487770114084831,2.822210890580512,299,True
LEVEL,pooled,oil,asset_price,a,11,-0.017100024915531642,-0.006099883106591812,0.030441658189269,-0.5617310597607189,0.5742992691213578,-0.06717209679856774,0.032972046967504456,-0.10301280418461604,0.06881275435355276,2.822210890580512,298,True
LEVEL,pooled,oil,asset_price,a,12,-0.010149445595830305,-0.0036204878084736486,0.02802029509040883,-0.3622176555629636,0.7171893868790324,-0.0562387296035398,0.035939838411879185,-0.08922862755726177,0.06892973636560115,2.822210890580512,297,True
LEVEL,pooled,oil,asset_price,a,13,0.0006575092161657716,0.00023454523487127446,0.025465753776535545,0.025819350251144287,0.9794014277248208,-0.04122992824622187,0.042544946678553415,-0.07121221842881466,0.07252723686114619,2.822210890580512,296,True
LEVEL,pooled,oil,asset_price,a,14,0.00018010264874069603,6.424581893491674e-05,0.031650136824931785,0.005690422437568221,0.9954597242956726,-0.051879739701258705,0.052239944998740094,-0.08914325818694509,0.08950346348442649,2.822210890580512,295,True
LEVEL,pooled,oil,asset_price,a,15,0.006612384138379398,0.002358755060254959,0.03349139924910787,0.19743529045163843,0.843486915307119,-0.048476065388195495,0.06170083366495429,-0.08790740756323281,0.10113217583999162,2.822210890580512,294,True
LEVEL,pooled,oil,asset_price,a,16,0.005070873251281844,0.0018088707024670875,0.02992988213869376,0.16942509922971433,0.8654622825482786,-0.04415940193877867,0.05430114844134236,-0.07939756607433084,0.08953931257689453,2.822210890580512,293,True
LEVEL,pooled,oil,asset_price,a,17,-0.023393247312987708,-0.008344787495789539,0.052983881078177114,-0.441516303391804,0.6588392613085627,-0.11054397627439282,0.0637574816484174,-0.17292493351704188,0.1261384388910665,2.822210890580512,292,True
LEVEL,pooled,oil,asset_price,a,18,-0.03366362972574986,-0.012008415618397909,0.028900738169614797,-1.1648017267995805,0.2440992597531616,-0.08120111372561561,0.013873854274115888,-0.11522760773385264,0.047900348282352914,2.822210890580512,291,True
LEVEL,pooled,oil,asset_price,a,19,0.024711962638125366,0.008815196712965866,0.03360199070472985,0.7354315062841466,0.46207673975803853,-0.030558393645339185,0.07998231892158991,-0.07011994147394836,0.11954386675019908,2.822210890580512,290,True
LEVEL,pooled,oil,asset_price,a,20,0.038247367487852145,0.013643516425455731,0.02893545393401349,1.3218167433997827,0.18622918150185164,-0.009347218862997192,0.08584195383870148,-0.04341458572861145,0.11990932070431573,2.822210890580512,289,True
LEVEL,pooled,oil,asset_price,a,21,0.009262009251821,0.0033039234765655004,0.022886661149665383,0.4046902775050006,0.6857051896784561,-0.028383198349015457,0.04690721685265746,-0.05532897509379055,0.07385299359743254,2.822210890580512,288,True
LEVEL,pooled,oil,asset_price,a,22,-0.01235508575141858,-0.004407278891571621,0.02893294101845392,-0.42702488293666024,0.6693612039817918,-0.05994553872399553,0.035235367221158366,-0.09400994699022285,0.06929977548738568,2.822210890580512,287,True
LEVEL,pooled,oil,asset_price,a,23,-0.0364372566787785,-0.01299781769695278,0.05064706265873488,-0.7194347463799922,0.47187309444906855,-0.11974426138743705,0.04686974802988004,-0.17937394849017366,0.10649943513261664,2.822210890580512,286,True
LEVEL,pooled,oil,asset_price,a,24,0.08278433932449854,0.029530646617784363,0.05286640081480082,1.5659159323991978,0.11736829941519379,-0.004173151799596847,0.16974183044859392,-0.06641579280082678,0.23198447144982387,2.822210890580512,285,True
LEVEL,pooled,dxy,asset_price,a,0,-0.003153152797179259,-0.001124785699145193,0.004759936411011101,-0.66243590773295,0.5076918975408973,-0.010982551466889243,0.004676245872530724,-0.016599673034340512,0.010293367439981995,2.824936947908713,309,True
LEVEL,pooled,dxy,asset_price,a,1,0.0005294507988377815,0.00018886451917790757,0.004263510452700444,0.12418189299909779,0.9011712585511946,-0.006483399832832057,0.0075423014305076195,-0.011514697406790706,0.012573599004466269,2.824936947908713,308,True
LEVEL,pooled,dxy,asset_price,a,2,0.0026230685456456264,0.0009356952161211898,0.004015148145998238,0.6532930916284994,0.5135673452769491,-0.003981262445047056,0.009227399536338308,-0.008719471803311963,0.013965608894603217,2.824936947908713,307,True
LEVEL,pooled,dxy,asset_price,a,3,0.0020134613388128205,0.0007182374801831224,0.004543911758946784,0.44311189248963606,0.6576848036317805,-0.005460608398438241,0.009487531076063881,-0.010822802877072818,0.01484972555469846,2.824936947908713,306,True
LEVEL,pooled,dxy,asset_price,a,4,0.0014312275282382598,0.0005105443216787436,0.0037551055326746035,0.3811417590756382,0.7030980625484359,-0.004745371426767102,0.007607826483243621,-0.009176708834310657,0.012039163890787175,2.824936947908713,305,True
LEVEL,pooled,dxy,asset_price,a,5,-0.0010948986920198288,-0.0003905698423173076,0.0052464302982551956,-0.20869403189897692,0.8346870994170696,-0.009724508596652982,0.007534711212613324,-0.01591573348618866,0.013725936102149002,2.824936947908713,304,True
LEVEL,pooled,dxy,asset_price,a,6,-0.005287641247874876,-0.0018861957032784372,0.005010156210526473,-1.0553845081247966,0.2912495051891836,-0.01352861486235279,0.0029533323666030373,-0.019441016641785415,0.008865734146035661,2.824936947908713,303,True
LEVEL,pooled,dxy,asset_price,a,7,-0.009463891559978748,-0.003375938487487075,0.004416998856939047,-2.1426067487228573,0.03214468880203848,-0.016729208150055446,-0.00219857496990205,-0.02194163482981641,0.003013851709858916,2.824936947908713,302,True
LEVEL,pooled,dxy,asset_price,a,8,-0.011021159164717098,-0.0039314435467784365,0.004607679572828171,-2.391910937060314,0.016760909055235244,-0.018600117621913725,-0.0034422007075204713,-0.024037563434123634,0.0019952451046894373,2.824936947908713,301,True
LEVEL,pooled,dxy,asset_price,a,9,0.0008106305274322252,0.00028916633071570633,0.004282446230568197,0.1892914665561768,0.8498643831256867,-0.0062333666871425344,0.007854627742006985,-0.011287010056732268,0.01290827111159672,2.824936947908713,300,True
LEVEL,pooled,dxy,asset_price,a,10,-0.005471457387101513,-0.0019517661903348084,0.003847103400453663,-1.4222277951916502,0.15496013224158883,-0.011799379368595063,0.0008564645943920368,-0.016339281925468317,0.005396367151265289,2.824936947908713,299,True
LEVEL,pooled,dxy,asset_price,a,11,0.0013768738554656836,0.0004911553996178456,0.004105742395972487,0.3353532011205386,0.7373586660587057,-0.00537647141587809,0.008130219126809456,-0.010221589537512241,0.012975337248443608,2.824936947908713,298,True
LEVEL,pooled,dxy,asset_price,a,12,0.0045406184474025765,0.0016197193803871722,0.004824217132065332,0.9412135322894677,0.3465954433341909,-0.003394512599476514,0.012475749494281667,-0.009087490773702987,0.01816872766850814,2.824936947908713,297,True
LEVEL,pooled,dxy,asset_price,a,13,-0.0004828100061402533,-0.00017222691865632624,0.004339435985538242,-0.1112610043676835,0.9114093773668162,-0.0076205470258765675,0.006654927013596061,-0.012741443054771893,0.011775823042491387,2.824936947908713,296,True
LEVEL,pooled,dxy,asset_price,a,14,-0.008097188602021181,-0.0028884112279564575,0.004121626618178263,-1.9645614103686315,0.04946502204836191,-0.014876661093871427,-0.001317716110170935,-0.019740523921196993,0.003546146717154631,2.824936947908713,295,True
LEVEL,pooled,dxy,asset_price,a,15,0.0015813345517151599,0.0005640901674427382,0.004489585813212362,0.3522228146439399,0.7246711682865924,-0.0058033769566570685,0.008966046060087388,-0.011101462292835228,0.014264131396265547,2.824936947908713,294,True
LEVEL,pooled,dxy,asset_price,a,16,0.003634950239233946,0.0012966514181781037,0.004674652617806077,0.7775872426088236,0.43681238425018243,-0.004054169073902573,0.011324069552370466,-0.009570648659444627,0.016840549137912518,2.824936947908713,293,True
LEVEL,pooled,dxy,asset_price,a,17,-0.004131386819347051,-0.0014737391781950893,0.0045967162867131045,-0.8987691564277968,0.36877563210245334,-0.011692312275614004,0.0034295386369199024,-0.017116820496736643,0.008854046858042539,2.824936947908713,292,True
LEVEL,pooled,dxy,asset_price,a,18,-0.01276204404127679,-0.004552448153584735,0.004149324342179055,-3.075692085949272,0.0021001460388474493,-0.01958707523490804,-0.005937012847645539,-0.024483623684355416,-0.0010404643981981616,2.824936947908713,291,True
LEVEL,pooled,dxy,asset_price,a,19,-0.007084357563444394,-0.002527116377652767,0.004900155861722448,-1.4457412709632014,0.14824978396577043,-0.01514439670522608,0.0009756815783372912,-0.020926988907735596,0.006758273780846809,2.824936947908713,290,True
LEVEL,pooled,dxy,asset_price,a,20,-0.0017419227813695259,-0.0006213748459168864,0.0042320941207193204,-0.41159830846896545,0.6806338716454909,-0.008703098145434702,0.005219252582695649,-0.013697321830016772,0.01021347626727772,2.824936947908713,289,True
LEVEL,pooled,dxy,asset_price,a,21,0.0011189738797437376,0.00039915789008978256,0.005571927980098162,0.20082346429108444,0.8408366148347984,-0.008046032067433116,0.01028397982692059,-0.014621371342321925,0.016859319101809402,2.824936947908713,288,True
LEVEL,pooled,dxy,asset_price,a,22,0.000414786783045399,0.00014796182480635467,0.0038504887058418303,0.10772315275619394,0.9142153031386625,-0.005918703530294216,0.006748277096385013,-0.010462601029592391,0.01129217459568319,2.824936947908713,287,True
LEVEL,pooled,dxy,asset_price,a,23,-0.009138601623210644,-0.003259901779947905,0.005601513371374855,-1.6314522553692723,0.10279492640346087,-0.018352271208533742,7.506796211245552e-05,-0.024962523710212174,0.006685320463790884,2.824936947908713,286,True
LEVEL,pooled,dxy,asset_price,a,24,-0.00427700544549637,-0.0015256839327811808,0.004234527719296489,-1.0100312783421663,0.31248030475681177,-0.011242183723007745,0.0026881728320150046,-0.016239279256680637,0.007685268365687896,2.824936947908713,285,True
LEVEL,pooled,vix,asset_price,a,0,-0.053271754029985414,-0.019002982397462755,1.6158980113174521,-0.032967274949829664,0.9737006842554471,-2.7111874587291678,2.6046439506691965,-4.479336181208108,4.372792673148137,2.7390741223634056,309,True
LEVEL,pooled,vix,asset_price,a,1,-0.8350679297335035,-0.29788358687193345,1.6632345082710895,-0.5020746777323335,0.6156149917449101,-3.5708452431340536,1.9007093836670466,-5.390790530760668,3.7206546712936617,2.7390741223634056,308,True
LEVEL,pooled,vix,asset_price,a,2,-2.2612501284895763,-0.8066281497650843,1.3547759703386892,-1.66909524378726,0.09509850575265139,-4.489658297007869,-0.03284195997128325,-5.972081930444053,1.4495816734649,2.7390741223634056,307,True
LEVEL,pooled,vix,asset_price,a,3,-2.520800114338478,-0.8992142472600562,1.4298033219368325,-1.7630397661433361,0.07789378297810724,-4.872617294253541,-0.16898293442341572,-6.437137393524889,1.395537164847933,2.7390741223634056,306,True
LEVEL,pooled,vix,asset_price,a,4,-2.0072813298832957,-0.716032961052068,1.459174267610583,-1.3756282401897377,0.16893675894518512,-4.407409416316821,0.39284675655023005,-6.004067806314018,1.989505146547427,2.7390741223634056,305,True
LEVEL,pooled,vix,asset_price,a,5,-1.257120361975716,-0.4484371980068455,1.667963522737574,-0.7536857640102618,0.4510379321065713,-4.000676211973369,1.4864354880219368,-5.82579608415231,3.3115553602008787,2.7390741223634056,304,True
LEVEL,pooled,vix,asset_price,a,6,-0.44669073360482403,-0.15934253156042588,1.4042897188677586,-0.3180901544767976,0.7504165516756577,-2.7565417709751197,1.8631603037654718,-4.293144362856483,3.3997628956468358,2.7390741223634056,303,True
LEVEL,pooled,vix,asset_price,a,7,-2.346418679453345,-0.8370092870910848,1.4179140637494883,-1.6548384274069106,0.09795727678696946,-4.678679769917192,-0.014157588989498482,-6.230190399204705,1.5373530402980147,2.7390741223634056,302,True
LEVEL,pooled,vix,asset_price,a,8,0.10894315800944988,0.038861962623049494,1.51499797333739,0.07190977144969965,0.942673713691559,-2.3830067532586856,2.6008930692775856,-4.040748586192,4.2586349022109,2.7390741223634056,301,True
LEVEL,pooled,vix,asset_price,a,9,-0.5235687721585291,-0.18676629561680008,1.8673234672461971,-0.2803846153824935,0.7791824390225607,-3.595042549950035,2.547905005632977,-5.6383061593744985,4.59116861505744,2.7390741223634056,300,True
LEVEL,pooled,vix,asset_price,a,10,-1.41994402857417,-0.5065192966086514,2.119340148396276,-0.6699934551084943,0.5028619623997481,-4.905948358407656,2.0660603012593155,-7.224973785532229,4.385085728383889,2.7390741223634056,299,True
LEVEL,pooled,vix,asset_price,a,11,1.8707899916759179,0.6673440724545389,2.3098882176052222,0.8099049890888055,0.41799478420590075,-1.9286380209045035,5.6702180042563395,-4.456165050718678,8.197745034070513,2.7390741223634056,298,True
LEVEL,pooled,vix,asset_price,a,12,0.2830217118965209,0.10095887975158596,1.6014045560790082,0.17673342493135602,0.8597177848283142,-2.351054380386648,2.91709780417969,-4.103344067094348,4.66938749088739,2.7390741223634056,297,True
LEVEL,pooled,vix,asset_price,a,13,-1.1573274243617413,-0.41283928178651524,1.6808207311780345,-0.68854899448474,0.491107128104439,-3.922031500295157,1.6073766515716743,-5.761219993463435,3.4465651447399517,2.7390741223634056,296,True
LEVEL,pooled,vix,asset_price,a,14,-1.484298179931257,-0.529475567294877,1.7535198644216774,-0.846467844503597,0.39729180473965164,-4.368581688856707,1.3999853289941928,-6.287319063618861,3.318722703756347,2.7390741223634056,295,True
LEVEL,pooled,vix,asset_price,a,15,0.258904797138654,0.09235594720375033,1.782358012356527,0.14525970391119436,0.8845058288366183,-2.6728132440119965,3.1906228382893045,-4.623105911294185,5.140915505571493,2.7390741223634056,294,True
LEVEL,pooled,vix,asset_price,a,16,0.23788368412849678,0.08485734221540615,1.8279130912985133,0.13013949364491334,0.8964560643874488,-2.7687657938459407,3.244533162102934,-4.7689057621765585,5.2446731304335525,2.7390741223634056,293,True
LEVEL,pooled,vix,asset_price,a,17,-1.4945878535949233,-0.5331460769498854,2.158938341714898,-0.6922790821379989,0.4887620837768808,-5.0457254153292705,2.056549708139424,-7.408079997164364,4.418904289974519,2.7390741223634056,292,True
LEVEL,pooled,vix,asset_price,a,18,-3.567688947057079,-1.272658118641765,1.4862244019597546,-2.400504891692451,0.016372471920932847,-6.012310545084365,-1.1230673490297938,-7.638567746490072,0.5031898523759133,2.7390741223634056,291,True
LEVEL,pooled,vix,asset_price,a,19,-2.729786439831672,-0.973763387549715,1.378494362957539,-1.9802666686100594,0.04767357203196105,-4.997207892474539,-0.4623649871888045,-6.505584677232495,1.0460117975691512,2.7390741223634056,290,True
LEVEL,pooled,vix,asset_price,a,20,-3.3522169922246103,-1.195795438983732,1.418006186584034,-2.3640355196898506,0.018077079322278543,-5.684629611266985,-1.019804373182236,-7.236241043248153,0.5318070587989325,2.7390741223634056,289,True
LEVEL,pooled,vix,asset_price,a,21,-4.0943159867889385,-1.460515352710301,1.6420148564457155,-2.493470732446016,0.012650101275929368,-6.795190078921875,-1.3934418946560023,-8.59191638861566,0.403284415037783,2.7390741223634056,288,True
LEVEL,pooled,vix,asset_price,a,22,-3.0593960724722318,-1.0913410074564505,1.5993946062177173,-1.9128463110846405,0.05576773046009878,-5.690166091436065,-0.42862605350839766,-7.440256449810791,1.321464304866327,2.7390741223634056,287,True
LEVEL,pooled,vix,asset_price,a,23,-2.693982773023039,-0.9609915826313693,2.028145947747464,-1.32829827952721,0.1840795878934719,-6.029985991162386,0.6420204451163078,-8.24922485487432,2.861259308828243,2.7390741223634056,286,True
LEVEL,pooled,vix,asset_price,a,24,-4.512770929144255,-1.6097856752011548,1.913300759624666,-2.3586312326711925,0.018342473018356172,-7.659870623061893,-1.3656712352266158,-9.753443528130424,0.7279016698419145,2.7390741223634056,285,True
LEVEL,pooled,us10y,asset_price,a,0,-0.001967774021845218,-0.000701940001417284,0.07997086095621858,-0.024606137764635418,0.9803691235549329,-0.13350813471611322,0.12957258667242277,-0.22742036286712175,0.2234848148234313,2.819184214719214,309,True
LEVEL,pooled,us10y,asset_price,a,1,0.029244246258278178,0.010431942912191705,0.07728449575390818,0.3783973224254275,0.7051354569819848,-0.09787743688965334,0.1563659294062097,-0.18863498421367386,0.24712347673023022,2.819184214719214,308,True
LEVEL,pooled,us10y,asset_price,a,2,0.047652444244983314,0.0169984746264181,0.05181807772983615,0.919610420390907,0.35777637934168993,-0.03758070885059098,0.1328855973405576,-0.09843226252806399,0.19373715101803063,2.819184214719214,307,True
LEVEL,pooled,us10y,asset_price,a,3,-0.02852710846089381,-0.0101761271015732,0.06587076132668414,-0.43307695077964015,0.6649588670808294,-0.13687486913914498,0.07982065221735737,-0.2142289190046186,0.15717470208283096,2.819184214719214,306,True
LEVEL,pooled,us10y,asset_price,a,4,-0.028670487358321537,-0.010227272905078244,0.0663191809769185,-0.4323106367718853,0.6655156573794525,-0.137755832724657,0.08041485800801393,-0.21563647550155693,0.15829550078491386,2.819184214719214,305,True
LEVEL,pooled,us10y,asset_price,a,5,0.07528554024690619,0.02685569157888349,0.09272497479519479,0.8119230057834176,0.4168358126427484,-0.07723347085395381,0.22780455134776617,-0.1861232450059439,0.3366943254997563,2.819184214719214,304,True
LEVEL,pooled,us10y,asset_price,a,6,0.009603773491301338,0.003425836860969391,0.07815210272581419,0.12288566981997714,0.9021976334413827,-0.11894499613113815,0.13815254311374084,-0.21072140086042845,0.22992894784303114,2.819184214719214,303,True
LEVEL,pooled,us10y,asset_price,a,7,-0.0010097160757623555,-0.0003601836876508131,0.059771054438447525,-0.016893061118775563,0.9865219284036134,-0.09932435175555665,0.09730491960403195,-0.16951532924575644,0.1674958970942317,2.819184214719214,302,True
LEVEL,pooled,us10y,asset_price,a,8,-0.07821601633920662,-0.027901044535852494,0.057003837734544684,-1.3721184300510214,0.17002657298597923,-0.17197898558702562,0.015546952908612396,-0.23892033585885047,0.08248830318043722,2.819184214719214,301,True
LEVEL,pooled,us10y,asset_price,a,9,-0.058049828735136325,-0.020707406649471367,0.07956403313464236,-0.7295988708478542,0.4656354126255424,-0.18892101721153992,0.07282135974126726,-0.28235549500771656,0.16625583753744388,2.819184214719214,300,True
LEVEL,pooled,us10y,asset_price,a,10,0.009986735296128839,0.00356244614986086,0.0789266351401272,0.12653187708304403,0.899310917555574,-0.11983602677718488,0.13980949736944256,-0.21252198861182056,0.23249545920407824,2.819184214719214,299,True
LEVEL,pooled,us10y,asset_price,a,11,-0.09263541072430381,-0.033044699042288316,0.06814767794507585,-1.3593333407334,0.17404098358882725,-0.2047283659605827,0.019457544511975053,-0.28475626865683035,0.09948544720822275,2.819184214719214,298,True
LEVEL,pooled,us10y,asset_price,a,12,0.00011598121165677056,4.137256157004779e-05,0.06432290303855498,0.0018031090976607777,0.9985613278691023,-0.10568577914735826,0.10591774157067181,-0.181222131679552,0.18145409410286553,2.819184214719214,297,True
LEVEL,pooled,us10y,asset_price,a,13,0.04402526843124584,0.015704596484126063,0.07220001226552068,0.6097681572316052,0.5420153978818418,-0.07473318360963664,0.1627837204721283,-0.15951986645024369,0.2475704033127354,2.819184214719214,296,True
LEVEL,pooled,us10y,asset_price,a,14,-0.01867780313401071,-0.006662704666700034,0.07586608382318849,-0.24619437557289378,0.8055317692373568,-0.14346640627318671,0.10611080000516529,-0.2325582690809084,0.19520266281288698,2.819184214719214,295,True
LEVEL,pooled,us10y,asset_price,a,15,-0.04416267547775443,-0.01575361202216561,0.06322390462017648,-0.6985123070627453,0.48485686397664085,-0.14815674430228565,0.059831393346776784,-0.22240250937586914,0.13407715842036028,2.819184214719214,294,True
LEVEL,pooled,us10y,asset_price,a,16,-0.04965272667621347,-0.017712010955806184,0.05441263472760394,-0.9125220075223497,0.3614939898188375,-0.13915354625989845,0.0398480929074715,-0.20305196758155702,0.10374651422913007,2.819184214719214,293,True
LEVEL,pooled,us10y,asset_price,a,17,0.06727542940811448,0.02399834253823419,0.05280568121121459,1.2740187772414702,0.20265676159880797,-0.019582186855795033,0.15413304567202402,-0.08159351351003666,0.21614437232626563,2.819184214719214,292,True
LEVEL,pooled,us10y,asset_price,a,18,0.07111711904287371,0.02536874157680823,0.06502859481769259,1.0936284144267652,0.27411798193882675,-0.035845400998565646,0.17807963908431307,-0.11221046897253692,0.25444470705828437,2.819184214719214,291,True
LEVEL,pooled,us10y,asset_price,a,19,-0.019993456861414946,-0.0071320217574972755,0.09589945784515633,-0.20848352337608936,0.8348514464337302,-0.17773402792070014,0.13774711419787028,-0.2903516946186104,0.25036478089578046,2.819184214719214,290,True
LEVEL,pooled,us10y,asset_price,a,20,0.05262434151189967,0.018772038834422657,0.061416574805336764,0.8568426630546466,0.3915318440112755,-0.04839693431159492,0.15364561733539425,-0.12052029670142751,0.22576897972522686,2.819184214719214,289,True
LEVEL,pooled,us10y,asset_price,a,21,0.1328419753562532,0.04738709594428107,0.10596476765486121,1.2536428691934094,0.20997184202552532,-0.0414545570499153,0.3071385077624217,-0.16589222493272066,0.43157617564522704,2.819184214719214,288,True
LEVEL,pooled,us10y,asset_price,a,22,-0.12911380867667735,-0.04605719256345923,0.06465568730813738,-1.9969443378019347,0.04583122998340325,-0.2354629504485074,-0.02276466690484731,-0.3113901017275997,0.05316248437424498,2.819184214719214,287,True
LEVEL,pooled,us10y,asset_price,a,23,-0.10516627803971526,-0.03751468234499074,0.08713318737668338,-1.206960071196219,0.2274475214846685,-0.24848761732409516,0.03815506124466464,-0.3508107844702325,0.14047822839080198,2.819184214719214,286,True
LEVEL,pooled,us10y,asset_price,a,24,0.12146706694096492,0.043329463746422436,0.060978182826786194,1.991975839719636,0.04637370881480935,0.021166881753415676,0.22176725212851417,-0.050441663526572963,0.2933757974085028,2.819184214719214,285,True
LEVEL,pooled,ip,real_macro,a,0,0.15440975815228852,0.05508070777081607,0.21788029628617162,0.7086907847301682,0.47851638471835556,-0.20397143743528223,0.5127909537398593,-0.4600558602472069,0.768875376551784,2.820198195400078,309,True
LEVEL,pooled,ip,real_macro,a,1,0.06593113501532494,0.023518808812560195,0.521316755612017,0.12647039310663036,0.899359583718072,-0.7915586212436754,0.9234208912743254,-1.4042854383935088,1.5361477084241586,2.820198195400078,308,True
LEVEL,pooled,ip,real_macro,a,2,-0.5757727416517409,-0.20538838027349815,0.5543272935220722,-1.0386873393756404,0.2989501712151781,-1.4875600009197147,0.3360145176162329,-2.1390855745036985,0.9875400912002166,2.820198195400078,307,True
LEVEL,pooled,ip,real_macro,a,3,0.3094095569956684,0.11037189355330572,0.30136872852638813,1.026681031268897,0.3045706840994784,-0.18629788917071471,0.8051170031620516,-0.5405099873444673,1.1593291013358042,2.820198195400078,306,True
LEVEL,pooled,ip,real_macro,a,4,0.3488025667259078,0.12442408094825161,0.4413405612587593,0.7903251985973794,0.42933787428514536,-0.37713805618136087,1.0747431896331765,-0.8958652876929027,1.5934704211447184,2.820198195400078,305,True
LEVEL,pooled,ip,real_macro,a,5,0.23292045356825583,0.08308686957585838,0.22057776030487264,1.0559561999646914,0.2909882261882507,-0.12989767549404638,0.595738582630558,-0.38915254798893684,0.8549934551254486,2.820198195400078,304,True
LEVEL,pooled,ip,real_macro,a,6,0.21559249695549393,0.0769056791778293,0.23784065954337683,0.9064576989039785,0.364693644931013,-0.1756205745309597,0.6068055684419476,-0.45516530188150167,0.8863502957924896,2.820198195400078,303,True
LEVEL,pooled,ip,real_macro,a,7,0.027482712017636312,0.0098035723098533,0.1990750946562685,0.13805198518222045,0.8901993326013113,-0.2999666794634346,0.3549321034987072,-0.5339485106810717,0.5889139347163443,2.820198195400078,302,True
LEVEL,pooled,ip,real_macro,a,8,-0.010235445855639517,-0.003651165631141395,0.20597904206047696,-0.04969168587857747,0.9603680819837489,-0.3490408202648049,0.32856992855352585,-0.5911371685648333,0.5706662768535543,2.820198195400078,301,True
LEVEL,pooled,ip,real_macro,a,9,0.07458378800301786,0.026605364068914818,0.17582248782518764,0.4241993667907438,0.6714204225787557,-0.2146184687958731,0.3637860448019088,-0.4212704748723285,0.5704380508783642,2.820198195400078,300,True
LEVEL,pooled,ip,real_macro,a,10,-0.3158665161760614,-0.11267520576594804,0.31468123053965097,-1.0037666232408515,0.31549111569335386,-0.8334710795627587,0.20173804721063587,-1.203329954670261,0.5715969223181381,2.820198195400078,299,True
LEVEL,pooled,ip,real_macro,a,11,0.2628974489757544,0.09378019714560337,0.22105011399145016,1.1893115286333795,0.2343171003756206,-0.10069763276111876,0.6264925307126276,-0.3605076835959149,0.8863025815474237,2.820198195400078,298,True
LEVEL,pooled,ip,real_macro,a,12,0.13633029822031995,0.04863144276915218,0.32156969271847646,0.42395257173589607,0.6716004027501978,-0.3926047771653365,0.6652653736059764,-0.7705599688796849,1.0432205653203248,2.820198195400078,297,True
LEVEL,pooled,ip,real_macro,a,13,0.2673063346654831,0.09535292510772718,0.19893510654611726,1.3436860859122217,0.1790499185893104,-0.05991279686487544,0.5945254661958417,-0.293730093817599,0.8283427631485651,2.820198195400078,296,True
LEVEL,pooled,ip,real_macro,a,14,-0.29886774406979577,-0.1066114413377668,0.17484187062709752,-1.7093602521973723,0.08738423882726516,-0.5864570291137572,-0.011278459025834353,-0.7919564720927101,0.19422098395311854,2.820198195400078,295,True
LEVEL,pooled,ip,real_macro,a,15,0.15490239899866293,0.055256441525080184,0.19629681046722391,0.7891233618618948,0.430039908880399,-0.16797712165735607,0.4777819196546819,-0.39869351164379313,0.708498309641119,2.820198195400078,294,True
LEVEL,pooled,ip,real_macro,a,16,0.31068555270896947,0.11082706392493362,0.26553027155694053,1.170056999103192,0.24197803162391485,-0.12607287752687352,0.7474439829448125,-0.4381624399600068,1.0595335453779458,2.820198195400078,293,True
LEVEL,pooled,ip,real_macro,a,17,-0.2574298924449815,-0.09182982246011945,0.23090700469864903,-1.1148639374580551,0.26490873248662417,-0.637238116612055,0.122378331722092,-0.9086334104013488,0.39377362551138584,2.820198195400078,292,True
LEVEL,pooled,ip,real_macro,a,18,0.22929391882116223,0.08179322011344316,0.5011432957811438,0.4575416268190447,0.6472817893656533,-0.5950134488668666,1.053601286509191,-1.184029499577667,1.6426173372199915,2.820198195400078,291,True
LEVEL,pooled,ip,real_macro,a,19,-0.21239359345274264,-0.07576457338807535,0.18182410473499816,-1.168126711044712,0.24275565735684423,-0.5114676315933087,0.0866804446878234,-0.7251736055066192,0.3003864186011339,2.820198195400078,290,True
LEVEL,pooled,ip,real_macro,a,20,-0.21444140471358497,-0.07649506409655116,0.2776465667303475,-0.7723538858733742,0.4399048581927718,-0.671129367010621,0.24224655758345104,-0.9974597511655383,0.5685769417383684,2.820198195400078,289,True
LEVEL,pooled,ip,real_macro,a,21,0.10738984486310323,0.03830786818941853,0.22765744641278468,0.47171681205799765,0.6371289354063882,-0.2670733315714761,0.48185302129768254,-0.5346492746796221,0.7494289644058285,2.820198195400078,288,True
LEVEL,pooled,ip,real_macro,a,22,-0.03437819400852308,-0.012263313410570319,0.18710913002470259,-0.18373338598701405,0.8542226165165301,-0.34214532516538976,0.27338893714834356,-0.5620630248470678,0.4933066368300217,2.820198195400078,287,True
LEVEL,pooled,ip,real_macro,a,23,-0.10807951538296731,-0.03855388593348698,0.2767545721865922,-0.3905247690365109,0.6961485433704628,-0.5633002772194865,0.34714124645355193,-0.8885822604323153,0.6724232296663806,2.820198195400078,286,True
LEVEL,pooled,ip,real_macro,a,24,-0.32791927809005034,-0.11697464036619457,0.5336217508536374,-0.6145163265280627,0.5388741877112565,-1.2056489504018506,0.54981039422175,-1.8328383768737084,1.1769998206936076,2.820198195400078,285,True
LEVEL,pooled,cpi,real_macro,a,0,-0.07132318106148464,-0.025442247564807893,0.09344102790441698,-0.7632961950551613,0.4452867707714564,-0.22501999471613862,0.08237363259316935,-0.3344381288696624,0.1917917667466931,2.8158396125235714,309,True
LEVEL,pooled,cpi,real_macro,a,1,0.037381678980725544,0.013334709933870098,0.09456906747545939,0.3952844199338866,0.6926329962590345,-0.11817059465370235,0.19293395261515345,-0.22890964733608749,0.30367300529753855,2.8158396125235714,308,True
LEVEL,pooled,cpi,real_macro,a,2,-0.09745441506769854,-0.03476372362442017,0.08774398648524055,-1.1106677388551451,0.2667113935428459,-0.24178042948112743,0.04687159934573033,-0.3445274079735718,0.14961857783817467,2.8158396125235714,307,True
LEVEL,pooled,cpi,real_macro,a,3,-0.040372612400502696,-0.014401629095120473,0.07659273791533752,-0.5271075757225042,0.5981188861823394,-0.16635645515868916,0.08561123035768378,-0.25604547785414616,0.1753002530531408,2.8158396125235714,306,True
LEVEL,pooled,cpi,real_macro,a,4,-0.03122814932115085,-0.011139636429488344,0.0673782870459524,-0.4634749663471418,0.6430239546061354,-0.14205556914646306,0.07959927050416135,-0.22095459900912742,0.15849830036682575,2.8158396125235714,305,True
LEVEL,pooled,cpi,real_macro,a,5,0.0043548581295554945,0.001553455370228839,0.06387920894678989,0.06817332589674059,0.9456476604092713,-0.10071709039336278,0.10942680665247377,-0.1755187488394856,0.18422846509859658,2.8158396125235714,304,True
LEVEL,pooled,cpi,real_macro,a,6,0.043654077904968384,0.015572186219711171,0.06612527409825934,0.6601723546748598,0.509143230880706,-0.06511231902871373,0.1524204748386505,-0.14254408828988915,0.22985224409982594,2.8158396125235714,303,True
LEVEL,pooled,cpi,real_macro,a,7,-0.049042876321376126,-0.017494466484649154,0.06432003309880045,-0.7624821375020524,0.4457723001332664,-0.15483991604957678,0.056754163406824536,-0.2301577733998057,0.13207202075705343,2.8158396125235714,302,True
LEVEL,pooled,cpi,real_macro,a,8,0.03573990819420255,0.012749061086276228,0.06516169119958741,0.548480365322821,0.583362107621646,-0.07144153591373062,0.14292135230213573,-0.14774496310462426,0.21922477949302938,2.8158396125235714,301,True
LEVEL,pooled,cpi,real_macro,a,9,0.006177304329692775,0.0022035543521778493,0.07018508722944389,0.08801448532076891,0.9298651632016967,-0.10926689095756345,0.12162149961694901,-0.19145264449939756,0.2038072531587831,2.8158396125235714,300,True
LEVEL,pooled,cpi,real_macro,a,10,0.07457286662345292,0.026601468218526415,0.0720797051496489,1.0345889521693772,0.3008609156239457,-0.04398769782153979,0.1931334310684456,-0.1283920223959477,0.27753775564285355,2.8158396125235714,299,True
LEVEL,pooled,cpi,real_macro,a,11,0.03460995758570752,0.012345987601758578,0.05965526462807519,0.5801660222527829,0.5618026644401533,-0.06351422080453183,0.13273413597594685,-0.13336969964960282,0.2025896148210179,2.8158396125235714,298,True
LEVEL,pooled,cpi,real_macro,a,12,0.009902871497944913,0.003532530441063728,0.05744492742985288,0.17238896349964933,0.8631317481451224,-0.08458562573501271,0.10439136873090255,-0.1518528306975767,0.17165857369346654,2.8158396125235714,297,True
LEVEL,pooled,cpi,real_macro,a,13,-0.041053313345821206,-0.014644447232374652,0.06721453346684933,-0.6107803064060391,0.5413450327437868,-0.15161138250261944,0.06950475581097704,-0.23031865921906686,0.14821203252742443,2.8158396125235714,296,True
LEVEL,pooled,cpi,real_macro,a,14,0.002923293618643418,0.0010427908408352305,0.08043349957007538,0.036344230131334546,0.9710078826738411,-0.12937803987759477,0.1352246271148816,-0.2235645406446725,0.2294111278819593,2.8158396125235714,295,True
LEVEL,pooled,cpi,real_macro,a,15,-0.016272705554021126,-0.005804763571856478,0.079366641760835,-0.20503205368141464,0.8375470817607528,-0.14681921411328874,0.11427380300524648,-0.23975643933714785,0.2072110282291056,2.8158396125235714,294,True
LEVEL,pooled,cpi,real_macro,a,16,0.02740664009147552,0.009776436100428679,0.0759292572867946,0.3609496664501419,0.7181370743406181,-0.09748587414844008,0.15229915433139113,-0.18639797032617475,0.2412112505091258,2.8158396125235714,293,True
LEVEL,pooled,cpi,real_macro,a,17,-0.0651979370812746,-0.02325726406547392,0.06681978328613854,-0.9757280535029753,0.3291992463383171,-0.17510669997159092,0.04471082580904173,-0.25335172975862397,0.12295585559607476,2.8158396125235714,292,True
LEVEL,pooled,cpi,real_macro,a,18,-0.10950744571801409,-0.039063254087695364,0.08954188518336077,-1.222974538605799,0.22133931320607658,-0.25679074032593735,0.03777584888990916,-0.3616430329973588,0.14262814156133063,2.8158396125235714,291,True
LEVEL,pooled,cpi,real_macro,a,19,-0.052469430374037215,-0.018716779275589394,0.07742001699947389,-0.6777243458160669,0.4979464870532896,-0.17981402613426645,0.07487516538619203,-0.2704717810434041,0.16553292029532962,2.8158396125235714,290,True
LEVEL,pooled,cpi,real_macro,a,20,0.06127920070456368,0.021859381083340117,0.07660274759706671,0.7999608712065335,0.4237334680834939,-0.06472110651491968,0.18727950792404702,-0.15442185040740158,0.27698025181652897,2.8158396125235714,289,True
LEVEL,pooled,cpi,real_macro,a,21,0.0241564184712443,0.00861702422519098,0.06323835075098297,0.3819900137238923,0.7024687718923135,-0.07986141212393938,0.128174249066428,-0.1539126346040333,0.2022254715465219,2.8158396125235714,288,True
LEVEL,pooled,cpi,real_macro,a,22,0.07342243400198366,0.026191088435594135,0.06849071368071195,1.0720056786714511,0.28371748153387666,-0.03923476480823021,0.18607963281219753,-0.11943643067017516,0.26628129867414246,2.8158396125235714,287,True
LEVEL,pooled,cpi,real_macro,a,23,0.031117453914922974,0.011100149408752284,0.08329210934796454,0.3735942595105308,0.708706205441306,-0.10588587424251512,0.16812078207236109,-0.2034197669977204,0.2656546748275664,2.8158396125235714,286,True
LEVEL,pooled,cpi,real_macro,a,24,-0.04821945050863868,-0.017200735848029634,0.08935502569921194,-0.5396389305617305,0.5894460631870628,-0.19519538861632946,0.09875648759905209,-0.2998288714505414,0.203389970433264,2.8158396125235714,285,True
LEVEL,pooled,infl_exp,real_macro,a,0,-0.16187275584519686,-0.05774289181887305,0.21938622045703784,-0.737843769348751,0.46060939222796937,-0.5227309762671308,0.19898546457673708,-0.7816180507318747,0.45787253904148095,2.824905290749753,309,True
LEVEL,pooled,infl_exp,real_macro,a,1,-0.07857301344251638,-0.028028391753785697,0.12559746314790254,-0.6255939528809547,0.5315813061613845,-0.2851624562372478,0.128016429352215,-0.4333739515937734,0.27622792470874064,2.824905290749753,308,True
LEVEL,pooled,infl_exp,real_macro,a,2,0.0992873084832714,0.03541754931397699,0.18624581875052515,0.5330981879183339,0.5939656133843342,-0.2070598019930764,0.40563441895961916,-0.4268394902851067,0.6254141072516495,2.824905290749753,307,True
LEVEL,pooled,infl_exp,real_macro,a,3,0.030577416241469035,0.01090750836305224,0.09852320553834679,0.31035750485775476,0.7562891058884095,-0.13147883572716604,0.1926336682101041,-0.24774130834543218,0.30889614082837025,2.824905290749753,306,True
LEVEL,pooled,infl_exp,real_macro,a,4,-0.003802124211668166,-0.001356285348265956,0.07908310106200163,-0.04807758118497753,0.9616544131626573,-0.13388224982407138,0.12627800140073503,-0.22720439481061397,0.21960014638727762,2.824905290749753,305,True
LEVEL,pooled,infl_exp,real_macro,a,5,0.050827639571456626,0.018131123287911683,0.10654485839759832,0.477053893879898,0.6333237450259624,-0.12442305719686399,0.22607833633977725,-0.2501514946181021,0.3518067737610154,2.824905290749753,304,True
LEVEL,pooled,infl_exp,real_macro,a,6,0.05836598615688532,0.020820185626430558,0.06798230403268,0.8585467495898346,0.39059062768738484,-0.053454953199786076,0.1701869255135567,-0.1336775841823907,0.25040955649616137,2.824905290749753,303,True
LEVEL,pooled,infl_exp,real_macro,a,7,-0.03318194644622839,-0.011836590623171613,0.08553978724890042,-0.38791242664278347,0.6980808416934292,-0.17388237575123955,0.10751848285878275,-0.27482374401525544,0.20845985112279863,2.824905290749753,302,True
LEVEL,pooled,infl_exp,real_macro,a,8,-0.06917245762521845,-0.02467504625249195,0.07947285480268207,-0.8703910007632443,0.3840867629900875,-0.19989367109159778,0.061548755841160874,-0.29367574562830195,0.15533083037786505,2.824905290749753,301,True
LEVEL,pooled,infl_exp,real_macro,a,9,0.01826105536312997,0.006514043322645718,0.09225458694628827,0.19794197738657457,0.8430904606936419,-0.13348423657838224,0.17000634730464217,-0.24234941539737284,0.27887152612363275,2.824905290749753,300,True
LEVEL,pooled,infl_exp,real_macro,a,10,0.041345462101072226,0.014748661890866108,0.11618688737202586,0.35585308322001674,0.721950592985052,-0.1497649609970067,0.23245588519915117,-0.2868714907519093,0.36956241495405373,2.824905290749753,299,True
LEVEL,pooled,infl_exp,real_macro,a,11,0.018082661231952197,0.006450406962321001,0.09700442371609341,0.18641068663915183,0.8521227125841584,-0.14147541694780144,0.17764073941170586,-0.2559456485497709,0.2921109710136753,2.824905290749753,298,True
LEVEL,pooled,infl_exp,real_macro,a,12,0.02037229157649829,0.007267158840053718,0.10881883220233694,0.18721292228736844,0.8514936934433681,-0.1586187592521393,0.19936334240513587,-0.28703060324509294,0.3277751863980895,2.824905290749753,297,True
LEVEL,pooled,infl_exp,real_macro,a,13,-0.022946802447276954,-0.008185532669681058,0.10109142036884083,-0.2269906027984724,0.8204310493464758,-0.18922739189464075,0.14333378700008684,-0.3085204906966228,0.26262688580206883,2.824905290749753,296,True
LEVEL,pooled,infl_exp,real_macro,a,14,0.04813070739046901,0.017169079598987697,0.10474463059575587,0.45950524734982656,0.6458713847451382,-0.12415887814865217,0.2204202929295902,-0.2477629537571102,0.3440243685380482,2.824905290749753,295,True
LEVEL,pooled,infl_exp,real_macro,a,15,0.021761114469012306,0.007762576673766905,0.11091598973109958,0.19619456601134885,0.8444578811027559,-0.1606794535270991,0.20420168246512369,-0.29156605175111616,0.33508828068914076,2.824905290749753,294,True
LEVEL,pooled,infl_exp,real_macro,a,16,-0.10585799026139445,-0.03776142840041967,0.10101251021478308,-1.0479691083441884,0.2946528398209878,-0.27200878405565304,0.06029280353286415,-0.39120876479904865,0.17949278427625973,2.824905290749753,293,True
LEVEL,pooled,infl_exp,real_macro,a,17,0.19689248973024487,0.07023505391676106,0.09964757030749793,1.9758885151204715,0.048167405243033645,0.03298682229305505,0.3607981571674347,-0.08460245884176404,0.4783874383022538,2.824905290749753,292,True
LEVEL,pooled,infl_exp,real_macro,a,18,-0.17880759168646718,-0.06378384904386775,0.1005313087773743,-1.77862592122853,0.07530111147746671,-0.3441668795511097,-0.013448303821824686,-0.46279901773766896,0.10518383436473458,2.824905290749753,291,True
LEVEL,pooled,infl_exp,real_macro,a,19,-0.10812780012432635,-0.0385711099597429,0.1170944080439106,-0.9234241150420971,0.35578622944156324,-0.30073096189108833,0.08447536164243563,-0.4389084129247798,0.2226528126761271,2.824905290749753,290,True
LEVEL,pooled,infl_exp,real_macro,a,20,0.04577279103558781,0.016327968886521275,0.10225698968059424,0.44762505896723376,0.6544238149173384,-0.12242498932167689,0.21397057139285253,-0.24309352012926574,0.33463910220044135,2.824905290749753,289,True
LEVEL,pooled,infl_exp,real_macro,a,21,-0.05946810940355281,-0.021213332595919645,0.09475831027993836,-0.6275767183677085,0.5302812642062251,-0.21533165975130242,0.09639544094419679,-0.3271513614558574,0.2082151426487518,2.824905290749753,288,True
LEVEL,pooled,infl_exp,real_macro,a,22,0.1382576638304197,0.04931896837121111,0.10220486836138,1.3527502754718377,0.17613542303787355,-0.029854384585893956,0.30636971224673337,-0.1504614095440247,0.4269767372048641,2.824905290749753,287,True
LEVEL,pooled,infl_exp,real_macro,a,23,0.03604993444611427,0.012859652965877445,0.0774110986620508,0.46569464933569027,0.6414340828566597,-0.09127999195445827,0.1633798608466868,-0.18262908772706415,0.2547289566192927,2.824905290749753,286,True
LEVEL,pooled,infl_exp,real_macro,a,24,-0.027009167800949026,-0.00963465066313854,0.07128700584829901,-0.3788792568792324,0.7047775284701971,-0.14426585792503446,0.09024752232313642,-0.22838820778351748,0.17436987218161942,2.824905290749753,285,True
LEVEL,pooled,freight,physical_channel,a,0,-0.005622579114233043,-0.0020056739989445676,0.006850824475540141,-0.820715686748016,0.41180823341224637,-0.016891182600433163,0.0056460243719670756,-0.025041522283913417,0.013796364055447333,2.8345410452439483,309,True
LEVEL,pooled,freight,physical_channel,a,1,0.006207274910825296,0.0022142453916615965,0.011090682652469154,0.5596837548537511,0.5756951649468552,-0.012035274675456367,0.024449824497106958,-0.025229720287373546,0.03764427010902414,2.8345410452439483,308,True
LEVEL,pooled,freight,physical_channel,a,2,0.009909102546013609,0.00353475316676374,0.008312343582321795,1.1920949185844179,0.2332240292393999,-0.0037634859438351893,0.023581691035862405,-0.013652576520247636,0.033470781612274854,2.8345410452439483,307,True
LEVEL,pooled,freight,physical_channel,a,3,0.007230522422228471,0.0025792559831374676,0.006419886534346165,1.126269503914973,0.2600514619250709,-0.0033292512284077355,0.017790296072864677,-0.010966909465184659,0.0254279543096416,2.8345410452439483,306,True
LEVEL,pooled,freight,physical_channel,a,4,0.0021631986225035724,0.0007716514331875157,0.006035729404880911,0.3583988740042354,0.7200448341804286,-0.007764692780412445,0.01209109002541959,-0.0149453241136172,0.019271721358624344,2.8345410452439483,305,True
LEVEL,pooled,freight,physical_channel,a,5,-0.0032389323620887703,-0.0011553847960159274,0.004940935136902402,-0.6555302331127827,0.5121264276608477,-0.011366047442554655,0.004888182718377114,-0.017244215809526654,0.010766351085349115,2.8345410452439483,304,True
LEVEL,pooled,freight,physical_channel,a,6,0.002800942142186459,0.000999145892480302,0.005307733039353278,0.5277096872467687,0.5977008485790196,-0.005929501798483941,0.01153138608285686,-0.01224404501505782,0.017845929299430737,2.8345410452439483,303,True
LEVEL,pooled,freight,physical_channel,a,7,0.008058134496040608,0.0028744799335583093,0.007171101089879345,1.1236955657218586,0.26114219821738716,-0.003737277140883089,0.019853546132964306,-0.012268645882816008,0.02838491487489722,2.8345410452439483,302,True
LEVEL,pooled,freight,physical_channel,a,8,0.012803326328878343,0.0045671742800077126,0.006550713189551448,1.9544934968760304,0.05064288319360289,0.002028361979925798,0.02357829067783089,-0.005764939082526137,0.031371591740282825,2.8345410452439483,301,True
LEVEL,pooled,freight,physical_channel,a,9,-0.013194261905706007,-0.0047066279552296034,0.007098118007279453,-1.8588394687401186,0.06304989614045119,-0.024869627054509173,-0.001518896756902843,-0.0333141687413248,0.0069256449299127856,2.8345410452439483,300,True
LEVEL,pooled,freight,physical_channel,a,10,0.00014412394128447388,5.1411573903502696e-05,0.0064248281132795945,0.02243234196204899,0.9821030816830271,-0.010423777883383252,0.0107120257659522,-0.018067315054443773,0.01835556293701272,2.8345410452439483,299,True
LEVEL,pooled,freight,physical_channel,a,11,0.00949339737655495,0.003386463737185156,0.008632715274671016,1.0997000450610521,0.27146283512698655,-0.004706155653427045,0.023692950406536944,-0.014976388401404432,0.03396318315451433,2.8345410452439483,298,True
LEVEL,pooled,freight,physical_channel,a,12,-0.002663547986071428,-0.0009501349526734661,0.0066522228976768905,-0.4003996900046149,0.6888621525305514,-0.013605480946604893,0.008278384974462037,-0.02151954683164821,0.016192450859505353,2.8345410452439483,297,True
LEVEL,pooled,freight,physical_channel,a,13,-0.002908321689193128,-0.0010374500872411257,0.006738763387371134,-0.43158091804254556,0.6660460296777797,-0.013992601088078326,0.00817595770969207,-0.022009623104883753,0.016192979726497497,2.8345410452439483,296,True
LEVEL,pooled,freight,physical_channel,a,14,0.006903279132684845,0.0024625224799120055,0.007158448298699529,0.9643541232167535,0.3348684144660762,-0.004871320514775671,0.01867787878014536,-0.013387636390235682,0.02719419465560537,2.8345410452439483,295,True
LEVEL,pooled,freight,physical_channel,a,15,0.0021132724037503793,0.0007538418627422705,0.006681181349668322,0.3163022066232778,0.7517731364291587,-0.008876292971572091,0.01310283777907285,-0.01682481036260284,0.0210513551701036,2.8345410452439483,294,True
LEVEL,pooled,freight,physical_channel,a,16,-0.01064860358569596,-0.0037985463437648047,0.007300976058149955,-1.458517806507406,0.1446978706605824,-0.022657640535229777,0.0013604333638378568,-0.03134351989286538,0.010046312721473456,2.8345410452439483,293,True
LEVEL,pooled,freight,physical_channel,a,17,-0.005300583911317539,-0.0018908125815858187,0.006316691768720845,-0.8391392370235802,0.40139118012609865,-0.015690617277432532,0.005089449454797453,-0.023205505999911367,0.012604338177276287,2.8345410452439483,292,True
LEVEL,pooled,freight,physical_channel,a,18,-0.006832550953657928,-0.0024372924801583547,0.0071040241260991125,-0.9617860007761189,0.3361571115807188,-0.018517630803422815,0.0048525288961069595,-0.026969198925489136,0.013304097018173278,2.8345410452439483,291,True
LEVEL,pooled,freight,physical_channel,a,19,0.014674429432542543,0.0052346300450789125,0.012759762773345599,1.1500550357563522,0.2501212042750107,-0.006313512644235339,0.035662371509320424,-0.02149364187608131,0.05084250074116639,2.8345410452439483,290,True
LEVEL,pooled,freight,physical_channel,a,20,-0.0008445843652528789,-0.0003012782687245244,0.006164277043677007,-0.1370127201079013,0.8910207407419962,-0.010983917818078701,0.009294749087572943,-0.018317480659810377,0.01662831192930462,2.8345410452439483,289,True
LEVEL,pooled,freight,physical_channel,a,21,-0.0023725866996513983,-0.0008463438854397735,0.008304225135003061,-0.28570837869637355,0.7751014868191051,-0.01603182153198276,0.011286648132679964,-0.025911253693764045,0.021166080294461247,2.8345410452439483,288,True
LEVEL,pooled,freight,physical_channel,a,22,0.00028588563738704965,0.00010198049292492972,0.0052719219232798585,0.05422797255866596,0.9567535345887418,-0.008385654259124808,0.008957425533898906,-0.014657593441471127,0.015229364716245225,2.8345410452439483,287,True
LEVEL,pooled,freight,physical_channel,a,23,-0.0006373034644231873,-0.00022733748375281673,0.005634346449822915,-0.11311045035990241,0.9099429899764069,-0.00990497865791556,0.008630371729069185,-0.016608089739570762,0.015333482810724388,2.8345410452439483,286,True
LEVEL,pooled,freight,physical_channel,a,24,-0.0067144670205055755,-0.002395169840422215,0.006784171163194519,-0.989725474046542,0.32230832024399825,-0.017873435564145668,0.0044445015231345175,-0.02594447864054082,0.012515544599529669,2.8345410452439483,285,True
LEVEL,pooled,oil,asset_price,b,0,0.030651748125051274,0.01093402386833274,0.055529083207986406,0.5519944928722111,0.580952126387036,-0.06068546579089525,0.1219889620409978,-0.12567356641454444,0.186977062664647,2.8151971094871673,309,True
LEVEL,pooled,oil,asset_price,b,1,-0.05197240763561109,-0.018539482422474062,0.05148782576144602,-1.0094115816117433,0.3127772863551662,-0.136662344583171,0.03271752931194884,-0.19692078589301282,0.09297597062179064,2.8151971094871673,308,True
LEVEL,pooled,oil,asset_price,b,2,-0.0017948866759828173,-0.0006402680093834194,0.03454777427063186,-0.05195375719206903,0.9585655400319668,-0.05862091848813239,0.05503114513616675,-0.09905368094188076,0.09546390758991512,2.8151971094871673,307,True
LEVEL,pooled,oil,asset_price,b,3,0.0025420676212469418,0.0009068007453354146,0.04820086293053293,0.05273904794838567,0.957939826538468,-0.07674129659223092,0.0818254318347248,-0.1331528623755765,0.1382369976180704,2.8151971094871673,306,True
LEVEL,pooled,oil,asset_price,b,4,0.02960103606846386,0.010559216184979686,0.03101070503054616,0.954542505218964,0.33980910442027823,-0.021407034575352254,0.08060910671227997,-0.05770021109668885,0.11690228323361657,2.8151971094871673,305,True
LEVEL,pooled,oil,asset_price,b,5,-0.03194510609574777,-0.01139538766605807,0.04078992427864511,-0.7831616915374393,0.4335321676651924,-0.0990385609885531,0.035148348797057555,-0.1467767830211899,0.08288657082969438,2.8151971094871673,304,True
LEVEL,pooled,oil,asset_price,b,6,0.018125728156022092,0.006465769700321939,0.033236479938447014,0.5453564333404262,0.5855083980155404,-0.03654341641783232,0.0727948727298765,-0.07544151409622217,0.11169297040826635,2.8151971094871673,303,True
LEVEL,pooled,oil,asset_price,b,7,-0.00793092274691275,-0.002829101239474641,0.03443977929754582,-0.230283785456137,0.8178712593918407,-0.06457931863588921,0.04871747314206372,-0.10488568987673971,0.08902384438291422,2.8151971094871673,302,True
LEVEL,pooled,oil,asset_price,b,8,0.02596532041708605,0.009262291730672747,0.03292731423686978,0.7885647833375927,0.4303664207702722,-0.028195291831200054,0.08012593266537216,-0.06673155944572541,0.1186622002798975,2.8151971094871673,301,True
LEVEL,pooled,oil,asset_price,b,9,-0.00041029726583593357,-0.00014636033414665991,0.03542836577490395,-0.011581038438035205,0.9907598747809829,-0.0586847732076501,0.057864178675978234,-0.10014813018919963,0.09932753565752775,2.8151971094871673,300,True
LEVEL,pooled,oil,asset_price,b,10,0.05984576482021919,0.02134804900175036,0.03139316006226329,1.9063313378304296,0.056607230876781676,0.008208611630337315,0.11148291801010106,-0.028532168644732396,0.14822369828517076,2.8151971094871673,299,True
LEVEL,pooled,oil,asset_price,b,11,-0.0144133272289091,-0.005141490243885353,0.03449521510473127,-0.417835551543849,0.6760673558369584,-0.07115290690639753,0.042326252448579335,-0.11152415708288664,0.08269750262506843,2.8151971094871673,298,True
LEVEL,pooled,oil,asset_price,b,12,-0.011537896441702469,-0.0041157729265307655,0.0331354273637895,-0.34820424420754925,0.7276868005841648,-0.06604082432161869,0.042965031438213744,-0.10482065577786466,0.08174486289445972,2.8151971094871673,297,True
LEVEL,pooled,oil,asset_price,b,13,0.009150971564516597,0.0032643143580800677,0.027484216666763716,0.3329536975882868,0.7391692348129404,-0.0360565419037298,0.054358485032763,-0.06822251575227564,0.08652445888130883,2.8151971094871673,296,True
LEVEL,pooled,oil,asset_price,b,14,0.019655414470762037,0.007011436022783948,0.03647635513365509,0.5388535778517759,0.5899878910184486,-0.040342850568800485,0.07965367951032457,-0.08303271506613116,0.12234354400765524,2.8151971094871673,295,True
LEVEL,pooled,oil,asset_price,b,15,0.012360035017240114,0.004409044382740431,0.03558701511709641,0.34731867723579357,0.7283519207253555,-0.04617539587049278,0.07089546590497302,-0.08782442707568582,0.11254449711016605,2.8151971094871673,294,True
LEVEL,pooled,oil,asset_price,b,16,-0.0044993499261831065,-0.0016049981646775958,0.029033024618141865,-0.1549735167231456,0.8768421956332599,-0.05225442577070514,0.04325572591833892,-0.08623303691084586,0.07723433705847965,2.8151971094871673,293,True
LEVEL,pooled,oil,asset_price,b,17,-0.023851171761254723,-0.008508137293224177,0.057875640286965756,-0.41211071951848927,0.6802582720381308,-0.11904812859940908,0.07134578507689965,-0.18678250700683977,0.1390801634843303,2.8151971094871673,292,True
LEVEL,pooled,oil,asset_price,b,18,-0.03471097351938314,-0.012382021782431897,0.030442062115130657,-1.1402306909468758,0.25419020432048556,-0.08478370980133781,0.015361762762571528,-0.12041137879272777,0.05098943175396149,2.8151971094871673,291,True
LEVEL,pooled,oil,asset_price,b,19,0.008208785900026966,0.0029282199695348683,0.034526372939264395,0.23775407612224728,0.8120718392964015,-0.048582043854601235,0.06499961565465517,-0.08898975939966611,0.10540733119972004,2.8151971094871673,290,True
LEVEL,pooled,oil,asset_price,b,20,0.05153902483805565,0.01838488706845824,0.032450889559066935,1.58821608708891,0.11223748461854387,-0.0018379385509772611,0.10491598822708856,-0.03981662564891688,0.14289467532502817,2.8151971094871673,289,True
LEVEL,pooled,oil,asset_price,b,21,0.005712713431866096,0.0020378265135853305,0.02305168708053243,0.2478219234847495,0.8042721914639338,-0.03220393766989807,0.043629364533630255,-0.059182329406051476,0.07060775626978366,2.8151971094871673,288,True
LEVEL,pooled,oil,asset_price,b,22,-0.020794071286164128,-0.007417615166193746,0.03149246057087799,-0.6602872849317154,0.5090694881501352,-0.07259455927779902,0.031006416705470764,-0.10945155525593844,0.06786341268361018,2.8151971094871673,287,True
LEVEL,pooled,oil,asset_price,b,23,-0.028488395955902326,-0.010162317662325136,0.046730733003557484,-0.6096286988208292,0.5421077962193779,-0.10535361162690472,0.048376819715100064,-0.16004462043173392,0.10306782851992927,2.8151971094871673,286,True
LEVEL,pooled,oil,asset_price,b,24,0.07016564492169136,0.02502933383051378,0.05100839503776392,1.375570528532498,0.16895463623173612,-0.013735698661148099,0.15406698850453082,-0.0734330413482012,0.21376433119158392,2.8151971094871673,285,True
LEVEL,pooled,dxy,asset_price,b,0,-0.004185517576175104,-0.0014930485821727738,0.004977776082087286,-0.8408408709336778,0.400437087118927,-0.012373230618948666,0.004002195466598458,-0.018318136002319782,0.009947100849969576,2.8391430616980617,309,True
LEVEL,pooled,dxy,asset_price,b,1,0.0007852117793181007,0.0002800990110493338,0.004146834491346829,0.18935209036111683,0.849816871477021,-0.006035723974141195,0.007606147532777396,-0.010988244594799459,0.01255866815343566,2.8391430616980617,308,True
LEVEL,pooled,dxy,asset_price,b,2,0.0006955052123507062,0.00024809908268094027,0.003997798150399997,0.17397206816985442,0.8618874138295172,-0.0058802875751546154,0.007271297999856028,-0.01065481566842679,0.0120458260931282,2.8391430616980617,307,True
LEVEL,pooled,dxy,asset_price,b,3,0.001246643871755892,0.0004447000475626824,0.004573615786006813,0.27257293355730844,0.785181520233259,-0.006276284642139923,0.008769572385651707,-0.011738505653958078,0.014231793397469862,2.8391430616980617,306,True
LEVEL,pooled,dxy,asset_price,b,4,0.000631481122415145,0.0002252605507757543,0.004128230431701869,0.15296653926239676,0.8784246625010225,-0.006158853676061116,0.0074218159208914065,-0.01108915566484201,0.0123521179096723,2.8391430616980617,305,True
LEVEL,pooled,dxy,asset_price,b,5,0.0007202139047115049,0.0002569131128278036,0.0047940985476387305,0.15022926574303247,0.8805837371774804,-0.007165376479334847,0.008605804288757856,-0.012890917723913752,0.01433134553333676,2.8391430616980617,304,True
LEVEL,pooled,dxy,asset_price,b,6,-0.0047708042262018385,-0.0017018307428215025,0.00437743088355074,-1.0898639757235904,0.2757730674084209,-0.01197103729173966,0.0024294288393359844,-0.01719895674729774,0.007657348294894062,2.8391430616980617,303,True
LEVEL,pooled,dxy,asset_price,b,7,-0.009153004758687983,-0.003265039634612688,0.004070634268895911,-2.2485451047830387,0.02454145234170293,-0.01584860229987438,-0.0024574072175015896,-0.02071011779993417,0.0024041082825582046,2.8391430616980617,302,True
LEVEL,pooled,dxy,asset_price,b,8,-0.01181457979614429,-0.004214470801415256,0.004752118241229034,-2.4861712601428665,0.012912580840704313,-0.019631118720932116,-0.003998040871356462,-0.025306523329098496,0.001677363736809918,2.8391430616980617,301,True
LEVEL,pooled,dxy,asset_price,b,9,0.0003028308347518098,0.00010802514628969068,0.0045621316537171434,0.06637924061333667,0.947075897336155,-0.007201207962494951,0.007806869631998571,-0.012649713596452323,0.013255375265955943,2.8391430616980617,300,True
LEVEL,pooled,dxy,asset_price,b,10,-0.006150691284659285,-0.002194061005553114,0.004245476496883354,-1.4487634754719683,0.1474036470699766,-0.0131338786986951,0.0008324961293765297,-0.018204206424387852,0.005902823855069282,2.8391430616980617,299,True
LEVEL,pooled,dxy,asset_price,b,11,0.0006778625542901887,0.00024180563267777808,0.004459854524920292,0.15199207743268345,0.8791931843460036,-0.006657945336700889,0.008013670445281266,-0.011984302476319965,0.01334002758490034,2.8391430616980617,298,True
LEVEL,pooled,dxy,asset_price,b,12,0.004493209269968566,0.001602807683360084,0.005061094496020535,0.8877939887313923,0.3746515770429084,-0.0038315503681549436,0.012817968908092076,-0.009875962053006384,0.01886238059294352,2.8391430616980617,297,True
LEVEL,pooled,dxy,asset_price,b,13,-0.0016748013859616516,-0.0005974314500468909,0.004897732292960948,-0.3419544568347859,0.7323851665310916,-0.009730854111875818,0.006381251339952515,-0.015580164043576266,0.012230561271652963,2.8391430616980617,296,True
LEVEL,pooled,dxy,asset_price,b,14,-0.00888738442046071,-0.003170288134429311,0.004547602811371729,-1.9543009337220325,0.05066563850501403,-0.016367525398680208,-0.0014072434422412097,-0.02179867938972535,0.004023910548803933,2.8391430616980617,295,True
LEVEL,pooled,dxy,asset_price,b,15,0.0021979052012196963,0.000784031887265439,0.004564050501959159,0.48156899234051553,0.6301121578656568,-0.005309289820517514,0.009705100222956908,-0.010760087114657205,0.0151558975170966,2.8391430616980617,294,True
LEVEL,pooled,dxy,asset_price,b,16,0.00404885479884329,0.0014442985381895583,0.004861948126885333,0.8327638825379803,0.4049779079859481,-0.003948338211713966,0.012046047809400547,-0.009754911491939088,0.01785262108962567,2.8391430616980617,293,True
LEVEL,pooled,dxy,asset_price,b,17,-0.00305826391872289,-0.0010909371480723976,0.0048921543313201815,-0.6251364351168367,0.5318815165552532,-0.011105141714201244,0.0049886138767554645,-0.016947789945246705,0.010831262107800924,2.8391430616980617,292,True
LEVEL,pooled,dxy,asset_price,b,18,-0.012605830136947781,-0.004496723874775891,0.0046415940306722405,-2.715840733516732,0.006610771151361149,-0.02024057291313532,-0.004971087360760244,-0.025783979624350015,0.0005723193504544501,2.8391430616980617,291,True
LEVEL,pooled,dxy,asset_price,b,19,-0.008517555117046794,-0.003038363442426777,0.004955146245542021,-1.7189311263435971,0.08562691365085083,-0.016668045391101557,-0.0003670648429920306,-0.022585924199776626,0.005550813965683037,2.8391430616980617,290,True
LEVEL,pooled,dxy,asset_price,b,20,-0.001740384288643903,-0.0006208260381909914,0.0041632803839102735,-0.4180319671406046,0.6759237449973631,-0.008588371128134634,0.0051076025508468275,-0.013560532904526398,0.010079764327238592,2.8391430616980617,289,True
LEVEL,pooled,dxy,asset_price,b,21,-0.0005937289285258131,-0.0002117936715823122,0.005150403968698366,-0.11527812811076701,0.908224674013436,-0.009065389576704577,0.00787793171965295,-0.01521646262119794,0.014029004764146313,2.8391430616980617,288,True
LEVEL,pooled,dxy,asset_price,b,22,0.0014573835574866625,0.0005198746426423661,0.004023401655434115,0.362226713188896,0.7171826188274806,-0.0051605232481367,0.008075290363110025,-0.009965629336963601,0.012880396451936926,2.8391430616980617,287,True
LEVEL,pooled,dxy,asset_price,b,23,-0.00696240104136829,-0.002483612316551954,0.004766051895933855,-1.4608319828217238,0.1440615563756066,-0.01480185878863403,0.0008770567058974518,-0.020493904213401786,0.006569102130665207,2.8391430616980617,286,True
LEVEL,pooled,dxy,asset_price,b,24,-0.003686324506299323,-0.0013149775332179127,0.004313848289245992,-0.8545327186143692,0.3928098887320317,-0.010781973510983997,0.0034093244983853504,-0.015933956945930135,0.008561307933331489,2.8391430616980617,285,True
LEVEL,pooled,vix,asset_price,b,0,-0.3874505699208726,-0.13821051125797276,1.624732843405966,-0.23847032544048952,0.8115163283950421,-3.059898280224354,2.284997140382609,-4.832615656733485,4.05771451689174,2.735936006250792,309,True
LEVEL,pooled,vix,asset_price,b,1,-0.881645496968904,-0.3144986337463567,1.8680624416586318,-0.47195718799747444,0.6369573471617157,-3.9543347795029273,2.1910437855651193,-5.992544793027524,4.229253799089716,2.735936006250792,308,True
LEVEL,pooled,vix,asset_price,b,2,-2.3802808652552,-0.8490885311942555,1.5949414595740812,-1.4923938750020571,0.13559591978676944,-5.003726109810902,0.24316437930050228,-6.74393863236612,1.9833769018557206,2.735936006250792,307,True
LEVEL,pooled,vix,asset_price,b,3,-2.590869064980306,-0.9242090885206962,1.6876718814496203,-1.5351734501583847,0.12474122807847839,-5.366842280286729,0.18510415032611682,-7.20823133217534,2.026493202214728,2.735936006250792,306,True
LEVEL,pooled,vix,asset_price,b,4,-1.6493196836775645,-0.588341673508102,1.5340583491240132,-1.075134909059599,0.28231433222922486,-4.172621123189385,0.8739817558342562,-5.8464051567356,2.5477657893804713,2.735936006250792,305,True
LEVEL,pooled,vix,asset_price,b,5,-0.9386863489555903,-0.3348461204393826,1.601076365888758,-0.586284557660387,0.5576843065890911,-3.5722226164139963,1.6948499185028156,-5.319128827147811,3.44175612923663,2.735936006250792,304,True
LEVEL,pooled,vix,asset_price,b,6,-0.37463814576840704,-0.13364009162243598,1.4218822467927066,-0.2634804299817837,0.7921803054262515,-2.713426316503299,1.9641500249664845,-4.264816981417348,3.5155406898805337,2.735936006250792,303,True
LEVEL,pooled,vix,asset_price,b,7,-2.2172994916778093,-0.7909501757073655,1.4602860145903114,-1.5184008266352402,0.12891338342347142,-4.619256239163193,0.18465725580757475,-6.212548578419911,1.777949595064293,2.735936006250792,302,True
LEVEL,pooled,vix,asset_price,b,8,-0.15762282926759888,-0.05622686740001977,1.6889272746936597,-0.09332718562212144,0.925643635327102,-2.9356609827047304,2.6204153241695325,-4.778419772041004,4.463174113505807,2.735936006250792,301,True
LEVEL,pooled,vix,asset_price,b,9,-0.8524063947419815,-0.3040685258016648,1.8600791776290018,-0.4582635002820275,0.6467631436009469,-3.911964376481957,2.207151586997994,-5.941463991294531,4.2366512018105675,2.735936006250792,300,True
LEVEL,pooled,vix,asset_price,b,10,-1.8242749260403752,-0.6507513210127241,2.1607170129733633,-0.8442914620873883,0.39850655592273465,-5.378338141645363,1.7297882895646126,-7.73585840115286,4.08730854907211,2.735936006250792,299,True
LEVEL,pooled,vix,asset_price,b,11,1.743827854706529,0.6220544194685395,2.309018236874137,0.7552248080410391,0.4501141059063477,-2.054169166912989,5.541824876326047,-4.573498278647143,8.061153988060202,2.735936006250792,298,True
LEVEL,pooled,vix,asset_price,b,12,0.08030775124365874,0.028647203589430646,1.7445058979099828,0.04603466880786817,0.9632826174771132,-2.789149102171811,2.9497646046591286,-4.692548747965131,4.853164250452449,2.735936006250792,297,True
LEVEL,pooled,vix,asset_price,b,13,-1.8015873503961783,-0.6426582591554948,1.9196642495654954,-0.9384908589113732,0.34799221244798406,-4.95915405382306,1.355979353030703,-7.053665890694823,3.4504911899024666,2.735936006250792,296,True
LEVEL,pooled,vix,asset_price,b,14,-2.173807554121287,-0.7754358278345147,2.0133695517996366,-1.0796863159961092,0.280281889521125,-5.485505763792579,1.137890655550005,-7.682257804778931,3.3346426965363576,2.735936006250792,295,True
LEVEL,pooled,vix,asset_price,b,15,-0.4339770764087709,-0.15480734385536207,1.9731729036434449,-0.21993869650623948,0.8259188986472958,-3.679557683569059,2.8116035307515173,-5.832451870045297,4.964497717227754,2.735936006250792,294,True
LEVEL,pooled,vix,asset_price,b,16,-0.490064781152318,-0.17481482596972572,1.9621881879777103,-0.24975422039279188,0.8027774247475186,-3.7175771389087924,2.737447576604156,-5.858486095680534,4.878356533375897,2.735936006250792,293,True
LEVEL,pooled,vix,asset_price,b,17,-2.320337796759415,-0.8277057722403429,2.3551967853331446,-0.9851991184809644,0.32452627355265307,-6.194291771299087,1.5536161777802557,-8.764005483558483,4.123329890039653,2.735936006250792,292,True
LEVEL,pooled,vix,asset_price,b,18,-4.09620022283891,-1.4611874932309625,1.662227695174036,-2.4642834641315705,0.013728748855048482,-6.830321476065109,-1.3620789696127105,-8.64394882465282,0.45154837897500144,2.735936006250792,291,True
LEVEL,pooled,vix,asset_price,b,19,-3.461681150502033,-1.2348432516712602,1.513635626625787,-2.2869976694581706,0.022195959125515117,-5.951390200840423,-0.9719721001636428,-7.602891361731505,0.6795290607274382,2.735936006250792,290,True
LEVEL,pooled,vix,asset_price,b,20,-4.026195306660441,-1.4362154942026124,1.5419089648087299,-2.611175755865639,0.009023150767256896,-6.5624098598550695,-1.4899807534658112,-8.24475956184153,0.19236894852064879,2.735936006250792,289,True
LEVEL,pooled,vix,asset_price,b,21,-4.7936468436152015,-1.7099791108360751,1.6408847177519694,-2.9213794191358864,0.003484851433266673,-7.492662023018771,-2.094631664211632,-9.283002425019482,-0.3042912622109206,2.735936006250792,288,True
LEVEL,pooled,vix,asset_price,b,22,-3.698131975682003,-1.3191894676083467,1.6460355163830354,-2.2466902681469487,0.02465982863777254,-6.405619464895578,-0.9906444864684278,-8.201579812521965,0.8053158611579594,2.735936006250792,287,True
LEVEL,pooled,vix,asset_price,b,23,-3.2667264821893673,-1.1652994531291008,1.9732106540538696,-1.655538639768658,0.0978152852005904,-6.512369183249161,-0.021083781129572987,-8.665304558533025,2.13185159415429,2.735936006250792,286,True
LEVEL,pooled,vix,asset_price,b,24,-5.144636336672272,-1.8351833073133224,1.9194446469422235,-2.680273351392523,0.00735620616416602,-8.301841825927776,-1.9874308474167672,-10.396114058246841,0.10684138490229689,2.735936006250792,285,True
LEVEL,pooled,us10y,asset_price,b,0,-0.0023165268885931263,-0.0008263463534991922,0.07645751282984613,-0.030298224502129524,0.9758292125661859,-0.12807794417445426,0.123444890397268,-0.21836776485710616,0.2137347110799199,2.8257685866571216,309,True
LEVEL,pooled,us10y,asset_price,b,1,0.04799200748321169,0.017119602874518344,0.0930557154672889,0.5157341195241459,0.6060401210361722,-0.10507102361172266,0.20105503857814605,-0.21496191009315652,0.3109459250595799,2.8257685866571216,308,True
LEVEL,pooled,us10y,asset_price,b,2,0.03409752117290356,0.012163192416774592,0.05878213136120594,0.5800660912306878,0.5618700493764843,-0.06259048079651391,0.13078552314232103,-0.13200717908434462,0.20020222143015176,2.8257685866571216,307,True
LEVEL,pooled,us10y,asset_price,b,3,-0.06458327155014788,-0.023038001935269736,0.07048762695057673,-0.9162355769961052,0.3595433492768918,-0.18052510039500635,0.05135855729471059,-0.26376499353509353,0.13459845043479773,2.8257685866571216,306,True
LEVEL,pooled,us10y,asset_price,b,4,-0.03149730805011947,-0.011235650136599155,0.06722445879643252,-0.4685394068474223,0.6393988971815319,-0.1420717029212813,0.07907708682104236,-0.2214580719721045,0.15846345587186556,2.8257685866571216,305,True
LEVEL,pooled,us10y,asset_price,b,5,0.06613488934344888,0.023591491606308017,0.08789049579498297,0.7524691804870219,0.45176895706320297,-0.07843211143949197,0.21070189012638973,-0.18222331273973383,0.3144930914266316,2.8257685866571216,304,True
LEVEL,pooled,us10y,asset_price,b,6,0.0173860089752618,0.006201898708517518,0.09099833077424972,0.1910585482979168,0.8484797230072436,-0.13229292544529261,0.1670649433958162,-0.23975421556484708,0.2745262335153707,2.8257685866571216,303,True
LEVEL,pooled,us10y,asset_price,b,7,0.001210970998463761,0.0004319748990185643,0.06403303205156699,0.018911661054696636,0.9849115770287505,-0.10411399401625607,0.10653593601318359,-0.17973155948126285,0.18215350147819037,2.8257685866571216,302,True
LEVEL,pooled,us10y,asset_price,b,8,-0.07142528151822325,-0.025478668614152065,0.06032655412553192,-1.1839774797943254,0.23642197756562766,-0.1706536328730887,0.027803069836642227,-0.24189416310742193,0.09904360007097543,2.8257685866571216,301,True
LEVEL,pooled,us10y,asset_price,b,9,-0.05190629556202429,-0.018515899069654056,0.06787880928373201,-0.7646907202667191,0.4444557332897877,-0.16355700120551814,0.059744410081469565,-0.243716102535684,0.13990351141163543,2.8257685866571216,300,True
LEVEL,pooled,us10y,asset_price,b,10,0.005137737773832401,0.0018327224672189627,0.08240184426276816,0.06234979107322964,0.9502842780337196,-0.13040123462927217,0.14067671017693695,-0.22771080522651022,0.237986280774175,2.8257685866571216,299,True
LEVEL,pooled,us10y,asset_price,b,11,-0.10859906648597513,-0.03873921905504109,0.06904006513090882,-1.5729861534756284,0.11572202442195915,-0.22215986802151638,0.00496173504956611,-0.30369031375365896,0.08649218078170871,2.8257685866571216,298,True
LEVEL,pooled,us10y,asset_price,b,12,-0.018436977112578985,-0.006576797740422704,0.06295874781202325,-0.292842182433909,0.7696427839811806,-0.12199490179950849,0.08512094757435053,-0.19634382893506208,0.1594698747099041,2.8257685866571216,297,True
LEVEL,pooled,us10y,asset_price,b,13,0.05559377181821801,0.019831287452549588,0.07699225825698565,0.7220696350100093,0.47025166592833034,-0.07104722342296926,0.18223476705940528,-0.16196853298016442,0.27315607661660046,2.8257685866571216,296,True
LEVEL,pooled,us10y,asset_price,b,14,-0.013425943253410766,-0.00478927281369955,0.07785208114035239,-0.17245451960630778,0.8630802137018831,-0.1414812212828397,0.11462933477601817,-0.23341790854569988,0.20656602203887836,2.8257685866571216,295,True
LEVEL,pooled,us10y,asset_price,b,15,-0.04578508271317075,-0.016332353546591082,0.068469284263632,-0.6686952142931901,0.5036899209536175,-0.1584070332689772,0.0668368678426357,-0.23926343533623884,0.14769326990989734,2.8257685866571216,294,True
LEVEL,pooled,us10y,asset_price,b,16,-0.03417080969076879,-0.012189335734941763,0.06268774236302756,-0.545095554612321,0.5856877999278742,-0.1372829700819941,0.06894135070045654,-0.21131186282866696,0.14297024344712936,2.8257685866571216,293,True
LEVEL,pooled,us10y,asset_price,b,17,0.06216938899436305,0.022176927083270268,0.05465479003821227,1.1374920469165997,0.25533264743226614,-0.02772974063026159,0.15206851861898768,-0.09227239980595775,0.21661117779468386,2.8257685866571216,292,True
LEVEL,pooled,us10y,asset_price,b,18,0.08104649797279719,0.028910727690441083,0.061077432858285714,1.326946699951265,0.18452631468873348,-0.019416938989039095,0.18150993493463347,-0.09154419315180608,0.25363718909740046,2.8257685866571216,291,True
LEVEL,pooled,us10y,asset_price,b,19,-0.005465488763724989,-0.0019496370761911792,0.08423999606487712,-0.06487997411010991,0.9482695653394091,-0.14402795182541586,0.13309697429796588,-0.2435082233839743,0.2325772458565243,2.8257685866571216,290,True
LEVEL,pooled,us10y,asset_price,b,20,0.0581237563262703,0.020733777936442977,0.06491286927866786,0.8954119109532468,0.3705669358070941,-0.04864841214257333,0.16489592479511395,-0.1253049905511695,0.24155250320371008,2.8257685866571216,289,True
LEVEL,pooled,us10y,asset_price,b,21,0.11506994759714984,0.04104749746807236,0.1005622010683097,1.1442663980573113,0.2525131740785477,-0.05034015356428259,0.28048004875858223,-0.16909556118677693,0.3992354563810766,2.8257685866571216,288,True
LEVEL,pooled,us10y,asset_price,b,22,-0.11996361174215214,-0.042793154529678204,0.06401660990280934,-1.8739450890055267,0.06093799392288297,-0.22526156472592562,-0.014665658758378664,-0.30085973702979396,0.0609325135454897,2.8257685866571216,287,True
LEVEL,pooled,us10y,asset_price,b,23,-0.10542458565504309,-0.037606825266818356,0.0839187003268177,-1.256270476597846,0.2090179221630848,-0.24345856425666287,0.03260939294657669,-0.34255941287165725,0.13171024156157107,2.8257685866571216,286,True
LEVEL,pooled,us10y,asset_price,b,24,0.11400427473528493,0.040667352999315544,0.0632518509148446,1.8023863821592805,0.07148463621880304,0.009964238346608992,0.2180443111239609,-0.06473081862780247,0.2927393680983723,2.8257685866571216,285,True
LEVEL,pooled,ip,real_macro,b,0,0.27766040723436725,0.09904640699792,0.24237855703116132,1.1455650641515698,0.2519751595369112,-0.12101684139360269,0.6763376558623372,-0.4046796258239824,0.9600004402927169,2.815183163957135,309,True
LEVEL,pooled,ip,real_macro,b,1,0.10213166624989956,0.03643218233208443,0.5653579500951565,0.18064956233959312,0.8566426507076473,-0.8277994084899681,1.0320627409897671,-1.4894545164673034,1.6937178489671023,2.815183163957135,308,True
LEVEL,pooled,ip,real_macro,b,2,-0.5494025877322841,-0.19598167723031026,0.5566050286821113,-0.9870600505229344,0.3236132007625585,-1.464936387939483,0.36613121247491476,-2.1163476934520418,1.0175425179874737,2.815183163957135,307,True
LEVEL,pooled,ip,real_macro,b,3,0.31693097246526525,0.11305491626159314,0.32518279510730824,0.9746240491003838,0.3297467798640509,-0.2179471274892082,0.8518090724197387,-0.5985181575293516,1.232380102459882,2.815183163957135,306,True
LEVEL,pooled,ip,real_macro,b,4,0.3878883489491761,0.13836667482570786,0.5004511239872719,0.7750773858968122,0.43829393341995393,-0.43528049745322894,1.2110571953515812,-1.0209732296832166,1.7967499275815686,2.815183163957135,305,True
LEVEL,pooled,ip,real_macro,b,5,0.2075245375039108,0.0740276945078374,0.26024848293318364,0.7974092112467406,0.42521341136478574,-0.2205461235573546,0.6355951985651762,-0.5251226100949735,0.9401716851027953,2.815183163957135,304,True
LEVEL,pooled,ip,real_macro,b,6,0.2629749761545853,0.0938078524695452,0.24725910211888927,1.063560345811413,0.2875279142169075,-0.1437300547624341,0.6696800070716047,-0.4331046852656698,0.9590546375748404,2.815183163957135,303,True
LEVEL,pooled,ip,real_macro,b,7,0.18727484920242252,0.06680427043716212,0.20803829940726043,0.900194097606081,0.368016966695622,-0.1549177021224261,0.5294674005272711,-0.3983910687471707,0.7729407671520158,2.815183163957135,302,True
LEVEL,pooled,ip,real_macro,b,8,0.02149145718499721,0.007666385123201437,0.23296729250581472,0.09225096344569828,0.9264986476626766,-0.3617056388542566,0.40468855322425107,-0.6343541424300496,0.6773370568000441,2.815183163957135,301,True
LEVEL,pooled,ip,real_macro,b,9,0.21960494468199193,0.07833699066561066,0.2412179904034317,0.9104003574306692,0.3626114093121089,-0.17716334171903814,0.616373231083022,-0.4594678807453228,0.8986777701093067,2.815183163957135,300,True
LEVEL,pooled,ip,real_macro,b,10,-0.37280246436347153,-0.1329852714074736,0.350400523975432,-1.0639323826742058,0.2873593320232092,-0.9491600371101571,0.203555108383214,-1.359244120100866,0.6136391913739231,2.815183163957135,299,True
LEVEL,pooled,ip,real_macro,b,11,0.23913932265629037,0.08530525081679756,0.27472400288799853,0.8704711643044325,0.38404297093871365,-0.21274144990466073,0.6910200952172415,-0.5342590650089145,1.0125377103214952,2.815183163957135,298,True
LEVEL,pooled,ip,real_macro,b,12,0.14939007391081152,0.05329009709882812,0.3680857501644661,0.4058567163875859,0.6848478827541222,-0.45605710727636406,0.754837255097987,-0.8868387328447257,1.1856188806663488,2.815183163957135,297,True
LEVEL,pooled,ip,real_macro,b,13,0.11702023446372636,0.04174319949009881,0.29418581940340544,0.39777659814139826,0.6907948688936552,-0.36687237757965585,0.6009128465071085,-0.711166731395675,0.9452072003231277,2.815183163957135,296,True
LEVEL,pooled,ip,real_macro,b,14,-0.1919550904220096,-0.06847379574435646,0.21890685506248236,-0.8768802163240619,0.38055170289867835,-0.552024824936074,0.1681146440920548,-0.8082179832687146,0.4243078024246955,2.815183163957135,295,True
LEVEL,pooled,ip,real_macro,b,15,0.26350019126383983,0.09399520604289342,0.25528450037401124,1.0321824900367707,0.30198663616730337,-0.15640544508084703,0.6834058276085266,-0.4551724362082856,0.9821728187359653,2.815183163957135,294,True
LEVEL,pooled,ip,real_macro,b,16,0.40240600243069863,0.1435453800999241,0.2999125621065707,1.3417444057835364,0.17967888357010187,-0.09090626311860284,0.8957182679800001,-0.44190279307096786,1.2467147979323652,2.815183163957135,293,True
LEVEL,pooled,ip,real_macro,b,17,-0.1218096147773052,-0.04345165665376691,0.22639334453127,-0.5380441506772323,0.5905465682168913,-0.49419352864723887,0.2505742990926285,-0.7591483467336837,0.5155291171790732,2.815183163957135,292,True
LEVEL,pooled,ip,real_macro,b,18,0.19328911068186408,0.06894966450402983,0.5451004534536862,0.35459356061292774,0.7228941009722467,-0.7033213472343238,1.089899568598052,-1.3412685085463532,1.7278467299100815,2.815183163957135,291,True
LEVEL,pooled,ip,real_macro,b,19,-0.1441388159197101,-0.05141687995051972,0.17833631046251316,-0.8082415496086452,0.41895154321796246,-0.4374759430011187,0.1491983111616985,-0.6461881946560099,0.3579105628165896,2.815183163957135,290,True
LEVEL,pooled,ip,real_macro,b,20,-0.34450849562725483,-0.12289230939338174,0.31537306377625446,-1.0923840213305942,0.27466434329473544,-0.8632510234224249,0.17423403216791522,-1.2323414351357462,0.5433244438812366,2.815183163957135,289,True
LEVEL,pooled,ip,real_macro,b,21,0.1480258936768529,0.052803469739828635,0.2712202945566162,0.5457773501752209,0.5852189944028234,-0.2980917915274439,0.5941435788811498,-0.6155089132824281,0.9115607006361339,2.815183163957135,288,True
LEVEL,pooled,ip,real_macro,b,22,-0.08741354897048456,-0.031181968054794333,0.2094405719401572,-0.41736683661970214,0.6764101081295194,-0.4319126333570429,0.2570855354160737,-0.6770271209459683,0.5022000230049991,2.815183163957135,287,True
LEVEL,pooled,ip,real_macro,b,23,-0.19558407008952952,-0.06976831735338429,0.28954200039401706,-0.675494642654168,0.4993615539354893,-0.671838279592413,0.28067013941335406,-1.0106978348572366,0.6195296946781775,2.815183163957135,286,True
LEVEL,pooled,ip,real_macro,b,24,-0.244464424040373,-0.08720480921709854,0.5040588456155476,-0.4849918341217431,0.6276821380047543,-1.0735674444480787,0.5846385963673326,-1.6634823998609314,1.1745535517801853,2.815183163957135,285,True
LEVEL,pooled,cpi,real_macro,b,0,-0.03281635204605806,-0.011706176596497416,0.08386756755973922,-0.3912877528334518,0.6955845505230884,-0.17076622473029274,0.1051335206381766,-0.270110288256549,0.20447758416443287,2.829388560023104,309,True
LEVEL,pooled,cpi,real_macro,b,1,0.06774642134514228,0.024166353741387894,0.09710632541169692,0.6976519918545069,0.48539485836586216,-0.0919792702082173,0.22747211289850186,-0.20700510488059384,0.34249794757087837,2.829388560023104,308,True
LEVEL,pooled,cpi,real_macro,b,2,-0.10547828006447045,-0.03762597901791535,0.08991111800388911,-1.1731394560115245,0.24073988628196152,-0.25336890861642924,0.04241234848748836,-0.35987176876356164,0.1489152086346207,2.829388560023104,307,True
LEVEL,pooled,cpi,real_macro,b,3,-0.05321612102928033,-0.018983137116368357,0.0801351800929787,-0.6640793839551505,0.5066395042678293,-0.18502676265162576,0.0785945205930651,-0.2799496828397454,0.17351744078118478,2.829388560023104,306,True
LEVEL,pooled,cpi,real_macro,b,4,-0.023445938310499972,-0.00836358331200514,0.07069593261840074,-0.3316447982524735,0.7401574881215589,-0.1397303994885933,0.09283852286759336,-0.22347220130116724,0.17658032468016727,2.829388560023104,305,True
LEVEL,pooled,cpi,real_macro,b,5,0.003360603530038534,0.001198787066223262,0.06432257600452809,0.05224609676394115,0.9583326031587209,-0.10244061890587124,0.1091618259659483,-0.17863295716838987,0.18535416422846693,2.829388560023104,304,True
LEVEL,pooled,cpi,real_macro,b,6,0.04225713829155813,0.01507387300725319,0.06718577079245913,0.6289596412027922,0.5293754785631033,-0.06825362047594855,0.15276789705906482,-0.14783751298496015,0.23235178956807642,2.829388560023104,303,True
LEVEL,pooled,cpi,real_macro,b,7,-0.036783779478901886,-0.01312142854459556,0.06683886083121011,-0.5503352244705801,0.5820894684313784,-0.14672392213842253,0.07315636318061877,-0.22589688767970412,0.15232932872190036,2.829388560023104,302,True
LEVEL,pooled,cpi,real_macro,b,8,0.04538460865393167,0.01618949732499798,0.07005457219422248,0.6478464892784631,0.5170842434510166,-0.06984490850426892,0.16061412581213227,-0.15282699648971407,0.24359621379757743,2.829388560023104,301,True
LEVEL,pooled,cpi,real_macro,b,9,0.01280889512073044,0.0045691607671333465,0.07613363557084389,0.16824226276192344,0.8663926939018775,-0.11241979148097375,0.13803758172243463,-0.20260274239638335,0.22822053263784423,2.829388560023104,300,True
LEVEL,pooled,cpi,real_macro,b,10,0.08415047058249497,0.030017969941767978,0.07422140586375195,1.1337762954392132,0.25688839669142094,-0.037932878049934685,0.20623381921492462,-0.12585072607723652,0.29415166724222647,2.829388560023104,299,True
LEVEL,pooled,cpi,real_macro,b,11,0.04597287826367537,0.01639934356044631,0.06820666760149502,0.674023227938315,0.5002965463314037,-0.06621710632291719,0.15816286285026793,-0.14701028676529315,0.23895604329264386,2.829388560023104,298,True
LEVEL,pooled,cpi,real_macro,b,12,0.011053678666258443,0.003943043831518763,0.06545268101045863,0.16888045677597507,0.86589067162285,-0.09660640108749219,0.11871375842000909,-0.17413738820757468,0.19624474554009158,2.829388560023104,297,True
LEVEL,pooled,cpi,real_macro,b,13,-0.04077828186443095,-0.014546338609995421,0.06920701646378315,-0.5892217862876766,0.5557125042656653,-0.1546136939053749,0.073057130176513,-0.2365918225203896,0.1550352587915277,2.829388560023104,296,True
LEVEL,pooled,cpi,real_macro,b,14,0.030396669721540405,0.01084303286380975,0.08837341288369609,0.34395717817918803,0.7308784902575567,-0.11496465898628708,0.17575799842936787,-0.21964605370178772,0.28043939314486854,2.829388560023104,295,True
LEVEL,pooled,cpi,real_macro,b,15,0.02672363455096061,0.009532795873067875,0.09280682296982135,0.2879490289162309,0.7733857558631827,-0.12593000481679323,0.17937727391871444,-0.23586292865194136,0.2893101977538626,2.829388560023104,294,True
LEVEL,pooled,cpi,real_macro,b,16,0.038539823470191116,0.013747840677315205,0.08129400274463634,0.47407954054438434,0.6354431876904325,-0.09517691179372692,0.17225655873410914,-0.19147249789396978,0.268552144834352,2.829388560023104,293,True
LEVEL,pooled,cpi,real_macro,b,17,-0.05288928151772283,-0.018866547647933985,0.06768203710673264,-0.7814374947715883,0.4345452257587157,-0.16421632573219613,0.05843776269675047,-0.2443880630265714,0.1386094999911257,2.829388560023104,292,True
LEVEL,pooled,cpi,real_macro,b,18,-0.10262891225940389,-0.03660955882996548,0.09044542409044648,-1.1347054125897378,0.25649876873147515,-0.25139839611573883,0.046140571596931065,-0.35853416048735126,0.15327633596854345,2.829388560023104,291,True
LEVEL,pooled,cpi,real_macro,b,19,-0.04706656798498078,-0.016789482141401506,0.08259059145436097,-0.5698780836433344,0.5687603905671015,-0.1829160018907537,0.08878286592079214,-0.28074744261149165,0.18661430664153011,2.829388560023104,290,True
LEVEL,pooled,cpi,real_macro,b,20,0.0754459358072915,0.026912907528801672,0.07684187975098489,0.9818335528982749,0.32618185531927635,-0.05094770880288488,0.20183958041746788,-0.14196959969081616,0.2928614713053992,2.829388560023104,289,True
LEVEL,pooled,cpi,real_macro,b,21,0.015476138376788864,0.005520613888352141,0.06647788202226003,0.232801315354883,0.8159156914804525,-0.09387024697957762,0.12482252373315535,-0.17261562051155926,0.20356789726513697,2.829388560023104,288,True
LEVEL,pooled,cpi,real_macro,b,22,0.0897581892982189,0.032018342972189355,0.0726200557576989,1.2359972511960384,0.21645958542802135,-0.029691172804250293,0.20920755140068809,-0.11571216569085434,0.2952285442872921,2.829388560023104,287,True
LEVEL,pooled,cpi,real_macro,b,23,0.0064944295095567504,0.0023166785456736234,0.08635597757857905,0.075205326737772,0.9400513462354398,-0.135548513419509,0.1485373724386225,-0.23784018554088648,0.25082904456,2.829388560023104,286,True
LEVEL,pooled,cpi,real_macro,b,24,-0.04880836628812165,-0.017410812583719692,0.09085241535122408,-0.537226953179336,0.5911108554697168,-0.1982472911958842,0.10063055861964088,-0.3058651509333425,0.2082484183570992,2.829388560023104,285,True
LEVEL,pooled,infl_exp,real_macro,b,0,-0.14941044188120345,-0.05329736271622476,0.20757500307742208,-0.7197901465306774,0.4716542126293922,-0.49084093855756417,0.19202005479515727,-0.7375075907207627,0.43868670695835577,2.833179044300477,309,True
LEVEL,pooled,infl_exp,real_macro,b,1,-0.06866840530150665,-0.024495241821244875,0.12302299646878712,-0.5581753596688641,0.5767246448758072,-0.2710232272416293,0.13368641663861597,-0.4172145808639259,0.2798777702609126,2.833179044300477,308,True
LEVEL,pooled,infl_exp,real_macro,b,2,0.0957408038953313,0.03415244803311411,0.19405224028963575,0.4933764420984362,0.6217466247724701,-0.22344672736313465,0.41492833515379723,-0.45404393679282545,0.645525544583488,2.833179044300477,307,True
LEVEL,pooled,infl_exp,real_macro,b,3,0.014100903933658796,0.005030043296280492,0.10313225795245606,0.13672641531963073,0.8912470492032187,-0.15553656461513338,0.18373837248245095,-0.2780912480886309,0.3062930559559485,2.833179044300477,306,True
LEVEL,pooled,infl_exp,real_macro,b,4,-0.025364268353407878,-0.009047885766498827,0.07774587343233971,-0.3262458473179514,0.7442383561378003,-0.15324485024910195,0.10251631354228619,-0.24563224774274994,0.19490371103593418,2.833179044300477,305,True
LEVEL,pooled,infl_exp,real_macro,b,5,0.049191249505862025,0.017547393839199073,0.10172291806531354,0.48358079419504707,0.6286834077462136,-0.1181280612179564,0.21651056022968046,-0.23900799028187875,0.33739048929360277,2.833179044300477,304,True
LEVEL,pooled,infl_exp,real_macro,b,6,0.07843049872727961,0.027977554219442462,0.07181635346648231,1.0920980381423044,0.27479001166326733,-0.039696890746492755,0.19655788820105197,-0.125038088952034,0.2818990864065932,2.833179044300477,303,True
LEVEL,pooled,infl_exp,real_macro,b,7,-0.020130862577246337,-0.0071810368208605905,0.0930778995028167,-0.21627972574345797,0.828769711592617,-0.173230383163479,0.13296865800898633,-0.2838372169361324,0.24357549178163973,2.833179044300477,302,True
LEVEL,pooled,infl_exp,real_macro,b,8,-0.06451292419137496,-0.023012907780875693,0.09069554140805754,-0.7113130721731766,0.4768902527929181,-0.21369381442474583,0.0846679660419959,-0.3214696315201697,0.19244378313741983,2.833179044300477,301,True
LEVEL,pooled,infl_exp,real_macro,b,9,0.04248235287911183,0.015154211057329893,0.10048606583445506,0.42276859509157255,0.6724641028456424,-0.12280251696677597,0.20776722272499965,-0.24221266308726436,0.32717736884548804,2.833179044300477,300,True
LEVEL,pooled,infl_exp,real_macro,b,10,0.01626815151071364,0.005803139063589663,0.13142239035802702,0.1237852352738006,0.901485322440623,-0.1999024439323193,0.23243874695374658,-0.3560750108035256,0.3886113138249529,2.833179044300477,299,True
LEVEL,pooled,infl_exp,real_macro,b,11,0.04334053610485672,0.015460340281523422,0.09984861017443779,0.4340624874912111,0.6642430650457318,-0.12089581248663095,0.2075768846963444,-0.2395484538438878,0.3262295260536012,2.833179044300477,298,True
LEVEL,pooled,infl_exp,real_macro,b,12,0.03889365429383644,0.013874058426962179,0.12127888588303136,0.3206960058269979,0.7484407744376528,-0.16059236102350138,0.2383796696111743,-0.30471114370607694,0.38249845229374985,2.833179044300477,297,True
LEVEL,pooled,infl_exp,real_macro,b,13,-0.0658924383424144,-0.023505005020897068,0.1047862275038659,-0.6288272792336513,0.5294621388316243,-0.23825044470671033,0.10646556802188153,-0.36277058223766956,0.23098570555284073,2.833179044300477,296,True
LEVEL,pooled,infl_exp,real_macro,b,14,0.08432515313614068,0.03008028231635592,0.11449179921321978,0.7365169707840882,0.4614161434858528,-0.1039970980559236,0.27264740432820495,-0.24005061313901144,0.40870091941129283,2.833179044300477,295,True
LEVEL,pooled,infl_exp,real_macro,b,15,0.008526152705146114,0.0030414303550578134,0.11499223605772212,0.07414546405434086,0.9408946397097349,-0.18061924384565797,0.1976715492559502,-0.3172674407508459,0.33431974616113813,2.833179044300477,294,True
LEVEL,pooled,infl_exp,real_macro,b,16,-0.15214036559543287,-0.054271175071994346,0.09891759497674281,-1.5380516037738647,0.1240359978251483,-0.314845330462245,0.01056459927137926,-0.43239162279614274,0.128110891605277,2.833179044300477,293,True
LEVEL,pooled,infl_exp,real_macro,b,17,0.24308261104303475,0.0867118919377046,0.10222266812755679,2.3779716915597264,0.01740816229348062,0.0749412846167663,0.4112239374693032,-0.0465325101484414,0.5326977322345109,2.833179044300477,292,True
LEVEL,pooled,infl_exp,real_macro,b,18,-0.1613757133832819,-0.05756558793003836,0.09985646814956513,-1.6160767186515468,0.10607772712010223,-0.3256249871936583,0.0028735604270944404,-0.4442869663824879,0.12153553961592403,2.833179044300477,291,True
LEVEL,pooled,infl_exp,real_macro,b,19,-0.1164499751275891,-0.04153977783965897,0.11264369864218587,-1.0337904075530573,0.3012341570046121,-0.30173237139241715,0.06883242113723896,-0.4355897415931282,0.20268979133795,2.833179044300477,290,True
LEVEL,pooled,infl_exp,real_macro,b,20,0.0845857021311915,0.03017322477820616,0.10378876020774337,0.8149794058806072,0.41508409841335336,-0.08613161653331182,0.25530302079569483,-0.20946643832331424,0.3786378425856972,2.833179044300477,289,True
LEVEL,pooled,infl_exp,real_macro,b,21,-0.07913979571709874,-0.028230573074509997,0.09728617281163576,-0.8134742423296699,0.41594620834892015,-0.2391613099185455,0.08088171848434804,-0.35476894182721996,0.1964893503930225,2.833179044300477,288,True
LEVEL,pooled,infl_exp,real_macro,b,22,0.08655484410519708,0.030875652752495698,0.09885278113839578,0.8755934138465831,0.3812511071295819,-0.0760435114845333,0.24915319969492744,-0.19351278388692728,0.36662247209732146,2.833179044300477,287,True
LEVEL,pooled,infl_exp,real_macro,b,23,0.05719740594655607,0.020403332275695935,0.08406858402455418,0.6803659965279092,0.49627274593788206,-0.08108310939890648,0.1954779212920186,-0.1809839445958247,0.29537875648893686,2.833179044300477,286,True
LEVEL,pooled,infl_exp,real_macro,b,24,-0.04408648290161449,-0.01572643277474699,0.07795350173479468,-0.5655484605630796,0.571700772341473,-0.1723085829636594,0.08413561716043041,-0.26494271044647566,0.17676974464324666,2.833179044300477,285,True
LEVEL,pooled,freight,physical_channel,b,0,-0.005633162686270254,-0.0020094493473780395,0.00683667580577045,-0.8239622363716035,0.4099610156414153,-0.016878493681683156,0.005612168309142649,-0.02497215977161164,0.013705834399071134,2.8287134909949128,309,True
LEVEL,pooled,freight,physical_channel,b,1,0.007480004472107328,0.0026682506687575867,0.011220284380195858,0.6666501684493633,0.5049956157970374,-0.010975720986084781,0.025935729930299436,-0.02425896532695219,0.03921897427116685,2.8287134909949128,308,True
LEVEL,pooled,freight,physical_channel,b,2,0.009358800659203073,0.003338450693553172,0.00820240428760848,1.1409826108354084,0.2538771594064754,-0.004132953782992043,0.02285055510139819,-0.013843451007749552,0.0325610523261557,2.8287134909949128,307,True
LEVEL,pooled,freight,physical_channel,b,3,0.007187524984184101,0.0025639180320380307,0.006712269920893531,1.0708039260774103,0.28425760124178623,-0.003853176540274894,0.018228226508643097,-0.011799563496246784,0.026174613464614985,2.8287134909949128,306,True
LEVEL,pooled,freight,physical_channel,b,4,0.004024217982996964,0.0014355101476741317,0.006030326471938961,0.6673300362298689,0.5045613446606789,-0.00589478638607331,0.013943222352067238,-0.013033847863280528,0.02108228382927446,2.8287134909949128,305,True
LEVEL,pooled,freight,physical_channel,b,5,-0.00555384631093115,-0.0019811557852109076,0.0055216786569782204,-1.005825701919882,0.31449942138446074,-0.01463619947672231,0.00352850685486001,-0.021173093220864116,0.010065400599001814,2.8287134909949128,304,True
LEVEL,pooled,freight,physical_channel,b,6,0.0031396114122266834,0.0011199552462236276,0.005863390196956396,0.5354600848253988,0.5923317515210844,-0.006504807219468752,0.01278403004392212,-0.013446239540871194,0.01972546236532456,2.8287134909949128,303,True
LEVEL,pooled,freight,physical_channel,b,7,0.009108827776033883,0.003249280918966187,0.00762417377137714,1.1947298224275091,0.2321926067406629,-0.0034318221043240903,0.021649477656391858,-0.012457775428750196,0.03067543098081796,2.8287134909949128,302,True
LEVEL,pooled,freight,physical_channel,b,8,0.012621109921998731,0.004502174445939678,0.006498098025443537,1.9422775514589532,0.05210350911626863,0.0019326898165617293,0.023309530027435733,-0.005760147628380804,0.031002367472378264,2.8287134909949128,301,True
LEVEL,pooled,freight,physical_channel,b,9,-0.01103093340765088,-0.003934930193122288,0.007218186609739397,-1.528213941264278,0.1264594285159373,-0.022903793832693278,0.000841927017391518,-0.03144911525113954,0.009387248435837782,2.8287134909949128,300,True
LEVEL,pooled,freight,physical_channel,b,10,-0.0021857350960255545,-0.0007796905942295579,0.006599823707571703,-0.33118083040884133,0.7405078990895537,-0.013041479058665184,0.008670008866614074,-0.020854745455821694,0.016483275263770587,2.8287134909949128,299,True
LEVEL,pooled,freight,physical_channel,b,11,0.010482575017487929,0.00373932099974183,0.0083218590340153,1.259643425181895,0.20779802276972403,-0.003205664997591012,0.02417081503256687,-0.013057579902189042,0.0340227299371649,2.8287134909949128,298,True
LEVEL,pooled,freight,physical_channel,b,12,-0.003240535039041002,-0.0011559564993973278,0.006882413861511545,-0.47084280373823695,0.6377529952011496,-0.014561098441329355,0.00808002836324735,-0.022708911979709104,0.0162278419016271,2.8287134909949128,297,True
LEVEL,pooled,freight,physical_channel,b,13,-0.003254802988069003,-0.0011610461306505882,0.007063415996967662,-0.46079729545396964,0.6449440422975736,-0.01487308840934831,0.008363482433210305,-0.02323518311120071,0.016725577135062706,2.8287134909949128,296,True
LEVEL,pooled,freight,physical_channel,b,14,0.00968524269085605,0.0034548983738342037,0.00735632754510195,1.3165866570616145,0.18797721373021992,-0.0024148393527479127,0.021785324734460012,-0.011123700280151323,0.030494185661863422,2.8287134909949128,295,True
LEVEL,pooled,freight,physical_channel,b,15,0.004076483260501742,0.00145415410198926,0.006732818739042688,0.6054645785817429,0.5448703533810576,-0.006998018062019461,0.015150984583022945,-0.014968731939051667,0.02312169846005515,2.8287134909949128,294,True
LEVEL,pooled,freight,physical_channel,b,16,-0.009756665574851638,-0.003480376187209379,0.007166162161856548,-1.3614910400414333,0.17335856315052023,-0.021543953398103784,0.002030622248400508,-0.030027685160752528,0.01051435401104925,2.8287134909949128,293,True
LEVEL,pooled,freight,physical_channel,b,17,-0.0033407337318069608,-0.0011916991556989872,0.007061102043782746,-0.47311789450039954,0.6361290707802262,-0.014955213038797464,0.008273745575183542,-0.023314568344346965,0.016633100880733043,2.8287134909949128,292,True
LEVEL,pooled,freight,physical_channel,b,18,-0.008066001159206507,-0.002877286112262022,0.007370105094143036,-1.0944214575198519,0.2737701773018091,-0.020188745254321204,0.004056742935908188,-0.028913916869059246,0.01278191455064623,2.8287134909949128,291,True
LEVEL,pooled,freight,physical_channel,b,19,0.013776069749127748,0.004914169163672372,0.012025191738491776,1.145600839363878,0.2519603498163825,-0.00600361049671733,0.03355574999497282,-0.020239752353344506,0.0477918918516,2.8287134909949128,290,True
LEVEL,pooled,freight,physical_channel,b,20,0.0007140958455388414,0.0002547306922771433,0.006657231125599977,0.10726619401763435,0.9145778030339942,-0.010236074916858512,0.011664266607936196,-0.018117303652117063,0.019545495343194746,2.8287134909949128,289,True
LEVEL,pooled,freight,physical_channel,b,21,-0.003832477054164335,-0.0013671127471787641,0.008146094009820122,-0.4704680610786324,0.6380206478153743,-0.017231609331704624,0.009566655223375953,-0.02687544307865536,0.019210488970326692,2.8287134909949128,288,True
LEVEL,pooled,freight,physical_channel,b,22,-0.0005513736921709813,-0.00019668480525066867,0.005665524911857009,-0.0973208485972848,0.9224715998017835,-0.009870332892022902,0.00876758550768094,-0.016577520443908665,0.015474773059566703,2.8287134909949128,287,True
LEVEL,pooled,freight,physical_channel,b,23,-0.00117545330556311,-0.0004193051060808351,0.006011294499361883,-0.19554079502973745,0.84496960420622,-0.011063152865511936,0.008712246254385717,-0.01817968315425158,0.01582877654312536,2.8287134909949128,286,True
LEVEL,pooled,freight,physical_channel,b,24,-0.006777969117689279,-0.0024178221682262637,0.007054907229171303,-0.9607453220168632,0.3366802369987867,-0.018382258861397858,0.004826320626019298,-0.02673428037456368,0.013178342139185121,2.8287134909949128,285,True
LEVEL,act,oil,asset_price,a,0,-0.013180871395533627,-0.006469090883744362,0.027324227868639424,-0.4823876985252924,0.6295305582101364,-0.05812522670891368,0.03176348391784642,-0.09041786240676392,0.06405611961569666,2.826685218061615,309,True
LEVEL,act,oil,asset_price,a,1,-0.0429232463876007,-0.02106646621260803,0.022977198054699104,-1.8680800977307326,0.06175090720728832,-0.08071737394505483,-0.0051291188301465646,-0.10787255248129275,0.022026059706091353,2.826685218061615,308,True
LEVEL,act,oil,asset_price,a,2,-0.003101970687868433,-0.0015224281988921947,0.025341675270045893,-0.12240590469308842,0.9025775624092216,-0.044785317168829844,0.03858137579309298,-0.07473490957462475,0.06853096819888788,2.826685218061615,307,True
LEVEL,act,oil,asset_price,a,3,-0.03405255101400368,-0.016712783299560646,0.02357394940134743,-1.444499198426943,0.14859860504874878,-0.07282824718838049,0.0047231451603731295,-0.10068868531812492,0.03258358329011756,2.826685218061615,306,True
LEVEL,act,oil,asset_price,a,4,0.03587559961954229,0.017607524380086545,0.018637887443867386,1.9248747867799147,0.05424502490051383,0.005219002858783715,0.06653219638030086,-0.016807841313933827,0.0885590405530184,2.826685218061615,305,True
LEVEL,act,oil,asset_price,a,5,-0.00528946719559599,-0.0025960380757898715,0.03270606753107916,-0.16172739784658116,0.8715205281995858,-0.059086160997411326,0.048507226606219346,-0.09773922482662238,0.0871602904354304,2.826685218061615,304,True
LEVEL,act,oil,asset_price,a,6,-0.01461144239905663,-0.007171206363042308,0.025279022166031725,-0.5780066294925964,0.5632596433971855,-0.056191733694640575,0.026968848896527314,-0.0860672806828304,0.056844395884717146,2.826685218061615,303,True
LEVEL,act,oil,asset_price,a,7,0.010960203928069442,0.005379200903142011,0.02782181171597203,0.39394285461925455,0.6936232299622471,-0.03480260398130811,0.056723011837447,-0.06768329998916214,0.08960370784530103,2.826685218061615,302,True
LEVEL,act,oil,asset_price,a,8,0.04568428221800107,0.022421565673345273,0.024664125711145422,1.8522562994137226,0.06398902777263919,0.005115405586436465,0.08625315884956566,-0.024033437346107106,0.11540200178210924,2.826685218061615,301,True
LEVEL,act,oil,asset_price,a,9,0.0012354619264662,0.0006063571402740458,0.017010490847873896,0.07262941072747572,0.9421010221428482,-0.026744305640884,0.0292152294938164,-0.04684784110519132,0.04931876495812373,2.826685218061615,300,True
LEVEL,act,oil,asset_price,a,10,0.03930790539782383,0.019292079016438438,0.022390167101655974,1.7555878533357,0.0791588077527998,0.002479357832615464,0.07613645296303219,-0.02398204897835659,0.10259785977400424,2.826685218061615,299,True
LEVEL,act,oil,asset_price,a,11,-0.029456735528478804,-0.014457185231070691,0.023677974657118326,-1.2440563838353127,0.21347881206079133,-0.06840353802210493,0.009490066965147318,-0.0963869164853927,0.0374734454284351,2.826685218061615,298,True
LEVEL,act,oil,asset_price,a,12,0.0002979490950663765,0.00014623158946584544,0.02438902799971263,0.012216521915915927,0.9902528682263775,-0.03981843206808195,0.040414330258214705,-0.06864215583461215,0.06923805402474491,2.826685218061615,297,True
LEVEL,act,oil,asset_price,a,13,0.009031408741178117,0.0044325600487022405,0.021960653175753814,0.4112541038237178,0.680886219689378,-0.02709065128518391,0.045153468767540145,-0.05304444496970305,0.07110726245205928,2.826685218061615,296,True
LEVEL,act,oil,asset_price,a,14,0.0029282411007537437,0.0014371627824781375,0.026080455968373936,0.11227722031795112,0.9106036031359698,-0.039970291491374293,0.04582677369288178,-0.07079299826535568,0.07664948046686318,2.826685218061615,295,True
LEVEL,act,oil,asset_price,a,15,0.03841023502154535,0.018851507898374253,0.031040054899633074,1.2374409499513932,0.2159234239900385,-0.012646111860888924,0.08946658190397963,-0.04933022933106847,0.12615069937415918,2.826685218061615,294,True
LEVEL,act,oil,asset_price,a,16,-0.0037037595369814845,-0.0018177824771423727,0.026779142893557872,-0.1383076206622162,0.8899973029774937,-0.04775152985210189,0.04034401077813893,-0.07939996690656127,0.0719924478325983,2.826685218061615,293,True
LEVEL,act,oil,asset_price,a,17,-0.0450239425986896,-0.022097475035991014,0.033751479612884314,-1.3339842612856039,0.1822090146122155,-0.10054018625492103,0.010492301057541835,-0.14042875110813766,0.050380865910758445,2.826685218061615,292,True
LEVEL,act,oil,asset_price,a,18,-0.03361628803024574,-0.01649866810137277,0.02610103393606759,-1.2879293637403852,0.19777055283511158,-0.07654866836716998,0.0093160923066785,-0.10739569483345257,0.04016311877296109,2.826685218061615,291,True
LEVEL,act,oil,asset_price,a,19,-0.0035669963079036342,-0.0017506599226533913,0.033653475721126355,-0.10599191410307766,0.915588767658725,-0.05892203790732163,0.05178804529151436,-0.09869477866520696,0.09156078604939968,2.826685218061615,290,True
LEVEL,act,oil,asset_price,a,20,0.02479153536063604,0.012167533585819018,0.021344737578114267,1.1614823218091905,0.245445808280355,-0.010317433661052595,0.05990050438232467,-0.03554331883482383,0.08512638955609592,2.826685218061615,289,True
LEVEL,act,oil,asset_price,a,21,0.04952182247303004,0.024305006906845363,0.03138938475777322,1.577661456418528,0.11464340553667979,-0.002109120893568496,0.10115276583962857,-0.03920608742581608,0.13824973237187616,2.826685218061615,288,True
LEVEL,act,oil,asset_price,a,22,0.0010857335699828016,0.0005328713807291198,0.02494286024347926,0.043528831873507444,0.9652799817900988,-0.03994162056804774,0.04211308770801334,-0.06941988077643675,0.07159134791640236,2.826685218061615,287,True
LEVEL,act,oil,asset_price,a,23,-0.010833003175061659,-0.00531677155329137,0.02555393040714847,-0.4239270829363779,0.6716189920340894,-0.05286547828812533,0.03119947193800201,-0.08306592052032345,0.06139991417020014,2.826685218061615,286,True
LEVEL,act,oil,asset_price,a,24,0.061687700717120035,0.030275945373649228,0.037370856059036096,1.650690062322087,0.0988018780556339,0.00021811258613311374,0.12315728884810695,-0.04394794569126564,0.1673233471255057,2.826685218061615,285,True
LEVEL,act,dxy,asset_price,a,0,-0.0016142720156569765,-0.0007922748099878113,0.003544377525739166,-0.4554458445620367,0.6487885199283778,-0.007444254244154329,0.004215710212840376,-0.011664727272751193,0.008436183241437242,2.8356051758335856,309,True
LEVEL,act,dxy,asset_price,a,1,-0.0010502586445602486,-0.00051546050478883,0.0029942790266143347,-0.350755101720693,0.7257720833166528,-0.0059754093615915615,0.003874892072471064,-0.009540851750317807,0.007440334461197309,2.8356051758335856,308,True
LEVEL,act,dxy,asset_price,a,2,0.006896303987529006,0.0033846637235510056,0.002683729815211567,2.569671487956901,0.01017949953324739,0.0024819612672204562,0.011310646707837557,-0.0007136941670238253,0.014506302142081838,2.8356051758335856,307,True
LEVEL,act,dxy,asset_price,a,3,0.0024374847104430887,0.0011963025543923283,0.003393195074824431,0.718344998355041,0.4725445911331535,-0.0031438245153357484,0.008018793936221926,-0.007184276806342099,0.012059246227228275,2.8356051758335856,306,True
LEVEL,act,dxy,asset_price,a,4,0.0008059185577296082,0.00039553988794820057,0.0027508452446075955,0.29297124558694376,0.7695441305199183,-0.0037188192200454046,0.005330656335504621,-0.006994392455796895,0.008606229571256112,2.8356051758335856,305,True
LEVEL,act,dxy,asset_price,a,5,-0.002733106453141956,-0.0013413918935825952,0.0039871284074812895,-0.685482425901725,0.4930395466648797,-0.009291349075308802,0.0038251361690248903,-0.014039028402109022,0.008572815495825111,2.8356051758335856,304,True
LEVEL,act,dxy,asset_price,a,6,-0.003727736931548392,-0.0018295504354172167,0.003588085326641216,-1.0389209263977852,0.29884151310729246,-0.009629612094885553,0.0021741382317887695,-0.013902130255104766,0.006446656392007981,2.8356051758335856,303,True
LEVEL,act,dxy,asset_price,a,7,-0.00895154460160612,-0.004393363218558039,0.003153777911746535,-2.8383560453845753,0.004534656881345373,-0.014139047638341846,-0.003764041564870392,-0.01789441357158423,-8.675631628008232e-06,2.8356051758335856,302,True
LEVEL,act,dxy,asset_price,a,8,-0.010336688306660409,-0.00507318325823151,0.0028436328320004985,-3.6350291747716734,0.0002779491792942063,-0.015014048084094716,-0.005659328529226103,-0.018400108283251337,-0.002273268330069479,2.8356051758335856,301,True
LEVEL,act,dxy,asset_price,a,9,-0.0017935350550320342,-0.0008802560108518491,0.0033633384009283313,-0.5332603625424643,0.5938533618429516,-0.007325734422464165,0.0037386643124000963,-0.011330634832784264,0.007743564722720197,2.8356051758335856,300,True
LEVEL,act,dxy,asset_price,a,10,-0.0038750247922795795,-0.0019018384146069081,0.0026711840262076134,-1.4506768362871303,0.14686986848713943,-0.008268731526042008,0.0005186819414828496,-0.011449448042597885,0.003699398458038725,2.8356051758335856,299,True
LEVEL,act,dxy,asset_price,a,11,0.004726042158900036,0.0023195125215083696,0.0032613757228152555,1.4490946645118412,0.14731114784579674,-0.0006384435276241161,0.010090527845424187,-0.004521931721052904,0.013974016038852975,2.8356051758335856,298,True
LEVEL,act,dxy,asset_price,a,12,0.005489327332525767,0.002694128205875992,0.003875342135386759,1.4164755370632411,0.15663632157941212,-0.0008850432345430068,0.01186369789959454,-0.0054996128847029065,0.01647826754975444,2.8356051758335856,297,True
LEVEL,act,dxy,asset_price,a,13,0.0009847210355266368,0.0004832950480129296,0.0030772560538550355,0.31999970697694347,0.748968552682737,-0.004076914745715194,0.006046356816768466,-0.007741162158149937,0.00971060422920321,2.8356051758335856,296,True
LEVEL,act,dxy,asset_price,a,14,-0.009886695193559163,-0.004852329396726008,0.002778482888570253,-3.558307029433117,0.0003732528612759135,-0.014456892850246546,-0.005316497536871779,-0.017765375653354024,-0.0020080147337643017,2.8356051758335856,295,True
LEVEL,act,dxy,asset_price,a,15,-0.0026026414425037196,-0.0012773604660964416,0.0031389328365400977,-0.829148496650375,0.4070203843597967,-0.007765726503443772,0.0025604436184363324,-0.01150341564039082,0.00629813275538338,2.8356051758335856,294,True
LEVEL,act,dxy,asset_price,a,16,0.003082381847603363,0.0015128141161673734,0.00337380903557664,0.9136207221866465,0.3609161739401726,-0.0024670401812065213,0.008631803876413248,-0.0064844085159518755,0.012649172211158601,2.8356051758335856,293,True
LEVEL,act,dxy,asset_price,a,17,-0.0048491900679229465,-0.0023799527603746893,0.003545728986162395,-1.367614413523271,0.17143280239147518,-0.010681395250999128,0.0009830151151532353,-0.014903477533188205,0.005205097397342312,2.8356051758335856,292,True
LEVEL,act,dxy,asset_price,a,18,-0.004890743863337958,-0.002400347108444523,0.0030472339966837567,-1.6049781108574057,0.10849862192774344,-0.009902997754953066,0.00012151002827714974,-0.013531496356310482,0.003750008629634566,2.8356051758335856,291,True
LEVEL,act,dxy,asset_price,a,19,-0.009098525783876103,-0.004465500681838874,0.00333174965237401,-2.73085517616638,0.006317022423068513,-0.0145787662836778,-0.0036182852840744052,-0.018546052342729595,0.0003490007749773899,2.8356051758335856,290,True
LEVEL,act,dxy,asset_price,a,20,-0.0033340166076642253,-0.0016363149139139114,0.0035128803505538736,-0.9490834514584457,0.3425781702798324,-0.009112190593319323,0.0024441573779908723,-0.013295158311778889,0.006627125096450439,2.8356051758335856,289,True
LEVEL,act,dxy,asset_price,a,21,0.0012336900480996744,0.00060548751323316,0.0040093929542080724,0.3076999591184622,0.7583106508369093,-0.005361174494503152,0.0078285545907025,-0.010135365364803446,0.012602745461002795,2.8356051758335856,288,True
LEVEL,act,dxy,asset_price,a,22,0.0016896208249840908,0.0008292555437262648,0.0029681422644538117,0.5692519678786385,0.5691851579814078,-0.0031925387440107176,0.006571780393978899,-0.006726858742711558,0.01010610039267974,2.8356051758335856,287,True
LEVEL,act,dxy,asset_price,a,23,-0.0067690526688317584,-0.0033222095563699375,0.004367298704056799,-1.5499403927979465,0.12115582346654649,-0.01395261978218005,0.00041451444451653247,-0.01915298747846653,0.005614882140803013,2.8356051758335856,286,True
LEVEL,act,dxy,asset_price,a,24,-0.0035786425983723104,-0.0017563758506250336,0.00321875377185837,-1.111809989835338,0.26621985571934115,-0.008873021414277283,0.0017157362175326614,-0.01270575745358778,0.00554847225684316,2.8356051758335856,285,True
LEVEL,act,vix,asset_price,a,0,-0.0635394464436577,-0.031184770825251503,1.167104696371222,-0.05444194221925027,0.9565830633263226,-1.9832558393019588,1.8561769464146436,-3.2252158812063,3.0981369883189847,2.7089912709570703,309,True
LEVEL,act,vix,asset_price,a,1,-1.113337884791085,-0.5464194092258386,0.9108065469047647,-1.2223648244235747,0.22156969510766544,-2.6114813369185335,0.3848055673363633,-3.5807048698866444,1.354029100304474,2.7089912709570703,308,True
LEVEL,act,vix,asset_price,a,2,-0.9691536869516265,-0.47565468875832106,0.9586400424462957,-1.0109672494782314,0.312032105050812,-2.545976237710329,0.6076688638070763,-3.566101193928557,1.6277938200253037,2.7089912709570703,307,True
LEVEL,act,vix,asset_price,a,3,-1.0899277037108397,-0.5349298358532969,1.0047849619601112,-1.0847372771031862,0.2780380326864983,-2.742651892697226,0.5627964852755463,-3.811881394849713,1.6320259874280336,2.7089912709570703,306,True
LEVEL,act,vix,asset_price,a,4,-1.0241725609892534,-0.5026576148767943,1.0671536069223968,-0.9597236558501657,0.3371943142649497,-2.779484041849903,0.7311389198713967,-3.9150823669123787,1.866737244933872,2.7089912709570703,305,True
LEVEL,act,vix,asset_price,a,5,-0.45977230857213736,-0.2256534306973032,1.432879692007906,-0.32087293241476167,0.7483066869879909,-2.81664966695645,1.8971050498121755,-4.34143088655321,3.421886269408936,2.7089912709570703,304,True
LEVEL,act,vix,asset_price,a,6,-0.19295741347850826,-0.09470231572911675,1.1223879749305017,-0.1719168574400097,0.8635028935783199,-2.039121344889662,1.6532065179326456,-3.23349664019242,2.847581813235404,2.7089912709570703,303,True
LEVEL,act,vix,asset_price,a,7,-1.1748079310300135,-0.5765885311157876,1.0977034805419428,-1.0702416015388816,0.28451057311494865,-2.980369482316683,0.6307536202566559,-4.148477077917331,1.7988612158573036,2.7089912709570703,302,True
LEVEL,act,vix,asset_price,a,8,-0.9212864847100554,-0.4521617593184493,1.0082507925336133,-0.9137473449388251,0.3608496200764054,-2.5797114576856655,0.7371384882655548,-3.6526290806191617,1.8100561111990507,2.7089912709570703,301,True
LEVEL,act,vix,asset_price,a,9,-0.1789044685054193,-0.08780521647921617,1.3467113634610304,-0.1328454436187701,0.894315614027759,-2.3940475391510576,2.0362386021402186,-3.8271337966200454,3.4693248596092063,2.7089912709570703,300,True
LEVEL,act,vix,asset_price,a,10,-0.6627973228689266,-0.3252968631948293,1.431368571440282,-0.4630514712237966,0.6433274736134027,-3.017189109106822,1.6915944633689688,-4.540362288422942,3.214767642685089,2.7089912709570703,299,True
LEVEL,act,vix,asset_price,a,11,2.2458516172786602,1.102250206955435,1.6295033487151576,1.378243020518789,0.168128268867611,-0.4344428759850363,4.926146110542357,-2.1684587303860168,6.660161964943337,2.7089912709570703,298,True
LEVEL,act,vix,asset_price,a,12,0.19939468738387386,0.0978616903021421,1.2684074209648697,0.15720082056299825,0.8750865816264716,-1.8869498594423548,2.2857392342101024,-3.2367099440271283,3.6354993187948756,2.7089912709570703,297,True
LEVEL,act,vix,asset_price,a,13,-0.043286663487892785,-0.02124482909772752,1.257566996777229,-0.034420960154666634,0.9725414695875213,-2.1118002992713882,2.0252269722956027,-3.450024680401104,3.3634513534253183,2.7089912709570703,296,True
LEVEL,act,vix,asset_price,a,14,-1.1066677204896225,-0.5431457334739994,1.4452370492086448,-0.7657343970635062,0.44383435588316567,-3.4838711226851053,1.2705356817058604,-5.021802271259595,2.80846683028035,2.7089912709570703,295,True
LEVEL,act,vix,asset_price,a,15,-0.37518356297218836,-0.18413779287585952,1.5621275391431266,-0.24017473194153385,0.8101948014378556,-2.944654711492538,2.1942875855481616,-4.606973430632568,3.856606304688191,2.7089912709570703,294,True
LEVEL,act,vix,asset_price,a,16,0.4310547908974973,0.21155904905757852,1.4290492898040654,0.30163745503599704,0.7629284521114805,-1.9195221165291452,2.78163169832414,-3.4402272609491167,4.302336842744111,2.7089912709570703,293,True
LEVEL,act,vix,asset_price,a,17,-1.2103438618946094,-0.5940293481530758,1.652502841850577,-0.7324307294619778,0.4639057084052838,-3.928469154860146,1.507781431070927,-5.686959635699575,3.2662719119103554,2.7089912709570703,292,True
LEVEL,act,vix,asset_price,a,18,-1.9712716283832405,-0.9674880315484368,1.1184897023216807,-1.7624405698965457,0.07799488917283144,-3.8110234719549294,-0.1315197848115517,-5.0012504686280455,1.0587072118615641,2.7089912709570703,291,True
LEVEL,act,vix,asset_price,a,19,-1.4161166726953691,-0.6950213823310829,1.240347538956764,-1.1417095839819553,0.2535747557497776,-3.4563068208287344,0.6240734754379964,-4.776207328682327,1.943973983291589,2.7089912709570703,290,True
LEVEL,act,vix,asset_price,a,20,-2.730091540198451,-1.339912192790983,1.323107179678191,-2.063394093940651,0.039075200633297454,-4.906409183537656,-0.5537738968592456,-6.314377340487299,0.8541942600903965,2.7089912709570703,289,True
LEVEL,act,vix,asset_price,a,21,-3.507126699935397,-1.7212762860562003,1.4760730778187412,-2.3759844635321405,0.017502199735058684,-5.935050855630976,-1.079202544239818,-7.505795783041103,0.4915423831703092,2.7089912709570703,288,True
LEVEL,act,vix,asset_price,a,22,-2.5954520990217467,-1.273831980385315,1.272367804527258,-2.0398599286988985,0.041364278851687794,-4.688310897114689,-0.5025933009288046,-6.0422853749329,0.8513811768894071,2.7089912709570703,287,True
LEVEL,act,vix,asset_price,a,23,-2.7619737097846793,-1.355559766189973,1.49328677414733,-1.8495936330526817,0.06437214117679889,-5.218211876319579,-0.3057355432497797,-6.807274545985438,1.2833271264160793,2.7089912709570703,286,True
LEVEL,act,vix,asset_price,a,24,-3.766958227429171,-1.8488000070135955,1.4206092764065574,-2.6516497463382205,0.008009958533625298,-6.103652548207403,-1.4302639066509384,-7.615376356655174,0.08145990179683293,2.7089912709570703,285,True
LEVEL,act,us10y,asset_price,a,0,-0.02853679599582181,-0.014005684547563228,0.057430723101887036,-0.49689076603119003,0.6192660835159236,-0.12300192918840641,0.06592833719676278,-0.18968349267579732,0.13260990068415368,2.805931877160721,309,True
LEVEL,act,us10y,asset_price,a,1,0.022298086362855324,0.010943764102255848,0.05655279511029391,0.39428796259084564,0.6933684494356074,-0.0707229837885551,0.11531915651426575,-0.13638520417965733,0.18098137690536797,2.805931877160721,308,True
LEVEL,act,us10y,asset_price,a,2,0.010902502086503542,0.005350881193006934,0.0400259412527986,0.27238590137443036,0.7853253120925756,-0.05493431255530878,0.07673931672831585,-0.10140756238808638,0.12321256656109345,2.805931877160721,307,True
LEVEL,act,us10y,asset_price,a,3,-0.03896212384160696,-0.019122371548247263,0.054121963533646844,-0.7198948688804457,0.47158972750361405,-0.1279848318576613,0.05006058417444737,-0.19082466657519676,0.11290041889198282,2.805931877160721,306,True
LEVEL,act,us10y,asset_price,a,4,-0.020659558550115587,-0.010139584695744986,0.05467256737669783,-0.3778779658867998,0.7055212516263094,-0.11058792929442575,0.06926881219419458,-0.17406705815860934,0.13274794105837817,2.805931877160721,305,True
LEVEL,act,us10y,asset_price,a,5,0.07536941566326898,0.036990847201923825,0.06851998806701526,1.0999624750307122,0.27134847202271006,-0.03733593522743267,0.18807476655397062,-0.11689300307664137,0.26763183440317934,2.805931877160721,304,True
LEVEL,act,us10y,asset_price,a,6,-0.02884698667433039,-0.014157924231143048,0.05256648654297253,-0.5487714430133788,0.5831623102596455,-0.1153111627206345,0.05761718937197373,-0.1763449669355971,0.11865099358693632,2.805931877160721,303,True
LEVEL,act,us10y,asset_price,a,7,-0.04621736320975546,-0.022683198556374864,0.04525844182899475,-1.0211876799555741,0.307165528191912,-0.1206608754023497,0.028226148982838775,-0.173209467848356,0.0807747414288451,2.805931877160721,302,True
LEVEL,act,us10y,asset_price,a,8,-0.046747606087473415,-0.022943438510432675,0.04344882154533532,-1.0759234525773291,0.2819614922147454,-0.11821455779308548,0.024719345618138655,-0.16866203948659733,0.0751668273116505,2.805931877160721,301,True
LEVEL,act,us10y,asset_price,a,9,-0.10021970452976589,-0.049187216648267314,0.048884466929320004,-2.050133934664141,0.04035136272031479,-0.18062749726004718,-0.01981191179948459,-0.23738618858475397,0.036946779525222184,2.805931877160721,300,True
LEVEL,act,us10y,asset_price,a,10,0.008306270304598769,0.004076666549041994,0.05961636483074312,0.13932869486727528,0.8891904157959973,-0.08975392361291123,0.10636646422210877,-0.15897318817442666,0.1755857287836242,2.805931877160721,299,True
LEVEL,act,us10y,asset_price,a,11,-0.02856876707649023,-0.014021375757976344,0.06014428776235784,-0.47500383061099943,0.6347842429604991,-0.12749731694281757,0.07035978278983711,-0.19732954133801756,0.1401920071850371,2.805931877160721,298,True
LEVEL,act,us10y,asset_price,a,12,-0.010234765025498176,-0.005023159936614751,0.04756546239841569,-0.21517219657763856,0.8296330671344828,-0.0884729883691561,0.06800345831815974,-0.1437002122211024,0.12323068217010606,2.805931877160721,297,True
LEVEL,act,us10y,asset_price,a,13,0.07601540051506325,0.037307892607373674,0.047272829587085445,1.6080146075247852,0.10783197957691774,-0.0017414846875131035,0.15377228571763962,-0.05662893894692628,0.20865973997705278,2.805931877160721,296,True
LEVEL,act,us10y,asset_price,a,14,-0.015248833001058691,-0.007484033763375876,0.05660218912855044,-0.26940359084746246,0.7876191231853954,-0.10835114908254806,0.07785348308043069,-0.1740707197939384,0.143573053791821,2.805931877160721,295,True
LEVEL,act,us10y,asset_price,a,15,-0.062473279200593874,-0.03066150247783495,0.05042668567119335,-1.2388932242731598,0.2153850432900175,-0.14541779602199809,0.020471237620810344,-0.20396712398495906,0.07902056558377132,2.805931877160721,294,True
LEVEL,act,us10y,asset_price,a,16,0.002114213695998204,0.0010376431221158836,0.04892326340236661,0.04321489510235598,0.9655302316063307,-0.07835739355368673,0.08258582094568315,-0.13516113061943275,0.13938955801142916,2.805931877160721,293,True
LEVEL,act,us10y,asset_price,a,17,0.03384034773909604,0.016608635233016967,0.04534965684621367,0.7462095656832172,0.45554083058620176,-0.04075319980540318,0.10843389528359526,-0.09340770002399483,0.1610883955021869,2.805931877160721,292,True
LEVEL,act,us10y,asset_price,a,18,0.026358860067473767,0.012936766944419796,0.04948678674262242,0.5326444047491807,0.5942797576153691,-0.055039660592302746,0.10775738072725027,-0.11249769235190504,0.16521541248685256,2.805931877160721,291,True
LEVEL,act,us10y,asset_price,a,19,-0.1019725500278223,-0.0500475024739777,0.060999434617459956,-1.671696642228132,0.0945841566153977,-0.2023076913003405,-0.001637408755304104,-0.2731328081097344,0.0691877080540898,2.805931877160721,290,True
LEVEL,act,us10y,asset_price,a,20,-0.023705311286644173,-0.011634421468728982,0.05496014117604662,-0.4313182386251894,0.6662369905632458,-0.11410669883782941,0.06669607626454106,-0.1779197233857669,0.13050910081247857,2.805931877160721,289,True
LEVEL,act,us10y,asset_price,a,21,0.13751289906734895,0.067490487924439,0.0771181350209033,1.783146065838798,0.07456252935256776,0.01066485497448283,0.2643609431602151,-0.07887533429498819,0.3539011324296861,2.805931877160721,288,True
LEVEL,act,us10y,asset_price,a,22,0.007540408789070287,0.0037007864118611725,0.04708179574196039,0.16015550533366973,0.8727585784795583,-0.06990225370048164,0.08498307127862223,-0.12456790271726628,0.13964872029540684,2.805931877160721,287,True
LEVEL,act,us10y,asset_price,a,23,-0.08332552362085184,-0.04089565621750421,0.07515938370786147,-1.1086509695812767,0.26758078099529636,-0.20695170851216516,0.04030066127046149,-0.2942176342344945,0.12756658699279083,2.805931877160721,286,True
LEVEL,act,us10y,asset_price,a,24,0.10645790340309946,0.05224888641587776,0.04831797382977886,2.203277475544481,0.027575197546493645,0.02698190890224139,0.18593389790395753,-0.029119039605694536,0.24203484641189346,2.805931877160721,285,True
LEVEL,act,ip,real_macro,a,0,-0.1280884929268859,-0.06286504716119531,0.1615637166974622,-0.7928048174748253,0.4278915493080009,-0.39383715832046673,0.13766017246669493,-0.5899721875039693,0.3337952016501975,2.8588330599127554,309,True
LEVEL,act,ip,real_macro,a,1,0.003172537330957459,0.0015570618747551082,0.26054358195010313,0.012176609023380332,0.9902847117385583,-0.4253835184185978,0.4317285930805127,-0.7416780682960856,0.7480231429580005,2.8588330599127554,308,True
LEVEL,act,ip,real_macro,a,2,-0.4093128670115864,-0.20088824608979677,0.2102116706292788,-1.9471462539938365,0.05151720304255587,-0.755080295873684,-0.06354543814948893,-1.0102729405860598,0.19164720656288703,2.8588330599127554,307,True
LEVEL,act,ip,real_macro,a,3,0.2325621184920082,0.11414006217758246,0.17641853314939857,1.3182408579208904,0.18742303207322186,-0.05762054562023855,0.5227447826042549,-0.2717890164568068,0.7369132534408231,2.8588330599127554,306,True
LEVEL,act,ip,real_macro,a,4,0.08167590411926086,0.0400860330780959,0.22920641589177235,0.3563421372891539,0.7215843566171718,-0.29533510038086846,0.45868690861939015,-0.5735869751762503,0.736938783414772,2.8588330599127554,305,True
LEVEL,act,ip,real_macro,a,5,0.1734866709937905,0.08514619467096707,0.1121665700409748,1.5466878494226513,0.12193853444001738,-0.011010918560813238,0.3579842605483943,-0.14717882765636786,0.49415216964394887,2.8588330599127554,304,True
LEVEL,act,ip,real_macro,a,6,0.10096937681641024,0.04955515121114987,0.14997689108086631,0.673232896673184,0.5007991356791044,-0.1457206564368586,0.3476594100696791,-0.32778951762850483,0.5297282712613253,2.8588330599127554,303,True
LEVEL,act,ip,real_macro,a,7,-0.05538302121078084,-0.02718164731887805,0.2194584983551881,-0.2523621624401385,0.8007611438052241,-0.4163601281956357,0.305594085774074,-0.6827782315874017,0.57201218916584,2.8588330599127554,302,True
LEVEL,act,ip,real_macro,a,8,0.07456251381357637,0.03659482472030765,0.2030819520092046,0.3671548016743352,0.7135035514962358,-0.2594775715171486,0.40860259914430136,-0.5060148844619533,0.655139912089106,2.8588330599127554,301,True
LEVEL,act,ip,real_macro,a,9,0.4141271620700668,0.2032510725934393,0.23999550287974455,1.7255621755444936,0.08442620907819101,0.019369688706276478,0.808884635433857,-0.27197991579293385,1.1002342399330673,2.8588330599127554,300,True
LEVEL,act,ip,real_macro,a,10,-0.14055827320085568,-0.06898513888138065,0.1385992520144967,-1.0141344282734952,0.31051861196830677,-0.3685337555696617,0.08741720916795034,-0.5367903969390784,0.255673850537367,2.8588330599127554,299,True
LEVEL,act,ip,real_macro,a,11,0.0722203761182573,0.035445317896472255,0.17743146318893185,0.40703252298244247,0.6839841014300694,-0.21962840964336391,0.3640691618798785,-0.43502655671495416,0.5794673089514687,2.8588330599127554,298,True
LEVEL,act,ip,real_macro,a,12,-0.0606516242015037,-0.029767445370811295,0.13309938212735786,-0.4556867449878047,0.6486152549658745,-0.27958062563868824,0.15827737723568083,-0.4411605380811553,0.31985728967814786,2.8588330599127554,297,True
LEVEL,act,ip,real_macro,a,13,0.21168318490844085,0.10389280956016238,0.12874229074351456,1.64423969533185,0.10012670041554035,-7.903896307004388e-05,0.42344540877995174,-0.1563695320780185,0.5797359018949002,2.8588330599127554,296,True
LEVEL,act,ip,real_macro,a,14,-0.09705216639657901,-0.04763260834913352,0.1993559145730694,-0.4868286281067761,0.6263797808532794,-0.42496346553632003,0.23085913274316203,-0.6669774456672128,0.47287311287405487,2.8588330599127554,295,True
LEVEL,act,ip,real_macro,a,15,0.11540090094487311,0.05663805478986249,0.1799266898242767,0.6413773357225548,0.521277554478722,-0.18055216739796098,0.4113539692877072,-0.39897946828543707,0.6297812701751833,2.8588330599127554,294,True
LEVEL,act,ip,real_macro,a,16,0.24609336647871097,0.12078111574450556,0.25749538403891287,0.9557195263800192,0.339213954643512,-0.17744884988095708,0.669635582838379,-0.49004295018666444,0.9822296831440863,2.8588330599127554,293,True
LEVEL,act,ip,real_macro,a,17,-0.150889458488766,-0.07405562129174248,0.15324575016747408,-0.9846240977245176,0.3248087483538681,-0.4029562864666349,0.10117736948910289,-0.5889934753586716,0.2872145583811396,2.8588330599127554,292,True
LEVEL,act,ip,real_macro,a,18,0.23307093913705984,0.1143897882311634,0.32539243215608155,0.716276459144146,0.47382065965367803,-0.3021519830774317,0.7682938613515513,-0.6971717033561644,1.1633135816302842,2.8588330599127554,291,True
LEVEL,act,ip,real_macro,a,19,0.018573813601689783,0.00911591386042758,0.19825197394311525,0.09368791257038982,0.9253570724130735,-0.30752166478893206,0.34466929199231167,-0.5481954836998503,0.5853431109032298,2.8588330599127554,290,True
LEVEL,act,ip,real_macro,a,20,-0.3225211822034598,-0.15829141920873643,0.27410228527690417,-1.1766453602444131,0.23933708489535377,-0.7733793202968627,0.1283369558899431,-1.1061338571507107,0.46109149274379113,2.8588330599127554,289,True
LEVEL,act,ip,real_macro,a,21,0.014874783521603697,0.007300452571738457,0.19542292551566365,0.0761158573506845,0.9393269243980024,-0.30656732430230305,0.33631689134551046,-0.5438067366074435,0.5735563036506508,2.8588330599127554,288,True
LEVEL,act,ip,real_macro,a,22,0.27932326860429346,0.13709014801236952,0.3213901721432579,0.8691095522354264,0.3847872124666688,-0.24931652171210228,0.8079630589206892,-0.6394775806499037,1.1981241178584905,2.8588330599127554,287,True
LEVEL,act,ip,real_macro,a,23,0.08351059814938085,0.040986489661621266,0.24017511234389996,0.34770712641451534,0.7280601441429937,-0.31154230649296033,0.478563502791722,-0.6031099531876204,0.7701311494863822,2.8588330599127554,286,True
LEVEL,act,ip,real_macro,a,24,-0.16479748576358816,-0.08088159582366207,0.21335327680586805,-0.7724160051853283,0.43986807737999056,-0.5157323969397016,0.18613742541252531,-0.774738886936921,0.4451439154097447,2.8588330599127554,285,True
LEVEL,act,cpi,real_macro,a,0,-0.049682921974529816,-0.024384073554660553,0.06843272116792604,-0.7260111994175072,0.4678319049191807,-0.16224473158975175,0.0628788876406921,-0.24126389165410198,0.14189804770504236,2.799552120826154,309,True
LEVEL,act,cpi,real_macro,a,1,-0.0064513593154409375,-0.0031662876059484245,0.06635767986658428,-0.09722098976956015,0.9225508995772267,-0.11560002972007678,0.1026973110891949,-0.19222314271903992,0.17932042408815804,2.799552120826154,308,True
LEVEL,act,cpi,real_macro,a,2,-0.07982999165385835,-0.03918007055530155,0.06688881916976344,-1.1934728799928473,0.23268422723635884,-0.18985230846774492,0.03019232516002822,-0.26708872722012666,0.10742874391241,2.799552120826154,307,True
LEVEL,act,cpi,real_macro,a,3,-0.09434824582893027,-0.04630554070924496,0.06168939482806267,-1.529407868109139,0.12616336312100404,-0.19581827065631052,0.0071217789984499985,-0.26705092195231506,0.07835443029445453,2.799552120826154,306,True
LEVEL,act,cpi,real_macro,a,4,-0.02957979169600518,-0.014517580443772878,0.04596312335631536,-0.6435548660759344,0.5198641256367845,-0.10518240185465842,0.046022818462648066,-0.15825595116797198,0.0990963677759616,2.799552120826154,305,True
LEVEL,act,cpi,real_macro,a,5,-0.0057587369933328435,-0.0028263528159507313,0.05068877358023526,-0.11360971249812028,0.9095471877461432,-0.08913435006250478,0.07761687607583909,-0.14766460057195718,0.1361471265852915,2.799552120826154,304,True
LEVEL,act,cpi,real_macro,a,6,-0.015550073435180348,-0.007631880721874533,0.05832529553631038,-0.2666094237876542,0.7897698990683296,-0.11148664734109698,0.08038650047073628,-0.17883477825167027,0.14773463138130954,2.799552120826154,303,True
LEVEL,act,cpi,real_macro,a,7,-0.04434736742960535,-0.02176541609033027,0.04381471596418977,-1.0121569078720247,0.3114630363251467,-0.11641616189715145,0.027721427037940755,-0.16700894843054837,0.07831421357133765,2.799552120826154,302,True
LEVEL,act,cpi,real_macro,a,8,0.002544810460757318,0.0012489773747523896,0.04822408814482046,0.052770525242801194,0.9579147462156483,-0.07677675583067811,0.08186637675219274,-0.13246103777998217,0.13755065870149683,2.799552120826154,301,True
LEVEL,act,cpi,real_macro,a,9,0.028106258931297114,0.01379437959543582,0.04820295612944386,0.5830816445327706,0.559838339698508,-0.05118054828800131,0.10739306615059555,-0.1068404291309775,0.16305294699357173,2.799552120826154,300,True
LEVEL,act,cpi,real_macro,a,10,0.06919318987445736,0.03395959344430908,0.054151021504578435,1.2777818026684338,0.20132637242466067,-0.019877314250475647,0.15826369399939036,-0.08240541722358785,0.22079179697250256,2.799552120826154,299,True
LEVEL,act,cpi,real_macro,a,11,-0.00518754864065997,-0.0025460170737759665,0.05067841361448551,-0.10236209602222439,0.9184692685848124,-0.08854612108259333,0.07817102380127339,-0.1470644089551979,0.136689311673878,2.799552120826154,298,True
LEVEL,act,cpi,real_macro,a,12,-0.008470592579850583,-0.004157314914459462,0.04842474176715077,-0.17492282396840086,0.8611402758341503,-0.08812220470973696,0.07118101955003579,-0.14403818109453634,0.12709699593483517,2.799552120826154,297,True
LEVEL,act,cpi,real_macro,a,13,-0.023361470497140203,-0.011465666516943826,0.05819719007561721,-0.4014192174362027,0.6881115029699347,-0.11908732967140338,0.07236438867712298,-0.18628753739945716,0.13956459640517674,2.799552120826154,296,True
LEVEL,act,cpi,real_macro,a,14,-0.017520536370316885,-0.008598971851734681,0.06374993961068996,-0.2748322034077494,0.7834451556828466,-0.12237985575689758,0.08733878301626383,-0.1959918150099632,0.16095074226932943,2.799552120826154,295,True
LEVEL,act,cpi,real_macro,a,15,-0.009661267537845627,-0.004741690885146687,0.057846841377148704,-0.16701460802079554,0.8673585548268969,-0.10481085438473517,0.08548831930904391,-0.1716065149983364,0.15228397992264514,2.799552120826154,294,True
LEVEL,act,cpi,real_macro,a,16,0.005208259261438506,0.0025561817195004152,0.06817365451991941,0.0763969497911649,0.9391032962297444,-0.10692742363818757,0.11734394216106457,-0.1856474398342714,0.1960639583571484,2.799552120826154,293,True
LEVEL,act,cpi,real_macro,a,17,-0.05870539446217179,-0.02881224774490543,0.06331021800917015,-0.9272657133113745,0.3537885915070721,-0.16284143617764374,0.045430647253300156,-0.23594564955971026,0.11853486063536667,2.799552120826154,292,True
LEVEL,act,cpi,real_macro,a,18,-0.12062903207668502,-0.05920398950152995,0.061869790376175786,-1.94972427323975,0.051208991589778395,-0.22239578117566505,-0.01886228297770498,-0.2938367349393775,0.052578670786007475,2.799552120826154,291,True
LEVEL,act,cpi,real_macro,a,19,-0.11113514055686052,-0.05454444574003283,0.05670221432990107,-1.9599788450987363,0.04999826297251759,-0.20440198345357805,-0.017868297660143,-0.2698759449396742,0.04760566382595316,2.799552120826154,290,True
LEVEL,act,cpi,real_macro,a,20,-0.008090944493160638,-0.00397098596070993,0.050521896200914705,-0.16014728467404893,0.8727650540380951,-0.09119206869970099,0.07501017971337971,-0.1495296261505902,0.13334773716426893,2.799552120826154,289,True
LEVEL,act,cpi,real_macro,a,21,0.011613250321359198,0.005699712069871428,0.05540794854062266,0.20959538526940544,0.8339834816676146,-0.07952471479762452,0.10275121544034291,-0.14350418952616736,0.16673069016888578,2.799552120826154,288,True
LEVEL,act,cpi,real_macro,a,22,0.05882969061085134,0.028873251532756657,0.05264282222024987,1.1175253933901286,0.26376974833473943,-0.027760046451088212,0.1454194276727909,-0.08854663398212337,0.20620601520382603,2.799552120826154,287,True
LEVEL,act,cpi,real_macro,a,23,0.036189914328375365,0.017761788112469812,0.053462769550627606,0.6769180615326077,0.4984579437976432,-0.05174851607384518,0.12412834473059592,-0.11348189555232405,0.1858617242090748,2.799552120826154,286,True
LEVEL,act,cpi,real_macro,a,24,-0.03347870631893458,-0.016431143840820877,0.06010257291154088,-0.5570261753720365,0.5775095453804265,-0.1323386413615979,0.06538122872372873,-0.20173899178054738,0.13478157914267824,2.799552120826154,285,True
LEVEL,act,infl_exp,real_macro,a,0,-0.1294284458094303,-0.06352268782219533,0.16618555189188575,-0.7788188824840304,0.4360864130016807,-0.4027793535857307,0.14392246196687009,-0.5959988686087201,0.33714197698985954,2.807526993097592,309,True
LEVEL,act,infl_exp,real_macro,a,1,-0.11044843677054783,-0.054207415731123594,0.09850870869116247,-1.121204797403425,0.26220069813524816,-0.27248084354751245,0.05158397000641679,-0.38701429547617383,0.16611742193507817,2.807526993097592,308,True
LEVEL,act,infl_exp,real_macro,a,2,0.07879865568172101,0.03867389718214414,0.14176549521157852,0.5558380448226673,0.57832157485976,-0.1543848332936155,0.31198214465705754,-0.31921179881463313,0.47680911017807515,2.807526993097592,307,True
LEVEL,act,infl_exp,real_macro,a,3,-0.008695846610162617,-0.0042678682117560296,0.08014934598125842,-0.10849554046512114,0.9136026178278229,-0.14052978904522392,0.12313809582489868,-0.23371729893166363,0.21632560571133838,2.807526993097592,306,True
LEVEL,act,infl_exp,real_macro,a,4,0.05053985129863674,0.024804649214056774,0.07196392260577175,0.7022942811983858,0.48249565896249647,-0.06783026780912196,0.16890997040639544,-0.15150080394625343,0.25258050654352693,2.807526993097592,305,True
LEVEL,act,infl_exp,real_macro,a,5,0.08277135226388191,0.040623672312508276,0.07558402768773649,1.095090521053452,0.2734769810058878,-0.04155330981789196,0.20709601434565578,-0.12943284571647407,0.2949755502442379,2.807526993097592,304,True
LEVEL,act,infl_exp,real_macro,a,6,-0.03571643679412779,-0.017529408241022414,0.05522925119160797,-0.6466942068473104,0.5178298731840771,-0.12656047093045808,0.055127597342202496,-0.19077405032313452,0.11934117673487896,2.807526993097592,303,True
LEVEL,act,infl_exp,real_macro,a,7,0.03191504164464818,0.015663706803760728,0.06045256157242553,0.5279353068672232,0.59754423823462,-0.06752057351626314,0.13135065680555952,-0.13780715677183072,0.20163724006112707,2.807526993097592,302,True
LEVEL,act,infl_exp,real_macro,a,8,-0.08550857818388824,-0.04196708601517606,0.0731711765985443,-1.1686101298197435,0.2425607450838939,-0.2058644534003105,0.034847297032534044,-0.2909386316010122,0.11992147523323574,2.807526993097592,301,True
LEVEL,act,infl_exp,real_macro,a,9,0.017389448084239062,0.008534634524483385,0.07349839343330777,0.23659630193166326,0.8129699893924208,-0.10350465092964349,0.13828354709812163,-0.1889592754290793,0.22373817159755743,2.807526993097592,300,True
LEVEL,act,infl_exp,real_macro,a,10,0.01855194356227341,0.00910518017914278,0.0724288649083004,0.25614019473812494,0.7978425860402154,-0.10058293757812271,0.13768682470266952,-0.1847940497471989,0.22189793687174572,2.807526993097592,299,True
LEVEL,act,infl_exp,real_macro,a,11,-0.05517568114585075,-0.02707988608598045,0.07601382708140725,-0.7258637443258867,0.46792230450685146,-0.18020730031916551,0.06985593802746401,-0.26858655252555436,0.15823519023385285,2.807526993097592,298,True
LEVEL,act,infl_exp,real_macro,a,12,0.032230766288420594,0.015818662523569484,0.08915776870495347,0.3615026122410116,0.7177237525499404,-0.1144207129368226,0.17888224551366377,-0.218082075995088,0.2825436085719292,2.807526993097592,297,True
LEVEL,act,infl_exp,real_macro,a,13,0.07221598638511766,0.03544316344235587,0.08170553240795138,0.8838567506609843,0.3767735466039479,-0.06217765493810222,0.20660962770833752,-0.15717450133561595,0.30160647410585123,2.807526993097592,296,True
LEVEL,act,infl_exp,real_macro,a,14,0.012351250710652486,0.006061918137081426,0.07635365563848649,0.16176371134254858,0.8714919307569072,-0.11323933669731573,0.1379418381186207,-0.20201369851607648,0.22671619993738146,2.807526993097592,295,True
LEVEL,act,infl_exp,real_macro,a,15,0.015170642742108423,0.007445658463580128,0.0746531329984885,0.2032150846557985,0.8389669229716682,-0.107622833833746,0.13796411931796285,-0.19442004327045262,0.22476132875466945,2.807526993097592,294,True
LEVEL,act,infl_exp,real_macro,a,16,-0.010856081915478355,-0.005328098457617933,0.07498082333336896,-0.14478477873217802,0.8848808003979639,-0.13418856112717786,0.11247639729622116,-0.22136676738859346,0.19965460355763676,2.807526993097592,293,True
LEVEL,act,infl_exp,real_macro,a,17,0.1053728146773047,0.05171633152072331,0.0892448194527983,1.1807163185873943,0.23771543660946126,-0.04142185028625989,0.2521674796408693,-0.14518442493054762,0.355930054285157,2.807526993097592,292,True
LEVEL,act,infl_exp,real_macro,a,18,-0.08972383829275124,-0.04403590983755984,0.09123991226153154,-0.9833836538067398,0.3254186522663882,-0.23980013889886548,0.060352462313363,-0.34588235481485696,0.1664346782293545,2.807526993097592,291,True
LEVEL,act,infl_exp,real_macro,a,19,-0.1799750689127744,-0.08833066059649211,0.09043745076077163,-1.9900502214381393,0.04658540349349024,-0.3287314378088748,-0.03121870001667401,-0.4338806531105751,0.07393051528502628,2.807526993097592,290,True
LEVEL,act,infl_exp,real_macro,a,20,-0.021880179400354523,-0.010738657926780734,0.08837039083677765,-0.24759627283721952,0.8044467947986846,-0.1672365372833474,0.12347617848263834,-0.26998243706519187,0.22622207826448282,2.807526993097592,289,True
LEVEL,act,infl_exp,real_macro,a,21,0.016799343108526613,0.008245014619677459,0.07624004715133108,0.22034801572434903,0.8256001278221624,-0.10860437496729157,0.14220306118434478,-0.19724664722386853,0.23084533344092178,2.807526993097592,288,True
LEVEL,act,infl_exp,real_macro,a,22,0.025791076306404204,0.012658102154934191,0.10106039071456151,0.2552045972120711,0.7985650805468666,-0.14043847390157518,0.1920206265143836,-0.25793869855771645,0.30952085117052486,2.807526993097592,287,True
LEVEL,act,infl_exp,real_macro,a,23,0.03731939441956458,0.018316130017646037,0.06499646821998424,0.5741757274142184,0.5658488927820716,-0.06959028207111259,0.14422907091024176,-0.14515994456405096,0.21979873340318012,2.807526993097592,286,True
LEVEL,act,infl_exp,real_macro,a,24,0.07405506926858896,0.036345774048202904,0.07906938308649021,0.9365833699193488,0.34897290960239535,-0.05600249228203985,0.20411263081921777,-0.1479343580743065,0.2960444966114844,2.807526993097592,285,True
LEVEL,act,freight,physical_channel,a,0,-0.0017937334315165,-0.0008803533728144005,0.00548642085168674,-0.3269405464885247,0.7437128530979287,-0.01081809266839562,0.0072306258053626195,-0.017279457775870765,0.013691990912837765,2.822554952122083,309,True
LEVEL,act,freight,physical_channel,a,1,0.004963554790893532,0.00243608226536642,0.009029329822700933,0.5497146397747591,0.5825151140056077,-0.009888371116917191,0.019815480698704254,-0.020522224814514597,0.030449334396301663,2.822554952122083,308,True
LEVEL,act,freight,physical_channel,a,2,0.005668945863335718,0.002782283879757155,0.005085303648173092,1.1147703766661605,0.26494883389303603,-0.0026956342865113456,0.014033526013182782,-0.008684603131859737,0.020022494858531175,2.822554952122083,307,True
LEVEL,act,freight,physical_channel,a,3,-0.00023883549348459863,-0.00011721899616889871,0.004616803937255967,-0.051731781710997314,0.9587424129927316,-0.007832802194603914,0.007355131207634717,-0.01327001830956316,0.012792347322593963,2.822554952122083,306,True
LEVEL,act,freight,physical_channel,a,4,-0.0014579992571757995,-0.0007155770980587861,0.004726041752522095,-0.30850325357318836,0.7576994249060213,-0.00923164617493586,0.006315647660584261,-0.014797511809692769,0.01188151329534117,2.822554952122083,305,True
LEVEL,act,freight,physical_channel,a,5,-0.0066980678975649115,-0.003287370665760426,0.004631805676827175,-1.446102959602818,0.1481483257545359,-0.01431671026442851,0.0009205744692986862,-0.01977159394796063,0.006375458152830809,2.822554952122083,304,True
LEVEL,act,freight,physical_channel,a,6,0.0004427199778970893,0.0002172842513307609,0.00384137967725293,0.11525025253783032,0.9082467682439977,-0.005875787316730069,0.006761227272524247,-0.010399785253114299,0.011285225208908477,2.822554952122083,303,True
LEVEL,act,freight,physical_channel,a,7,0.005319112653453404,0.002610587884783138,0.005585371920791623,0.9523291785911221,0.34093006426409855,-0.0038680066083336085,0.014506231915240416,-0.010445906521020624,0.02108413182792743,2.822554952122083,302,True
LEVEL,act,freight,physical_channel,a,8,0.006219462799070942,0.0030524742172122633,0.0060143334603198996,1.0341067451787302,0.30108626328615673,-0.003673235406831843,0.016112161004973726,-0.010756323893068536,0.02319524949121042,2.822554952122083,301,True
LEVEL,act,freight,physical_channel,a,9,-0.01060284432614145,-0.0052038110010878685,0.005346986386357214,-1.9829570453357632,0.04737222779257787,-0.01939785427700126,-0.001807834375281642,-0.025695007229883368,0.0044893185776004665,2.822554952122083,300,True
LEVEL,act,freight,physical_channel,a,10,-0.0012350600677148518,-0.0006061599104622308,0.0045533540518451895,-0.27124182605882785,0.7862050457623506,-0.008724660994686594,0.00625454085925689,-0.014087152095515644,0.01161703196008594,2.822554952122083,299,True
LEVEL,act,freight,physical_channel,a,11,0.005089330137387632,0.002497812034437718,0.007439467569107862,0.6840987060042985,0.49391283892346016,-0.007147505076247288,0.017326165351022552,-0.0159089758909494,0.026087636165724664,2.822554952122083,298,True
LEVEL,act,freight,physical_channel,a,12,0.003457134584112382,0.0016967404620560247,0.00425273356513392,0.8129205677157241,0.41626360136617047,-0.0035379896449564117,0.010452258813181176,-0.008546439600212166,0.01546070876843693,2.822554952122083,297,True
LEVEL,act,freight,physical_channel,a,13,0.0024539243988712725,0.0012043710526995343,0.004625116519835066,0.530564881630005,0.5957203369776085,-0.005153715283852606,0.010061564081595151,-0.010600721138330847,0.015508569936073392,2.822554952122083,296,True
LEVEL,act,freight,physical_channel,a,14,0.006239059204032049,0.003062092012643529,0.006030385915265947,1.0346036375943775,0.3008540545127808,-0.003680042940610217,0.016158161348674316,-0.01078203642430911,0.02326015483237321,2.822554952122083,295,True
LEVEL,act,freight,physical_channel,a,15,0.0043156749341690115,0.002118106803112961,0.006017010136467567,0.7172457476866798,0.47322247605399315,-0.005581426012203438,0.014212775880541461,-0.01266766682348629,0.021299016691824314,2.822554952122083,294,True
LEVEL,act,freight,physical_channel,a,16,-0.010964459425327597,-0.0053812894751106176,0.00590812064025708,-1.8558286285857732,0.06347798856964139,-0.02068245308892131,-0.0012464657617338847,-0.02764045459621991,0.005711535745564716,2.822554952122083,293,True
LEVEL,act,freight,physical_channel,a,17,-0.0056025065431682015,-0.002749675868684117,0.005113265001428089,-1.0956808500250763,0.2732184660081096,-0.014013079026331218,0.002808065939994815,-0.020034977994461585,0.008829964908125182,2.822554952122083,292,True
LEVEL,act,freight,physical_channel,a,18,-0.004558332045251051,-0.0022372014257726197,0.005871743375616699,-0.7763166326682828,0.43756205476490206,-0.014216490433162459,0.005099826342660357,-0.021131650387688,0.0120149862971859,2.822554952122083,291,True
LEVEL,act,freight,physical_channel,a,19,0.009396843687121332,0.00461191328009815,0.011097206600188737,0.846775591882872,0.39712021545717946,-0.008856436838228928,0.027650124212471594,-0.02192563175696325,0.04071931913120592,2.822554952122083,290,True
LEVEL,act,freight,physical_channel,a,20,-0.0031806115366141384,-0.00156102464539748,0.005124439001900314,-0.6206750700778487,0.534813435484353,-0.011609563614981451,0.005248340541753174,-0.017644622218275414,0.011283399145047137,2.822554952122083,289,True
LEVEL,act,freight,physical_channel,a,21,0.003204079775342929,0.0015725427131080415,0.005484049671810729,0.584254331577745,0.5590492125465805,-0.00581637921771698,0.012224538768402838,-0.01227495178350993,0.018683111334195788,2.822554952122083,288,True
LEVEL,act,freight,physical_channel,a,22,0.0013307458075567215,0.0006531218850343463,0.0041397909575909,0.3214524166049033,0.7478675663032581,-0.005478604363857578,0.008140095978971022,-0.010354041660541692,0.013015533275655137,2.822554952122083,287,True
LEVEL,act,freight,physical_channel,a,23,-0.0044733666919409484,-0.002195500951195593,0.004876120750464718,-0.917402771765776,0.3589316208389661,-0.012493871593796176,0.0035471382099142787,-0.018236485463310387,0.009289752079428492,2.822554952122083,286,True
LEVEL,act,freight,physical_channel,a,24,0.0031124083553640642,0.0015275509421173825,0.005570321722753217,0.5587484009497585,0.5763334418942783,-0.0060499555335931385,0.012274772244321268,-0.012610130808106242,0.018834947518834372,2.822554952122083,285,True
LEVEL,act,oil,asset_price,b,0,0.0020612726635136445,0.0010116599878947326,0.032221662959228584,0.06397164125643853,0.9489928075408466,-0.0509386465213814,0.055061191848408686,-0.0894816365460739,0.0936041818731012,2.841036147805922,309,True
LEVEL,act,oil,asset_price,b,1,-0.04607930159406199,-0.022615438761693894,0.025059350601982493,-1.8388066923975503,0.0659436235678801,-0.08729826532078144,-0.00486033786734253,-0.11727382249483634,0.025115219306712365,2.841036147805922,308,True
LEVEL,act,oil,asset_price,b,2,-0.012036122873233083,-0.005907255326172376,0.030725952773909635,-0.39172496819865354,0.6952614395204211,-0.06257581773493799,0.03850357198847183,-0.099329665379688,0.07525741963322184,2.841036147805922,307,True
LEVEL,act,oil,asset_price,b,3,-0.022055619749959836,-0.010824762974938418,0.02967646752695872,-0.7432023279025394,0.4573591941984978,-0.07086906499678547,0.026757825496865804,-0.10636753673323818,0.06225629723331851,2.841036147805922,306,True
LEVEL,act,oil,asset_price,b,4,0.025740921219525925,0.012633486345739086,0.023650960794093172,1.0883668297295863,0.27643319846677006,-0.013161447423525298,0.06464328986257714,-0.041452313326833426,0.09293415576588528,2.841036147805922,305,True
LEVEL,act,oil,asset_price,b,5,-0.006697241648038143,-0.0032869651475575,0.028309384014520902,-0.23657320288575995,0.8129879111196523,-0.05326203462108488,0.03986755132500859,-0.08712522495541115,0.07373074165933487,2.841036147805922,304,True
LEVEL,act,oil,asset_price,b,6,-0.0006312284339970737,-0.00030980304605008095,0.025805395415187886,-0.02446110295312744,0.9804848097707918,-0.04307732667758576,0.041814869809591614,-0.07394528961697107,0.07268283274897692,2.841036147805922,303,True
LEVEL,act,oil,asset_price,b,7,0.011415442962069257,0.005602629430467655,0.03084278598361653,0.3701171148460149,0.7112952304116089,-0.039316425428370425,0.062147311352508935,-0.07621002691642714,0.09904091284056565,2.841036147805922,302,True
LEVEL,act,oil,asset_price,b,8,0.03947609691392687,0.0193746263815477,0.02633108311869047,1.49922039803618,0.13381646498429797,-0.003834680655411829,0.08278687448326556,-0.03533146203715505,0.11428365586500878,2.841036147805922,301,True
LEVEL,act,oil,asset_price,b,9,-0.010030790450974573,-0.004923050465778597,0.02307324186586195,-0.434736935073508,0.6637533855745563,-0.04798289601956616,0.02792131511761701,-0.07558270463895733,0.05552112373700818,2.841036147805922,300,True
LEVEL,act,oil,asset_price,b,10,0.03712040061108719,0.018218465076253857,0.02553610893900432,1.4536435719221426,0.14604515013284017,-0.004882760795461974,0.07912356201763636,-0.035428607958934016,0.1096694091811084,2.841036147805922,299,True
LEVEL,act,oil,asset_price,b,11,-0.013354010609408357,-0.0065540665485911654,0.02397175249624429,-0.557072771859319,0.5774777098890851,-0.052784034647238784,0.02607601342842207,-0.08145862597749523,0.05475060475867852,2.841036147805922,298,True
LEVEL,act,oil,asset_price,b,12,-0.0012254752506639386,-0.0006014557410074381,0.027149417216423957,-0.04513817887488911,0.9639971700800267,-0.045882292628717625,0.04343134212738975,-0.07835795095438884,0.07590700045306097,2.841036147805922,297,True
LEVEL,act,oil,asset_price,b,13,0.018149691599065,0.008907757381357078,0.02394950397141044,0.7578316286103911,0.4485517851817332,-0.021243736871998146,0.05754312007012815,-0.04989171490573355,0.08619109810386355,2.841036147805922,296,True
LEVEL,act,oil,asset_price,b,14,0.01917887578714728,0.009412874672090447,0.027545310153130796,0.6962664671600153,0.48626196911771646,-0.026129127523733125,0.06448687909802768,-0.059078346060422796,0.09743609763471735,2.841036147805922,295,True
LEVEL,act,oil,asset_price,b,15,0.041744704639699426,0.020488045147059684,0.03349361956268278,1.2463479667097452,0.21263667514531537,-0.013347396977712124,0.09683680625711097,-0.053411879258741926,0.13690128853814076,2.841036147805922,294,True
LEVEL,act,oil,asset_price,b,16,-0.013734494910753235,-0.0067408059113674415,0.028051272359499384,-0.48962110291236527,0.6244020406726464,-0.05987473199187938,0.032405742170372905,-0.0934291736760401,0.06596018385453363,2.841036147805922,293,True
LEVEL,act,oil,asset_price,b,17,-0.04567918758141434,-0.02241906525693803,0.04035956166423977,-1.1318058397519213,0.25771607205132385,-0.11206475896701072,0.020706383804182035,-0.16034216117912167,0.06898378601629299,2.841036147805922,292,True
LEVEL,act,oil,asset_price,b,18,-0.03950759994039011,-0.01939008787382603,0.026377508488483744,-1.497776029818695,0.1341914505719308,-0.08289474044761584,0.003879540566835621,-0.11444705504522998,0.03543185516444975,2.841036147805922,291,True
LEVEL,act,oil,asset_price,b,19,-0.023047094532017167,-0.011311372720348944,0.03687184796875972,-0.6250593827449115,0.5319320846224928,-0.08369588739583486,0.03760169833180052,-0.12780134744766788,0.08170715838363354,2.841036147805922,290,True
LEVEL,act,oil,asset_price,b,20,0.04395488310380264,0.021572787189108822,0.02454299080099813,1.7909342614435995,0.0733038448610537,0.00358525566854425,0.08432451053906104,-0.025772640937101264,0.11368240714470654,2.841036147805922,289,True
LEVEL,act,oil,asset_price,b,21,0.04206958577982187,0.020647494819148796,0.028448087146509447,1.4788194919103295,0.13918856487918954,-0.0047233535429457504,0.08886252510258949,-0.03875245813934449,0.12289162969898823,2.841036147805922,288,True
LEVEL,act,oil,asset_price,b,22,9.284352359351902e-05,4.5567032259874553e-05,0.02595196190246679,0.0035775146381011773,0.9971455623930202,-0.04259433513818541,0.04278002218537245,-0.07363761834779678,0.07382330539498383,2.841036147805922,287,True
LEVEL,act,oil,asset_price,b,23,-0.007992193968039676,-0.003922519808309607,0.0237987728660488,-0.33582378440366123,0.7370037533834162,-0.04713769183375433,0.031153303897674976,-0.07560536795390706,0.05962098001782771,2.841036147805922,286,True
LEVEL,act,oil,asset_price,b,24,0.0541406427228521,0.02657189557263589,0.037238891480370045,1.4538736404490336,0.1459813421174947,-0.00711188299228685,0.11539316843799105,-0.05165639407710118,0.15993767952280538,2.841036147805922,285,True
LEVEL,act,dxy,asset_price,b,0,-0.002984486911348104,-0.0014647678815376795,0.00386225253765542,-0.772732202840324,0.4396808842656268,-0.00933732700611315,0.003368353183416941,-0.013964775263858368,0.00799580144116216,2.842975244486692,309,True
LEVEL,act,dxy,asset_price,b,1,1.8777436821013646e-05,9.215850888285469e-06,0.0030715085323248445,0.006113424925699582,0.9951222230218196,-0.0050334045127859,0.005070959386427927,-0.00871344528380817,0.008751000157450199,2.842975244486692,308,True
LEVEL,act,dxy,asset_price,b,2,0.005813910789767535,0.0028534317770320277,0.0030219937261102706,1.9238659364296076,0.05437138993432146,0.0008431734487504621,0.010784648130784606,-0.00277754256255806,0.01440536414209313,2.842975244486692,307,True
LEVEL,act,dxy,asset_price,b,3,0.0015488660376472355,0.0007601739569115441,0.0034299364757823373,0.4515728056724296,0.6515767645741094,-0.004092877414756492,0.007190609490050963,-0.008202358453163878,0.011300090528458349,2.842975244486692,306,True
LEVEL,act,dxy,asset_price,b,4,0.0005056405557571989,0.0002481652852487982,0.0030764628896203794,0.16435776211153727,0.8694495122874877,-0.004554690586416488,0.005565971697930886,-0.008240667280015533,0.009251948391529931,2.842975244486692,305,True
LEVEL,act,dxy,asset_price,b,5,-0.001014627250190054,-0.000497972834848174,0.003795791750514045,-0.26730319176563044,0.7892357294784829,-0.007258149078175559,0.005228894577795451,-0.01180596923012829,0.009776714729748183,2.842975244486692,304,True
LEVEL,act,dxy,asset_price,b,6,-0.003065133672276877,-0.00150434881744641,0.0033240652417531108,-0.9221039448252004,0.35647435950692885,-0.008532734441397804,0.0024024670968440494,-0.012515368865639642,0.006385101521085888,2.842975244486692,303,True
LEVEL,act,dxy,asset_price,b,7,-0.007958182985479687,-0.003905827426552467,0.003242866203880511,-2.454058380810373,0.014125404675067982,-0.013292223222650897,-0.0026241427483084763,-0.01717757132429451,0.0012612053533351385,2.842975244486692,302,True
LEVEL,act,dxy,asset_price,b,8,-0.01070596440693745,-0.00525442170462864,0.003176516087211061,-3.37034792615741,0.000750733302478633,-0.015930868414056262,-0.005481060399818638,-0.019736721006592226,-0.0016752078072826745,2.842975244486692,301,True
LEVEL,act,dxy,asset_price,b,9,-0.001047302013162008,-0.0005140094082223745,0.0035796430255302793,-0.29257163513025525,0.7698495973807205,-0.006935290826897029,0.0048406868005730136,-0.011224138518844035,0.00912953449252002,2.842975244486692,300,True
LEVEL,act,dxy,asset_price,b,10,-0.004318498737548616,-0.00211949270850209,0.0030951652748038307,-1.3952401096973148,0.1629434454808122,-0.009409592565823948,0.0007725950907267144,-0.013117976991410756,0.004480979516313523,2.842975244486692,299,True
LEVEL,act,dxy,asset_price,b,11,0.004081426449568911,0.0020031390827867515,0.003784499639717846,1.0784586703972316,0.28082911635394003,-0.0021435215090175284,0.01030637440815535,-0.006677812338917731,0.014840665238055552,2.842975244486692,298,True
LEVEL,act,dxy,asset_price,b,12,0.0055671118813467885,0.0027323043856272602,0.004086661856593837,1.3622638908487725,0.17311461893398283,-0.0011548486955958214,0.012289072458289398,-0.006051166609537513,0.017185390372231088,2.842975244486692,297,True
LEVEL,act,dxy,asset_price,b,13,-0.00040314861818003904,-0.00019786287054938996,0.0035190239835584483,-0.11456262306356146,0.9087918070638475,-0.006191427980865371,0.005385130744505293,-0.01040764668819165,0.009601349451831572,2.842975244486692,296,True
LEVEL,act,dxy,asset_price,b,14,-0.00989858469970755,-0.00485816469346237,0.0030393136561821933,-3.256848690023513,0.001126564681596976,-0.014897810790521972,-0.004899358608893131,-0.018539278184463864,-0.001257891214951238,2.842975244486692,295,True
LEVEL,act,dxy,asset_price,b,15,-0.001339901204763763,-0.0006576152978620595,0.0033786203055027842,-0.39658235717741225,0.6916754648615913,-0.006897237068361909,0.004217434658834382,-0.010945235093828241,0.008265432684300716,2.842975244486692,294,True
LEVEL,act,dxy,asset_price,b,16,0.0035757574994035105,0.0017549598617364623,0.0036228093215122815,0.987012338234481,0.3236365900334224,-0.0023832335528395678,0.009534748551646589,-0.006723799717151533,0.013875314715958554,2.842975244486692,293,True
LEVEL,act,dxy,asset_price,b,17,-0.004476805462628356,-0.002197188678769715,0.003935188449702397,-1.1376343267542675,0.25527320671593157,-0.010949614456858884,0.0019960035316021725,-0.015664448807522234,0.006710837882265522,2.842975244486692,292,True
LEVEL,act,dxy,asset_price,b,18,-0.005106982184777986,-0.0025064755510919396,0.0032361854605514055,-1.578086993786759,0.11454562574862663,-0.010430033577053585,0.00021606920749761387,-0.014307377335693395,0.004093412966137423,2.842975244486692,291,True
LEVEL,act,dxy,asset_price,b,19,-0.00918508229923082,-0.004507982088993762,0.003690264701018418,-2.4890036470001657,0.012810165167490872,-0.015255027577111955,-0.0031151370213496846,-0.019676413489829264,0.0013062488913676267,2.842975244486692,290,True
LEVEL,act,dxy,asset_price,b,20,-0.0032638721300445907,-0.0016018884342755507,0.003375455179648808,-0.9669428140308394,0.3335726220442581,-0.008816001824902065,0.002288257564812884,-0.01286020764466053,0.006332463384571349,2.842975244486692,289,True
LEVEL,act,dxy,asset_price,b,21,0.00032854007454635433,0.0001612454546755305,0.003934982235788869,0.08349213665013915,0.9334602296070312,-0.006143929727980581,0.006801009877073289,-0.010858517009296296,0.011515597158389004,2.842975244486692,288,True
LEVEL,act,dxy,asset_price,b,22,0.0036267594357064096,0.0017799912994380847,0.003187364191785989,1.137855361823028,0.2551808832491631,-0.0016159881155680218,0.00886950698698084,-0.005434838056704488,0.012688356928117307,2.842975244486692,287,True
LEVEL,act,dxy,asset_price,b,23,-0.006238617139606692,-0.003061875050133366,0.003461405039933104,-1.802336642962553,0.07149245671828919,-0.011932121773888762,-0.0005451125053246202,-0.016079305979277977,0.0036020717000645923,2.842975244486692,286,True
LEVEL,act,dxy,asset_price,b,24,-0.0025834834764908656,-0.0012679578538133999,0.0033000340411661693,-0.7828657050997909,0.4337059784136216,-0.008011556438166364,0.0028445894851846323,-0.01196539856148966,0.00679843160850793,2.842975244486692,285,True
LEVEL,act,vix,asset_price,b,0,-0.48282343076289025,-0.23696678016787057,1.1509033558224475,-0.4195169197485393,0.6748383918535059,-2.375890989858064,1.4102441283322833,-3.643866009357067,2.6782191478312862,2.746575168629396,309,True
LEVEL,act,vix,asset_price,b,1,-1.1338991296089724,-0.5565107421444575,1.1139419889673938,-1.0179157809286628,0.3087179813430393,-2.9661706503755267,0.6983723911575821,-4.193424535800457,1.9256262765825123,2.746575168629396,308,True
LEVEL,act,vix,asset_price,b,2,-1.2366282221174578,-0.6069295510304287,1.2242164179531052,-1.0101385702579493,0.31242890537348667,-3.2502850373611625,0.7770285931262468,-4.599030636695883,2.1257741924609674,2.746575168629396,307,True
LEVEL,act,vix,asset_price,b,3,-1.4525183916483175,-0.7128871228549558,1.2473339076585406,-1.1644984416201298,0.24422207452355704,-3.504200093680021,0.5991633103833858,-4.878414729412738,1.9733779461161023,2.746575168629396,306,True
LEVEL,act,vix,asset_price,b,4,-0.936552015041623,-0.4596539880292863,1.1572478696952782,-0.8092924943454267,0.41834692248641214,-2.8400553707917657,0.9669513407085198,-4.115020277895941,2.241916247812695,2.746575168629396,305,True
LEVEL,act,vix,asset_price,b,5,-0.32587837878080306,-0.15993911070967834,1.3216663757237361,-0.2465662929514675,0.8052438935527195,-2.4998261105097974,1.8480693529481913,-3.9559344275560266,3.3041776699944205,2.746575168629396,304,True
LEVEL,act,vix,asset_price,b,6,-0.23107961048690512,-0.1134124563362767,1.138597711010638,-0.2029510583521155,0.8391732858183362,-2.103906185081397,1.641746964107587,-3.358323810606993,2.8961645896331825,2.746575168629396,303,True
LEVEL,act,vix,asset_price,b,7,-1.3884803815802278,-0.6814576600589691,1.20698432255425,-1.1503715132288475,0.24999088786422174,-3.3737929222071514,0.5968321590466961,-4.703553550832705,1.926592787672249,2.746575168629396,302,True
LEVEL,act,vix,asset_price,b,8,-1.1422768047956697,-0.56062245377193,1.1805620417751805,-0.9675703303809918,0.33325900089239424,-3.084128561050811,0.7995749514594714,-4.3847791937618,2.1002255841704613,2.746575168629396,301,True
LEVEL,act,vix,asset_price,b,9,-0.5745893946715821,-0.28200495273974546,1.3362352076127044,-0.4300061781025318,0.6671911470770542,-2.7725007223735925,1.6233219330304283,-4.2446598353489815,3.0954810460058177,2.746575168629396,300,True
LEVEL,act,vix,asset_price,b,10,-1.0796903510022307,-0.5299054058976735,1.4626449673681052,-0.7381766423775648,0.46040711478487817,-3.4855272305199763,1.326146528515515,-5.096954698896223,2.937573996891761,2.746575168629396,299,True
LEVEL,act,vix,asset_price,b,11,1.999881749725515,0.9815297037265632,1.649954281088847,1.2120831302099728,0.22548056065277744,-0.7140515338275837,4.713815033278614,-2.53184170808688,6.531605207537909,2.746575168629396,298,True
LEVEL,act,vix,asset_price,b,12,-0.2087143653405017,-0.10243573111473085,1.435886985572388,-0.1453557051757119,0.8844300353132037,-2.57053828145166,2.1531095507706564,-4.152485904871739,3.735057174190735,2.746575168629396,297,True
LEVEL,act,vix,asset_price,b,13,-0.9535223278459584,-0.46798291352764265,1.492086904917387,-0.639052808990876,0.5227885780864951,-3.407786885126119,1.500742229434202,-5.051651170329144,3.144606514637228,2.746575168629396,296,True
LEVEL,act,vix,asset_price,b,14,-2.0116129313193882,-0.9872872957420797,1.5908569783350328,-1.2644838340054378,0.20605641950005127,-4.6283398020948265,0.6051139394560501,-6.381021204855183,2.3577953422164066,2.746575168629396,295,True
LEVEL,act,vix,asset_price,b,15,-0.8519777693105665,-0.41814546665461255,1.6932727025341732,-0.5031544936828461,0.6148556561835172,-3.6371635154918227,1.9332079768706896,-5.502678527808916,3.7987229891877834,2.746575168629396,294,True
LEVEL,act,vix,asset_price,b,16,-0.2449851574510964,-0.12023721354694267,1.607326675293102,-0.15241777618505736,0.8788574375098382,-2.8888022690028063,2.3988319541006136,-4.659628691686774,4.169658376784581,2.746575168629396,293,True
LEVEL,act,vix,asset_price,b,17,-2.0275968331251977,-0.9951320967689424,1.8762092120071707,-1.0806880278324997,0.27983591039746125,-5.113686360414956,1.0584926941645607,-7.180746465977819,3.125552799727424,2.746575168629396,292,True
LEVEL,act,vix,asset_price,b,18,-2.6329035089386625,-1.2922129027998217,1.3339141270536665,-1.9738178459464915,0.04840245887978526,-4.8269969988646935,-0.43881001901263206,-6.296598927388221,1.0307919095108953,2.746575168629396,291,True
LEVEL,act,vix,asset_price,b,19,-1.9563772715576855,-0.960177972519101,1.3410262628595284,-1.458865740172767,0.14460206424482466,-4.162169183859359,0.24941464074398834,-5.639606705607544,1.7268521624921727,2.746575168629396,290,True
LEVEL,act,vix,asset_price,b,20,-3.460910726587823,-1.6985937696356643,1.279717576534856,-2.7044332203040247,0.006842102086220148,-5.56585882382473,-1.3559626293509166,-6.975751245157047,0.053929791981401465,2.746575168629396,289,True
LEVEL,act,vix,asset_price,b,21,-4.4342658979956,-2.1763105212104605,1.3964031176204423,-3.175491261829796,0.001495830266300535,-6.731144630699927,-2.1373871652912717,-8.269592026248581,-0.5989397697426186,2.746575168629396,288,True
LEVEL,act,vix,asset_price,b,22,-3.4911269413423667,-1.7134237026153698,1.2847196480030822,-2.717423172260841,0.006579242800314301,-5.604302713976056,-1.377951168708678,-7.01970602519793,0.037452142513197284,2.746575168629396,287,True
LEVEL,act,vix,asset_price,b,23,-3.7042892454831264,-1.8180424548279281,1.4488399359325845,-2.5567277334185032,0.010566188274682276,-6.087418868973977,-1.321159621992276,-7.683637036834169,0.27505854586791534,2.746575168629396,286,True
LEVEL,act,vix,asset_price,b,24,-4.5437173931470145,-2.230028644106048,1.409921975183401,-3.2226729373134093,0.0012700047536887114,-6.862832667746015,-2.224602118548014,-8.416174079890656,-0.6712607064033738,2.746575168629396,285,True
LEVEL,act,us10y,asset_price,b,0,-0.02343695878033715,-0.011502715703602636,0.05593891686550497,-0.41897412559286923,0.6752350422954725,-0.11544828907429988,0.06857437151362558,-0.18195737077310864,0.1350834532124343,2.833812681319969,309,True
LEVEL,act,us10y,asset_price,b,1,0.04593460279075884,0.022544421476019264,0.06986954147898415,0.6574338662945909,0.5109019816791724,-0.06899056592438457,0.16085977150590225,-0.15206258989039803,0.2439317954719157,2.833812681319969,308,True
LEVEL,act,us10y,asset_price,b,2,0.009833288671392899,0.004826117803022474,0.04884615589491264,0.20131141317544382,0.8404550788252774,-0.0705114880149912,0.09017806535777699,-0.1285875673373427,0.1482541446801285,2.833812681319969,307,True
LEVEL,act,us10y,asset_price,b,3,-0.03819299129852176,-0.01874488601079262,0.05961959006142047,-0.6406114376025581,0.5217751665944066,-0.13625849024840916,0.05987250765136565,-0.2071437416696731,0.13075775907262954,2.833812681319969,306,True
LEVEL,act,us10y,asset_price,b,4,-0.04172213484689377,-0.020476968031100832,0.053048339181730575,-0.786492762835873,0.4315788573222511,-0.1289788879537152,0.04553461825992766,-0.19205119114304486,0.10860692144925732,2.833812681319969,305,True
LEVEL,act,us10y,asset_price,b,5,0.09182750688515388,0.045068377487471264,0.06426517856435733,1.4288843341996584,0.1530374808101764,-0.013879305163113281,0.19753431893342105,-0.09028797109781415,0.2739429848681219,2.833812681319969,304,True
LEVEL,act,us10y,asset_price,b,6,-0.02748364259595951,-0.01348880331461666,0.06087318892529454,-0.451490107240616,0.6516363534528616,-0.1276111281838324,0.0726438429919134,-0.19998685732484545,0.14501957213292643,2.833812681319969,303,True
LEVEL,act,us10y,asset_price,b,7,-0.04139620683411949,-0.020317004560331402,0.05292989233190944,-0.7820950508369592,0.43415871511025506,-0.12845813221041164,0.04566571854217266,-0.19138960694518503,0.10859719327694606,2.833812681319969,302,True
LEVEL,act,us10y,asset_price,b,8,-0.046606636051078225,-0.022874251280699576,0.04525266772575537,-1.0299201879882156,0.3030474730720403,-0.12104065068901676,0.027827378586860317,-0.17484421971588268,0.08163094761372622,2.833812681319969,301,True
LEVEL,act,us10y,asset_price,b,9,-0.07414565641793869,-0.03639023366581523,0.047276586138884705,-1.568337785645532,0.11680232207785274,-0.1519087205983669,0.003617407762489519,-0.20811864574782601,0.05982733291194864,2.833812681319969,300,True
LEVEL,act,us10y,asset_price,b,10,0.004880430089719095,0.002395285171574598,0.0625307825766628,0.0780484409216482,0.9377895201987202,-0.09797355442761863,0.10773441460705682,-0.1723200945488897,0.18208095472832786,2.833812681319969,299,True
LEVEL,act,us10y,asset_price,b,11,-0.03888259989519863,-0.019083341682822445,0.06400557854154877,-0.6074876718746985,0.5435273216186902,-0.14416240790439244,0.06639720811399519,-0.22026242004146082,0.14249722025106357,2.833812681319969,298,True
LEVEL,act,us10y,asset_price,b,12,-0.01916758513661638,-0.009407333290020234,0.0464464056674585,-0.41268177507319287,0.6798397791892379,-0.09556512395759492,0.05722995368436216,-0.15078799851879196,0.11245282824555922,2.833812681319969,297,True
LEVEL,act,us10y,asset_price,b,13,0.09689305420917595,0.04755451706289499,0.05103103061773913,1.898708551175028,0.05760280661846201,0.012954478410516113,0.18083163000783578,-0.047719327496200795,0.2415054359145527,2.833812681319969,296,True
LEVEL,act,us10y,asset_price,b,14,0.0012141639315383093,0.0005959042149176284,0.058125729279544194,0.020888579749236833,0.9833345366777427,-0.09439415269311933,0.09682248055619595,-0.16350326481180544,0.16593159267488206,2.833812681319969,295,True
LEVEL,act,us10y,asset_price,b,15,-0.05134630302089305,-0.02520045077588644,0.053246622634878144,-0.9643109831206397,0.3348900360674748,-0.1389292033847887,0.03623659734300262,-0.20223725748106963,0.09954465143928354,2.833812681319969,294,True
LEVEL,act,us10y,asset_price,b,16,0.010378885303405548,0.005093893285571423,0.05106916329447549,0.20323194338545789,0.8389537465716459,-0.07362241316688947,0.09438018377370055,-0.13434155726487937,0.15509932787169048,2.833812681319969,293,True
LEVEL,act,us10y,asset_price,b,17,0.027327820211072912,0.013412326643287117,0.044577507981796466,0.6130405544929164,0.5398495248058384,-0.045995655473243205,0.10065129589538903,-0.09899648720938406,0.15365212763152988,2.833812681319969,292,True
LEVEL,act,us10y,asset_price,b,18,0.053019072104662786,0.026021435588323885,0.04947152975752487,1.071708765921036,0.2838508623107109,-0.028354353047839682,0.13439249725716526,-0.08717397628650941,0.19321212049583497,2.833812681319969,291,True
LEVEL,act,us10y,asset_price,b,19,-0.08875401430241185,-0.04355992616800769,0.055421241383070904,-1.601443996696957,0.10927861464196788,-0.17991384420150905,0.0024058155966853456,-0.24580743094825325,0.06829940234342953,2.833812681319969,290,True
LEVEL,act,us10y,asset_price,b,20,-0.006226973410300232,-0.0030561603791644403,0.05391644155337583,-0.11549303386677877,0.9080543416994311,-0.09491162785168752,0.08245768103108705,-0.15901606921590358,0.1465621223953031,2.833812681319969,289,True
LEVEL,act,us10y,asset_price,b,21,0.14181964742844297,0.0696042136202056,0.07287674396534298,1.9460206330827052,0.05165226117908108,0.021948070796634758,0.2616912240602512,-0.06469939379385448,0.3483386886507404,2.833812681319969,288,True
LEVEL,act,us10y,asset_price,b,22,0.005176774737550115,0.0025407293081724023,0.04845456323987557,0.10683771334234007,0.9149177277664333,-0.0745238893499087,0.08487743882500892,-0.13213438103942965,0.1424879305145299,2.833812681319969,287,True
LEVEL,act,us10y,asset_price,b,23,-0.06140750590022598,-0.030138427475078732,0.0771878694095101,-0.7955590220328084,0.426288392414056,-0.18837025285511524,0.06555524105466329,-0.2801434690769654,0.15732845727651343,2.833812681319969,286,True
LEVEL,act,us10y,asset_price,b,24,0.09559091937070188,0.04691543726610456,0.0498125232801298,1.9190137956499198,0.05498258795111204,0.013656609785775736,0.17752522895562803,-0.045568440789076126,0.2367502795304799,2.833812681319969,285,True
LEVEL,act,ip,real_macro,b,0,0.031089916264349447,0.015258740325031151,0.17919331112635806,0.173499312384637,0.8622589683228908,-0.26365685146728424,0.3258366839959831,-0.4766729278169599,0.5388527603456588,2.833603781802216,309,True
LEVEL,act,ip,real_macro,b,1,-0.04000256135305216,-0.019633011901105616,0.300553512180487,-0.1330963030937067,0.8941172188399147,-0.5343690959561297,0.4543639732500253,-0.8916521301016184,0.8116470073955141,2.833603781802216,308,True
LEVEL,act,ip,real_macro,b,2,-0.4464466721962375,-0.21911329004858732,0.24856099362629475,-1.7961252314088305,0.07247460246307308,-0.8552931240811101,-0.03760022031136484,-1.1507700437442228,0.2578766993517478,2.833603781802216,307,True
LEVEL,act,ip,real_macro,b,3,0.16143299169213188,0.07923032275734226,0.27214411504767255,0.5931893536035238,0.5530544367847232,-0.28620424299753106,0.6090702263817949,-0.6097156019021704,0.9325815852864342,2.833603781802216,306,True
LEVEL,act,ip,real_macro,b,4,0.17202269836392686,0.08442768587820916,0.3146128855176183,0.546775756119797,0.5845328009880939,-0.34546944746539593,0.6895148441932497,-0.719465563842504,1.0635109605703577,2.833603781802216,305,True
LEVEL,act,ip,real_macro,b,5,0.14424056231255233,0.07079238380540441,0.18924390065272223,0.7621939825540024,0.4459442369967306,-0.16703795405452188,0.45551907867962654,-0.3920016702600042,0.6804827948851089,2.833603781802216,304,True
LEVEL,act,ip,real_macro,b,6,0.14225572892040428,0.0698182397433322,0.16148145751217363,0.8809415713236303,0.37834944539337556,-0.12335763215390455,0.4078690899947131,-0.3153187397770248,0.5998301976178333,2.833603781802216,303,True
LEVEL,act,ip,real_macro,b,7,0.042466521586835025,0.020842308480061276,0.2048561389089203,0.20729923844613599,0.8357761688621576,-0.2944918415007771,0.3794248846744471,-0.5380146083508816,0.6229476515245517,2.833603781802216,302,True
LEVEL,act,ip,real_macro,b,8,0.20144637807766078,0.09886864751803129,0.24792799703574747,0.8125196850947626,0.41649349582105644,-0.20635888706940228,0.6092516432247238,-0.5010833319374819,0.9039760880928034,2.833603781802216,301,True
LEVEL,act,ip,real_macro,b,9,0.47655350311505407,0.2338895381122279,0.27151502727487814,1.7551643748712211,0.0792311956176976,0.029951025730142855,0.9231559804999653,-0.2928125049871725,1.2459195112172807,2.833603781802216,300,True
LEVEL,act,ip,real_macro,b,10,-0.2725583119246001,-0.13376994874236078,0.22418045771047154,-1.2157987128236147,0.22406160927482544,-0.6413023508813104,0.09618572703211015,-0.907796904699144,0.36268028084994375,2.833603781802216,299,True
LEVEL,act,ip,real_macro,b,11,0.12050493323533842,0.05914308255090827,0.2238169563780992,0.5384084172414829,0.5902951165489101,-0.2476411992364175,0.4886510657070944,-0.5137036407891051,0.7547135072597819,2.833603781802216,298,True
LEVEL,act,ip,real_macro,b,12,-0.06133414135667112,-0.030102420606817986,0.2020300712689826,-0.30358916854021656,0.7614409045950034,-0.39364403683672156,0.27097575412337926,-0.6338073153422314,0.5111390326288892,2.833603781802216,297,True
LEVEL,act,ip,real_macro,b,13,0.111547286321763,0.054746724355042145,0.19694285855984928,0.5663941670058816,0.5711258590866997,-0.21239488888259586,0.4354894615261219,-0.4465107424923648,0.6696053151358908,2.833603781802216,296,True
LEVEL,act,ip,real_macro,b,14,-0.016117638223535756,-0.007910438040894308,0.22998621487261212,-0.07008088825003364,0.9441292782636447,-0.3944112979055924,0.3621760214585209,-0.6678074464489465,0.635572170001875,2.833603781802216,295,True
LEVEL,act,ip,real_macro,b,15,0.21549045869821887,0.10576139619804716,0.2056287159600966,1.0479589764108432,0.2946575080813263,-0.12273868055412013,0.5537195979505578,-0.3671798484934446,0.7981607658898824,2.833603781802216,294,True
LEVEL,act,ip,real_macro,b,16,0.3722069175843442,0.18267687356598997,0.314099962706596,1.184995102759775,0.23601938319192062,-0.1444415452989224,0.8888553804676108,-0.5178279246050013,1.2622417597736897,2.833603781802216,293,True
LEVEL,act,ip,real_macro,b,17,-0.08975549968992519,-0.04405144905721219,0.1873190718381245,-0.479158362302207,0.631825973020204,-0.39786795440004763,0.21835695502019725,-0.6205435300541158,0.44103253067426534,2.833603781802216,292,True
LEVEL,act,ip,real_macro,b,18,0.23210997282795712,0.11391815185726567,0.3877467862754682,0.598612241399877,0.5494314909760081,-0.4056767349160241,0.8698966805719383,-0.8666107871438652,1.3308307327997795,2.833603781802216,291,True
LEVEL,act,ip,real_macro,b,19,0.013195198121201273,0.006476122352880908,0.20639568805678993,0.06393155906227364,0.9490247231735649,-0.32629549796615426,0.35268589420855684,-0.5716484041041892,0.5980388003465917,2.833603781802216,290,True
LEVEL,act,ip,real_macro,b,20,-0.43202980719069345,-0.21203758107754456,0.329574642380432,-1.3108708973185996,0.18990138470450924,-0.9741318530613814,0.11007223867999444,-1.3659137602259983,0.5018541458446115,2.833603781802216,289,True
LEVEL,act,ip,real_macro,b,21,0.07663163720075783,0.037610337795254536,0.22921959557653768,0.3343153843719705,0.7381415826071402,-0.3004010459516598,0.45366432035317544,-0.5728858756880938,0.7261491500896095,2.833603781802216,288,True
LEVEL,act,ip,real_macro,b,22,0.2442694485101824,0.11988594798595327,0.27923784586320916,0.8747719985987974,0.38169797592128385,-0.21503593504003332,0.7035748320603981,-0.5469799675501114,1.0355188645704763,2.833603781802216,287,True
LEVEL,act,ip,real_macro,b,23,0.007017264263264728,0.0034440302854099065,0.25711473214449043,0.027292346123991236,0.9782265615044797,-0.41589883544725664,0.42993336397378606,-0.7215440130984271,0.7355785416249566,2.833603781802216,286,True
LEVEL,act,ip,real_macro,b,24,-0.06492857152243928,-0.03186654489874498,0.20758793280114812,-0.312776232444279,0.7544506738015695,-0.40638033570176624,0.27652319265688774,-0.6531505229642769,0.5232933799193984,2.833603781802216,285,True
LEVEL,act,cpi,real_macro,b,0,-0.011222669295119208,-0.005508017296408361,0.062033429643654645,-0.18091324886576163,0.8564356693596324,-0.11325858103672352,0.0908132424464851,-0.1851501165083101,0.1627047779180717,2.803769648273539,309,True
LEVEL,act,cpi,real_macro,b,1,0.03036796419201028,0.014904410673407949,0.07061672858450455,0.43003923858735554,0.667167098215959,-0.08578621794365972,0.1465221463276803,-0.167625076073594,0.22836100445761454,2.803769648273539,308,True
LEVEL,act,cpi,real_macro,b,2,-0.07332215145476115,-0.03598606247787577,0.06801284477506629,-1.0780632937389094,0.28100551106343696,-0.1851933258623164,0.038549022952794124,-0.26401450132783155,0.11737019841830926,2.803769648273539,307,True
LEVEL,act,cpi,real_macro,b,3,-0.09835872698748588,-0.04827386027808863,0.06600323664358469,-1.4902106622228206,0.1361688537628437,-0.20692439017122247,0.01020693619625071,-0.28341659857658447,0.08669914460161271,2.803769648273539,306,True
LEVEL,act,cpi,real_macro,b,4,-0.023550155191189037,-0.011558271808168125,0.04787718496532262,-0.4918867976103103,0.6227993719571561,-0.10230111652962644,0.05520080614724836,-0.15778675324173877,0.1106864428593607,2.803769648273539,305,True
LEVEL,act,cpi,real_macro,b,5,-0.016925395581136177,-0.008306880400547476,0.052071127995752836,-0.32504376672071883,0.7451479475388276,-0.10257477932440458,0.06872398816213222,-0.16292084380699454,0.12907005264472218,2.803769648273539,304,True
LEVEL,act,cpi,real_macro,b,6,-0.0017199722893128143,-0.0008441518563679139,0.05749631917228903,-0.029914476510381094,0.97613526043101,-0.09629300141621189,0.09285305683758627,-0.16292640687202475,0.15948646229339913,2.803769648273539,303,True
LEVEL,act,cpi,real_macro,b,7,-0.01338504621380959,-0.006569298632986704,0.049475919670598015,-0.27053658229952826,0.7867474771747178,-0.09476569213075242,0.06799559970313324,-0.15210412810665205,0.12533403567903287,2.803769648273539,302,True
LEVEL,act,cpi,real_macro,b,8,0.024956874686875068,0.012248681113626607,0.055214010740753064,0.4520025687692812,0.6512671318904932,-0.06586209113859015,0.1157758405123403,-0.12985049278749752,0.17976424216124767,2.803769648273539,301,True
LEVEL,act,cpi,real_macro,b,9,0.019331446090578866,0.009487755241776745,0.05030819781391039,0.38426035776685397,0.7007854866405205,-0.06341817554902376,0.1020810677301815,-0.12172115199940427,0.160384044180562,2.803769648273539,300,True
LEVEL,act,cpi,real_macro,b,10,0.0689439304826077,0.03383725846271987,0.05355701754062211,1.2872996602231421,0.19798986194461354,-0.01914952406778818,0.15703738503300357,-0.08121760974984209,0.21910547071505748,2.803769648273539,299,True
LEVEL,act,cpi,real_macro,b,11,0.016202049312229145,0.007951866485795026,0.053143722369408654,0.3048723083341185,0.7604634070979549,-0.07121159517679476,0.10361569380125304,-0.13280070646339434,0.16520480508785265,2.803769648273539,298,True
LEVEL,act,cpi,real_macro,b,12,0.0119325987590521,0.005856446325522932,0.052640876107844584,0.22667933441316518,0.82067309760153,-0.07465393723283915,0.09851913475094336,-0.13566029193065024,0.15952548944875442,2.803769648273539,297,True
LEVEL,act,cpi,real_macro,b,13,-0.006188818846510482,-0.0030374343531393965,0.059403960668826084,-0.10418192283529405,0.9170249793871932,-0.10389963900791167,0.0915220013148907,-0.17274384075700014,0.16036620306397917,2.803769648273539,296,True
LEVEL,act,cpi,real_macro,b,14,0.02759178787684643,0.01354188035555817,0.06478762361919507,0.4258805360576865,0.6701948984480801,-0.07897436981475345,0.13415794556844632,-0.15405778481042254,0.2092413605641154,2.803769648273539,295,True
LEVEL,act,cpi,real_macro,b,15,0.030990505782298332,0.015209950269814967,0.06499393939477204,0.47682147090765725,0.6334892552115265,-0.07591501116105662,0.1378960227256533,-0.15123752881449334,0.21321854037909002,2.803769648273539,294,True
LEVEL,act,cpi,real_macro,b,16,0.015992557597487495,0.007849049236359273,0.07082472145909038,0.22580473693391198,0.8213532926850572,-0.10050374237232508,0.13248885756730006,-0.1825836467769377,0.21456876197191269,2.803769648273539,293,True
LEVEL,act,cpi,real_macro,b,17,-0.029965006724310028,-0.014706641618342309,0.058342481086357034,-0.5136052866856416,0.6075279826390808,-0.12592984834455206,0.065999834895932,-0.19354388439921086,0.13361387095059082,2.803769648273539,292,True
LEVEL,act,cpi,real_macro,b,18,-0.10399967992171977,-0.051042405399835955,0.06266455921240063,-1.6596251729660194,0.09698988097579346,-0.20707370742355224,-0.0009256524198872906,-0.2796966690638886,0.07169730922044909,2.803769648273539,291,True
LEVEL,act,cpi,real_macro,b,19,-0.0981924955635582,-0.04819227491420391,0.06273568146710197,-1.565177794634294,0.11754122661055372,-0.20138350876399314,0.004998517636876726,-0.27408889512477547,0.07770390399765904,2.803769648273539,290,True
LEVEL,act,cpi,real_macro,b,20,0.0012430723829345664,0.0006100923056575215,0.055711817504709535,0.022312544063555,0.9821986426582159,-0.09039471270374543,0.09288085746961457,-0.15496003058692448,0.1574461753527936,2.803769648273539,289,True
LEVEL,act,cpi,real_macro,b,21,0.03227500902479577,0.015840376587379676,0.05598229542985969,0.5765217159634546,0.564262595911861,-0.059807672658077765,0.1243576907076693,-0.12468645174212728,0.18923646979171882,2.803769648273539,288,True
LEVEL,act,cpi,real_macro,b,22,0.08498611999090254,0.041710666736665646,0.056796969387436995,1.4963143440132343,0.13457175890323297,-0.008436581105874932,0.17840882108768003,-0.07425949889151463,0.24423173887331973,2.803769648273539,287,True
LEVEL,act,cpi,real_macro,b,23,0.039888212324304374,0.01957689009874223,0.05844417386200002,0.6825010893042908,0.4949221542150565,-0.056243899026788786,0.13602032367539754,-0.123975788468393,0.20375221311700173,2.803769648273539,286,True
LEVEL,act,cpi,real_macro,b,24,-0.009846410003977252,-0.004832557672622657,0.06437380423751964,-0.15295678297412738,0.8784323563566534,-0.11573189538472547,0.09603907537677098,-0.19033572846903735,0.17064290846108282,2.803769648273539,285,True
LEVEL,act,infl_exp,real_macro,b,0,-0.13342769447845063,-0.06548549455402893,0.15948430318717385,-0.8366196033841482,0.4028064229408642,-0.3957560290177018,0.12890064006080051,-0.5792872844085507,0.3124318954516495,2.795633056168736,309,True
LEVEL,act,infl_exp,real_macro,b,1,-0.1029325629163832,-0.050518670914917865,0.10178119580501738,-1.0113121790548767,0.31186703875976907,-0.270347731991724,0.0644826061589576,-0.38747543840527243,0.18161031257250604,2.795633056168736,308,True
LEVEL,act,infl_exp,real_macro,b,2,0.09684345315344633,0.04753017316879151,0.1481754706972904,0.6535727721850069,0.5133870908331299,-0.14688350724823335,0.340570413555126,-0.3174007908412606,0.5110876971481533,2.795633056168736,307,True
LEVEL,act,infl_exp,real_macro,b,3,-0.01958879092177587,-0.009614058507434839,0.08128184643382272,-0.2409983505692687,0.8095563949101656,-0.15328553083376176,0.11410794899021001,-0.24682300767860155,0.2076454258350498,2.795633056168736,306,True
LEVEL,act,infl_exp,real_macro,b,4,0.04007374408589892,0.019667947950045065,0.07154000472798962,0.5601585328134637,0.5753713086015577,-0.07759909216306027,0.1577465803348581,-0.1599258579701365,0.24007334614193435,2.795633056168736,305,True
LEVEL,act,infl_exp,real_macro,b,5,0.05514270998687706,0.02706370404326547,0.07658744062501546,0.7199967714924006,0.47152698336108045,-0.07083241950411015,0.18111783947786428,-0.1589676707117765,0.2692530906855306,2.795633056168736,304,True
LEVEL,act,infl_exp,real_macro,b,6,-0.012626298608959655,-0.006196909959559482,0.0574141617698392,-0.21991610118032762,0.825936496338006,-0.10706419083445821,0.0818115936165389,-0.1731352271449414,0.1478826299270221,2.795633056168736,303,True
LEVEL,act,infl_exp,real_macro,b,7,0.048820528521072944,0.02396081613407385,0.06810270782032002,0.7168661876100352,0.4734566670262117,-0.06319845744239683,0.16083951448454273,-0.1415696526760148,0.23921070971816066,2.795633056168736,302,True
LEVEL,act,infl_exp,real_macro,b,8,-0.07607156490778849,-0.03733545774704214,0.07950095886916538,-0.9568634893194102,0.3386361616311254,-0.20683900544985498,0.054695875634277996,-0.29832707351953824,0.1461839437039613,2.795633056168736,301,True
LEVEL,act,infl_exp,real_macro,b,9,0.038204585974435656,0.018750576606657167,0.0831193543619062,0.45963525905279295,0.6457780464283525,-0.09851458551761044,0.17492375746648176,-0.19416662868711235,0.27057580063598363,2.795633056168736,300,True
LEVEL,act,infl_exp,real_macro,b,10,-0.009074606296375048,-0.004453761143996988,0.09226762215549807,-0.09835092835796364,0.9216536391857314,-0.16084133924903404,0.14269212665628395,-0.2670210208083723,0.2488718082156222,2.795633056168736,299,True
LEVEL,act,infl_exp,real_macro,b,11,-0.025089971058599753,-0.012314003997004058,0.0832260282261854,-0.3014678411711794,0.7630577690290121,-0.1619846054432064,0.11180466332600689,-0.2577594067013559,0.2075794645841564,2.795633056168736,298,True
LEVEL,act,infl_exp,real_macro,b,12,0.06305135025068177,0.030945216205710887,0.10347802258643889,0.6093211744359797,0.5423115746298122,-0.1071548505103886,0.23325755101175216,-0.22623523027894188,0.3523379307803054,2.795633056168736,297,True
LEVEL,act,infl_exp,real_macro,b,13,0.029673184121667525,0.014563416873803426,0.09195643151772118,0.3226874252503929,0.746931976325224,-0.12158168578177081,0.18092805402510587,-0.2274032555565904,0.28674962379992547,2.795633056168736,296,True
LEVEL,act,infl_exp,real_macro,b,14,0.04432270633438522,0.021753312575965827,0.08454588416440964,0.5242444002146146,0.6001085627651666,-0.09474289787726302,0.18338831054603344,-0.19203656219865123,0.2806819748674217,2.795633056168736,295,True
LEVEL,act,infl_exp,real_macro,b,15,0.014523805102614088,0.007128194515154576,0.08202799261009693,0.17705913116330893,0.8594619432693429,-0.12040023605365241,0.14944784625888058,-0.21479636256933768,0.24384397277456585,2.795633056168736,294,True
LEVEL,act,infl_exp,real_macro,b,16,-0.051122956901667516,-0.02509083386965586,0.08609440814416303,-0.5938011306850888,0.5526451327232675,-0.19273565639783444,0.0904897425944994,-0.2918113302607725,0.18956541645743746,2.795633056168736,293,True
LEVEL,act,infl_exp,real_macro,b,17,0.15548549688818483,0.07631132876500515,0.09603718370970306,1.6190134995855303,0.10544435857131751,-0.0024816130589250807,0.31345260683529474,-0.11299922851201069,0.4239702222883803,2.795633056168736,292,True
LEVEL,act,infl_exp,real_macro,b,18,-0.07045846496662264,-0.03458058270355705,0.08739915376826601,-0.8061687319472147,0.4201455651533247,-0.21421728003484442,0.07330035010159913,-0.3147944283223615,0.17387749838911618,2.795633056168736,291,True
LEVEL,act,infl_exp,real_macro,b,19,-0.18973385721037053,-0.09312021407273362,0.09374294653028231,-2.023980088454759,0.042972200518689704,-0.34392728281182333,-0.03554043160891773,-0.4518047373130861,0.07233702289234503,2.795633056168736,290,True
LEVEL,act,infl_exp,real_macro,b,20,0.005284236052411626,0.002593470662781275,0.09378561232483629,0.056343781539849855,0.9550679415836831,-0.14897936853596003,0.15954784064078328,-0.2569059219559267,0.26747439406074996,2.795633056168736,289,True
LEVEL,act,infl_exp,real_macro,b,21,0.006631954933949313,0.0032549228284825416,0.07660632384067281,0.0865718990476892,0.931011803327381,-0.11937423468280038,0.132638144550699,-0.20753121630660273,0.22079512617450134,2.795633056168736,288,True
LEVEL,act,infl_exp,real_macro,b,22,0.014153629686552989,0.006946514690083331,0.08848759661183757,0.1599504363152696,0.8729201175065247,-0.13139551454064685,0.15970277391375282,-0.23322522046242475,0.26153247983553074,2.795633056168736,287,True
LEVEL,act,infl_exp,real_macro,b,23,0.04730489646024228,0.02321695320926353,0.07654835306022668,0.6179740591286628,0.5365924385472296,-0.07860593970803342,0.17321573262851797,-0.16669620975020266,0.2613060026706872,2.795633056168736,286,True
LEVEL,act,infl_exp,real_macro,b,24,0.06455373635046735,0.031682578094036455,0.08181221533276324,0.789047651232781,0.4300841563966761,-0.07001538276856312,0.19912285546949782,-0.16416319723220027,0.293270669933135,2.795633056168736,285,True
LEVEL,act,freight,physical_channel,b,0,-0.002805589617370845,-0.0013769661862729052,0.0053350627252581224,-0.525877531690146,0.5989733008571435,-0.011580986891025272,0.005969807656283584,-0.01767365551702268,0.012062476282280993,2.7868586866394316,309,True
LEVEL,act,freight,physical_channel,b,1,0.0074196518563109356,0.003641519649488606,0.009328443845462817,0.7953793772280376,0.4263928524552759,-0.007924272836711717,0.02276357654933359,-0.018577402907245258,0.03341670661986713,2.7868586866394316,308,True
LEVEL,act,freight,physical_channel,b,2,0.005802409317994893,0.002847786925188678,0.005344235432029244,1.0857323543831372,0.27759742197093007,-0.0029880757156609773,0.014592894351650763,-0.009091219619202041,0.020696038255191826,2.7868586866394316,307,True
LEVEL,act,freight,physical_channel,b,3,0.0002842548074788138,0.00013951051706223377,0.0048400841051374375,0.058729311578923936,0.9531677123614333,-0.007676975087606671,0.0082454847025643,-0.013204375624988893,0.013772885239946521,2.7868586866394316,306,True
LEVEL,act,freight,physical_channel,b,4,-0.0002651544491104047,-0.00013013617825795754,0.005090889477875486,-0.05208411030385561,0.9584616739210655,-0.008638922471202985,0.008108613572982174,-0.014452744013248984,0.013922435115028173,2.7868586866394316,305,True
LEVEL,act,freight,physical_channel,b,5,-0.010080489019442165,-0.004947442218536141,0.005345700633883498,-1.8857189561920864,0.059332837043531615,-0.01887338409568222,-0.0012875939432021085,-0.024978201267154304,0.0048172232282699765,2.7868586866394316,304,True
LEVEL,act,freight,physical_channel,b,6,0.0038861301891784106,0.0019072888753300843,0.004628806580782785,0.839553375445042,0.4011588503517233,-0.003727579103678996,0.011499839482035817,-0.00901369963924986,0.016785960017606683,2.7868586866394316,303,True
LEVEL,act,freight,physical_channel,b,7,0.0032286599164331278,0.0015846064956817516,0.006688020112602365,0.4827527223414448,0.6292713234035108,-0.007772154222905267,0.014229474055771522,-0.015409907030792003,0.02186722686365826,2.7868586866394316,302,True
LEVEL,act,freight,physical_channel,b,8,0.006047512740738537,0.0029680821826162506,0.005850756107207136,1.0336292660172641,0.30130951226363234,-0.0035761246626095965,0.01567115014408667,-0.010257717740040376,0.02235274322151745,2.7868586866394316,301,True
LEVEL,act,freight,physical_channel,b,9,-0.009406319704853588,-0.004616564051514273,0.005500699578259894,-1.710022438242157,0.08726172388681551,-0.01845416535692481,-0.000358474052782368,-0.024735992107121033,0.005923352697413856,2.7868586866394316,300,True
LEVEL,act,freight,physical_channel,b,10,-0.003778570369151318,-0.0018544991749897693,0.005039964351175678,-0.749721646001303,0.45342236786889467,-0.012068574011888756,0.004511433273586119,-0.017824238801578324,0.010267098063275686,2.7868586866394316,299,True
LEVEL,act,freight,physical_channel,b,11,0.006626169604974249,0.0032520834244849635,0.007045044625479665,0.9405433119627831,0.34693894399888436,-0.0049618975992809546,0.018214236809229453,-0.013007374207306195,0.026259713417254693,2.7868586866394316,298,True
LEVEL,act,freight,physical_channel,b,12,0.0021879638876045417,0.0010738392640763175,0.004690770734596939,0.46644016759700907,0.6409004655947881,-0.005527667368395056,0.009903595143604138,-0.010884551281140966,0.015260479056350048,2.7868586866394316,297,True
LEVEL,act,freight,physical_channel,b,13,0.003449779300218046,0.0016931305338077057,0.005253396603227574,0.6566759680962553,0.5113892900488339,-0.005191289156415374,0.012090847756851467,-0.011190694657848803,0.018090253258284894,2.7868586866394316,296,True
LEVEL,act,freight,physical_channel,b,14,0.009629106116938216,0.004725906256911038,0.006511714442311092,1.4787359307974692,0.13921090524442825,-0.0010817110011694664,0.0203399232350459,-0.008518121841531895,0.027776334075408325,2.7868586866394316,295,True
LEVEL,act,freight,physical_channel,b,15,0.0076025444979152396,0.003731282236877725,0.005899126669606618,1.2887576286647553,0.19748236074300218,-0.002100655400433365,0.017305744396263846,-0.008837487904864303,0.024042576900694782,2.7868586866394316,294,True
LEVEL,act,freight,physical_channel,b,16,-0.00932629581535309,-0.004577288817084411,0.005920586588533062,-1.5752317233931137,0.1152029672102586,-0.01906479413918194,0.00041220250847576016,-0.025826133979607376,0.007173542348901192,2.7868586866394316,293,True
LEVEL,act,freight,physical_channel,b,17,-0.005674089767280647,-0.0027848084762818032,0.005927588407210989,-0.9572341022156738,0.33844910796511096,-0.015424105057957143,0.004075925523395849,-0.022193441010739785,0.01084526147617849,2.7868586866394316,292,True
LEVEL,act,freight,physical_channel,b,18,-0.004326392356577374,-0.0021233668483344524,0.006316983187235186,-0.6848826771171045,0.49341795805981836,-0.014716905063492639,0.006064120350337892,-0.021930931825278995,0.013278147112124248,2.7868586866394316,291,True
LEVEL,act,freight,physical_channel,b,19,0.009561738015744826,0.0046928424058038185,0.010453796726167638,0.9146665337207259,0.36036671843116397,-0.0076332274447054385,0.02675670347619509,-0.019571516198938307,0.03869499223042796,2.7868586866394316,290,True
LEVEL,act,freight,physical_channel,b,20,-0.002101245671587196,-0.0010312784952274175,0.005563684999739177,-0.3776715740890617,0.7056745870832897,-0.011252693122623681,0.0070502017794492906,-0.017606449542835825,0.013403958199661434,2.7868586866394316,289,True
LEVEL,act,freight,physical_channel,b,21,0.0025804126916783472,0.0012664507314509637,0.005454143248409397,0.4731105462678998,0.6361343130256507,-0.006390854612380734,0.011551679995737429,-0.012619513798327188,0.017780339181683882,2.7868586866394316,288,True
LEVEL,act,freight,physical_channel,b,22,0.00038769270454089755,0.00019027720287822288,0.004538157190885683,0.08542954512891918,0.9319199053979862,-0.007076911610563324,0.007852297019645118,-0.01225951008421407,0.013034895493295865,2.7868586866394316,287,True
LEVEL,act,freight,physical_channel,b,23,-0.003243568103843027,-0.0015919233426771038,0.005056666300738517,-0.6414439693932957,0.5212342734306161,-0.01156104400889606,0.005073907801210007,-0.017335782509493042,0.010848646301806989,2.7868586866394316,286,True
LEVEL,act,freight,physical_channel,b,24,0.0035707354827574284,0.0017524950867509337,0.006186458327341672,0.5771857327440817,0.5638139939718652,-0.006605082934954659,0.013746553900469515,-0.01367004964632756,0.020811520611842417,2.7868586866394316,285,True
LEVEL,threat,oil,asset_price,a,0,0.029832072992943808,0.010670212688319452,0.05001073159046298,0.5965134291023403,0.550832285328635,-0.052428260250125786,0.11209240623601341,-0.11262820446470755,0.17229235045059516,2.8485941502367154,309,True
LEVEL,threat,oil,asset_price,a,1,-0.03827318684992893,-0.013689395438430571,0.0658415756498563,-0.5812920859224981,0.5610436135323511,-0.14657294136179477,0.07002656766193693,-0.22582911408847772,0.14928274038861988,2.8485941502367154,308,True
LEVEL,threat,oil,asset_price,a,2,0.010253192709337706,0.0036673196317546218,0.033309877465144765,0.307812381479535,0.7582250996754777,-0.044536680052514765,0.06504306547119018,-0.08463312938297546,0.10513951480165087,2.8485941502367154,307,True
LEVEL,threat,oil,asset_price,a,3,-0.00203886606986298,-0.0007292531971741196,0.045468197829852335,-0.04484158526565471,0.9642335781641335,-0.07682739618124265,0.0727496640415167,-0.13155930842978605,0.1274815762900601,2.8485941502367154,306,True
LEVEL,threat,oil,asset_price,a,4,0.007250263766740174,0.0025932444069787647,0.029464725592448032,0.2460658845775389,0.8056312314155325,-0.04121489699112784,0.05571542452460818,-0.07668278119423733,0.09118330872771768,2.8485941502367154,305,True
LEVEL,threat,oil,asset_price,a,5,-0.04597978220702559,-0.01644585864440646,0.037284768518030365,-1.233205516209399,0.21749909786314658,-0.1073077689339539,0.015348204519902722,-0.15218895570041693,0.06022939128636576,2.8485941502367154,304,True
LEVEL,threat,oil,asset_price,a,6,0.010185364185969156,0.003643059005587333,0.03251056240919327,0.3132940014316381,0.7540573070772614,-0.04328975230702459,0.06366048067896289,-0.08242403371376444,0.10279476208570276,2.8485941502367154,303,True
LEVEL,threat,oil,asset_price,a,7,-0.003428895787774106,-0.001226433287096285,0.030800223205231854,-0.11132697853928732,0.9113570625938536,-0.05409075463781462,0.04723296306226641,-0.0911662314361827,0.08430843986063448,2.8485941502367154,302,True
LEVEL,threat,oil,asset_price,a,8,-0.00035214497907583585,-0.00012595376207183876,0.03287051533356442,-0.010713095779069122,0.9914523497826937,-0.05441933134525325,0.053715041387101585,-0.0939869026735337,0.09328261271538203,2.8485941502367154,301,True
LEVEL,threat,oil,asset_price,a,9,-0.008908437205310779,-0.0031863330357125206,0.039303400591925435,-0.2266581789653322,0.820689549102835,-0.07355677822046597,0.055739903809844414,-0.12086787421587983,0.10305099980525828,2.8485941502367154,300,True
LEVEL,threat,oil,asset_price,a,10,0.05403924385017794,0.019328533606556387,0.02583057171855209,2.0920653417580284,0.03643267097286738,0.011551734272687415,0.09652675342766848,-0.019541571644559483,0.12762005934491538,2.8485941502367154,299,True
LEVEL,threat,oil,asset_price,a,11,-0.0023296411633138368,-0.0008332564319583894,0.03477462488206601,-0.06699256055858364,0.9465876257107803,-0.05952880902645702,0.05486952669982935,-0.1013884341790432,0.09672915185241551,2.8485941502367154,298,True
LEVEL,threat,oil,asset_price,a,12,-0.01630595794239959,-0.00583224770780592,0.027385858978842794,-0.595415245327777,0.5515659373636692,-0.061351687410930694,0.02873977152613152,-0.0943171556287388,0.06170523974393963,2.8485941502367154,297,True
LEVEL,threat,oil,asset_price,a,13,-0.005681021473799917,-0.002031964303207929,0.03009604962289675,-0.1887630285364049,0.8502785498086589,-0.055184617852933125,0.04382257490533329,-0.09141245237481752,0.08005040942721767,2.8485941502367154,296,True
LEVEL,threat,oil,asset_price,a,14,-0.01764369731107591,-0.006310724801526185,0.02719087753029644,-0.6488829678783653,0.5164140244702569,-0.062368710836777294,0.027081316214625475,-0.09509947198368131,0.05981207736152948,2.8485941502367154,295,True
LEVEL,threat,oil,asset_price,a,15,-0.014900910234955943,-0.005329696045398636,0.028244078470656412,-0.5275764351963874,0.5977933521729625,-0.06135828514731713,0.03155646467740525,-0.09535682694529456,0.06555500647538266,2.8485941502367154,294,True
LEVEL,threat,oil,asset_price,a,16,0.004245908853584892,0.001518659146941795,0.027929897898380955,0.15202020677028752,0.879170998183403,-0.041694685004951326,0.050186502712121106,-0.07531503491645183,0.08380685262362161,2.8485941502367154,293,True
LEVEL,threat,oil,asset_price,a,17,0.013641702782935146,0.004879307923361099,0.05145808525221756,0.26510319449453795,0.7909299665088464,-0.07099931538015297,0.09828272094602325,-0.132941497848914,0.16022490341478426,2.8485941502367154,292,True
LEVEL,threat,oil,asset_price,a,18,-0.010972034314627878,-0.003924431928961502,0.03191571047512836,-0.34378160947343755,0.7310105317246989,-0.06346870644637585,0.0415246378171201,-0.10188694047472718,0.07994287184547144,2.8485941502367154,291,True
LEVEL,threat,oil,asset_price,a,19,0.027106758291485396,0.009695433379015558,0.03094512977910822,0.8759620168012933,0.38105068307317735,-0.02379345066216477,0.07800696724513556,-0.06104335737559825,0.11525687395856905,2.8485941502367154,290,True
LEVEL,threat,oil,asset_price,a,20,0.03447044145225936,0.012329245166531609,0.03068072494374623,1.1235210874404584,0.2612162497386268,-0.01599486024896213,0.08493574315348085,-0.05292649214751782,0.12186737505203654,2.8485941502367154,289,True
LEVEL,threat,oil,asset_price,a,21,-0.03160961584249576,-0.011305996875084044,0.03266538404154819,-0.9676792962939129,0.3332045611271569,-0.08533939125899903,0.022120159574007515,-0.12466003773848568,0.061440806053494154,2.8485941502367154,288,True
LEVEL,threat,oil,asset_price,a,22,-0.018051166268529085,-0.0064564666157454495,0.027390071430011674,-0.6590404962854597,0.5098697642780665,-0.06310382460264369,0.027001492065585515,-0.09607436351862612,0.05997203098156796,2.8485941502367154,287,True
LEVEL,threat,oil,asset_price,a,23,-0.03420166503565782,-0.012233110327647932,0.05495772587487964,-0.6223267882940349,0.533727009968307,-0.12459907976995838,0.05619574969864272,-0.19075392147315295,0.1223505914018373,2.8485941502367154,286,True
LEVEL,threat,oil,asset_price,a,24,0.0702698569319053,0.02513383227570399,0.04253294721119014,1.652127621981901,0.0985085371337887,0.00030938444664367626,0.1402303294171669,-0.05088924768621797,0.19142896155002856,2.8485941502367154,285,True
LEVEL,threat,dxy,asset_price,a,0,-0.0023889216468866784,-0.0008544596305473128,0.004521463945301994,-0.5283513649088978,0.5972554869460754,-0.009826068016446976,0.0050482247226736185,-0.015198033982213473,0.010420190688440117,2.832956867572956,309,True
LEVEL,threat,dxy,asset_price,a,1,0.0006539033858878091,0.0002338854630278456,0.004694368968120566,0.13929526850753815,0.8892168286169811,-0.007067646437573745,0.008375453209349362,-0.01264504142127072,0.013952848193046338,2.832956867572956,308,True
LEVEL,threat,dxy,asset_price,a,2,-0.002181199155533648,-0.0007801623075483819,0.004527276871578388,-0.4817905370945859,0.6299547523202017,-0.009627906937962874,0.0052655086268955775,-0.015006779260275849,0.010644380949208552,2.832956867572956,307,True
LEVEL,threat,dxy,asset_price,a,3,0.0023532770658398782,0.0008417104239787529,0.004505947909527621,0.5222601577048819,0.6014892057043388,-0.005058347696001034,0.00976490182768079,-0.010411879009382402,0.015118433141062157,2.832956867572956,306,True
LEVEL,threat,dxy,asset_price,a,4,0.0031036499233910533,0.0011101006892984605,0.004178785660470288,0.7427157493982984,0.4576537925270321,-0.0037698408264863026,0.009977140673268409,-0.00873466961155364,0.014941969458335745,2.832956867572956,305,True
LEVEL,threat,dxy,asset_price,a,5,0.002374208188833093,0.0008491969816241368,0.005039739642345228,0.4710973894136051,0.6375711892982199,-0.0059154258407695705,0.010663842218435755,-0.011903156841728494,0.01665157321939468,2.832956867572956,304,True
LEVEL,threat,dxy,asset_price,a,6,-0.0044461330135519275,-0.00159027449773199,0.004852610906340281,-0.9162352183940277,0.3595435373213379,-0.012427967663030007,0.0035357016359261534,-0.01819337040632805,0.009301104379224198,2.832956867572956,303,True
LEVEL,threat,dxy,asset_price,a,7,-0.005866403759051267,-0.002098271073533494,0.0048137452693846365,-1.2186776471870098,0.22296656517832814,-0.013784310124619078,0.0020515026065165438,-0.019503536478701303,0.007770728960598768,2.832956867572956,302,True
LEVEL,threat,dxy,asset_price,a,8,-0.006726076343661957,-0.002405755213917671,0.004933199178841638,-1.3634309298740506,0.1727467387726962,-0.01484046690545365,0.0013883142181297355,-0.02070161683646664,0.007249464149142727,2.832956867572956,301,True
LEVEL,threat,dxy,asset_price,a,9,0.0021153560798806343,0.0007566118281218619,0.004786865282693565,0.4419084212644324,0.6585554765022326,-0.00575833664208596,0.009989048801847228,-0.01144562679687266,0.01567633895663393,2.832956867572956,300,True
LEVEL,threat,dxy,asset_price,a,10,-0.005104845700851699,-0.00182588013183075,0.00407339046242374,-1.2532178655454074,0.21012642987830754,-0.011804976776958923,0.0015952853752555238,-0.01664458518568121,0.006434893783977813,2.832956867572956,299,True
LEVEL,threat,dxy,asset_price,a,11,-0.0018370498483091821,-0.0006570684043693631,0.004560983533886135,-0.402774935419235,0.6871138015795838,-0.009339200156487735,0.00566510045986937,-0.014758119473519078,0.011084019776900714,2.832956867572956,298,True
LEVEL,threat,dxy,asset_price,a,12,0.0034638285545489328,0.0012389278948752023,0.004481899604782011,0.7728483143292999,0.4396121562373585,-0.003908240266009128,0.010835897375106993,-0.009233199710590782,0.016160856819688648,2.832956867572956,297,True
LEVEL,threat,dxy,asset_price,a,13,0.0005295289480279231,0.0001893997276493805,0.004672902423680661,0.11331906811159861,0.909777600444195,-0.007156711551953538,0.008215769448009384,-0.012708602064636518,0.013767659960692364,2.832956867572956,296,True
LEVEL,threat,dxy,asset_price,a,14,-0.000994329448063847,-0.0003556476512916168,0.004784152728961191,-0.20783814907174822,0.8353553443140704,-0.008863560416185445,0.006874901520057751,-0.014547627777092351,0.012558968880964657,2.832956867572956,295,True
LEVEL,threat,dxy,asset_price,a,15,0.005150675358321931,0.001842272294479181,0.004409330097850301,1.168131041228476,0.24275391095760146,-0.002102027245553427,0.012403377962197287,-0.0073407666237792135,0.017642117340423074,2.832956867572956,294,True
LEVEL,threat,dxy,asset_price,a,16,0.0048249051033835985,0.0017257521348328084,0.004220075163660125,1.1433220775145856,0.25290489188384124,-0.0021165008355705853,0.011766311042337782,-0.007130385813181418,0.016780196019948616,2.832956867572956,293,True
LEVEL,threat,dxy,asset_price,a,17,-0.0033577635837270287,-0.0012009910140651492,0.0047207158264437315,-0.7112827179552007,0.47690905871425937,-0.011122650132660217,0.004407122965206159,-0.01673134790411114,0.010015820736657082,2.832956867572956,292,True
LEVEL,threat,dxy,asset_price,a,18,-0.012203311690490673,-0.004364830136685096,0.004484678610471682,-2.7211117563689085,0.006506276152757249,-0.019579951568636705,-0.004826671812344639,-0.024908212758883965,0.0005015893779026191,2.832956867572956,291,True
LEVEL,threat,dxy,asset_price,a,19,-0.0028418871878820766,-0.0010164744749077363,0.004928235232907825,-0.5766541274056164,0.5641731265812262,-0.010948112785200546,0.005264338409436394,-0.016803365035963306,0.011119590660199154,2.832956867572956,290,True
LEVEL,threat,dxy,asset_price,a,20,-0.0008346775386011355,-0.00029854401553467867,0.004402090135539765,-0.18960937029945457,0.8496152439806888,-0.008075471464211016,0.006406116387008745,-0.013305609019753677,0.011636253942551408,2.832956867572956,289,True
LEVEL,threat,dxy,asset_price,a,21,-0.00100983271245513,-0.0003611927948844662,0.005323591986481133,-0.1896901030393624,0.8495519766351507,-0.009766362299828414,0.007746696874918154,-0.016091339190713212,0.01407167376580295,2.832956867572956,288,True
LEVEL,threat,dxy,asset_price,a,22,-0.0007768015695057684,-0.0002778431778846689,0.004377285052222424,-0.17746195649547034,0.8591455452298296,-0.007976794763854288,0.00642319162484275,-0.01317746131952373,0.011623858180512195,2.832956867572956,287,True
LEVEL,threat,dxy,asset_price,a,23,-0.006559070471692248,-0.0023460212432165222,0.005386003760830083,-1.2177990887034533,0.22330033072146638,-0.01541825829246788,0.0023001173490833846,-0.0218173868147096,0.008699245871325105,2.832956867572956,286,True
LEVEL,threat,dxy,asset_price,a,24,-0.002021172242888908,-0.0007229245422017238,0.0045701469068437466,-0.4422554206872922,0.658304385973183,-0.009538394958311897,0.00549605047253408,-0.014968201308449202,0.010925856822671385,2.832956867572956,285,True
LEVEL,threat,vix,asset_price,a,0,0.020995202133416293,0.007509477207661648,1.661162215633134,0.012638863282484546,0.9899159145949431,-2.7113734932054876,2.7533638974723202,-4.50166750916598,4.543657913432812,2.7225894429434945,309,True
LEVEL,threat,vix,asset_price,a,1,-0.6365135561740516,-0.227665540540282,2.0956680990145915,-0.30372822703812113,0.7613349512307863,-4.083580829724699,2.810553717376596,-6.34215739846464,5.069130286116537,2.7225894429434945,308,True
LEVEL,threat,vix,asset_price,a,2,-2.6609424329073237,-0.951754902088471,1.6033575083435505,-1.6596064315415082,0.09699365364449805,-5.2982308458060885,-0.023654020008559318,-7.02622665838766,1.7043417925730129,2.7225894429434945,307,True
LEVEL,threat,vix,asset_price,a,3,-2.339998491034105,-0.8369609981708691,1.6483815657620426,-1.4195733194530902,0.15573193745338146,-5.051344888077748,0.3713479060095377,-6.827864739920511,2.1478677578523,2.7225894429434945,306,True
LEVEL,threat,vix,asset_price,a,4,-1.8553382340704978,-0.663609718673784,1.6202867632516063,-1.1450678214189618,0.25218106395597106,-4.5204727933063635,0.8097963251653679,-6.266713870240406,2.5560374020994105,2.7225894429434945,305,True
LEVEL,threat,vix,asset_price,a,5,-0.8167722572564124,-0.29213972843610586,1.6023699679648151,-0.509727636928819,0.6102422881894837,-3.452436310781453,1.8188917962686282,-5.179367815727124,3.545823301214299,2.7225894429434945,304,True
LEVEL,threat,vix,asset_price,a,6,-0.4233145871523536,-0.15140941362177973,1.5087964359240882,-0.2805644135108838,0.7790445139780227,-2.9050638771135446,2.058434702808837,-4.531147835150047,3.684518660845339,2.7225894429434945,303,True
LEVEL,threat,vix,asset_price,a,7,-2.1603179912704724,-0.7726936189352734,1.5683745035563876,-1.3774248346755291,0.16838093904951934,-4.740064481863412,0.4194284993224664,-6.430357857234837,2.1097218746938924,2.7225894429434945,302,True
LEVEL,threat,vix,asset_price,a,8,0.30433833882766775,0.10885448038656727,1.8864820089729293,0.1613258633690129,0.8718367540314744,-2.7986484358101547,3.40732511346549,-4.831777663104864,5.4404543407601995,2.7225894429434945,301,True
LEVEL,threat,vix,asset_price,a,9,-0.9838388750751967,-0.351895426461726,1.8374938237394087,-0.5354243167321381,0.5923564790145021,-4.006247255553893,2.038569505403499,-5.986580161061985,4.018902410911592,2.7225894429434945,300,True
LEVEL,threat,vix,asset_price,a,10,-1.8665236078289782,-0.6676104569741215,1.9145351598902551,-0.9749226062455656,0.32959865160959556,-5.015653709500581,1.2826064938426245,-7.079016822290322,3.345969606632366,2.7225894429434945,299,True
LEVEL,threat,vix,asset_price,a,11,0.6211560418007946,0.22217252821206285,2.254040961183519,0.27557442499831375,0.7828749551949004,-3.0864114084990986,4.328723492100688,-5.515672083079661,6.757984166681251,2.7225894429434945,298,True
LEVEL,threat,vix,asset_price,a,12,0.10181727176223693,0.036417581349591756,1.7401034910118693,0.058512193262154906,0.9533406503171349,-2.7603982666995552,2.9640328102240288,-4.635770122495798,4.839404666020273,2.7225894429434945,297,True
LEVEL,threat,vix,asset_price,a,13,-1.5052273525106301,-0.5383835042024521,1.7589597003799067,-0.8557486292525778,0.3921368355046728,-4.398458595341994,1.3880038903207343,-6.294152463328016,3.283697758306756,2.7225894429434945,296,True
LEVEL,threat,vix,asset_price,a,14,-1.082876117925403,-0.38731865854909714,1.6387290511543975,-0.6608024170698471,0.5087390325404464,-3.7783455413074583,1.6125933054566524,-5.544462532443175,3.3787102965923697,2.7225894429434945,295,True
LEVEL,threat,vix,asset_price,a,15,0.8930214930532547,0.3194122402547303,1.645725793877416,0.5426307932801183,0.5873840328655793,-1.813956547973604,3.5999995340801134,-3.587614179337199,5.373657165443708,2.7225894429434945,294,True
LEVEL,threat,vix,asset_price,a,16,0.27679203069620195,0.09900183063573548,1.8188529189263274,0.15217944662594976,0.8790454043620974,-2.7149547898910398,3.2685388512834437,-4.6751977246395775,5.2287817860319805,2.7225894429434945,293,True
LEVEL,threat,vix,asset_price,a,17,-1.0183292399553419,-0.36423179775767783,2.0382146608991483,-0.49961824899547674,0.6173439056852905,-4.370894017440971,2.334235537530287,-6.567550958172017,4.530892478261334,2.7225894429434945,292,True
LEVEL,threat,vix,asset_price,a,18,-2.909858256409972,-1.0407860860390354,1.644490463119052,-1.769458882048448,0.07681732678002588,-5.614804359158451,-0.2049121536614935,-7.387130630319161,1.5674141174992169,2.7225894429434945,291,True
LEVEL,threat,vix,asset_price,a,19,-2.269138056198496,-0.8116159304291273,1.4866754309019303,-1.5263170487870807,0.12693092478487786,-4.714501530817179,0.17622541842018702,-6.316744889455562,1.77846877705857,2.7225894429434945,290,True
LEVEL,threat,vix,asset_price,a,20,-2.3754834076372435,-0.8496530966204916,1.5117202717045983,-1.571377623294471,0.1160949604770905,-4.862041979486618,0.11107516421213015,-6.4912770600638545,1.740310244789367,2.7225894429434945,289,True
LEVEL,threat,vix,asset_price,a,21,-2.9209536280003343,-1.0447546327355088,1.7979712415908558,-1.6245830636400262,0.10425142828537672,-5.8783531458854945,0.03644588988482633,-7.816091149071605,1.9741838930709363,2.7225894429434945,288,True
LEVEL,threat,vix,asset_price,a,22,-1.8434519036517836,-0.6593582650895385,1.8602729711507153,-0.9909577423529802,0.32170621497392327,-4.903328647368829,1.2164248400652617,-6.908211455899849,3.221307648596282,2.7225894429434945,287,True
LEVEL,threat,vix,asset_price,a,23,-1.5024489711312095,-0.5373897442228927,2.229423985771377,-0.6739180078442389,0.5003634427037473,-5.169525100139866,2.1646271578774474,-7.572255178637368,4.567357236374949,2.7225894429434945,286,True
LEVEL,threat,vix,asset_price,a,24,-3.1370094528383943,-1.1220325880461466,1.9834864944757777,-1.5815633035946055,0.11374929687332494,-6.399554407286138,0.1255355016093498,-8.537228842919147,2.263209937242358,2.7225894429434945,285,True
LEVEL,threat,us10y,asset_price,a,0,0.028967146198298044,0.010360849243785119,0.07631271660222531,0.3795847859706956,0.7042536560549899,-0.0965561024873921,0.1544903948839882,-0.1873819809434742,0.24531627334007028,2.8350337502657244,309,True
LEVEL,threat,us10y,asset_price,a,1,0.028919296646185765,0.010343734613561481,0.0749519624345081,0.38583775136581666,0.6996168345376675,-0.09436571061134537,0.1522043039037169,-0.18357204650429343,0.24141063979666494,2.8350337502657244,308,True
LEVEL,threat,us10y,asset_price,a,2,0.049931345431187255,0.01785923746200051,0.06042325088715346,0.8263597985556769,0.40860002114069893,-0.04945605794274588,0.1493187488051204,-0.12137061013466617,0.2212333009970407,2.8350337502657244,307,True
LEVEL,threat,us10y,asset_price,a,3,-0.012041283916043623,-0.004306876711350758,0.06262855718896052,-0.19226506974626792,0.8475345782229511,-0.11505609335904302,0.09097352552695578,-0.18959535727719373,0.1655127894451065,2.8350337502657244,306,True
LEVEL,threat,us10y,asset_price,a,4,0.0023785329935809554,0.0008507438599287743,0.06503952291827224,0.03657057873210089,0.9708274026020314,-0.10460196217373254,0.10935902816089445,-0.1820107095809019,0.18676777556806382,2.8350337502657244,305,True
LEVEL,threat,us10y,asset_price,a,5,0.039679561280952756,0.014192421637849832,0.08472875963067292,0.4683127836865941,0.6395609278608612,-0.09968684630465907,0.1790459688665646,-0.20052933189015698,0.2798884544520625,2.8350337502657244,304,True
LEVEL,threat,us10y,asset_price,a,6,0.03778062443856175,0.01351321774897525,0.07049270573196804,0.5359508341503261,0.5919925304818294,-0.07816955825828872,0.1537308071354122,-0.16206857545911774,0.23762982433624125,2.8350337502657244,303,True
LEVEL,threat,us10y,asset_price,a,7,0.04387213661289673,0.01569200467099088,0.06392419494159653,0.6863150432004644,0.4925144647880251,-0.06127380728674126,0.14901808051253473,-0.1373551135050949,0.2250993867308884,2.8350337502657244,302,True
LEVEL,threat,us10y,asset_price,a,8,-0.06290218420472471,-0.022498593516548964,0.06326842951094741,-0.9942112470776704,0.32012003365173824,-0.16696948995733013,0.0411651215478807,-0.24227031719456857,0.11646594878511915,2.8350337502657244,301,True
LEVEL,threat,us10y,asset_price,a,9,0.019204598682928977,0.006869021559083102,0.08033814454841803,0.23904707770982672,0.811069077999292,-0.11293988976008806,0.15134908712594602,-0.20855675254556247,0.24696594991142043,2.8350337502657244,300,True
LEVEL,threat,us10y,asset_price,a,10,0.015766889146994024,0.005639435806937547,0.06830140442604958,0.23084282496804218,0.8174369100827541,-0.09657892364907297,0.128112701943061,-0.17786989759140526,0.20940367588539333,2.8350337502657244,299,True
LEVEL,threat,us10y,asset_price,a,11,-0.10070599632143987,-0.03602010493850174,0.06839085290557603,-1.472506805266485,0.1408840706735665,-0.21319893877348123,0.011786946130601494,-0.2945963725182066,0.09318437987532688,2.8350337502657244,298,True
LEVEL,threat,us10y,asset_price,a,12,0.01556336666582128,0.005566640726237614,0.0649117376642126,0.23976197873996738,0.8105147838634683,-0.09120694046288129,0.12233367379452385,-0.16846360040061623,0.1995903337322588,2.8350337502657244,297,True
LEVEL,threat,us10y,asset_price,a,13,0.02855611942185453,0.010213834883560003,0.07327017993167814,0.38973726348812165,0.6967308388040426,-0.09196260178615323,0.1490748406298623,-0.17916731357249538,0.2362795524162044,2.8350337502657244,296,True
LEVEL,threat,us10y,asset_price,a,14,-0.006470235997297664,-0.002314247295222044,0.07051519939649327,-0.09175661492378095,0.9268914148615356,-0.12245741747982589,0.10951694548523055,-0.20638320619307332,0.19344273419847802,2.8350337502657244,295,True
LEVEL,threat,us10y,asset_price,a,15,-0.047864647364351726,-0.017120029431070518,0.06371670194627188,-0.7512103718851117,0.4525260591434157,-0.15266929565806298,0.05694000092935951,-0.22850364783765428,0.13277435310895083,2.8350337502657244,294,True
LEVEL,threat,us10y,asset_price,a,16,-0.05320062622656148,-0.019028580317682453,0.051846338865095216,-1.026121176366766,0.30483446970737316,-0.13848026475296843,0.03207901229984546,-0.20018674673681996,0.093785494283697,2.8350337502657244,293,True
LEVEL,threat,us10y,asset_price,a,17,0.0808930143970095,0.028933479373677417,0.05446827961559228,1.4851398826603066,0.13750677307442505,-0.008699332882504407,0.1704853616765234,-0.0735263966321052,0.23531242542612418,2.8350337502657244,292,True
LEVEL,threat,us10y,asset_price,a,18,0.09279948371355999,0.03319213615574527,0.06305580163244787,1.4717041304856924,0.14110079172537718,-0.010918080301904443,0.19651704772902442,-0.08596584206449027,0.27156480949161027,2.8350337502657244,291,True
LEVEL,threat,us10y,asset_price,a,19,0.041417006676570535,0.014813863932857895,0.08361134689044089,0.4953515069054061,0.620352018872512,-0.09611142051046886,0.17894543386360992,-0.1956239836630045,0.2784579970161456,2.8350337502657244,290,True
LEVEL,threat,us10y,asset_price,a,20,0.09184784781060089,0.03285175895538053,0.06463779402516702,1.420961980460526,0.1553278125939657,-0.014471862129837282,0.19816755775103906,-0.09140247979347181,0.2750981754146736,2.8350337502657244,289,True
LEVEL,threat,us10y,asset_price,a,21,0.029826458665334895,0.01066820457880245,0.09695749257851577,0.307624071870274,0.75836840118353,-0.12965442466255722,0.18930734199322702,-0.2450513051358958,0.3047042224665656,2.8350337502657244,288,True
LEVEL,threat,us10y,asset_price,a,22,-0.18089082184859198,-0.0647002822413956,0.06384324275721806,-2.8333589278426907,0.004606163403590706,-0.28590361125414543,-0.07587803244303855,-0.3618885697917129,0.00010692609452897517,2.8350337502657244,287,True
LEVEL,threat,us10y,asset_price,a,23,-0.06106880619699593,-0.02184283844095698,0.07778158986017429,-0.7851318841229339,0.4323762474039091,-0.18900813638855546,0.06687052399456361,-0.28158223859991627,0.15944462620592442,2.8350337502657244,286,True
LEVEL,threat,us10y,asset_price,a,24,0.10545731825911649,0.03771953815045718,0.06252453176007106,1.686655066267331,0.0916696968922198,0.0026136154201210904,0.20830102109811188,-0.07180183950024614,0.2827164760184791,2.8350337502657244,285,True
LEVEL,threat,ip,real_macro,a,0,0.2446754903065257,0.08751451908176118,0.21810275533927453,1.1218358517567344,0.2619322395305522,-0.11407161786138958,0.603422598474441,-0.3695114694569739,0.8588624500700253,2.8160440192884657,309,True
LEVEL,threat,ip,real_macro,a,1,0.09568229049850618,0.03422324658316953,0.5317044377656323,0.17995390615995116,0.8571887549150983,-0.7788936824264874,0.9702582634234997,-1.4016208115005389,1.5929853924975512,2.8160440192884657,308,True
LEVEL,threat,ip,real_macro,a,2,-0.5743105970995923,-0.2054170429811516,0.6721149349916504,-0.8544827189515241,0.3928375804447588,-1.6798412856488614,0.5312200914496767,-2.4670158400572855,1.3183946458581008,2.8160440192884657,307,True
LEVEL,threat,ip,real_macro,a,3,0.245924489483078,0.08796125594998021,0.32040573535061745,0.7675408469638185,0.442760016970161,-0.28109604640443864,0.7729450253705946,-0.6563521652967512,1.1482011442629072,2.8160440192884657,306,True
LEVEL,threat,ip,real_macro,a,4,0.4341822280645325,0.15529650654960472,0.4706628183683918,0.9224910299260018,0.3562725070768257,-0.33998921579991875,1.2083536719289838,-0.8912249867032307,1.7595894428322956,2.8160440192884657,305,True
LEVEL,threat,ip,real_macro,a,5,0.14934135740012566,0.053415800068556514,0.2596029543022993,0.5752683277487761,0.5651098382782449,-0.27766750355132863,0.57635021835158,-0.5817119894524811,0.8803947042527325,2.8160440192884657,304,True
LEVEL,threat,ip,real_macro,a,6,0.07572014029308184,0.027083267123530957,0.22053630642911223,0.343345463244261,0.7313385824555803,-0.2870298032113247,0.43847008379748836,-0.545319806462588,0.6967600870487517,2.8160440192884657,303,True
LEVEL,threat,ip,real_macro,a,7,0.07110576215166013,0.0254328154031645,0.18182337251011246,0.3910705272376655,0.695745105193683,-0.22796707158614693,0.3701785958894672,-0.44091685857230084,0.5831283828756211,2.8160440192884657,302,True
LEVEL,threat,ip,real_macro,a,8,-0.08926023749571932,-0.03192623318247141,0.16693883591192007,-0.5346882707557313,0.592865433502102,-0.36385018722449775,0.1853297122330591,-0.5593673479524603,0.38084687296102177,2.8160440192884657,301,True
LEVEL,threat,ip,real_macro,a,9,-0.17700692861541376,-0.06331110734675993,0.22373195346651142,-0.7911562290180801,0.4288528302893213,-0.545013243739743,0.19099938650891554,-0.8070459580985085,0.453032100867681,2.8160440192884657,300,True
LEVEL,threat,ip,real_macro,a,10,-0.27173721066634554,-0.09719384347934501,0.34101458987352284,-0.7968492221025756,0.42553860426542267,-0.8326562956631784,0.2891818743304873,-1.2320493069697884,0.6885748856370975,2.8160440192884657,299,True
LEVEL,threat,ip,real_macro,a,11,0.31217542660937353,0.11165761758416026,0.21595231012773933,1.445575768208808,0.14829622726552774,-0.04303451395278762,0.6673853671715346,-0.2959557847773748,0.9203066379961218,2.8160440192884657,298,True
LEVEL,threat,ip,real_macro,a,12,0.2414644640376317,0.08636601246457155,0.39362495690714405,0.6134378925942774,0.5395868373276956,-0.4059909739897012,0.8889199020649645,-0.8670007417034115,1.349929669778675,2.8160440192884657,297,True
LEVEL,threat,ip,real_macro,a,13,0.14636875524391046,0.05235257200351137,0.2538006157942019,0.5767076442501456,0.5641369676246053,-0.2710961081676996,0.5638336186555205,-0.5683449509550814,0.8610824614429023,2.8160440192884657,296,True
LEVEL,threat,ip,real_macro,a,14,-0.33253281299335546,-0.11893896348817318,0.20384643670160107,-1.6312907813057869,0.10282897765084745,-0.6678303637431177,0.002764737756406732,-0.906573351920164,0.24150772593345304,2.8160440192884657,295,True
LEVEL,threat,ip,real_macro,a,15,0.17432483199180765,0.06235178610109022,0.19826579028965025,0.8792481634735534,0.379266735135249,-0.1517933722665235,0.5004430362501389,-0.3840003609828631,0.7326500249664785,2.8160440192884657,294,True
LEVEL,threat,ip,real_macro,a,16,0.1995276858614281,0.07136623880791662,0.20539371580604743,0.971440070979783,0.3313291824660697,-0.1383149125351889,0.5373702842580451,-0.3788700591336266,0.7779254308564828,2.8160440192884657,293,True
LEVEL,threat,ip,real_macro,a,17,-0.2644685381592516,-0.09459401471012815,0.24814841786125474,-1.0657675774790625,0.2865287208013505,-0.6726363633006059,0.14369928698210277,-0.963265406173333,0.4343283298548299,2.8160440192884657,292,True
LEVEL,threat,ip,real_macro,a,18,0.13342754219307196,0.047723812355130124,0.4740477341587006,0.28146436018699206,0.7783542600191127,-0.646311592685994,0.9131666770721379,-1.2015117444417853,1.4683668288279292,2.8160440192884657,291,True
LEVEL,threat,ip,real_macro,a,19,-0.277220465954253,-0.0991550715897805,0.24287799194210813,-1.141398048203275,0.253704316551461,-0.67671921190692,0.12227827999841401,-0.9611755825796188,0.4067346506711128,2.8160440192884657,290,True
LEVEL,threat,ip,real_macro,a,20,-0.10593396573021975,-0.03789002344979338,0.26803945572450144,-0.3952178064378018,0.6926821525152596,-0.5468196366447645,0.334951705184325,-0.8607448719565375,0.648876940496098,2.8160440192884657,289,True
LEVEL,threat,ip,real_macro,a,21,0.1232401057997375,0.044080012170968734,0.23945189463133282,0.5146758433023952,0.6067795566300003,-0.27062321156501207,0.5171034231644871,-0.5510669699841191,0.7975471815835942,2.8160440192884657,288,True
LEVEL,threat,ip,real_macro,a,22,-0.2678323551040422,-0.09579717086538354,0.3277624240027867,-0.8171539367849104,0.4138404626700267,-0.8069535670034322,0.2712888567953478,-1.19082576896458,0.6551610587564956,2.8160440192884657,287,True
LEVEL,threat,ip,real_macro,a,23,-0.26203177787378823,-0.09372244435286554,0.27112454288335386,-0.9664627742185715,0.3338126656370136,-0.7079919655910327,0.18392840984345632,-1.025530425342776,0.5014668695951996,2.8160440192884657,286,True
LEVEL,threat,ip,real_macro,a,24,-0.2932919525677357,-0.10490345456081644,0.5871259607853793,-0.49953838214785906,0.617400154234206,-1.2590282186429347,0.6724443135074631,-1.9466645030063974,1.3600805978709258,2.8160440192884657,285,True
LEVEL,threat,cpi,real_macro,a,0,-0.03754602040981715,-0.013429305548678827,0.08524633844066781,-0.44044144413251846,0.6596174137424411,-0.1777637693782823,0.10267172855864799,-0.2782517728048947,0.20315973198526044,2.8236491654431686,309,True
LEVEL,threat,cpi,real_macro,a,1,0.06666894198633992,0.02384587188653429,0.08989457038590742,0.7416348028600342,0.4583086312074349,-0.08119446815616431,0.21453235212884414,-0.18716178666169975,0.3204996706343796,2.8236491654431686,308,True
LEVEL,threat,cpi,real_macro,a,2,-0.04585261929487067,-0.01640037553905605,0.095252814032594,-0.4813781068891112,0.6302477937228284,-0.202529555933717,0.11082431734397566,-0.31481314814411804,0.2231079095543767,2.8236491654431686,307,True
LEVEL,threat,cpi,real_macro,a,3,0.006727912756674517,0.0024064120545412597,0.07852296559472934,0.08568082860495162,0.9317201426328472,-0.1224308720008017,0.13588669751415072,-0.21499339351300562,0.22844921902635462,2.8236491654431686,306,True
LEVEL,threat,cpi,real_macro,a,4,-0.024231913078769554,-0.008667170613872465,0.07382346888718519,-0.3282413227668837,0.7427292060155223,-0.1456607136319953,0.09719688747445616,-0.23268348939218975,0.1842196632346506,2.8236491654431686,305,True
LEVEL,threat,cpi,real_macro,a,5,-0.012149837602869626,-0.0043457037458249845,0.0683046932515464,-0.17787705389621317,0.8588195317899496,-0.12450106003548346,0.10020138482974421,-0.20501832769845024,0.18071865249271096,2.8236491654431686,304,True
LEVEL,threat,cpi,real_macro,a,6,0.06780144046833993,0.02425093926736958,0.0700888682893859,0.967363892771081,0.3333621536091228,-0.047484488746380504,0.18308736968306036,-0.13010493398384076,0.2657078149205206,2.8236491654431686,303,True
LEVEL,threat,cpi,real_macro,a,7,-0.02398965595281915,-0.008580521085367917,0.07095730105163818,-0.3380858008587589,0.7352985304678235,-0.14070402994629372,0.09272471804065543,-0.22434817984937697,0.17636886794373866,2.8236491654431686,302,True
LEVEL,threat,cpi,real_macro,a,8,0.06958889713235093,0.024890269386354698,0.06986793623500874,0.9960061922865557,0.31924713649872416,-0.04533363119141738,0.18451142545611926,-0.12769364270886802,0.26687143697356985,2.8236491654431686,301,True
LEVEL,threat,cpi,real_macro,a,9,0.0006965601842437441,0.00024914277052934714,0.08291128815842592,0.008401270800578627,0.9932968345902656,-0.1356803728583618,0.13707349322684928,-0.23341582943011369,0.23480894979860117,2.8236491654431686,300,True
LEVEL,threat,cpi,real_macro,a,10,0.06847966930609484,0.02449352535757888,0.07500116068513335,0.9130481272627665,0.36121723023912977,-0.05488626187241692,0.19184560048460658,-0.14329729546975092,0.28025663408194057,2.8236491654431686,299,True
LEVEL,threat,cpi,real_macro,a,11,0.04890905617051544,0.017493589260384308,0.05487310852995683,0.8913119282064103,0.37276185122516026,-0.041349175417085826,0.1391672877581167,-0.10603335093536959,0.20385146327640047,2.8236491654431686,298,True
LEVEL,threat,cpi,real_macro,a,12,0.020316961248586955,0.0072668868085045135,0.06373630225915711,0.31876592347602,0.7499040204061773,-0.08451992669086293,0.12515384918803685,-0.15965199543391556,0.20028591793108946,2.8236491654431686,297,True
LEVEL,threat,cpi,real_macro,a,13,-0.030629190857067078,-0.01095532251457477,0.06724441288147519,-0.4554904942222338,0.6487564047194099,-0.14123640727738385,0.07997802556324968,-0.22050382117056036,0.1592454394564262,2.8236491654431686,296,True
LEVEL,threat,cpi,real_macro,a,14,0.018305621128773306,0.006547478979486468,0.07601318764504313,0.2408216481363024,0.8096933505368262,-0.10672494626531871,0.14333618852286534,-0.1963289527278277,0.23294019498537433,2.8236491654431686,295,True
LEVEL,threat,cpi,real_macro,a,15,-0.019460520556012204,-0.0069605586379189255,0.07761430863751365,-0.2507336713762373,0.8020200260563796,-0.1471246976217575,0.10820365650973308,-0.2386160983667761,0.19969505725475173,2.8236491654431686,294,True
LEVEL,threat,cpi,real_macro,a,16,0.012759678877741472,0.004563829254921775,0.07044857067710986,0.1811204791680372,0.8562730103833214,-0.1031179081140498,0.12863726586953275,-0.18616236892134386,0.21168172667682678,2.8236491654431686,293,True
LEVEL,threat,cpi,real_macro,a,17,-0.03335537806996672,-0.011930413900168269,0.06618409880226883,-0.5039787301420998,0.6142763237790809,-0.1422185330313932,0.07550777689145975,-0.2202360534186013,0.15352529727866787,2.8236491654431686,292,True
LEVEL,threat,cpi,real_macro,a,18,-0.02883383112566497,-0.01031316565907781,0.09240148874839393,-0.3120494216730479,0.7550029641473496,-0.18082075502917638,0.12315309277784643,-0.2897432177157738,0.23207555546444392,2.8236491654431686,291,True
LEVEL,threat,cpi,real_macro,a,19,0.05832896458025995,0.02086286320457978,0.07827242543392665,0.7452045117663832,0.45614809578867244,-0.07041771828502295,0.18707564744554284,-0.16268490417345965,0.2793428333339796,2.8236491654431686,290,True
LEVEL,threat,cpi,real_macro,a,20,0.11842485955299296,0.042357714776096136,0.07740426072788929,1.529952724040728,0.1260284313603724,-0.00889381944677313,0.24574353855275904,-0.10013761665305708,0.336987335759043,2.8236491654431686,289,True
LEVEL,threat,cpi,real_macro,a,21,0.01064467143098663,0.0038073421244568034,0.0677505796377889,0.15711557728207842,0.875153761156885,-0.10079511521429499,0.12208445807626825,-0.1806591962215469,0.20194853908352017,2.8236491654431686,288,True
LEVEL,threat,cpi,real_macro,a,22,0.07983595202217827,0.02855539366817056,0.07463049731702623,1.069749698746339,0.2847319893671284,-0.042920292170924426,0.20259219621528096,-0.13089438944365148,0.290566293488008,2.8236491654431686,287,True
LEVEL,threat,cpi,real_macro,a,23,0.03758654233418757,0.01344379926326831,0.08911142416911833,0.4217926341616391,0.6731763825737459,-0.10898870691319779,0.18416179158157292,-0.2140328561523956,0.2892059408207707,2.8236491654431686,286,True
LEVEL,threat,cpi,real_macro,a,24,-0.026666395665831597,-0.009537926293375742,0.0931816668118163,-0.2861764183687048,0.7747430042010729,-0.17993659828663128,0.1266038069549681,-0.28977873139362015,0.23644594006195693,2.8236491654431686,285,True
LEVEL,threat,infl_exp,real_macro,a,0,-0.07524783142531297,-0.026914333637920847,0.17713024206366254,-0.42481639808445626,0.670970522772599,-0.3666011525265205,0.21610548967589457,-0.5753837530418734,0.4248880901912474,2.8235490212721897,309,True
LEVEL,threat,infl_exp,real_macro,a,1,-0.026700536366817417,-0.009550137598333772,0.11194082956362199,-0.23852365996307065,0.8114749668301986,-0.2108268158784976,0.1574257431448628,-0.34277095612157926,0.28936988338794445,2.8235490212721897,308,True
LEVEL,threat,infl_exp,real_macro,a,2,0.057481151255732305,0.02055962083537396,0.14618732245015714,0.3932020252667985,0.6941702739964579,-0.18297559629073304,0.2979378988021977,-0.35528591997081094,0.4702482224822755,2.8235490212721897,307,True
LEVEL,threat,infl_exp,real_macro,a,3,0.030394377104483127,0.010871335301121459,0.09424542071455409,0.3225024290202929,0.7470720978877494,-0.12462554498141858,0.18541429919038482,-0.23571218831348184,0.2965009425224481,2.8235490212721897,306,True
LEVEL,threat,infl_exp,real_macro,a,4,-0.06754757677841502,-0.024160138350987372,0.07776204057394658,-0.8686446019145001,0.38504155083029723,-0.1954547512556186,0.06035959769878854,-0.28711251033311014,0.15201735677628012,2.8235490212721897,305,True
LEVEL,threat,infl_exp,real_macro,a,5,0.0224681488128802,0.008036314694019076,0.0979596954574678,0.22936115417626463,0.8185882258828678,-0.13866121155539737,0.18359750918115778,-0.2541258534201748,0.29906215104593514,2.8235490212721897,304,True
LEVEL,threat,infl_exp,real_macro,a,6,0.09930927633722772,0.035520531901753846,0.07921949775705243,1.2535963891337194,0.20998874434664494,-0.030995201873734002,0.22961375454818944,-0.1243708590203721,0.32298941169482753,2.8235490212721897,303,True
LEVEL,threat,infl_exp,real_macro,a,7,-0.08471533394827206,-0.030300630848009765,0.08591220704295423,-0.9860686491957569,0.32409942672655,-0.2260283393022811,0.056597671405737,-0.32729266205973917,0.15786199416319507,2.8235490212721897,302,True
LEVEL,threat,infl_exp,real_macro,a,8,-0.058197639145850306,-0.020815891265456802,0.08033733828470786,-0.7244158244277826,0.46881048768633293,-0.19034080140307938,0.07394552311137878,-0.28503405203125,0.16863877373954939,2.8235490212721897,301,True
LEVEL,threat,infl_exp,real_macro,a,9,0.037077541643538395,0.013261741997954806,0.08722632580062795,0.425072835559829,0.6707835796234112,-0.10639699671527526,0.18055208000235207,-0.2092102651999938,0.28336534848707057,2.8235490212721897,300,True
LEVEL,threat,infl_exp,real_macro,a,10,0.05151349768105305,0.01842513514585789,0.11848151803233736,0.4347808716207821,0.6637214906312257,-0.14337125698115333,0.2463982523432594,-0.2830248765979964,0.38605187196010254,2.8235490212721897,299,True
LEVEL,threat,infl_exp,real_macro,a,11,0.04691066168976631,0.016778811774092944,0.09429387180819679,0.49749427815613845,0.6188405368712103,-0.10818895535324335,0.202010278732776,-0.21933270776623304,0.3131540311457657,2.8235490212721897,298,True
LEVEL,threat,infl_exp,real_macro,a,12,-0.014504373903851842,-0.005187864567829934,0.10366901616704118,-0.1399104037071312,0.8887307811750133,-0.18502473114870033,0.15601598334099664,-0.30721892303855175,0.27821017523084807,2.8235490212721897,297,True
LEVEL,threat,infl_exp,real_macro,a,13,-0.047854865760988435,-0.017116530787568817,0.10503213544012566,-0.45562118260718837,0.6486624080984364,-0.22061735468613738,0.12490762316416051,-0.34441824898508333,0.24870851746310643,2.8235490212721897,296,True
LEVEL,threat,infl_exp,real_macro,a,14,0.05771377099325381,0.02064282330257906,0.10912951618159059,0.5288557396077757,0.596905527519396,-0.12178830950549485,0.23721585149200247,-0.2504187676131839,0.3658463095996915,2.8235490212721897,295,True
LEVEL,threat,infl_exp,real_macro,a,15,0.00384554031258085,0.0013754569803596827,0.11990604605236879,0.03207127946576869,0.9744152072896743,-0.1933823544300682,0.20107343505522993,-0.33471505866320317,0.34240613928836483,2.8235490212721897,294,True
LEVEL,threat,infl_exp,real_macro,a,16,-0.13916060635852615,-0.04977439107339915,0.09169064083323536,-1.5177187670836325,0.1290853109227838,-0.2899782894905781,0.011657076773525787,-0.3980536255430277,0.11973241282597544,2.8235490212721897,293,True
LEVEL,threat,infl_exp,real_macro,a,17,0.19053941485630244,0.06815135114832854,0.09110131621122042,2.0915111085171656,0.03648227169097891,0.040691084466223576,0.34038774524638127,-0.06668961736849727,0.44776844708110214,2.8235490212721897,292,True
LEVEL,threat,infl_exp,real_macro,a,18,-0.14818799098884147,-0.05300326873294075,0.09626034108934592,-1.5394500924456302,0.12369445294709905,-0.30652216216123795,0.010146180183554981,-0.4199837828589913,0.12360780088130832,2.8235490212721897,291,True
LEVEL,threat,infl_exp,real_macro,a,19,0.02110202784021614,0.007547686185375132,0.11507870713611594,0.18337039375369854,0.8545074043423266,-0.16818560097751042,0.2103896566579427,-0.303828343063233,0.34603239874366526,2.8235490212721897,290,True
LEVEL,threat,infl_exp,real_macro,a,20,0.05733748802443552,0.020508235964004463,0.1002721714262648,0.5718185535315616,0.5674449063887259,-0.10759555682835589,0.22227053287722695,-0.22578590346703167,0.3404608795159027,2.8235490212721897,289,True
LEVEL,threat,infl_exp,real_macro,a,21,-0.07968838723567709,-0.028502613304645485,0.10129683767240275,-0.7866818853061526,0.4314681108413021,-0.24630685807984326,0.08693008360848908,-0.36570497410355773,0.20632819963220353,2.8235490212721897,288,True
LEVEL,threat,infl_exp,real_macro,a,22,0.12892111449167037,0.04611197190241124,0.09595158987704364,1.343605818901753,0.17907588685216225,-0.028905206129345024,0.28674743511268574,-0.14200290319516673,0.3998451321785075,2.8235490212721897,287,True
LEVEL,threat,infl_exp,real_macro,a,23,0.002198239024828733,0.0007862570576384184,0.08416187404011931,0.02611917866492433,0.9791622799180316,-0.13623572474109447,0.14063220279075195,-0.23543693804958343,0.23983341609924091,2.8235490212721897,286,True
LEVEL,threat,infl_exp,real_macro,a,24,-0.06184023595345813,-0.02211876025093301,0.07451611828700969,-0.8298907320329201,0.4066005653602549,-0.18440834338419093,0.060727871477274674,-0.272240148811747,0.14855967690483077,2.8235490212721897,285,True
LEVEL,threat,freight,physical_channel,a,0,-0.006050708197833186,-0.002164192324184415,0.006918973670063326,-0.8745094990046127,0.38184084946981,-0.017431407133818584,0.005329990738152214,-0.02563674189673059,0.013535325501064219,2.8307715324371427,309,True
LEVEL,threat,freight,physical_channel,a,1,0.007835936922721429,0.0028027255631034973,0.008601323493644555,0.9110152557930574,0.3622873355081351,-0.006311981222382726,0.021983855067825582,-0.016512444764370367,0.032184318609813224,2.8307715324371427,308,True
LEVEL,threat,freight,physical_channel,a,2,0.013239895242175451,0.004735591061288167,0.008733575419924656,1.5159765165558816,0.12952529053539497,-0.0011255579635418463,0.02760534844789275,-0.011482861432940032,0.03796265191729094,2.8307715324371427,307,True
LEVEL,threat,freight,physical_channel,a,3,0.012353388447249543,0.004418508971359746,0.006822856393490344,1.8105889578792622,0.07020450273237523,0.0011307883622479094,0.023575988532251176,-0.006960559201349675,0.031667336095848764,2.8307715324371427,306,True
LEVEL,threat,freight,physical_channel,a,4,0.004812335505544636,0.0017212562929789722,0.006293763599753726,0.7646196793494026,0.4444980471996882,-0.005539984378685434,0.015164655389774705,-0.013003871324527329,0.0226285423356166,2.8307715324371427,305,True
LEVEL,threat,freight,physical_channel,a,5,0.0006236410452638099,0.000223061353989871,0.005286277546004583,0.11797357210938791,0.9060885980281395,-0.008071511749353957,0.009318793839881576,-0.014340602944527643,0.015587885035055262,2.8307715324371427,304,True
LEVEL,threat,freight,physical_channel,a,6,0.004144564827454934,0.0014824108341358756,0.0057486143604887656,0.7209676223789258,0.4709294355972945,-0.00531106435334033,0.013600194008250199,-0.012128449055176013,0.02041757871008588,2.8307715324371427,303,True
LEVEL,threat,freight,physical_channel,a,7,0.007655311152435892,0.002738120083410749,0.007097529293993541,1.07858817277646,0.280771356063937,-0.004019085649183707,0.01932970795405549,-0.012436172723639716,0.0277467950285115,2.8307715324371427,302,True
LEVEL,threat,freight,physical_channel,a,8,0.010959680415902033,0.003920013237475801,0.006486123979733438,1.6897118294603497,0.09108309901026972,0.0002909558629805697,0.021628404968823498,-0.007401054701785292,0.029320415533589356,2.8307715324371427,301,True
LEVEL,threat,freight,physical_channel,a,9,-0.010915022846899693,-0.003904040302590888,0.006490283747903857,-1.6817481747889493,0.09261768206414067,-0.021590589609583547,-0.00023945608421583817,-0.029287533317905377,0.007457487624105991,2.8307715324371427,300,True
LEVEL,threat,freight,physical_channel,a,10,0.0019160670906351166,0.0006853309653339205,0.00638829663723614,0.29993395727223027,0.7642275319044468,-0.008591745803164642,0.012423879984434874,-0.016167741170816874,0.01999987535208711,2.8307715324371427,299,True
LEVEL,threat,freight,physical_channel,a,11,0.007577709154817203,0.0027103637213293837,0.008282516160174683,0.9149042402420601,0.36024190384767474,-0.006045817591530304,0.02120123590116471,-0.015868201808355884,0.03102362011799029,2.8307715324371427,298,True
LEVEL,threat,freight,physical_channel,a,12,-0.007680675038690384,-0.0027471921335160765,0.006852482844725913,-1.1208601630578174,0.2623473902194975,-0.018952006299460544,0.003590656222079776,-0.027078488402054388,0.011717138324673622,2.8307715324371427,297,True
LEVEL,threat,freight,physical_channel,a,13,-0.005746754062924211,-0.002055475264269067,0.006652444451267492,-0.8638560013574079,0.3876669995592277,-0.01668905144668474,0.00519554332083632,-0.024578304436691654,0.013084796310843232,2.8307715324371427,296,True
LEVEL,threat,freight,physical_channel,a,14,0.004574564834846432,0.0016362114612639826,0.007212867683009062,0.634222757977728,0.5259354573914616,-0.007289546734272086,0.01643867640396495,-0.015843415669451473,0.024992545339144336,2.8307715324371427,295,True
LEVEL,threat,freight,physical_channel,a,15,0.0007584542208563042,0.00027128077397787907,0.007213259460987443,0.1051472257387061,0.9162589862472352,-0.011106301765690912,0.01262321020740352,-0.01966063531738984,0.021177543759102448,2.8307715324371427,294,True
LEVEL,threat,freight,physical_channel,a,16,-0.006470348904905055,-0.002314287679548848,0.007534559395105372,-0.858756108433938,0.39047508763477246,-0.018863596253425416,0.005922898443615306,-0.02779896515002616,0.014858267340216051,2.8307715324371427,293,True
LEVEL,threat,freight,physical_channel,a,17,-0.004088496196854589,-0.0014623564378560725,0.006777272014323415,-0.6032657665523478,0.546331902796512,-0.015236116650451168,0.0070591242567419905,-0.023273404882584243,0.015096412488875065,2.8307715324371427,292,True
LEVEL,threat,freight,physical_channel,a,18,-0.006124767985606898,-0.00219068172327459,0.0071322356489703235,-0.858744478877549,0.39048150515917357,-0.01785625166108832,0.0056067156898745255,-0.02631449762334544,0.014064961652131645,2.8307715324371427,291,True
LEVEL,threat,freight,physical_channel,a,19,0.011429569271720898,0.004088081143204119,0.010552484616782109,1.0831164116120975,0.27875675531109123,-0.00592772332354277,0.028786861866984564,-0.018442103777946764,0.041301242321388563,2.8307715324371427,290,True
LEVEL,threat,freight,physical_channel,a,20,-0.00019459058437352233,-6.96003567335387e-05,0.006621461078609098,-0.029387861993504003,0.9765552533509096,-0.011085924855241703,0.01069674368649466,-0.018938434108840694,0.018549252940093647,2.8307715324371427,289,True
LEVEL,threat,freight,physical_channel,a,21,-0.005235324240187607,-0.0018725491570206758,0.007337723265760693,-0.7134807419920963,0.47554832578203554,-0.017304804967440284,0.00683415648706507,-0.02600674237380468,0.015536093893429465,2.8307715324371427,288,True
LEVEL,threat,freight,physical_channel,a,22,0.0017531596299877501,0.0006270628974717714,0.005837299713036329,0.3003374361731765,0.7639197805644568,-0.007848343974602844,0.011354663234578344,-0.014770902223978994,0.018277221483954494,2.8307715324371427,287,True
LEVEL,threat,freight,physical_channel,a,23,-0.00017043065919740527,-6.095893445544129e-05,0.005439767877437092,-0.031330502153283514,0.9750059651421974,-0.009118052582173918,0.008777191263779106,-0.015569170709712345,0.015228309391317533,2.8307715324371427,286,True
LEVEL,threat,freight,physical_channel,a,24,-0.009207227974736006,-0.003293203284381726,0.006643188579526125,-1.38596516785811,0.1657575398186587,-0.02013430080429215,0.00171984485482014,-0.0280125770902701,0.00959812114079809,2.8307715324371427,285,True
LEVEL,threat,oil,asset_price,b,0,0.040903807539691354,0.014630304984632672,0.053058040073682436,0.7709257161193227,0.4407509633345553,-0.04636890211444176,0.12817651719382447,-0.10918097460194365,0.19098858968132637,2.8286906552373625,309,True
LEVEL,threat,oil,asset_price,b,1,-0.032920778778664665,-0.011774968220161967,0.060551627397975635,-0.5436811559546172,0.5866609020093883,-0.13251934272203902,0.06667778516470968,-0.204202601358733,0.13836104380140365,2.8286906552373625,308,True
LEVEL,threat,oil,asset_price,b,2,0.00894319721921651,0.0031987658539585346,0.036016537466022534,0.2483080786889464,0.8038960488217909,-0.050298735062004246,0.06818512950043726,-0.09293644574492779,0.1108228401833608,2.8286906552373625,307,True
LEVEL,threat,oil,asset_price,b,3,0.011291703440138658,0.004038769861826439,0.04889069845271842,0.23095811263687963,0.8173473435612139,-0.06912633923400596,0.09170974611428329,-0.12700495840109371,0.14958836528137104,2.8286906552373625,306,True
LEVEL,threat,oil,asset_price,b,4,0.01256054660944409,0.004492604447435445,0.03179160888583244,0.39508999543088713,0.6927764720202854,-0.03973199657304005,0.06485308979192823,-0.07736808036087124,0.10248917357975941,2.8286906552373625,305,True
LEVEL,threat,oil,asset_price,b,5,-0.051093282363436805,-0.01827483426616657,0.03726359845843827,-1.371131197123203,0.17033406138995177,-0.11238644744106227,0.010199882714188667,-0.15650047510333853,0.054313910376464915,2.8286906552373625,304,True
LEVEL,threat,oil,asset_price,b,6,0.026244886411416195,0.009387162603712905,0.03561597913611816,0.73688515795432,0.4611921905685207,-0.03233818604805572,0.0848279588708881,-0.07450170094805011,0.1269914737708825,2.8286906552373625,303,True
LEVEL,threat,oil,asset_price,b,7,-0.011177483136052848,-0.0039979160150887885,0.03240472634616567,-0.34493373024196017,0.7301441919633338,-0.06447851479691337,0.04212354852480768,-0.10284042973697563,0.08048546346486993,2.8286906552373625,302,True
LEVEL,threat,oil,asset_price,b,8,0.016433743252650707,0.005877953429937427,0.032720571910899214,0.502244988180559,0.6154952006517663,-0.03738680813091833,0.07025429463621974,-0.07612263274573203,0.10899011925103344,2.8286906552373625,301,True
LEVEL,threat,oil,asset_price,b,9,0.003060337677327992,0.0010946089439674872,0.035763694699389025,0.08557107153082463,0.9318073956596657,-0.05576570526214719,0.06188638061680317,-0.09810409131559573,0.10422476667025173,2.8286906552373625,300,True
LEVEL,threat,oil,asset_price,b,10,0.04890878333060303,0.017493491672131024,0.024893853257761334,1.9646931643800218,0.04944976158951178,0.007962038510776578,0.08985552815042948,-0.021508226752476628,0.11932579341368268,2.8286906552373625,299,True
LEVEL,threat,oil,asset_price,b,11,-0.010525235619073306,-0.0037646228164147934,0.034867361534920246,-0.30186498650126153,0.7627549880770658,-0.06787694170201512,0.04682647046386851,-0.10915421536568486,0.08810374412753826,2.8286906552373625,298,True
LEVEL,threat,oil,asset_price,b,12,-0.012101749058727757,-0.004328503633919026,0.030093266662221143,-0.4021414223508078,0.6875799494810753,-0.06160076787490003,0.03739726975744451,-0.09722629125171875,0.07302279313426324,2.8286906552373625,297,True
LEVEL,threat,oil,asset_price,b,13,0.002529675385343412,0.0009048038465313872,0.028740541149865316,0.08801766717448417,0.9298626342643617,-0.04474430796556059,0.04980365873624741,-0.07876842479174548,0.08382777556243232,2.8286906552373625,296,True
LEVEL,threat,oil,asset_price,b,14,-0.006469973228958844,-0.0023141533093276132,0.03292848329787682,-0.1964856130915698,0.8442300922830531,-0.06063250841148251,0.047692561953564826,-0.09961446622480258,0.0866745197668849,2.8286906552373625,295,True
LEVEL,threat,oil,asset_price,b,15,-0.007854690549089676,-0.0028094332827471773,0.029429077095712228,-0.2669023742587596,0.7895443285469744,-0.05626121474780643,0.040551833649627084,-0.09110044592199075,0.0753910648238114,2.8286906552373625,294,True
LEVEL,threat,oil,asset_price,b,16,0.0031132625722368437,0.0011135389018459751,0.025560190945290728,0.12180122515127137,0.9030564436460323,-0.03892951020969679,0.04515603535417048,-0.06918861070078969,0.07541513584526338,2.8286906552373625,293,True
LEVEL,threat,oil,asset_price,b,17,0.012395185482004752,0.004433458762166595,0.05399153495729249,0.22957646030640527,0.8184209002928273,-0.076412986617175,0.10120335758118451,-0.14033016491360992,0.1651205358776194,2.8286906552373625,292,True
LEVEL,threat,oil,asset_price,b,18,-0.008894955037194561,-0.0031815107894900153,0.02994938484743986,-0.2969995905593674,0.7664668217273056,-0.05815730932847148,0.04036739925408236,-0.09361250008525515,0.07582259001086603,2.8286906552373625,291,True
LEVEL,threat,oil,asset_price,b,19,0.023206609092460556,0.00830044411763848,0.031170536302633754,0.7445046458985601,0.45657123158784274,-0.028064360598949102,0.07447757878387021,-0.06496519566553652,0.11137841385045763,2.8286906552373625,290,True
LEVEL,threat,oil,asset_price,b,20,0.04003174443941276,0.014318389055766153,0.03155423081477134,1.268664879660856,0.2045606135496988,-0.011870346561927793,0.09193383544075331,-0.04922541339953377,0.1292889022783593,2.8286906552373625,289,True
LEVEL,threat,oil,asset_price,b,21,-0.03514182712535268,-0.012569383621860901,0.032129397521154714,-1.0937592932520603,0.2740605616662407,-0.08798998316978965,0.017706328919084288,-0.1260259536518495,0.055742299401144134,2.8286906552373625,288,True
LEVEL,threat,oil,asset_price,b,22,-0.024859500424957492,-0.008891643464482183,0.028268804088668272,-0.879396961646587,0.37918607895703005,-0.07135754535978411,0.021638544509869122,-0.10482320238530918,0.05510420153539419,2.8286906552373625,287,True
LEVEL,threat,oil,asset_price,b,23,-0.02444310694266637,-0.008742709563069192,0.05125377355909846,-0.47690355744210927,0.6334307986636182,-0.10874806227629893,0.0598618483909662,-0.16942417725494,0.12053796336960725,2.8286906552373625,286,True
LEVEL,threat,oil,asset_price,b,24,0.06227701201128114,0.022274984507800428,0.04250753310505885,1.4650817740319424,0.14289860862507037,-0.007641657989334687,0.13219568201189696,-0.05796364966019165,0.18251767368275393,2.8286906552373625,285,True
LEVEL,threat,dxy,asset_price,b,0,-0.003640717359472999,-0.0013021967522277864,0.004636948464107383,-0.7851537250530648,0.4323634432483163,-0.011267818858647086,0.003986384139701088,-0.01685082381722354,0.009569389098277543,2.848879292061207,309,True
LEVEL,threat,dxy,asset_price,b,1,-0.0009511860186156292,-0.000340216287590379,0.004535565387877723,-0.2097171878853029,0.8338884098482257,-0.008411527197141862,0.006509155159910604,-0.01387246432993003,0.011970092292698771,2.848879292061207,308,True
LEVEL,threat,dxy,asset_price,b,2,-0.004711125968023306,-0.0016850560835032688,0.004354347702442176,-1.0819360992648859,0.2792809229181282,-0.011873390579393128,0.002451138643346518,-0.017116136967945117,0.007693885031898504,2.848879292061207,307,True
LEVEL,threat,dxy,asset_price,b,3,0.0016344859067588678,0.0005846161701636678,0.004563818841567858,0.35813996205803716,0.7202385743995101,-0.0058723280675434895,0.009141299881061224,-0.011367283083702568,0.014636254897220303,2.848879292061207,306,True
LEVEL,threat,dxy,asset_price,b,4,0.001967032671925199,0.000703560124007461,0.004400658827554974,0.4469859511963329,0.6548852035099537,-0.005271406961554613,0.009205472305405011,-0.010569913133322516,0.014503978477172916,2.848879292061207,305,True
LEVEL,threat,dxy,asset_price,b,5,0.0023638813811026676,0.0008455033316756038,0.004849342446564688,0.48746431235790727,0.6259293273896371,-0.005612577130458985,0.010340339892664321,-0.011451309895028901,0.01617907265723424,2.848879292061207,304,True
LEVEL,threat,dxy,asset_price,b,6,-0.0055788010694553586,-0.0019954025310608696,0.00450647336879849,-1.2379527432873236,0.2157335837618961,-0.012991290134883775,0.001833687995973058,-0.018417199730050685,0.007259597591139967,2.848879292061207,303,True
LEVEL,threat,dxy,asset_price,b,7,-0.007199902083166425,-0.0025752312479468444,0.004495138772002449,-1.6017085229960732,0.10922007957150094,-0.01459374739594484,0.00019394322961198938,-0.020006009845665647,0.005606205679332795,2.848879292061207,302,True
LEVEL,threat,dxy,asset_price,b,8,-0.008392917684663386,-0.003001944142202195,0.004946463887759883,-1.6967510276243638,0.08974374095863047,-0.01652912675102971,-0.00025670861829706244,-0.022484796223431087,0.0056989608541043145,2.848879292061207,301,True
LEVEL,threat,dxy,asset_price,b,9,0.0003755755370693256,0.00013433430730768858,0.00496435569290182,0.07565443741396984,0.9396940257284558,-0.007790062929877422,0.008541214004016074,-0.013767274594864834,0.014518425669003486,2.848879292061207,300,True
LEVEL,threat,dxy,asset_price,b,10,-0.006154788379902137,-0.0022014192939487157,0.00441937845010029,-1.3926819007234976,0.16371600413646026,-0.013424019052420775,0.0011144422926165007,-0.018745064130174405,0.006435487370370132,2.848879292061207,299,True
LEVEL,threat,dxy,asset_price,b,11,-0.002476617260197701,-0.0008858262354119013,0.004726762250402743,-0.5239563847296702,0.6003088759928827,-0.010251449291509954,0.005298214771114553,-0.015942592353866705,0.010989357833471302,2.848879292061207,298,True
LEVEL,threat,dxy,asset_price,b,12,0.003259515918706903,0.0011658501949157905,0.004805021151322405,0.6783562061552718,0.4975458693084547,-0.004644040549624293,0.011163072387038099,-0.010429409337211594,0.0169484411746254,2.848879292061207,297,True
LEVEL,threat,dxy,asset_price,b,13,-0.0005817418396210975,-0.00020807501912185422,0.005056689477857666,-0.11504401094202844,0.9084102379177327,-0.008899255867642624,0.00773577218840043,-0.014987639779473599,0.013824156100231405,2.848879292061207,296,True
LEVEL,threat,dxy,asset_price,b,14,-0.002584787799192411,-0.0009245162271518891,0.005216989322301951,-0.4954558346789746,0.6202783902487111,-0.011165971607747877,0.005996396009363056,-0.017447360646402867,0.012277785048018047,2.848879292061207,295,True
LEVEL,threat,dxy,asset_price,b,15,0.004773757571453948,0.001707457896805801,0.004628009065211536,1.0314927011137458,0.30230982923548166,-0.0028386399250235382,0.012386155067931434,-0.00841088161789874,0.017958396760806634,2.848879292061207,294,True
LEVEL,threat,dxy,asset_price,b,16,0.004811377464605722,0.0017209136248517946,0.004480091467490874,1.0739462574634415,0.28284676932206654,-0.002557717234770986,0.01218047216398243,-0.007951862343669134,0.01757461727288058,2.848879292061207,293,True
LEVEL,threat,dxy,asset_price,b,17,-0.003145800194287945,-0.001125176824149917,0.004864201982495798,-0.6467248287814419,0.5178100508635729,-0.011146700467420698,0.004855100078844809,-0.017003324494623294,0.010711724106047402,2.848879292061207,292,True
LEVEL,threat,dxy,asset_price,b,18,-0.012968765069957306,-0.004638614340814448,0.004674638184528449,-2.774282106555274,0.005532368068382468,-0.02065786064246477,-0.005279669497449841,-0.026286244991738997,0.00034871485182438704,2.848879292061207,291,True
LEVEL,threat,dxy,asset_price,b,19,-0.004871036973049989,-0.0017422523914916953,0.005010648741187852,-0.972136987574035,0.3309824033885095,-0.013112820728372655,0.003370746782272677,-0.019145770411612615,0.009403696465512635,2.848879292061207,290,True
LEVEL,threat,dxy,asset_price,b,20,-0.0008447852387500917,-0.00030215929598819026,0.004461524255399949,-0.18934901849465832,0.8498192789248035,-0.008183339591976665,0.006493769114476481,-0.013555129300987801,0.011865558823487618,2.848879292061207,289,True
LEVEL,threat,dxy,asset_price,b,21,-0.0023869105541756133,-0.0008537403112104343,0.005003938393807506,-0.47700638303810305,0.6333575763697608,-0.010617656770271613,0.005843835661920388,-0.016642527023043835,0.011868705914692607,2.848879292061207,288,True
LEVEL,threat,dxy,asset_price,b,22,-0.0004909346959468823,-0.00017559549492479826,0.004445526095776901,-0.11043343023298269,0.9120656417680343,-0.007803174418292936,0.006821305026399171,-0.013155701932523401,0.012173832540629637,2.848879292061207,287,True
LEVEL,threat,dxy,asset_price,b,23,-0.004671917424627615,-0.0016710321335977366,0.005025395053788986,-0.9296617230331254,0.3525462586926823,-0.012937956705716416,0.0035941218564611863,-0.018988661327793872,0.009644826478538641,2.848879292061207,286,True
LEVEL,threat,dxy,asset_price,b,24,-0.0018581103291403405,-0.0006646012301920904,0.004486969435939543,-0.4141125442614619,0.6787916863548793,-0.009238518279865899,0.005522297621585218,-0.014640944639300057,0.010924723981019378,2.848879292061207,285,True
LEVEL,threat,vix,asset_price,b,0,-0.05076020084126875,-0.01815569904264647,1.6908364025987932,-0.030020764139718655,0.9760504932440806,-2.8319385902374736,2.730418188554936,-4.669049003859603,4.567528602177066,2.7313634813634753,309,True
LEVEL,threat,vix,asset_price,b,1,-0.6989838213916402,-0.2500096470569515,2.136946720790011,-0.3270946414299145,0.7435963046197591,-4.2139483856851445,2.815980742901864,-6.535762056176907,5.137794413393626,2.7313634813634753,308,True
LEVEL,threat,vix,asset_price,b,2,-2.645920169709601,-0.9463818010164292,1.7824430209027249,-1.4844346431728095,0.13769364986167226,-5.577778037475786,0.2859376980565851,-7.514419944614497,2.2225796051952957,2.7313634813634753,307,True
LEVEL,threat,vix,asset_price,b,3,-2.180049376308001,-0.779751059262513,1.8404080014235005,-1.1845467823557592,0.23619668895582757,-5.207251152519956,0.8471523999039539,-7.206872582205289,2.846773829589287,2.7313634813634753,306,True
LEVEL,threat,vix,asset_price,b,4,-1.5623743697818657,-0.5588236133739259,1.6436708979546488,-0.9505396559165543,0.3418381139620801,-4.265972407797153,1.1412236682334216,-6.051837035835105,2.927088296271373,2.7313634813634753,305,True
LEVEL,threat,vix,asset_price,b,5,-0.7551816491753041,-0.2701102540518149,1.60918051236688,-0.46929579582376196,0.6388582199246381,-3.402048051361595,1.891684753010987,-5.150438535575967,3.640075237225359,2.7313634813634753,304,True
LEVEL,threat,vix,asset_price,b,6,-0.4754363062345399,-0.17005209488698422,1.546208921054096,-0.30748516565951584,0.7584741125780368,-3.018723658055092,2.0678510455860124,-4.6986948877601185,3.747822275291038,2.7313634813634753,303,True
LEVEL,threat,vix,asset_price,b,7,-2.0227082519599935,-0.7234739355839251,1.5240927338460852,-1.327155629733658,0.18445720641371943,-4.529617713037112,0.4842012091171246,-6.1855594873986135,2.140142983478626,2.7313634813634753,302,True
LEVEL,threat,vix,asset_price,b,8,-0.05204863578162025,-0.01861654113202673,1.8414346905029728,-0.028265262976773613,0.9774505856525901,-3.080939165249697,2.9768418936864562,-5.081676102737294,4.977578831174053,2.7313634813634753,301,True
LEVEL,threat,vix,asset_price,b,9,-1.3670152303230694,-0.48894836303093203,1.8176347553044243,-0.7520846673588812,0.4520001439209018,-4.356758350058604,1.6227278894124648,-6.33163642341861,3.5976059627724712,2.7313634813634753,300,True
LEVEL,threat,vix,asset_price,b,10,-2.34729459652506,-0.8395706390564797,1.971822926499613,-1.190418553805937,0.23388192420792409,-5.5906546888840145,0.8960654958338949,-7.733059729681358,3.038470536631239,2.7313634813634753,299,True
LEVEL,threat,vix,asset_price,b,11,0.44933117983127574,0.16071492106590324,2.2662359142152964,0.1982720232314651,0.8428322393805422,-3.27829518319344,4.176957542855991,-5.740582836410754,6.639245196073306,2.7313634813634753,298,True
LEVEL,threat,vix,asset_price,b,12,-0.3504837615134896,-0.12535958463348243,1.8398059620272422,-0.19050039446947936,0.8489170341041649,-3.3766952710409415,2.675727748013962,-5.375662578989496,4.674695055962517,2.7313634813634753,297,True
LEVEL,threat,vix,asset_price,b,13,-2.092912058853112,-0.7485841433544834,1.910366096454197,-1.095555486845027,0.2732733506755024,-5.235184661410924,1.0493605437047,-7.310816250743001,3.124992133036777,2.7313634813634753,296,True
LEVEL,threat,vix,asset_price,b,14,-1.8865628157344894,-0.6747779981137476,1.9012501725617617,-0.9922748952035689,0.3210634462742219,-5.013841057814815,1.2407154263458366,-7.0795681060056905,3.306442474536712,2.7313634813634753,295,True
LEVEL,threat,vix,asset_price,b,15,-0.1976250945895625,-0.0706857278177971,1.8270896538225978,-0.10816387371911144,0.9138657013792661,-3.202920138445172,2.8076699492660473,-5.18807105221764,4.792820863038515,2.7313634813634753,294,True
LEVEL,threat,vix,asset_price,b,16,-0.7816419677798911,-0.27957447155283877,1.9279372290531167,-0.4054291581701471,0.6851620815850291,-3.9528165115226814,2.3895325759628987,-6.047539309576664,4.484255374016882,2.7313634813634753,293,True
LEVEL,threat,vix,asset_price,b,17,-2.063609578071121,-0.7381033530214353,2.1644639014621023,-0.9534044788999004,0.3403851729752243,-5.623835876796594,1.4966167206543517,-7.975547235254219,3.848328079111977,2.7313634813634753,292,True
LEVEL,threat,vix,asset_price,b,18,-3.754832101418927,-1.3430128419351206,1.7211276211175888,-2.18161166862268,0.02913820496758965,-6.585835111460552,-0.9238290913773017,-8.455857232505501,0.9461930296676471,2.7313634813634753,291,True
LEVEL,threat,vix,asset_price,b,19,-3.37885690476131,-1.2085355860361289,1.537088124238368,-2.1982193808409938,0.027933476209826773,-5.907141880858825,-0.8505719286637956,-7.577203274943473,0.8194894654208529,2.7313634813634753,290,True
LEVEL,threat,vix,asset_price,b,20,-3.1556624761182626,-1.1287043243925763,1.6282686774303168,-1.9380477680737749,0.05261739498542394,-5.833926115840995,-0.47739883639552927,-7.603056079499434,1.291731127262909,2.7313634813634753,289,True
LEVEL,threat,vix,asset_price,b,21,-3.606139193351698,-1.2898289765464384,1.8156460800585346,-1.9861465474788125,0.04701705404762267,-6.592611233396202,-0.6196671533071942,-8.565328591504324,1.3530502048009279,2.7313634813634753,288,True
LEVEL,threat,vix,asset_price,b,22,-2.4243373947317512,-0.8671269890011555,1.8254300024096872,-1.3280911300523532,0.18414800334476655,-5.4269025549413605,0.5782277654778576,-7.410250241098812,2.5615754516353095,2.7313634813634753,287,True
LEVEL,threat,vix,asset_price,b,23,-2.0349862911122316,-0.7278654939305704,2.1819222710673807,-0.9326575552651245,0.350996806371053,-5.623929052403605,1.5539564701791426,-7.994609101479332,3.9246365192548693,2.7313634813634753,286,True
LEVEL,threat,vix,asset_price,b,24,-3.764401016469516,-1.3464354119593491,2.0123320367724054,-1.8706659476073677,0.06139139752885728,-7.0743926657852505,-0.45440936715378166,-9.260811254087447,1.732009221148414,2.7313634813634753,285,True
LEVEL,threat,us10y,asset_price,b,0,0.015051571205253524,0.005383583839159533,0.07475794411344001,0.20133741482261477,0.8404347487206062,-0.10791430431317374,0.1380174467236808,-0.19658227683785587,0.2266854192483629,2.830921189084195,309,True
LEVEL,threat,us10y,asset_price,b,1,0.027694156974133778,0.009905531714393706,0.08504666866441567,0.3256348239037054,0.7447006613761022,-0.11219516443867045,0.167583478386938,-0.21306625940898338,0.2684545733572509,2.830921189084195,308,True
LEVEL,threat,us10y,asset_price,b,2,0.022891518609371914,0.008187743854689391,0.06222538670965662,0.36788069660673445,0.7129621943266677,-0.07946013440846471,0.12524317162720855,-0.15326364712595306,0.19904668434469688,2.830921189084195,307,True
LEVEL,threat,us10y,asset_price,b,3,-0.06300349296555935,-0.022534829215809668,0.0682672252184954,-0.9228951779409664,0.3560618337859831,-0.17529308596811452,0.04928610003699582,-0.2562626273565809,0.1302556414254622,2.830921189084195,306,True
LEVEL,threat,us10y,asset_price,b,4,0.009694350824202343,0.0034674353737968815,0.06865029812797054,0.1412135283976651,0.8877012590550553,-0.10322534104288986,0.12261404269129453,-0.1846492327832165,0.20403793443162116,2.830921189084195,305,True
LEVEL,threat,us10y,asset_price,b,5,0.02098770447075779,0.0075067954746406,0.08463711894438113,0.24797281302249619,0.8041554420210248,-0.11822796759963067,0.16020337654114625,-0.21861330893193007,0.2605887178734456,2.830921189084195,304,True
LEVEL,threat,us10y,asset_price,b,6,0.039741695354625704,0.014214645496762986,0.0807822714848475,0.4919606074964126,0.622747191561444,-0.0931333168906042,0.17261670759985562,-0.18894654869418104,0.26842993940343246,2.830921189084195,303,True
LEVEL,threat,us10y,asset_price,b,7,0.03207692483923684,0.011473142027469931,0.06558136145980378,0.4891164825679545,0.6247592328986019,-0.07579481541833691,0.1399486650968106,-0.1535787409263113,0.21773259060478495,2.830921189084195,302,True
LEVEL,threat,us10y,asset_price,b,8,-0.06045163050336333,-0.021622089587242436,0.06533337190613649,-0.9252795124398802,0.35482053287517423,-0.16791546424414133,0.04701220323741469,-0.24540525738676316,0.1245019963800365,2.830921189084195,301,True
LEVEL,threat,us10y,asset_price,b,9,-0.009570310056236967,-0.0034230689840885264,0.07350982926933525,-0.13019088945468738,0.8964154023951522,-0.13048321934648655,0.1113425992340126,-0.21767084334075965,0.19853022322828573,2.830921189084195,300,True
LEVEL,threat,us10y,asset_price,b,10,0.00867213834538146,0.003101814635196083,0.07284353204849357,0.11905159046390315,0.9052344830996427,-0.111144809544539,0.12848908623530192,-0.1975421600184326,0.21488643670919555,2.830921189084195,299,True
LEVEL,threat,us10y,asset_price,b,11,-0.11845586190084399,-0.04236880356786351,0.06810634759481546,-1.739277851244828,0.08198590129301586,-0.2304808347605939,-0.006430889041094109,-0.31125956441814046,0.07434784061645248,2.830921189084195,298,True
LEVEL,threat,us10y,asset_price,b,12,-0.0007115493201033347,-0.0002545040227518721,0.06608382964445204,-0.010767374165989661,0.9914090443935575,-0.1094097761936235,0.10798667755341683,-0.18778966291641289,0.1863665642762062,2.830921189084195,297,True
LEVEL,threat,us10y,asset_price,b,13,0.024073611778379474,0.008610550058391817,0.07921363474235421,0.3039074252391011,0.7611984206708728,-0.106221222631591,0.15436844618834994,-0.200173945278127,0.24832116883488595,2.830921189084195,296,True
LEVEL,threat,us10y,asset_price,b,14,-0.014676255228094291,-0.005249342370168736,0.07374882042376268,-0.19900325379801517,0.8422601993383438,-0.13598226998551313,0.10662975952932456,-0.22345335363568933,0.19410084317950074,2.830921189084195,295,True
LEVEL,threat,us10y,asset_price,b,15,-0.056203268327300666,-0.02010255294604682,0.06838935463990116,-0.8218131114591535,0.411183270338073,-0.16869374635161258,0.05628720969701125,-0.24980814148519034,0.13740160483058902,2.830921189084195,294,True
LEVEL,threat,us10y,asset_price,b,16,-0.040071969841073626,-0.014332776711337258,0.05881621671696877,-0.6813081846781326,0.49567650547612685,-0.1368160372315435,0.056672097549396255,-0.20657604400690854,0.12643210432476132,2.830921189084195,293,True
LEVEL,threat,us10y,asset_price,b,17,0.06830296032842237,0.024430320820095122,0.05615119018106043,1.2164116220542853,0.22382815887905194,-0.024057528498536762,0.1606634491553815,-0.09065663374743799,0.22726255440428272,2.830921189084195,292,True
LEVEL,threat,us10y,asset_price,b,18,0.0791459169887705,0.028308584786649185,0.06176398929469599,1.2814249515383425,0.20004444469943017,-0.022446804817602084,0.1807386387951431,-0.09570306902795374,0.25399490300549477,2.830921189084195,291,True
LEVEL,threat,us10y,asset_price,b,19,0.04177682505855486,0.014942562285997746,0.07572561389372892,0.5516868455788713,0.58116292401368,-0.08278072560767195,0.16633437572478166,-0.17259641986961083,0.2561500699867206,2.830921189084195,290,True
LEVEL,threat,us10y,asset_price,b,20,0.07897008945920782,0.028245695521885737,0.06692830321232535,1.1799206863003944,0.23803176152599936,-0.0311171728252934,0.18905735174370902,-0.11049866225401579,0.26843884117243144,2.830921189084195,289,True
LEVEL,threat,us10y,asset_price,b,21,0.003347707377377447,0.0011973941517011745,0.09333801929055312,0.035866492591366504,0.9713888137062439,-0.15017967218515532,0.1568750869399102,-0.26088486917939874,0.2675802839341536,2.830921189084195,288,True
LEVEL,threat,us10y,asset_price,b,22,-0.17285752341512023,-0.06182696522805356,0.06516889878029578,-2.6524542634650867,0.00799089530747533,-0.2800508229383231,-0.06566422389191735,-0.3573455398415427,0.011630493011302229,2.830921189084195,287,True
LEVEL,threat,us10y,asset_price,b,23,-0.08012356846719244,-0.02865826713062439,0.07450630435879563,-1.0753931382953326,0.28219875256930504,-0.20267553342250771,0.04242839648812283,-0.2910450441968631,0.1307979072624782,2.830921189084195,286,True
LEVEL,threat,us10y,asset_price,b,24,0.10472075911847888,0.03745608871836481,0.06418697314765075,1.6314955197776244,0.10278580443661683,-0.0008574164664712086,0.21029893470342897,-0.07698750322838387,0.2864290214653416,2.830921189084195,285,True
LEVEL,threat,ip,real_macro,b,0,0.3402375764377525,0.12169477146317882,0.2339682943949196,1.454203772855902,0.14588981931222783,-0.044606021189380785,0.7250811740648857,-0.31854040741135464,0.9990155602868596,2.8156720360458034,309,True
LEVEL,threat,ip,real_macro,b,1,0.19392240490923013,0.06936136506173463,0.5663449469915728,0.34241040895543773,0.7320420562082297,-0.7376321352554975,1.125476945073958,-1.4007192250907843,1.7885640349092444,2.8156720360458034,308,True
LEVEL,threat,ip,real_macro,b,2,-0.5039768068716901,-0.1802603433081228,0.6350413918248938,-0.7936125319696586,0.42742103456911174,-1.5485269434791777,0.5405733297357975,-2.2920450955646494,1.2840914818212694,2.8156720360458034,307,True
LEVEL,threat,ip,real_macro,b,3,0.3240662897733557,0.11591069242201694,0.36134002317244635,0.8968458210860797,0.3698011936461646,-0.27028515790457164,0.9184177374512831,-0.6933487089774442,1.3414812885241556,2.8156720360458034,306,True
LEVEL,threat,ip,real_macro,b,4,0.4435806683051304,0.15865810184770418,0.5002313055767736,0.8867511156537389,0.37521291161036185,-0.379226608987496,1.2663879455977567,-0.9649066303620744,1.8520679669723352,2.8156720360458034,305,True
LEVEL,threat,ip,real_macro,b,5,0.17154774140117696,0.06135848780553533,0.26200781102649323,0.654742851860362,0.5126333304545001,-0.25941675685536636,0.6025122396577203,-0.5661803253316933,0.9092758081340473,2.8156720360458034,304,True
LEVEL,threat,ip,real_macro,b,6,0.14229577633145568,0.050895765723866906,0.2622019803094224,0.5426952769904088,0.5873396266388771,-0.2889881019743562,0.5735796546372676,-0.5959790074216174,0.8805705600845286,2.8156720360458034,303,True
LEVEL,threat,ip,real_macro,b,7,0.2148093515313668,0.07683212188512027,0.23502461881826883,0.9139865968571856,0.36072388850167314,-0.17177174515474994,0.6013904482174836,-0.44694289545755705,0.8765615985202907,2.8156720360458034,302,True
LEVEL,threat,ip,real_macro,b,8,-0.16332244681865685,-0.05841649840237415,0.218553229811772,-0.7472891018783734,0.4548890694618688,-0.5228105195565086,0.19616562591919492,-0.7786966643871552,0.4520517707498416,2.8156720360458034,301,True
LEVEL,threat,ip,real_macro,b,9,-0.05455366465911787,-0.019512529517399884,0.19988812910289658,-0.2729209828715503,0.7849139566136423,-0.3833403787985614,0.2742330494803257,-0.617373080111657,0.5082657507934214,2.8156720360458034,300,True
LEVEL,threat,ip,real_macro,b,10,-0.26068823832442833,-0.09324189267446795,0.31026155012747125,-0.8402208981980666,0.40078454312680345,-0.7710230743551855,0.2496465977063288,-1.1342830088785725,0.6129065322297157,2.8156720360458034,299,True
LEVEL,threat,ip,real_macro,b,11,0.2678086256825786,0.09578868342389577,0.2505935130532259,1.0686973593993083,0.285206061785267,-0.14438102315353113,0.6799982745186883,-0.4377805214358686,0.9733977728010259,2.8156720360458034,298,True
LEVEL,threat,ip,real_macro,b,12,0.2456070920115799,0.08784773053294262,0.401964964246338,0.6110161677201882,0.5411888769326298,-0.41556643733642795,0.9067806213595878,-0.8861944172869852,1.377408601310145,2.8156720360458034,297,True
LEVEL,threat,ip,real_macro,b,13,0.07289893378122764,0.026074189627432163,0.2759650814750635,0.26415999224095627,0.7916566379309646,-0.38102323139498906,0.5268210989574443,-0.7041282290532105,0.8499260966156656,2.8156720360458034,296,True
LEVEL,threat,ip,real_macro,b,14,-0.2574594356615102,-0.09208702787006438,0.22980736933210819,-1.1203271523005007,0.26257437550279983,-0.6354589206076049,0.12054004928458445,-0.9045216191671772,0.3896027478441568,2.8156720360458034,295,True
LEVEL,threat,ip,real_macro,b,15,0.20510481108297535,0.07336104192861748,0.2556335365362224,0.8023392151988349,0.42235676398100463,-0.21537493865906177,0.6255845608250125,-0.5146753892175593,0.9248850113835099,2.8156720360458034,294,True
LEVEL,threat,ip,real_macro,b,16,0.2339217251862362,0.08366815677697395,0.22562300044931682,1.0367813774322336,0.29983775637987675,-0.13719508542649625,0.6050385357989686,-0.40135864786765485,0.8692020982401273,2.8156720360458034,293,True
LEVEL,threat,ip,real_macro,b,17,-0.16357124838498094,-0.05850548871928887,0.21563034994562366,-0.75857247565674,0.4481083429000522,-0.5182516115738551,0.1911091148038933,-0.7707155948496442,0.44357309807968237,2.8156720360458034,292,True
LEVEL,threat,ip,real_macro,b,18,0.07725576496955266,0.02763252301705371,0.4962895720613148,0.15566671016010789,0.87629573867312,-0.739067937653695,0.8935794675928004,-1.32013290486463,1.4746444348037353,2.8156720360458034,291,True
LEVEL,threat,ip,real_macro,b,19,-0.21200932422453786,-0.07583061967962373,0.1956123619867346,-1.0838237526057541,0.2784429515575252,-0.5337630273149625,0.10974437886588681,-0.7627895817754556,0.33877093332637986,2.8156720360458034,290,True
LEVEL,threat,ip,real_macro,b,20,-0.19541479992997202,-0.06989515875049608,0.27235547305064994,-0.7174990747978497,0.47306620709153424,-0.6433996875974175,0.25257008773747347,-0.9622784892627135,0.5714488894027695,2.8156720360458034,289,True
LEVEL,threat,ip,real_macro,b,21,0.15842664280509536,0.05666538743809804,0.2546862745050136,0.622046253230567,0.5339114546024755,-0.2604949995492345,0.5773482851594252,-0.5586863782833567,0.8755396638935473,2.8156720360458034,288,True
LEVEL,threat,ip,real_macro,b,22,-0.31240165651928664,-0.11173853456421066,0.3316807874487198,-0.9418744417554971,0.3462569267884146,-0.8579680027444337,0.23316468970586046,-1.2463059746322989,0.6215026615937257,2.8156720360458034,287,True
LEVEL,threat,ip,real_macro,b,23,-0.2809769879769294,-0.10049868887577312,0.2749889910488835,-1.0217754060088224,0.30688721214700343,-0.7332936272754114,0.1713396513215526,-1.0552558002937205,0.4933018243398617,2.8156720360458034,286,True
LEVEL,threat,ip,real_macro,b,24,-0.25195018563360777,-0.09011650206836254,0.5471893022538076,-0.4604442824372753,0.645197355789044,-1.1519964940748286,0.648096122807613,-1.7926558024130685,1.2887554311458531,2.8156720360458034,285,True
LEVEL,threat,cpi,real_macro,b,0,-0.02058385331453311,-0.007362347660626458,0.08090576742054727,-0.2544176264658423,0.7991729349278672,-0.15366199829751254,0.11249429166844632,-0.24830331981930756,0.20713561319024135,2.8146258760650675,309,True
LEVEL,threat,cpi,real_macro,b,1,0.07243903277982466,0.02590969413623041,0.0941136236871996,0.769697626568778,0.44147927831221256,-0.08236410248761158,0.2272421680472609,-0.1924556077404176,0.3373336733000669,2.8146258760650675,308,True
LEVEL,threat,cpi,real_macro,b,2,-0.06668474790599746,-0.023851525282613077,0.09461135710792457,-0.7048281511270279,0.48091718731063515,-0.22230658179576812,0.0889370859837732,-0.33298032179159465,0.1996108259795997,2.8146258760650675,307,True
LEVEL,threat,cpi,real_macro,b,3,-0.008034944315550775,-0.002873905705648044,0.08237001749316485,-0.09754695409913594,0.9222920480144079,-0.14352156634123917,0.12745167771013763,-0.23987572696374482,0.22380583833264328,2.8146258760650675,306,True
LEVEL,threat,cpi,real_macro,b,4,-0.01508933227522889,-0.005397090062748855,0.07613803643289738,-0.19818389049903526,0.8429011910272624,-0.14032525765084347,0.1101465931003857,-0.2293894197720467,0.19921075522158893,2.8146258760650675,305,True
LEVEL,threat,cpi,real_macro,b,5,-0.005701373991440918,-0.002039243907680056,0.06781936482268285,-0.08406705085409526,0.9330031214900832,-0.11725430219757588,0.10585155421469405,-0.19658751311966105,0.18518476513677923,2.8146258760650675,304,True
LEVEL,threat,cpi,real_macro,b,6,0.05557953530295622,0.019879458693359178,0.0740245546601015,0.7508256626218252,0.45275758290318757,-0.06618002191317923,0.17733909251909166,-0.15277189170755842,0.26393096231347085,2.8146258760650675,303,True
LEVEL,threat,cpi,real_macro,b,7,-0.03404490898274865,-0.012177042469905764,0.07484416310453242,-0.45487727526860355,0.6491975324651433,-0.15715260212138635,0.08906278415588906,-0.2447032271292,0.17661340916370272,2.8146258760650675,302,True
LEVEL,threat,cpi,real_macro,b,8,0.06337515730186441,0.022667764580977755,0.0717003456803047,0.8838891458688305,0.37675605705571136,-0.0545614163440591,0.1813117309477879,-0.1384344909727314,0.2651848055764602,2.8146258760650675,301,True
LEVEL,threat,cpi,real_macro,b,9,0.011905873947175738,0.004258443832808231,0.0831313915094294,0.1432175467172985,0.8861183723975066,-0.12483309689063204,0.14864484478498352,-0.2220778917085601,0.24588963960291157,2.8146258760650675,300,True
LEVEL,threat,cpi,real_macro,b,10,0.07551796431202928,0.02701095365343417,0.07637373217167018,0.9887949975036269,0.32276345229835024,-0.05010564605436274,0.2011415746784213,-0.1394455185100167,0.2904814471340753,2.8146258760650675,299,True
LEVEL,threat,cpi,real_macro,b,11,0.04010382989223098,0.014344172282881686,0.062039279847207224,0.6464264251777304,0.5180032314764916,-0.061941704577905196,0.14214936436236714,-0.13451353249816056,0.2147211922826225,2.8146258760650675,298,True
LEVEL,threat,cpi,real_macro,b,12,-0.0017817790711085763,-0.0006372993809991576,0.06812313286217686,-0.026155272023577925,0.9791334914195924,-0.1138343612387572,0.11027080309654005,-0.19352291158361012,0.18995935344139298,2.8146258760650675,297,True
LEVEL,threat,cpi,real_macro,b,13,-0.04868290911793363,-0.017412701916402037,0.07150802722540132,-0.6808034147618091,0.49599588906543424,-0.16630314705577962,0.06893732881991235,-0.24995125289291353,0.15258543465704627,2.8146258760650675,296,True
LEVEL,threat,cpi,real_macro,b,14,0.01622824101115023,0.00580445023673811,0.08369931868190557,0.19388737288083221,0.8462640710674862,-0.12144488689614927,0.15390136891844972,-0.2193540271599575,0.25181050918225795,2.8146258760650675,295,True
LEVEL,threat,cpi,real_macro,b,15,0.0013061633538833835,0.0004671831151298437,0.08904268596349496,0.014668957250670474,0.9882962852190397,-0.14515602160667224,0.14776834831443902,-0.24931568463330528,0.25192801134107207,2.8146258760650675,294,True
LEVEL,threat,cpi,real_macro,b,16,0.0202418973787237,0.007240038273478513,0.0736774329369477,0.2747367351417697,0.7835185061808211,-0.10094669541208859,0.141430490169536,-0.18713251184765797,0.22761630660510537,2.8146258760650675,293,True
LEVEL,threat,cpi,real_macro,b,17,-0.04305210544834191,-0.015398699310048652,0.06700730809636311,-0.6424986568096235,0.5205494611547639,-0.15326931920289955,0.0671651083062157,-0.23165260870182985,0.145548397805146,2.8146258760650675,292,True
LEVEL,threat,cpi,real_macro,b,18,-0.04293826796368218,-0.015357982388582618,0.09160076270707404,-0.4687544808004769,0.6392451398479638,-0.19360811473393408,0.10773157880656971,-0.3007601449463088,0.2148836090189445,2.8146258760650675,291,True
LEVEL,threat,cpi,real_macro,b,19,0.048575610279349944,0.01737432371086572,0.08050906962371321,0.6033557524187616,0.5462720511268512,-0.08385002489370333,0.18100124545240323,-0.17802730034147735,0.27517852090017725,2.8146258760650675,290,True
LEVEL,threat,cpi,real_macro,b,20,0.12214018934167317,0.043686598593920115,0.07745727203662336,1.5768718175863825,0.11482502240159542,-0.005265685501533612,0.24954606418487996,-0.09587305282201813,0.3401534315053645,2.8146258760650675,289,True
LEVEL,threat,cpi,real_macro,b,21,-0.02829687255499179,-0.010121108534678375,0.06945057492531871,-0.4074389965154336,0.6836855903721869,-0.14253290261476725,0.08593915750478366,-0.22377425784738958,0.16718051273740603,2.8146258760650675,288,True
LEVEL,threat,cpi,real_macro,b,22,0.06551307373080208,0.02343244570159626,0.07640406659903175,0.8574553246571867,0.3911932948911857,-0.06016043232845712,0.19118657979006126,-0.14953578915543142,0.2805619366170356,2.8146258760650675,287,True
LEVEL,threat,cpi,real_macro,b,23,-0.007100811074029172,-0.002539788784955929,0.08644975526264423,-0.08213801244961419,0.934536965670878,-0.14929800456685666,0.1350963824187983,-0.25042452921575986,0.23622290706770152,2.8146258760650675,286,True
LEVEL,threat,cpi,real_macro,b,24,-0.05040376004578038,-0.01802820877069808,0.09602639087987727,-0.5248948709197264,0.5996562751718864,-0.20835311736760628,0.10754559727604554,-0.3206821246014216,0.21987460450986082,2.8146258760650675,285,True
LEVEL,threat,infl_exp,real_macro,b,0,-0.06763419879503858,-0.024191120956221782,0.17025129119018165,-0.397261003556718,0.6911750009874544,-0.34767265260238006,0.21240425501230292,-0.5509749453214433,0.4157065477313661,2.8389843222186313,309,True
LEVEL,threat,infl_exp,real_macro,b,1,-0.035424603601527396,-0.012670525944244981,0.10993018787558723,-0.32224636640864257,0.7472660610023557,-0.21624367184014381,0.145394464637089,-0.34751468351886816,0.2766654763158134,2.8389843222186313,308,True
LEVEL,threat,infl_exp,real_macro,b,2,0.040043784518198025,0.014322695501431304,0.15420578093850856,0.2596775832558831,0.7951124855688917,-0.21360215355539197,0.293689722591788,-0.39774400996170844,0.47783157899810447,2.8389843222186313,307,True
LEVEL,threat,infl_exp,real_macro,b,3,0.01423550906142727,0.0050916981011629925,0.10062622606974933,0.14146917376748175,0.8874993108677784,-0.1512799038558387,0.17975092197869322,-0.2714407691546188,0.29991178727747336,2.8389843222186313,306,True
LEVEL,threat,infl_exp,real_macro,b,4,-0.07495968872914373,-0.026811271948126818,0.07769696341845993,-0.9647698626962575,0.33466009401160524,-0.20275982081111338,0.052840443352825936,-0.29554014975814596,0.14562077229985854,2.8389843222186313,305,True
LEVEL,threat,infl_exp,real_macro,b,5,0.05089770889623213,0.018204882355960413,0.0998822403946842,0.509577165020629,0.6103477250475466,-0.11339395648500303,0.2151893742774673,-0.2326664056523488,0.33446182344481307,2.8389843222186313,304,True
LEVEL,threat,infl_exp,real_macro,b,6,0.10989234974247106,0.039305841898707575,0.0821480506203557,1.3377353316676333,0.1809827291584365,-0.025229169267414142,0.24501386875235626,-0.12332467806954128,0.3431093775544834,2.8389843222186313,303,True
LEVEL,threat,infl_exp,real_macro,b,7,-0.08116129911212541,-0.029029438342804005,0.09165029595447757,-0.8855541410628721,0.3758578326384001,-0.2319126208240237,0.06959002259977287,-0.3413550524535849,0.1790324542293341,2.8389843222186313,302,True
LEVEL,threat,infl_exp,real_macro,b,8,-0.06524927787637393,-0.02333809228962549,0.08859411110022343,-0.7364967836582241,0.46142842423007135,-0.2109736228461181,0.08047506709337025,-0.31676657033080385,0.18626801457805603,2.8389843222186313,301,True
LEVEL,threat,infl_exp,real_macro,b,9,0.05090389346806562,0.018207094428077063,0.09038962903039259,0.5631607742404796,0.573325410711647,-0.09777381568137372,0.19958160261750496,-0.205710846240377,0.30751863317650824,2.8389843222186313,300,True
LEVEL,threat,infl_exp,real_macro,b,10,0.03611460203537988,0.012917321734988548,0.12497768367118715,0.2889684059947567,0.7726055549993891,-0.16945539423916609,0.24168459830992586,-0.3186950825343199,0.3909242866050796,2.8389843222186313,299,True
LEVEL,threat,infl_exp,real_macro,b,11,0.05298181303545011,0.018950316118988637,0.09477406447884863,0.5590328253493277,0.5761393179634723,-0.10290765066351676,0.20887127673441697,-0.21608027017293882,0.32204389624383906,2.8389843222186313,298,True
LEVEL,threat,infl_exp,real_macro,b,12,-0.023874632898294727,-0.008539380114168027,0.10960410156284087,-0.21782609006293752,0.8275646156968023,-0.20415733688269105,0.1564080710861016,-0.3350389588860585,0.28728969308946906,2.8389843222186313,297,True
LEVEL,threat,infl_exp,real_macro,b,13,-0.06104986065038864,-0.021836062076074657,0.10812145226057265,-0.5646415153882552,0.5723176214595997,-0.23889382355245203,0.11679410225167475,-0.3680049685136646,0.2459052472128873,2.8389843222186313,296,True
LEVEL,threat,infl_exp,real_macro,b,14,0.08021750815704834,0.028691867091005095,0.11927159819416139,0.6725616942472996,0.5012261783847121,-0.11596681272491668,0.27640182903901334,-0.2583926892021359,0.4188277055162325,2.8389843222186313,295,True
LEVEL,threat,infl_exp,real_macro,b,15,-0.023944050796927772,-0.008564209221517221,0.12017420424819515,-0.19924451296949094,0.842071481073534,-0.22161302652057857,0.17372492492672303,-0.3651167325926535,0.3172286309987979,2.8389843222186313,294,True
LEVEL,threat,infl_exp,real_macro,b,16,-0.16272026549360158,-0.05820111267249901,0.09347418622163269,-1.7408043019254797,0.08171788765348335,-0.31647161972659144,-0.008968911260611723,-0.4280920147089616,0.10265148372175842,2.8389843222186313,293,True
LEVEL,threat,infl_exp,real_macro,b,17,0.22409424152656035,0.08015310300030452,0.0933722088769862,2.4000100696106985,0.0163946208462383,0.07051062509877914,0.37767785795434156,-0.04098799560612679,0.4891764786592475,2.8389843222186313,292,True
LEVEL,threat,infl_exp,real_macro,b,18,-0.15308580861678428,-0.054755099918494345,0.09810233989498167,-1.5604705125347906,0.11864873301322902,-0.314449798205471,0.008278180971902416,-0.4315968135516006,0.12542519631803206,2.8389843222186313,291,True
LEVEL,threat,infl_exp,real_macro,b,19,0.008505255989517282,0.003042124843225549,0.1063410620728726,0.07998092010486847,0.9362524308998424,-0.16641022565491884,0.18342073763395342,-0.2933953520434463,0.3104058640224809,2.8389843222186313,290,True
LEVEL,threat,infl_exp,real_macro,b,20,0.08063704120402902,0.02884192393895265,0.09995060431902408,0.8067689210427413,0.4197996278955065,-0.08376707282610922,0.24504115523416725,-0.20312115745395815,0.3643952398620162,2.8389843222186313,289,True
LEVEL,threat,infl_exp,real_macro,b,21,-0.114466477657504,-0.04094189708429676,0.1039013846716711,-1.1016838516562475,0.2705991397788654,-0.28536904707998234,0.0564360917649743,-0.40944087979718546,0.18050792448217745,2.8389843222186313,288,True
LEVEL,threat,infl_exp,real_macro,b,22,0.07028666191523839,0.02513984301275301,0.0959577140866852,0.7324753677619249,0.46387847192812637,-0.08754973213421813,0.2281230559646949,-0.20213578397279883,0.34270910780327557,2.8389843222186313,287,True
LEVEL,threat,infl_exp,real_macro,b,23,0.023950927652608277,0.008566668906861755,0.08371325385494413,0.28610675788698575,0.7747963557666728,-0.11374512157460587,0.16164697687982243,-0.2137096876034865,0.26161154290870303,2.8389843222186313,286,True
LEVEL,threat,infl_exp,real_macro,b,24,-0.06921815687564002,-0.024757664542160218,0.07840114149965818,-0.8828717994615143,0.37730554182882603,-0.1981765588284884,0.059740245077208334,-0.2917977684372141,0.1533614546859341,2.8389843222186313,285,True
LEVEL,threat,freight,physical_channel,b,0,-0.005095813385750811,-0.0018226494906608524,0.007017224428040352,-0.7261864627541749,0.46772446965050674,-0.016638120437345454,0.0064464936658438325,-0.025050230834423842,0.01485860406292222,2.8436339258206615,309,True
LEVEL,threat,freight,physical_channel,b,1,0.008481547655036385,0.003033644944042652,0.008979835435209277,0.9445103661678318,0.34490890712290245,-0.006288967229994946,0.023252062540067717,-0.017053817036811258,0.03401691234688403,2.8436339258206615,308,True
LEVEL,threat,freight,physical_channel,b,2,0.013237251535470519,0.004734645471190092,0.008986354710608158,1.4730390644211149,0.140740502628301,-0.001543986603345756,0.028018489674286794,-0.012316651589073151,0.03879115466001419,2.8436339258206615,307,True
LEVEL,threat,freight,physical_channel,b,3,0.01285526900142302,0.004598019535658422,0.0072563253629001736,1.7715948994168431,0.07646182699337545,0.0009196759099167132,0.024790862092929328,-0.0077790639773128376,0.03348960198015888,2.8436339258206615,306,True
LEVEL,threat,freight,physical_channel,b,4,0.006412954276699878,0.0022937590059209337,0.006254150063538835,1.0253918136833424,0.30517834929887155,-0.0038742071388107547,0.01670011569221051,-0.0113715590211526,0.024197467574552354,2.8436339258206615,305,True
LEVEL,threat,freight,physical_channel,b,5,-0.00020772463942921949,-7.429809131395268e-05,0.005624262285721752,-0.03693366860869337,0.9705378943850083,-0.00945881285902502,0.009043363580166582,-0.016201067682821254,0.015785618403962812,2.8436339258206615,304,True
LEVEL,threat,freight,physical_channel,b,6,0.0028951528408739653,0.0010355263137303385,0.0061593634447375195,0.47004091686577554,0.6383257847648398,-0.0072360984609148565,0.013026404142662788,-0.014619822012041261,0.020410127693789193,2.8436339258206615,303,True
LEVEL,threat,freight,physical_channel,b,7,0.0100010248288506,0.003577125265489945,0.007348317533592927,1.3609951915021075,0.1735152090376355,-0.0020858819182708217,0.02208793157597202,-0.010894900207377056,0.030896949865078255,2.8436339258206615,302,True
LEVEL,threat,freight,physical_channel,b,8,0.010282664742835984,0.0036778610670031306,0.006448311468754296,1.5946290424495297,0.11079521412543375,-0.0003238637642572935,0.02088919324992926,-0.00805397251397219,0.02861930199964416,2.8436339258206615,301,True
LEVEL,threat,freight,physical_channel,b,9,-0.010827929045925664,-0.0038728889514780484,0.006740909390313891,-1.6063009334444505,0.108207805370473,-0.021915738305534706,0.0002598802136833771,-0.029996607679105315,0.008340749587253988,2.8436339258206615,300,True
LEVEL,threat,freight,physical_channel,b,10,-0.0003773622948203775,-0.00013497338744237236,0.00657645261102409,-0.05738082780187697,0.9542418350335813,-0.011194664224537831,0.010439939634897076,-0.01907838605108035,0.018323661461439593,2.8436339258206615,299,True
LEVEL,threat,freight,physical_channel,b,11,0.007703423111240859,0.0027553285701767236,0.008120713217193185,0.9486141063239569,0.3428169138472107,-0.00565396147749211,0.021060807699973826,-0.015388912495029935,0.03079575871751165,2.8436339258206615,298,True
LEVEL,threat,freight,physical_channel,b,12,-0.008709529114659968,-0.003115188411161163,0.006818892298517588,-1.277264507690406,0.2015088795503821,-0.019925608843668084,0.0025065506143481485,-0.02809996259124181,0.010680904361921878,2.8436339258206615,297,True
LEVEL,threat,freight,physical_channel,b,13,-0.007279165035235453,-0.00260358169335775,0.0069746225917222595,-1.0436643616924357,0.2966407037992299,-0.01875139830184749,0.004193068231376583,-0.0271124384568521,0.012554108386381192,2.8436339258206615,296,True
LEVEL,threat,freight,physical_channel,b,14,0.005091460154909481,0.001821092445028478,0.007144197802803962,0.7126706588262687,0.47604957683180205,-0.006659699512691354,0.016842619822510316,-0.015224023089917296,0.025406943399736256,2.8436339258206615,295,True
LEVEL,threat,freight,physical_channel,b,15,-0.0003505618731004359,-0.00012538752326337037,0.007242917330009371,-0.048400645365364446,0.9613969449822165,-0.012264100713076024,0.01156297696687515,-0.020946767314629487,0.020245643568428617,2.8436339258206615,294,True
LEVEL,threat,freight,physical_channel,b,16,-0.007058607096786354,-0.0025246934406404206,0.007075710217411414,-0.9975828404358654,0.31848168531632093,-0.01869711471115311,0.004579900517580401,-0.02717933672029334,0.013062122526720631,2.8436339258206615,293,True
LEVEL,threat,freight,physical_channel,b,17,-0.0029822072968773527,-0.0010666635920965387,0.007104764202182166,-0.4197475401029346,0.6746698918261096,-0.014668504463471671,0.008704089869716965,-0.023185555817158726,0.01722114122340402,2.8436339258206615,292,True
LEVEL,threat,freight,physical_channel,b,18,-0.0085560788234481,-0.0030603029446130466,0.00735089778201807,-1.1639501836603101,0.2444442006666261,-0.020647229701550057,0.0035350720546538563,-0.029459341141634537,0.012347183494738338,2.8436339258206615,291,True
LEVEL,threat,freight,physical_channel,b,19,0.009502871125210503,0.003398947705701487,0.010326628567300121,0.920229779088008,0.35745269566475124,-0.007482921327893787,0.026488663578314794,-0.019862280208112933,0.03886802245853394,2.8436339258206615,290,True
LEVEL,threat,freight,physical_channel,b,20,-0.000287790948292326,-0.00010293587806581861,0.006979397849024038,-0.04123435209135831,0.9671090679429375,-0.011767878814196818,0.011192296917612166,-0.020134643453576833,0.01955906155699218,2.8436339258206615,289,True
LEVEL,threat,freight,physical_channel,b,21,-0.007432467778624862,-0.00265841438560997,0.007476866967456611,-0.994061792322239,0.3201927850877767,-0.019730819528279524,0.0048658839710298,-0.028693940346132332,0.013829004788882606,2.8436339258206615,288,True
LEVEL,threat,freight,physical_channel,b,22,0.0004450671707674458,0.00015918978791049868,0.006109855744812639,0.07284413730149271,0.9419301477406936,-0.00960475121123791,0.010494885552772802,-0.01692912590705204,0.017819260248586932,2.8436339258206615,287,True
LEVEL,threat,freight,physical_channel,b,23,-0.0024164382818643894,-0.0008643016669270332,0.005702656148053219,-0.4237390821274252,0.6717561094584699,-0.011796472930246838,0.00696359636651806,-0.018632704771758296,0.013799828208029517,2.8436339258206615,286,True
LEVEL,threat,freight,physical_channel,b,24,-0.010577447024024368,-0.0037832975761512553,0.006810459957010087,-1.5531178644016366,0.12039497897669217,-0.021779656785520178,0.0006247627374714407,-0.029943902008221376,0.008789007960172639,2.8436339258206615,285,True
INNOVATION,pooled,oil,asset_price,a,0,0.014707371120743206,0.0033042828566619887,0.05141254701689659,0.2860657947156298,0.7748277291344156,-0.06985874331081225,0.09927348555229866,-0.13055875439262593,0.15997349663411237,2.825499492674966,309,True
INNOVATION,pooled,oil,asset_price,a,1,-0.051992237572795294,-0.011681017489861466,0.05081517975010753,-1.0231635080004864,0.30623054361403546,-0.13557577028895068,0.03159129514336008,-0.1955705021769113,0.09158602703132072,2.825499492674966,308,True
INNOVATION,pooled,oil,asset_price,a,2,0.008247712248907042,0.0018530010541657886,0.03254269696630303,0.25344280031391675,0.79992605711599,-0.04528026088689917,0.061775685384713244,-0.08370166151965731,0.10019708601747139,2.825499492674966,307,True
INNOVATION,pooled,oil,asset_price,a,3,-0.014395975238003147,-0.0032343220139984153,0.04249819731891897,-0.3387431972695575,0.7348031957922658,-0.08429928923692635,0.05550733876092005,-0.1344746102022093,0.105682659726203,2.825499492674966,306,True
INNOVATION,pooled,oil,asset_price,a,4,0.03253414477987279,0.007309397170285074,0.02601795756718999,1.2504496056562124,0.21113535335886646,-0.010261587090389164,0.07532987665013474,-0.04097958112666132,0.1060478706864069,2.825499492674966,305,True
INNOVATION,pooled,oil,asset_price,a,5,-0.022227744594319955,-0.0049938738066984435,0.046286151517776215,-0.48022451349802503,0.6310677579323241,-0.09836168879595955,0.05390619960731965,-0.15300924222567325,0.10855375303703335,2.825499492674966,304,True
INNOVATION,pooled,oil,asset_price,a,6,-0.0016868696611320472,-0.00037898645903076776,0.03086214754524695,-0.0546582073933426,0.9564107652286573,-0.05245058498644297,0.04907684566417888,-0.08888785189308725,0.08551411257082316,2.825499492674966,303,True
INNOVATION,pooled,oil,asset_price,a,7,-0.0016937031276503135,-0.0003805217236326132,0.03345935366059963,-0.0506197204175151,0.9596285483483745,-0.05672944235173963,0.053342036096439005,-0.09623308992090682,0.0928456836656062,2.825499492674966,302,True
INNOVATION,pooled,oil,asset_price,a,8,0.019080352718266694,0.004286754027516964,0.029279187057473524,0.6516694838833111,0.5146144127198521,-0.029079624307409232,0.06724032974394262,-0.06364797545856019,0.10180868089509357,2.825499492674966,301,True
INNOVATION,pooled,oil,asset_price,a,9,-0.007746068334526301,-0.0017402974735714794,0.03296931730157411,-0.2349477929334153,0.8142492542119775,-0.061975769476134396,0.0464836328070818,-0.10090085764396393,0.08540872097491133,2.825499492674966,300,True
INNOVATION,pooled,oil,asset_price,a,10,0.06720365202848565,0.015098543001312494,0.028791415109785095,2.3341559201668316,0.01958755907461247,0.019845988460090218,0.11456131559688107,-0.014146476757606483,0.14855378081457776,2.825499492674966,299,True
INNOVATION,pooled,oil,asset_price,a,11,-0.016804574268139402,-0.0037754583203113102,0.030028912416386572,-0.5596131499910486,0.5757433334078653,-0.06619773976964095,0.03258859123336215,-0.10165125106622065,0.06804210252994185,2.825499492674966,298,True
INNOVATION,pooled,oil,asset_price,a,12,-0.008337103769850168,-0.0018730845121650715,0.028422644651415405,-0.2933261092378676,0.7692728986122426,-0.05508819391228366,0.03841398637258332,-0.08864527181290523,0.07197106427320489,2.825499492674966,297,True
INNOVATION,pooled,oil,asset_price,a,13,0.0029183337949992578,0.0006556576460651713,0.025485762887070273,0.11450839466452935,0.9088347921918063,-0.03900201572542351,0.04483868331542202,-0.06909167631285228,0.07492834390285079,2.825499492674966,296,True
INNOVATION,pooled,oil,asset_price,a,14,0.00025486765130122485,5.7260730282692856e-05,0.030872474937473277,0.008255497876908609,0.993413140521667,-0.050525834722570113,0.05103557002517257,-0.08697529462215012,0.08748502992475257,2.825499492674966,295,True
INNOVATION,pooled,oil,asset_price,a,15,0.007520528438772912,0.0016896257658330271,0.032232732746765407,0.23331960395221552,0.815513236889628,-0.045497598926301654,0.06053865580384748,-0.0835530415847405,0.09859409846228634,2.825499492674966,294,True
INNOVATION,pooled,oil,asset_price,a,16,0.00428424789933155,0.0009625355048996694,0.030238580870835575,0.14168151334984141,0.887331577830229,-0.04545379151992775,0.05402228731859085,-0.0811548470104253,0.08972334280908839,2.825499492674966,293,True
INNOVATION,pooled,oil,asset_price,a,17,-0.022819854853842872,-0.005126902324421492,0.05251652743734872,-0.43452710922416854,0.663905713263147,-0.10920185548406242,0.06356214577637667,-0.17120527648512263,0.12556556677743685,2.825499492674966,292,True
INNOVATION,pooled,oil,asset_price,a,18,-0.03212279855401051,-0.007216980634990582,0.02936207956933834,-1.094023278499493,0.27394476881889573,-0.0804191216284744,0.016173524520453376,-0.11508533948105797,0.05083974237303694,2.825499492674966,291,True
INNOVATION,pooled,oil,asset_price,a,19,0.025244272676669656,0.005671592614996516,0.03283658587701974,0.7687849391899336,0.4420209911105317,-0.028767104699849756,0.07925565005318908,-0.06753548406002757,0.1180240294133669,2.825499492674966,290,True
INNOVATION,pooled,oil,asset_price,a,20,0.037186771487586194,0.008354695785689037,0.028654897610372095,1.2977457464069198,0.1943747182386626,-0.00994634077675742,0.08431988375192981,-0.04377762717317326,0.11815117014834564,2.825499492674966,289,True
INNOVATION,pooled,oil,asset_price,a,21,0.009340548344333914,0.0020985268891783727,0.022488122060143566,0.41535475124837007,0.6778822259158094,-0.027649120789620646,0.04633021747828847,-0.05419962912781444,0.07288072581648226,2.825499492674966,288,True
INNOVATION,pooled,oil,asset_price,a,22,-0.013199252882983861,-0.002965456209946102,0.028562004629563403,-0.4621262776955731,0.6439907669437775,-0.060179569790925966,0.03378106402495824,-0.09390118247359529,0.06750267670762757,2.825499492674966,287,True
INNOVATION,pooled,oil,asset_price,a,23,-0.035859049153785426,-0.008056398414257546,0.05127487396562858,-0.6993493378028204,0.4843337406296008,-0.12019871156762921,0.04848061326005836,-0.1807361795306418,0.10901808122307094,2.825499492674966,286,True
INNOVATION,pooled,oil,asset_price,a,24,0.08394258806953098,0.01885925448027819,0.05162700937645993,1.6259432627101928,0.10396172566720864,-0.0009762855519968028,0.16886146169105876,-0.06192950073198225,0.2298146768710442,2.825499492674966,285,True
INNOVATION,pooled,dxy,asset_price,a,0,-0.0038883173684961117,-0.0008735823905240182,0.005101723314993764,-0.7621576334938627,0.44596592850834027,-0.012279905466866494,0.00450327072987427,-0.01828311371801955,0.010506478981027325,2.8215556706530314,309,True
INNOVATION,pooled,dxy,asset_price,a,1,-0.00028696464539298863,-6.447191346812381e-05,0.004085756525215143,-0.07023537590211104,0.9440063179394353,-0.007007436084733761,0.006433506793947784,-0.011815154138021401,0.011241224847235425,2.8215556706530314,308,True
INNOVATION,pooled,dxy,asset_price,a,2,0.001849343746101538,0.0004154892663108089,0.004081775748548906,0.45307333377121217,0.6504959363677028,-0.004864579898301691,0.008563267390504767,-0.00966761376355065,0.013366301255753726,2.8215556706530314,307,True
INNOVATION,pooled,dxy,asset_price,a,3,0.0017986639999467537,0.0004041031242855322,0.004629549179524801,0.38851817535533284,0.697632606397477,-0.0058162667591448265,0.009413594759038333,-0.011263866740108538,0.014861194740002043,2.8215556706530314,306,True
INNOVATION,pooled,dxy,asset_price,a,4,0.0014162863482523973,0.0003181949147971404,0.003712209863166968,0.3815210886391353,0.7028166259477198,-0.004689755509182819,0.007522328205687614,-0.009057920441820477,0.01189049313832527,2.8215556706530314,305,True
INNOVATION,pooled,dxy,asset_price,a,5,-0.0009969476577818442,-0.00022398272455039577,0.005036163879682525,-0.19795774752363512,0.8430781220676613,-0.009280700081199644,0.007286804765635955,-0.015206764410838045,0.013212869095274356,2.8215556706530314,304,True
INNOVATION,pooled,dxy,asset_price,a,6,-0.0054126125385471294,-0.0012160434841853123,0.004694593081433513,-1.1529460476464481,0.24893253005178972,-0.013134530995604332,0.002309305918510073,-0.018658668268874346,0.007833443191780087,2.8215556706530314,303,True
INNOVATION,pooled,dxy,asset_price,a,7,-0.009755971878617667,-0.0021918594671978204,0.004148347134397923,-2.3517732635539472,0.018684160107051973,-0.016579395708485836,-0.0029325480487494976,-0.021460764259515378,0.0019488205022800444,2.8215556706530314,302,True
INNOVATION,pooled,dxy,asset_price,a,8,-0.01129351643810439,-0.0025372972811726372,0.004293888501654616,-2.6301373297775483,0.008535038235841992,-0.018356334513776208,-0.0042306983624325716,-0.02340896188909982,0.0008219290128910414,2.8215556706530314,301,True
INNOVATION,pooled,dxy,asset_price,a,9,0.000302682264420975,6.800316719629486e-05,0.00430203885793849,0.07035786389108034,0.9439088278412965,-0.00677354195434532,0.00737890648318727,-0.011835759870565064,0.012441124399407014,2.8215556706530314,300,True
INNOVATION,pooled,dxy,asset_price,a,10,-0.006272660034459477,-0.0014092690561333897,0.0039494619765371285,-1.5882315291864941,0.11223399400121975,-0.012768946891073503,0.00022362682215454864,-0.017416286870386342,0.004870966801467387,2.8215556706530314,299,True
INNOVATION,pooled,dxy,asset_price,a,11,6.689003223206629e-05,1.5028082515321443e-05,0.004210477248700199,0.015886567788180227,0.9873248860038643,-0.006858728741489112,0.006992508805953244,-0.011813205924993554,0.011946985989457686,2.8215556706530314,298,True
INNOVATION,pooled,dxy,asset_price,a,12,0.003656921218246274,0.000821594966932746,0.00440885377024575,0.8294494235499302,0.4068501446263847,-0.00359499789644112,0.010908840332933668,-0.00878290513827062,0.01609674757476317,2.8215556706530314,297,True
INNOVATION,pooled,dxy,asset_price,a,13,-0.0009229790611606578,-0.0002073643116647637,0.004245230802486142,-0.21741551969804138,0.8278845374869608,-0.007905762343876096,0.006059804221554781,-0.01290113410514635,0.011055175982825035,2.8215556706530314,296,True
INNOVATION,pooled,dxy,asset_price,a,14,-0.008260184365541887,-0.0018558031457730835,0.004007760954092435,-2.0610471682716467,0.03929854033823882,-0.014852364506835322,-0.0016680042242484521,-0.0195683050121832,0.003047936281099428,2.8215556706530314,295,True
INNOVATION,pooled,dxy,asset_price,a,15,0.0013818381009361627,0.0003104554791009441,0.004443551875675588,0.3109760253954661,0.7558188475920665,-0.0059271543183158455,0.00869083052018817,-0.011155890891717207,0.013919567093589531,2.8215556706530314,294,True
INNOVATION,pooled,dxy,asset_price,a,16,0.0035289181186769145,0.0007928367038798682,0.004610226373259739,0.7654544122053019,0.444001002711665,-0.004054229452446699,0.011112065689800528,-0.009479092247788262,0.016536928485142093,2.8215556706530314,293,True
INNOVATION,pooled,dxy,asset_price,a,17,-0.003814964150848753,-0.0008571022339030085,0.004556499173479157,-0.8372577291473098,0.40244771416083847,-0.011309738342547329,0.0036798100408498235,-0.016671380232104717,0.009041451930407212,2.8215556706530314,292,True
INNOVATION,pooled,dxy,asset_price,a,18,-0.012432533481681683,-0.0027931985200575432,0.004036981318119267,-3.0796608906463065,0.0020723640432969135,-0.019072776844725494,-0.0057922901186378715,-0.02382310101214145,-0.001041965951221916,2.8215556706530314,291,True
INNOVATION,pooled,dxy,asset_price,a,19,-0.006818394799942747,-0.0015318784616530142,0.004939877005705076,-1.3802762279441707,0.1675016114017579,-0.014943769409470918,0.0013069798095854254,-0.020756532777718422,0.007119743177832928,2.8215556706530314,290,True
INNOVATION,pooled,dxy,asset_price,a,20,-0.001665687054310799,-0.0003742273947490388,0.004103318460501204,-0.4059365780026106,0.6847892010538805,-0.008415045306603136,0.005083671197981538,-0.013243428525033239,0.00991205441641164,2.8215556706530314,289,True
INNOVATION,pooled,dxy,asset_price,a,21,0.0009510618072935779,0.00021367361982413443,0.005371561821037008,0.17705498679525028,0.8594651985691061,-0.0078843711364332,0.009786494751020357,-0.014205098909116715,0.016107222523703873,2.8215556706530314,288,True
INNOVATION,pooled,dxy,asset_price,a,22,8.865484770330463e-05,1.9917950735114506e-05,0.0038849176515383735,0.02282026432869138,0.9817936436363124,-0.006301466041837385,0.006478775737243994,-0.010872856582014851,0.01105016627742146,2.8215556706530314,287,True
INNOVATION,pooled,dxy,asset_price,a,23,-0.009270008141734414,-0.0020826787283995743,0.005618527021467704,-1.6499000727975228,0.09896337584791659,-0.01851166269112042,-2.835359234840823e-05,-0.025122994919873902,0.0065829786364050725,2.8215556706530314,286,True
INNOVATION,pooled,dxy,asset_price,a,24,-0.0046649506512711205,-0.0010480674171898107,0.004275901139811893,-1.0909865543515214,0.27527879900703645,-0.011698182149576648,0.0023682808470344065,-0.01672964375945913,0.007399742456916888,2.8215556706530314,285,True
INNOVATION,pooled,vix,asset_price,a,0,-0.0176664802450749,-0.0039691014343839325,1.5974089905339515,-0.011059459631042696,0.991176007789439,-2.6451704520497348,2.6098374915595848,-4.28869977547507,4.25336681498492,2.6737255897141003,309,True
INNOVATION,pooled,vix,asset_price,a,1,-0.787236386076485,-0.17686720987031296,1.6273777720374862,-0.48374532306095136,0.6285666233227453,-3.46403461683255,1.88956184467958,-5.138397979305031,3.5639252071520615,2.6737255897141003,308,True
INNOVATION,pooled,vix,asset_price,a,2,-2.121371458642734,-0.47660532163487057,1.3478710806635126,-1.5738682200959846,0.1155179183691292,-4.3384220943351135,0.09567917704964524,-5.725208858648365,1.4824659413628978,2.6737255897141003,307,True
INNOVATION,pooled,vix,asset_price,a,3,-2.412519366494521,-0.5420170823614913,1.4609166653711585,-1.6513737050713975,0.09866229064210136,-4.8155134422041215,-0.009525290784920593,-6.318609639137179,1.4935709061481366,2.6737255897141003,306,True
INNOVATION,pooled,vix,asset_price,a,4,-1.891573121639076,-0.4249768763323868,1.4909934228926403,-1.268666308379336,0.20456010376646372,-4.344039061044826,0.5608928177666732,-5.878080390522546,2.094934147244394,2.6737255897141003,305,True
INNOVATION,pooled,vix,asset_price,a,5,-1.1349644803576,-0.2549907556270593,1.6218495374662762,-0.6997964078287378,0.4840544584182548,-3.802669574428572,1.5327406137133721,-5.47134509134716,3.2014161306319604,2.6737255897141003,304,True
INNOVATION,pooled,vix,asset_price,a,6,-0.4225920710902782,-0.09494312235688851,1.4050291849716696,-0.3007710271148561,0.7635891029996704,-2.7336594219635995,1.8884752797830433,-4.179254557244177,3.3340704150636213,2.6737255897141003,303,True
INNOVATION,pooled,vix,asset_price,a,7,-2.3618046165962507,-0.5306230760980328,1.4574448501778876,-1.6205104545177007,0.10512267040576957,-4.759088064493094,0.035478831300592706,-6.258612208113902,1.5350029749214005,2.6737255897141003,302,True
INNOVATION,pooled,vix,asset_price,a,8,0.08967873335208279,0.020147985577416695,1.5744161744706913,0.056959992412573004,0.9545770648011458,-2.5000054215570957,2.6793628882612612,-4.1198780811899836,4.29923554789415,2.6737255897141003,301,True
INNOVATION,pooled,vix,asset_price,a,9,-0.6181711274818023,-0.1388835735667703,2.08036459392449,-0.2971455721209221,0.7663553731928153,-4.040066375179926,2.8037241202163217,-6.180495178192894,4.944152923229289,2.6737255897141003,300,True
INNOVATION,pooled,vix,asset_price,a,10,-1.5790756648354787,-0.3547685446877021,2.426391616553119,-0.6507917576300731,0.5151809215846541,-5.570134715727522,2.4119833860565647,-8.066581020681316,4.908429691010358,2.6737255897141003,299,True
INNOVATION,pooled,vix,asset_price,a,11,1.5619541625576339,0.3509218826301172,2.700118425149339,0.5784761690484909,0.5629426821145784,-2.879345422247754,6.003253747363022,-5.65742156602269,8.781329891137958,2.6737255897141003,298,True
INNOVATION,pooled,vix,asset_price,a,12,-0.02753719349589725,-0.00618673967237724,1.9622569308170863,-0.014033429090466112,0.9888033111021015,-3.2551626231610458,3.2000882361692513,-5.274073763015392,5.218999376023597,2.6737255897141003,297,True
INNOVATION,pooled,vix,asset_price,a,13,-1.4237090873054634,-0.31986257036938126,2.003662597703434,-0.7105533081953498,0.4773610857920594,-4.719440778324966,1.8720226037140386,-6.780953047938164,3.9335348733272375,2.6737255897141003,296,True
INNOVATION,pooled,vix,asset_price,a,14,-1.7661640108320475,-0.39680140081695364,2.084712988125641,-0.8471976818353303,0.3968849454285327,-5.195211730503349,1.6628837088392543,-7.340114474392921,3.8077864527288265,2.6737255897141003,295,True
INNOVATION,pooled,vix,asset_price,a,15,-0.029155976675883682,-0.006550429244522316,2.0538614332630973,-0.014195688279496913,0.9886738598957939,-3.4074574044344383,3.3491454510826713,-5.520617848518306,5.462305895166539,2.6737255897141003,294,True
INNOVATION,pooled,vix,asset_price,a,16,0.03139577935195023,0.00705364232890516,2.0667149486435803,0.015191151238614599,0.9878796811375185,-3.3680477997992684,3.430839358503169,-5.494432865481054,5.5572244241849535,2.6737255897141003,293,True
INNOVATION,pooled,vix,asset_price,a,17,-1.7153501437448895,-0.38538512604436787,2.455659155459565,-0.6985294111078986,0.4848461713121339,-5.754550012159144,2.3238497246693646,-8.281108867312845,4.850408579823066,2.6737255897141003,292,True
INNOVATION,pooled,vix,asset_price,a,18,-3.7526103867672176,-0.843093307901789,1.7206504974317127,-2.180925407204113,0.02918893413988759,-6.5828285981836245,-0.9223921753508102,-8.353157652704684,0.8479368791702488,2.6737255897141003,291,True
INNOVATION,pooled,vix,asset_price,a,19,-2.874797656454719,-0.6458764475724585,1.4677350391346686,-1.95866255134824,0.05015231884650365,-5.28900695897914,-0.4605883539302984,-6.799118389509109,1.0495230765996708,2.6737255897141003,290,True
INNOVATION,pooled,vix,asset_price,a,20,-3.396651098984056,-0.7631204723327852,1.5902187616311958,-2.135964674130671,0.03268229331105518,-6.012328196699407,-0.7809740012687048,-7.6484596952008514,0.8551574972327396,2.6737255897141003,289,True
INNOVATION,pooled,vix,asset_price,a,21,-4.209735018663562,-0.9457948085392928,1.896539693160571,-2.2196925452417324,0.026439645236658454,-7.329265211616159,-1.0902048257109644,-9.280561728175508,0.8610916908483848,2.6737255897141003,288,True
INNOVATION,pooled,vix,asset_price,a,22,-3.1731882145263675,-0.712915403585158,1.6919518681804901,-1.8754600968281596,0.060729454132692956,-5.9562013815303665,-0.39017504752236887,-7.697003221045122,1.3506267919923878,2.6737255897141003,287,True
INNOVATION,pooled,vix,asset_price,a,23,-2.8227848148712242,-0.6341908010106321,2.155005759659637,-1.3098734433624235,0.1902386524301839,-6.367453854748691,0.7218842250062423,-8.58467886045447,2.9391092307120212,2.6737255897141003,286,True
INNOVATION,pooled,vix,asset_price,a,24,-4.62577625502148,-1.039266164750807,1.9888633644094176,-2.3258391389772917,0.020027133810538954,-7.897165373481218,-1.3543871365617415,-9.943451126887819,0.6918986168448598,2.6737255897141003,285,True
INNOVATION,pooled,us10y,asset_price,a,0,-0.005061352215482477,-0.001137126357922612,0.07849604866684469,-0.06447906998432522,0.9485887721594218,-0.13417586256650124,0.12405315813553627,-0.2245475370567576,0.21442483262579262,2.796143099798883,309,True
INNOVATION,pooled,us10y,asset_price,a,1,0.02244488284658542,0.005042657929883747,0.0772505520748053,0.2905465688433009,0.7713981296671647,-0.10462096791766165,0.14951073361083247,-0.19355871529303573,0.23844848098620655,2.796143099798883,308,True
INNOVATION,pooled,us10y,asset_price,a,2,0.03796136830647949,0.008528723283090265,0.052756243196200835,0.7195616292331677,0.47179494413538414,-0.048814929659125386,0.12473766627208437,-0.10955263707788924,0.1854753736908482,2.796143099798883,307,True
INNOVATION,pooled,us10y,asset_price,a,3,-0.03564170345300704,-0.008007567683928159,0.06452376752273127,-0.5523810034876019,0.580687342937199,-0.14177385648734517,0.0704904495813311,-0.21605939078471936,0.14477598387870527,2.796143099798883,306,True
INNOVATION,pooled,us10y,asset_price,a,4,-0.030383482798765037,-0.006826211191206444,0.06556064467119765,-0.46344087906922643,0.6430483827586133,-0.1382211469714612,0.07745418137393115,-0.2137004270145008,0.1529334614169707,2.796143099798883,305,True
INNOVATION,pooled,us10y,asset_price,a,5,0.06710067283858635,0.01507540682225074,0.09317218674670055,0.7201792206617126,0.4714146560650674,-0.08615393646272394,0.22035528213989664,-0.19342209422637335,0.32762343990354603,2.796143099798883,304,True
INNOVATION,pooled,us10y,asset_price,a,6,0.009015370666205913,0.0020254697113600974,0.07687161044520188,0.11727828536430289,0.9066395320399864,-0.11742717658418508,0.13545791791659692,-0.20592865245057307,0.2239593937829849,2.796143099798883,303,True
INNOVATION,pooled,us10y,asset_price,a,7,-0.002592294545240143,-0.0005824069002497941,0.05922745300185472,-0.04376846232369582,0.9650889664024258,-0.10001278543043873,0.09482819633995845,-0.16820072857503887,0.16301613948455856,2.796143099798883,302,True
INNOVATION,pooled,us10y,asset_price,a,8,-0.08079887158830076,-0.018152960446500534,0.05668867531334074,-1.4253088671007643,0.15406793809582706,-0.17404344478452366,0.012445701607922147,-0.2393085199024378,0.07771077672583626,2.796143099798883,301,True
INNOVATION,pooled,us10y,asset_price,a,9,-0.05995698596046113,-0.013470445480691994,0.0783786470946184,-0.7649658189185288,0.44429189870782115,-0.18887838790959366,0.06896441598867141,-0.2791148992056502,0.1592009272847279,2.796143099798883,300,True
INNOVATION,pooled,us10y,asset_price,a,10,0.011847881608755882,0.0026618456667866163,0.0784470135547892,0.15103037160848767,0.8799517576154716,-0.11718597316035043,0.1408817363778622,-0.2075011940422974,0.23119695725980915,2.796143099798883,299,True
INNOVATION,pooled,us10y,asset_price,a,11,-0.08984520377424524,-0.020185386235738075,0.06856925316878963,-1.3102841233093623,0.1900997364020628,-0.2026315885462826,0.02294118099779212,-0.28157464788051906,0.10188424033202859,2.796143099798883,298,True
INNOVATION,pooled,us10y,asset_price,a,12,0.0009090196929927284,0.00020422808150177645,0.06282204232533635,0.014469757100305502,0.9884552070755008,-0.10242404447833567,0.10424208386432113,-0.17475040047026988,0.17656843985625534,2.796143099798883,297,True
INNOVATION,pooled,us10y,asset_price,a,13,0.040414039945075884,0.009079761315781561,0.07231392973239259,0.5588693643760403,0.5762508787652526,-0.07853178965436397,0.15935986954451573,-0.16178605569549495,0.24261413558564673,2.796143099798883,296,True
INNOVATION,pooled,us10y,asset_price,a,14,-0.016267782966587294,-0.0036548582293254865,0.07657464158810012,-0.21244347514014802,0.8317610714884844,-0.14222185991528283,0.10968629398210825,-0.23038143866272603,0.19784587272955145,2.796143099798883,295,True
INNOVATION,pooled,us10y,asset_price,a,15,-0.04682813059899458,-0.01052080537558145,0.06257739083722413,-0.7483234754993793,0.4542650679255589,-0.1497587788827625,0.05610251768477336,-0.22180347019191668,0.12814720899392754,2.796143099798883,294,True
INNOVATION,pooled,us10y,asset_price,a,16,-0.0563411036448711,-0.012658070662036596,0.051996265535066186,-1.083560580074251,0.2785596769522575,-0.14186734959815656,0.029185142308414354,-0.2017301027360569,0.0890478954463147,2.796143099798883,293,True
INNOVATION,pooled,us10y,asset_price,a,17,0.0634580312471421,0.014257020037504604,0.05197532552398291,1.2209260953615526,0.22211400311796003,-0.022033771452964618,0.1489498339472488,-0.0818724165765435,0.2087884790708277,2.796143099798883,292,True
INNOVATION,pooled,us10y,asset_price,a,18,0.06525104748826273,0.014659854288344671,0.0650382504375627,1.0032718753851522,0.31572970208071893,-0.041727354634540456,0.1722294496110659,-0.1166052076957199,0.24710730267224534,2.796143099798883,291,True
INNOVATION,pooled,us10y,asset_price,a,19,-0.02338859326458773,-0.005254679924178862,0.09347278091898892,-0.2502182243284083,0.8024185924586593,-0.177137635980427,0.13036044945125155,-0.28475186465023133,0.23797467812105585,2.796143099798883,290,True
INNOVATION,pooled,us10y,asset_price,a,20,0.04873578431363064,0.010949395054455411,0.06095533291140503,0.7995327395630046,0.4239815705655413,-0.05152681610772836,0.14899838473498964,-0.12170404920253831,0.2191756178297996,2.796143099798883,289,True
INNOVATION,pooled,us10y,asset_price,a,21,0.13078046321606837,0.02938224914863857,0.10528406466920337,1.2421676882154318,0.21417469863776328,-0.04239641241526415,0.3039573388474009,-0.16360884772750403,0.42516977415964075,2.796143099798883,288,True
INNOVATION,pooled,us10y,asset_price,a,22,-0.12508603071569316,-0.02810288959927147,0.06259124290599777,-1.9984589681906901,0.045666924120850355,-0.2280394636250242,-0.02213259780636212,-0.30010010267513465,0.049928041243748306,2.796143099798883,287,True
INNOVATION,pooled,us10y,asset_price,a,23,-0.09758360209404747,-0.021923960498685776,0.09063590000483006,-1.0766550791556895,0.2816343877434613,-0.24666639094900317,0.051499186760908214,-0.3510145484866146,0.15584734429851965,2.796143099798883,286,True
INNOVATION,pooled,us10y,asset_price,a,24,0.12360349161550747,0.027769809778761232,0.060079850184793004,2.0573202369068677,0.039655431992328696,0.024780932132349623,0.2224260510986653,-0.044388366915652136,0.2915953501466671,2.796143099798883,285,True
INNOVATION,pooled,ip,real_macro,a,0,0.160940846512194,0.036158336911541675,0.2220852015653313,0.7246806422842618,0.4686479734135601,-0.20435680277478993,0.5262384957991779,-0.4693752795895786,0.7912569726139665,2.83817256466929,309,True
INNOVATION,pooled,ip,real_macro,a,1,0.06705127639980524,0.015064308998954883,0.5113232009847988,0.13113286522235987,0.8956702029472714,-0.7740005452844776,0.9081030980840881,-1.384172204314132,1.5182747571137425,2.83817256466929,308,True
INNOVATION,pooled,ip,real_macro,a,2,-0.5740512540594266,-0.12897122824068827,0.5375452919909514,-1.0679123463871576,0.28556005272373497,-1.4582345772414311,0.31013206912257796,-2.0996975540552874,0.9515950459364343,2.83817256466929,307,True
INNOVATION,pooled,ip,real_macro,a,3,0.2893210734897773,0.06500132860963702,0.29538764426385494,0.9794623407854572,0.3273515873686672,-0.1965483645342757,0.7751905115138303,-0.5490400344021878,1.1276821813817426,2.83817256466929,306,True
INNOVATION,pooled,ip,real_macro,a,4,0.33855179988139594,0.07606192155322639,0.432323559816153,0.7830981962337796,0.4335694503251414,-0.3725571754987751,1.049660775261567,-0.8884570666489723,1.565560666411764,2.83817256466929,305,True
INNOVATION,pooled,ip,real_macro,a,5,0.236795132276233,0.05320040472887896,0.21306169464659255,1.1113923254436107,0.2663995143046797,-0.1136601689276418,0.5872504334801079,-0.36791072405167174,0.8415009886041378,2.83817256466929,304,True
INNOVATION,pooled,ip,real_macro,a,6,0.21059118717556208,0.047313203959807495,0.23625148717961034,0.8913856572486251,0.3727223095930777,-0.1780079283844992,0.5991903027356233,-0.45993130209992655,0.8811136764510508,2.83817256466929,303,True
INNOVATION,pooled,ip,real_macro,a,7,0.027829595927473513,0.006252433285054289,0.19233260150840223,0.14469515677121308,0.8849515632523813,-0.28852938124463406,0.3441885730995811,-0.5180435169651451,0.573702708820092,2.83817256466929,302,True
INNOVATION,pooled,ip,real_macro,a,8,-0.008013985500818556,-0.0018004900186780874,0.20584924308324132,-0.03893133334271169,0.9689451351034825,-0.3466058595915033,0.3305778885898662,-0.5922496596776137,0.5762216886759766,2.83817256466929,301,True
INNOVATION,pooled,ip,real_macro,a,9,0.08166817697142881,0.018348265973986866,0.1755135831823317,0.46530972412880484,0.6417096721106847,-0.2070259769052784,0.370362330848136,-0.4164696595434664,0.579806013486324,2.83817256466929,300,True
INNOVATION,pooled,ip,real_macro,a,10,-0.3096444132908969,-0.06956734266773351,0.3015739743019105,-1.0267610592315468,0.3045329898819411,-0.8056894587155645,0.18640063213377067,-1.1655633933728609,0.5462745667910671,2.83817256466929,299,True
INNOVATION,pooled,ip,real_macro,a,11,0.25061033362574775,0.05630424515051295,0.21972153377670223,1.1405815775910115,0.2540440871564197,-0.1107994281262013,0.6120200953776969,-0.37299729540634524,0.8742179626578408,2.83817256466929,298,True
INNOVATION,pooled,ip,real_macro,a,12,0.13525711948066116,0.030388012750360682,0.3188731500636087,0.4241721808615122,0.6714402475316961,-0.3892425379389067,0.659756776900229,-0.7697599066395466,1.0402741456008688,2.83817256466929,297,True
INNOVATION,pooled,ip,real_macro,a,13,0.2614411105513314,0.05873757944429854,0.19767750018621172,1.3225638239306674,0.18598047137311569,-0.06370944259665928,0.586591663699322,-0.29960174712958315,0.822483968232246,2.83817256466929,296,True
INNOVATION,pooled,ip,real_macro,a,14,-0.2909492343345654,-0.06536712504756967,0.17065918787720027,-1.704855378451239,0.08822140021080334,-0.571658618486971,-0.010239850182159782,-0.7753094592763772,0.19341099060724637,2.83817256466929,295,True
INNOVATION,pooled,ip,real_macro,a,15,0.15673410658258818,0.0352132150051374,0.19632842355449187,0.7983261096123756,0.424681270165983,-0.1661974129746826,0.47966562613985897,-0.4004798388145427,0.713948051979719,2.83817256466929,294,True
INNOVATION,pooled,ip,real_macro,a,16,0.3140235442734882,0.07055119541164405,0.25481889130794894,1.2323401246338146,0.21782205717417014,-0.10511623331014458,0.733163321857121,-0.40919644199617833,1.0372435305431549,2.83817256466929,293,True
INNOVATION,pooled,ip,real_macro,a,17,-0.24918177152054022,-0.055983292259941184,0.23412344212950456,-1.064317905349718,0.28718470934887474,-0.634280564461619,0.13591702142053846,-0.9136645017184383,0.41530095867735783,2.83817256466929,292,True
INNOVATION,pooled,ip,real_macro,a,18,0.24670598686525919,0.055427061460699714,0.4975008134573669,0.49589062005905754,0.6199715843801928,-0.5716100305613985,1.065022004291917,-1.165287172790094,1.6586991465206125,2.83817256466929,291,True
INNOVATION,pooled,ip,real_macro,a,19,-0.18107159843360937,-0.040681082541576936,0.17174582965722177,-1.0542998266391703,0.2917456680965539,-0.4635683492590803,0.10142515239186156,-0.6685159002631015,0.30637270339588274,2.83817256466929,290,True
INNOVATION,pooled,ip,real_macro,a,20,-0.19636485187260672,-0.04411699469380339,0.2669107983907255,-0.7356946704911955,0.46191653378540765,-0.6353940466781047,0.2426643429328913,-0.95390375707914,0.5611740533339264,2.83817256466929,289,True
INNOVATION,pooled,ip,real_macro,a,21,0.10791758387162104,0.024245680576894302,0.22785301427205726,0.47362807209900276,0.635765153515921,-0.2668672730655979,0.48270244080883995,-0.5387685900125321,0.7546037577557743,2.83817256466929,288,True
INNOVATION,pooled,ip,real_macro,a,22,-0.02998816788895793,-0.006737396387477435,0.18081859194836852,-0.16584670617013123,0.8682775888450669,-0.32740828467549016,0.2674319488975743,-0.543182534738949,0.48320619896103306,2.83817256466929,287,True
INNOVATION,pooled,ip,real_macro,a,23,-0.1034716322049728,-0.02324681533081821,0.2762846068227685,-0.3745110283011458,0.7080241532165774,-0.5579193698082651,0.35097610539831947,-0.8876150233297961,0.6806717589198505,2.83817256466929,286,True
INNOVATION,pooled,ip,real_macro,a,24,-0.32513303914252617,-0.07304714884482846,0.5365812682069157,-0.6059343819977496,0.5445583272134863,-1.207730684306892,0.5574646060218398,-1.8480432732828482,1.1977771949977958,2.83817256466929,285,True
INNOVATION,pooled,cpi,real_macro,a,0,-0.06701935786761551,-0.015057137910535446,0.09371288200397804,-0.7151562990536412,0.47451246909662015,-0.22116333172393413,0.08712461598870311,-0.33064621577820985,0.1966075000429788,2.813133608455277,309,True
INNOVATION,pooled,cpi,real_macro,a,1,0.03969203054512381,0.008917548554369317,0.09327972005485073,0.4255161842443774,0.6704604261082923,-0.1137394553081154,0.193123516398363,-0.2227162849284765,0.30210034601872415,2.813133608455277,308,True
INNOVATION,pooled,cpi,real_macro,a,2,-0.0922810907978314,-0.020732653294325387,0.08559783048610772,-1.0780774497877998,0.2809991941367872,-0.233076992732083,0.0485148111364202,-0.3330792245491587,0.14851704295349594,2.813133608455277,307,True
INNOVATION,pooled,cpi,real_macro,a,3,-0.04352364294461902,-0.009778391125151319,0.07558201677714038,-0.575846541287089,0.5647189121148548,-0.1678449973728054,0.08079771148356736,-0.25614595453522326,0.1690986686459852,2.813133608455277,306,True
INNOVATION,pooled,cpi,real_macro,a,4,-0.03516467471213159,-0.007900394357188163,0.06612390429256614,-0.531799733974343,0.5948647070437898,-0.14392881851595102,0.07359946909168785,-0.22118005219982953,0.15085070277556636,2.813133608455277,305,True
INNOVATION,pooled,cpi,real_macro,a,5,-0.0010705097657434867,-0.00024050981224282158,0.06237220978122443,-0.017163248977363255,0.9863063809355141,-0.10366366524536857,0.10152264571388162,-0.1765318693349289,0.1743908498034419,2.813133608455277,304,True
INNOVATION,pooled,cpi,real_macro,a,6,0.039710349547370356,0.008921664256936246,0.06551478644094468,0.606128046882446,0.5444297279612876,-0.06805188454896863,0.14747258364370933,-0.1445914980404212,0.2240121971351619,2.813133608455277,303,True
INNOVATION,pooled,cpi,real_macro,a,7,-0.05657677332634517,-0.01271101821343356,0.06426620607039994,-0.8803502927241195,0.3786695754452033,-0.16228527547165322,0.0491317288189629,-0.2373661975108998,0.12421265085820946,2.813133608455277,302,True
INNOVATION,pooled,cpi,real_macro,a,8,0.026065614642129146,0.00585612227387601,0.06435516855723726,0.40502752500673633,0.6854572785408775,-0.0797892177723159,0.13192044705657419,-0.15497407290403928,0.20710530218829756,2.813133608455277,301,True
INNOVATION,pooled,cpi,real_macro,a,9,-0.003084316082598716,-0.0006929486359315313,0.06932747630151388,-0.044489086393173165,0.9645145511614309,-0.11711786692453607,0.11094923475933863,-0.19811176965577415,0.19194313749057673,2.813133608455277,300,True
INNOVATION,pooled,cpi,real_macro,a,10,0.06452769933775533,0.014497340751867123,0.07137104504932917,0.9041159379571371,0.36593392805834535,-0.05286722297095067,0.18192262164646134,-0.1362485861610882,0.26530398483659884,2.813133608455277,299,True
INNOVATION,pooled,cpi,real_macro,a,11,0.028347494652427793,0.006368788809389971,0.05974887452058175,0.47444399379712004,0.6351833272228002,-0.06993065830901951,0.1266256476138751,-0.13973407232879792,0.19642906163365348,2.813133608455277,298,True
INNOVATION,pooled,cpi,real_macro,a,12,0.008186528578596333,0.001839255011364829,0.056793359996207965,0.14414587513651136,0.8853852798405424,-0.08523023559792699,0.10160329275511966,-0.15158078116383575,0.16795383832102842,2.813133608455277,297,True
INNOVATION,pooled,cpi,real_macro,a,13,-0.03959475220833149,-0.008895693177364918,0.06707344970540281,-0.5903193049148046,0.5549765992294483,-0.14992075922841047,0.07073125481174748,-0.22828132780963484,0.14909182339297183,2.813133608455277,296,True
INNOVATION,pooled,cpi,real_macro,a,14,0.005592042174395606,0.0012563556694727984,0.08029384108755089,0.06964472117230197,0.9444764409856331,-0.12647957356032763,0.13766365790911883,-0.220285260740961,0.2314693450897522,2.813133608455277,295,True
INNOVATION,pooled,cpi,real_macro,a,15,-0.014865174192911716,-0.003339736234550821,0.0765806204198085,-0.1941114359144923,0.8460886273710464,-0.1408290854446277,0.11109873705880424,-0.23029669125223146,0.200566342866408,2.813133608455277,294,True
INNOVATION,pooled,cpi,real_macro,a,16,0.024012456970792167,0.005394842440809554,0.07411638871984182,0.3239830945023331,0.7459508331696928,-0.09789815383158482,0.14592306777316916,-0.18448684707433044,0.23251176101591475,2.813133608455277,293,True
INNOVATION,pooled,cpi,real_macro,a,17,-0.07299137672079399,-0.016398862366538883,0.06684787544704358,-1.091902715421633,0.2748758640514132,-0.1829463471038639,0.03696359366227592,-0.2610433817947046,0.11506062835311663,2.813133608455277,292,True
INNOVATION,pooled,cpi,real_macro,a,18,-0.11526292728452345,-0.025895947787552817,0.0875665506022229,-1.316289456325775,0.18807690836483693,-0.2592970856422194,0.028771231073172504,-0.36159933376013637,0.13107347919108947,2.813133608455277,291,True
INNOVATION,pooled,cpi,real_macro,a,19,-0.057191673094172335,-0.012849166815567567,0.0761982597750909,-0.7505640320786986,0.4529150742690796,-0.18252665705262108,0.06814331086427641,-0.2715475585732864,0.15716421238494171,2.813133608455277,290,True
INNOVATION,pooled,cpi,real_macro,a,20,0.05780624047892701,0.012987240741698687,0.07567875219990784,0.7638371246691539,0.4449643102266385,-0.0666742295602531,0.18228671051810713,-0.15508820078059246,0.27070068173844647,2.813133608455277,289,True
INNOVATION,pooled,cpi,real_macro,a,21,0.024590369271425296,0.005524681124552488,0.062336588901374695,0.39447729984601404,0.6932286834266199,-0.07794419507478376,0.12712493361763436,-0.15077078400349206,0.19995152254634266,2.813133608455277,288,True
INNOVATION,pooled,cpi,real_macro,a,22,0.07543705812529623,0.016948329913893834,0.06608654509094677,1.1414889070306444,0.25366652562642056,-0.03326563526023958,0.18413975151083206,-0.11047322293674124,0.2613473391873337,2.813133608455277,287,True
INNOVATION,pooled,cpi,real_macro,a,23,0.03179764998617241,0.007143929997337173,0.08234675818636379,0.38614331257836865,0.6993905338875116,-0.10365071388436392,0.16724601385670873,-0.19985478301522727,0.2634500829875721,2.813133608455277,286,True
INNOVATION,pooled,cpi,real_macro,a,24,-0.04432299567345165,-0.009957980495448935,0.08994245679698722,-0.49279280611041004,0.622158994314359,-0.1922651719529022,0.10361918060599887,-0.29734314371609316,0.20869715236918984,2.813133608455277,285,True
INNOVATION,pooled,infl_exp,real_macro,a,0,-0.15423554883548976,-0.03465186780975228,0.21896454346733527,-0.70438595396838,0.48119245084261886,-0.5144001723315095,0.20592907466052993,-0.7730737521253619,0.4646026544543824,2.8262027883166816,309,True
INNOVATION,pooled,infl_exp,real_macro,a,1,-0.07190460797941894,-0.016154699674797397,0.12515466176554305,-0.5745260061836175,0.56561190738908,-0.2777657073143571,0.13395649135551926,-0.42561706203202787,0.28180784607319,2.8262027883166816,308,True
INNOVATION,pooled,infl_exp,real_macro,a,2,0.09577976048105492,0.02151869412789717,0.1850466348241585,0.5175979588716656,0.6047388061960444,-0.20859486796462678,0.4001543889267366,-0.4271995548276006,0.6187590757897105,2.8262027883166816,307,True
INNOVATION,pooled,infl_exp,real_macro,a,3,0.025100929911407447,0.005639388012420437,0.09749406719149449,0.2574611013212226,0.7968228400171792,-0.1352625401147728,0.18546439993758768,-0.2504370746295282,0.3006389344523431,2.8262027883166816,306,True
INNOVATION,pooled,infl_exp,real_macro,a,4,-0.005980592836662793,-0.0013436507599232834,0.07765895339591436,-0.0770109893983896,0.938614802656542,-0.13371820399518788,0.1217570183218623,-0.22546054346195119,0.21349935778862558,2.8262027883166816,305,True
INNOVATION,pooled,infl_exp,real_macro,a,5,0.04876291974009021,0.01095549152973454,0.10384591309627954,0.4695699453755126,0.6386623014157664,-0.12204840706041258,0.219574246540593,-0.24472668940790682,0.34225252888808727,2.8262027883166816,304,True
INNOVATION,pooled,infl_exp,real_macro,a,6,0.05647488320457579,0.012688126713663697,0.06831649310210514,0.8266654308523859,0.40842672016451054,-0.05589574825502708,0.16884551466417866,-0.1366013800886111,0.24955114649776267,2.8262027883166816,303,True
INNOVATION,pooled,infl_exp,real_macro,a,7,-0.03479661952995953,-0.00781770395529564,0.08587953264807663,-0.40517942351353536,0.6853456287825737,-0.17605588028704575,0.1064626412271267,-0.2775095941592872,0.20791635509936815,2.8262027883166816,302,True
INNOVATION,pooled,infl_exp,real_macro,a,8,-0.07315682726068161,-0.01643603388944994,0.07777599447951657,-0.9406093454703239,0.34690509095102484,-0.20108695387007214,0.054773299348708906,-0.29296755972279415,0.14665390520143096,2.8262027883166816,301,True
INNOVATION,pooled,infl_exp,real_macro,a,9,0.013880297885827272,0.003118465562129845,0.09143718876862857,0.15180145051210828,0.8793435380514923,-0.13652049369849784,0.1642810894701524,-0.2445397399679095,0.2723003357395641,2.8262027883166816,300,True
INNOVATION,pooled,infl_exp,real_macro,a,10,0.03735602874805371,0.008392722558763362,0.11306969302102036,0.3303805621998902,0.7411124268679832,-0.1486270659158612,0.22333912341196863,-0.2822018529420653,0.3569139104381727,2.8262027883166816,299,True
INNOVATION,pooled,infl_exp,real_macro,a,11,0.013790808425474508,0.0030983601002313194,0.09634601656407506,0.14313833531771303,0.8861809294455004,-0.14468428636227096,0.17226590321321997,-0.2585025722311196,0.2860841890820687,2.8262027883166816,298,True
INNOVATION,pooled,infl_exp,real_macro,a,12,0.01933568156240206,0.004344118373297148,0.10634712976794722,0.18181667530278556,0.8557265976407197,-0.15558978055228478,0.1942611436770889,-0.28122287311724636,0.3198942362420505,2.8262027883166816,297,True
INNOVATION,pooled,infl_exp,real_macro,a,13,-0.02181901369508621,-0.004902044852887569,0.09991759715639748,-0.2183700801064469,0.8271407756260019,-0.1861688357740627,0.1425308083838903,-0.30420640538039967,0.26056837799022725,2.8262027883166816,296,True
INNOVATION,pooled,infl_exp,real_macro,a,14,0.0485274318414097,0.010902584819203252,0.10254197568092055,0.47324455686725125,0.6360387124304887,-0.12013910877212211,0.21719397245494151,-0.2412769857475093,0.3383318494303287,2.8262027883166816,295,True
INNOVATION,pooled,infl_exp,real_macro,a,15,0.02758859954045881,0.0061982889907686144,0.10915821451724123,0.25273956396658787,0.8004694725440626,-0.15196068551977227,0.20713788460068988,-0.28091465069583876,0.33609184977675644,2.8262027883166816,294,True
INNOVATION,pooled,infl_exp,real_macro,a,16,-0.1008674259543614,-0.022661732245713304,0.09763817334548465,-1.0330736688144535,0.30156942464954106,-0.2614679295105984,0.05973307760187557,-0.3768127037095176,0.1750778518007948,2.8262027883166816,293,True
INNOVATION,pooled,infl_exp,real_macro,a,17,0.19179956204853127,0.04309131792413854,0.09895646099759388,1.938221720087533,0.052596177937923864,0.029030668266357085,0.35456845583070545,-0.08787146394481948,0.471470588041882,2.8262027883166816,292,True
INNOVATION,pooled,infl_exp,real_macro,a,18,-0.1751657219440081,-0.03935421819050136,0.0993398885173914,-1.7632969450468217,0.07785042029247147,-0.3385652978727942,-0.01176614601522194,-0.45592039186292793,0.10558894797491175,2.8262027883166816,291,True
INNOVATION,pooled,infl_exp,real_macro,a,19,-0.1063784453816514,-0.023899884656965253,0.11503582106999204,-0.924741914233192,0.35510017137281513,-0.29559553289796836,0.0828386421346656,-0.43149300364596177,0.21873611288265896,2.8262027883166816,290,True
INNOVATION,pooled,infl_exp,real_macro,a,20,0.04321185699344341,0.009708342646401462,0.10010650989253818,0.4316588105991334,0.6659894080407995,-0.12144869888475146,0.20787241287163827,-0.23970944039349948,0.3261331543803863,2.8262027883166816,289,True
INNOVATION,pooled,infl_exp,real_macro,a,21,-0.05321210204661042,-0.011955082598791323,0.09212510920154687,-0.5776069359135906,0.5635295231513646,-0.20474442205007523,0.09832021795685439,-0.313576342546001,0.20715213845278013,2.8262027883166816,288,True
INNOVATION,pooled,infl_exp,real_macro,a,22,0.14597076239199216,0.03279503072207556,0.09677611883482518,1.508334536964962,0.13146892817233585,-0.013211787675756703,0.30515331245974103,-0.1275381745014573,0.4194796992854416,2.8262027883166816,287,True
INNOVATION,pooled,infl_exp,real_macro,a,23,0.04364988041980818,0.00980675270804138,0.07326113649193568,0.5958122206391516,0.5513006788498179,-0.07685396565353908,0.16415372649315543,-0.16340094780894943,0.2507007086485658,2.8262027883166816,286,True
INNOVATION,pooled,infl_exp,real_macro,a,24,-0.016940560289301673,-0.0038060100943015933,0.07387250023319807,-0.22932160460014644,0.8186189628136803,-0.13845001022985098,0.10456888965124764,-0.22571922642829073,0.1918381058496874,2.8262027883166816,285,True
INNOVATION,pooled,freight,physical_channel,a,0,-0.005760376765546255,-0.0012941751478252415,0.006851836699246338,-0.8407054952404022,0.4005129412904196,-0.0170306452115808,0.0055098916804882875,-0.025076656715909522,0.01355590318481701,2.8191389839293666,309,True
INNOVATION,pooled,freight,physical_channel,a,1,0.0061984740128193895,0.0013926017946971454,0.010967654529353258,0.5651594874938956,0.571965289519752,-0.011841712318938057,0.024238660344576838,-0.024720868433149867,0.037117816458788644,2.8191389839293666,308,True
INNOVATION,pooled,freight,physical_channel,a,2,0.009992988849543692,0.002245109712081098,0.008036559838621143,1.2434411054243104,0.21370533088539057,-0.003225975749224834,0.023211953448312218,-0.012663190288194274,0.03264916798728166,2.8191389839293666,307,True
INNOVATION,pooled,freight,physical_channel,a,3,0.007040288915706652,0.001581731077507573,0.006181684146459806,1.1388949595133488,0.2547469682161215,-0.0031276766732661766,0.017208254504679478,-0.01038673784791632,0.024467315679329624,2.8191389839293666,306,True
INNOVATION,pooled,freight,physical_channel,a,4,0.002309448953039829,0.0005188604082413244,0.006003374094292362,0.3846918277565795,0.7004657506367222,-0.007565222699903471,0.012184120605983128,-0.01461489699129142,0.01923379489737108,2.8191389839293666,305,True
INNOVATION,pooled,freight,physical_channel,a,5,-0.0032658833009309995,-0.000733741068647192,0.004787471524053645,-0.6821728932532037,0.4951296327538196,-0.01114057320119753,0.004608806599335531,-0.016762430908842368,0.010230664306980369,2.8191389839293666,304,True
INNOVATION,pooled,freight,physical_channel,a,6,0.00268705408400802,0.0006036963827062667,0.00529716631495378,0.5072625483595876,0.611970612906346,-0.006026009141708869,0.01140011730972491,-0.012246393978835646,0.017620502146851687,2.8191389839293666,303,True
INNOVATION,pooled,freight,physical_channel,a,7,0.00803504673691572,0.0018052218147825466,0.007214088032459007,1.1137993743301853,0.2653652654582914,-0.003831072128421688,0.019901165602253128,-0.01230247006888777,0.02837256354271921,2.8191389839293666,302,True
INNOVATION,pooled,freight,physical_channel,a,8,0.012575069251134172,0.0028252218161038856,0.0066632696753258945,1.8872220191987257,0.05913046986816735,0.0016149659583186166,0.023535172543949726,-0.006209614051011432,0.031359752553279774,2.8191389839293666,301,True
INNOVATION,pooled,freight,physical_channel,a,9,-0.01327711195850086,-0.0029829486908493357,0.007286929077452489,-1.8220448994876919,0.06844817319845714,-0.02526304368088673,-0.001291180236114988,-0.033819977793875626,0.007265753876873907,2.8191389839293666,300,True
INNOVATION,pooled,freight,physical_channel,a,10,9.136255867023396e-05,2.052628806850792e-05,0.006411278375098193,0.014250287278913337,0.9886303006032308,-0.01045425193000557,0.010636977047346039,-0.01798292224539241,0.018165647362732875,2.8191389839293666,299,True
INNOVATION,pooled,freight,physical_channel,a,11,0.009674341405672962,0.0021735196721305717,0.008586872148855456,1.1266432337603227,0.25989335210248365,-0.004449806392540518,0.02379848920388644,-0.014533244619182787,0.03388192743052871,2.8191389839293666,298,True
INNOVATION,pooled,freight,physical_channel,a,12,-0.001957430930712417,-0.0004397730508296386,0.006451601824898052,-0.3034023152449195,0.7615832814720059,-0.012569371592042715,0.008654509730617882,-0.02014539314407236,0.016230531282647526,2.8191389839293666,297,True
INNOVATION,pooled,freight,physical_channel,a,13,-0.0021951510836388044,-0.000493181278550898,0.006512326512155131,-0.3370763243430128,0.7360593645416373,-0.012906974967049404,0.008516672799771793,-0.020554304630132095,0.016164002462854488,2.8191389839293666,296,True
INNOVATION,pooled,freight,physical_channel,a,14,0.0070729078703966365,0.0015890595287922716,0.007005491752493529,1.009623324141251,0.31267579060201867,-0.00445010064727097,0.018595916388064244,-0.012676547030653528,0.0268223627714468,2.8191389839293666,295,True
INNOVATION,pooled,freight,physical_channel,a,15,0.0020945415845619775,0.00047057749434720484,0.006530684412031709,0.3207231359554184,0.7484202128184378,-0.008647478357043822,0.012836561526167776,-0.01631636543313645,0.020505448602260404,2.8191389839293666,294,True
INNOVATION,pooled,freight,physical_channel,a,16,-0.010367875397456287,-0.0023293349065969062,0.0070897106153254815,-1.462383439888866,0.14363616483278446,-0.022029411617110757,0.0012936608221981848,-0.03035475497789821,0.009619004182985636,2.8191389839293666,293,True
INNOVATION,pooled,freight,physical_channel,a,17,-0.005449301509840187,-0.0012242863399531407,0.006333442220958385,-0.8604012351778574,0.3895679051919797,-0.015866886918071175,0.0049682838983908005,-0.02330415537740816,0.012405552357727785,2.8191389839293666,292,True
INNOVATION,pooled,freight,physical_channel,a,18,-0.006648398211113041,-0.0014936855847921882,0.007173303555450138,-0.9268251593872276,0.35401731981692486,-0.01844743258151909,0.005150636159293009,-0.026870937907841654,0.013574141485615573,2.8191389839293666,291,True
INNOVATION,pooled,freight,physical_channel,a,19,0.014074294845666012,0.003162050566096706,0.013084562955415277,1.0756411882936538,0.28208775920755536,-0.007447895988623681,0.03559648567995571,-0.022812906669623247,0.05096149636095527,2.8191389839293666,290,True
INNOVATION,pooled,freight,physical_channel,a,20,-0.0006103926137101416,-0.00013713598662584128,0.006075833421050312,-0.10046236810827917,0.9199772575482038,-0.010604249253077718,0.009383464025657436,-0.017739011470854008,0.01651822624343372,2.8191389839293666,289,True
INNOVATION,pooled,freight,physical_channel,a,21,-0.002255188041335777,-0.000506669691160848,0.008255653104825294,-0.27316894407998515,0.7847233514303852,-0.015834528993660845,0.011324152910989291,-0.02552902154694628,0.021018645464274725,2.8191389839293666,288,True
INNOVATION,pooled,freight,physical_channel,a,22,-0.00017662046474666726,-3.9681053058828e-05,0.0052903100007017385,-0.03338565504162124,0.9733670489051417,-0.008878406057098567,0.008525165127605233,-0.015090739624796333,0.014737498695302999,2.8191389839293666,287,True
INNOVATION,pooled,freight,physical_channel,a,23,-0.0007775004284416776,-0.0001746798469730438,0.005403837568361514,-0.14387931143485905,0.8855957727727981,-0.00966602225221774,0.008111021395334383,-0.016011669580231695,0.014456668723348338,2.8191389839293666,286,True
INNOVATION,pooled,freight,physical_channel,a,24,-0.006624981136546955,-0.001488424506017018,0.006674562317356489,-0.9925716206618366,0.32091876054374835,-0.0176036591725644,0.00435369689947049,-0.02544149996607257,0.012191537692978658,2.8191389839293666,285,True
INNOVATION,pooled,oil,asset_price,b,0,0.0325068241699699,0.007303259090121424,0.05548961258234666,0.5858181857321446,0.5579977014654867,-0.058765466344235046,0.12377911468417485,-0.12426560142299668,0.18927924976293647,2.8252571661104335,309,True
INNOVATION,pooled,oil,asset_price,b,1,-0.04966493821572664,-0.011158146658307048,0.049848519857290816,-0.9963172097769453,0.31909604452788365,-0.1316584569011539,0.03232858046970065,-0.19049982616253575,0.09116994973108249,2.8252571661104335,308,True
INNOVATION,pooled,oil,asset_price,b,2,0.0008771882117436097,0.00019707655068568962,0.03367298266814933,0.02605020827493628,0.9792172916088746,-0.05450993946023588,0.0562643158837231,-0.09425764737575772,0.09601202379924494,2.8252571661104335,307,True
INNOVATION,pooled,oil,asset_price,b,3,0.00047667686445803195,0.00010709427119674616,0.04819632961422924,0.009890314641663091,0.9921087992968151,-0.07879923070725559,0.07975258443617164,-0.13569034875836364,0.13664370248727972,2.8252571661104335,306,True
INNOVATION,pooled,oil,asset_price,b,4,0.029975579986162425,0.0067345682823683,0.030414473369231032,0.985569587947802,0.3243443678353498,-0.0200517768470362,0.08000293681936105,-0.055953128853732485,0.11590428882605733,2.8252571661104335,305,True
INNOVATION,pooled,oil,asset_price,b,5,-0.030922491954697665,-0.00694730956418624,0.039777363947163955,-0.7773891702771414,0.4369291998903111,-0.09635043331375902,0.03450544940436369,-0.14330377449540543,0.0814587905860101,2.8252571661104335,304,True
INNOVATION,pooled,oil,asset_price,b,6,0.017636545645805458,0.003962376073177295,0.0332998492265258,0.5296283933849358,0.5963696041945276,-0.03713683213138268,0.07240992342299359,-0.07644409201183354,0.11171718330344445,2.8252571661104335,303,True
INNOVATION,pooled,oil,asset_price,b,7,-0.009476882253345684,-0.0021291568226063763,0.033974458463105435,-0.27894137778935035,0.7802898134026803,-0.0653598934800968,0.04640612897340543,-0.10546346449095557,0.08650969998426421,2.8252571661104335,302,True
INNOVATION,pooled,oil,asset_price,b,8,0.024409542832650285,0.005484055121661136,0.03282461836486359,0.7436352362524025,0.45709717993488375,-0.029582149738093495,0.07840123540339407,-0.06832844542752071,0.11714753109282129,2.8252571661104335,301,True
INNOVATION,pooled,oil,asset_price,b,9,-0.003906148720539534,-0.0008775885334563256,0.03545795276888626,-0.11016283839057714,0.9122802335155117,-0.0622292909367161,0.05441699349563703,-0.10408398387644073,0.09627168643536167,2.8252571661104335,300,True
INNOVATION,pooled,oil,asset_price,b,10,0.05875862754030284,0.013201212104355904,0.031144830516139546,1.8866253746301032,0.05921073134297119,0.007529940105041814,0.10998731497556385,-0.029233528062715328,0.14675078314332102,2.8252571661104335,299,True
INNOVATION,pooled,oil,asset_price,b,11,-0.014183276679581164,-0.0031865353501235078,0.034115939270911985,-0.415737540360618,0.677602067963522,-0.07029900312619691,0.04193244976703458,-0.11056957858331361,0.08220302522415128,2.8252571661104335,298,True
INNOVATION,pooled,oil,asset_price,b,12,-0.009629154385265846,-0.002163367572503176,0.03412621399778111,-0.28216298432319314,0.7778185398046413,-0.0657617812536382,0.04650347248310651,-0.10604448503471511,0.08678617626418342,2.8252571661104335,297,True
INNOVATION,pooled,oil,asset_price,b,13,0.012478014134902543,0.0028034165897257196,0.027804285252878962,0.4487802517279426,0.6535901860549289,-0.03325596530808875,0.058211993577893834,-0.06607624202437239,0.09103227029417747,2.8252571661104335,296,True
INNOVATION,pooled,oil,asset_price,b,14,0.02104242963153894,0.004727570884231336,0.03435544835929981,0.6124917774750241,0.540212436541027,-0.03546725420779936,0.07755211347087723,-0.07602054704050978,0.11810540630358765,2.8252571661104335,295,True
INNOVATION,pooled,oil,asset_price,b,15,0.013563257138340338,0.0030472364962292188,0.03407256196164718,0.3980697768957743,0.6905787519387712,-0.0424811199838038,0.06960763426048447,-0.08270049271154513,0.1098270069882258,2.8252571661104335,294,True
INNOVATION,pooled,oil,asset_price,b,16,-0.005290332098380474,-0.0011885709223773157,0.02914230996325641,-0.18153441182427543,0.8559481251103689,-0.0532251663391868,0.04264450214242586,-0.08762485215908214,0.07704418796232118,2.8252571661104335,293,True
INNOVATION,pooled,oil,asset_price,b,17,-0.02362204168436809,-0.005307128428065945,0.057227715671951826,-0.412772751926312,0.6797731167367711,-0.11775325736952566,0.07050917400078949,-0.18530505548668036,0.13806097211794416,2.8252571661104335,292,True
INNOVATION,pooled,oil,asset_price,b,18,-0.033844293972101765,-0.007603746410540934,0.030469508825009255,-1.1107594207203793,0.2666719176208199,-0.08396217607434812,0.016273588130144595,-0.11992849212782425,0.052239904183620726,2.8252571661104335,291,True
INNOVATION,pooled,oil,asset_price,b,19,0.008316716397318681,0.0018685041119701543,0.03380581181121154,0.24601439668904745,0.8056710879901972,-0.04728889577239154,0.0639223285670289,-0.08719339567848745,0.10382682847312481,2.8252571661104335,290,True
INNOVATION,pooled,oil,asset_price,b,20,0.05108599948712567,0.011477414347875818,0.03212886132040212,1.5900345479933207,0.11182701784447081,-0.0017612745855586226,0.10393327355980997,-0.039686296197308756,0.1418582951715601,2.8252571661104335,289,True
INNOVATION,pooled,oil,asset_price,b,21,0.005813831284714115,0.0013061846939125333,0.02283684821886322,0.2545811588795294,0.7990466128403526,-0.031749441336223316,0.043377103905651554,-0.05870613779700548,0.07033380036643372,2.8252571661104335,288,True
INNOVATION,pooled,oil,asset_price,b,22,-0.02087763012222796,-0.004690545627376659,0.031220900396520455,-0.6687068552499132,0.5036824936882213,-0.07223144137613528,0.030476181131679363,-0.10908470269991745,0.06732944245546153,2.8252571661104335,287,True
INNOVATION,pooled,oil,asset_price,b,23,-0.028658159625185337,-0.00643858543961169,0.047103695268705705,-0.6084057622592716,0.5429183906777961,-0.10613684363073282,0.04882052438036215,-0.16173821223337825,0.10442189298300758,2.8252571661104335,286,True
INNOVATION,pooled,oil,asset_price,b,24,0.07034431346158995,0.015804150662041844,0.04961705980323234,1.4177444963598451,0.15626537401852728,-0.011268487314424855,0.15195711423760477,-0.06983664030882214,0.21052526723200204,2.8252571661104335,285,True
INNOVATION,pooled,dxy,asset_price,b,0,-0.00466678893772936,-0.0010484804222319578,0.005311831728158203,-0.8785649050195907,0.37963723144809436,-0.013403974621546286,0.004070396746087566,-0.019814902559899036,0.010481324684440317,2.8517683536300678,309,True
INNOVATION,pooled,dxy,asset_price,b,1,0.00020685952156653155,4.647481628348621e-05,0.004150707394037923,0.04983717278256343,0.9602521438785476,-0.006620446589931039,0.007034165633064102,-0.011629996469929144,0.012043715513062207,2.8517683536300678,308,True
INNOVATION,pooled,dxy,asset_price,b,2,5.805315805741695e-06,1.3042715341130129e-06,0.004026225044412103,0.0014418756382728153,0.9988495500882563,-0.006616745551418357,0.0066283561830298415,-0.011476055850441508,0.011487666482052992,2.8517683536300678,307,True
INNOVATION,pooled,dxy,asset_price,b,3,0.0010336729076139634,0.00023223373096280264,0.004688968830348088,0.22044780953197937,0.8255224144641324,-0.0066789944796464915,0.008746340294874418,-0.012338180013930507,0.014405525829158435,2.8517683536300678,306,True
INNOVATION,pooled,dxy,asset_price,b,4,0.0006723383272909663,0.0001510532365373584,0.003944324652582531,0.1704571470430953,0.8646506328123916,-0.005815498383383516,0.007160175037965449,-0.010575961893386807,0.01192063854796874,2.8517683536300678,305,True
INNOVATION,pooled,dxy,asset_price,b,5,0.0008941987277565591,0.00020089827762676668,0.004621088088411764,0.19350393471159497,0.8465643248379339,-0.006706814774929777,0.008495212230442894,-0.012284074042112974,0.014072471497626091,2.8517683536300678,304,True
INNOVATION,pooled,dxy,asset_price,b,6,-0.004718384725789531,-0.0010600723700085889,0.0041615127237118466,-1.1338148022243661,0.25687224060353364,-0.011563464022991661,0.0021266945714125997,-0.01658605501449984,0.00714928556292078,2.8517683536300678,303,True
INNOVATION,pooled,dxy,asset_price,b,7,-0.009208704465632175,-0.0020689057240786805,0.003935577080480686,-2.339861290305979,0.019290903071714566,-0.015682152700607917,-0.0027352562306564325,-0.02043205863701881,0.0020146497057544604,2.8517683536300678,302,True
INNOVATION,pooled,dxy,asset_price,b,8,-0.011864256701495894,-0.002665524634140664,0.004501520084859099,-2.635611188629686,0.00839859049027248,-0.019268598339871282,-0.004459915063120506,-0.024701549222727208,0.0009730358197354207,2.8517683536300678,301,True
INNOVATION,pooled,dxy,asset_price,b,9,-7.326534585549212e-05,-1.646041459824675e-05,0.004551783020345216,-0.016095966246197635,0.9871578315684589,-0.007560282155966448,0.007413751464255464,-0.013053896115866666,0.012907365424155683,2.8517683536300678,300,True
INNOVATION,pooled,dxy,asset_price,b,10,-0.006744134342932865,-0.0015151944769346605,0.004285118378142463,-1.573850182840538,0.11552208926821347,-0.013792526849136906,0.0003042581632711752,-0.01896429932527814,0.005476030639412412,2.8517683536300678,299,True
INNOVATION,pooled,dxy,asset_price,b,11,-0.00038325444932481843,-8.610519828777086e-05,0.004590241691566083,-0.08349330494492131,0.9334593006860813,-0.00793353014428115,0.007167021245631514,-0.013473560440846324,0.012707051542196687,2.8517683536300678,298,True
INNOVATION,pooled,dxy,asset_price,b,12,0.003707796698294092,0.0008330250841961472,0.00464153336626703,0.7988301291209075,0.4243889177110336,-0.003926846293826509,0.011342439690414693,-0.009528781267944264,0.016944374664532448,2.8517683536300678,297,True
INNOVATION,pooled,dxy,asset_price,b,13,-0.0021637606828899102,-0.000486128844624618,0.00481876208659077,-0.44902832802454273,0.6534112215551338,-0.010089918978434982,0.005762397612655162,-0.01590575390510186,0.01157823253932204,2.8517683536300678,296,True
INNOVATION,pooled,dxy,asset_price,b,14,-0.009118356034351627,-0.0020486072784791426,0.0043738645630510345,-2.0847367134731356,0.037093206151992957,-0.016312723024680637,-0.0019239890440226164,-0.02159160457832457,0.0033548925096213173,2.8517683536300678,295,True
INNOVATION,pooled,dxy,asset_price,b,15,0.0019607335083323876,0.00044051503595552376,0.0044949430864966175,0.43620875072315846,0.6626852795065541,-0.005432789930432019,0.009354256947096795,-0.010857802937106927,0.014779269953771702,2.8517683536300678,294,True
INNOVATION,pooled,dxy,asset_price,b,16,0.004001404538065844,0.0008989895141119086,0.004795369575938695,0.8344308972854438,0.40403821234443194,-0.0038862765014896616,0.011889085577621349,-0.009673878662556566,0.017676687738688253,2.8517683536300678,293,True
INNOVATION,pooled,dxy,asset_price,b,17,-0.002702074089764397,-0.0006070709047143339,0.004841573853015817,-0.5580982903072468,0.5767772680241807,-0.010665754402050878,0.0052616062225220835,-0.016509121185557696,0.011104973006028904,2.8517683536300678,292,True
INNOVATION,pooled,dxy,asset_price,b,18,-0.012334029694410945,-0.0027710678229449968,0.004494414266920083,-2.744301918314968,0.006063973824490139,-0.019726683302376886,-0.004941376086445005,-0.02515105806891712,0.00048299868009522677,2.8517683536300678,291,True
INNOVATION,pooled,dxy,asset_price,b,19,-0.008392662856274408,-0.0018855668881992557,0.005007342638932285,-1.6760712141048877,0.09372424439141791,-0.016629008557310934,-0.00015631715523788288,-0.02267244412976397,0.005887118417215155,2.8517683536300678,290,True
INNOVATION,pooled,dxy,asset_price,b,20,-0.0018063059476001086,-0.00040582002912292183,0.004133557002619229,-0.43698585660135875,0.6621216051906305,-0.008605402175569004,0.004992790280368786,-0.013594252995595585,0.009981641100395367,2.8517683536300678,289,True
INNOVATION,pooled,dxy,asset_price,b,21,-0.0009071089730105907,-0.000203798802929214,0.004993077961316651,-0.1816733045304565,0.8558391172053169,-0.009119991367333746,0.0073057734213125645,-0.015146210690301152,0.01333199274427997,2.8517683536300678,288,True
INNOVATION,pooled,dxy,asset_price,b,22,0.00112964351662219,0.0002537953027410546,0.004075669248231283,0.27716761292944,0.7816514068990172,-0.005574235828585616,0.007833522861829995,-0.010493221065347034,0.012752508098591412,2.8517683536300678,287,True
INNOVATION,pooled,dxy,asset_price,b,23,-0.007117116895198411,-0.0015989919036241147,0.004821087683182482,-1.4762471381769768,0.1398775593412434,-0.015047100456732188,0.0008128666663353651,-0.020865742180173914,0.006631508389777093,2.8517683536300678,286,True
INNOVATION,pooled,dxy,asset_price,b,24,-0.00415716486769842,-0.0009339839521204147,0.004353771071709286,-0.9548423192738797,0.33965744273103526,-0.011318481005915837,0.003004151270518998,-0.016573111428949027,0.008258781693552188,2.8517683536300678,285,True
INNOVATION,pooled,vix,asset_price,b,0,-0.3308798551984806,-0.07433827732851091,1.6103942423880784,-0.2054651255507557,0.8372087425946635,-2.97974266561228,2.317982955215318,-4.673043641945212,4.011283931548252,2.696335886240919,309,True
INNOVATION,pooled,vix,asset_price,b,1,-0.843514626287619,-0.18951115709963656,1.812463842141828,-0.4653966642947312,0.6416474225185357,-3.8247523507530055,2.1377230981777675,-5.730525926368726,4.043496673793488,2.696335886240919,308,True
INNOVATION,pooled,vix,asset_price,b,2,-2.2667341378199874,-0.5092637352194993,1.5629260932630646,-1.4503143479340843,0.14697087977446374,-4.837518790980834,0.3040505153408595,-6.48090785062751,1.9474395749875346,2.696335886240919,307,True
INNOVATION,pooled,vix,asset_price,b,3,-2.533060695896912,-0.5690989207807178,1.6981541610046238,-1.4916553243896065,0.1357895266463477,-5.326275726748102,0.26015433495427764,-7.111854700583018,2.045733308789194,2.696335886240919,306,True
INNOVATION,pooled,vix,asset_price,b,4,-1.5826958650456113,-0.3555818896012029,1.5492057343749228,-1.0216176134180146,0.3069619179835825,-4.130912536126222,0.9655208060349993,-5.759874881810933,2.59448315171971,2.696335886240919,305,True
INNOVATION,pooled,vix,asset_price,b,5,-0.8465491061278319,-0.1901929091022606,1.558869830738136,-0.5430531077293252,0.5870932374073461,-3.410661801162682,1.7175635889070184,-5.049785772725375,3.356687560469711,2.696335886240919,304,True
INNOVATION,pooled,vix,asset_price,b,6,-0.3583495390986241,-0.08050984972197216,1.4309966654909587,-0.25041954865469823,0.8022629134820709,-2.71212959448689,1.995430516289642,-4.216797201352988,3.5000981231557398,2.696335886240919,303,True
INNOVATION,pooled,vix,asset_price,b,7,-2.2219225650001526,-0.49919598683448685,1.528414708309231,-1.453743249734947,0.1460175025171038,-4.735941041448568,0.2920959114482624,-6.343041992072778,1.8991968620724728,2.696335886240919,302,True
INNOVATION,pooled,vix,asset_price,b,8,-0.14820542443074194,-0.03329708886723652,1.7239212227863954,-0.08596995180046317,0.9314903037568191,-2.9838035003095613,2.6873926514480773,-4.796476082482026,4.500065233620542,2.696335886240919,301,True
INNOVATION,pooled,vix,asset_price,b,9,-0.9178806388454444,-0.20621885682352273,2.076674630917389,-0.44199540225517303,0.6584925330022398,-4.333706437508022,2.497945159817133,-6.517292970234116,4.681531692543227,2.696335886240919,300,True
INNOVATION,pooled,vix,asset_price,b,10,-1.897739710627921,-0.4263623145669046,2.502104331698351,-0.7584574658163011,0.4481771669922161,-6.013335095632943,2.2178556743771014,-8.644253411305037,4.848773990049194,2.696335886240919,299,True
INNOVATION,pooled,vix,asset_price,b,11,1.547698758700315,0.34771914257590747,2.7366064280779865,0.5655540171289145,0.5716969940768593,-2.953618250062474,6.0490157674631035,-5.831111359843938,8.926508877244569,2.696335886240919,298,True
INNOVATION,pooled,vix,asset_price,b,12,-0.1622330156389601,-0.03644864659764588,2.1102329170229517,-0.07687919865634224,0.9387196456310628,-3.633257282916547,3.308791251638627,-5.8521297581348,5.52766372685688,2.696335886240919,297,True
INNOVATION,pooled,vix,asset_price,b,13,-1.9939823352930004,-0.44798499969194727,2.2355424965484993,-0.8919456187352963,0.3724220813945518,-5.671122518944948,1.6831578483589476,-8.021755793953336,4.033791123367334,2.696335886240919,296,True
INNOVATION,pooled,vix,asset_price,b,14,-2.396681572415822,-0.5384588290861809,2.3475398120478417,-1.0209333022237916,0.3072860398721383,-6.258040946675692,1.4646778018440476,-8.72643741201968,3.933074267188035,2.696335886240919,295,True
INNOVATION,pooled,vix,asset_price,b,15,-0.6845835578246957,-0.1538043539869894,2.2269560780179964,-0.3074077502390523,0.7585330297726176,-4.347600339814223,2.9784332241648315,-6.689205148066951,5.32003803241756,2.696335886240919,294,True
INNOVATION,pooled,vix,asset_price,b,16,-0.6525933826173457,-0.14661716963898758,2.2146725680394153,-0.2946681112301253,0.7682474256307865,-4.295405588666909,2.9902188234322176,-6.624094504095353,5.318907738860663,2.696335886240919,293,True
INNOVATION,pooled,vix,asset_price,b,17,-2.484541217494512,-0.5581981228486445,2.6560573053540892,-0.9354245529590666,0.34956954836015597,-6.85336670959714,1.8842842746081154,-9.646163845833097,4.677081410844073,2.696335886240919,292,True
INNOVATION,pooled,vix,asset_price,b,18,-4.237886423942269,-0.9521195422452494,1.9067862717203867,-2.222528285835969,0.02624762463994417,-7.374270738802823,-1.1015021090817156,-9.379222675773477,0.9034498278889371,2.696335886240919,291,True
INNOVATION,pooled,vix,asset_price,b,19,-3.5833222152691895,-0.8050595900929247,1.6225402263359758,-2.2084643308727427,0.02721192163117613,-6.252163391432582,-0.9144810391057971,-7.958235654408345,0.7915912238699652,2.696335886240919,290,True
INNOVATION,pooled,vix,asset_price,b,20,-4.011415414757387,-0.9012386426584352,1.6780301019414239,-2.3905503304835327,0.016823143145896214,-6.771529314069486,-1.2513015154452876,-8.535948196814555,0.5131173672997811,2.696335886240919,289,True
INNOVATION,pooled,vix,asset_price,b,21,-4.886852463869005,-1.0979217622804347,1.9079339969175506,-2.561332033374415,0.010427164842558153,-8.025124618682856,-1.7485803090551526,-10.031283368336867,0.2575784405988575,2.696335886240919,288,True
INNOVATION,pooled,vix,asset_price,b,22,-3.813732558784256,-0.8568255339739927,1.7012555342184295,-2.2417164747307146,0.02497970242804881,-6.612048894614704,-1.015416222953808,-8.400888907363374,0.7734237897948608,2.696335886240919,287,True
INNOVATION,pooled,vix,asset_price,b,23,-3.4217724120954283,-0.7687644398079564,2.135756087653155,-1.6021363262765618,0.10912546661790086,-6.934778559155407,0.09123373496455045,-9.180488195492137,2.3369433713012797,2.696335886240919,286,True
INNOVATION,pooled,vix,asset_price,b,24,-5.270563514002325,-1.1841295443822324,2.0322340545714086,-2.593482528327117,0.009500936643062369,-8.613291069478404,-1.9278359585262477,-10.7501491245841,0.20902209657944937,2.696335886240919,285,True
INNOVATION,pooled,us10y,asset_price,b,0,-0.0067483634239820026,-0.0015161446181866474,0.07439625749088107,-0.09070837232382511,0.9277243179080095,-0.12911931738947335,0.11562259054150936,-0.2162534836169996,0.2027567567690356,2.816070690366342,309,True
INNOVATION,pooled,us10y,asset_price,b,1,0.04235405516198025,0.009515621604493481,0.09312315828405611,0.4548176408792593,0.6492404378763044,-0.11081990949472546,0.19552801981868595,-0.2198873414760958,0.3045954518000563,2.816070690366342,308,True
INNOVATION,pooled,us10y,asset_price,b,2,0.025883875775737888,0.005815291277250185,0.05992657800866497,0.43192647796433925,0.6657948498623918,-0.07268657341260502,0.1244543249640808,-0.14287360412841574,0.19464135567989152,2.816070690366342,307,True
INNOVATION,pooled,us10y,asset_price,b,3,-0.07068390610334228,-0.015880446427966197,0.06892878693273204,-1.0254627891873838,0.30514487450023864,-0.1840616712910118,0.042693859084327254,-0.2647922427071155,0.12342443050043093,2.816070690366342,306,True
INNOVATION,pooled,us10y,asset_price,b,4,-0.03230188228692862,-0.007257215106789131,0.06617754252456466,-0.4881094258666129,0.6254723349244953,-0.1411542531311941,0.07655048855733684,-0.2186625201508274,0.15405875557697016,2.816070690366342,305,True
INNOVATION,pooled,us10y,asset_price,b,5,0.057679789422540526,0.012958831173843601,0.08828420838909531,0.6533420922610325,0.5135357619322174,-0.08753481094880249,0.20289438979388352,-0.19093478224418514,0.30629436108926616,2.816070690366342,304,True
INNOVATION,pooled,us10y,asset_price,b,6,0.01591006470635586,0.003574490208073164,0.08889304034881294,0.17897986888428347,0.857953508752489,-0.13030597512213266,0.16212610453484438,-0.2344190207974889,0.2662391502102006,2.816070690366342,303,True
INNOVATION,pooled,us10y,asset_price,b,7,-0.0010828174287033747,-0.00024327495629134386,0.06376201046574599,-0.016982171998561467,0.9864508384064382,-0.1059619916050034,0.10379635674759664,-0.18064114626012262,0.1784755114027159,2.816070690366342,302,True
INNOVATION,pooled,us10y,asset_price,b,8,-0.07405002385484295,-0.016636707019235426,0.05959667762566036,-1.2425193283418783,0.21404501366301076,-0.17207783520166803,0.023977787491982136,-0.24187848095967668,0.09377843324999076,2.816070690366342,301,True
INNOVATION,pooled,us10y,asset_price,b,9,-0.05345269352120007,-0.012009135922014014,0.06730753726551597,-0.7941561330693016,0.4271045425006058,-0.16416374031355538,0.05725835327115524,-0.24299547645535993,0.13609008941295977,2.816070690366342,300,True
INNOVATION,pooled,us10y,asset_price,b,10,0.005359382715881178,0.0012040844203217377,0.0816042815623746,0.06567526376400618,0.9476363665411197,-0.12886771578675985,0.1395864812185222,-0.22444404280032443,0.2351628082320868,2.816070690366342,299,True
INNOVATION,pooled,us10y,asset_price,b,11,-0.10642226910717185,-0.023909730467189496,0.0692255609777433,-1.5373262073150649,0.1242134468594996,-0.2202881841591632,0.007443645944819499,-0.3013663424007627,0.08852180418641901,2.816070690366342,298,True
INNOVATION,pooled,us10y,asset_price,b,12,-0.016105631473061606,-0.0036184278981779036,0.06218675922266092,-0.2589881137782896,0.7956444115224024,-0.11839374792881333,0.08618248498269013,-0.19122794144886582,0.15901667850274262,2.816070690366342,297,True
INNOVATION,pooled,us10y,asset_price,b,13,0.052448694572288145,0.011783568994535224,0.07632845612007194,0.6871447064222201,0.4919915442418057,-0.07310044331641849,0.1779978324609948,-0.1624976335483599,0.2673950226929362,2.816070690366342,296,True
INNOVATION,pooled,us10y,asset_price,b,14,-0.01172578650805055,-0.002634414744915471,0.07838723326168859,-0.1495879624798733,0.8810897058669246,-0.1406613114452301,0.117209738429129,-0.23246977659520143,0.2090182035791003,2.816070690366342,295,True
INNOVATION,pooled,us10y,asset_price,b,15,-0.0469392231055976,-0.010545764361253216,0.06744693989955423,-0.6959429616154881,0.486464550969536,-0.15787956682615734,0.06400112061496215,-0.2368745737116325,0.14299612750043728,2.816070690366342,294,True
INNOVATION,pooled,us10y,asset_price,b,16,-0.042416815839310236,-0.009529721951079656,0.060071813139105916,-0.7061018075330487,0.48012482773563003,-0.1412261555587197,0.056392523880099236,-0.21158328813751012,0.12674965645888966,2.816070690366342,293,True
INNOVATION,pooled,us10y,asset_price,b,17,0.05614132228711659,0.012613186086126368,0.05338068274878767,1.0517160777302275,0.2929298323017667,-0.0316620873413727,0.14394473191560586,-0.0941824538334886,0.20646509840772176,2.816070690366342,292,True
INNOVATION,pooled,us10y,asset_price,b,18,0.07649257551805454,0.017185471412341558,0.061246251992892145,1.248934800564315,0.21168892183388022,-0.024248544209637943,0.177233695245747,-0.0959811996139202,0.24896635065002926,2.816070690366342,291,True
INNOVATION,pooled,us10y,asset_price,b,19,-0.00729276362436922,-0.0016384541889817802,0.08392684067168392,-0.08689429467383401,0.9307555345585462,-0.14534013190176687,0.1307546046530284,-0.24363667977494416,0.2290511525262057,2.816070690366342,290,True
INNOVATION,pooled,us10y,asset_price,b,20,0.05540774877713239,0.012448375233578871,0.06459204368364256,0.8578107397949383,0.3909969784319043,-0.050836708548115006,0.1616522061023798,-0.12648801227123585,0.23730350982550064,2.816070690366342,289,True
INNOVATION,pooled,us10y,asset_price,b,21,0.11218288992280817,0.025203960445379873,0.09784778315205982,1.146504154810242,0.2515866090874337,-0.048762391084018586,0.27312817092963493,-0.16336338432902908,0.3877291641746454,2.816070690366342,288,True
INNOVATION,pooled,us10y,asset_price,b,22,-0.11599122257830255,-0.026059572791237384,0.06198307251504597,-1.8713370904636337,0.061298372613249975,-0.21794430421427202,-0.014038140942333077,-0.2905399363867751,0.05855749123017001,2.816070690366342,287,True
INNOVATION,pooled,us10y,asset_price,b,23,-0.09882789073172532,-0.022203512947622038,0.08721293277925327,-1.1331793070400573,0.257138962193061,-0.242280399530755,0.04462461806730436,-0.34442567455227047,0.14676989308881982,2.816070690366342,286,True
INNOVATION,pooled,us10y,asset_price,b,24,0.11675301789814482,0.02623072419518135,0.06348316313821256,1.839117840488755,0.06589785550528564,0.012332506759903883,0.22117352903638576,-0.062020057147120555,0.2955260929434102,2.816070690366342,285,True
INNOVATION,pooled,ip,real_macro,b,0,0.2967001043253451,0.06665916432266653,0.25391776953058115,1.1684889359017916,0.24260959958583295,-0.12095745983445932,0.7143576684851496,-0.42518825249754844,1.0185884611482385,2.8430005436699117,309,True
INNOVATION,pooled,ip,real_macro,b,1,0.11671131216211517,0.02622135423045714,0.565677982266519,0.2063211152297009,0.8365400857783767,-0.8137461686555592,1.0471687929797895,-1.491511498963697,1.7249341232879272,2.8430005436699117,308,True
INNOVATION,pooled,ip,real_macro,b,2,-0.5463597705976185,-0.12274982447469915,0.536666222691277,-1.0180625265695507,0.30864824243087086,-1.429097153453712,0.33637761225847485,-2.0721021334781966,0.9793825922829597,2.8430005436699117,307,True
INNOVATION,pooled,ip,real_macro,b,3,0.29276655270515783,0.06577541922113385,0.3226029271828954,0.907513627547396,0.3641352463379113,-0.23786804213678936,0.823401147547105,-0.6243937446653187,1.2099268500756344,2.8430005436699117,306,True
INNOVATION,pooled,ip,real_macro,b,4,0.37110074568711904,0.08337464404763476,0.4926184328785575,0.753322898452329,0.45125590193646603,-0.43918447033632657,1.1813859617105646,-1.02941372680844,1.7716152181826779,2.8430005436699117,305,True
INNOVATION,pooled,ip,real_macro,b,5,0.20420997347035152,0.04587954631441871,0.2562864003331764,0.7968037835986432,0.42556499735610576,-0.21734364165601067,0.6257635885967137,-0.5244124020120736,0.9328323489527767,2.8430005436699117,304,True
INNOVATION,pooled,ip,real_macro,b,6,0.2599717263499827,0.05840745511504173,0.24895929876253992,1.0442338472279622,0.29637721070330025,-0.14952987918287625,0.6694733318828416,-0.4478196953835983,0.9677631480835638,2.8430005436699117,303,True
INNOVATION,pooled,ip,real_macro,b,7,0.1855229544690916,0.04168116197903656,0.20500016364080811,0.9049892993946893,0.3654710561270391,-0.15167230822113695,0.5227182171593201,-0.39729262221414674,0.76833853115233,2.8430005436699117,302,True
INNOVATION,pooled,ip,real_macro,b,8,0.024575577727657522,0.005521357930754347,0.23237669154624815,0.10575749901648993,0.9157747584822398,-0.3576500661811723,0.4068012216364873,-0.6360714826745414,0.6852226381298564,2.8430005436699117,301,True
INNOVATION,pooled,ip,real_macro,b,9,0.2221401565193018,0.04990789345947014,0.24639512658762888,0.9015606744977525,0.3672902891244595,-0.1831437611115267,0.6274240741501302,-0.4783613223269438,0.9226416353655473,2.8430005436699117,300,True
INNOVATION,pooled,ip,real_macro,b,10,-0.36815849980297866,-0.08271361410861748,0.3397158179859683,-1.0837249262799566,0.27848678027544094,-0.9269412951499848,0.1906242955440275,-1.3339707550303552,0.5976537554243979,2.8430005436699117,299,True
INNOVATION,pooled,ip,real_macro,b,11,0.22612492822879718,0.05080314610110824,0.2769366450211211,0.8165222345766171,0.41420151196724675,-0.2293953167699662,0.6816451732275606,-0.5612061041283715,1.0134559605859659,2.8430005436699117,298,True
INNOVATION,pooled,ip,real_macro,b,12,0.14948851623057502,0.03358535916400848,0.3682590111158595,0.4059330843734434,0.6847917681059239,-0.45624365386090904,0.7552206863220591,-0.8974720525831577,1.1964490850443077,2.8430005436699117,297,True
INNOVATION,pooled,ip,real_macro,b,13,0.111567735868521,0.025065754713090957,0.2955877676756525,0.37744368363356606,0.7058439085061655,-0.3746308758752651,0.5977663476123071,-0.7287884483355346,0.9519239200725765,2.8430005436699117,296,True
INNOVATION,pooled,ip,real_macro,b,14,-0.18141445505428994,-0.0407581116207174,0.21609911834574214,-0.83949650717242,0.4011907484110083,-0.5368658736462992,0.1740369635377194,-0.7957843659978234,0.4329554558892435,2.8430005436699117,295,True
INNOVATION,pooled,ip,real_macro,b,15,0.26800099046383835,0.06021137775663505,0.24980196542495983,1.0728538104490835,0.28333671291343643,-0.14288667838501307,0.6788886593126897,-0.44218613304913496,0.9781881139768116,2.8430005436699117,294,True
INNOVATION,pooled,ip,real_macro,b,16,0.4093283349603702,0.09196317879324717,0.2906801313550416,1.4081744529708144,0.1590794190202809,-0.06879793338170037,0.8874546033024407,-0.41707543651605444,1.2357321064367948,2.8430005436699117,293,True
INNOVATION,pooled,ip,real_macro,b,17,-0.11402080995737338,-0.02561688316367343,0.2238067760048379,-0.5094609376568145,0.6104291720164969,-0.48215019720524666,0.25410857729049996,-0.7503035958161377,0.5222619759013909,2.8430005436699117,292,True
INNOVATION,pooled,ip,real_macro,b,18,0.20756034368224868,0.046632268929749254,0.5396612450425139,0.3846122833332183,0.7005246921525561,-0.6801034125510774,1.095224099915575,-1.3266968693711998,1.741817556735697,2.8430005436699117,291,True
INNOVATION,pooled,ip,real_macro,b,19,-0.1133992233242035,-0.025477232233602272,0.17333022269183151,-0.65423802937021,0.5129584642043563,-0.39850206877916894,0.17170362213076196,-0.6061771406715074,0.37937869402310037,2.8430005436699117,290,True
INNOVATION,pooled,ip,real_macro,b,20,-0.32373568779456263,-0.07273320802794805,0.3009489601754287,-1.0757162530345714,0.28205417629959906,-0.8187526764663907,0.17128130087726545,-1.179333745190201,0.5318623696010758,2.8430005436699117,289,True
INNOVATION,pooled,ip,real_macro,b,21,0.15575238408481668,0.03499265289429146,0.27650977038293767,0.5632798575946,0.5732443317279026,-0.2990657146170771,0.6105704827867104,-0.6303650434439176,0.9418698116135509,2.8430005436699117,288,True
INNOVATION,pooled,ip,real_macro,b,22,-0.07898625595099881,-0.017745722828922037,0.20662888589490264,-0.3822614423385774,0.7022674514690821,-0.41886052834817133,0.26088801644617365,-0.6664322908881152,0.5084597789861175,2.8430005436699117,287,True
INNOVATION,pooled,ip,real_macro,b,23,-0.18539676911447403,-0.041652812105996605,0.28611077446971256,-0.647989470015922,0.5169917609257357,-0.6560071142108754,0.2852135759819273,-0.9988098564816863,0.6280163182527383,2.8430005436699117,286,True
INNOVATION,pooled,ip,real_macro,b,24,-0.23731038540552016,-0.05331616587123184,0.502539214428375,-0.4722226218215715,0.6367678943904286,-1.0639138349433763,0.5892930641323361,-1.6660296452408405,1.1914088744298004,2.8430005436699117,285,True
INNOVATION,pooled,cpi,real_macro,b,0,-0.027505118989181423,-0.006179533541396598,0.08376169143712689,-0.3283734905213475,0.7426292842282245,-0.16528084094912965,0.1102706029707668,-0.26305392401928285,0.20804368604092,2.8121304738325255,309,True
INNOVATION,pooled,cpi,real_macro,b,1,0.0715431351266104,0.01607348811490146,0.09602625930073369,0.7450371976122969,0.45624923312008603,-0.08640600576678395,0.22949227602000474,-0.19849523494112678,0.3415815051943476,2.8121304738325255,308,True
INNOVATION,pooled,cpi,real_macro,b,2,-0.09924912525968826,-0.022298151072814854,0.08768082089913512,-1.1319365425862162,0.25766111407882486,-0.2434712415297131,0.04497299101033658,-0.3458190336807979,0.1473207831614214,2.8121304738325255,307,True
INNOVATION,pooled,cpi,real_macro,b,3,-0.05562946942281079,-0.012498188876171315,0.07857935886582709,-0.7079399759139948,0.47898253326067153,-0.18488101285678782,0.07362207401116623,-0.2766048791036252,0.1653459402580036,2.8121304738325255,306,True
INNOVATION,pooled,cpi,real_macro,b,4,-0.02660679721577391,-0.0059777089453306054,0.0695919917191452,-0.38232556014709107,0.702219897909977,-0.1410754372017867,0.08786184277023888,-0.22230855786388287,0.16909496343233504,2.8121304738325255,305,True
INNOVATION,pooled,cpi,real_macro,b,5,-0.0019943439665959586,-0.000448066246850599,0.06288250537172184,-0.031715402476517926,0.9746990116659288,-0.10542686099906806,0.10143817306587613,-0.1788281535933524,0.1748394656601605,2.8121304738325255,304,True
INNOVATION,pooled,cpi,real_macro,b,6,0.03968650034552219,0.008916306092777266,0.06662598632694057,0.5956609805485873,0.5514017299343006,-0.0699034949135652,0.14927649560460957,-0.14767446615361657,0.22704746684466093,2.8121304738325255,303,True
INNOVATION,pooled,cpi,real_macro,b,7,-0.04363424518399456,-0.009803239963225551,0.06659530514977728,-0.6552150348415438,0.5123293156143829,-0.15317377439754576,0.06590528402955666,-0.23090893220985936,0.14364044184187025,2.8121304738325255,302,True
INNOVATION,pooled,cpi,real_macro,b,8,0.03589759195772031,0.008065057767805108,0.06899032385322126,0.520327923580898,0.6028350367583906,-0.07758139245680735,0.149376576372248,-0.15811220014949817,0.22990738406493882,2.8121304738325255,301,True
INNOVATION,pooled,cpi,real_macro,b,9,0.002197291752603095,0.0004936622194139812,0.0749512749429173,0.029316269193239833,0.9766123515393007,-0.12108658468189142,0.1254811681870976,-0.20857547256697484,0.212970056072181,2.8121304738325255,300,True
INNOVATION,pooled,cpi,real_macro,b,10,0.07215120586376389,0.016210102449028128,0.07371845493358378,0.97874007165191,0.32770842715063164,-0.04910486210700005,0.19340727383452783,-0.13515470773881674,0.27945711946634455,2.8121304738325255,299,True
INNOVATION,pooled,cpi,real_macro,b,11,0.038195333004927744,0.00858128777852591,0.06804104866049575,0.5613572065226523,0.5745540505526566,-0.0737222326658703,0.15011289867572578,-0.1531449734047741,0.2295356394146296,2.8121304738325255,298,True
INNOVATION,pooled,cpi,real_macro,b,12,0.008816608465047684,0.0019808141078230903,0.06430838317764676,0.1370988979880354,0.8909526235227595,-0.09696126884808962,0.11459448577818498,-0.17202695559171172,0.18966017252180706,2.8121304738325255,297,True
INNOVATION,pooled,cpi,real_macro,b,13,-0.038867929176805566,-0.008732398944617166,0.06895877261568313,-0.5636400954150093,0.5729990936471927,-0.1522950164238338,0.07455915807022269,-0.23278899508745596,0.15505313673384483,2.8121304738325255,296,True
INNOVATION,pooled,cpi,real_macro,b,14,0.03551259668339592,0.007978561460993908,0.08806412416466898,0.40325838722919416,0.6867581508810408,-0.10933999735316464,0.1803651907199565,-0.21213521053144102,0.2831604038982328,2.8121304738325255,295,True
INNOVATION,pooled,cpi,real_macro,b,15,0.029350916815694326,0.006594226151308949,0.0880163061602917,0.33347135429930036,0.7387785091649262,-0.11542302360293269,0.17412485723432133,-0.2181624199318354,0.2768642535632241,2.8121304738325255,294,True
INNOVATION,pooled,cpi,real_macro,b,16,0.03598326046910169,0.00808430478286914,0.07846391436577889,0.45859629563415416,0.646524097266547,-0.09307839366025944,0.16504491459846282,-0.1846675042150908,0.25663402515329414,2.8121304738325255,293,True
INNOVATION,pooled,cpi,real_macro,b,17,-0.05994866607670097,-0.013468576264973399,0.06783359369101984,-0.8837607270192038,0.3768253908592274,-0.17152499868852744,0.05162766653512551,-0.2507055820447916,0.13080824989138967,2.8121304738325255,292,True
INNOVATION,pooled,cpi,real_macro,b,18,-0.10868379425896134,-0.02441782390738483,0.0891431786807536,-1.2192048328026095,0.22276645812739926,-0.255311275029982,0.03794368651205936,-0.35936604356140645,0.14199845504348374,2.8121304738325255,291,True
INNOVATION,pooled,cpi,real_macro,b,19,-0.05232578004849994,-0.011755953974117652,0.08135151898712761,-0.6432059376393394,0.5200904810348872,-0.18613712111248834,0.08148556101548846,-0.2810968656847668,0.17644530558776692,2.8121304738325255,290,True
INNOVATION,pooled,cpi,real_macro,b,20,0.07055573717045964,0.015851650907393287,0.0757417177737052,0.9315307236793889,0.3515790994918714,-0.054028302021154134,0.1951397763620734,-0.14243985552139937,0.2835513298623186,2.8121304738325255,289,True
INNOVATION,pooled,cpi,real_macro,b,21,0.01637937044097925,0.0036799284186628256,0.06527626906624324,0.2509238146616076,0.801873011877329,-0.09099053748649114,0.12374927836844965,-0.16718601501829478,0.1999447559002533,2.8121304738325255,288,True
INNOVATION,pooled,cpi,real_macro,b,22,0.09238008252573145,0.020754893616322167,0.06981347121415744,1.323241502236,0.18575507835329907,-0.02245285881094762,0.20721302386241053,-0.1039445073596305,0.2887046724110934,2.8121304738325255,287,True
INNOVATION,pooled,cpi,real_macro,b,23,0.007403505508591318,0.0016633344008527807,0.08566795327663473,0.08642094535262541,0.9311317972342578,-0.13350773815199057,0.1483147491691732,-0.23350595653149417,0.2483129675486768,2.8121304738325255,286,True
INNOVATION,pooled,cpi,real_macro,b,24,-0.0451723825902472,-0.010148810971187873,0.09115882064127971,-0.4955349605498479,0.6202225502358188,-0.19511529935067487,0.10477053417018048,-0.3015228800742233,0.2111781148937289,2.8121304738325255,285,True
INNOVATION,pooled,infl_exp,real_macro,b,0,-0.14288483667627513,-0.03210172045230242,0.20579830307910668,-0.6942955045715402,0.4874969096119228,-0.48139292191640204,0.1956232485638518,-0.7251203737449456,0.4393507003923953,2.8291561609468925,309,True
INNOVATION,pooled,infl_exp,real_macro,b,1,-0.06103417961125374,-0.013712456951293908,0.12222520291030331,-0.4993583823791607,0.6175269325313204,-0.2620767479231458,0.1400083887006383,-0.4068283654479224,0.2847600062254149,2.8291561609468925,308,True
INNOVATION,pooled,infl_exp,real_macro,b,2,0.09421513587978676,0.02116717228183521,0.1911372282591653,0.49291881407864363,0.6220699530090215,-0.2201776272677527,0.4086078990273262,-0.44654193103594325,0.6349722027955168,2.8291561609468925,307,True
INNOVATION,pooled,infl_exp,real_macro,b,3,0.008605171828918377,0.0019333109581237545,0.10197702226888967,0.084383438910665,0.9327515741545781,-0.15913210311577586,0.1763424467736126,-0.27990374899812925,0.29711409265596606,2.8291561609468925,306,True
INNOVATION,pooled,infl_exp,real_macro,b,4,-0.02884481921338442,-0.006480521967374148,0.07676015547944044,-0.3757785407444916,0.7070815425431551,-0.15510403935910094,0.09741440093233211,-0.2460112860032847,0.18832164757651587,2.8291561609468925,305,True
INNOVATION,pooled,infl_exp,real_macro,b,5,0.045832725935533405,0.010297169313234643,0.09982207326932682,0.4591441996187913,0.6461306182479485,-0.11835997333133443,0.21002542520240125,-0.23657950765287472,0.3282449595239415,2.8291561609468925,304,True
INNOVATION,pooled,infl_exp,real_macro,b,6,0.07454704643703647,0.016748372332106985,0.07196929195427255,1.0358174217470661,0.30028732825946913,-0.04383190446307815,0.1929259973371511,-0.12906531929437934,0.2781594121684523,2.8291561609468925,303,True
INNOVATION,pooled,infl_exp,real_macro,b,7,-0.023750838299359422,-0.005336064969030205,0.09293417261467417,-0.2555662533074427,0.7982857791338608,-0.1766139491923404,0.12911227259362157,-0.2866761253146668,0.23917444871594795,2.8291561609468925,302,True
INNOVATION,pooled,infl_exp,real_macro,b,8,-0.06901919900948432,-0.015506439199452028,0.08941514844193194,-0.7718960401246421,0.4401760028580899,-0.21609403022860035,0.0780556322096317,-0.321988617105957,0.18395021908698833,2.8291561609468925,301,True
INNOVATION,pooled,infl_exp,real_macro,b,9,0.037504666251687524,0.008426116722212568,0.09926258297967633,0.37783286638195257,0.70555475655513,-0.12576775338300455,0.2007770858863796,-0.24332468193676593,0.318334014440141,2.8291561609468925,300,True
INNOVATION,pooled,infl_exp,real_macro,b,10,0.011807776423690552,0.0026528352954301934,0.12781756539068972,0.092379919673784,0.9263961929774056,-0.19843340959729242,0.2220489624446735,-0.34980807617861154,0.3734236290259927,2.8291561609468925,299,True
INNOVATION,pooled,infl_exp,real_macro,b,11,0.04222191707844538,0.009485934340838277,0.09953606625058113,0.42418711798547565,0.6714293548178064,-0.12150034250630501,0.20594417666319578,-0.23938115799080426,0.323824992147695,2.8291561609468925,298,True
INNOVATION,pooled,infl_exp,real_macro,b,12,0.037520189517432564,0.008429604310882199,0.11930043929552869,0.31450168783107574,0.7531400347487561,-0.15871157075472175,0.23375194978958685,-0.2999993833191832,0.37503976235404834,2.8291561609468925,297,True
INNOVATION,pooled,infl_exp,real_macro,b,13,-0.06447576770432041,-0.014485673350217386,0.10333953319953809,-0.6239216078112554,0.532679068981605,-0.23445417369505273,0.10550263828641189,-0.35683944472516954,0.22788790931652875,2.8291561609468925,296,True
INNOVATION,pooled,infl_exp,real_macro,b,14,0.08521484293674245,0.01914509005976544,0.11292334478065347,0.7546255657080203,0.45047367944017613,-0.10052753029320702,0.2709572161666919,-0.23426293366417342,0.40469261953765834,2.8291561609468925,295,True
INNOVATION,pooled,infl_exp,real_macro,b,15,0.011518364528354218,0.002587813562013462,0.1136248490387317,0.10137187970588997,0.919255258204568,-0.17537788052481712,0.19841460958152557,-0.3099440771662342,0.33298080622294257,2.8291561609468925,294,True
INNOVATION,pooled,infl_exp,real_macro,b,16,-0.1481467103026977,-0.03328389765276673,0.09656199355505601,-1.5342134606845084,0.12497714719461123,-0.30697705562739624,0.01068363502200087,-0.4213356692822985,0.12504224867690314,2.8291561609468925,293,True
INNOVATION,pooled,infl_exp,real_macro,b,17,0.23740493479256813,0.0533374081392188,0.10099251992575053,2.350718003344284,0.018737228074825585,0.07128702209772855,0.40352284748740774,-0.04831867516492078,0.5231285447500571,2.8291561609468925,292,True
INNOVATION,pooled,infl_exp,real_macro,b,18,-0.15975054782767992,-0.03589091430383988,0.09787533795352196,-1.6321838694803856,0.10264075780567875,-0.32074115244963164,0.0012400567942717766,-0.43665516320364584,0.11715406754828597,2.8291561609468925,291,True
INNOVATION,pooled,infl_exp,real_macro,b,19,-0.11466316387601527,-0.02576119984840606,0.11039852360227728,-1.038629504585603,0.2989770784038278,-0.2962525758333088,0.06692624808127823,-0.42699782708483897,0.19767149933280842,2.8291561609468925,290,True
INNOVATION,pooled,infl_exp,real_macro,b,20,0.0828596644551977,0.018615955667421753,0.10155254479258363,0.8159289816364004,0.41454075520724964,-0.08417940717303533,0.24989873608343072,-0.2044483433045755,0.37016767221497093,2.8291561609468925,289,True
INNOVATION,pooled,infl_exp,real_macro,b,21,-0.0751795457138818,-0.016890474989350975,0.09556977669612857,-0.7866456144699483,0.43148934906850034,-0.23237783953945115,0.08201874811168755,-0.3455613682540527,0.1952022768262891,2.8291561609468925,288,True
INNOVATION,pooled,infl_exp,real_macro,b,22,0.09281680786489849,0.020853012038671914,0.0951170834972688,0.9758163775865104,0.3291554672723942,-0.06363687191063011,0.24927048764042709,-0.17628427492269955,0.3619178906524965,2.8291561609468925,287,True
INNOVATION,pooled,infl_exp,real_macro,b,23,0.06459660126125508,0.014512820842954927,0.08128448094948011,0.7946978378493076,0.42678929038303415,-0.06910447204336514,0.1982976745658753,-0.1653698888063369,0.29456309132884706,2.8291561609468925,286,True
INNOVATION,pooled,infl_exp,real_macro,b,24,-0.03377425035046644,-0.0075880098158573545,0.08046749909863189,-0.4197253640139621,0.6746860938139005,-0.16613150809456542,0.09858300739363254,-0.26142937118134935,0.1938808704804165,2.8291561609468925,285,True
INNOVATION,pooled,freight,physical_channel,b,0,-0.005862485647562039,-0.0013171157961292621,0.006742606581392882,-0.8694687398402196,0.3845907990582913,-0.016953086538072988,0.0052281152429489094,-0.024830546984375586,0.013105575689251508,2.8131644799147013,309,True
INNOVATION,pooled,freight,physical_channel,b,1,0.007439379882180642,0.0016713942421848257,0.011092275359985346,0.6706811398694371,0.5024236801419908,-0.0108057894748357,0.025684549239196983,-0.023765015161963186,0.038643774926324474,2.8131644799147013,308,True
INNOVATION,pooled,freight,physical_channel,b,2,0.009629742046485552,0.002163499601461843,0.007947440490798848,1.211678408619025,0.22563550725439574,-0.003442634269785921,0.022702118362757026,-0.012727715248465627,0.031987199341436734,2.8131644799147013,307,True
INNOVATION,pooled,freight,physical_channel,b,3,0.007296754288976473,0.0016393507655718573,0.006550874913185578,1.1138595051310767,0.265339464210848,-0.003478476071682237,0.01807198464963518,-0.011131934329161496,0.025725442907114444,2.8131644799147013,306,True
INNOVATION,pooled,freight,physical_channel,b,4,0.004462580236388053,0.0010026011617248502,0.006095066747598985,0.732162652385388,0.4640692968781732,-0.005562912409911451,0.014488072882687556,-0.012683845040666636,0.02160900551344274,2.8131644799147013,305,True
INNOVATION,pooled,freight,physical_channel,b,5,-0.0053744903110854066,-0.0012074786209187644,0.00535071003729615,-1.0044443211505576,0.3151644960330513,-0.014175625122697627,0.003426644500526814,-0.020426917730330004,0.009677937108159191,2.8131644799147013,304,True
INNOVATION,pooled,freight,physical_channel,b,6,0.0031236289114999587,0.0007017809898252907,0.0057811762516363175,0.5403102717402604,0.5889830757964385,-0.006385559814049755,0.012632817637049673,-0.013139770771729745,0.019387028594729662,2.8131644799147013,303,True
INNOVATION,pooled,freight,physical_channel,b,7,0.0091083611342643,0.0020463617393721555,0.007661472058731407,1.188852620546197,0.23449766712375097,-0.0034936389693274172,0.021710361237856017,-0.012444619925217854,0.030661342193746454,2.8131644799147013,302,True
INNOVATION,pooled,freight,physical_channel,b,8,0.012470503958985874,0.002801729289845392,0.006588655802674354,1.8927235436891485,0.05839464374396876,0.0016331295652221006,0.023307878352749646,-0.006064468515481505,0.031005476433453253,2.8131644799147013,301,True
INNOVATION,pooled,freight,physical_channel,b,9,-0.011103053376136828,-0.0024945062327031294,0.0073856878290471046,-1.5033201555676006,0.13275650502122952,-0.0232514287892763,0.001045322037002647,-0.031880208036550464,0.009674101284276808,2.8131644799147013,300,True
INNOVATION,pooled,freight,physical_channel,b,10,-0.0022818770058371327,-0.0005126658605061304,0.006563290556429358,-0.3476727087149632,0.7280859947856557,-0.013077529282316308,0.008513775270642043,-0.020745492870543794,0.016181738858869532,2.8131644799147013,299,True
INNOVATION,pooled,freight,physical_channel,b,11,0.010488468484358839,0.002356428373295523,0.008243262601290838,1.2723685986561215,0.20324218563267937,-0.003070491903287823,0.024047428872005498,-0.012701185064201807,0.033678122032919484,2.8131644799147013,298,True
INNOVATION,pooled,freight,physical_channel,b,12,-0.0027854731943907276,-0.0006258080555902695,0.006683055808645919,-0.4167963390021583,0.6768273804702563,-0.013778121780361072,0.008207175391579617,-0.021586008412561045,0.016015062023779593,2.8131644799147013,297,True
INNOVATION,pooled,freight,physical_channel,b,13,-0.0025381074730611887,-0.0005702327725838991,0.00691270022216324,-0.3671658529214971,0.71349530862626,-0.013908487505514641,0.008832272559392264,-0.02198467019834928,0.016908455252226902,2.8131644799147013,296,True
INNOVATION,pooled,freight,physical_channel,b,14,0.009866356415124037,0.0022166593942972426,0.007237203156389405,1.3632830531243922,0.1727933208872332,-0.002037783445647718,0.021770496275895793,-0.010493086438357198,0.030225799268605275,2.8131644799147013,295,True
INNOVATION,pooled,freight,physical_channel,b,15,0.004163087890016079,0.0009353146685987842,0.006633162446409623,0.6276173580325116,0.5302546348511534,-0.00674749341811909,0.015073669198151248,-0.014497089093727577,0.022823264873759734,2.8131644799147013,294,True
INNOVATION,pooled,freight,physical_channel,b,16,-0.009358143577010246,-0.0021024799835290945,0.006989876293788926,-1.3388139050938166,0.1806312628858372,-0.020855466950791074,0.0021391797967705833,-0.02902181528569507,0.010305528131674577,2.8131644799147013,293,True
INNOVATION,pooled,freight,physical_channel,b,17,-0.003262632932755779,-0.0007330108133384051,0.007003849868645958,-0.4658342188860394,0.6413341694938561,-0.014782940791821674,0.008257674926310117,-0.022965614605885833,0.016440348740374273,2.8131644799147013,292,True
INNOVATION,pooled,freight,physical_channel,b,18,-0.00777941726620543,-0.0017477899276838206,0.0073788123664901995,-1.0542912436064265,0.2917495964738047,-0.01991648354982121,0.00435764901741035,-0.028537230119571,0.01297839558716014,2.8131644799147013,291,True
INNOVATION,pooled,freight,physical_channel,b,19,0.013321327984325285,0.0029928826385903643,0.012176008619056026,1.09406361321696,0.27392707959401585,-0.006706423954521406,0.03334907992317197,-0.020931786969938377,0.04757444293858895,2.8131644799147013,290,True
INNOVATION,pooled,freight,physical_channel,b,20,0.001071641092341207,0.00024076398568085094,0.006598553907442242,0.1624054463103721,0.8709865822413556,-0.009782014234949973,0.011925296419632388,-0.01749117637887767,0.01963445856356008,2.8131644799147013,289,True
INNOVATION,pooled,freight,physical_channel,b,21,-0.0034050996533420185,-0.0007650185962802539,0.007974522085459929,-0.4269973318589951,0.6693812710697085,-0.0165220212288154,0.009711821922131363,-0.025838741928453198,0.019028542621769163,2.8131644799147013,288,True
INNOVATION,pooled,freight,physical_channel,b,22,-0.0008445400688462867,-0.00018974154173053218,0.005691168257825582,-0.1483948515640898,0.8820311629463413,-0.010205678819321787,0.008516598681629212,-0.01685473246097925,0.015165652323286673,2.8131644799147013,287,True
INNOVATION,pooled,freight,physical_channel,b,23,-0.001261180418308301,-0.00028334749977828325,0.005826074712697084,-0.2164717207556129,0.8286200661451825,-0.010844220540378355,0.008321859703761755,-0.017650886857396988,0.015128526020780384,2.8131644799147013,286,True
INNOVATION,pooled,freight,physical_channel,b,24,-0.006510712025679292,-0.0014627518374628469,0.006907031020619501,-0.9426209331104666,0.3458748287087592,-0.017871767051411608,0.004850343000053024,-0.02594132635455506,0.012919902303196474,2.8131644799147013,285,True
INNOVATION,act,oil,asset_price,a,0,-0.007334510508192655,-0.0021618015341415817,0.02678213684581308,-0.2738583015394934,0.7841935174442669,-0.05138720543653896,0.03671818442015365,-0.08349446416702061,0.0688254431506353,2.843684732748807,309,True
INNOVATION,act,oil,asset_price,a,1,-0.03561902865825237,-0.010498488032982221,0.021233494300862153,-1.677492557445249,0.09344620361759581,-0.07054501877187891,-0.0006930385446258444,-0.09600039222452289,0.024762334908018137,2.843684732748807,308,True
INNOVATION,act,oil,asset_price,a,2,0.0010025074641228753,0.00029548286439953,0.023628859981332385,0.04242724638069254,0.9661581084291854,-0.0378635085769002,0.03986852350514594,-0.06619052091705128,0.06819553584529704,2.843684732748807,307,True
INNOVATION,act,oil,asset_price,a,3,-0.03397724828487832,-0.010014583438951152,0.024510831857705122,-1.3862135925100139,0.16568169219675366,-0.07429397896562229,0.006339482395865646,-0.10367832662560746,0.03572383005585082,2.843684732748807,306,True
INNOVATION,act,oil,asset_price,a,4,0.036835702911135894,0.010857095231580712,0.01825133969293146,2.018246524960683,0.043565592913346024,0.006814920620494214,0.06685648520177757,-0.0150653531258656,0.08873675894813739,2.843684732748807,305,True
INNOVATION,act,oil,asset_price,a,5,-0.004407286383179465,-0.0012990203577888729,0.03167255724172193,-0.13915158001115846,0.8893303697075028,-0.0565040070370539,0.04768943427069497,-0.0944740538585768,0.08565948109221785,2.843684732748807,304,True
INNOVATION,act,oil,asset_price,a,6,-0.0138808406408403,-0.004091291785460643,0.024598250932659507,-0.5643019367043889,0.572548663610069,-0.054341362904087726,0.026579681622407123,-0.08383051127036825,0.056068829988687646,2.843684732748807,303,True
INNOVATION,act,oil,asset_price,a,7,0.009649887548191264,0.0028442445726503092,0.02682403849229206,0.35974775203831366,0.7190357785033582,-0.03447172945534123,0.05377150455172376,-0.06662922118300599,0.08592899627938852,2.843684732748807,302,True
INNOVATION,act,oil,asset_price,a,8,0.04535726598424866,0.013368773155303382,0.024278206466291904,1.8682296835733367,0.06173006296568496,0.005423170022291736,0.0852913619462056,-0.023682299082468994,0.11439683105096632,2.843684732748807,301,True
INNOVATION,act,oil,asset_price,a,9,-0.0008485479410878585,-0.00025010424878216416,0.016527616695040364,-0.05134121614415781,0.9590536256598796,-0.028034058206788705,0.026336962324612988,-0.04784787920549844,0.046150783323322724,2.843684732748807,300,True
INNOVATION,act,oil,asset_price,a,10,0.03774572744889145,0.011125319326375992,0.021862441184413682,1.7265101884322684,0.08425566797065773,0.0017852117726953678,0.07370624312508753,-0.02442416276784448,0.09991561766562738,2.843684732748807,299,True
INNOVATION,act,oil,asset_price,a,11,-0.0284144324370016,-0.008374977930082596,0.02336843067570347,-1.2159324188827338,0.22401066726556484,-0.0668520803900965,0.010023215516093299,-0.09486688197779845,0.038038017103795244,2.843684732748807,298,True
INNOVATION,act,oil,asset_price,a,12,0.0015434241930650761,0.00045491471921300746,0.02381324446928716,0.06481368782215664,0.9483223430603099,-0.03762587734172399,0.04071272572785415,-0.06617393554146178,0.06926078392759194,2.843684732748807,297,True
INNOVATION,act,oil,asset_price,a,13,0.011422585001081564,0.003366736164822211,0.021615511808432783,0.5284438833701505,0.5971912862002264,-0.024131767995431472,0.0469769379975946,-0.050045115919110296,0.07289028592127342,2.843684732748807,296,True
INNOVATION,act,oil,asset_price,a,14,0.004926311077187922,0.0014519996709293395,0.024903861090354102,0.19781314468927902,0.8431912614162711,-0.03603689516237667,0.04588951731675252,-0.0658924184919491,0.07574504064632495,2.843684732748807,295,True
INNOVATION,act,oil,asset_price,a,15,0.041600094983342856,0.012261370278899038,0.02959973226548118,1.405421326457616,0.1598960287257809,-0.00708713199032638,0.09028732195701208,-0.042572211753458225,0.12577240172014392,2.843684732748807,294,True
INNOVATION,act,oil,asset_price,a,16,-0.0011344058182745401,-0.0003343590871600427,0.026061451525938632,-0.04352811343395361,0.9652805544791246,-0.044001678884334684,0.0417328672477856,-0.07524495763585932,0.07297614599931025,2.843684732748807,293,True
INNOVATION,act,oil,asset_price,a,17,-0.042338613274710696,-0.012479043970072741,0.03311021209844996,-1.2787176702106584,0.20099649490669602,-0.09680006573397863,0.01212283918455724,-0.1364936179171477,0.05181639136772631,2.843684732748807,292,True
INNOVATION,act,oil,asset_price,a,18,-0.0326975592100408,-0.009637403011965895,0.0262286809833238,-1.2466337606084694,0.21253181685423517,-0.07583990025561406,0.010444781835532463,-0.10728365888245767,0.04188854046237606,2.843684732748807,291,True
INNOVATION,act,oil,asset_price,a,19,-0.005336856974155091,-0.0015730055306806886,0.032891332478843106,-0.16225724444541584,0.87110328243638,-0.05943828449724693,0.04876457054893675,-0.0988694369840062,0.08819572303569602,2.843684732748807,290,True
INNOVATION,act,oil,asset_price,a,20,0.019573898772199585,0.005769285400519546,0.02097656681574635,0.9331316675475305,0.3507519904355567,-0.014929483235670695,0.05407728078006986,-0.04007684402722357,0.07922464157162275,2.843684732748807,289,True
INNOVATION,act,oil,asset_price,a,21,0.04480435429473052,0.013205805860170327,0.030546887103598604,1.4667404289929205,0.14244668039295355,-0.0054408037497007955,0.09504951233916184,-0.04206136219477426,0.13167007078423532,2.843684732748807,288,True
INNOVATION,act,oil,asset_price,a,22,-0.0016775572019471301,-0.0004944495926113556,0.024445743801677265,-0.06862369235138716,0.9452891595503385,-0.04188722755766245,0.03853211315376819,-0.07119354563146556,0.06783843122757129,2.843684732748807,287,True
INNOVATION,act,oil,asset_price,a,23,-0.01032197473141838,-0.0030423381062479994,0.02522719352985691,-0.40916064322422974,0.6824217747776995,-0.051817015506810234,0.03117306604397347,-0.08206015982237197,0.061416210359535206,2.843684732748807,286,True
INNOVATION,act,oil,asset_price,a,24,0.06414322294276047,0.01890581758762991,0.03614127863179244,1.7747911908776668,0.07593237141359226,0.004696109702592939,0.123590336182928,-0.03863117932448838,0.1669176252100093,2.843684732748807,285,True
INNOVATION,act,dxy,asset_price,a,0,-0.002613395650359312,-0.0007702821776524884,0.0038183075294887605,-0.6844382308591115,0.49369848164879415,-0.008893952639055016,0.003667161338336391,-0.013435761586576184,0.00820897028585756,2.83433585499225,309,True
INNOVATION,act,dxy,asset_price,a,1,-0.002011312128073709,-0.0005928217894364632,0.002805111859178961,-0.7170167284032687,0.47336377477627356,-0.006625310543648811,0.0026026862875013924,-0.00996194124780861,0.0059393169916611924,2.83433585499225,308,True
INNOVATION,act,dxy,asset_price,a,2,0.005753476942851883,0.0016958016854447613,0.0026146769124181604,2.2004542570924497,0.02777468195629945,0.0014527161401545951,0.010054237745549172,-0.0016573955792353401,0.013164349464939107,2.83433585499225,307,True
INNOVATION,act,dxy,asset_price,a,3,0.002047877455340511,0.0006035991931218853,0.003408181534209542,0.6008710025522376,0.5479259082675176,-0.0035580823025130872,0.007653837213194109,-0.007612053667392091,0.011707808578073114,2.83433585499225,306,True
INNOVATION,act,dxy,asset_price,a,4,0.0007045613659328917,0.00020766509776886746,0.00266137199411351,0.26473614642795457,0.791212729833001,-0.003673006011251787,0.005082128743117571,-0.006838660700455253,0.008247783432321036,2.83433585499225,305,True
INNOVATION,act,dxy,asset_price,a,5,-0.002403717414545396,-0.0007084808166274674,0.0038052824351014385,-0.6316791080663423,0.5275965823629789,-0.008662850029496728,0.003855415200405935,-0.013189165858725623,0.008381731029634831,2.83433585499225,304,True
INNOVATION,act,dxy,asset_price,a,6,-0.0037502818662959367,-0.0011053723466570777,0.0033622275125349387,-1.11541585223316,0.26467225954270857,-0.009280653984925056,0.0017800902523331832,-0.01327996385771512,0.005779400125123246,2.83433585499225,303,True
INNOVATION,act,dxy,asset_price,a,7,-0.009029898849152672,-0.002661506744510999,0.002950482034705864,-3.060482572995185,0.0022098062033203956,-0.01388300992519377,-0.004176787773111572,-0.01739255586962999,-0.000667241828675353,2.83433585499225,302,True
INNOVATION,act,dxy,asset_price,a,8,-0.010710303746541602,-0.0031567956777120198,0.0025765440560890467,-4.15684867535269,3.226675610820711e-05,-0.014948341582199928,-0.006472265910883276,-0.01801309494668195,-0.003407512546401254,2.83433585499225,301,True
INNOVATION,act,dxy,asset_price,a,9,-0.002347595401039103,-0.0006919392008289081,0.0034458922002608534,-0.6812736048044076,0.4956983817318322,-0.008015583684721956,0.0033203928826437508,-0.012114411216676575,0.007419220414598369,2.83433585499225,300,True
INNOVATION,act,dxy,asset_price,a,10,-0.004886202755321117,-0.0014401779915348316,0.0026993030510247553,-1.8101719825293918,0.07026912099328318,-0.009326161169040361,-0.0004462443416018737,-0.012536934176330557,0.0027645286656883218,2.83433585499225,299,True
INNOVATION,act,dxy,asset_price,a,11,0.003223187799201832,0.0009500146357903239,0.0030218943548589367,1.0666116748983079,0.2861472263121636,-0.0017473860906520693,0.008193761689055733,-0.005341875720773527,0.011788251319177191,2.83433585499225,298,True
INNOVATION,act,dxy,asset_price,a,12,0.004596785234304651,0.0013548739701905327,0.0034191420292089166,1.3444265242670264,0.1788105014526361,-0.0010272029335018518,0.010220773402111154,-0.005094211612393141,0.014287782081002443,2.83433585499225,297,True
INNOVATION,act,dxy,asset_price,a,13,0.000573826874994918,0.00016913191648032188,0.0029714189905877906,0.19311543636645015,0.8468685637337323,-0.0043137224288658915,0.0054613761788557275,-0.007848172510232936,0.008995826260222772,2.83433585499225,296,True
INNOVATION,act,dxy,asset_price,a,14,-0.009884100641279673,-0.002913277430860684,0.0026762538894924684,-3.6932597015876247,0.0002213977159397884,-0.014286146558054345,-0.005482054724505002,-0.017469502997330643,-0.0022986982852287027,2.83433585499225,295,True
INNOVATION,act,dxy,asset_price,a,15,-0.0025974838188713234,-0.000765592263897056,0.0030657392245302946,-0.8472618277796563,0.3968491982842435,-0.007640176101627373,0.0024452084638847257,-0.011286818425013674,0.006091850787271026,2.83433585499225,294,True
INNOVATION,act,dxy,asset_price,a,16,0.0030291810583389137,0.0008928323508153701,0.0033329675878626813,0.9088540402762886,0.3634271766286138,-0.002453062767068717,0.008511424883746545,-0.006417568479467317,0.012475930596145145,2.83433585499225,293,True
INNOVATION,act,dxy,asset_price,a,17,-0.004505213564453207,-0.0013278837877989966,0.0034300321066845297,-1.3134610476891275,0.18902763820212387,-0.010147114315693255,0.0011366871867868403,-0.014227076548203772,0.0052166494192973575,2.83433585499225,292,True
INNOVATION,act,dxy,asset_price,a,18,-0.004441681032363885,-0.0013091579675571167,0.0029616990175796677,-1.499707095825583,0.1336902916954607,-0.009313242403368414,0.000429880338640643,-0.01283613074958526,0.003952768684857489,2.83433585499225,291,True
INNOVATION,act,dxy,asset_price,a,19,-0.00844232880921033,-0.002488324115302934,0.0032859953654620208,-2.569184636699362,0.010193812803109685,-0.013847310204236263,-0.003037347414184396,-0.017755943292877698,0.0008712856744570383,2.83433585499225,290,True
INNOVATION,act,dxy,asset_price,a,20,-0.0032669722899949555,-0.0009629198432015689,0.0033788487828903292,-0.9668891684463983,0.3335994419548155,-0.008824683965452681,0.0022907393854627697,-0.01284376454393794,0.00630981996394803,2.83433585499225,289,True
INNOVATION,act,dxy,asset_price,a,21,0.000693046936551059,0.00020427129104180552,0.003974182541914535,0.1743872932965954,0.8615610997971996,-0.005843901631684284,0.007229995504786402,-0.010571121136281548,0.011957215009383664,2.83433585499225,288,True
INNOVATION,act,dxy,asset_price,a,22,0.0011923130907900811,0.00035142689699169,0.0029739768292384996,0.4009153935121204,0.6884824161002299,-0.0036994434832525037,0.006084069664832666,-0.007236936068236763,0.009621562249816924,2.83433585499225,287,True
INNOVATION,act,dxy,asset_price,a,23,-0.006759341205585811,-0.0019922739454391403,0.004300550987974535,-1.5717384178182507,0.11601122858282831,-0.013833118096045462,0.00031443568487384,-0.018948547067024382,0.005429864655852759,2.83433585499225,286,True
INNOVATION,act,dxy,asset_price,a,24,-0.004001785234945345,-0.001179501406473783,0.003210772658245724,-1.2463620632461123,0.21263150222516447,-0.009283036287177443,0.0012794658172867535,-0.01310219330243998,0.005098622832549289,2.83433585499225,285,True
INNOVATION,act,vix,asset_price,a,0,-0.07178738363394276,-0.021158886594888678,1.149334606741488,-0.06245995136043911,0.9501965538229756,-1.9622745801135233,1.818699812845638,-3.1835902923895483,3.0400155251216625,2.707482129662804,309,True
INNOVATION,act,vix,asset_price,a,1,-1.1503864293215638,-0.3390692732644033,0.8855219391651157,-1.299105508787469,0.19390772284764568,-2.6069404027024055,0.3061675440592777,-3.5479212550354675,1.24714839639234,2.707482129662804,308,True
INNOVATION,act,vix,asset_price,a,2,-0.9805378208874969,-0.28900744816040497,0.9548858341672927,-1.0268639305373861,0.3044845407003345,-2.5511852485421502,0.5901096067671565,-3.5658741527636018,1.6047985109886078,2.707482129662804,307,True
INNOVATION,act,vix,asset_price,a,3,-1.1115918940616365,-0.3276348243332112,0.9957809312556375,-1.1163016474516803,0.2642930366748405,-2.7495057704865866,0.5263219823633134,-3.8076509704952604,1.5844671823719874,2.707482129662804,306,True
INNOVATION,act,vix,asset_price,a,4,-0.9791685041699135,-0.28860385054097404,1.0819820192792329,-0.9049766878956002,0.3654777374803725,-2.7588705528776374,0.8005335445378104,-3.908615485984912,1.9502784776450852,2.707482129662804,305,True
INNOVATION,act,vix,asset_price,a,5,-0.32614748549907935,-0.09612995082913432,1.3860843103992906,-0.23530133271988754,0.8139748607986788,-2.6060532907198826,1.9537583197217239,-4.07894598611115,3.4266510151129914,2.707482129662804,304,True
INNOVATION,act,vix,asset_price,a,6,-0.062176056384432354,-0.018326007431389006,1.1066723732209411,-0.056182893771415436,0.955196108429252,-1.8824901233238909,1.758138010555026,-3.0584717302716555,2.934119617502791,2.707482129662804,303,True
INNOVATION,act,vix,asset_price,a,7,-0.9905654230821838,-0.29196302178512357,1.1036049238870898,-0.8975724932371985,0.36941350912398785,-2.8058339848593667,0.8247031386949991,-3.9785560327143585,1.9974251865499912,2.707482129662804,302,True
INNOVATION,act,vix,asset_price,a,8,-0.7112510030624929,-0.20963682686973503,1.0900525243198393,-0.6524924140754526,0.5140835649868252,-2.5042278512575886,1.0817258451326026,-3.662548733052287,2.2400467269273014,2.707482129662804,301,True
INNOVATION,act,vix,asset_price,a,9,-0.03385007149796576,-0.009977098868883708,1.454314525606215,-0.023275619477056194,0.9814304192834734,-2.4259845936695585,2.3582844506736267,-3.971380660485832,3.9036805174899003,2.707482129662804,300,True
INNOVATION,act,vix,asset_price,a,10,-0.5702908997876717,-0.1680897096937649,1.5867184099247047,-0.3594153166816373,0.7192844181456709,-3.180210431302995,2.039628631727652,-4.86630263946579,3.725720839890446,2.707482129662804,299,True
INNOVATION,act,vix,asset_price,a,11,2.167828350989957,0.6389539765047682,1.8242460082634324,1.1883421102034333,0.23469865361554887,-0.8327893121538947,5.168446014133809,-2.77128511649199,7.106941818471904,2.707482129662804,298,True
INNOVATION,act,vix,asset_price,a,12,0.19842635973155037,0.058484940256428565,1.4476501040733252,0.13706790002171673,0.8909771250222136,-2.1827461645101347,2.5795988839732353,-3.7210604270514764,4.117913146514577,2.707482129662804,297,True
INNOVATION,act,vix,asset_price,a,13,-0.016391319305101182,-0.004831239819043353,1.4161497360187274,-0.011574566508187677,0.9907650382878028,-2.3457503489018747,2.3129677102916726,-3.8505914225025033,3.817808783892301,2.707482129662804,296,True
INNOVATION,act,vix,asset_price,a,14,-1.0979230092871854,-0.32360600522627747,1.6188837178090925,-0.6781975735558411,0.49764643083153703,-3.7607497641381546,1.5649037455637838,-5.481021745257385,3.2851757266830144,2.707482129662804,295,True
INNOVATION,act,vix,asset_price,a,15,-0.41846928937774647,-0.12334123057802666,1.7311489639589162,-0.24172922035591943,0.8089899863240458,-3.2659559415388535,2.4290173627833602,-5.10552417308079,4.268585594325296,2.707482129662804,294,True
INNOVATION,act,vix,asset_price,a,16,0.43607887959027114,0.1285315481997027,1.5555701311645043,0.28033379585645635,0.7792214244786858,-2.122606292633041,2.994764051813583,-3.7755994519748484,4.64775721115539,2.707482129662804,293,True
INNOVATION,act,vix,asset_price,a,17,-1.2407111521857526,-0.36569192575642795,1.8439142116806082,-0.6728681542374604,0.5010311737805042,-4.273680131055966,1.7922578266844607,-6.233075928942277,3.7516536245707717,2.707482129662804,292,True
INNOVATION,act,vix,asset_price,a,18,-1.9393399279862988,-0.5716084293368746,1.2233242994040985,-1.585303201228802,0.11289746207202637,-3.951529338798999,0.07284948282640125,-5.251468607405165,1.3727887514325676,2.707482129662804,291,True
INNOVATION,act,vix,asset_price,a,19,-1.2736367154504153,-0.37539653155098196,1.2422801718534044,-1.0252411205680187,0.30524943009036454,-3.3170057618133857,0.7697323309125552,-4.6370880807779455,2.0898146498771144,2.707482129662804,290,True
INNOVATION,act,vix,asset_price,a,20,-2.388777581315821,-0.7040773933370598,1.3921329025001148,-1.7159120203436353,0.08617814632575473,-4.678632435191615,-0.09892272744002684,-6.157952536950493,1.380397374318851,2.707482129662804,289,True
INNOVATION,act,vix,asset_price,a,21,-3.2356198659175335,-0.9536789104366733,1.5476998331373346,-2.090599092046566,0.03656401721839786,-5.781359549885666,-0.6898801819494005,-7.42598950621897,0.9547497743839037,2.707482129662804,288,True
INNOVATION,act,vix,asset_price,a,22,-2.420164461011464,-0.7133284816819694,1.3190345653663356,-1.8347998790610247,0.0665353465591869,-4.58978324992864,-0.250545672094288,-5.991426975148361,1.1510980531254336,2.707482129662804,287,True
INNOVATION,act,vix,asset_price,a,23,-2.6026640706971285,-0.7671191110304476,1.5757245559787618,-1.6517252719213245,0.09859056841667264,-5.194500321675292,-0.010827819718964182,-6.8689101472804825,1.663582005886226,2.707482129662804,286,True
INNOVATION,act,vix,asset_price,a,24,-3.6625698201549963,-1.0795197644433934,1.4727470147473667,-2.4868967877577193,0.012886277862573113,-6.085023088944156,-1.240116551365837,-7.650006044097735,0.32486640378774156,2.707482129662804,285,True
INNOVATION,act,us10y,asset_price,a,0,-0.031070887795088976,-0.009157951689828019,0.05443088109064506,-0.5708319831043315,0.5681135405409279,-0.1206017199752008,0.05845994438502286,-0.183980344904761,0.12183856931458305,2.809240894980704,309,True
INNOVATION,act,us10y,asset_price,a,1,0.01675632234853759,0.004938822204859802,0.05673198645273215,0.2953593448115657,0.7677193867705723,-0.07655949133240067,0.11007213602947585,-0.14261749404796886,0.17613013874504402,2.809240894980704,308,True
INNOVATION,act,us10y,asset_price,a,2,0.0025507082378486683,0.0007518054511708094,0.04156415898801151,0.061367974234348824,0.9510661571291505,-0.0658162494247697,0.07091766590046704,-0.11421302695675306,0.1193144434324504,2.809240894980704,307,True
INNOVATION,act,us10y,asset_price,a,3,-0.042789677541386954,-0.012611992368279819,0.05252985793239674,-0.8145782080061038,0.4153137885460002,-0.1291936048847353,0.04361424980196139,-0.19035870265260244,0.10477934756982851,2.809240894980704,306,True
INNOVATION,act,us10y,asset_price,a,4,-0.016263333627094867,-0.004793516833337197,0.0536517764978211,-0.3031275884733351,0.7617926300866176,-0.10451265279192566,0.07198598553773593,-0.16698409825313854,0.1344574309989488,2.809240894980704,305,True
INNOVATION,act,us10y,asset_price,a,5,0.06885378718381174,0.020294227215184788,0.0671040096570266,1.0260756031678044,0.30485594900341284,-0.041522486483535084,0.17923006085115856,-0.11965754096188749,0.257365115329511,2.809240894980704,304,True
INNOVATION,act,us10y,asset_price,a,6,-0.026568415115152254,-0.007830875760760157,0.05106234705807748,-0.5203132375590525,0.6028452709889675,-0.11055850187428584,0.05742167164398133,-0.17001484866440117,0.11687801843409665,2.809240894980704,303,True
INNOVATION,act,us10y,asset_price,a,7,-0.04882276917193304,-0.014390208750676836,0.04403068391616644,-1.108835131084737,0.26750131206108374,-0.12124679930859326,0.023601260964727186,-0.17251556706319696,0.07487002871933088,2.809240894980704,302,True
INNOVATION,act,us10y,asset_price,a,8,-0.05443302087001213,-0.016043795682521917,0.041939774737967006,-1.2978853894686113,0.1943267213767802,-0.12341781146128489,0.014551769721260627,-0.17225195119018769,0.06338590945016342,2.809240894980704,301,True
INNOVATION,act,us10y,asset_price,a,9,-0.10701035384529012,-0.031540638854273925,0.0460584744616314,-2.323358623925639,0.02015989491369948,-0.1827698026153563,-0.03125090507522395,-0.23639970386332942,0.022378996172749188,2.809240894980704,300,True
INNOVATION,act,us10y,asset_price,a,10,0.007276605362194948,0.002144734351087892,0.05790645824764668,0.12566137840921515,0.899999975021434,-0.08797104251036068,0.10252425323475058,-0.15539658523058678,0.1699497959549767,2.809240894980704,299,True
INNOVATION,act,us10y,asset_price,a,11,-0.028408101892740494,-0.008373112041380096,0.05837704028907137,-0.486631417969621,0.6265195546579065,-0.12442978834291175,0.06761358455743076,-0.19240327080073596,0.135587067015255,2.809240894980704,298,True
INNOVATION,act,us10y,asset_price,a,12,-0.012601329427796643,-0.0037141637821372507,0.04652325276346383,-0.2708608852408717,0.7864980298363726,-0.08912527047336022,0.06392261161776694,-0.1432963536584433,0.11809369480285,2.809240894980704,297,True
INNOVATION,act,us10y,asset_price,a,13,0.0664575619119167,0.019587954661188813,0.04872407409871049,1.363957409991615,0.17258097042297083,-0.013686408089199534,0.14660153191303293,-0.07042009961625091,0.2033352234400843,2.809240894980704,296,True
INNOVATION,act,us10y,asset_price,a,14,-0.012323235307438733,-0.0036321972629872732,0.05556890520903401,-0.22176494680041503,0.8244968684075943,-0.10372595058624087,0.07907947997136341,-0.16842967630996333,0.14378320569508588,2.809240894980704,295,True
INNOVATION,act,us10y,asset_price,a,15,-0.053717994366886984,-0.01583304605039838,0.04735403807314466,-1.1343909949962945,0.2566305746930404,-0.13160845564229706,0.024172466908523108,-0.18674689466443822,0.07931090593066425,2.809240894980704,294,True
INNOVATION,act,us10y,asset_price,a,16,-0.0014335954363632296,-0.00042254337357709796,0.04704808528531256,-0.030470856096895583,0.9756915360497335,-0.0788208091590318,0.07595361828630533,-0.1336030006504032,0.13073580977767674,2.809240894980704,293,True
INNOVATION,act,us10y,asset_price,a,17,0.035223610647328506,0.010381941023923117,0.04391961974650364,0.8020017215684704,0.42255196239572357,-0.0370177351870375,0.10746495648169452,-0.08815718123655159,0.15860440253120858,2.809240894980704,292,True
INNOVATION,act,us10y,asset_price,a,18,0.027927285725396208,0.008231394454767614,0.04904154827947662,0.5694617463185494,0.569042823903397,-0.05273888283341664,0.10859345428420906,-0.10984223725448011,0.16569680870527254,2.809240894980704,291,True
INNOVATION,act,us10y,asset_price,a,19,-0.09789398759846202,-0.028853646379973712,0.05884620723305483,-1.663556449963923,0.09620110104768921,-0.1946873849980902,-0.001100590198833823,-0.26320715947206896,0.06741918427514493,2.809240894980704,290,True
INNOVATION,act,us10y,asset_price,a,20,-0.02896803474754269,-0.00853814878148369,0.0548427572450139,-0.5282016478151518,0.5973593858225669,-0.11917634291402293,0.06124027341893754,-0.18303455119373505,0.12509848169864965,2.809240894980704,289,True
INNOVATION,act,us10y,asset_price,a,21,0.12255568364477126,0.03612252850753945,0.07990723132502137,1.533724565506193,0.12509742766892007,-0.00888001561984042,0.25399138290938295,-0.10192297839816192,0.3470343456877044,2.809240894980704,288,True
INNOVATION,act,us10y,asset_price,a,22,0.005494570996812682,0.001619490761802245,0.04679489436875482,0.11741817287830943,0.9065286838096569,-0.07147618072844471,0.08246532272207006,-0.12596355994019562,0.136952701933821,2.809240894980704,287,True
INNOVATION,act,us10y,asset_price,a,23,-0.07239433170515938,-0.021337780778765674,0.07542723385397873,-0.9597903569592541,0.33716073652075096,-0.19646109088079317,0.0516724274704744,-0.28428760164302946,0.1394989382327107,2.809240894980704,286,True
INNOVATION,act,us10y,asset_price,a,24,0.10728376105220912,0.03162122393472376,0.04689595240980992,2.2876976698263407,0.022155133501908775,0.03014678364158964,0.18442073846282858,-0.024458266266497816,0.23902578837091604,2.809240894980704,285,True
INNOVATION,act,ip,real_macro,a,0,-0.0928477892158521,-0.027366310668487083,0.15550562408543753,-0.5970702973729097,0.5504604477698769,-0.3486317790041362,0.16293620057243205,-0.5368553155100516,0.35115973707834747,2.855250598848142,309,True
INNOVATION,act,ip,real_macro,a,1,0.034807434251711275,0.010259275609576258,0.25949300302854844,0.1341363113666764,0.8932947867685719,-0.392020572948326,0.46163544145174856,-0.7061101180424544,0.775724986545877,2.855250598848142,308,True
INNOVATION,act,ip,real_macro,a,2,-0.3807527773797335,-0.11222452232480398,0.19060248572665978,-1.997627554164039,0.04575705368119713,-0.6942659673331961,-0.06723958742627095,-0.9249706388927232,0.16346508413325628,2.855250598848142,307,True
INNOVATION,act,ip,real_macro,a,3,0.22590351605368963,0.06658366185819035,0.16884086173528687,1.3379670876583603,0.1809071658540531,-0.05181498774920901,0.5036220198565883,-0.25617945552602456,0.7079864876334039,2.855250598848142,306,True
INNOVATION,act,ip,real_macro,a,4,0.08114189250593942,0.023916070132635987,0.22510489681093634,0.360462582802407,0.7185012331471523,-0.28912271345806606,0.45140649846994496,-0.5615889989171359,0.7238727839290147,2.855250598848142,305,True
INNOVATION,act,ip,real_macro,a,5,0.17922088062843639,0.05282424427096917,0.10494708972373497,1.7077260655842994,0.0876871832826648,0.006598279458349343,0.3518434817985234,-0.12042936015262756,0.47887112140950033,2.855250598848142,304,True
INNOVATION,act,ip,real_macro,a,6,0.10194837092105562,0.030048650746930528,0.14511232392183337,0.7025479860412919,0.48233748705288715,-0.1367401613971289,0.3406369032392401,-0.3123836788570047,0.516280420699116,2.855250598848142,303,True
INNOVATION,act,ip,real_macro,a,7,-0.055252880799377076,-0.01628544431757433,0.2101373374277848,-0.2629369986110399,0.7925991385835719,-0.40089804242539423,0.2903922808266401,-0.6552476393304136,0.5447418777316595,2.855250598848142,302,True
INNOVATION,act,ip,real_macro,a,8,0.06332616716129341,0.018664995457798372,0.19804305881293396,0.31975958935834037,0.7491505835060043,-0.26242567641972475,0.3890780107423116,-0.5021363951120541,0.628788729434641,2.855250598848142,301,True
INNOVATION,act,ip,real_macro,a,9,0.4080037619052619,0.12025658119067538,0.2414682947854326,1.6896783996748383,0.09108949787853834,0.01082376143365582,0.805183762376868,-0.2814487313836843,1.0974562551942082,2.855250598848142,300,True
INNOVATION,act,ip,real_macro,a,10,-0.12170231237218909,-0.03587100261168044,0.13095219784226664,-0.9293644121863527,0.35270026438872704,-0.33709950995030813,0.09369488520592995,-0.49560365368180126,0.2521990289374231,2.855250598848142,299,True
INNOVATION,act,ip,real_macro,a,11,0.07114604166399822,0.020969855022435847,0.1785265520946838,0.39851798418346773,0.6902484043320334,-0.22250400505608336,0.36479608838407984,-0.4385920031146417,0.5808840864426381,2.855250598848142,298,True
INNOVATION,act,ip,real_macro,a,12,-0.05796736748888554,-0.017085522452745253,0.13185536492785027,-0.43962843317452127,0.6602062439321938,-0.27485014272347,0.15891540774569893,-0.43444747716047033,0.31851274218269926,2.855250598848142,297,True
INNOVATION,act,ip,real_macro,a,13,0.1977852133824077,0.05829596634199519,0.12283150417913005,1.6102156747504264,0.10735078061648572,-0.00425463177053928,0.39982505853535466,-0.1529295124824714,0.5484999392472868,2.855250598848142,296,True
INNOVATION,act,ip,real_macro,a,14,-0.10455602653928324,-0.03081724108567237,0.18695289157592704,-0.5592640245247021,0.5759815437889693,-0.41206616831701215,0.20295411523844564,-0.6383533821678407,0.4292413290892742,2.855250598848142,295,True
INNOVATION,act,ip,real_macro,a,15,0.1133121766384592,0.03339806208203318,0.17581558375263037,0.6444944994061935,0.5192548233838603,-0.17587872397164517,0.4025030772485636,-0.3886853741580743,0.6153097274349927,2.855250598848142,294,True
INNOVATION,act,ip,real_macro,a,16,0.2493284330534151,0.073488011023766,0.24225850504646115,1.0291834047502193,0.30339349907765056,-0.14915134763209806,0.6478082137389283,-0.44238030855654875,0.941037174663379,2.855250598848142,293,True
INNOVATION,act,ip,real_macro,a,17,-0.14425820018236574,-0.042519210807373774,0.1539069958436746,-0.9373076213435465,0.34860034374637205,-0.39741268050903905,0.10889628014430758,-0.5837012422319361,0.2951848418672047,2.855250598848142,292,True
INNOVATION,act,ip,real_macro,a,18,0.2511317078691012,0.07401951510419164,0.32429441797680747,0.7743941737753296,0.438697727990478,-0.2822851417401673,0.7845485574783697,-0.674810123262288,1.1770735390004905,2.855250598848142,291,True
INNOVATION,act,ip,real_macro,a,19,0.04503442230797596,0.013273616981776239,0.20551980964978747,0.21912448432448484,0.8265530784781198,-0.29301558200485317,0.38308442662080505,-0.541776137269736,0.6318449818856878,2.855250598848142,290,True
INNOVATION,act,ip,real_macro,a,20,-0.30729118598867006,-0.09057217336541633,0.2635866656935182,-1.165807022825535,0.24369247716969322,-0.7408526690706987,0.12627029709335852,-1.0598971710584728,0.44531479908113275,2.855250598848142,289,True
INNOVATION,act,ip,real_macro,a,21,0.0023035649216118347,0.0006789614897916772,0.19484177321573437,0.011822746650233274,0.9905670327345165,-0.31818263243394507,0.3227897622771687,-0.5540185247332475,0.5586256545764713,2.855250598848142,288,True
INNOVATION,act,ip,real_macro,a,22,0.2630005520079959,0.07751778338525685,0.3162208364042586,0.831698995545551,0.40557886776618013,-0.25713643766917693,0.7831375416851687,-0.6398891805035237,1.1658902845195156,2.855250598848142,287,True
INNOVATION,act,ip,real_macro,a,23,0.07997908602440551,0.023573340125925664,0.23361623087121183,0.3423524372692086,0.732085677738878,-0.30428541863883973,0.46424359068765075,-0.5870537970712679,0.747011969120079,2.855250598848142,286,True
INNOVATION,act,ip,real_macro,a,24,-0.17313904854524192,-0.051031661942106836,0.214138445043213,-0.808537899443057,0.41878099768745036,-0.5253654465443194,0.17908734945383548,-0.7845579719912859,0.43827987490080195,2.855250598848142,285,True
INNOVATION,act,cpi,real_macro,a,0,-0.04215701611753561,-0.012425519333010959,0.06794658818239038,-0.6204434577991274,0.534965868690432,-0.15391920812831847,0.06960517589324725,-0.23309070309298377,0.14877667085791255,2.810055546320016,309,True
INNOVATION,act,cpi,real_macro,a,1,0.00572142399116924,0.0016863542765080772,0.06508470260862965,0.08790735398413928,0.929950311601316,-0.1013333851536932,0.11277623313603166,-0.17717020555479934,0.1886130535371378,2.810055546320016,308,True
INNOVATION,act,cpi,real_macro,a,2,-0.06622182653248421,-0.019518473118509263,0.06546298000668463,-1.011591994830087,0.3117331750185147,-0.17389884662753113,0.04145519356256272,-0.25017643657890465,0.11773278351393626,2.810055546320016,307,True
INNOVATION,act,cpi,real_macro,a,3,-0.08843046325529928,-0.026064331207463768,0.06006704462239284,-1.4721960071651774,0.1409679553394168,-0.18723195946269805,0.010371032952099499,-0.25722219514750616,0.08036126863690761,2.810055546320016,306,True
INNOVATION,act,cpi,real_macro,a,4,-0.02789578172518489,-0.008222108845876284,0.04513757834440136,-0.6180167999341716,0.5365642644344928,-0.1021404911767797,0.046348927726409916,-0.15473488409932418,0.09894332064895439,2.810055546320016,305,True
INNOVATION,act,cpi,real_macro,a,5,-0.0028409253405608757,-0.000837345144266426,0.04849207870198905,-0.058585348712723806,0.9532823806712059,-0.0826032968719438,0.07692144619082204,-0.13910636004967195,0.1334245093685502,2.810055546320016,304,True
INNOVATION,act,cpi,real_macro,a,6,-0.012716727528773574,-0.003748176657495504,0.0571505497175212,-0.22251277707088937,0.8239147279065604,-0.10672101651390875,0.0812875614563616,-0.17331294673773184,0.14787949168018472,2.810055546320016,303,True
INNOVATION,act,cpi,real_macro,a,7,-0.051043704018126745,-0.015044815537641977,0.04266864748149121,-1.1962812751509984,0.2315868133770712,-0.12122738358517136,0.019139975548917873,-0.1709449735274647,0.06885756549121122,2.810055546320016,302,True
INNOVATION,act,cpi,real_macro,a,8,-0.007591351607929821,-0.0022375038571285366,0.046053665501392914,-0.1648370770335364,0.8690722199487173,-0.08334289034230585,0.0681601871264462,-0.13700470977848575,0.12182200656262612,2.810055546320016,301,True
INNOVATION,act,cpi,real_macro,a,9,0.02034587038365932,0.005996819250543116,0.04650057469458042,0.4375401920791875,0.6617196344827914,-0.05614076855804912,0.09683250932536777,-0.11032332744391457,0.1510150682112332,2.810055546320016,300,True
INNOVATION,act,cpi,real_macro,a,10,0.06078267837245281,0.01791531789449736,0.05076163345653698,1.1974137598329264,0.2311453230936149,-0.022712778528513236,0.14427813527341887,-0.08186033126235263,0.20342568800725824,2.810055546320016,299,True
INNOVATION,act,cpi,real_macro,a,11,-0.004423447350101338,-0.0013037837026700196,0.04893750135285386,-0.09038972623892205,0.9279775205471014,-0.08491847394428557,0.07607157924408291,-0.14194054444973161,0.13309364974952895,2.810055546320016,298,True
INNOVATION,act,cpi,real_macro,a,12,-0.00378989186496721,-0.001117047148376873,0.04750632941646912,-0.07977656686002266,0.9364149618469773,-0.08193085010879786,0.07435106637886343,-0.13728531632702198,0.12970553259708759,2.810055546320016,297,True
INNOVATION,act,cpi,real_macro,a,13,-0.013902094145536774,-0.004097556124301988,0.05767715894769196,-0.24103292185637532,0.8095296006453823,-0.10877257823290445,0.08096838994183089,-0.17597811454247972,0.14817392625140616,2.810055546320016,296,True
INNOVATION,act,cpi,real_macro,a,14,-0.0042915130129764865,-0.0012648968741510787,0.0628408933641526,-0.0682917250731602,0.9455534111870012,-0.10765558438387361,0.09907255835792063,-0.1808779139466182,0.17229488792066525,2.810055546320016,295,True
INNOVATION,act,cpi,real_macro,a,15,0.0021693125903683667,0.0006393914468665182,0.05468596760612952,0.03966854177277496,0.9683573819556288,-0.08778109956992448,0.09211972475066123,-0.15150129398711262,0.15583991916784937,2.810055546320016,294,True
INNOVATION,act,cpi,real_macro,a,16,0.012885447984614653,0.003797905966611756,0.06519592353084912,0.19764192739010092,0.843325228491449,-0.09435230329755336,0.12012319926678265,-0.17031871853070354,0.19608961449993287,2.810055546320016,293,True
INNOVATION,act,cpi,real_macro,a,17,-0.05730393191265095,-0.016889978926710895,0.062230322790143976,-0.9208361670546683,0.35713596931280556,-0.15966370406038013,0.04505584023507823,-0.23217459561837994,0.11756673179307803,2.810055546320016,292,True
INNOVATION,act,cpi,real_macro,a,18,-0.11903226158796797,-0.03508402168430735,0.05807623233949912,-2.049586496798469,0.04040479922940649,-0.21455916299126948,-0.02350536018466645,-0.28222970038294737,0.04416517720701142,2.810055546320016,291,True
INNOVATION,act,cpi,real_macro,a,19,-0.1107214472140526,-0.03263446063406033,0.05432557824997272,-2.03810894942675,0.041539038357074225,-0.20007907163475624,-0.021363822793348947,-0.2633793396824305,0.041936445254325286,2.810055546320016,290,True
INNOVATION,act,cpi,real_macro,a,20,-0.011600762456988201,-0.003419252866120568,0.04925309616034919,-0.23553366917727503,0.8137945495505688,-0.09261489631492818,0.06941337140095179,-0.15000469849581052,0.1268031735818341,2.810055546320016,289,True
INNOVATION,act,cpi,real_macro,a,21,0.006757625783932453,0.0019917683355340503,0.054727652675322244,0.12347735474829889,0.9017291053463002,-0.08326135221361178,0.09677660378147668,-0.14703011815343228,0.1605453697212972,2.810055546320016,288,True
INNOVATION,act,cpi,real_macro,a,22,0.05596595293869405,0.016495617913072923,0.051779072074175855,1.080860484686174,0.27975917836666464,-0.029203041562695792,0.1411349474400839,-0.08953611572664766,0.20146802160403576,2.810055546320016,287,True
INNOVATION,act,cpi,real_macro,a,23,0.03176568866956513,0.009362739943207398,0.05243502555454465,0.6058104927692161,0.5446406012669189,-0.054482253293120765,0.11801363063225104,-0.11557964571141482,0.1791110230505451,2.810055546320016,286,True
INNOVATION,act,cpi,real_macro,a,24,-0.02777021501912022,-0.008185098837164114,0.059127838935555316,-0.469663960649527,0.6385951200533295,-0.12502685534607086,0.06948642530783042,-0.19392272676189404,0.1383822967236536,2.810055546320016,285,True
INNOVATION,act,infl_exp,real_macro,a,0,-0.11072042766802213,-0.03263416012918406,0.16555329162916307,-0.6687902522411591,0.5036292856986144,-0.38303135985800585,0.16159050452196155,-0.5735806953554847,0.3521398400194405,2.795838506939885,309,True
INNOVATION,act,infl_exp,real_macro,a,1,-0.08909370485708629,-0.026259817560731393,0.09882733391606928,-0.9015087357587787,0.36731789120529534,-0.2516502034908771,0.0734627937767045,-0.3653989705578389,0.1872115608436663,2.795838506939885,308,True
INNOVATION,act,infl_exp,real_macro,a,2,0.07831136540416792,0.023081789804834423,0.1406572659535535,0.5567530754509842,0.5776961483788798,-0.15304924865661237,0.3096719794649482,-0.3149436350296614,0.47156636583799727,2.795838506939885,307,True
INNOVATION,act,infl_exp,real_macro,a,3,-0.015176614350608646,-0.004473213058945573,0.07782648217067055,-0.1950057862994103,0.8453884177726261,-0.1431897858219102,0.11283655712069289,-0.2327668900630398,0.20241366136182248,2.795838506939885,306,True
INNOVATION,act,infl_exp,real_macro,a,4,0.0521795957180074,0.015379612579200211,0.06992234780505446,0.7462506245283071,0.4555160320344658,-0.06283243167409874,0.16719162311011354,-0.14331199677100742,0.24767118820702222,2.795838506939885,305,True
INNOVATION,act,infl_exp,real_macro,a,5,0.08826372025169066,0.026015184740142482,0.07168393338398707,1.2312901383199937,0.21821436893057622,-0.02964585756910819,0.20617329807248952,-0.11215298103217392,0.28868042153555523,2.795838506939885,304,True
INNOVATION,act,infl_exp,real_macro,a,6,-0.026012755846730583,-0.007667098633766858,0.05292564688806338,-0.4914962286950788,0.6230755188110828,-0.11306769808931454,0.06104218639585336,-0.17398431742108125,0.12195880572762009,2.795838506939885,303,True
INNOVATION,act,infl_exp,real_macro,a,7,0.037266164234327215,0.010983971039833241,0.06025384172864378,0.618486110846795,0.536254950513682,-0.06184258587079247,0.1363749143394469,-0.13119384666167636,0.20572617513033079,2.795838506939885,302,True
INNOVATION,act,infl_exp,real_macro,a,8,-0.08796365975903526,-0.02592674376884206,0.07113206368670329,-1.2366245993714688,0.21622648299252922,-0.20496549270665226,0.029038173188581748,-0.2868374224924206,0.11091010297435007,2.795838506939885,301,True
INNOVATION,act,infl_exp,real_macro,a,9,0.01257121184634278,0.003705286811585655,0.07296209955636429,0.1722978357637767,0.8632033857208157,-0.10744076223893742,0.132583185931623,-0.191419035640522,0.21656145933320756,2.795838506939885,300,True
INNOVATION,act,infl_exp,real_macro,a,10,0.005216201359168208,0.0015374430356389149,0.06867489640901009,0.07595499421072074,0.9394549041283136,-0.10774395107970866,0.11817635379804509,-0.18678771848124984,0.19722012119958623,2.795838506939885,299,True
INNOVATION,act,infl_exp,real_macro,a,11,-0.06163075052171187,-0.018165281906585576,0.07162529875176264,-0.8604606416415846,0.38953517031824014,-0.17944388295503141,0.05618238191160766,-0.2618835188429631,0.1386220177995394,2.795838506939885,298,True
INNOVATION,act,infl_exp,real_macro,a,12,0.03035771479101091,0.008947748365065965,0.08501898921114552,0.35706981549283323,0.7210395406984127,-0.10948607797268989,0.1702015075547117,-0.20734164906661637,0.2680570786486382,2.795838506939885,297,True
INNOVATION,act,infl_exp,real_macro,a,13,0.0644279918127076,0.018989751447870455,0.07704995789820668,0.8361846465617231,0.4030510344206456,-0.06230791089261588,0.19116389451803106,-0.15099124743719555,0.2798472310626108,2.795838506939885,296,True
INNOVATION,act,infl_exp,real_macro,a,14,0.013523081324177486,0.00398584444323498,0.0738015174088701,0.18323581680926476,0.8546129923441231,-0.10786961226032472,0.1349157749086797,-0.19281404291813584,0.2198602055664908,2.795838506939885,295,True
INNOVATION,act,infl_exp,real_macro,a,15,0.018741892387835198,0.005524056673104752,0.07305408085677952,0.2565481923532534,0.7975275730750587,-0.1014213774730447,0.1389051622487151,-0.18550551996064887,0.22298930473631925,2.795838506939885,294,True
INNOVATION,act,infl_exp,real_macro,a,16,-0.008471306135325688,-0.0024968650026575205,0.07174865942576739,-0.11806919046467025,0.9060128351130378,-0.12648734882070511,0.10954473655005373,-0.20906897097920146,0.1921263587085501,2.795838506939885,293,True
INNOVATION,act,infl_exp,real_macro,a,17,0.10968536813458238,0.032329082744017246,0.08683423289003676,1.2631581403325498,0.20653235296998762,-0.033144234778143405,0.25251497104730813,-0.13308912389996827,0.352459860169133,2.795838506939885,292,True
INNOVATION,act,infl_exp,real_macro,a,18,-0.07355409531635503,-0.021679613918294725,0.0923031395034397,-0.796875336115886,0.42552343629523404,-0.22537924910759555,0.07827105847488548,-0.33161876705151583,0.18451057641880575,2.795838506939885,291,True
INNOVATION,act,infl_exp,real_macro,a,19,-0.16933409602208657,-0.04991017575803154,0.08699941523370608,-1.9463820023066278,0.05160886987324754,-0.31243539971190515,-0.026232792332267968,-0.4125704112137345,0.07390221916956133,2.795838506939885,290,True
INNOVATION,act,infl_exp,real_macro,a,20,-0.020464036445268254,-0.006031647965149813,0.0850704113365059,-0.24055410246366835,0.8099007265446624,-0.16039241107837363,0.11946433818783711,-0.2583071682610868,0.21737909537055028,2.795838506939885,289,True
INNOVATION,act,infl_exp,real_macro,a,21,0.015417369867186084,0.004544174255948262,0.07467624531530209,0.2064561468254065,0.8364346165425939,-0.10741412308680644,0.1382488628211786,-0.1933653523390247,0.22420009207339686,2.795838506939885,288,True
INNOVATION,act,infl_exp,real_macro,a,22,0.026779504016426835,0.007893092906690472,0.09761004109142017,0.2743519387656597,0.7838141737205,-0.13377472609967786,0.18733373413253154,-0.24612240753095013,0.2996814155638038,2.795838506939885,287,True
INNOVATION,act,infl_exp,real_macro,a,23,0.034305485087347376,0.010111329203013626,0.06372899795955744,0.5383025967098637,0.5903681589334173,-0.07051938834841366,0.1391303585231084,-0.14387050141667668,0.21248147159137143,2.795838506939885,286,True
INNOVATION,act,infl_exp,real_macro,a,24,0.07935367228422598,0.023389003300518827,0.08120111875448813,0.9772485096437167,0.3284461376014318,-0.054210282411611035,0.212917626980063,-0.1476715423361704,0.30637888690462234,2.795838506939885,285,True
INNOVATION,act,freight,physical_channel,a,0,-0.0020427900546952085,-0.0006020997132987228,0.005330492979148056,-0.3832272292049237,0.7015512903448283,-0.010810670764886246,0.00672509065549583,-0.017113617268616214,0.013028037159225798,2.82728582006869,309,True
INNOVATION,act,freight,physical_channel,a,1,0.004779644909298356,0.001408770726557909,0.008799839650558179,0.5431513640132273,0.5870255900808115,-0.009694803256513639,0.019254093075110352,-0.020100016953603,0.02965930677219971,2.82728582006869,308,True
INNOVATION,act,freight,physical_channel,a,2,0.006105298781474795,0.0017994989928015327,0.005028413577589214,1.2141600302499134,0.22468662021463437,-0.0021657055294348523,0.014376303092384442,-0.008111463623884062,0.02032206118683365,2.82728582006869,307,True
INNOVATION,act,freight,physical_channel,a,3,0.00015873937132104078,4.678744628795374e-05,0.004513174402894497,0.03517244341792647,0.9719422355973827,-0.007264771914344518,0.007582250656986599,-0.012601294621479547,0.01291877336412163,2.82728582006869,306,True
INNOVATION,act,freight,physical_channel,a,4,-0.0008194918999126776,-0.00024154016065134416,0.004617966098307138,-0.1774573226540334,0.8591491847392341,-0.008415370185852112,0.006776386386026757,-0.013875801967214383,0.012236818167389028,2.82728582006869,305,True
INNOVATION,act,freight,physical_channel,a,5,-0.005535954749263913,-0.0016316883664600716,0.004450793509528495,-1.2438129824293684,0.2135684011784198,-0.01285685859622393,0.001784949097696103,-0.018119620126807588,0.007047710628279761,2.82728582006869,304,True
INNOVATION,act,freight,physical_channel,a,6,0.001576437910559504,0.000464645307920659,0.0038317633171478993,0.41141317458326104,0.6807695951048258,-0.004726251879270822,0.00787912770038983,-0.009257052181872118,0.012409928002991127,2.82728582006869,303,True
INNOVATION,act,freight,physical_channel,a,7,0.00675369095580624,0.001990608569320568,0.005411738553218226,1.247970664028104,0.21204180057073496,-0.0021478268315678712,0.01565520874318035,-0.008546840717626698,0.022054222629239176,2.82728582006869,302,True
INNOVATION,act,freight,physical_channel,a,8,0.006825968097721524,0.0020119118091347725,0.005812451821121712,1.1743698369966393,0.24024692145308046,-0.002734664361731213,0.016386600557174263,-0.009607494515968328,0.023259430711411375,2.82728582006869,301,True
INNOVATION,act,freight,physical_channel,a,9,-0.010048862751276786,-0.0029618400420618413,0.005298679826843262,-1.8964842337461045,0.05789604284649517,-0.018764415482514524,-0.0013333100200390476,-0.025029745090794763,0.004932019588241191,2.82728582006869,300,True
INNOVATION,act,freight,physical_channel,a,10,-0.00120301641655243,-0.00035458163595179066,0.0045946922130689445,-0.261827421895774,0.7934544967347044,-0.00876061256794457,0.00635457973483971,-0.014193524558142285,0.011787491725037427,2.82728582006869,299,True
INNOVATION,act,freight,physical_channel,a,11,0.004780474760594281,0.0014090153200863576,0.007326696286840327,0.652473444160722,0.5140957987053133,-0.007270868200386916,0.01683181772157548,-0.015934189759139298,0.02549513928032786,2.82728582006869,298,True
INNOVATION,act,freight,physical_channel,a,12,0.0035180383608581973,0.0010369200122049124,0.004204403195308657,0.8367509483352318,0.4027325745220137,-0.0033975894841116057,0.010433666205828,-0.008369011175089461,0.015405087896805855,2.82728582006869,297,True
INNOVATION,act,freight,physical_channel,a,13,0.0030403182697093345,0.000896114974870478,0.004534734315476262,0.6704512454750118,0.5025701762974588,-0.004418655916363097,0.010499292455781765,-0.009780671758215597,0.015861308297634266,2.82728582006869,296,True
INNOVATION,act,freight,physical_channel,a,14,0.006732887844770945,0.0019844769812206145,0.00582797713219079,1.1552701206704958,0.24797982770092497,-0.0028532814789033164,0.016319057168445207,-0.009744469260756668,0.023210244950298557,2.82728582006869,295,True
INNOVATION,act,freight,physical_channel,a,15,0.004914433689209283,0.0014484988844044395,0.005855118037546032,0.8393398147903088,0.4012786468245658,-0.004716378451077294,0.01454524582949586,-0.011639658513173029,0.021468525891591594,2.82728582006869,294,True
INNOVATION,act,freight,physical_channel,a,16,-0.009781691333751613,-0.002883092921904395,0.0058048812030491006,-1.6850803645410752,0.0919730674477748,-0.01932987123460935,-0.00023351143289387574,-0.026193749646315614,0.006630366978812386,2.82728582006869,293,True
INNOVATION,act,freight,physical_channel,a,17,-0.004595682737923397,-0.0013545490162122518,0.00494496959836784,-0.9293652158023924,0.3526998480618303,-0.012729433916963503,0.00353806844111671,-0.018576525164059558,0.009385159688212762,2.82728582006869,292,True
INNOVATION,act,freight,physical_channel,a,18,-0.0036556791195114136,-0.0010774887731173916,0.005890209944222667,-0.6206364720661676,0.5348388368418796,-0.013344212309771696,0.006032854070748869,-0.020308986172039748,0.012997627933016922,2.82728582006869,291,True
INNOVATION,act,freight,physical_channel,a,19,0.008806047557168215,0.002595527962983448,0.011245893012351519,0.7830456458634643,0.43360030782952685,-0.0096918003525064,0.02730389546684283,-0.022989306290662804,0.04060140140499924,2.82728582006869,290,True
INNOVATION,act,freight,physical_channel,a,20,-0.0030386667188647626,-0.0008956281904905906,0.004936092473216724,-0.6156016596837665,0.5381574556266515,-0.011157816326403155,0.005080482888673629,-0.016994410974938198,0.01091707753720867,2.82728582006869,289,True
INNOVATION,act,freight,physical_channel,a,21,0.0030458907391403504,0.0008977574257131717,0.0053113063311619226,0.5734729931259716,0.5663244799993168,-0.0056904307435216555,0.011782212221802356,-0.011970690336994811,0.01806247181527551,2.82728582006869,288,True
INNOVATION,act,freight,physical_channel,a,22,0.0006681990366001297,0.0001969475264669079,0.003999559838350015,0.16706814339744686,0.8673164315738199,-0.005910491469719337,0.007246889542919596,-0.01063969978088309,0.01197609785408335,2.82728582006869,287,True
INNOVATION,act,freight,physical_channel,a,23,-0.005064854608631998,-0.0014928345185291417,0.004719999628649776,-1.0730625015072028,0.2832430741897115,-0.012828563117026185,0.0026988538997621886,-0.018409642629442995,0.008279933412178997,2.82728582006869,286,True
INNOVATION,act,freight,physical_channel,a,24,0.002489176941038975,0.0007336694826297139,0.005349230896669713,0.4653336132094559,0.6416925671589335,-0.006309524900749078,0.011287878782827028,-0.01263462772138863,0.017612981603466582,2.82728582006869,285,True
INNOVATION,act,oil,asset_price,b,0,0.00763149753015669,0.002249336618996235,0.03190775647626163,0.23917374246711096,0.8109708623423002,-0.044852091437706576,0.06011508649801996,-0.08336742897546803,0.0986304240357814,2.851937477124882,309,True
INNOVATION,act,oil,asset_price,b,1,-0.03936733306356441,-0.011603277535264895,0.023386452160892565,-1.6833392595305878,0.09230943443506308,-0.07783462372193564,-0.0009000424051931813,-0.1060640324382021,0.027329366311073286,2.851937477124882,308,True
INNOVATION,act,oil,asset_price,b,2,-0.00807572140416791,-0.0023802688538423216,0.02903744719592336,-0.2781140280575932,0.7809248275501455,-0.0558380717417943,0.039686628933458486,-0.09088870530225657,0.07473726249392074,2.851937477124882,307,True
INNOVATION,act,oil,asset_price,b,3,-0.022684981998509147,-0.00668625790795078,0.029799946614864608,-0.7612423703871193,0.44651231509452805,-0.07170153227092944,0.026331568273911147,-0.10767256656576228,0.062302602568743995,2.851937477124882,306,True
INNOVATION,act,oil,asset_price,b,4,0.026355797579485703,0.007768208059312878,0.023155012048408516,1.1382329460414675,0.25502322494804497,-0.011730807970444082,0.06444240312941549,-0.03968084906464873,0.09239244422362014,2.851937477124882,305,True
INNOVATION,act,oil,asset_price,b,5,-0.00542668438440278,-0.0015994816033599096,0.027403293576997473,-0.19803037066164844,0.8430213018958674,-0.050501091214943054,0.03964772244613749,-0.08357916433329744,0.0727257955644919,2.851937477124882,304,True
INNOVATION,act,oil,asset_price,b,6,-0.0003288041924059638,-9.691299873132932e-05,0.025273150371622068,-0.013010020024063216,0.9896197987144425,-0.041899437245658464,0.04124182886084654,-0.07240624890224759,0.07174864051743565,2.851937477124882,303,True
INNOVATION,act,oil,asset_price,b,7,0.00984691071014352,0.002902315929054265,0.02970574425097146,0.33148170357056445,0.7402806589763016,-0.03901469046235973,0.05870851188264677,-0.074872014605089,0.09456583602537605,2.851937477124882,302,True
INNOVATION,act,oil,asset_price,b,8,0.03853839014217459,0.011358951744583345,0.02591920998883503,1.4868659252645202,0.13705022544203954,-0.004094916415677538,0.08117169670002672,-0.03538157620245363,0.1124583564868028,2.851937477124882,301,True
INNOVATION,act,oil,asset_price,b,9,-0.01413242931123251,-0.004165445987437585,0.022847610567111397,-0.6185517417552544,0.5362117015805037,-0.05171340441972047,0.023448545797255454,-0.07929238615033199,0.05102752752786696,2.851937477124882,300,True
INNOVATION,act,oil,asset_price,b,10,0.03403603429893471,0.01003191025240806,0.024300109264966115,1.4006535496531716,0.1613176993214228,-0.005934088560861875,0.0740061571587313,-0.035266358012051725,0.10333842660992115,2.851937477124882,299,True
INNOVATION,act,oil,asset_price,b,11,-0.012540101064676335,-0.0036961171014243924,0.02372527321663613,-0.5285545481467093,0.5971144974201079,-0.051564702765474896,0.02648450063612223,-0.08020309690622812,0.05512289477687546,2.851937477124882,298,True
INNOVATION,act,oil,asset_price,b,12,0.0006269142946090949,0.00018477910452884311,0.027506217156309912,0.022791730722059,0.9818164042406888,-0.044616786758662076,0.04587061534788026,-0.07781909726740655,0.07907292585662473,2.851937477124882,297,True
INNOVATION,act,oil,asset_price,b,13,0.021132125448946264,0.006228563060094593,0.024049513332352272,0.8786924357641186,0.37956806112275565,-0.018425803782191157,0.060690054680083684,-0.047455582930203695,0.08971983382809623,2.851937477124882,296,True
INNOVATION,act,oil,asset_price,b,14,0.021301160581247394,0.006278385118147988,0.025524848936085948,0.8345264112859339,0.403984410692393,-0.020683479768662003,0.0632858009311568,-0.051494112697527294,0.09409643386002209,2.851937477124882,295,True
INNOVATION,act,oil,asset_price,b,15,0.044401354363700477,0.013087024127130805,0.03123730136774434,1.4214209428971143,0.15519442162395117,-0.006979434087209982,0.09578214281461093,-0.044685476091213955,0.1334881848186149,2.851937477124882,294,True
INNOVATION,act,oil,asset_price,b,16,-0.01176405116893078,-0.003467381202373024,0.02762674656334755,-0.42582108399756946,0.670238222348978,-0.05720600545452212,0.03367790311666055,-0.0905538050639727,0.06702570272611114,2.851937477124882,293,True
INNOVATION,act,oil,asset_price,b,17,-0.04344400681109102,-0.012804851866878936,0.039320757800011166,-1.104861890812254,0.2692194376688489,-0.10812089789291977,0.02123288427073773,-0.1555843496098934,0.06869633598771135,2.851937477124882,292,True
INNOVATION,act,oil,asset_price,b,18,-0.03933933926482122,-0.01159502653651019,0.02597270312656752,-1.514641701832758,0.1298631654231551,-0.08206063420428965,0.003381955674647205,-0.11341186469371774,0.034733186164075294,2.851937477124882,291,True
INNOVATION,act,oil,asset_price,b,19,-0.024725081646707565,-0.007287564640601956,0.03644116167749498,-0.6784932342586946,0.49745901217404087,-0.08466545860226019,0.035215295308845054,-0.12865299634472255,0.07920283305130743,2.851937477124882,290,True
INNOVATION,act,oil,asset_price,b,20,0.03826823494507018,0.01127932517387978,0.023539989301477413,1.6256691732085196,0.10402005122753416,-0.0004516018358637977,0.07698807172600416,-0.02886634275493203,0.1054028126450724,2.851937477124882,289,True
INNOVATION,act,oil,asset_price,b,21,0.03778036124755743,0.011135527423972367,0.027446290486858087,1.3765197619564484,0.16866077334211516,-0.007364769206114778,0.08292549170122965,-0.04049474319996928,0.11605546569508414,2.851937477124882,288,True
INNOVATION,act,oil,asset_price,b,22,-0.0021558676601552682,-0.0006354286369791185,0.02553312798761554,-0.08443413831634493,0.9327112657332254,-0.04415412583800084,0.0398423905176903,-0.07497475227626225,0.07066301695595172,2.851937477124882,287,True
INNOVATION,act,oil,asset_price,b,23,-0.007915556146563918,-0.0023330611364059998,0.023295389568149128,-0.3397906750349669,0.7340141707929548,-0.0462330621689815,0.030401949875853665,-0.07435255070019244,0.0585214384070646,2.851937477124882,286,True
INNOVATION,act,oil,asset_price,b,24,0.05639383541857149,0.01662173362323492,0.03627701510332816,1.5545335044226876,0.12005721118376961,-0.003276544449111171,0.11606421528625416,-0.047065943512835474,0.15985361434997847,2.851937477124882,285,True
INNOVATION,act,dxy,asset_price,b,0,-0.0037145067538010682,-0.0010948278538802103,0.004167148549323476,-0.8913785313470783,0.37272613117280906,-0.010568856159201353,0.003139842651599217,-0.015570044669940346,0.00814103116233821,2.8450000703872167,309,True
INNOVATION,act,dxy,asset_price,b,1,-0.0007404738408339977,-0.00021825007726399709,0.0029537026612144086,-0.2506934264431185,0.8020511433620293,-0.005598882376068733,0.0041179346944007385,-0.0091437581198919,0.007662810438223904,2.8450000703872167,308,True
INNOVATION,act,dxy,asset_price,b,2,0.00488810381846059,0.0014407383181178832,0.0028840610546230056,1.6948683560721447,0.09010039661004092,0.0001442455324144505,0.009631962104506729,-0.0033170500849428923,0.013093257721864072,2.8450000703872167,307,True
INNOVATION,act,dxy,asset_price,b,3,0.0012641247458897076,0.0003725929374507244,0.003453413924678997,0.3660507467280254,0.7143272090077767,-0.004416235673483258,0.006944485165262674,-0.008560838112898232,0.011089087604677647,2.8450000703872167,306,True
INNOVATION,act,dxy,asset_price,b,4,0.0005304293983158358,0.00015634077908159295,0.00288589823277014,0.18380045155184938,0.8541700018860287,-0.004216450776868973,0.0052773095735006445,-0.0076799512770455575,0.00874081007367723,2.8450000703872167,305,True
INNOVATION,act,dxy,asset_price,b,5,-0.0006631690115637457,-0.00019546495774902563,0.003591101488799881,-0.18467008343597993,0.8534878125074905,-0.0065700053201670616,0.0052436672970395705,-0.010879852999967047,0.009553514976839554,2.8450000703872167,304,True
INNOVATION,act,dxy,asset_price,b,6,-0.0029707687985827216,-0.0008756156991229958,0.003132181510929746,-0.9484663606550978,0.3428920901983423,-0.008122748917105856,0.002181211319940413,-0.011881825417643387,0.005940287820477945,2.8450000703872167,303,True
INNOVATION,act,dxy,asset_price,b,7,-0.007867411265054752,-0.0023188707308443306,0.003121044115776048,-2.5207625952119934,0.011710082769513882,-0.013001071998764536,-0.002733750531344969,-0.016746781994119216,0.0010119594640097124,2.8450000703872167,302,True
INNOVATION,act,dxy,asset_price,b,8,-0.010789063885349942,-0.003180009740697531,0.0029103791908968468,-3.7070990333823968,0.00020964697618637646,-0.015576211653300712,-0.006001916117399173,-0.01906909288830496,-0.002509034882394923,2.8450000703872167,301,True
INNOVATION,act,dxy,asset_price,b,9,-0.0014820578328567282,-0.00043682736471335705,0.0035777093317602812,-0.4142476918681194,0.6786927176561782,-0.007366866003380755,0.004402750337667298,-0.01166064113353973,0.008696525467826274,2.8450000703872167,300,True
INNOVATION,act,dxy,asset_price,b,10,-0.005202011774071044,-0.0015332607433376606,0.0030714860599737126,-1.6936465517006336,0.0903324665152445,-0.010254156759949692,-0.00014986678819239527,-0.013940389830889612,0.0035363662827475233,2.8450000703872167,299,True
INNOVATION,act,dxy,asset_price,b,11,0.0028166307342661276,0.0008301844595689691,0.003629304399366295,0.776080048495776,0.43770172312670563,-0.003153043770342457,0.008786305238874713,-0.007508740537387617,0.013142002005919872,2.8450000703872167,298,True
INNOVATION,act,dxy,asset_price,b,12,0.00479460873217348,0.0014131812206477237,0.003634281606784245,1.3192727616988214,0.18707794056547977,-0.001183252550108609,0.01077247001445557,-0.005544922694934663,0.015134140159281623,2.8450000703872167,297,True
INNOVATION,act,dxy,asset_price,b,13,-0.0007255670307402304,-0.00021385638733828667,0.0034488645942136265,-0.21037852050137287,0.8333722556812766,-0.006398444467397031,0.00494731040591657,-0.010537587044033977,0.009086452982553518,2.8450000703872167,296,True
INNOVATION,act,dxy,asset_price,b,14,-0.00996575640377043,-0.00293734496098786,0.0028711518787151334,-3.470995901557878,0.000518531913747466,-0.01468838098500355,-0.005243131822537309,-0.018134183700807376,-0.0017973291067334852,2.8450000703872167,295,True
INNOVATION,act,dxy,asset_price,b,15,-0.0013734117715440643,-0.00040480461121647325,0.0033053587377292514,-0.4155106542195128,0.6777681173513378,-0.006810243079673764,0.004063419536585635,-0.010777157613038787,0.008030334069950658,2.8450000703872167,294,True
INNOVATION,act,dxy,asset_price,b,16,0.0035775341444856013,0.0010544560258457696,0.0035912212577243158,0.996188730168247,0.3191584541124144,-0.0023294991664674675,0.00948456745543867,-0.006639490586516146,0.013794558875487348,2.8450000703872167,293,True
INNOVATION,act,dxy,asset_price,b,17,-0.004015047861144756,-0.0011834104833825427,0.003811587990250262,-1.0533792926766818,0.29216719079947406,-0.010284552191352572,0.0022544564690630603,-0.014859015961693822,0.0068289202394043085,2.8450000703872167,292,True
INNOVATION,act,dxy,asset_price,b,18,-0.004672741306774582,-0.0013772615519943151,0.003141311260740639,-1.4875129902513613,0.1368793748985483,-0.009839738527387324,0.0004942559138381604,-0.013609772064689857,0.004264289451140693,2.8450000703872167,291,True
INNOVATION,act,dxy,asset_price,b,19,-0.00860624502756532,-0.002536637405182973,0.0036975326911226837,-2.327564283130706,0.019935251854953807,-0.014688145085330104,-0.0025243449698005363,-0.01912572579406839,0.0019132357389377505,2.8450000703872167,290,True
INNOVATION,act,dxy,asset_price,b,20,-0.0034097712954907515,-0.0010050089654149576,0.003280727431868639,-1.0393339179502064,0.2986494655785876,-0.008806087710839072,0.0019865451198575685,-0.012743441070078302,0.0059238984790968,2.8450000703872167,289,True
INNOVATION,act,dxy,asset_price,b,21,-0.0002556037165183569,-7.533761194894448e-05,0.003830464710630157,-0.0667291662572991,0.946797314738075,-0.0065561574887079924,0.006044950055671279,-0.011153276087876904,0.01064206865484019,2.8450000703872167,288,True
INNOVATION,act,dxy,asset_price,b,22,0.002977742041228899,0.0008776710191929049,0.0031676723571481533,0.9400410476510745,0.3471965059950445,-0.0022326153244201603,0.00818809940687796,-0.006034286037821237,0.011989770120279035,2.8450000703872167,287,True
INNOVATION,act,dxy,asset_price,b,23,-0.006283743055167076,-0.0018520943369892406,0.00346916982996237,-1.811310302798072,0.07009283175705933,-0.011990019632491303,-0.0005774664778428499,-0.016153531465595228,0.0035860453552610744,2.8450000703872167,286,True
INNOVATION,act,dxy,asset_price,b,24,-0.003264968353679423,-0.0009623291953871849,0.0033033671381100483,-0.988375865344294,0.3229686029008657,-0.00869852377195204,0.0021685870645931945,-0.012663048094117328,0.006133111386758483,2.8450000703872167,285,True
INNOVATION,act,vix,asset_price,b,0,-0.4815106415111551,-0.14192227857081832,1.1365545382931979,-0.4236581926233437,0.671815109164167,-2.3509764960508774,1.3879552130285675,-3.543646940175628,2.580625657153318,2.694227329612344,309,True
INNOVATION,act,vix,asset_price,b,1,-1.18758257001247,-0.3500326052986172,1.0609434761519443,-1.1193646001951465,0.26298462662444433,-2.932679294751498,0.5575141547265583,-4.04600547863496,1.6708403386100201,2.694227329612344,308,True
INNOVATION,act,vix,asset_price,b,2,-1.283096119835415,-0.378184632391347,1.193703577665013,-1.074886717140667,0.28242544957779026,-3.24656377906266,0.6803715393918299,-4.499204922236524,1.933012682565694,2.694227329612344,307,True
INNOVATION,act,vix,asset_price,b,3,-1.505253687178186,-0.44366419907358334,1.2341481571054094,-1.2196701656214695,0.22258993575333808,-3.535246759588494,0.524739385232122,-4.830329380842288,1.8198220064859165,2.694227329612344,306,True
INNOVATION,act,vix,asset_price,b,4,-0.9114845089298398,-0.2686544122542085,1.1579882636336878,-0.7871275880376057,0.4312071810635678,-2.8162057043349487,0.9932366864752691,-4.031368136182065,2.2083991183223857,2.694227329612344,305,True
INNOVATION,act,vix,asset_price,b,5,-0.22409552752835338,-0.06605076844104732,1.2766083246895308,-0.17553976673530863,0.8606555265158301,-2.3239293605903706,1.875738305533664,-3.663568565117516,3.215377510060809,2.694227329612344,304,True
INNOVATION,act,vix,asset_price,b,6,-0.0894589308845779,-0.026367465669716702,1.1204480935664627,-0.07984210192176242,0.9363628386976275,-1.9324320413982365,1.7535141796290807,-3.1082008059833903,2.9292829442142345,2.694227329612344,303,True
INNOVATION,act,vix,asset_price,b,7,-1.181070815821574,-0.3481133060919274,1.2357771500697732,-0.9557312301452486,0.33920804010335515,-3.213743343217594,0.8516017115744461,-4.5105353868500115,2.1483937552068637,2.694227329612344,302,True
INNOVATION,act,vix,asset_price,b,8,-0.8624561187504969,-0.25420359798544373,1.2452860807612005,-0.6925766954877607,0.488575239483394,-2.9107694452827415,1.1858572077817477,-4.2175399107231675,2.4926276732221737,2.694227329612344,301,True
INNOVATION,act,vix,asset_price,b,9,-0.3405970283217574,-0.1003888640595153,1.49809136309466,-0.22735397634105184,0.8201485047602037,-2.8047380404126834,2.123543983769169,-4.376795721027599,3.6956016643840846,2.694227329612344,300,True
INNOVATION,act,vix,asset_price,b,10,-0.8128642496243931,-0.23958670178793898,1.6830226741713048,-0.48297878697601937,0.6291107983656898,-3.5811901994766293,1.9554617002278434,-5.347309934733974,3.7215814354851875,2.694227329612344,299,True
INNOVATION,act,vix,asset_price,b,11,2.1188060977872407,0.6245049710718447,1.9434464652252073,1.0902312647658718,0.2756112844198563,-1.0778788693244596,5.315491064898941,-3.117280482461018,7.354892678035499,2.694227329612344,298,True
INNOVATION,act,vix,asset_price,b,12,-0.0048454660263907,-0.0014281710930513789,1.6974173244199924,-0.0028546109178226964,0.9977223531149199,-2.796848508548879,2.787157576496097,-4.578073611236196,4.568382679183415,2.694227329612344,297,True
INNOVATION,act,vix,asset_price,b,13,-0.7345684048356589,-0.21650948658835162,1.6926872475753991,-0.43396581730491135,0.6643132637286107,-3.5187911633045585,2.049654353633241,-5.2950526477395945,3.825915838068277,2.694227329612344,296,True
INNOVATION,act,vix,asset_price,b,14,-1.792966500234303,-0.5284657683074339,1.8367844452096165,-0.9761442094691122,0.328993005812395,-4.814208056865389,1.2282750563967826,-6.741681351124898,3.1557483506562924,2.694227329612344,295,True
INNOVATION,act,vix,asset_price,b,15,-0.7199816417268267,-0.2122101285287224,1.8677583161227607,-0.38547901808913965,0.6998825488182632,-3.792170682270124,2.352207398816471,-5.752147142135501,4.312183858681847,2.694227329612344,294,True
INNOVATION,act,vix,asset_price,b,16,-0.04140064596188119,-0.012202583915433166,1.7497666798586922,-0.023660666555397336,0.9811232807568718,-2.9195107156462865,2.836709423722524,-4.755669855282222,4.672868563358461,2.694227329612344,293,True
INNOVATION,act,vix,asset_price,b,17,-1.8581148886535632,-0.5476678521921446,2.083191012793265,-0.8919560795157683,0.37241647418292634,-5.284659181679276,1.5684294043721492,-7.470705048123996,3.754475270816869,2.694227329612344,292,True
INNOVATION,act,vix,asset_price,b,18,-2.3985940893635407,-0.7069707482697127,1.4530650755683419,-1.6507134674786477,0.09879709654344969,-4.788673449108643,-0.008514729618438466,-6.313481727664993,1.5162935489379117,2.694227329612344,291,True
INNOVATION,act,vix,asset_price,b,19,-1.6212421099976584,-0.47785106813781286,1.3692584237375762,-1.1840293124304897,0.23640145968731163,-3.8734717945162664,0.6309875745209494,-5.3103355765333555,2.0678513565380383,2.694227329612344,290,True
INNOVATION,act,vix,asset_price,b,20,-2.8813200717525604,-0.8492512410351031,1.3826998339548036,-2.083836275232201,0.03717506244980929,-5.155658908618317,-0.6069812348868036,-6.606627753044042,0.8439876095389209,2.694227329612344,289,True
INNOVATION,act,vix,asset_price,b,21,-3.9328800324130713,-1.1591920249031629,1.5602627441252972,-2.5206524011556097,0.01171375011633947,-6.499283866084824,-1.3664761987413194,-8.136582559011398,0.27082249418525617,2.694227329612344,288,True
INNOVATION,act,vix,asset_price,b,22,-3.118200963062003,-0.9190704162438064,1.3765545159084258,-2.2652215564482874,0.02349908695494797,-5.382431651250405,-0.8539702748736007,-6.826951760523773,0.5905498343997677,2.694227329612344,287,True
INNOVATION,act,vix,asset_price,b,23,-3.417833746783187,-1.0073853229855767,1.658796878529018,-2.0604293334660975,0.03935751505051178,-6.146311808807424,-0.6893556847589513,-7.887009631191715,1.0513421376253405,2.694227329612344,286,True
INNOVATION,act,vix,asset_price,b,24,-4.312154150573734,-1.2709807215836122,1.5406749386089857,-2.798873430411614,0.005128123429444935,-6.846338911297961,-1.7779693898495075,-8.463082676222884,-0.16122562492458492,2.694227329612344,285,True
INNOVATION,act,us10y,asset_price,b,0,-0.02564117233388762,-0.007557576695359604,0.053370092547415336,-0.4804408444880877,0.6309139570950735,-0.11342716263123946,0.06214481796346423,-0.17579500611187646,0.12451266144410121,2.8134452576522775,309,True
INNOVATION,act,us10y,asset_price,b,1,0.04147148792144161,0.012223464144139396,0.06921041815307545,0.5992087467195685,0.5490336907607372,-0.07236951940047257,0.15531249524335577,-0.1532482348114596,0.23619121065434284,2.8134452576522775,308,True
INNOVATION,act,us10y,asset_price,b,2,0.003759423566846237,0.0011080668062603773,0.04940477340178494,0.0760943388257786,0.939344044046555,-0.07750419715179534,0.0850230442854878,-0.13523820186579097,0.14275704899948347,2.8134452576522775,307,True
INNOVATION,act,us10y,asset_price,b,3,-0.04018353765726613,-0.011843848782775805,0.05799480994053967,-0.692881616449215,0.48838384734502416,-0.1355765111323241,0.05520943581779184,-0.20334876065292262,0.12298168533839038,2.8134452576522775,306,True
INNOVATION,act,us10y,asset_price,b,4,-0.03469231996290578,-0.010225346386097286,0.05257933938427014,-0.659808973813096,0.5093764238478552,-0.1211776370518349,0.05179299712602334,-0.18262141300407023,0.11323677307825866,2.8134452576522775,305,True
INNOVATION,act,us10y,asset_price,b,5,0.08608102124540826,0.02537184773011571,0.06277358970256966,1.37129359103522,0.17028345277220824,-0.01717234545362703,0.18933438794444354,-0.0905290370090962,0.2626910794999127,2.8134452576522775,304,True
INNOVATION,act,us10y,asset_price,b,6,-0.026047082723926175,-0.007677216268161251,0.0595141177967655,-0.4376622503735037,0.6616311382498636,-0.12393909523675306,0.07184492978890072,-0.19348679520259507,0.14139262975474273,2.8134452576522775,303,True
INNOVATION,act,us10y,asset_price,b,7,-0.0443390516875858,-0.01306866079931835,0.05130636671581288,-0.8642017458219329,0.38747707334334835,-0.12873051506579292,0.040052411690621306,-0.18868670581155822,0.10000860243638661,2.8134452576522775,302,True
INNOVATION,act,us10y,asset_price,b,8,-0.05517510394865466,-0.016262520072660564,0.04402064514112644,-1.2533915341714772,0.21006325091742495,-0.1275826217697802,0.017232413872470875,-0.17902477925975063,0.0686745713624413,2.8134452576522775,301,True
INNOVATION,act,us10y,asset_price,b,9,-0.0812325250009007,-0.02394278349904694,0.04523773951781474,-1.795680462082132,0.07254535093435878,-0.1556419849218642,-0.006823065079937171,-0.2085064287142056,0.04604137871240421,2.8134452576522775,300,True
INNOVATION,act,us10y,asset_price,b,10,0.002738553265799237,0.0008071716094373784,0.06153696779171965,0.044502570797252276,0.9645038028090902,-0.09848075139800676,0.10395785792960523,-0.17039233693811534,0.17586944346971384,2.8134452576522775,299,True
INNOVATION,act,us10y,asset_price,b,11,-0.04005330918503217,-0.011805464747365425,0.06228129500119747,-0.6431033456234665,0.5201570437649525,-0.14249692315898643,0.06239030478892208,-0.21527832324659368,0.13517170487652935,2.8134452576522775,298,True
INNOVATION,act,us10y,asset_price,b,12,-0.02111918761423028,-0.006224749713463451,0.04527759615445358,-0.46643791649599226,0.6409020765791462,-0.09559420586852728,0.05335583064006673,-0.1485052257928727,0.10626685056441214,2.8134452576522775,297,True
INNOVATION,act,us10y,asset_price,b,13,0.08788138755123243,0.0259024945452781,0.05158615560703028,1.7035847412373515,0.088458694136636,0.0030297124005256443,0.17273306270193922,-0.05725343730187937,0.23301621240434423,2.8134452576522775,296,True
INNOVATION,act,us10y,asset_price,b,14,0.001524111205500808,0.00044922233577465037,0.0574363612533864,0.026535650452803497,0.9788300986536818,-0.09295029592102683,0.09599851833202844,-0.1600699469796422,0.1631181693906438,2.8134452576522775,295,True
INNOVATION,act,us10y,asset_price,b,15,-0.04436937643479646,-0.013077598830693345,0.050393793207871636,-0.8804531989043811,0.37861384800144926,-0.1272597899686066,0.03852103709901367,-0.18614955495059246,0.09741080208099953,2.8134452576522775,294,True
INNOVATION,act,us10y,asset_price,b,16,0.006699533726807694,0.001974646061583598,0.04991559840850785,0.1342172375051762,0.8932307956813195,-0.07540431935687958,0.08880338681049496,-0.13373526989848428,0.1471343373520997,2.8134452576522775,293,True
INNOVATION,act,us10y,asset_price,b,17,0.027948514331852695,0.00823765145500697,0.043186788654150855,0.6471542618199849,0.5175321098029914,-0.04308743162231403,0.09898446028601941,-0.09355515140039922,0.1494521800641046,2.8134452576522775,292,True
INNOVATION,act,us10y,asset_price,b,18,0.05296220530673328,0.015610281907119468,0.049375236887588,1.0726471131128281,0.28342947773134963,-0.02825283216940396,0.13417724278287052,-0.08595232076010897,0.19187673137357555,2.8134452576522775,291,True
INNOVATION,act,us10y,asset_price,b,19,-0.08315520083094724,-0.024509480288752106,0.054802651580182306,-1.5173572524913697,0.1291765104994756,-0.17329754104916795,0.006987139387273453,-0.23733946102598125,0.07102905936408677,2.8134452576522775,290,True
INNOVATION,act,us10y,asset_price,b,20,-0.011089833337577813,-0.0032686596734398526,0.05313679413323296,-0.208703470325508,0.8346797308714544,-0.09849208189219977,0.07631241521704413,-0.16058729479856745,0.1384076281234118,2.8134452576522775,289,True
INNOVATION,act,us10y,asset_price,b,21,0.12737233667749764,0.03754220714920813,0.07288081601536252,1.7476798922044023,0.0805194725672713,0.007494062119445671,0.24725061123554962,-0.07767384951475217,0.3324185228697475,2.8134452576522775,288,True
INNOVATION,act,us10y,asset_price,b,22,0.003112703893784888,0.0009174501891293622,0.048501079121513115,0.06417803377088611,0.9488284678421766,-0.07666447201029628,0.08288987979786605,-0.13334242715165406,0.13956783493922387,2.8134452576522775,287,True
INNOVATION,act,us10y,asset_price,b,23,-0.0515284623284367,-0.015187695046471553,0.07862089883223881,-0.6554041367345351,0.5122075888001838,-0.18084833292682947,0.07779140826995609,-0.2727240573003585,0.16966713264348507,2.8134452576522775,286,True
INNOVATION,act,us10y,asset_price,b,24,0.09643062543176747,0.028422329447039825,0.048770854176333776,1.9772183009778157,0.048016959821194756,0.016209709050303514,0.17665154181323145,-0.04078350296228955,0.2336447538258245,2.8134452576522775,285,True
INNOVATION,act,ip,real_macro,b,0,0.07107997432390877,0.020950382083239356,0.17751636726639264,0.4004136374492247,0.6888518813475373,-0.22090846621746674,0.3630684148652843,-0.43432490333096374,0.5764848519787813,2.8470888934789262,309,True
INNOVATION,act,ip,real_macro,b,1,0.0024866233634082135,0.0007329168314427583,0.3050168161680922,0.008152414003422868,0.993495386784918,-0.49922139299186863,0.5041946397186851,-0.8659233662730704,0.8708966129998869,2.8470888934789262,308,True
INNOVATION,act,ip,real_macro,b,2,-0.42215670492764445,-0.1244280734673896,0.2287059466549866,-1.8458492710925753,0.06491409417889438,-0.7983445107884691,-0.04596889906681978,-1.0733028655216406,0.22898945566635176,2.8470888934789262,307,True
INNOVATION,act,ip,real_macro,b,3,0.13993787442705669,0.041245821555918466,0.26641009111541325,0.5252724243333309,0.5993938242038312,-0.298267730200603,0.5781434790547164,-0.6185553370983452,0.8984310859524585,2.8470888934789262,306,True
INNOVATION,act,ip,real_macro,b,4,0.16006751845309197,0.04717890942709941,0.3067383266014522,0.5218373596367339,0.6017835752315907,-0.34447213058233195,0.6646071674885159,-0.7132437644182141,1.033378801324398,2.8470888934789262,305,True
INNOVATION,act,ip,real_macro,b,5,0.14270179629233717,0.042060470402891514,0.18585264531728346,0.767822249980461,0.44259279383975814,-0.16299860143632208,0.44840219402099646,-0.38643720601417875,0.671840798598853,2.8470888934789262,304,True
INNOVATION,act,ip,real_macro,b,6,0.14292654125619453,0.0421267125886672,0.15934961742189288,0.8969368334144365,0.3697526241057185,-0.11918025491353545,0.4050333374259245,-0.3107559846857927,0.5966090671981817,2.8470888934789262,303,True
INNOVATION,act,ip,real_macro,b,7,0.03398861591706852,0.010017933978115408,0.19844193175101185,0.17127738889235647,0.8640056587882055,-0.2924193152628398,0.3603965470969769,-0.5309932039717404,0.5989704358058774,2.8470888934789262,302,True
INNOVATION,act,ip,real_macro,b,8,0.18444372492705885,0.05436364527185844,0.2398812067589939,0.7688961024461057,0.44195499137921723,-0.2101257480479683,0.579013197902086,-0.49851939459079464,0.8674068444449123,2.8470888934789262,301,True
INNOVATION,act,ip,real_macro,b,9,0.4601192709819235,0.13561730462936314,0.27113085257716213,1.69703767243153,0.08968953844524416,0.014148704741933471,0.9060898372219135,-0.31181436806998686,1.232052910033834,2.8470888934789262,300,True
INNOVATION,act,ip,real_macro,b,10,-0.2669268472732409,-0.07867503459083063,0.21645292465074956,-1.2331866049115847,0.21750615177190435,-0.6229602254492801,0.08910653090279824,-0.8831875650074208,0.349333870460939,2.8470888934789262,299,True
INNOVATION,act,ip,real_macro,b,11,0.10699230032193942,0.03153531769010999,0.2207436671058985,0.4846902369824791,0.6278960929337067,-0.25609872114376614,0.47008332178764495,-0.5214845426010736,0.7354691432449524,2.8470888934789262,298,True
INNOVATION,act,ip,real_macro,b,12,-0.0648310805564769,-0.01910855935791467,0.20354824820028486,-0.3185047335444775,0.7501021046191361,-0.39963815486833393,0.2699759937553801,-0.6443510372945997,0.5146888761816459,2.8470888934789262,297,True
INNOVATION,act,ip,real_macro,b,13,0.09596421875477348,0.02828485896843962,0.1993152115554527,0.4814696179276547,0.630182767944284,-0.23188012987881287,0.4238085673883598,-0.47150390636615847,0.6634323438757054,2.8470888934789262,296,True
INNOVATION,act,ip,real_macro,b,14,-0.02633111295904338,-0.0077609324203616065,0.21908919992332002,-0.12018444071300238,0.9043370429431907,-0.38670077807881253,0.33403855216072575,-0.6500975407419117,0.5974353148238251,2.8470888934789262,295,True
INNOVATION,act,ip,real_macro,b,15,0.20363813470301428,0.060021078641713625,0.20189803406156773,1.0086187101797925,0.3131575306568469,-0.12845457889752726,0.5357308483035559,-0.3711835156889052,0.7784597850949337,2.8470888934789262,294,True
INNOVATION,act,ip,real_macro,b,16,0.363569748258815,0.10715993094228313,0.2944793954651333,1.2346186315838932,0.21697247154711696,-0.12080575343448641,0.8479452499521164,-0.47483926792835446,1.2019787644459845,2.8470888934789262,293,True
INNOVATION,act,ip,real_macro,b,17,-0.094661264888869,-0.02790082138841547,0.18472626693728603,-0.5124407397947699,0.6083425846429341,-0.39850893505386975,0.20918640527613175,-0.6205933678198394,0.4312708380421015,2.8470888934789262,292,True
INNOVATION,act,ip,real_macro,b,18,0.24078067718131638,0.07096861293480966,0.3820523312174696,0.6302295719909129,0.5285443939563186,-0.38763948550700367,0.8692008398696364,-0.8469562717556736,1.3285176261183063,2.8470888934789262,291,True
INNOVATION,act,ip,real_macro,b,19,0.02814695672708701,0.008296141121628497,0.2070730020446532,0.13592769916484526,0.8918784379290059,-0.3124578217297904,0.3687517351839644,-0.5614082875335841,0.6177022009877581,2.8470888934789262,290,True
INNOVATION,act,ip,real_macro,b,20,-0.42775103866566117,-0.1260769686791199,0.3201387557123036,-1.336142628885784,0.18150265881519978,-0.954332432126775,0.09883035479545271,-1.339214534426324,0.4837124570950016,2.8470888934789262,289,True
INNOVATION,act,ip,real_macro,b,21,0.05849009530015871,0.01723959323675825,0.22302940451124004,0.26225284252691883,0.7931265161135795,-0.3083606296269815,0.4253408202272989,-0.5764944452030115,0.6934746358033289,2.8470888934789262,288,True
INNOVATION,act,ip,real_macro,b,22,0.22751635398450734,0.06705903584657975,0.27389452063322006,0.8306714331433485,0.4061592685549845,-0.2230000416811795,0.6780327496501942,-0.5522856936950681,1.0073184016640828,2.8470888934789262,287,True
INNOVATION,act,ip,real_macro,b,23,0.004002101644235688,0.0011795946661519192,0.253338771044167,0.015797430562012015,0.987395998296345,-0.412703094755191,0.4207072980436624,-0.7172758996832129,0.7252801029716842,2.8470888934789262,286,True
INNOVATION,act,ip,real_macro,b,24,-0.07784204753926191,-0.022943461271632302,0.20473354613707567,-0.38021149444236246,0.7037884274958208,-0.4145987634614674,0.2589146683829435,-0.6607366528686854,0.5050525577901616,2.8470888934789262,285,True
INNOVATION,act,cpi,real_macro,b,0,-0.0038270162555834792,-0.0011279893325210877,0.06211550781118822,-0.06161128501462816,0.9508723898755679,-0.10599793456874892,0.09834390205758198,-0.18005349200522122,0.17239945949405425,2.837076954845339,309,True
INNOVATION,act,cpi,real_macro,b,1,0.04349631732485079,0.012820270066739893,0.0693200064162741,0.6274713401445857,0.5303503170074052,-0.07052494664925699,0.15751758129895857,-0.1531698753884915,0.24016251003819308,2.837076954845339,308,True
INNOVATION,act,cpi,real_macro,b,2,-0.057989709417376356,-0.01709210759775707,0.0666796861084791,-0.8696758008583709,0.3844776004123843,-0.16766803295689392,0.051688614122141194,-0.2471651102320633,0.1311856913973106,2.837076954845339,307,True
INNOVATION,act,cpi,real_macro,b,3,-0.09195378682917006,-0.027102809003461625,0.06370829573214341,-1.4433565640459545,0.1489200533028477,-0.19674460813108313,0.012837034472743022,-0.2726991244833058,0.08879155082496569,2.837076954845339,306,True
INNOVATION,act,cpi,real_macro,b,4,-0.021492566054284366,-0.0063348006955464015,0.04658963395200701,-0.46131648246956225,0.6445715612834704,-0.09812569443858454,0.05514056233001582,-0.15367094287420344,0.11068581076563469,2.837076954845339,305,True
INNOVATION,act,cpi,real_macro,b,5,-0.013312803795185811,-0.003923866444258506,0.04943312547692261,-0.2693093682980003,0.7876916235595053,-0.09462305952744918,0.06799745193707757,-0.15355838489174095,0.12693277730136932,2.837076954845339,304,True
INNOVATION,act,cpi,real_macro,b,6,0.0020834267059704386,0.0006140771145133017,0.05593023631039308,0.03725045419812202,0.9702853098704937,-0.08991362534543255,0.09408047875737342,-0.15659495780929975,0.16076181122124064,2.837076954845339,303,True
INNOVATION,act,cpi,real_macro,b,7,-0.019215362193749745,-0.005663608965197384,0.04785492271860505,-0.4015336584438614,0.6880272624150245,-0.09792970539492968,0.05949898100743018,-0.1549834606146088,0.1165527362271093,2.837076954845339,302,True
INNOVATION,act,cpi,real_macro,b,8,0.016057232168854994,0.004732769705343571,0.053159080277366266,0.30206000715350484,0.7626063189172807,-0.07138167383077539,0.10349613816848537,-0.13475916942683422,0.1668736337645442,2.837076954845339,301,True
INNOVATION,act,cpi,real_macro,b,9,0.011315601762501105,0.003335203518024264,0.04851501769177317,0.23323915564437536,0.8155757023551333,-0.06848450104942683,0.09111570457442905,-0.12632523689474245,0.14895644041974465,2.837076954845339,300,True
INNOVATION,act,cpi,real_macro,b,10,0.05874538881787663,0.017314839419532484,0.0504017409823886,1.1655428497678972,0.24379932589261022,-0.02415809764167392,0.14164887527742717,-0.08424822900734194,0.20173900664309521,2.837076954845339,299,True
INNOVATION,act,cpi,real_macro,b,11,0.015700787784244427,0.00462770993119415,0.051069519345305986,0.3074395057075773,0.7585088620262056,-0.0683010963375505,0.09970267190603935,-0.1291873686453514,0.16058894421384023,2.837076954845339,298,True
INNOVATION,act,cpi,real_macro,b,12,0.017946892182447542,0.005289735287685753,0.05121872008000993,0.3503971234426064,0.7260406848912042,-0.066300405308969,0.10219418967386407,-0.12736455821322284,0.16325834257811794,2.837076954845339,297,True
INNOVATION,act,cpi,real_macro,b,13,0.0052413241524199745,0.001544847823311238,0.05956595469843623,0.0879919440384219,0.9298830790332001,-0.09273595247612995,0.1032186007809699,-0.1637518732158749,0.17423452152071486,2.837076954845339,296,True
INNOVATION,act,cpi,real_macro,b,14,0.04209721640265183,0.012407893737515174,0.06473987060197436,0.6502517847381671,0.515529595899451,-0.06439039456537468,0.14858482737067835,-0.1415747785418789,0.22576921134718253,2.837076954845339,295,True
INNOVATION,act,cpi,real_macro,b,15,0.04323247361641455,0.012742503768220864,0.0593514830568813,0.7284143780363734,0.46635996441735006,-0.054392028554645505,0.1408569757874746,-0.125152251200157,0.2116171984329861,2.837076954845339,294,True
INNOVATION,act,cpi,real_macro,b,16,0.02259904916464097,0.006660929737532065,0.06596028443420826,0.3426160053506481,0.7318873595744515,-0.08589596392171722,0.13109406225099915,-0.16453535373869502,0.20973345206797697,2.837076954845339,293,True
INNOVATION,act,cpi,real_macro,b,17,-0.028669064014927623,-0.008450029010203962,0.05747393008581041,-0.49881857691171977,0.617907199217443,-0.12320526637172821,0.06586713834187297,-0.1917270265657725,0.1343888985359173,2.837076954845339,292,True
INNOVATION,act,cpi,real_macro,b,18,-0.10137596388584412,-0.029879937319430297,0.06100040427812871,-1.661890033115597,0.09653482546785076,-0.20171270010823023,-0.0010392276634580144,-0.2744388050995721,0.07168687732788386,2.837076954845339,291,True
INNOVATION,act,cpi,real_macro,b,19,-0.09696934782081837,-0.028581114533764534,0.061233862292761516,-1.5835902585599466,0.1132869921722962,-0.19769008830531415,0.003751392663677397,-0.27069452738778504,0.0767558317461483,2.837076954845339,290,True
INNOVATION,act,cpi,real_macro,b,20,-0.0030318417421759643,-0.000893616570893094,0.05486821243702493,-0.055256798199062256,0.9559338795930168,-0.0932820199735603,0.08721833648920836,-0.15869718280081782,0.1526334993164659,2.837076954845339,289,True
INNOVATION,act,cpi,real_macro,b,21,0.028113328054607034,0.008286229278748572,0.05473483499758765,0.513627711782562,0.6075123010332382,-0.06191746381176538,0.11814411992097945,-0.127173610944311,0.18340026705352508,2.837076954845339,288,True
INNOVATION,act,cpi,real_macro,b,22,0.08375407720602561,0.02468599539019745,0.05441440522703929,1.5391894270748552,0.12375805803529664,-0.005749654590077105,0.17325780900212834,-0.07062377787522332,0.23813193228727453,2.837076954845339,287,True
INNOVATION,act,cpi,real_macro,b,23,0.03801366197728543,0.011204291368734458,0.057103180230275774,0.6657013116255618,0.505602034990194,-0.055912711134947286,0.13194003508951815,-0.12399245470240994,0.20001977865698078,2.837076954845339,286,True
INNOVATION,act,cpi,real_macro,b,24,-0.002679015202294442,-0.0007896231340645888,0.06473533195875532,-0.041384127048291294,0.9669896667370808,-0.10915916076656067,0.10380113036197179,-0.18633813366674212,0.18098010326215325,2.837076954845339,285,True
INNOVATION,act,infl_exp,real_macro,b,0,-0.1150979046553539,-0.03392439435221951,0.15819786546649703,-0.7275566223093523,0.4668850422725557,-0.3753102374439026,0.14511442813319475,-0.5607074642544824,0.3305116549437746,2.816786170186975,309,True
INNOVATION,act,infl_exp,real_macro,b,1,-0.08080750610045473,-0.023817511811182163,0.10219583781392037,-0.7907123012934263,0.4291118960431467,-0.24890470058802608,0.08728968838711662,-0.3686713287053768,0.20705631650446732,2.816786170186975,308,True
INNOVATION,act,infl_exp,real_macro,b,2,0.09850013897163308,0.029032305742037415,0.14587835155380083,0.6752210860794217,0.49953531184022604,-0.14144839667533815,0.3384486746186043,-0.31240798421478677,0.5094082621580529,2.816786170186975,307,True
INNOVATION,act,infl_exp,real_macro,b,3,-0.026065658902678316,-0.00768269148176685,0.07909193534663697,-0.3295615259437022,0.7417312976692563,-0.1561603156202055,0.10402899781484887,-0.2488507285604077,0.1967194107550511,2.816786170186975,306,True
INNOVATION,act,infl_exp,real_macro,b,4,0.04213900490041381,0.012420210638345898,0.06927951571857346,0.6082462393586935,0.5430241711441419,-0.07181565780272328,0.1560936676035509,-0.15300657685291508,0.2372845866537427,2.816786170186975,305,True
INNOVATION,act,infl_exp,real_macro,b,5,0.06173514380010271,0.01819605117866274,0.07352275586511568,0.8396739631653847,0.4010912163697893,-0.05919902784810044,0.18266931544830586,-0.14536273811478845,0.2688330257149939,2.816786170186975,304,True
INNOVATION,act,infl_exp,real_macro,b,6,-0.00564992564354878,-0.0016652805814875507,0.056115507453798466,-0.10068385549574739,0.919801427689364,-0.09795172160715156,0.08665187032005399,-0.16371531097243242,0.15241545968533488,2.816786170186975,303,True
INNOVATION,act,infl_exp,real_macro,b,7,0.0521128857745551,0.015359950236643528,0.06802280761721276,0.7661090096105979,0.4436114425843738,-0.05977467605003954,0.16400044759914972,-0.139492817978899,0.24371858952800923,2.816786170186975,302,True
INNOVATION,act,infl_exp,real_macro,b,8,-0.07906735905582034,-0.023304614250190113,0.07714108178545366,-1.0249708355882807,0.30537694896592427,-0.20595314721758395,0.047818429105943264,-0.29635729138234856,0.13822257327070792,2.816786170186975,301,True
INNOVATION,act,infl_exp,real_macro,b,9,0.032707628139863706,0.009640370766653002,0.08310541289614351,0.39356796386702625,0.6939000372736406,-0.10398861168165759,0.169403867961385,-0.20138254957367163,0.266797805853399,2.816786170186975,300,True
INNOVATION,act,infl_exp,real_macro,b,10,-0.022318969648346596,-0.006578378035229575,0.08700929868088181,-0.2565124646068507,0.7975551569770027,-0.16543653016209897,0.12079859086540579,-0.2674055588503223,0.22276761955362911,2.816786170186975,299,True
INNOVATION,act,infl_exp,real_macro,b,11,-0.03194161070592086,-0.009414591873565711,0.07931161843538566,-0.40273558068851356,0.6871427558857421,-0.1623976139487562,0.09851439253691449,-0.2553454806498615,0.1914622592380198,2.816786170186975,298,True
INNOVATION,act,infl_exp,real_macro,b,12,0.06221498681265599,0.018337481933929378,0.0982821791438105,0.63302408793379,0.5267179130190955,-0.09944481201673505,0.22387478564204705,-0.21462489617546818,0.33905486980078015,2.816786170186975,297,True
INNOVATION,act,infl_exp,real_macro,b,13,0.0242895354696567,0.007159190103175589,0.08725066824413273,0.27838795918093245,0.7807145615204937,-0.11922504264564465,0.16780411358495806,-0.22147694017998826,0.27005601111930166,2.816786170186975,296,True
INNOVATION,act,infl_exp,real_macro,b,14,0.045068856682097966,0.013283766300223735,0.08193217641299935,0.5500751799258605,0.5822678096556166,-0.08969758085485187,0.17983529421904781,-0.1857165647313581,0.275854278095554,2.816786170186975,295,True
INNOVATION,act,infl_exp,real_macro,b,15,0.016603607623288753,0.004893810485678244,0.08047290316064662,0.2063254458478187,0.8365367032134238,-0.11576253901181544,0.14896975425839293,-0.21007135307441638,0.24327856832099387,2.816786170186975,294,True
INNOVATION,act,infl_exp,real_macro,b,16,-0.0496518210522415,-0.014634566656324646,0.08248900054144444,-0.6019205072959424,0.5472270528700507,-0.18533415277643833,0.08603051067195533,-0.2820056969699281,0.1827020548654451,2.816786170186975,293,True
INNOVATION,act,infl_exp,real_macro,b,17,0.158009561480004,0.04657233935856525,0.09319943170747726,1.6953918986968148,0.09000110172656037,0.004710138206143993,0.31130898475386404,-0.10451330882290338,0.4205324317829114,2.816786170186975,292,True
INNOVATION,act,infl_exp,real_macro,b,18,-0.05573316362766735,-0.016427004705804743,0.08826412601547877,-0.631436192070757,0.5277553579494794,-0.2009147314339294,0.08944840417859469,-0.30435433311170834,0.19288800585637367,2.816786170186975,291,True
INNOVATION,act,infl_exp,real_macro,b,19,-0.17877775313804603,-0.05269363518840311,0.09067244418095365,-1.9716878126860895,0.048645255758815904,-0.32792065181364255,-0.02963485446244951,-0.43418263992400674,0.07662713364791465,2.816786170186975,290,True
INNOVATION,act,infl_exp,real_macro,b,20,0.006096930390303989,0.0017970324613470973,0.08979339843345208,0.06789953935001761,0.9458656054539534,-0.14160006669925831,0.15379392747986628,-0.24683187249113261,0.2590257332717406,2.816786170186975,289,True
INNOVATION,act,infl_exp,real_macro,b,21,0.004352884111244345,0.0012829856251644171,0.07606407076565849,0.05722654687592122,0.9543647314583018,-0.12076137856834246,0.12946714679083116,-0.2099033384695859,0.2186091066920746,2.816786170186975,288,True
INNOVATION,act,infl_exp,real_macro,b,22,0.01449178791126586,0.004271364708528967,0.08473949126392002,0.17101575304637337,0.8642113789292117,-0.12489227164021559,0.1538758474627473,-0.2242012391496241,0.2531848149721558,2.816786170186975,287,True
INNOVATION,act,infl_exp,real_macro,b,23,0.04416943890569801,0.013018668482627893,0.07426631464709015,0.5947439174219025,0.5520146606823804,-0.07798777810188746,0.1663266559132835,-0.1650228891029799,0.2533617669143759,2.816786170186975,286,True
INNOVATION,act,infl_exp,real_macro,b,24,0.06882121488574222,0.020284626732117984,0.0831468842629166,0.8277064798739114,0.40783674851207263,-0.06794323926383042,0.20558566903531486,-0.1653857788001783,0.30302820857166274,2.816786170186975,285,True
INNOVATION,act,freight,physical_channel,b,0,-0.003189850408290668,-0.0009401886463482839,0.005178754027913782,-0.6159493946028699,0.5379279197466602,-0.011708142754194198,0.005328441937612862,-0.017708182922279377,0.011328482105698041,2.8034412207519535,309,True
INNOVATION,act,freight,physical_channel,b,1,0.007037271066386443,0.002074192050102217,0.009133000609369873,0.7705322015599839,0.4409842609942123,-0.007985178110885598,0.022059720243658484,-0.018566559311073767,0.03264110144384665,2.8034412207519535,308,True
INNOVATION,act,freight,physical_channel,b,2,0.006297072894299984,0.0018560232244937567,0.00527267009636566,1.1942853960539694,0.23236634828872327,-0.0023756976374256413,0.014969843426025609,-0.008484547797277683,0.02107869358587765,2.8034412207519535,307,True
INNOVATION,act,freight,physical_channel,b,3,0.0010016353025130622,0.00029522580016818056,0.004723435716689346,0.21205651195251324,0.8320629465347391,-0.006767725067755534,0.008770995672781659,-0.012240239089225896,0.01424350969425202,2.8034412207519535,306,True
INNOVATION,act,freight,physical_channel,b,4,0.0005435065054377928,0.00016019517539158563,0.005007835247666091,0.10853122727851217,0.9135743110204818,-0.0076936494648612,0.008780662475736787,-0.013495665254603894,0.01458267826547948,2.8034412207519535,305,True
INNOVATION,act,freight,physical_channel,b,5,-0.008781169476451332,-0.0025881953028147587,0.005117820927358978,-1.715802409089527,0.08619821310573311,-0.017199235790905893,-0.0003631031619967702,-0.02312867962463648,0.005566340671733817,2.8034412207519535,304,True
INNOVATION,act,freight,physical_channel,b,6,0.005045870061697396,0.0014872389409316508,0.004734929628064429,1.0656694941757932,0.28657307235765506,-0.002742396110384365,0.012834136233779159,-0.00822822683497814,0.018319966958372933,2.8034412207519535,303,True
INNOVATION,act,freight,physical_channel,b,7,0.004869829764543111,0.001435352153935602,0.006381270169809326,0.7631442698638511,0.4453773608159286,-0.005626425618824995,0.015366085147911216,-0.013019686070255169,0.022759345599341393,2.8034412207519535,302,True
INNOVATION,act,freight,physical_channel,b,8,0.006627194406695905,0.001953324495131175,0.005680089982168424,1.1667410952116493,0.24331494151773658,-0.00271572220188455,0.01597011101527636,-0.009296603986895281,0.022550992800287092,2.8034412207519535,301,True
INNOVATION,act,freight,physical_channel,b,9,-0.008979749172879591,-0.0026467254381126034,0.005468203602660019,-1.6421753514282778,0.1005536693251927,-0.017974143701624028,1.4645355864846901e-05,-0.024309536556041025,0.006350038210281841,2.8034412207519535,300,True
INNOVATION,act,freight,physical_channel,b,10,-0.003655384697995975,-0.0010774019941996917,0.005010853768696164,-0.729493389097067,0.4656999102136159,-0.011897505693559313,0.004586736297567364,-0.017703018704319076,0.010392249308327125,2.8034412207519535,299,True
INNOVATION,act,freight,physical_channel,b,11,0.006118582437349838,0.0018034142680769037,0.006907929228853425,0.8857332254930176,0.3757612997607238,-0.005243950009453805,0.01748111488415348,-0.013247391112855108,0.025484555987554783,2.8034412207519535,298,True
INNOVATION,act,freight,physical_channel,b,12,0.0020669902390611783,0.0006092325677176272,0.004570593023563745,0.45223677286618746,0.6510984194902805,-0.0054509662730667435,0.009584946751189101,-0.010746398646478729,0.014880379124601086,2.8034412207519535,297,True
INNOVATION,act,freight,physical_channel,b,13,0.00382414295791792,0.0011271424458345783,0.005157564017023418,0.7414630134101458,0.45841274983030067,-0.004659294921717454,0.012307580837553293,-0.010634784606072561,0.0182830705219084,2.8034412207519535,296,True
INNOVATION,act,freight,physical_channel,b,14,0.009980719923446167,0.002941755365711534,0.006321274639940249,1.5789093959601332,0.11435684053156173,-0.0004168515950159126,0.020378291441908246,-0.0077406019698562905,0.027702041816748624,2.8034412207519535,295,True
INNOVATION,act,freight,physical_channel,b,15,0.00823253093444586,0.0024264874914384144,0.005721492352075613,1.4388782555060664,0.15018501933513936,-0.0011784865124408236,0.017643548381332544,-0.007807336569579965,0.024272398438471683,2.8034412207519535,294,True
INNOVATION,act,freight,physical_channel,b,16,-0.008143443606535246,-0.00240022955344315,0.005789790799334576,-1.406517763555667,0.15957043358320722,-0.017666802002110987,0.0013799147890404956,-0.0243747817929202,0.008087894579849708,2.8034412207519535,293,True
INNOVATION,act,freight,physical_channel,b,17,-0.004455627321918812,-0.0013132685500045406,0.005711669593744389,-0.7800919238743719,0.43533676979408975,-0.01385048776913771,0.004939233125300087,-0.020467957300337396,0.011556702656499773,2.8034412207519535,292,True
INNOVATION,act,freight,physical_channel,b,18,-0.0032951571339611854,-0.0009712271513522189,0.00630304824780514,-0.5227878646032309,0.6011218854920766,-0.013662748905213592,0.0070724346372912205,-0.020965382408246486,0.014375068140324115,2.8034412207519535,291,True
INNOVATION,act,freight,physical_channel,b,19,0.009303752295480682,0.0027422233512621338,0.010457778448560056,0.8896490149647153,0.37365437860996475,-0.007897762515488268,0.026505267106449633,-0.020014014884703994,0.038621519475665354,2.8034412207519535,290,True
INNOVATION,act,freight,physical_channel,b,20,-0.0017808019767627987,-0.0005248803503748499,0.00541374309677852,-0.3289409831475889,0.7422002963761913,-0.010685616944882442,0.007124012991356844,-0.016957912532833033,0.013396308579307434,2.8034412207519535,289,True
INNOVATION,act,freight,physical_channel,b,21,0.00267668274502078,0.0007889356567330219,0.005164226306913613,0.518312441388823,0.6042402938449805,-0.005817713626304282,0.011171079116345843,-0.011800922157072471,0.01715428764711403,2.8034412207519535,288,True
INNOVATION,act,freight,physical_channel,b,22,-4.1641954316587725e-05,-1.227370805804951e-05,0.0044576887124149695,-0.009341602117844617,0.9925465883014866,-0.007373887400752988,0.0072906034921198124,-0.012538510239981414,0.012455226331348239,2.8034412207519535,287,True
INNOVATION,act,freight,physical_channel,b,23,-0.003617990527152848,-0.0010663802940049307,0.004897817563130191,-0.7386944247144627,0.46009257200920006,-0.011674183510014164,0.004438202455708469,-0.01734873417535491,0.010112753121049214,2.8034412207519535,286,True
INNOVATION,act,freight,physical_channel,b,24,0.003127297201984149,0.0009217514763138476,0.006008541368996087,0.5204752717724336,0.602732358728276,-0.006755873861497029,0.013010468265465328,-0.013717295348452854,0.019971889752421153,2.8034412207519535,285,True
INNOVATION,threat,oil,asset_price,a,0,0.029742927615547258,0.006961918890778375,0.04770345778897068,0.6234962619926474,0.5329584578916255,-0.04872227794676762,0.10820813317786213,-0.10570400697000304,0.16518986220109755,2.83935255143845,309,True
INNOVATION,threat,oil,asset_price,a,1,-0.036576556153712435,-0.008561464444173926,0.06631145425393535,-0.5515873021521277,0.581231138088217,-0.14564919219172462,0.07249607988429976,-0.22485815297921782,0.15170504067179294,2.83935255143845,308,True
INNOVATION,threat,oil,asset_price,a,2,0.01155496680167447,0.002704667902861193,0.031786854787001724,0.3635140022220608,0.7162209550359511,-0.04072975658410508,0.06383969018745403,-0.07869912044000238,0.10180905404335133,2.83935255143845,307,True
INNOVATION,threat,oil,asset_price,a,3,-0.0025259283589339036,-0.0005912433566096751,0.0448592405988012,-0.05630787158268136,0.9550965481694653,-0.07631281296016079,0.07126095624229298,-0.12989712760873137,0.12484527089086357,2.83935255143845,306,True
INNOVATION,threat,oil,asset_price,a,4,0.006517652133249047,0.0015255850431572797,0.02891321449219398,0.22542122167041265,0.8216516039497754,-0.04104035359106208,0.05407565785756018,-0.0755771572054491,0.0886124614719472,2.83935255143845,305,True
INNOVATION,threat,oil,asset_price,a,5,-0.048064288715072456,-0.011250394846887096,0.0369716181591172,-1.3000320545401878,0.19358998311728226,-0.10887718893836129,0.012748611508216386,-0.15303974706597,0.0569111696358251,2.83935255143845,304,True
INNOVATION,threat,oil,asset_price,a,6,0.007941741372511305,0.0018589212199158734,0.03212373734734378,0.24722345618256605,0.8047352932095604,-0.04489710451450357,0.06078058725952619,-0.08326887422640787,0.09915235697143047,2.83935255143845,303,True
INNOVATION,threat,oil,asset_price,a,7,-0.006084696248161962,-0.0014242431781525094,0.030429024587890104,-0.1999635653974758,0.8415090761958581,-0.05613598770614853,0.0439665952098246,-0.09248342484957106,0.08031403235324713,2.83935255143845,302,True
INNOVATION,threat,oil,asset_price,a,8,-0.0018646465621203485,-0.0004364573082128234,0.032660878793900644,-0.05709113260199746,0.9544726000621558,-0.055587011505690245,0.05185771838144955,-0.0946003960978041,0.0908711029735634,2.83935255143845,301,True
INNOVATION,threat,oil,asset_price,a,9,-0.00885249200968847,-0.002072100371198809,0.03932975561329921,-0.22508382957495504,0.8219140603659779,-0.07354418317733871,0.05583919915796177,-0.12052353395776029,0.10281854993838334,2.83935255143845,300,True
INNOVATION,threat,oil,asset_price,a,10,0.05596193147595474,0.013098993916901468,0.025754494971901007,2.1728995865386227,0.029787875609091078,0.013599557011119916,0.09832430594078956,-0.017164159533521114,0.1290880224854306,2.83935255143845,299,True
INNOVATION,threat,oil,asset_price,a,11,-0.0010350373810332127,-0.0002422709152514714,0.03359186287518174,-0.03081214593186246,0.9754193539670661,-0.05628873486733241,0.05421866010526598,-0.09641417894325102,0.09434410418118461,2.83935255143845,298,True
INNOVATION,threat,oil,asset_price,a,12,-0.015405883426504638,-0.0036060508986360813,0.027905061477613347,-0.5520820457200536,0.5808921423721514,-0.06130562500826076,0.030493858155251484,-0.09463819093101289,0.06382642407800362,2.83935255143845,297,True
INNOVATION,threat,oil,asset_price,a,13,-0.004516946281863051,-0.0010572803745081134,0.030443550431155996,-0.14837120565413417,0.8820498230928181,-0.05459213062583004,0.04555823806210395,-0.09095691887341095,0.08192302630968484,2.83935255143845,296,True
INNOVATION,threat,oil,asset_price,a,14,-0.01942541965088737,-0.004546902637725493,0.0280818954003103,-0.6917417565294657,0.48909951904338633,-0.06561602715175963,0.02676518784998489,-0.09915982100498609,0.06030898170321135,2.83935255143845,295,True
INNOVATION,threat,oil,asset_price,a,15,-0.016841148630303948,-0.003942003030341642,0.027520534284926155,-0.6119484620445165,0.5405718566616651,-0.06210839926450708,0.02842610200389918,-0.09498164786915836,0.06129935060855046,2.83935255143845,294,True
INNOVATION,threat,oil,asset_price,a,16,0.0025741058909733595,0.0006025202582903706,0.02875328117667723,0.08952390077349867,0.9286655597721039,-0.04472083293923968,0.0498690447211864,-0.07906659638025229,0.084214808162199,2.83935255143845,293,True
INNOVATION,threat,oil,asset_price,a,17,0.013773453613404133,0.003223948501031026,0.049691124357500484,0.2771813637041428,0.7816408488240867,-0.06796117251332717,0.09550807974013545,-0.12731716711491017,0.15486407434171842,2.83935255143845,292,True
INNOVATION,threat,oil,asset_price,a,18,-0.010484381861322249,-0.0024540763801717807,0.03155282520495659,-0.3322802884755711,0.739677622661431,-0.06238416084026093,0.04141539711761643,-0.10007397661210718,0.07910521288946268,2.83935255143845,291,True
INNOVATION,threat,oil,asset_price,a,19,0.027418180926649646,0.006417766072370187,0.03021601773381376,0.9074055081708154,0.3641923976968845,-0.022282745434843924,0.07711910728814322,-0.0583757461201639,0.11321210797346319,2.83935255143845,290,True
INNOVATION,threat,oil,asset_price,a,20,0.034625400086174575,0.008104757879809087,0.03058152939520176,1.132232454391483,0.2575367190215161,-0.015676739457246104,0.08492753962959526,-0.0522063434289815,0.12145714360133064,2.83935255143845,289,True
INNOVATION,threat,oil,asset_price,a,21,-0.031598692088354294,-0.007396297170787276,0.032823415869283154,-0.9626874976752501,0.33570437273169496,-0.08558840672988119,0.02239102255317261,-0.12479594168372872,0.06159855750702013,2.83935255143845,288,True
INNOVATION,threat,oil,asset_price,a,22,-0.01982466611150709,-0.004640354147011752,0.028071240169031092,-0.706226942312943,0.48004701804509775,-0.06599774731656374,0.02634841509354956,-0.09952881350748702,0.059879481284472846,2.83935255143845,287,True
INNOVATION,threat,oil,asset_price,a,23,-0.03424919255598859,-0.008016699086636159,0.056433483753557875,-0.6068948836395262,0.5439206737589248,-0.12707401298953525,0.05857562787755805,-0.19448374863821347,0.12598536352623627,2.83935255143845,286,True
INNOVATION,threat,oil,asset_price,a,24,0.07056012477034655,0.01651598900834417,0.04035147123372973,1.7486382184589457,0.08035357559235722,0.004187860958718204,0.1369323885819749,-0.044011928031439176,0.1851321775721323,2.83935255143845,285,True
INNOVATION,threat,dxy,asset_price,a,0,-0.0028789282589951055,-0.0006738699461789663,0.004533177581288908,-0.6350795236608725,0.5253765509676959,-0.010335341845193267,0.004577485327203057,-0.015746150832136187,0.009988294314145977,2.8384554415542165,309,True
INNOVATION,threat,dxy,asset_price,a,1,2.9287008853804428e-05,6.855202111547182e-06,0.004646003106586526,0.00630369980000335,0.9949704085634999,-0.0076127080518428505,0.007671282069550459,-0.013158185790514516,0.013216759808222124,2.8384554415542165,308,True
INNOVATION,threat,dxy,asset_price,a,2,-0.0025927262886880687,-0.0006068787296647916,0.004417852868323497,-0.5868747479750194,0.5572878304559796,-0.009859447602487938,0.0046739950251118,-0.015132604802766802,0.009947152225390665,2.8384554415542165,307,True
INNOVATION,threat,dxy,asset_price,a,3,0.002285357761814492,0.0005349330630736752,0.004498679303455521,0.5080063742394496,0.6114488729832575,-0.005114311206965845,0.009685026730594829,-0.010483942986886164,0.015054658510515148,2.8384554415542165,306,True
INNOVATION,threat,dxy,asset_price,a,4,0.0033174612845801484,0.0007765172509269637,0.004181482151919965,0.7933697105599044,0.4275624526761277,-0.0035604647990382524,0.010195387368198548,-0.00855148948329891,0.015186412052459207,2.8384554415542165,305,True
INNOVATION,threat,dxy,asset_price,a,5,0.0028537308938673188,0.000667972005850144,0.004963169493933311,0.5749815510744803,0.5653037742518459,-0.00530995644940379,0.011017418237138428,-0.011234004563543573,0.01694146635127821,2.8384554415542165,304,True
INNOVATION,threat,dxy,asset_price,a,6,-0.004058221923347785,-0.0009499068900116425,0.004789261819783493,-0.8473585441881822,0.39679530399913976,-0.011935856598038874,0.003819412751343302,-0.01765232819674009,0.009535884350044519,2.8384554415542165,303,True
INNOVATION,threat,dxy,asset_price,a,7,-0.005626360318935183,-0.001316960613192817,0.004752865910328929,-1.183782674513913,0.23649910222974158,-0.013444129049953731,0.0021914084120833654,-0.019117158425085864,0.0078644377872155,2.8384554415542165,302,True
INNOVATION,threat,dxy,asset_price,a,8,-0.006629947777505901,-0.0015518700537389303,0.0048841579697757615,-1.3574392594452247,0.17464168097777955,-0.014663672728695502,0.0014037771736836986,-0.020493412544226305,0.0072335169892145034,2.8384554415542165,301,True
INNOVATION,threat,dxy,asset_price,a,9,0.0019178129020475058,0.000448901938784393,0.004737214588631469,0.40483977792560616,0.685595287521364,-0.005874211695710393,0.009709837499805404,-0.011528559624863507,0.015364185428958519,2.8384554415542165,300,True
INNOVATION,threat,dxy,asset_price,a,10,-0.00569518198840259,-0.0013330696824462955,0.004064442012979321,-1.4012211197049167,0.16114796063201065,-0.01238059417498557,0.0009902301981803887,-0.01723191953702532,0.005841555560220137,2.8384554415542165,299,True
INNOVATION,threat,dxy,asset_price,a,11,-0.002857024506345973,-0.0006687429408176238,0.004597427042417702,-0.6214398793033411,0.5343102399337041,-0.01041911905171151,0.004705070039019562,-0.015906616312045006,0.01019256729935306,2.8384554415542165,298,True
INNOVATION,threat,dxy,asset_price,a,12,0.0028267080448931975,0.0006616467750192272,0.004427834715124808,0.6383951133581374,0.5232165111319445,-0.004456431945821481,0.010109848035607875,-0.009741503496555478,0.015394919586341873,2.8384554415542165,297,True
INNOVATION,threat,dxy,asset_price,a,13,0.0002716855112135768,6.359335292467572e-05,0.0046347096510188195,0.05861974787435797,0.9532549812000877,-0.007351733468131721,0.007895104490558875,-0.012883731317744635,0.01342710234017179,2.8384554415542165,296,True
INNOVATION,threat,dxy,asset_price,a,14,-0.0010841591273816286,-0.000253768828915905,0.004713648434497367,-0.23000424033474537,0.8180884747350753,-0.008837420851038752,0.006669102596275494,-0.014463640175854194,0.012295321921090936,2.8384554415542165,295,True
INNOVATION,threat,dxy,asset_price,a,15,0.005186783243201418,0.0012140689279135127,0.004417972638638392,1.1740188696143603,0.24038746758146567,-0.002080135075235308,0.012453701561638143,-0.007353435233579366,0.0177270017199822,2.8384554415542165,294,True
INNOVATION,threat,dxy,asset_price,a,16,0.005077855609851419,0.0011885722667189797,0.004239108154394055,1.1978594140345202,0.23097175234794265,-0.0018948568129432035,0.012050568032646043,-0.006954663998325237,0.017110375218028075,2.8384554415542165,293,True
INNOVATION,threat,dxy,asset_price,a,17,-0.0025455440521452996,-0.0005958347965274036,0.004741718013014294,-0.5368400324858428,0.5913781165213887,-0.01034497612383299,0.00525388801954239,-0.01600469934850137,0.01091361124421077,2.8384554415542165,292,True
INNOVATION,threat,dxy,asset_price,a,18,-0.011145704463865808,-0.002608871979954637,0.00447405409698059,-2.4911867899379496,0.012731716584715239,-0.018504868572461426,-0.0037865403552701906,-0.0238451076612483,0.001553698733516684,2.8384554415542165,291,True
INNOVATION,threat,dxy,asset_price,a,19,-0.0020696685019352813,-0.0004844467373057249,0.005024006146906307,-0.4119558060671853,0.6803718159355993,-0.010333423234500611,0.006194086230630048,-0.01633008608802332,0.012190749084152757,2.8384554415542165,290,True
INNOVATION,threat,dxy,asset_price,a,20,-0.0003754549674248596,-8.788264101430874e-05,0.0044359499284095365,-0.08463913558182905,0.9325482849883759,-0.007671943296144409,0.0069210333612946895,-0.012966701180180945,0.012215791245331226,2.8384554415542165,289,True
INNOVATION,threat,dxy,asset_price,a,21,-0.0006817475348346092,-0.00015957645806950348,0.005178030658262968,-0.13166154853615902,0.8952520005058712,-0.009198850043544371,0.007835354973875153,-0.015379356833315691,0.014015861763646473,2.8384554415542165,288,True
INNOVATION,threat,dxy,asset_price,a,22,-0.0006270439959528344,-0.00014677201576119542,0.004388925032257527,-0.14286960732849485,0.8863931621322978,-0.007846183253679735,0.006592095261774065,-0.013084812136337727,0.011830724144432057,2.8384554415542165,287,True
INNOVATION,threat,dxy,asset_price,a,23,-0.006483347306337537,-0.0015175553217523403,0.005398987246671053,-1.2008450863326425,0.22981129888253782,-0.015363891060889163,0.002397196448214088,-0.021808132035532807,0.00884143742285773,2.8384554415542165,286,True
INNOVATION,threat,dxy,asset_price,a,24,-0.0020633437765405784,-0.0004829663105712245,0.004599718549549905,-0.4485804412407977,0.6537343456481901,-0.009629207515723704,0.005502519962642548,-0.015119439923128374,0.010992752370047217,2.8384554415542165,285,True
INNOVATION,threat,vix,asset_price,a,0,0.019903537083811398,0.004658815453817757,1.6452182446062442,0.012097809606150447,0.9903475799461635,-2.686239659683504,2.7260467338511267,-4.44582629533627,4.485633369503893,2.7143692619874153,309,True
INNOVATION,threat,vix,asset_price,a,1,-0.6289591134414803,-0.14722028678530583,2.0987111445226208,-0.29968827062408593,0.7644149463084111,-4.081031751432988,2.8231135245500276,-6.32563613392411,5.06771790704115,2.7143692619874153,308,True
INNOVATION,threat,vix,asset_price,a,2,-2.625851427608992,-0.6146323218260653,1.5927307601753902,-1.64864740059383,0.0992198918738753,-5.245660395240658,-0.006042459977326331,-6.949110845650921,1.697407990432937,2.7143692619874153,307,True
INNOVATION,threat,vix,asset_price,a,3,-2.3508031730264776,-0.5502518524854249,1.655012540180842,-1.420414115272871,0.15548715583819575,-5.073056552393105,0.3714502063401497,-6.8431183402970674,2.1415119942441123,2.7143692619874153,306,True
INNOVATION,threat,vix,asset_price,a,4,-1.8473486476655478,-0.4324083901315046,1.6246168753716983,-1.1370980294925783,0.2554973076030427,-4.519605607527254,0.8249083121961578,-6.257158756680526,2.5624614613494296,2.7143692619874153,305,True
INNOVATION,threat,vix,asset_price,a,5,-0.8222163115634604,-0.19245594602421082,1.574593503125821,-0.5221768729079785,0.6015471868904559,-3.412192146154191,1.7677595230272702,-5.0962445165732735,3.4518118934463526,2.7143692619874153,304,True
INNOVATION,threat,vix,asset_price,a,6,-0.4930083035565712,-0.1153983180877919,1.5023991010077207,-0.32814736325779903,0.7428002441486157,-2.9642349139777515,1.9782183068646093,-4.571074242569455,3.585057635456312,2.7143692619874153,303,True
INNOVATION,threat,vix,asset_price,a,7,-2.2523465440774157,-0.5272061364125883,1.5597429259858893,-1.4440498536986424,0.1487249523615077,-4.8178953529972075,0.313202264842376,-6.486064798975827,1.9813717108209947,2.7143692619874153,302,True
INNOVATION,threat,vix,asset_price,a,8,0.1690737895783509,0.03957505544900447,1.8962952201325864,0.08916005682202241,0.9289547089433065,-2.9500542810274744,3.288201860184176,-4.978171667603201,5.316319246759903,2.7143692619874153,301,True
INNOVATION,threat,vix,asset_price,a,9,-1.2033703777181692,-0.28167257351155955,1.9002442222175207,-0.6332714309289554,0.526556406320215,-4.3289939787262375,1.922253223289899,-6.361334884774591,3.9545941293382523,2.7143692619874153,300,True
INNOVATION,threat,vix,asset_price,a,10,-2.2060620179590624,-0.5163723301074667,1.9818803189318608,-1.1131156593492109,0.26565875909767356,-5.465965048737874,1.053841012819749,-7.585617036605521,3.173493000687396,2.7143692619874153,299,True
INNOVATION,threat,vix,asset_price,a,11,0.15440869796509943,0.036142401486456324,2.3486710122767134,0.06574300834727016,0.9475824307488736,-3.708811335094038,4.017628731024237,-6.220751704279679,6.529569100209877,2.7143692619874153,298,True
INNOVATION,threat,vix,asset_price,a,12,-0.39357443332390946,-0.09212385941634224,1.8485195067779097,-0.21291332435541102,0.8313945693294162,-3.4341184485381007,2.646969581890282,-5.411138962706005,4.623990096058186,2.7143692619874153,297,True
INNOVATION,threat,vix,asset_price,a,13,-1.9699641551051976,-0.46110896825146946,1.8554628659187296,-1.0617103641843961,0.28836719280875645,-5.021928979785393,1.082000669574998,-7.006375525114073,3.0664472149036786,2.7143692619874153,296,True
INNOVATION,threat,vix,asset_price,a,14,-1.5459024435864521,-0.36184896000887323,1.7015376809095504,-0.9085325943296748,0.36359690108460796,-4.344682869425123,1.2528779822522187,-6.164504022760687,3.072699135587783,2.7143692619874153,295,True
INNOVATION,threat,vix,asset_price,a,15,0.4802069964223276,0.11240191964589943,1.6849248320898433,0.2850020293348743,0.7756425871918119,-2.2912477247812513,3.2516617176259066,-4.09330117656165,5.053715169406305,2.7143692619874153,294,True
INNOVATION,threat,vix,asset_price,a,16,-0.07434930862145896,-0.017402922230744994,1.8772699557160153,-0.03960501705952097,0.9684080275439344,-3.1621836040479763,3.0134849868050586,-5.169953172869487,5.0212545556265695,2.7143692619874153,293,True
INNOVATION,threat,vix,asset_price,a,17,-1.3574969364541274,-0.3177489347462096,2.0748353359243703,-0.6542673112174187,0.5129396021321573,-4.770297364076404,2.055303491168149,-6.989366195972572,4.274372323064316,2.7143692619874153,292,True
INNOVATION,threat,vix,asset_price,a,18,-3.1908666198760507,-0.7468852725599614,1.6574824967156407,-1.9251283957440661,0.054213297310145465,-5.917182716207353,-0.4645505235447476,-7.689886161243143,1.3081529214910415,2.7143692619874153,291,True
INNOVATION,threat,vix,asset_price,a,19,-2.518122488429185,-0.5894162386464332,1.4948109892122716,-1.6845758471150745,0.09207043452857822,-4.976867765641908,-0.05937721121646211,-6.5755914900279775,1.5393465131696074,2.7143692619874153,290,True
INNOVATION,threat,vix,asset_price,a,20,-2.6194487330544143,-0.6131336448717463,1.5097924475552154,-1.7349727356869806,0.08274563449532679,-5.10283631635955,-0.13606114974927808,-6.717582944679037,1.4786854785702093,2.7143692619874153,289,True
INNOVATION,threat,vix,asset_price,a,21,-3.1714926619530455,-0.7423504155547347,1.8271160482710784,-1.735791585298642,0.08260069251528185,-6.17683112081297,-0.16615420309312112,-8.130960301463976,1.7879749775578841,2.7143692619874153,288,True
INNOVATION,threat,vix,asset_price,a,22,-2.088235028083419,-0.4887925989773677,1.8764571709569258,-1.1128604800601414,0.26576835542003385,-5.174732411551018,0.998262355384179,-7.1816326943647635,3.005162638197925,2.7143692619874153,287,True
INNOVATION,threat,vix,asset_price,a,23,-1.7049433007924533,-0.39907560973548833,2.2304044514925963,-0.7644099255861411,0.44462299567962504,-5.373632152398759,1.9637455508138526,-7.7590845857238575,4.349197984138951,2.7143692619874153,286,True
INNOVATION,threat,vix,asset_price,a,24,-3.3379177923201473,-0.7813055000702662,1.9498347642929175,-1.7118977738252608,0.08691550901898167,-6.545110576323422,-0.13072500831687295,-8.63048934247132,1.954653757831025,2.7143692619874153,285,True
INNOVATION,threat,us10y,asset_price,a,0,0.03349377427095827,0.00783987853632009,0.0761620883712995,0.4397696411326331,0.6601039577380664,-0.09178171302277224,0.15876926156468876,-0.18268536432312593,0.24967291286504245,2.8384087571257823,309,True
INNOVATION,threat,us10y,asset_price,a,1,0.02981708914654553,0.00697927785995248,0.07353765861836388,0.4054669363527925,0.6851343174149014,-0.09114159534938948,0.15077577364248054,-0.17891284505434474,0.23854702334743583,2.8384087571257823,308,True
INNOVATION,threat,us10y,asset_price,a,2,0.04729932259563576,0.011071339437596184,0.059887392203706216,0.7898043453745274,0.42964204093795455,-0.05120667167929573,0.14580531687056725,-0.12268557587679027,0.2172842210680618,2.8384087571257823,307,True
INNOVATION,threat,us10y,asset_price,a,3,-0.014528207405478461,-0.0034006135136635494,0.06217581967189555,-0.23366330322856105,0.8152463789136711,-0.11679832990147655,0.08774191509051964,-0.1910085984436603,0.16195218363270336,2.8384087571257823,306,True
INNOVATION,threat,us10y,asset_price,a,4,-0.00023357787328294474,-5.4673508589865484e-05,0.06450825679086979,-0.003620898857028242,0.997110947018768,-0.10634021802406204,0.10587306227749615,-0.1833343788554065,0.18286722310884057,2.8384087571257823,305,True
INNOVATION,threat,us10y,asset_price,a,5,0.037497084445599724,0.008776932248407027,0.08345435700651614,0.44931248398057805,0.6532062533549065,-0.09977311736147136,0.1747672862526708,-0.19938049330199709,0.2743746621931965,2.8384087571257823,304,True
INNOVATION,threat,us10y,asset_price,a,6,0.0387149896051965,0.009062006974317369,0.07010165102224238,0.552269298092747,0.5807638621696267,-0.07659196533402524,0.15402194454441825,-0.1602621505453118,0.2376921297557048,2.8384087571257823,303,True
INNOVATION,threat,us10y,asset_price,a,7,0.04403571494257693,0.010307427691395303,0.06370543440108599,0.6912395364158486,0.48941502181971697,-0.060750399888568445,0.1488218297737223,-0.1367863479379676,0.22485777782312147,2.8384087571257823,302,True
INNOVATION,threat,us10y,asset_price,a,8,-0.061735933682025707,-0.01445051302603009,0.06327024596318201,-0.9757498606525231,0.3291884369692085,-0.16580622723267738,0.042334359868625965,-0.2413227538894237,0.11785088652537229,2.8384087571257823,301,True
INNOVATION,threat,us10y,asset_price,a,9,0.020095612127395763,0.004703774406469011,0.08005836115866147,0.251012034677675,0.8018048046812081,-0.11158867359221943,0.15177989784701096,-0.20714274126648752,0.24733396552127906,2.8384087571257823,300,True
INNOVATION,threat,us10y,asset_price,a,10,0.023151499075815103,0.005419065024436386,0.06844803295013001,0.3382346880980914,0.7351863373438556,-0.08943549617990013,0.13573849433153032,-0.17113199705786802,0.21743499520949822,2.8384087571257823,299,True
INNOVATION,threat,us10y,asset_price,a,11,-0.09526578866404482,-0.022298836964469774,0.06937707504018026,-1.3731594854477638,0.1697027716668149,-0.20938092217116977,0.018849344843080124,-0.292186286001865,0.10165470867377537,2.8384087571257823,298,True
INNOVATION,threat,us10y,asset_price,a,12,0.017085402708458906,0.003999175515271061,0.06431550047238514,0.2656498446404034,0.7905088938951377,-0.08870418151274292,0.12287498692966073,-0.16546827705128647,0.19963908246820428,2.8384087571257823,297,True
INNOVATION,threat,us10y,asset_price,a,13,0.0297080705985301,0.006953759918387201,0.07327352075228649,0.4054407416693303,0.6851535685246517,-0.0908161457703723,0.1502322869674325,-0.17827213237019762,0.2376882735672578,2.8384087571257823,296,True
INNOVATION,threat,us10y,asset_price,a,14,-0.00629033997931174,-0.0014723781497722305,0.06988688588273345,-0.09000744417009227,0.9282812992499395,-0.1212440376998695,0.10866335774124602,-0.2046578888771126,0.1920772089184891,2.8384087571257823,295,True
INNOVATION,threat,us10y,asset_price,a,15,-0.053441874405797375,-0.012509124851241728,0.06458961723914511,-0.8274065815861261,0.40800665141537795,-0.15968234058501254,0.05279859177341779,-0.23677360959678925,0.12988986078519452,2.8384087571257823,294,True
INNOVATION,threat,us10y,asset_price,a,16,-0.05664097676223027,-0.013257937860393584,0.05060288264024122,-1.119323125619475,0.26300231351839853,-0.13987531180723073,0.0265933582827702,-0.20027264198409916,0.08699068845963864,2.8384087571257823,293,True
INNOVATION,threat,us10y,asset_price,a,17,0.08167373535964587,0.019117348783901485,0.0537244352419961,1.5202344145965438,0.12845207088295094,-0.006695096804070905,0.17004256752336264,-0.07081817210287286,0.2341656428221646,2.8384087571257823,292,True
INNOVATION,threat,us10y,asset_price,a,18,0.09265948561169333,0.021688780325466474,0.06233091869985132,1.48657339799348,0.13712751809244153,-0.009865752082974452,0.1951847233063611,-0.08426113986565985,0.2695801110890465,2.8384087571257823,291,True
INNOVATION,threat,us10y,asset_price,a,19,0.04001340132522873,0.009365925848697956,0.08391819735276188,0.4768143571653095,0.6334943212514945,-0.09801974995769105,0.17804655260814853,-0.1981807449230602,0.2782075475735177,2.8384087571257823,290,True
INNOVATION,threat,us10y,asset_price,a,20,0.08930690955210813,0.020904043768806963,0.06431712633800528,1.388540108007535,0.16497264043811755,-0.01648534898005591,0.19509916808427216,-0.09325138507885136,0.2718652041830676,2.8384087571257823,289,True
INNOVATION,threat,us10y,asset_price,a,21,0.03496625278154657,0.008184541176515984,0.09436452054947338,0.3705444861897484,0.7109768364520253,-0.12024957109979144,0.19018207666288456,-0.23287882870805449,0.30281133427114765,2.8384087571257823,288,True
INNOVATION,threat,us10y,asset_price,a,22,-0.17038957530376286,-0.039883041052048256,0.06335796229173847,-2.689315898752961,0.0071598628146096605,-0.27460414937558353,-0.06617500123194223,-0.3502253703062784,0.0094462196987527,2.8384087571257823,287,True
INNOVATION,threat,us10y,asset_price,a,23,-0.05144807237161351,-0.012042436157187236,0.0800671080013371,-0.6425618915916677,0.5205084173227488,-0.18314674536712805,0.08025060062390105,-0.27871125288034454,0.1758151081371175,2.8384087571257823,286,True
INNOVATION,threat,us10y,asset_price,a,24,0.11372400324943141,0.02661934617839368,0.06108404926776437,1.8617626796631916,0.06263654915345011,0.013249683262466769,0.21419832323639604,-0.0596574971128937,0.2871055036117565,2.8384087571257823,285,True
INNOVATION,threat,ip,real_macro,a,0,0.24175752074205845,0.056588116422073106,0.21463066563510438,1.1263885336547046,0.26000109808322913,-0.1112785080828517,0.5947935495669686,-0.36225116471467556,0.8457662061987925,2.814177012727598,309,True
INNOVATION,threat,ip,real_macro,a,1,0.07532097356174627,0.017630359576211865,0.5058197063494102,0.14890873688048056,0.881625647048088,-0.7566784050106097,0.9073203521341022,-1.3481452166313876,1.4987871637548804,2.814177012727598,308,True
INNOVATION,threat,ip,real_macro,a,2,-0.5903210831796901,-0.13817629366334383,0.6757037310151532,-0.8736389279556186,0.38231491954515484,-1.701754815884607,0.5211126495252267,-2.491870990416807,1.3112288240574264,2.814177012727598,307,True
INNOVATION,threat,ip,real_macro,a,3,0.2238578686570544,0.052398349779067495,0.300138882929308,0.7458476105202931,0.45575947564143804,-0.2698266615183812,0.7175423988324899,-0.6207860763083439,1.0685018136224527,2.814177012727598,306,True
INNOVATION,threat,ip,real_macro,a,4,0.42457049484400067,0.09937909901567653,0.4582694043944509,0.9264648496554567,0.35420445611011486,-0.32921559709510284,1.1783565867831043,-0.8650807286392307,1.7142217183272321,2.814177012727598,305,True
INNOVATION,threat,ip,real_macro,a,5,0.15313754706168836,0.03584486354392838,0.2571634255589656,0.5954872732342535,0.5515178037298767,-0.2698586461882411,0.5761337403116178,-0.5705658536606375,0.8768409477840142,2.814177012727598,304,True
INNOVATION,threat,ip,real_macro,a,6,0.060625220583543055,0.014190528716398131,0.21327094061904261,0.284263858955991,0.7762081805285812,-0.29017425961704124,0.4114247007841274,-0.5395569579893592,0.6608073991564453,2.814177012727598,303,True
INNOVATION,threat,ip,real_macro,a,7,0.05027802688137135,0.011768563930926328,0.18144887110783725,0.2770919795444222,0.7817094801970365,-0.24817880686660493,0.3487348606293476,-0.46035121517567706,0.5609072689384198,2.814177012727598,302,True
INNOVATION,threat,ip,real_macro,a,8,-0.09913939704881966,-0.02320553141425705,0.16726820463714476,-0.5926972030571079,0.5533838136009659,-0.37427111011988823,0.17599231602224893,-0.5698617334988882,0.371582939401249,2.814177012727598,301,True
INNOVATION,threat,ip,real_macro,a,9,-0.18066123228000125,-0.04228732497684554,0.22732165901667156,-0.7947383151323549,0.4267657395512182,-0.5545720875981993,0.19324962303819682,-0.8203846195798197,0.4590621550198171,2.814177012727598,300,True
INNOVATION,threat,ip,real_macro,a,10,-0.27879264358995487,-0.06525691744629682,0.34190426174304744,-0.815411431751842,0.4148368428841923,-0.841175108588172,0.2835898214082622,-1.240971757540839,0.6833864703609291,2.814177012727598,299,True
INNOVATION,threat,ip,real_macro,a,11,0.29410075791737816,0.06884008355878721,0.21003804669400572,1.4002261140137118,0.16144561822782977,-0.05138108498505983,0.6395826008198162,-0.29698348488709864,0.8851850007218549,2.814177012727598,298,True
INNOVATION,threat,ip,real_macro,a,12,0.22529352884974918,0.05273439436571524,0.3809192946522934,0.5914468813017182,0.5542210363433103,-0.40126295453487215,0.8518500122343705,-0.8466807938651456,1.2972678515646439,2.814177012727598,297,True
INNOVATION,threat,ip,real_macro,a,13,0.1330514825160109,0.031143323937287585,0.26202408278378975,0.5077834109843975,0.611605244863356,-0.29793978039953845,0.5640427454315602,-0.6043306680351634,0.8704336330671851,2.814177012727598,296,True
INNOVATION,threat,ip,real_macro,a,14,-0.33665823736268274,-0.07880150107369605,0.20302274835515083,-1.6582291397896027,0.09727122527486935,-0.6706009413483086,-0.002715533377056878,-0.9080001888445279,0.23468371411916245,2.814177012727598,295,True
INNOVATION,threat,ip,real_macro,a,15,0.16164994033612193,0.03783735709765764,0.19956597439045076,0.8100075217223848,0.41793585273824196,-0.16660687645611563,0.4899067571283595,-0.3999640373160691,0.7232639179883129,2.814177012727598,294,True
INNOVATION,threat,ip,real_macro,a,16,0.18582678224965465,0.0434964238382566,0.19623513225817033,0.9469598033301078,0.3436592621813853,-0.13695128678049867,0.508604851279808,-0.3664136160408482,0.7380671805401575,2.814177012727598,293,True
INNOVATION,threat,ip,real_macro,a,17,-0.2655853083370533,-0.06216548011428532,0.25857991699653565,-1.0270917843190872,0.3043772468856888,-0.6909114226656157,0.15974080599150903,-0.9932749667017142,0.46210435002760764,2.814177012727598,292,True
INNOVATION,threat,ip,real_macro,a,18,0.14119536048186848,0.03304955921404161,0.458670141678761,0.30783638970935573,0.7582068302778018,-0.6132498856327873,0.8956406065965241,-1.1495836086550113,1.4319743296187484,2.814177012727598,291,True
INNOVATION,threat,ip,real_macro,a,19,-0.259332267578396,-0.06070183258283829,0.24149040396255497,-1.073882288169958,0.28287544260822994,-0.6565486344101807,0.13788409925338874,-0.9389290112041199,0.42026447604732786,2.814177012727598,290,True
INNOVATION,threat,ip,real_macro,a,20,-0.10274222994173647,-0.024048845519100047,0.2626134930032964,-0.3912298213117588,0.6956273672388089,-0.5347029863946036,0.32921852651113065,-0.841783085183713,0.6362986253002402,2.814177012727598,289,True
INNOVATION,threat,ip,real_macro,a,21,0.11457471646390197,0.02681847238664769,0.23939815211961207,0.4785948239343813,0.6322269013413315,-0.27920020233552223,0.5083496352633261,-0.5591340601205751,0.788283493048379,2.814177012727598,288,True
INNOVATION,threat,ip,real_macro,a,22,-0.2804448754584952,-0.0656436549055752,0.3309890465910404,-0.8472935232959659,0.39683153577719366,-0.8248734092249779,0.26398365830798737,-1.211906641839625,0.6510168909226346,2.814177012727598,287,True
INNOVATION,threat,ip,real_macro,a,23,-0.2668067019281063,-0.06245137137638766,0.2842997310769829,-0.9384697654035422,0.3480030476611281,-0.7344381457314098,0.20082474187519722,-1.0668764698495896,0.5332630659933769,2.814177012727598,286,True
INNOVATION,threat,ip,real_macro,a,24,-0.2908107151598604,-0.06806998415495251,0.601383142981607,-0.483569781683679,0.628691224881387,-1.2799979590806325,0.6983765287609116,-1.9832093319805733,1.4015879016608523,2.814177012727598,285,True
INNOVATION,threat,cpi,real_macro,a,0,-0.03221946802760983,-0.007541602024240395,0.08486668727986485,-0.37964799923625747,0.7042067255203652,-0.1718127464072519,0.10737381035203222,-0.2714588242234485,0.20701988816822886,2.819001941325919,309,True
INNOVATION,threat,cpi,real_macro,a,1,0.07275907928762897,0.01703069768772207,0.08855537533267394,0.8216223918005724,0.41129184121561135,-0.0729015510143687,0.21841970958962664,-0.1768786956900243,0.3223968542652822,2.819001941325919,308,True
INNOVATION,threat,cpi,real_macro,a,2,-0.0370216217329421,-0.00866564082195775,0.09433552917729322,-0.3924462188934568,0.6947285416176285,-0.1921897590505993,0.11814651558471509,-0.3029536616197396,0.22891041815385538,2.819001941325919,307,True
INNOVATION,threat,cpi,real_macro,a,3,0.009840565649919836,0.0023033784965509063,0.07761585544860254,0.1267855078455753,0.8991101662309678,-0.11782615569365523,0.1375072869934949,-0.20895868153736263,0.2286398128372023,2.819001941325919,306,True
INNOVATION,threat,cpi,real_macro,a,4,-0.02407127602524553,-0.005634356962147151,0.0731285567978256,-0.3291638325612528,0.7420318584703981,-0.14435704790787568,0.09621449585738463,-0.2302208196046786,0.18207826755418755,2.819001941325919,305,True
INNOVATION,threat,cpi,real_macro,a,5,-0.015754619214770588,-0.0036876793887296424,0.06759327842982361,-0.23307967272407532,0.8156995390627709,-0.12693566839760667,0.0954264299680655,-0.20630020232902674,0.17479096389948556,2.819001941325919,304,True
INNOVATION,threat,cpi,real_macro,a,6,0.06489230368598162,0.015189323685184582,0.06946151383580074,0.9342195426287394,0.3501906569490427,-0.049361719280375096,0.17914632665233832,-0.13091983866457785,0.2607044460365411,2.819001941325919,303,True
INNOVATION,threat,cpi,real_macro,a,7,-0.02533681544788921,-0.005930581426914443,0.07129361793153462,-0.35538686607573916,0.7222997868855353,-0.14260438148106644,0.09193075058528802,-0.22631366280103365,0.17564003190525523,2.819001941325919,302,True
INNOVATION,threat,cpi,real_macro,a,8,0.06600598175090155,0.01545000200369546,0.07043867358219334,0.9370701972955329,0.3487224504027824,-0.04985532596842002,0.18186728947022313,-0.1325607758217242,0.2645727393235273,2.819001941325919,301,True
INNOVATION,threat,cpi,real_macro,a,9,-0.002550034739893174,-0.0005968859305740793,0.08234592215341804,-0.030967346933612867,0.9752955805490003,-0.13799702345860643,0.13289695397882006,-0.23468334915065164,0.22958327967086528,2.819001941325919,300,True
INNOVATION,threat,cpi,real_macro,a,10,0.0665714234810543,0.015582354794035006,0.07630826582455275,0.8724012105597406,0.3829895403510394,-0.05894450432683837,0.19208735128894697,-0.14854172601757418,0.28168457297968275,2.819001941325919,299,True
INNOVATION,threat,cpi,real_macro,a,11,0.05066416995014894,0.011858948332886162,0.05657045032829769,0.895594248518925,0.3704695086015072,-0.042385940450629614,0.14371428035092748,-0.10880803934700373,0.2101363792473016,2.819001941325919,298,True
INNOVATION,threat,cpi,real_macro,a,12,0.026363118628008705,0.006170807930159032,0.06336002489899847,0.4160844107942487,0.6773482368867961,-0.07785484813084452,0.13058108538686192,-0.15224891456472656,0.204975151820744,2.819001941325919,297,True
INNOVATION,threat,cpi,real_macro,a,13,-0.024014784006533098,-0.005621133890856525,0.06802887745310666,-0.3530086766915543,0.7240819357186806,-0.1359123298227128,0.08788276180964663,-0.21578832161306383,0.16775875359999765,2.819001941325919,296,True
INNOVATION,threat,cpi,real_macro,a,14,0.02114179077641877,0.004948653155256171,0.07643885201381918,0.276584357554148,0.7820992771650046,-0.10458893219851854,0.14687251375135607,-0.19433948144326213,0.2366230629960997,2.819001941325919,295,True
INNOVATION,threat,cpi,real_macro,a,15,-0.01806394027650788,-0.004228221534828848,0.07626337349618433,-0.23686259141698826,0.8127633919376888,-0.14350602677526145,0.1073781462222457,-0.23305053821431512,0.19692265766129938,2.819001941325919,294,True
INNOVATION,threat,cpi,real_macro,a,16,0.009888469735810838,0.0023145913927668025,0.06934440526752488,0.14259938776116046,0.8866065810356765,-0.10417292677727022,0.1239498662488919,-0.18559354333343306,0.20537048280505474,2.819001941325919,293,True
INNOVATION,threat,cpi,real_macro,a,17,-0.0382335882668359,-0.008949325495382297,0.06616292108743449,-0.5778703182755505,0.5633516759950679,-0.14706190898720656,0.07059473245353476,-0.2247469912561073,0.1482798147224355,2.819001941325919,292,True
INNOVATION,threat,cpi,real_macro,a,18,-0.03240926817035839,-0.007586028491478372,0.09193401690923302,-0.35252748938791884,0.7244427064191108,-0.18362726932372828,0.1188087329830115,-0.2915714403113761,0.22675290397065934,2.819001941325919,291,True
INNOVATION,threat,cpi,real_macro,a,19,0.0549268978401306,0.012856723878290056,0.07756981685402158,0.7080962682108348,0.478885476907725,-0.07266409675416821,0.18251789243442942,-0.1637425664596522,0.2735963621399134,2.819001941325919,290,True
INNOVATION,threat,cpi,real_macro,a,20,0.1212037993493119,0.028370139995331473,0.0780735484613475,1.5524310312258607,0.1205591232678131,-0.007215760006307068,0.24962335870493085,-0.09888568532942991,0.3412932840280537,2.819001941325919,289,True
INNOVATION,threat,cpi,real_macro,a,21,0.01870030277133082,0.004377174729058957,0.06782028093212865,0.27573319535560764,0.7827529974051364,-0.09285413230074877,0.1302547378434104,-0.17248520083760904,0.2098858063802707,2.819001941325919,288,True
INNOVATION,threat,cpi,real_macro,a,22,0.08932349146830856,0.02090792509337371,0.07343727455280695,1.2163236178390338,0.223861668020076,-0.031470075933307,0.21011705886992413,-0.11769632806173874,0.29634331099835587,2.819001941325919,287,True
INNOVATION,threat,cpi,real_macro,a,23,0.04858037002280823,0.011371193856720453,0.08900528014776243,0.545814472379137,0.5851934740230995,-0.09782028784607066,0.19498102789168714,-0.20232568750199137,0.29948642754760785,2.819001941325919,286,True
INNOVATION,threat,cpi,real_macro,a,24,-0.01464187850828071,-0.003427220477448813,0.09325531392246704,-0.15700851664553983,0.875238136040867,-0.16803321984614875,0.1387494628295873,-0.2775287894946733,0.2482450324781119,2.819001941325919,285,True
INNOVATION,threat,infl_exp,real_macro,a,0,-0.07248530049315877,-0.016966614360560954,0.17448028589671938,-0.41543547524942276,0.6778231414502984,-0.35947983158190744,0.2145092305955899,-0.5655512389823196,0.42058063799600215,2.825912027568678,309,True
INNOVATION,threat,infl_exp,real_macro,a,1,-0.028140777456054283,-0.006586904043369497,0.1104435320571907,-0.25479787663330267,0.7988792153604877,-0.2098042217336556,0.15352266682154703,-0.3402444830636363,0.2839629281515278,2.825912027568678,308,True
INNOVATION,threat,infl_exp,real_macro,a,2,0.05957422764317047,0.013944523087758202,0.143795487884176,0.4142983101886768,0.6786556512463255,-0.17694830214237292,0.2960967574287139,-0.3467791710788286,0.4659276263651696,2.825912027568678,307,True
INNOVATION,threat,infl_exp,real_macro,a,3,0.03081112134773692,0.007211950704030509,0.09428277262370975,0.3267948161718432,0.7438230804614409,-0.12427023916141303,0.18589248185688687,-0.23562369980212736,0.29724594249760117,2.825912027568678,306,True
INNOVATION,threat,infl_exp,real_macro,a,4,-0.07006145845186434,-0.016399266320258097,0.07673900716135494,-0.9129836447394989,0.36125114342400955,-0.196285892709874,0.05616297580614532,-0.2869191417728162,0.14679622486908753,2.825912027568678,305,True
INNOVATION,threat,infl_exp,real_macro,a,5,0.017986982608779414,0.004210208074698951,0.09683443065394089,0.18574986693586137,0.8526409205987264,-0.14129148186613605,0.1772654470836949,-0.25565859965895726,0.29163256487651606,2.825912027568678,304,True
INNOVATION,threat,infl_exp,real_macro,a,6,0.09498104061359522,0.02223218606657695,0.07998814173105305,1.187439019810628,0.23505449650628651,-0.03658774442583579,0.22654982565302623,-0.13105841116705572,0.3210204923942461,2.825912027568678,303,True
INNOVATION,threat,infl_exp,real_macro,a,7,-0.08424859030096095,-0.019720044372199434,0.08767880806668851,-0.9608774589736834,0.3366137857671606,-0.22846739575623554,0.05997021515431365,-0.33202118857950164,0.16352400797757977,2.825912027568678,302,True
INNOVATION,threat,infl_exp,real_macro,a,8,-0.06157995122801326,-0.01441400225589825,0.07953813470232485,-0.7742192026312797,0.4388011744616661,-0.19240854057408704,0.06924863811806051,-0.2863477227336907,0.16318782027766418,2.825912027568678,301,True
INNOVATION,threat,infl_exp,real_macro,a,9,0.031048641152714825,0.007267546899488595,0.08666983712978253,0.3582404465145293,0.7201633811402429,-0.11151055479750135,0.173607837102931,-0.21387269401975603,0.27596997632518566,2.825912027568678,300,True
INNOVATION,threat,infl_exp,real_macro,a,10,0.05442728576766737,0.012739779817829628,0.11890305128246892,0.4577450719777461,0.6471356023974566,-0.14115082938989854,0.25000540092523327,-0.2815822769660769,0.39043684850141164,2.825912027568678,299,True
INNOVATION,threat,infl_exp,real_macro,a,11,0.04348781868851802,0.01017918176582187,0.09413113021257608,0.4619918892964484,0.6440871367998883,-0.11134411225067904,0.1983197496277151,-0.22251847434783406,0.3094941117248701,2.825912027568678,298,True
INNOVATION,threat,infl_exp,real_macro,a,12,-0.012689320268112675,-0.00297018570692188,0.10332285915305496,-0.12281232219208761,0.9022557164327635,-0.18264029989301125,0.1572616593567859,-0.30467063067151523,0.2792919901352898,2.825912027568678,297,True
INNOVATION,threat,infl_exp,real_macro,a,13,-0.04487712254395228,-0.010504375737350186,0.10527586740718019,-0.4262811948191224,0.6699029590365514,-0.2180405148791149,0.12828626979121033,-0.3423774624626282,0.25262321737472365,2.825912027568678,296,True
INNOVATION,threat,infl_exp,real_macro,a,14,0.05791486906243041,0.01355611748091435,0.10957041293325606,0.528563026386592,0.5971086146702305,-0.12231242205740633,0.23814216018226714,-0.25172147871132455,0.3675512168361854,2.825912027568678,295,True
INNOVATION,threat,infl_exp,real_macro,a,15,0.006098940853517775,0.0014275774090123686,0.11998370543963476,0.05083140940822357,0.959459862132786,-0.19125669221394254,0.2034545739209781,-0.33296445546060355,0.34516233716763906,2.825912027568678,294,True
INNOVATION,threat,infl_exp,real_macro,a,16,-0.1407697401558179,-0.032949934381324,0.0903450822253836,-1.5581339535962795,0.11920149739219325,-0.2893741763314691,0.007834696019833304,-0.3960769946482106,0.11453751433657483,2.825912027568678,293,True
INNOVATION,threat,infl_exp,real_macro,a,17,0.18231288102864177,0.04267392594540925,0.0905884501435043,2.0125400174065633,0.04416304271227096,0.03330814025018611,0.33131762180709745,-0.07368210979069259,0.43830787184797615,2.825912027568678,292,True
INNOVATION,threat,infl_exp,real_macro,a,18,-0.1483011787220055,-0.03471281613615402,0.09540888947853181,-1.5543748547180722,0.12009502760403336,-0.3052348366241807,0.008632479180169711,-0.41791830703635924,0.12131594959234826,2.825912027568678,291,True
INNOVATION,threat,infl_exp,real_macro,a,19,0.01908495761871665,0.004467210783446725,0.11329794749542622,0.16844927944954255,0.866229842538637,-0.16727358224529265,0.20544349748272595,-0.3010850749074529,0.3392549901448862,2.825912027568678,290,True
INNOVATION,threat,infl_exp,real_macro,a,20,0.05713543002237982,0.013373674399073882,0.10014333227226532,0.570536537240867,0.5683138481037424,-0.10758569328066221,0.22185655332542187,-0.22586081712662132,0.34013167717138093,2.825912027568678,289,True
INNOVATION,threat,infl_exp,real_macro,a,21,-0.07267162468022996,-0.017010227211809052,0.09918072481592109,-0.7327192336525884,0.4637296905913758,-0.23580939961737363,0.09046615025691372,-0.3529476278405207,0.20760437848006075,2.825912027568678,288,True
INNOVATION,threat,infl_exp,real_macro,a,22,0.14166149971901554,0.03315866829714111,0.09403197463002491,1.5065247781554325,0.1319325112439454,-0.013007334800589743,0.2963303342386208,-0.12406458836400469,0.40738758780203577,2.825912027568678,287,True
INNOVATION,threat,infl_exp,real_macro,a,23,0.012758343980526896,0.0029863420683123787,0.08248253203818941,0.15467934440494363,0.8770741147657405,-0.12291334800262994,0.14843003596368373,-0.2203300353705114,0.24584672333156518,2.825912027568678,286,True
INNOVATION,threat,infl_exp,real_macro,a,24,-0.050374524655090146,-0.011791151138293899,0.07480725971317628,-0.6733908560243299,0.50069866439724,-0.17342151711660891,0.07267246780642861,-0.26177325962800885,0.16102421031782854,2.825912027568678,285,True
INNOVATION,threat,freight,physical_channel,a,0,-0.005978258094653617,-0.0013993292288201654,0.006929102287707723,-0.8627752696419404,0.3882610387510842,-0.017375617124107408,0.005419100934800174,-0.025684490637739976,0.013727974448432741,2.8439806088655026,309,True
INNOVATION,threat,freight,physical_channel,a,1,0.007786578257779349,0.0018226022323041846,0.008335110052828026,0.9341902156573727,0.3502057819170138,-0.005923457743654508,0.021496614259213204,-0.015918313105223472,0.03149146962078217,2.8439806088655026,308,True
INNOVATION,threat,freight,physical_channel,a,2,0.012834000048970569,0.003004050863455487,0.008522465788582758,1.5059022080398161,0.13209227966237944,-0.001184208713949619,0.02685220881189076,-0.01140372739347844,0.03707172749141958,2.8439806088655026,307,True
INNOVATION,threat,freight,physical_channel,a,3,0.012080359749190844,0.0028276464856582676,0.0066622196189620965,1.8132635127799699,0.06979118805235937,0.0011219836453937836,0.023038735852987904,-0.006866863659140677,0.031027583157522364,2.8439806088655026,306,True
INNOVATION,threat,freight,physical_channel,a,4,0.004734223355642025,0.0011081383594390985,0.0063534598559612495,0.745140988212911,0.45618649274490075,-0.005716288132126415,0.015184734843410465,-0.013334893273917178,0.02280333998520123,2.8439806088655026,305,True
INNOVATION,threat,freight,physical_channel,a,5,9.779326627922555e-05,2.2890442955063257e-05,0.0052844792213991255,0.018505752824841966,0.9852353882617626,-0.008594401547588818,0.008789988080147268,-0.014931163167332557,0.015126749699891006,2.8439806088655026,304,True
INNOVATION,threat,freight,physical_channel,a,6,0.0035800933725433502,0.0008379914715601681,0.005780840880018703,0.6193032202145249,0.5357166234623265,-0.005928543715784754,0.013088730460871454,-0.012860505993166828,0.020020692738253527,2.8439806088655026,303,True
INNOVATION,threat,freight,physical_channel,a,7,0.007070688544778351,0.001655034123976801,0.007107956018793261,0.9947569351981955,0.3198544959195193,-0.00462085869294529,0.018762235782501992,-0.013144200541338519,0.027285577630895223,2.8439806088655026,302,True
INNOVATION,threat,freight,physical_channel,a,8,0.010288793663741483,0.0024082951045303383,0.006565767108405516,1.5670360361350217,0.11710626868178049,-0.0005109321782380098,0.021088519505720976,-0.008384120674890725,0.02896170800237369,2.8439806088655026,301,True
INNOVATION,threat,freight,physical_channel,a,9,-0.011342284729938215,-0.0026548854687952024,0.006552750541560579,-1.7309196585464672,0.08346609486987386,-0.022120600224732355,-0.0005639692351440736,-0.029978180204869424,0.007293610744992993,2.8439806088655026,300,True
INNOVATION,threat,freight,physical_channel,a,10,0.0014606401731925632,0.0003418916438159781,0.006394549842817971,0.22841954619105503,0.8193200954071251,-0.009057458328488543,0.01197873867487367,-0.016725335582205694,0.01964661592859082,2.8439806088655026,299,True
INNOVATION,threat,freight,physical_channel,a,11,0.00754626517697244,0.0017663522155406623,0.00837451838922648,0.9010984066475323,0.3675360000291792,-0.006228591769518536,0.021321122123463418,-0.016270702730575234,0.03136323308452012,2.8439806088655026,298,True
INNOVATION,threat,freight,physical_channel,a,12,-0.007066587486912807,-0.0016540741904895748,0.0066581358726723,-1.0613462419589481,0.2885325779716902,-0.018018246425813546,0.003885071451987931,-0.02600219679998462,0.011869021826159003,2.8439806088655026,297,True
INNOVATION,threat,freight,physical_channel,a,13,-0.005199022819769654,-0.0012169338422362373,0.006639462581782884,-0.7830487416307675,0.4335984899640717,-0.016119966928423816,0.005721921288884508,-0.024081525655648264,0.013683480016108954,2.8439806088655026,296,True
INNOVATION,threat,freight,physical_channel,a,14,0.004712870488620178,0.001103140299725099,0.00711571857135318,0.6623182804887043,0.507767263644306,-0.006991445011836048,0.016417185989076405,-0.015524095146452402,0.02494983612369276,2.8439806088655026,295,True
INNOVATION,threat,freight,physical_channel,a,15,0.0008116002059444507,0.0001899710371002874,0.007144178059038966,0.11360302042270586,0.9095524929038337,-0.010939526986052921,0.012562727397941821,-0.01950630366024475,0.021129504072133654,2.8439806088655026,294,True
INNOVATION,threat,freight,physical_channel,a,16,-0.006405092433055831,-0.001499238225075193,0.007453409840708397,-0.8593506287649774,0.3901470995723908,-0.018664860642700832,0.005854675776589171,-0.027602445489957828,0.014792260623846164,2.8439806088655026,293,True
INNOVATION,threat,freight,physical_channel,a,17,-0.00452612947338349,-0.0010594298816228858,0.006875083415220512,-0.658338117522072,0.5103208898098291,-0.015834635364502865,0.006782376417735885,-0.02407873339060344,0.015026474443836462,2.8439806088655026,292,True
INNOVATION,threat,freight,physical_channel,a,18,-0.006461391247706926,-0.0015124160731442918,0.006977532793594581,-0.9260280730802903,0.35443139123594425,-0.01793841137042381,0.005015628875009959,-0.026305359210413055,0.013382576714999206,2.8439806088655026,291,True
INNOVATION,threat,freight,physical_channel,a,19,0.011003521307946768,0.002575591207734157,0.01054952243466753,1.0430350166171807,0.2969320752969554,-0.006348898931322046,0.02835594154721558,-0.018999115929039273,0.04100615854493281,2.8439806088655026,290,True
INNOVATION,threat,freight,physical_channel,a,20,-0.00032909992303925973,-7.703232851775795e-05,0.006572584517802088,-0.0500716152295768,0.9600653191207168,-0.011140039405591115,0.010481839559512597,-0.019021402841798016,0.0183632029957195,2.8439806088655026,289,True
INNOVATION,threat,freight,physical_channel,a,21,-0.005663737107505464,-0.0013257093878187571,0.007343890359263496,-0.7712175468907012,0.44057799526651653,-0.017743361800873977,0.0064158875858630485,-0.026549618882885158,0.015222144667874228,2.8439806088655026,288,True
INNOVATION,threat,freight,physical_channel,a,22,0.0009156243262585999,0.00021431993434647235,0.005841990083431483,0.15673157831188547,0.8754563987440059,-0.008693594251088208,0.010524842903605409,-0.015698882188205098,0.0175301308407223,2.8439806088655026,287,True
INNOVATION,threat,freight,physical_channel,a,23,-0.00047216387197172383,-0.00011051926771676418,0.005328964260234423,-0.08860330993305501,0.9293971774877858,-0.009237530063313083,0.008293202319369636,-0.01562763489341572,0.014683307149472273,2.8439806088655026,286,True
INNOVATION,threat,freight,physical_channel,a,24,-0.009136107856681714,-0.0021384862545398373,0.00655521596849811,-1.393715767807864,0.16340345281165403,-0.01991847861791604,0.0016462629045526107,-0.027779014958015838,0.009506799244652408,2.8439806088655026,285,True
INNOVATION,threat,oil,asset_price,b,0,0.040907679723560054,0.009575249347562388,0.052420838792598935,0.7803705676173885,0.4351727868690486,-0.045316927092284735,0.12713228653940484,-0.10850681385335664,0.19032217330047674,2.8502881109565887,309,True
INNOVATION,threat,oil,asset_price,b,1,-0.03229099484180468,-0.007558344285976593,0.05965352365294977,-0.5413090939885818,0.5882945533671909,-0.13041230958279454,0.0658303198991852,-0.20232072408647506,0.13773873440286571,2.8502881109565887,308,True
INNOVATION,threat,oil,asset_price,b,2,0.01006191154399401,0.002355188869129889,0.03546934369919503,0.2836791012916984,0.7766563118178247,-0.04827996708521528,0.0684037901732033,-0.09103593710525457,0.11115976019324258,2.8502881109565887,307,True
INNOVATION,threat,oil,asset_price,b,3,0.00982877582864963,0.0023006188563271563,0.048396727919773244,0.2030876104876902,0.8390665553457437,-0.06977675762277297,0.08943430928007223,-0.12811584237028084,0.1477733940275801,2.8502881109565887,306,True
INNOVATION,threat,oil,asset_price,b,4,0.012207604041565658,0.0028574305221955748,0.03139976230480077,0.38878014180697196,0.6974387919957372,-0.03944040887090001,0.06385561695403133,-0.07729076514267083,0.10170597322580216,2.8502881109565887,305,True
INNOVATION,threat,oil,asset_price,b,5,-0.05204310958761514,-0.012181716354763769,0.03709607552293212,-1.4029276373303434,0.16063841848078997,-0.11306072395717577,0.008974504781945489,-0.1577776126137763,0.05369139343854601,2.8502881109565887,304,True
INNOVATION,threat,oil,asset_price,b,6,0.024943775914825446,0.005838582771454951,0.0351408364966125,0.709823054930123,0.47781387034979506,-0.0328577564507363,0.08274530828038719,-0.07521773256053854,0.12510528439018945,2.8502881109565887,303,True
INNOVATION,threat,oil,asset_price,b,7,-0.01287465071951743,-0.00301356595473571,0.031939570096091864,-0.40309405169773327,0.6868790363277495,-0.06541056843534492,0.03966126699631005,-0.10391162763347267,0.0781623261944378,2.8502881109565887,302,True
INNOVATION,threat,oil,asset_price,b,8,0.014823523324319625,0.003469738029605725,0.0324898340075048,0.4562511252256799,0.6482094052200524,-0.038617497981975925,0.06826454463061518,-0.07778186427422437,0.10742891092286361,2.8502881109565887,301,True
INNOVATION,threat,oil,asset_price,b,9,0.0019199854981673918,0.00044941047776093815,0.03531750604191775,0.05436356394725588,0.9566455076640363,-0.05617214240976155,0.06001211340609634,-0.09874508208174826,0.10258505307808305,2.8502881109565887,300,True
INNOVATION,threat,oil,asset_price,b,10,0.04899780513737052,0.011468902779235072,0.025180782436993596,1.9458412485779972,0.05167381205821684,0.007579103816405676,0.09041650645833538,-0.0227746796673768,0.12077028994211784,2.8502881109565887,299,True
INNOVATION,threat,oil,asset_price,b,11,-0.010544593581092814,-0.002468170120866554,0.034567770442978846,-0.30504118275393594,0.7603347867921033,-0.06740351616985246,0.04631432900766684,-0.10907269869699199,0.08798351153480635,2.8502881109565887,298,True
INNOVATION,threat,oil,asset_price,b,12,-0.012476685635952124,-0.0029204143770243333,0.03066826706479971,-0.4068272136012719,0.6841348978485184,-0.0629214959498043,0.037968124677900054,-0.09989008263439225,0.074936711362488,2.8502881109565887,297,True
INNOVATION,threat,oil,asset_price,b,13,0.003762710130504804,0.0008807365258957063,0.02871109332612221,0.13105422659336272,0.8957324106562101,-0.043462835860709516,0.050988256121719124,-0.07807217782950639,0.085597598090516,2.8502881109565887,296,True
INNOVATION,threat,oil,asset_price,b,14,-0.0064555280076128985,-0.0015110436661472603,0.0329128721933281,-0.19613991661662164,0.8445006540570176,-0.06059238520819888,0.04768132919297308,-0.10026669631768968,0.08735564030246389,2.8502881109565887,295,True
INNOVATION,threat,oil,asset_price,b,15,-0.008723665049744946,-0.0020419458800987615,0.02873205203919454,-0.30362137162513303,0.761416367579356,-0.05598368505617253,0.03853635495668263,-0.09061829138044716,0.07317096128095726,2.8502881109565887,294,True
INNOVATION,threat,oil,asset_price,b,16,0.0020406327212395907,0.000477650340100086,0.02539167830392134,0.08036620095822683,0.9359460076551438,-0.03972496143135043,0.04380622687382961,-0.07033296606566176,0.07441423150814096,2.8502881109565887,293,True
INNOVATION,threat,oil,asset_price,b,17,0.011447122279307317,0.0026794247651566725,0.052447445150719606,0.21825891130466737,0.827227386711918,-0.07482124810119223,0.09771549265980686,-0.13804320708383655,0.1609374516424512,2.8502881109565887,292,True
INNOVATION,threat,oil,asset_price,b,18,-0.008915239707945416,-0.0020867877076807613,0.029582557976699536,-0.30136811410857145,0.7631338059731226,-0.05757421749042185,0.03974373807453102,-0.0932340530006161,0.07540357358472527,2.8502881109565887,291,True
INNOVATION,threat,oil,asset_price,b,19,0.022210174904369863,0.005198729534391844,0.030564817565158275,0.7266581865578641,0.4674353740015126,-0.028064476124790794,0.07248482593353052,-0.06490836121515789,0.1093287110238976,2.8502881109565887,290,True
INNOVATION,threat,oil,asset_price,b,20,0.03990766075462688,0.009341175182404774,0.031130024005293938,1.2819669123236213,0.1998542534634381,-0.01129667213756725,0.09111199364682102,-0.04882187656145564,0.1286371980707094,2.8502881109565887,289,True
INNOVATION,threat,oil,asset_price,b,21,-0.035030898977914754,-0.008199672893928946,0.03246647452548514,-1.0789868468908328,0.28059359119252303,-0.08843349735548656,0.01837169939965705,-0.12756970532258,0.05750790736675049,2.8502881109565887,288,True
INNOVATION,threat,oil,asset_price,b,22,-0.024366136077648634,-0.005703374773557485,0.02852128393282199,-0.8543141372961945,0.3929309560890827,-0.07127947339986364,0.02254720124456637,-0.10566001258058834,0.05692774042529107,2.8502881109565887,287,True
INNOVATION,threat,oil,asset_price,b,23,-0.02391037894169047,-0.005596695826029279,0.05121493859813838,-0.4668633722145982,0.6405976322927122,-0.10815145644893534,0.0603306985655544,-0.16988770953133597,0.12206695164795504,2.8502881109565887,286,True
INNOVATION,threat,oil,asset_price,b,24,0.06223366390717431,0.014567016603006893,0.04136136496979662,1.5046327400611488,0.13241852407270369,-0.005799727279059232,0.13026705509340786,-0.055658142919173335,0.18012547073352195,2.8502881109565887,285,True
INNOVATION,threat,dxy,asset_price,b,0,-0.003679901234200867,-0.0008613534703016251,0.004686105066179421,-0.7852792846578425,0.43228983870514903,-0.011387858148581755,0.004028055680180022,-0.01708552461997359,0.009725722151571858,2.8607176314769065,309,True
INNOVATION,threat,dxy,asset_price,b,1,-0.001110499150657301,-0.00025993423092329147,0.004611456843241123,-0.2408130854102922,0.8096999873422968,-0.008695670664792647,0.006474672363478046,-0.014302575048912018,0.012081576747597415,2.8607176314769065,308,True
INNOVATION,threat,dxy,asset_price,b,2,-0.005056865034055922,-0.0011836590084127394,0.004337365131482924,-1.165884098009292,0.24366130916525142,-0.012191195801988457,0.0020774657338766137,-0.017464841939842272,0.007351111871730428,2.8607176314769065,307,True
INNOVATION,threat,dxy,asset_price,b,3,0.0016907118253667636,0.00039574445219476374,0.004595126656104473,0.36793584854091216,0.7129210690796723,-0.005867598921228069,0.009249022571961597,-0.011454648018620823,0.01483607166935435,2.8607176314769065,306,True
INNOVATION,threat,dxy,asset_price,b,4,0.0021489563409912357,0.0005030056199976932,0.004381165936024684,0.49049873307038516,0.6237810261087875,-0.005057420339155207,0.009355333021137679,-0.010384322298620604,0.014682234980603075,2.8607176314769065,305,True
INNOVATION,threat,dxy,asset_price,b,5,0.002632080641849594,0.0006160903922909809,0.0048144643192897215,0.546702699883734,0.5845829990418969,-0.005287008455562554,0.010551169739261743,-0.011140742322458975,0.016404903606158164,2.8607176314769065,304,True
INNOVATION,threat,dxy,asset_price,b,6,-0.00523218443217286,-0.0012246959717354823,0.00446410783572121,-1.1720560131423352,0.24117456841428908,-0.01257498839686138,0.0021106195325156594,-0.01800273642663474,0.007538367562289021,2.8607176314769065,303,True
INNOVATION,threat,dxy,asset_price,b,7,-0.007005768540053801,-0.0016398383163171335,0.004449976487328146,-1.5743383274054563,0.11540925344147203,-0.014325328505084275,0.0003137914249766718,-0.019735894737011102,0.005724357656903498,2.8607176314769065,302,True
INNOVATION,threat,dxy,asset_price,b,8,-0.008355864579299349,-0.0019558549250882034,0.0048795028955975345,-1.7124417708284003,0.0868152868166318,-0.016381932614843164,-0.0003297965437555339,-0.022314744545577837,0.005603015386979137,2.8607176314769065,301,True
INNOVATION,threat,dxy,asset_price,b,9,0.0001685613472209085,3.9455108207265957e-05,0.004923447849899077,0.03423644412611453,0.9726886053553748,-0.007929789705792015,0.008266912400233833,-0.013916032724642449,0.014253155419084264,2.8607176314769065,300,True
INNOVATION,threat,dxy,asset_price,b,10,-0.006423501765550398,-0.0015035472924715561,0.0043717590844911565,-1.469317416949578,0.14174671489521629,-0.013614405551833724,0.0007674020207329279,-0.01892987005912359,0.006082866528022792,2.8607176314769065,299,True
INNOVATION,threat,dxy,asset_price,b,11,-0.002946555683981076,-0.0006896994789549672,0.0048205824377449405,-0.6112447452220047,0.5410375649587202,-0.010875708190724412,0.004982596822762258,-0.016736880857625955,0.010843769489663802,2.8607176314769065,298,True
INNOVATION,threat,dxy,asset_price,b,12,0.0028884210262482913,0.0006760919156004019,0.00470756482465823,0.6135701012801223,0.5394994459436282,-0.0048548340496999695,0.010631676102196553,-0.010578592668971997,0.01635543472146858,2.8607176314769065,297,True
INNOVATION,threat,dxy,asset_price,b,13,-0.0008978850510771824,-0.00021016770708120238,0.005012791656700258,-0.17911876506517888,0.857844447892858,-0.009143193588752681,0.007347423486598317,-0.015238066526319942,0.013442296424165579,2.8607176314769065,296,True
INNOVATION,threat,dxy,asset_price,b,14,-0.0028240704152471723,-0.0006610293857730543,0.00513847285137486,-0.5495933318965689,0.5825983334191687,-0.011276106121822786,0.00562796529132844,-0.01752379030004065,0.011875649469546303,2.8607176314769065,295,True
INNOVATION,threat,dxy,asset_price,b,15,0.004607183585569389,0.00107840219538084,0.004618300678193295,0.9975928174888226,0.31847684536017007,-0.002989245035309295,0.012203612206448073,-0.008604470591999924,0.017818837763138702,2.8607176314769065,294,True
INNOVATION,threat,dxy,asset_price,b,16,0.004844860110549159,0.0011340350742466809,0.00446012621473916,1.0862607642220052,0.2773636405503749,-0.0024913946704258885,0.012181114891524205,-0.00791430159056751,0.01760402181166583,2.8607176314769065,293,True
INNOVATION,threat,dxy,asset_price,b,17,-0.002827112504479216,-0.0006617414467633424,0.004895322149488061,-0.5775130661778546,0.5635929145954397,-0.010879200897160532,0.005224975888202099,-0.01683124688927914,0.011177021880320711,2.8607176314769065,292,True
INNOVATION,threat,dxy,asset_price,b,18,-0.012528234001261896,-0.0029324802887219855,0.004645504983329869,-2.6968508367160844,0.006999861776409959,-0.020169409722113167,-0.004887058280410623,-0.025817712014187484,0.000761244011663692,2.8607176314769065,291,True
INNOVATION,threat,dxy,asset_price,b,19,-0.004766279703492231,-0.001115641779968255,0.005045179229343409,-0.94471960000369,0.34480204789166224,-0.013064861057497972,0.00353230165051351,-0.01919911287883599,0.009666553471851531,2.8607176314769065,290,True
INNOVATION,threat,dxy,asset_price,b,20,-0.0009331987828472485,-0.00021843358256904078,0.004493913750314022,-0.20765836522386286,0.8354957286981793,-0.008325029114258361,0.006458631548563864,-0.01378901708270708,0.011922619517012583,2.8607176314769065,289,True
INNOVATION,threat,dxy,asset_price,b,21,-0.0025670948744491886,-0.0006008791915798539,0.004923585786213547,-0.5213872543131612,0.6020970285829718,-0.010665672812509257,0.005531483063610879,-0.01665208354315937,0.011517893794260992,2.8607176314769065,288,True
INNOVATION,threat,dxy,asset_price,b,22,-0.0006126800840090261,-0.00014340985884108093,0.0044678616526297515,-0.13713049589357965,0.890927647924829,-0.007961658528054472,0.006736298360036419,-0.013393970688686507,0.012168610520668454,2.8607176314769065,287,True
INNOVATION,threat,dxy,asset_price,b,23,-0.004865483095391367,-0.0011388622906395337,0.005029418402358282,-0.967404718825929,0.3333417520173352,-0.013138140195966866,0.0034071740051841316,-0.019253228995092117,0.009522262804309385,2.8607176314769065,286,True
INNOVATION,threat,dxy,asset_price,b,24,-0.0021392015355813612,-0.0005007223153769546,0.004501661821368537,-0.4752026297104274,0.6346425529182724,-0.00954377630976837,0.005265373238605648,-0.015017184878916779,0.010738781807754057,2.8607176314769065,285,True
INNOVATION,threat,vix,asset_price,b,0,0.008532732538683188,0.0019972543597209973,1.6844784912083086,0.005065504002109577,0.9959583298484642,-2.762187823247047,2.7792532883244134,-4.582007106142733,4.599072571220098,2.7251994386633775,309,True
INNOVATION,threat,vix,asset_price,b,1,-0.6559292030380917,-0.1535331682432322,2.11674082053203,-0.3098769564396778,0.756654526949103,-4.1376580190064365,2.825799612930253,-6.424470098947837,5.112611692871654,2.7251994386633775,308,True
INNOVATION,threat,vix,asset_price,b,2,-2.5622076984440296,-0.5997352516357882,1.7653699587773064,-1.4513715302024355,0.14667643293012272,-5.465982878050053,0.34156748116199376,-7.373192919137135,2.2487775222490756,2.7251994386633775,307,True
INNOVATION,threat,vix,asset_price,b,3,-2.1171340559841565,-0.4955569864938846,1.8471046464087295,-1.146190639550627,0.2517162800915329,-5.155350832988471,0.9210827210201589,-7.150862601529743,2.91659448956143,2.7251994386633775,306,True
INNOVATION,threat,vix,asset_price,b,4,-1.4945677114726132,-0.34983305337466664,1.6432848334235244,-0.9095000946116673,0.36308620789421653,-4.197530729843644,1.2083953068984168,-5.9728466170824435,2.983711194137217,2.7251994386633775,305,True
INNOVATION,threat,vix,asset_price,b,5,-0.6557187102198165,-0.15348389824712205,1.60183766509239,-0.4093540341255469,0.6822798671413945,-3.2905072034345118,1.9790697829948787,-5.021045815959453,3.70960839551982,2.7251994386633775,304,True
INNOVATION,threat,vix,asset_price,b,6,-0.39227756956035775,-0.09182030287170953,1.551663256035827,-0.25281101942346973,0.8004142519895681,-2.9445365040582185,2.1599813649375035,-4.620869403903782,3.8363142647830664,2.7251994386633775,303,True
INNOVATION,threat,vix,asset_price,b,7,-1.9438726730113864,-0.45500174221019846,1.5295576915860738,-1.2708724121387596,0.20377404237843066,-4.4597711896482615,0.5720258436254881,-6.112222435525005,2.224477089502233,2.7251994386633775,302,True
INNOVATION,threat,vix,asset_price,b,8,-0.008109406635900875,-0.0018981665820270673,1.8403075776989262,-0.004406549608430494,0.9964840934794827,-3.035146000520258,3.018927187248456,-5.023314584348975,5.007095771077172,2.7251994386633775,301,True
INNOVATION,threat,vix,asset_price,b,9,-1.3774986241625662,-0.3224307242897527,1.874399804111468,-0.7349011780416556,0.4623996808752483,-4.460611940312443,1.7056146919873107,-6.4856119181578835,3.730614669832751,2.7251994386633775,300,True
INNOVATION,threat,vix,asset_price,b,10,-2.3803508098776347,-0.557168059720667,2.0781485397715533,-1.1454189940336517,0.2520356338936365,-5.798600972864779,1.0378993531095104,-8.043720043922189,3.28301842416692,2.7251994386633775,299,True
INNOVATION,threat,vix,asset_price,b,11,0.379344684016968,0.08879310590775852,2.3970897518735654,0.1582521821389759,0.8742580863629085,-3.5635170884804706,4.322206456514406,-6.153202962214608,6.911892330248544,2.7251994386633775,298,True
INNOVATION,threat,vix,asset_price,b,12,-0.4865722951009017,-0.1138918433578022,1.9577557469991078,-0.24853575112560936,0.8037199122207873,-3.706793936237473,2.7336493460356697,-5.821847157862872,4.848702567661069,2.7251994386633775,297,True
INNOVATION,threat,vix,asset_price,b,13,-2.237369819409876,-0.5237005385866894,2.0059830904095337,-1.1153482948617994,0.2647011973006448,-5.5369183812733205,1.0621787424535682,-7.704073811362164,3.229334172542412,2.7251994386633775,296,True
INNOVATION,threat,vix,asset_price,b,14,-2.0657092316749806,-0.48351999200428136,1.967946090057686,-1.049677753934016,0.29386629504812467,-5.302692495551334,1.1712740322013726,-7.428754811619975,3.297336348270014,2.7251994386633775,295,True
INNOVATION,threat,vix,asset_price,b,15,-0.3844998702792186,-0.08999977893902673,1.862159226532658,-0.20648066223378636,0.836415468588394,-3.447479228002609,2.6784794874441724,-5.459255149127848,4.690255408569411,2.7251994386633775,294,True
INNOVATION,threat,vix,asset_price,b,16,-0.9231109735032972,-0.21607233180899407,1.981977760531337,-0.46575243773463215,0.6413927132082016,-4.183174281450423,2.3369523344438283,-6.324395653946595,4.478173706940001,2.7251994386633775,293,True
INNOVATION,threat,vix,asset_price,b,17,-2.171536708727553,-0.5082910004664946,2.198471436009274,-0.9877484297314256,0.3232758696622984,-5.787700423996618,1.4446270065415132,-8.162809832057496,3.8197364146023904,2.7251994386633775,292,True
INNOVATION,threat,vix,asset_price,b,18,-3.829144443176918,-0.8962867872003839,1.7602890494740064,-2.1752929976591675,0.02960816693406632,-6.724562270687198,-0.9337266156666391,-8.62628317268877,0.9679942863349349,2.7251994386633775,291,True
INNOVATION,threat,vix,asset_price,b,19,-3.4671500850692287,-0.8115548673086862,1.562947142184992,-2.218341229519874,0.02653157501238587,-6.0379693606256515,-0.896330809512806,-7.726492759612299,0.7921925894738417,2.7251994386633775,290,True
INNOVATION,threat,vix,asset_price,b,20,-3.2106431100412003,-0.7515143501764526,1.6288692882205817,-1.9710870192344214,0.04871392323848543,-5.8898946666006875,-0.5313915534817135,-7.649636779955945,1.2283505598735447,2.7251994386633775,289,True
INNOVATION,threat,vix,asset_price,b,21,-3.72958091068192,-0.8729819785188327,1.852185116263183,-2.013611316673582,0.04405035736110903,-6.776154316952951,-0.683007504410889,-8.777154749823008,1.317992928459169,2.7251994386633775,288,True
INNOVATION,threat,vix,asset_price,b,22,-2.5869961727565625,-0.6055374830038863,1.8236689072008785,-1.4185668037337453,0.15602534970818385,-5.586664589124555,0.4126722436114303,-7.556857654968251,2.3828653094551266,2.7251994386633775,287,True
INNOVATION,threat,vix,asset_price,b,23,-2.217764050069302,-0.5191114215466762,2.1679349919236945,-1.022984572107207,0.30631514037718965,-5.783699784530001,1.3481716843913976,-8.125819273118449,3.6902911729798444,2.7251994386633775,286,True
INNOVATION,threat,vix,asset_price,b,24,-3.9215620745662587,-0.9179189567745089,1.978328742507992,-1.982260071495886,0.04745014043548406,-7.175623281982874,-0.6675008671496427,-9.312902453140664,1.4697783040081465,2.7251994386633775,285,True
INNOVATION,threat,us10y,asset_price,b,0,0.01529520618297342,0.00358014470666739,0.07460890394078018,0.205005104955218,0.83756813655668,-0.10742552006689285,0.1380159324328397,-0.1968792461621892,0.22746965852813603,2.8438221329933118,309,True
INNOVATION,threat,us10y,asset_price,b,1,0.02713150676675489,0.006350664330569017,0.08486637917102707,0.3196967636863367,0.7491982133420989,-0.11246126481894789,0.16672427835245765,-0.2142133806668145,0.26847639420032426,2.8438221329933118,308,True
INNOVATION,threat,us10y,asset_price,b,2,0.01851141212363268,0.004332961147077415,0.062139729584248814,0.2978997856521885,0.7657796515531552,-0.08369934746080268,0.12072217170806804,-0.1582029262062734,0.19522575045353874,2.8438221329933118,307,True
INNOVATION,threat,us10y,asset_price,b,3,-0.06670865141005222,-0.015614475697652229,0.06711085414920633,-0.9940068898801393,0.3202195131582549,-0.1770961832651855,0.04367888044508106,-0.2575599838036512,0.12414268098354675,2.8438221329933118,306,True
INNOVATION,threat,us10y,asset_price,b,4,0.006739137131041179,0.001577427975705286,0.06851958632077321,0.09835344159102231,0.9216516435911002,-0.1059655529458971,0.11944382720797947,-0.18811837899151942,0.2015966532536018,2.8438221329933118,305,True
INNOVATION,threat,us10y,asset_price,b,5,0.01714987222047213,0.004014265876225626,0.08435408189546123,0.20330814864093613,0.8388941868388702,-0.1216002453334388,0.15589998977438305,-0.22273813288217092,0.25703787732311517,2.8438221329933118,304,True
INNOVATION,threat,us10y,asset_price,b,6,0.03717887692506781,0.008702449501549893,0.08061293919836743,0.46120234908666813,0.6446534364978593,-0.09541760849458536,0.16977536234472096,-0.1920699837728936,0.26642773762302924,2.8438221329933118,303,True
INNOVATION,threat,us10y,asset_price,b,7,0.029758575568870294,0.006965581602911147,0.06564727230520337,0.4533101608627165,0.6503254172242497,-0.0782215783818144,0.137738729519555,-0.15693059038330592,0.2164477415210465,2.8438221329933118,302,True
INNOVATION,threat,us10y,asset_price,b,8,-0.06204115624021442,-0.014521956386321056,0.06518053427279377,-0.9518356505112336,0.3411803386703909,-0.169253594445454,0.04517128196502515,-0.24740300224551445,0.12332068976508562,2.8438221329933118,301,True
INNOVATION,threat,us10y,asset_price,b,9,-0.011663885118208754,-0.0027301623832712333,0.07343532666073879,-0.15883207236340507,0.8738011794639078,-0.1324542485224911,0.10912647828607358,-0.22050089241961157,0.19717312218319405,2.8438221329933118,300,True
INNOVATION,threat,us10y,asset_price,b,10,0.008608648673817606,0.002015024028602917,0.07241294556842531,0.11888273023893245,0.905368263995357,-0.1105000474826463,0.12771734483028152,-0.19732088864891026,0.21453818599654548,2.8438221329933118,299,True
INNOVATION,threat,us10y,asset_price,b,11,-0.11899919200917648,-0.0278541081612623,0.06817727989173918,-1.7454376619034817,0.08090871470640014,-0.23114083811478936,-0.006857545903563619,-0.31288324953258423,0.07488486551423125,2.8438221329933118,298,True
INNOVATION,threat,us10y,asset_price,b,12,-0.0021315379814943014,-0.000498928509378472,0.06584716907770717,-0.032370988933158894,0.9741761978360046,-0.11044049286344777,0.10617741690045916,-0.18938917479963074,0.18512609883664216,2.8438221329933118,297,True
INNOVATION,threat,us10y,asset_price,b,13,0.02349212837667284,0.005498796031250742,0.07917925390646709,0.29669550062221645,0.7666989924360692,-0.10674615459069109,0.15373041134403675,-0.2016795863564354,0.24866384310978107,2.8438221329933118,296,True
INNOVATION,threat,us10y,asset_price,b,14,-0.013904565735513155,-0.003254637879410971,0.07323427912750323,-0.18986417154874782,0.8494155687000364,-0.13436423537556333,0.10655510390453703,-0.22216982961211695,0.19436069814109064,2.8438221329933118,295,True
INNOVATION,threat,us10y,asset_price,b,15,-0.05836575322199272,-0.013661655812197136,0.06926953753936504,-0.8425890412336616,0.3994583221377008,-0.17230400328086848,0.055572496836883034,-0.2553559972186501,0.13862449077466465,2.8438221329933118,294,True
INNOVATION,threat,us10y,asset_price,b,16,-0.04556938956925564,-0.01066641448966195,0.057300988973081765,-0.7952635789700372,0.4264601948545421,-0.13982112910953548,0.04868234997102421,-0.20852321025331125,0.11738443111479999,2.8438221329933118,293,True
INNOVATION,threat,us10y,asset_price,b,17,0.06331393915745627,0.014819876333877739,0.055121497514382216,1.1486251646362926,0.2507105759048043,-0.027352855952071875,0.15398073426698441,-0.09344179547767971,0.22006967379259224,2.8438221329933118,292,True
INNOVATION,threat,us10y,asset_price,b,18,0.0753884659802391,0.01764615750805513,0.06141450157307071,1.227535257133728,0.21962147871217863,-0.02562939967964316,0.17640633164012137,-0.09926345288001195,0.2500403848404902,2.8438221329933118,291,True
INNOVATION,threat,us10y,asset_price,b,19,0.03673415153214897,0.008598352751082327,0.07612740948451165,0.48253515758503046,0.6294258293518704,-0.08848429406886991,0.16195259713316784,-0.17975866048735023,0.25322696355164814,2.8438221329933118,290,True
INNOVATION,threat,us10y,asset_price,b,20,0.07359179023948498,0.017225610111314633,0.06722217367235393,1.0947546950531093,0.27362411946749987,-0.03697884593704816,0.1841624264160181,-0.11757611507787544,0.2647596955568454,2.8438221329933118,289,True
INNOVATION,threat,us10y,asset_price,b,21,0.0013775992625840866,0.00032245428069741297,0.09145827369642641,0.015062598569886567,0.9879822395925716,-0.14905787394170333,0.15181307246687148,-0.2587134637206734,0.26146866224584153,2.8438221329933118,288,True
INNOVATION,threat,us10y,asset_price,b,22,-0.16915132260543503,-0.039593203583340585,0.06523466343626722,-2.5929668936008543,0.009515192960393583,-0.2764527953615378,-0.06184984984933231,-0.3546671023238612,0.0163644571129912,2.8438221329933118,287,True
INNOVATION,threat,us10y,asset_price,b,23,-0.07651184547911444,-0.017909106638545065,0.07556178150504467,-1.0125733400555987,0.31126399933268367,-0.20079991584660184,0.04777622488837295,-0.29139611213156513,0.13837242117333626,2.8438221329933118,286,True
INNOVATION,threat,us10y,asset_price,b,24,0.10913451222904426,0.025545085276881443,0.06370267998572467,1.7131855716823932,0.08667840516642862,0.004352928007996082,0.21391609645009244,-0.0720245790453496,0.29029360350343814,2.8438221329933118,285,True
INNOVATION,threat,ip,real_macro,b,0,0.3505274873350442,0.08204787260213424,0.23664511436320343,1.4812369495913356,0.13854344323669046,-0.03871908732561691,0.7397740619957053,-0.3186548302177487,1.019709804887837,2.8277884348194506,309,True
INNOVATION,threat,ip,real_macro,b,1,0.19209858034002653,0.044964461893181755,0.5572519385550446,0.3447248309950047,0.7303012486957607,-0.7244992919179776,1.1086964525980305,-1.3836920067866478,1.767889167466701,2.8277884348194506,308,True
INNOVATION,threat,ip,real_macro,b,2,-0.5040400808769164,-0.11798052317258072,0.6244846306043826,-0.8071296813007252,0.41959177331759245,-1.5312258905019855,0.5231457287481528,-2.2699504970224864,1.2618703352686538,2.8277884348194506,307,True
INNOVATION,threat,ip,real_macro,b,3,0.3126637339932613,0.0731851142659932,0.35546222462208404,0.8795976402996839,0.37907731763407626,-0.2720195954206125,0.8973470634071351,-0.6925082338082617,1.3178357017947842,2.8277884348194506,306,True
INNOVATION,threat,ip,real_macro,b,4,0.4272424593984884,0.10000452502443481,0.49180792043234034,0.8687181349639641,0.38500131974571705,-0.3817095822881077,1.2361945010850843,-0.9634862901526883,1.8179712089496651,2.8277884348194506,305,True
INNOVATION,threat,ip,real_macro,b,5,0.15951529753625954,0.037337701844297244,0.2607923790063231,0.6116562843747514,0.5407651907361736,-0.269449992953594,0.588480588026113,-0.5779503757068718,0.896980970779391,2.8277884348194506,304,True
INNOVATION,threat,ip,real_macro,b,6,0.1273160052956574,0.02980082236097551,0.25704357494597896,0.4953090359189663,0.6203819935751104,-0.29548305123880864,0.5501150618301234,-0.5995488431812286,0.8541808537725435,2.8277884348194506,303,True
INNOVATION,threat,ip,real_macro,b,7,0.2016864965391813,0.04720870280224425,0.23077771395973767,0.8739426917729511,0.3821494637699956,-0.17790906328706263,0.5812820563654253,-0.4509040540102362,0.8542770470885988,2.8277884348194506,302,True
INNOVATION,threat,ip,real_macro,b,8,-0.16696267832078712,-0.039080908217281204,0.2193708064746751,-0.7610979829262826,0.44659854516950404,-0.527795544997926,0.19387018835635175,-0.7872969078068893,0.453371551165315,2.8277884348194506,301,True
INNOVATION,threat,ip,real_macro,b,9,-0.05786190700547622,-0.013543720666802105,0.20072902107942425,-0.2882588013149403,0.7731486410326409,-0.3880317653623857,0.27230795135143326,-0.6254811113465019,0.5097572973355494,2.8277884348194506,300,True
INNOVATION,threat,ip,real_macro,b,10,-0.2562129258105902,-0.05997168911274056,0.30483064326883985,-0.8405090874824808,0.4006230085063952,-0.7576147149972918,0.24518886337611145,-1.1182094934247893,0.6057836418036088,2.8277884348194506,299,True
INNOVATION,threat,ip,real_macro,b,11,0.25740894035072687,0.06025163990737151,0.24740469701033582,1.040436755895435,0.29813703257326774,-0.14953557285155405,0.6643534535530078,-0.44219920057511114,0.9570170812765648,2.8277884348194506,298,True
INNOVATION,threat,ip,real_macro,b,12,0.23998051411922075,0.05617217297035636,0.39398663640412407,0.6091082588726828,0.5424526836848402,-0.40806983374051364,0.8880308619789551,-0.8741303397777772,1.3540913680162188,2.8277884348194506,297,True
INNOVATION,threat,ip,real_macro,b,13,0.06589448838455855,0.015423904782084562,0.27705923595855214,0.23783537898161358,0.8120087774037379,-0.3898274007622696,0.5216163775313868,-0.7175704148189485,0.8493593915880656,2.8277884348194506,296,True
INNOVATION,threat,ip,real_macro,b,14,-0.2576297205747742,-0.0603033178737228,0.22527915197399007,-1.143602141242609,0.2527886732690271,-0.6281809507757437,0.1129215096261953,-0.8946715011327567,0.37941205998320837,2.8277884348194506,295,True
INNOVATION,threat,ip,real_macro,b,15,0.2039444833664131,0.04773722915818429,0.25400716943286683,0.8029083738926309,0.4220276956377417,-0.21386013054691502,0.6217490972797413,-0.5143340527170723,0.9222230194498986,2.8277884348194506,294,True
INNOVATION,threat,ip,real_macro,b,16,0.22398960876057045,0.052429186148882756,0.21899652748395534,1.022799819403442,0.3064025034442609,-0.13622762376119124,0.5842068412823321,-0.3952862389241784,0.8432654564453193,2.8277884348194506,293,True
INNOVATION,threat,ip,real_macro,b,17,-0.170433409606662,-0.03989330133527801,0.21250314372832774,-0.8020277094090932,0.42253692975920143,-0.5199699763067919,0.17910315709346789,-0.7713473418044027,0.4304805225910787,2.8277884348194506,292,True
INNOVATION,threat,ip,real_macro,b,18,0.06405794970095909,0.014994026677270397,0.47759173434384605,0.13412700659270632,0.893302144418621,-0.72151054673656,0.8496264461384783,-1.2864704332419323,1.4145863326438504,2.8277884348194506,291,True
INNOVATION,threat,ip,real_macro,b,19,-0.21189121000893443,-0.04959731727888098,0.19625912218838346,-1.0796502483362083,0.28029795645661215,-0.5347087389628091,0.11092631894494023,-0.7668704859610626,0.34308806594319374,2.8277884348194506,290,True
INNOVATION,threat,ip,real_macro,b,20,-0.19487005518733716,-0.04561318024882618,0.26304855670378363,-0.7408140064679328,0.45880622143619254,-0.6275464277459056,0.23780631737123134,-0.938715721630245,0.5489756112555707,2.8277884348194506,289,True
INNOVATION,threat,ip,real_macro,b,21,0.15450882321576526,0.03616583777635571,0.25117452572797927,0.6151452770457205,0.5384587832026533,-0.25863650642571734,0.5676541528572479,-0.5557595957590751,0.8647772421906057,2.8277884348194506,288,True
INNOVATION,threat,ip,real_macro,b,22,-0.3113457171084062,-0.07287660641607188,0.3358054225963971,-0.927161076498193,0.353842908750748,-0.8636964844160618,0.24100505019924945,-1.2609324074761563,0.6382409732593438,2.8277884348194506,287,True
INNOVATION,threat,ip,real_macro,b,23,-0.26998872416776687,-0.06319618644730186,0.2774092695004366,-0.973250550185173,0.3304287926648922,-0.7262863672555184,0.1863089189199847,-1.0544434481728135,0.5144659998372799,2.8277884348194506,286,True
INNOVATION,threat,ip,real_macro,b,24,-0.23013064645278,-0.05386661715335549,0.5425545835311881,-0.4241612796909515,0.6714481971197814,-1.1225535209932003,0.6622922280876402,-1.7643602230205573,1.3040989301149974,2.8277884348194506,285,True
INNOVATION,threat,cpi,real_macro,b,0,-0.017275650605608015,-0.004043706788258488,0.0804715654058571,-0.2146801857088095,0.830016671917341,-0.1496395968298947,0.11508829561867867,-0.2446056725316981,0.21005437132048208,2.8249732781952805,309,True
INNOVATION,threat,cpi,real_macro,b,1,0.07369774136983381,0.01725041006326991,0.09293159325062837,0.7930321518439639,0.42775909063294737,-0.0791611268468412,0.22655660958650883,-0.18883152626330424,0.33622700900297187,2.8249732781952805,308,True
INNOVATION,threat,cpi,real_macro,b,2,-0.06409967609890979,-0.015003793563768325,0.09389218701594007,-0.6826944619793295,0.4947999298919179,-0.21853858045448474,0.09033922825666515,-0.32934259545025435,0.2011432432524348,2.8249732781952805,307,True
INNOVATION,threat,cpi,real_macro,b,3,-0.011211052669580805,-0.002624168016502428,0.08218867656532752,-0.13640629266818427,0.8915000993472326,-0.14639939541240124,0.12397729007323963,-0.24339186773686572,0.2209697623977041,2.8249732781952805,306,True
INNOVATION,threat,cpi,real_macro,b,4,-0.020606579548379803,-0.004823376410236173,0.07618333769826417,-0.2704866992044288,0.7867858481968663,-0.14591701887463845,0.10470385977787885,-0.23582247278970322,0.19460931369294363,2.8249732781952805,305,True
INNOVATION,threat,cpi,real_macro,b,5,-0.013583853674387636,-0.003179568895425578,0.06755073778921561,-0.20109112230238707,0.840627323586165,-0.1246949297302268,0.09752722238145153,-0.20441288285129788,0.1772451755025226,2.8249732781952805,304,True
INNOVATION,threat,cpi,real_macro,b,6,0.04951888908593113,0.011590872755831094,0.07329545124626177,0.6756065791798601,0.49929046325096593,-0.07104139973552734,0.1700791779073896,-0.15753880209802334,0.2565765802698856,2.8249732781952805,303,True
INNOVATION,threat,cpi,real_macro,b,7,-0.03991620295513773,-0.009343174652930138,0.07440258531137552,-0.5364894618659829,0.5916203171163621,-0.1622975652591201,0.08246515934884462,-0.25010151828841826,0.1702691123781428,2.8249732781952805,302,True
INNOVATION,threat,cpi,real_macro,b,8,0.05501382750591948,0.012877071481264697,0.07161615949359389,0.768176175529777,0.44238252564618274,-0.06278427218545354,0.1728119271972925,-0.1472999093504545,0.2573275643622935,2.8249732781952805,301,True
INNOVATION,threat,cpi,real_macro,b,9,0.0023813857808405864,0.0005574103150894563,0.08206167997510465,0.029019461721512842,0.9768490689208763,-0.1325980661599413,0.13736083772162244,-0.2294406673126428,0.234203438874324,2.8249732781952805,300,True
INNOVATION,threat,cpi,real_macro,b,10,0.06685148157955033,0.0156479079161633,0.07672440205000661,0.8713196817875307,0.38357962686848557,-0.05934892940808602,0.1930518925671867,-0.14989290399722954,0.2835958671563302,2.8249732781952805,299,True
INNOVATION,threat,cpi,real_macro,b,11,0.03356470918855228,0.007856482252981642,0.06300507052438072,0.5327302851849668,0.5942202986277751,-0.07006940957980863,0.13719882795691318,-0.14442293143363236,0.21155234981073692,2.8249732781952805,298,True
INNOVATION,threat,cpi,real_macro,b,12,-0.006112371737816623,-0.0014307211724081121,0.06742953980630748,-0.09064827900908885,0.9277720687150195,-0.11702409485189014,0.1047993513762569,-0.19659901985164022,0.18437427637600698,2.8249732781952805,297,True
INNOVATION,threat,cpi,real_macro,b,13,-0.05194538989627205,-0.012158843133473781,0.07185089431344362,-0.7229609372663416,0.46970388356282744,-0.1701295940074467,0.06623881421490259,-0.2549222463461835,0.15103146655363942,2.8249732781952805,296,True
INNOVATION,threat,cpi,real_macro,b,14,0.013516089109855637,0.0031637072624337375,0.08373734383613833,0.16141053072216663,0.87177007310941,-0.124219584610299,0.15125176283001027,-0.22303966961428542,0.2500718478339967,2.8249732781952805,295,True
INNOVATION,threat,cpi,real_macro,b,15,-0.0031704676278747155,-0.0007421104861097971,0.08780167998508644,-0.03610941873109075,0.971195112165665,-0.14759137940377662,0.1412504441480272,-0.2512078673663973,0.24486693211064786,2.8249732781952805,294,True
INNOVATION,threat,cpi,real_macro,b,16,0.012533358662746892,0.002933679816827033,0.07293630881653411,0.17183977179697466,0.8635634971979143,-0.10743619343058187,0.13250291075607565,-0.19350976475416082,0.21857648207965458,2.8249732781952805,293,True
INNOVATION,threat,cpi,real_macro,b,17,-0.052629413182304914,-0.012318952276000668,0.06707423236873891,-0.7846442862435762,0.43266215682148057,-0.16295670756901096,0.05769788120440112,-0.24211232727945328,0.13685350091484347,2.8249732781952805,292,True
INNOVATION,threat,cpi,real_macro,b,18,-0.0521386700600092,-0.012204084168267916,0.09048438601116174,-0.5762173161409042,0.564468302284883,-0.20097224057294563,0.09669490045292725,-0.307754642635448,0.2034773025154296,2.8249732781952805,291,True
INNOVATION,threat,cpi,real_macro,b,19,0.039463926203152505,0.009237310357921736,0.07915846623343335,0.4985433407309316,0.6181011291388498,-0.09074016408482599,0.169668016491131,-0.18415662564922014,0.26308447805552515,2.8249732781952805,290,True
INNOVATION,threat,cpi,real_macro,b,20,0.11504159131111946,0.02692775365379416,0.07644793381756765,1.5048358479596087,0.13236628486287383,-0.01070406990165279,0.24078725252389171,-0.10092177889675047,0.3310049615189894,2.8249732781952805,289,True
INNOVATION,threat,cpi,real_macro,b,21,-0.031535867894365646,-0.0073815919289704325,0.06867981302929926,-0.45917230265190495,0.6461104386315039,-0.14450410745395753,0.08143237166522622,-0.2255545044535841,0.16248276866485284,2.8249732781952805,288,True
INNOVATION,threat,cpi,real_macro,b,22,0.06479544788562502,0.015166652674620324,0.07567335509048118,0.8562518182014046,0.3918585058563937,-0.05967614469853959,0.18926704046978965,-0.1489797581163671,0.27857065388761715,2.8249732781952805,287,True
INNOVATION,threat,cpi,real_macro,b,23,-0.0053472948447422525,-0.0012516398343622817,0.08649037634270586,-0.06182531595832529,0.9507019428287852,-0.14761130406843978,0.13691671437895528,-0.24968029683393955,0.23898570714445505,2.8249732781952805,286,True
INNOVATION,threat,cpi,real_macro,b,24,-0.047182189422790094,-0.011043922108027565,0.09538227167920926,-0.4946641403286532,0.6208372183015438,-0.20407206494120814,0.10970768609562795,-0.31663455813011876,0.22227017928453854,2.8249732781952805,285,True
INNOVATION,threat,infl_exp,real_macro,b,0,-0.06734718787166516,-0.01576393775169126,0.1688465030597249,-0.3988663469556305,0.689991687076252,-0.34507497082752653,0.2103805950841962,-0.5473962267786856,0.4127018510353552,2.8431091565883126,309,True
INNOVATION,threat,infl_exp,real_macro,b,1,-0.03846724804716368,-0.009004018175931631,0.10854495303357097,-0.3543900197300418,0.723046612977299,-0.21700780773171008,0.14007331163738274,-0.34707239791835764,0.2701379018240303,2.8431091565883126,308,True
INNOVATION,threat,infl_exp,real_macro,b,2,0.04026099637331343,0.009423880353540413,0.1527314314842578,0.2636064887368202,0.7920831580491197,-0.21095985265305828,0.29148184539968514,-0.3939711349784204,0.47449312772504726,2.8431091565883126,307,True
INNOVATION,threat,infl_exp,real_macro,b,3,0.009689991451583113,0.002268133635338378,0.10018378852219399,0.09672215030515104,0.9229470489023283,-0.15509767646088696,0.17447765936405318,-0.2751434550375737,0.29452343794073993,2.8431091565883126,306,True
INNOVATION,threat,infl_exp,real_macro,b,4,-0.08246352326352162,-0.019302214221452653,0.0777797331103506,-1.060218645216047,0.28904514056066877,-0.2103997993733993,0.04547275284635606,-0.30359979466655457,0.1386727481395113,2.8431091565883126,305,True
INNOVATION,threat,infl_exp,real_macro,b,5,0.04468044494857018,0.010458339466664857,0.0995071359606484,0.44901749525018725,0.6534190360010486,-0.1189942285438556,0.20835511844099597,-0.23822920444702747,0.32759009434416786,2.8431091565883126,304,True
INNOVATION,threat,infl_exp,real_macro,b,6,0.103974710846688,0.024337331985718767,0.08247939352813681,1.2606143959002114,0.2074478094175236,-0.03169181874682561,0.2396412404402016,-0.13052320812300858,0.3384726298163846,2.8431091565883126,303,True
INNOVATION,threat,infl_exp,real_macro,b,7,-0.0847318285401161,-0.01983315581399853,0.09201443959294398,-0.9208536064008552,0.3571268630725294,-0.23608211323647715,0.06661845615624495,-0.34633892428515733,0.1768752672049251,2.8431091565883126,302,True
INNOVATION,threat,infl_exp,real_macro,b,8,-0.06920675301926753,-0.016199205654604715,0.08882732640586177,-0.7791155697184254,0.43591163926968235,-0.21531470303035155,0.07690119699181648,-0.321752538079032,0.1833390320404969,2.8431091565883126,301,True
INNOVATION,threat,infl_exp,real_macro,b,9,0.044993425491538064,0.01053159873632045,0.08924558508953381,0.5041529555372327,0.614153896490063,-0.10180249883238784,0.19178934981546397,-0.2087415146615969,0.29872836564467303,2.8431091565883126,300,True
INNOVATION,threat,infl_exp,real_macro,b,10,0.03510338540553258,0.008216639772115269,0.12477133209992557,0.28134175386874405,0.7784482880900012,-0.1701271927385966,0.2403339635496618,-0.31963513136748706,0.38984190217855225,2.8431091565883126,299,True
INNOVATION,threat,infl_exp,real_macro,b,11,0.05043162533284011,0.011804516678238121,0.09321165471172921,0.5410442019166739,0.5884771163145067,-0.10288790299389595,0.2037511536595762,-0.21457928367882534,0.3154425343445056,2.8431091565883126,298,True
INNOVATION,threat,infl_exp,real_macro,b,12,-0.025768373108908435,-0.006031596009996015,0.11008419028889466,-0.23407878135165755,0.8149238183963433,-0.20684075277561287,0.15530400655779597,-0.33874974251487505,0.28721299629705815,2.8431091565883126,297,True
INNOVATION,threat,infl_exp,real_macro,b,13,-0.06066235752567184,-0.014199221350233443,0.10808930171754311,-0.5612244372176032,0.5746445458627456,-0.2384534374904246,0.11712872243908093,-0.36797204096805547,0.2466473259167118,2.8431091565883126,296,True
INNOVATION,threat,infl_exp,real_macro,b,14,0.08218430282596605,0.019236857170390424,0.11992610280116063,0.6852911993832478,0.4931601841178078,-0.11507658233267813,0.2794451879846102,-0.258778698161965,0.42314730381389715,2.8431091565883126,295,True
INNOVATION,threat,infl_exp,real_macro,b,15,-0.025627840354167344,-0.005998701546725569,0.11897169714493055,-0.21541123619466968,0.8294467104150618,-0.2213188679075785,0.1700631871992438,-0.363877361881771,0.31262168117343636,2.8431091565883126,294,True
INNOVATION,threat,infl_exp,real_macro,b,16,-0.16580560934874486,-0.03881007340106816,0.09275824903222805,-1.7875025787856036,0.07385629569482115,-0.31837935169907305,-0.013231866998416664,-0.4295274365213715,0.09791621782388174,2.8431091565883126,293,True
INNOVATION,threat,infl_exp,real_macro,b,17,0.2172378512536756,0.05084880412527068,0.0926301316224298,2.345217991691516,0.019015957906323155,0.06487484328952967,0.3696008592178215,-0.046119724138035195,0.48059542664538635,2.8431091565883126,292,True
INNOVATION,threat,infl_exp,real_macro,b,18,-0.15632575922175523,-0.03659112748781051,0.0969290818695699,-1.6127848959934534,0.1067912486750422,-0.3157599110919935,0.003108392648483005,-0.43190571942482764,0.11925420098131717,2.8431091565883126,291,True
INNOVATION,threat,infl_exp,real_macro,b,19,0.005072430084815974,0.0011873023155653845,0.10439889211090407,0.048587010668920474,0.9612484217242269,-0.16664846625352003,0.176793326423152,-0.2917450160133708,0.30188987618300267,2.8431091565883126,290,True
INNOVATION,threat,infl_exp,real_macro,b,20,0.07863702116683527,0.01840654592756895,0.10011592720364791,0.7854596502600236,0.43218411893021935,-0.08603902480969455,0.2433130671433651,-0.20600348818618505,0.36327753051985556,2.8431091565883126,289,True
INNOVATION,threat,infl_exp,real_macro,b,21,-0.11388655082956331,-0.026657393645791578,0.10311976838453146,-1.1044104599312399,0.2694151254396515,-0.28350347586725566,0.05573037420812901,-0.4070673085488907,0.17929420688976408,2.8431091565883126,288,True
INNOVATION,threat,infl_exp,real_macro,b,22,0.07416129155206981,0.017358913126998096,0.09551545486172132,0.7764323758854926,0.4374937346620914,-0.08294765080715212,0.23127023391129176,-0.19739957276098774,0.34572215586512733,2.8431091565883126,287,True
INNOVATION,threat,infl_exp,real_macro,b,23,0.02811794904121237,0.006581560602582876,0.08215944149518868,0.34223637027594667,0.7321730164219665,-0.10702230629045603,0.16325820437288077,-0.20547031137394034,0.2617062094563651,2.8431091565883126,286,True
INNOVATION,threat,infl_exp,real_macro,b,24,-0.06139635354150404,-0.014371027595887187,0.07872150478415563,-0.7799184442655795,0.43543888122400876,-0.1908817062048001,0.06808899912179202,-0.2852101846137476,0.16241747753073948,2.8431091565883126,285,True
INNOVATION,threat,freight,physical_channel,b,0,-0.005139501691106774,-0.0012030017480121988,0.007023537865630195,-0.7317539663674364,0.4643187508308493,-0.016692193423419602,0.006413190041206055,-0.025063086472421305,0.014784083090207758,2.8366878861450924,309,True
INNOVATION,threat,freight,physical_channel,b,1,0.008632417103288714,0.0020205874983553885,0.008953312887227265,0.9641589891942302,0.3349662218340762,-0.00609447207249841,0.02335930627907584,-0.01676533710477561,0.03403017131135304,2.8366878861450924,308,True
INNOVATION,threat,freight,physical_channel,b,2,0.013615574939299767,0.003186993883183532,0.008897893216500887,1.530202106050236,0.1259667102450282,-0.0010201569900886182,0.028251306868688153,-0.011624970960160892,0.03885612083876042,2.8366878861450924,307,True
INNOVATION,threat,freight,physical_channel,b,3,0.013233437916834052,0.0030975471753826762,0.007159662769759737,1.8483325740882819,0.0645542462094944,0.0014568406422453255,0.02501003519142278,-0.007076290731027413,0.03354316656469552,2.8366878861450924,306,True
INNOVATION,threat,freight,physical_channel,b,4,0.006820548224189225,0.0015964838478989176,0.006278228322658898,1.0863810415389048,0.27731044567063656,-0.0035062184031657215,0.017147314851544172,-0.010988826005150294,0.024629922453528744,2.8366878861450924,305,True
INNOVATION,threat,freight,physical_channel,b,5,-7.894376050135475e-05,-1.8478344319278704e-05,0.00561239626426284,-0.014065963411035734,0.9887773550319361,-0.00931051411166298,0.009152626590660271,-0.015999560255581725,0.015841672734579017,2.8366878861450924,304,True
INNOVATION,threat,freight,physical_channel,b,6,0.002977267677791196,0.0006968882269035174,0.006134480673259888,0.4853332884019119,0.627439945937232,-0.0071130551070840405,0.013067590462666433,-0.014424339335836318,0.020378874691418712,2.8366878861450924,303,True
INNOVATION,threat,freight,physical_channel,b,7,0.009772556465952039,0.0022874596055549733,0.007379140192398582,1.3243489364816472,0.18538718506352203,-0.0023650490432981525,0.02191016197520223,-0.011159761127991382,0.03070487405989546,2.8366878861450924,302,True
INNOVATION,threat,freight,physical_channel,b,8,0.00997671653940019,0.002335247297824325,0.006518704589955009,1.5304753270724678,0.12589911609571364,-0.000745598348412516,0.020699031427212897,-0.008514813804283596,0.028468246883083977,2.8366878861450924,301,True
INNOVATION,threat,freight,physical_channel,b,9,-0.011059965985411691,-0.0025888031978719916,0.006869329361222732,-1.6100503271607625,0.10738686984244575,-0.02235900729994314,0.00023907532911975928,-0.03054610937033302,0.008426177399509637,2.8366878861450924,300,True
INNOVATION,threat,freight,physical_channel,b,10,-0.000677899810715148,-0.0001586758223425827,0.006551989830336134,-0.10346472266736867,0.9175941464284142,-0.0114549640468927,0.010099164425462402,-0.019263849992575497,0.017908050371145203,2.8366878861450924,299,True
INNOVATION,threat,freight,physical_channel,b,11,0.007552031373697854,0.0017677019076230791,0.008195829316440743,0.9214481027012803,0.35681652455621227,-0.005928908203324908,0.021032970950720615,-0.015696978365162415,0.030801041112558124,2.8366878861450924,298,True
INNOVATION,threat,freight,physical_channel,b,12,-0.00867589369175811,-0.0020307640514669076,0.00670944505872796,-1.293086628747649,0.19598109919868245,-0.019711948731438427,0.002360161347922208,-0.02770849521260776,0.010356707829091542,2.8366878861450924,297,True
INNOVATION,threat,freight,physical_channel,b,13,-0.006906643460396521,-0.0016166361361707783,0.007006942188940169,-0.9856858061849061,0.3242873167302611,-0.018432037733714046,0.0046187508129210035,-0.026783151486682075,0.012969864565889035,2.8366878861450924,296,True
INNOVATION,threat,freight,physical_channel,b,14,0.005262491964217368,0.0012317900474297402,0.007151648233805173,0.7358432339194285,0.4618261068062739,-0.006500922571838162,0.017025906500272896,-0.015024501946588713,0.025549485875023446,2.8366878861450924,295,True
INNOVATION,threat,freight,physical_channel,b,15,-0.00023175570367570082,-5.424699385080387e-05,0.007241301889432594,-0.032004701255986506,0.9744683017593888,-0.012142637380359452,0.01167912597300805,-0.02077306905334871,0.020309557645997307,2.8366878861450924,294,True
INNOVATION,threat,freight,physical_channel,b,16,-0.006867794313300976,-0.0016075427269895744,0.006992021948422698,-0.9822329454858554,0.32598510040627227,-0.01836864697488835,0.004633058348286398,-0.02670197827405225,0.0129663896474503,2.8366878861450924,293,True
INNOVATION,threat,freight,physical_channel,b,17,-0.003133134900779834,-0.0007333720249412916,0.007135870086769103,-0.4390683774623507,0.6606119915725963,-0.01487059669445651,0.008604326892896842,-0.02337537113302288,0.01710910133146321,2.8366878861450924,292,True
INNOVATION,threat,freight,physical_channel,b,18,-0.00877692907136633,-0.002054413374997647,0.007254464296544857,-1.209865913262071,0.22633034886649217,-0.020709460981128098,0.003155602838395437,-0.029355580061847207,0.011801721919114544,2.8366878861450924,291,True
INNOVATION,threat,freight,physical_channel,b,19,0.009069476424147398,0.0021228898534432017,0.010407812702610998,0.8714104186244769,0.3835300990977555,-0.008049852048373905,0.0261888048966687,-0.020454239790616235,0.038593192638911034,2.8366878861450924,290,True
INNOVATION,threat,freight,physical_channel,b,20,-0.0006058063199222519,-0.00014180091877085554,0.006921947589157216,-0.08751963405085705,0.9302584795955711,-0.011991396917515499,0.010779784277670994,-0.020241211194615756,0.01902959855477125,2.8366878861450924,289,True
INNOVATION,threat,freight,physical_channel,b,21,-0.007468423133604361,-0.0017481317498479125,0.00752767080232412,-0.9921293491339358,0.32113443128848174,-0.019850339755303887,0.0049134934880951655,-0.0288220757094453,0.013885229442236576,2.8366878861450924,288,True
INNOVATION,threat,freight,physical_channel,b,22,4.679530129601974e-05,1.0953363310548179e-05,0.0061439782823308284,0.007616449659432569,0.9939230111633264,-0.01005914966030692,0.01015274026289896,-0.017381753464930375,0.01747534406752241,2.8366878861450924,287,True
INNOVATION,threat,freight,physical_channel,b,23,-0.0026246558447563955,-0.0006143524720764182,0.0056124030630909155,-0.46765277105934017,0.6400329206273636,-0.011856237378995039,0.006606925689482249,-0.01854529162599001,0.013295979936477216,2.8366878861450924,286,True
INNOVATION,threat,freight,physical_channel,b,24,-0.010427831768810042,-0.0024408397155628063,0.006716798029961142,-1.5525004209290434,0.12054253207137391,-0.02147598136989213,0.0006203178322720451,-0.029481291374084034,0.00862562783646395,2.8366878861450924,285,True
LEVEL_PLUS_JUMP,pooled,oil,asset_price,a,0,-0.005350767525294997,-0.008742583273798553,0.0028393752311728134,-1.8844876388827427,0.059499045281195845,-0.010021124172565773,-0.0006804108780242204,-0.013216203339445613,0.0025146682888556203,2.770129050855238,309,True
LEVEL_PLUS_JUMP,pooled,oil,asset_price,a,1,-0.00217599640136129,-0.003555345967182202,0.0033645730218830987,-0.646737754600261,0.51780168378544,-0.0077102265395487795,0.0033582337368261994,-0.011496297873003457,0.007144305070280878,2.770129050855238,308,True
LEVEL_PLUS_JUMP,pooled,oil,asset_price,a,2,0.0012507011954983821,0.0020435123186708024,0.0029287853027035716,0.42703751427045733,0.6693520039093207,-0.0035667219322157526,0.006068124323212517,-0.006862412055238634,0.009363814446235397,2.770129050855238,307,True
LEVEL_PLUS_JUMP,pooled,oil,asset_price,a,3,-0.004176967704234523,-0.006824719596507646,0.002012611201897377,-2.0753972254038495,0.0379497351368886,-0.0074874185393185855,-0.0008665168691504611,-0.009752160462687124,0.0013982250542180774,2.770129050855238,306,True
LEVEL_PLUS_JUMP,pooled,oil,asset_price,a,4,0.002800307402888898,0.0045754035372039484,0.002818896701897026,0.993405469950134,0.3205123969955086,-0.001836365061227968,0.007436979867005764,-0.005008400242396072,0.010609015048173869,2.770129050855238,305,True
LEVEL_PLUS_JUMP,pooled,oil,asset_price,a,5,0.0034567756417322273,0.0056480026022091645,0.004978825738806521,0.6942953666341521,0.487496996098173,-0.004732663932703022,0.011646215216167476,-0.010335214176481512,0.017248765459945966,2.770129050855238,304,True
LEVEL_PLUS_JUMP,pooled,oil,asset_price,a,6,0.0037251920233783726,0.0060865663330196785,0.0020819682395607445,1.7892645779093714,0.07357221585372264,0.00030065901333911063,0.007149725033417634,-0.0020421286799867837,0.009492512726743528,2.770129050855238,303,True
LEVEL_PLUS_JUMP,pooled,oil,asset_price,a,7,-0.0044959316390243975,-0.007345872636339103,0.0020727494829754236,-2.1690665832759035,0.030077629253391934,-0.00790530114385831,-0.0010865621341904835,-0.010237715196959794,0.0012458519189109977,2.770129050855238,302,True
LEVEL_PLUS_JUMP,pooled,oil,asset_price,a,8,0.0036888561709690106,0.006027197426781169,0.0019112740933879676,1.9300508408137635,0.05360053863979549,0.0005450900463614254,0.006832622295576596,-0.0016056197192720056,0.008983332061210027,2.770129050855238,301,True
LEVEL_PLUS_JUMP,pooled,oil,asset_price,a,9,-0.00013535778719247268,-0.00022116018322475227,0.0016592580597034362,-0.08157729679292053,0.9349828556431975,-0.002864594424744132,0.0025938788503591867,-0.004731716741242656,0.004461001166857711,2.770129050855238,300,True
LEVEL_PLUS_JUMP,pooled,oil,asset_price,a,10,0.0029390962691379914,0.0048021697375523545,0.0017083385090666018,1.7204413841515802,0.0853522398886597,0.00012912947643892083,0.005749063061837062,-0.0017932218635221269,0.00767141440179811,2.770129050855238,299,True
LEVEL_PLUS_JUMP,pooled,oil,asset_price,a,11,0.0007406128928587127,0.0012100824524438989,0.002086393862655336,0.3549727144596471,0.7226100325434758,-0.002691199619379208,0.004172425405096634,-0.005038967357608906,0.006520193143326332,2.770129050855238,298,True
LEVEL_PLUS_JUMP,pooled,oil,asset_price,a,12,-0.003221109379478316,-0.005262949072441754,0.0028369235703080684,-1.135423390743138,0.2561979637366274,-0.007887433403483662,0.0014452146445270296,-0.01107975377664466,0.004637535017688026,2.770129050855238,297,True
LEVEL_PLUS_JUMP,pooled,oil,asset_price,a,13,0.00010608430037505734,0.00017333042889402413,0.0015766744343612825,0.06728357995988725,0.9463559485579939,-0.002487314361505759,0.002699482962255874,-0.004261507353989881,0.004473675954739996,2.770129050855238,296,True
LEVEL_PLUS_JUMP,pooled,oil,asset_price,a,14,0.0018917336273559552,0.003090890921876229,0.0033596047737426173,0.5630821941143256,0.5733789156825553,-0.0036343244698580695,0.0074177917245699795,-0.007414805155780408,0.011198272410492318,2.770129050855238,295,True
LEVEL_PLUS_JUMP,pooled,oil,asset_price,a,15,0.0021265863004915012,0.003474615133824403,0.002359273224831942,0.9013734730291716,0.36738978066427175,-0.0017540728203428147,0.006007245421325818,-0.004408904998520383,0.008662077599503385,2.770129050855238,294,True
LEVEL_PLUS_JUMP,pooled,oil,asset_price,a,16,0.0028852121002925146,0.0047141287544515175,0.002236787931660204,1.2898907667795905,0.19708858703668053,-0.0007939766418200533,0.006564400842405083,-0.003310979129801817,0.009081403330386846,2.770129050855238,293,True
LEVEL_PLUS_JUMP,pooled,oil,asset_price,a,17,-0.005688521407250758,-0.00929443708263772,0.003652650671811154,-1.5573680371767182,0.11938313029840418,-0.011696597112766067,0.00031955429826455075,-0.01580683514586074,0.004429792331359221,2.770129050855238,292,True
LEVEL_PLUS_JUMP,pooled,oil,asset_price,a,18,-0.006423415317404455,-0.010495175327488289,0.0025623031824147696,-2.5068912068988225,0.01217981934127645,-0.010638029000348688,-0.002208801634460222,-0.013521325800110437,0.0006744951653015266,2.770129050855238,291,True
LEVEL_PLUS_JUMP,pooled,oil,asset_price,a,19,0.005106287670535239,0.008343129274180896,0.0021917194769181985,2.3298089579033388,0.01981625050825494,0.0015012299396661563,0.008711345401404322,-0.0009650581238011095,0.011177633464871587,2.770129050855238,290,True
LEVEL_PLUS_JUMP,pooled,oil,asset_price,a,20,0.0028018656660558083,0.004577949572970743,0.0019943513791235907,1.4049007087643084,0.16005080580668407,-0.00047855043331130036,0.006082281765422917,-0.0027227450268676586,0.008326476358979276,2.770129050855238,289,True
LEVEL_PLUS_JUMP,pooled,oil,asset_price,a,21,0.0006787821538268015,0.0011090576214618823,0.0015366498942491749,0.44172856573713065,0.658685636020026,-0.00184878199808355,0.003206346305737153,-0.0035779363592264675,0.00493550066688007,2.770129050855238,288,True
LEVEL_PLUS_JUMP,pooled,oil,asset_price,a,22,0.002642710222769103,0.0043179065586116715,0.00137373418776132,1.9237420501820266,0.054386924405989176,0.00038311856156266096,0.004902301883975545,-0.001162710758901554,0.00644813120443976,2.770129050855238,287,True
LEVEL_PLUS_JUMP,pooled,oil,asset_price,a,23,-0.0036077818177125427,-0.005894730583218394,0.0017052867937106895,-2.115645198812594,0.03437499463969779,-0.006412728985340017,-0.0008028346500850679,-0.008331646305010307,0.0011160826695852215,2.770129050855238,286,True
LEVEL_PLUS_JUMP,pooled,oil,asset_price,a,24,0.0038991421476377154,0.006370782277673538,0.0036513477966016858,1.0678638039538857,0.2855819520200612,-0.002106790518863834,0.009905074814139265,-0.006215562458504877,0.014013846753780309,2.770129050855238,285,True
LEVEL_PLUS_JUMP,pooled,dxy,asset_price,a,0,0.0007513969587511385,0.0012277024655820076,0.00044115700621854523,1.7032415855567375,0.08852286727243366,2.575825701751119e-05,0.0014770356604847656,-0.0004545595362254516,0.0019573534537277283,2.7336219939328585,309,True
LEVEL_PLUS_JUMP,pooled,dxy,asset_price,a,1,-0.00011726265788367625,-0.00019159467246681965,0.000446325358115405,-0.2627290960540853,0.7927593889743012,-0.000851402541980215,0.0006168772262128624,-0.001337347473277907,0.0011028221575105543,2.7336219939328585,308,True
LEVEL_PLUS_JUMP,pooled,dxy,asset_price,a,2,0.0005980477326980034,0.00097714619072905,0.0003560448680128451,1.679697662926088,0.09301615474152611,1.2406040189616896e-05,0.00118368942520639,-0.00037524434932883165,0.0015713398147248385,2.7336219939328585,307,True
LEVEL_PLUS_JUMP,pooled,dxy,asset_price,a,3,0.0007768662632792635,0.0012693165919125272,0.00037579896469936195,2.0672389661870256,0.03871164216593966,0.00015873197318890973,0.0013950005533696172,-0.00025042605192011024,0.001804158578478637,2.7336219939328585,306,True
LEVEL_PLUS_JUMP,pooled,dxy,asset_price,a,4,0.0001424371859280006,0.00023272716547191404,0.00032920148692134173,0.43267479518412394,0.6652510432526321,-0.00039905107383238604,0.0006839254456883872,-0.0007574752391555794,0.0010423496110115807,2.7336219939328585,305,True
LEVEL_PLUS_JUMP,pooled,dxy,asset_price,a,5,0.00011170628833725882,0.00018251615742576963,0.0007699000502942994,0.14509193536817974,0.8846382855560445,-0.0011546666017794405,0.0013780791784539581,-0.0019929094222772524,0.0022163219989517697,2.7336219939328585,304,True
LEVEL_PLUS_JUMP,pooled,dxy,asset_price,a,6,-0.0008519755767866213,-0.0013920371969232477,0.0004889880548007726,-1.7423239042797067,0.0814517828974543,-0.0016562893522616175,-4.7661801311625184e-05,-0.002188684078160459,0.00048473292458721656,2.7336219939328585,303,True
LEVEL_PLUS_JUMP,pooled,dxy,asset_price,a,7,-0.0014967928029209552,-0.0024455997501848774,0.0002795255854788707,-5.354761355232355,8.566940969521717e-08,-0.0019565714760216095,-0.001037014129820301,-0.0022609100912529554,-0.000732675514588955,2.7336219939328585,302,True
LEVEL_PLUS_JUMP,pooled,dxy,asset_price,a,8,-0.0017839000671540483,-0.002914702389050115,0.00044286131076253757,-4.028123531681855,5.6223801454561415e-05,-0.002512342100398291,-0.0010554580339098053,-0.0029945154865164553,-0.0005732846477916412,2.7336219939328585,301,True
LEVEL_PLUS_JUMP,pooled,dxy,asset_price,a,9,0.00017700386986142726,0.0002892054391697414,0.00046396652438969915,0.38150138114868926,0.7028312465555007,-0.000586153150565038,0.0009401608902878926,-0.0010913052256588405,0.001445312965381695,2.7336219939328585,300,True
LEVEL_PLUS_JUMP,pooled,dxy,asset_price,a,10,-0.00016466908942005425,-0.00026905172390124263,0.00037157753945056256,-0.44316211809665385,0.6576484770976823,-0.0007758597528790158,0.0004465215740389073,-0.0011804216237135665,0.0008510834448734579,2.7336219939328585,299,True
LEVEL_PLUS_JUMP,pooled,dxy,asset_price,a,11,0.0005371949522130303,0.0008777192396763168,0.00044401733581198033,1.2098513028340545,0.22633595614363033,-0.00019314857302663534,0.0012675384774526958,-0.000676580602650071,0.0017509705070761316,2.7336219939328585,298,True
LEVEL_PLUS_JUMP,pooled,dxy,asset_price,a,12,-0.00019489243773472575,-0.00031843345057969093,0.0003033814544909712,-0.642400630789137,0.5206130902497013,-0.0006939105235040128,0.00030412564803456127,-0.0010242226542825851,0.0006344377788131337,2.7336219939328585,297,True
LEVEL_PLUS_JUMP,pooled,dxy,asset_price,a,13,2.9008198615863262e-05,4.739630171245213e-05,0.0003232101725421981,0.08975026493659005,0.9284856714392233,-0.0005026252259577824,0.000560641623189509,-0.0008545262377083235,0.0009125426349400501,2.7336219939328585,296,True
LEVEL_PLUS_JUMP,pooled,dxy,asset_price,a,14,-0.0012972920653253244,-0.002119636829282632,0.00025453282174357734,-5.096757488636372,3.4552049290523493e-07,-0.0017159613003484401,-0.0008786228303022086,-0.001993088585021359,-0.0006014955456292896,2.7336219939328585,295,True
LEVEL_PLUS_JUMP,pooled,dxy,asset_price,a,15,-0.0006055088563058326,-0.0009893368706921,0.0002846498231950781,-2.1272061563546494,0.03340295784392302,-0.0010737161503993522,-0.00013730156221231305,-0.0013836338735609978,0.00017261616094933253,2.7336219939328585,294,True
LEVEL_PLUS_JUMP,pooled,dxy,asset_price,a,16,-0.00018602620620096033,-0.00030394697417377575,0.00036713589131119677,-0.5066957783304228,0.6123682931722918,-0.0007899110086082438,0.00041785859620632314,-0.0011896369534513912,0.0008175845410494705,2.7336219939328585,293,True
LEVEL_PLUS_JUMP,pooled,dxy,asset_price,a,17,-0.00021993242971644715,-0.0003593461260118717,0.00043295897395756455,-0.5079752192363688,0.6114707220054019,-0.0009320865683517352,0.0004922217089188409,-0.0014034786033974493,0.0009636137439645551,2.7336219939328585,292,True
LEVEL_PLUS_JUMP,pooled,dxy,asset_price,a,18,-0.0007922017625802156,-0.00129437316165697,0.0003947509359010643,-2.0068394791057917,0.04476675769758187,-0.0014415092712395693,-0.00014289425392086195,-0.001871301603084945,0.0002868980779245138,2.7336219939328585,291,True
LEVEL_PLUS_JUMP,pooled,dxy,asset_price,a,19,-0.0017068558976529188,-0.002788820435771433,0.0003848368909955145,-4.435270987761964,9.195654157686008e-06,-0.002339856253591619,-0.0010738555417142185,-0.0027588544869549996,-0.0006548573083508381,2.7336219939328585,290,True
LEVEL_PLUS_JUMP,pooled,dxy,asset_price,a,20,-0.00048694583498348694,-0.000795617543099632,0.0005822616076130579,-0.8363007772050925,0.40298571603822186,-0.00144468095210042,0.0004707892821334462,-0.002078628971777246,0.001104737301810272,2.7336219939328585,289,True
LEVEL_PLUS_JUMP,pooled,dxy,asset_price,a,21,0.0012740171610225043,0.002081608118804152,0.000330596133828997,3.8536964914462613,0.00011634780905744895,0.0007302349112377443,0.0018177994108072642,0.00037029229847838734,0.002177742023566621,2.7336219939328585,288,True
LEVEL_PLUS_JUMP,pooled,dxy,asset_price,a,22,0.00025023800131082836,0.00040886219675713073,0.0003817950712357907,0.6554249129012073,0.5121942158898435,-0.00037775900636355766,0.0008782350089852144,-0.0007934454025944915,0.0012939214052161484,2.7336219939328585,287,True
LEVEL_PLUS_JUMP,pooled,dxy,asset_price,a,23,-0.0018781342385625964,-0.003068670971479085,0.0003194208612694214,-5.879810827316158,4.1073562433239545e-09,-0.002403534800745567,-0.0013527336763796255,-0.0027513101302496634,-0.0010049583468755296,2.7336219939328585,286,True
LEVEL_PLUS_JUMP,pooled,dxy,asset_price,a,24,-0.0005566172026186865,-0.0009094531247186605,0.00030749962074866875,-1.8101394768016026,0.07027416042377538,-0.0010624090690933364,-5.0825336144036544e-05,-0.0013972049290232602,0.0002839705237858872,2.7336219939328585,285,True
LEVEL_PLUS_JUMP,pooled,vix,asset_price,a,0,0.17111287894042418,0.2795801885026941,0.16987483991653787,1.0072879481416706,0.313796419643694,-0.10830636762409387,0.45053212550494226,-0.24610456945976047,0.5883303273406089,2.456028500778397,309,True
LEVEL_PLUS_JUMP,pooled,vix,asset_price,a,1,-0.09601696991460551,-0.15688148498471152,0.1360910358961278,-0.7055348596794498,0.48047744605056586,-0.3198668039039343,0.1278328640747233,-0.4302604327759513,0.23822649294674025,2.456028500778397,308,True
LEVEL_PLUS_JUMP,pooled,vix,asset_price,a,2,-0.1269445213279898,-0.20741380439645637,0.12379736436400254,-1.0254218414112084,0.3051641867612416,-0.3305730651091523,0.07668402245317271,-0.43099437652722794,0.1771053338712483,2.456028500778397,307,True
LEVEL_PLUS_JUMP,pooled,vix,asset_price,a,3,-0.22288770540443398,-0.36417473119367366,0.10181631140511238,-2.1891158924192022,0.028588417712695494,-0.39036063450195363,-0.055414776306914326,-0.47295146805951854,0.027176057250650587,2.456028500778397,306,True
LEVEL_PLUS_JUMP,pooled,vix,asset_price,a,4,-0.19820125174244696,-0.3238396996576527,0.13891277744737668,-1.4268036057196403,0.15363651158609107,-0.4266924375566672,0.030289934071773245,-0.5393749922754907,0.1429724887905967,2.456028500778397,305,True
LEVEL_PLUS_JUMP,pooled,vix,asset_price,a,5,-0.18476012830039734,-0.3018783379595389,0.15183776389039624,-1.2168259302986446,0.2236704519744912,-0.43451102494371685,0.0649907683429222,-0.5576780039096714,0.18815774730887674,2.456028500778397,304,True
LEVEL_PLUS_JUMP,pooled,vix,asset_price,a,6,-0.0007081757859687433,-0.0011570836804348258,0.1263076030190798,-0.005606755009528346,0.9955264801797447,-0.2084656947234489,0.2070493431515114,-0.31092324866583226,0.30950689709389473,2.456028500778397,303,True
LEVEL_PLUS_JUMP,pooled,vix,asset_price,a,7,-0.23618505118519126,-0.3859011755325828,0.1300220664132344,-1.8164997503927607,0.06929374619337185,-0.4500523187087251,-0.02231778366165743,-0.5555229520261965,0.08315284965581402,2.456028500778397,302,True
LEVEL_PLUS_JUMP,pooled,vix,asset_price,a,8,0.0037200754066847104,0.006078206327223691,0.13192227883804541,0.02819899291803219,0.9775034404410607,-0.21327276341577775,0.22071291422914716,-0.32028480130718956,0.327724952120559,2.456028500778397,301,True
LEVEL_PLUS_JUMP,pooled,vix,asset_price,a,9,0.1713272853695088,0.27993050573323136,0.22461536863610765,0.762758516524623,0.44560742524089225,-0.19813211840063483,0.5407866891396524,-0.3803344617136176,0.7229890324526352,2.456028500778397,300,True
LEVEL_PLUS_JUMP,pooled,vix,asset_price,a,10,0.1938663884100912,0.31675699545035924,0.24202155760474514,0.8010294220430644,0.42311461305562914,-0.2042236484165185,0.5919564252367009,-0.4005454548699434,0.7882782316901258,2.456028500778397,299,True
LEVEL_PLUS_JUMP,pooled,vix,asset_price,a,11,0.5690732042909815,0.9298049025456386,0.25435133353355327,2.237350975853685,0.02526340997251743,0.15070249080837278,0.9874439177735903,-0.055620920078417346,1.1937673286603805,2.456028500778397,298,True
LEVEL_PLUS_JUMP,pooled,vix,asset_price,a,12,0.21742818838386235,0.3552544628468562,0.2090069439017525,1.0402916971316916,0.29820440047796304,-0.12635764135097816,0.5612140181187029,-0.29589882269943335,0.7307551994671581,2.456028500778397,297,True
LEVEL_PLUS_JUMP,pooled,vix,asset_price,a,13,0.029843478441781923,0.04876105983369292,0.21634355872092378,0.13794484392428363,0.8902840088374411,-0.32601000878791836,0.3856969656714822,-0.5015024677366315,0.5611894246201954,2.456028500778397,296,True
LEVEL_PLUS_JUMP,pooled,vix,asset_price,a,14,-0.035244717881904024,-0.05758610883157275,0.2715727644611974,-0.1297800166074453,0.8967404736239875,-0.4819421644871424,0.4114527287233343,-0.7022351674337832,0.6317457316699753,2.456028500778397,295,True
LEVEL_PLUS_JUMP,pooled,vix,asset_price,a,15,0.09278417853151359,0.15159944876469442,0.29958989467860836,0.30970396591997823,0.7567860866009378,-0.3999973463286049,0.585565703391632,-0.6430171413443467,0.8285854984073738,2.456028500778397,294,True
LEVEL_PLUS_JUMP,pooled,vix,asset_price,a,16,0.057578955168343555,0.0940778697631429,0.29675306549573993,0.1940298580308015,0.8461525028234484,-0.43053640092129203,0.5456943112579792,-0.671255031382552,0.7864129417192391,2.456028500778397,293,True
LEVEL_PLUS_JUMP,pooled,vix,asset_price,a,17,0.02795240485614825,0.04567124734957239,0.272842241165118,0.10244896368239433,0.9184003206939885,-0.4208331451098644,0.4767379548221609,-0.6421559156616343,0.6980607253739308,2.456028500778397,292,True
LEVEL_PLUS_JUMP,pooled,vix,asset_price,a,18,-0.26919353493906384,-0.4398335163782352,0.20232160424970141,-1.3305229361805098,0.18334603449607478,-0.6019829594998256,0.06359588962169793,-0.7661011612995381,0.22771409142141047,2.456028500778397,291,True
LEVEL_PLUS_JUMP,pooled,vix,asset_price,a,19,-0.3674013908282159,-0.6002946753041752,0.2263742251369925,-1.6229824336488814,0.10459316007546214,-0.7397538560931272,0.004951074436695402,-0.9233829396062949,0.18858015794986316,2.456028500778397,290,True
LEVEL_PLUS_JUMP,pooled,vix,asset_price,a,20,-0.37165107853719226,-0.6072382116300813,0.2709156508894217,-1.3718331787663578,0.1701153759775933,-0.8172676695005764,0.07396551242619187,-1.0370276384285422,0.29372548135415766,2.456028500778397,289,True
LEVEL_PLUS_JUMP,pooled,vix,asset_price,a,21,-0.3941572119789746,-0.6440108325402294,0.29182126208290526,-1.35068023887511,0.17679788510064454,-0.8741604733375974,0.08584604937964829,-1.110878548787712,0.3225641248297628,2.456028500778397,288,True
LEVEL_PLUS_JUMP,pooled,vix,asset_price,a,22,-0.40883552653308625,-0.6679936325220425,0.25046719628449876,-1.6322917036556805,0.1026180501258562,-0.8208174027740103,0.0031463497078378366,-1.023990099117872,0.20631904605169965,2.456028500778397,287,True
LEVEL_PLUS_JUMP,pooled,vix,asset_price,a,23,-0.30059113567398393,-0.4911338462327609,0.3130482605222534,-0.9602070146389332,0.336951037161774,-0.8155097024048619,0.21432743105689395,-1.069446585635739,0.468264314287771,2.456028500778397,286,True
LEVEL_PLUS_JUMP,pooled,vix,asset_price,a,24,-0.46129263441973367,-0.7537029502663909,0.22499324233436208,-2.050251063692871,0.040339937306638096,-0.8313735851129807,-0.09121168372648669,-1.0138824500754675,0.09129718123600017,2.456028500778397,285,True
LEVEL_PLUS_JUMP,pooled,us10y,asset_price,a,0,-0.002250024551823581,-0.0036763000671243755,0.013426285406990684,-0.16758354851089768,0.8669109145371203,-0.02433429879999783,0.01983424969635067,-0.038269778861579125,0.03376972975793196,2.6827788340475083,309,True
LEVEL_PLUS_JUMP,pooled,us10y,asset_price,a,1,0.01163779321884106,0.019014912507034538,0.007199277600687116,1.6165223602060188,0.10598142296171313,-0.00020396465407963513,0.023479551091761756,-0.007676276348714664,0.030951862786396785,2.6827788340475083,308,True
LEVEL_PLUS_JUMP,pooled,us10y,asset_price,a,2,0.007542558197006678,0.012323735393674628,0.004158000358662869,1.8139869038953658,0.06967974201132845,0.0007032562261945364,0.01438186016781882,-0.003612437157176015,0.01869755355118937,2.6827788340475083,307,True
LEVEL_PLUS_JUMP,pooled,us10y,asset_price,a,3,-0.009489453165511112,-0.015504754061935877,0.005021183807975499,-1.889883646648893,0.05877352314291676,-0.017748565563649614,-0.001230340767372608,-0.022960178807409852,0.0039812724763876265,2.6827788340475083,306,True
LEVEL_PLUS_JUMP,pooled,us10y,asset_price,a,4,-0.00685298731080968,-0.011197050134547817,0.0075823773871445226,-0.9038045669460503,0.3660990396800681,-0.019324888256969174,0.005618913635349816,-0.027194828876801455,0.013488854255182094,2.6827788340475083,305,True
LEVEL_PLUS_JUMP,pooled,us10y,asset_price,a,5,0.024455261373106805,0.039957288001427074,0.007018211189550043,3.4845433847189056,0.000492977534280024,0.012911331243264011,0.0359991915029496,0.0056269529409065655,0.043283569805307044,2.6827788340475083,304,True
LEVEL_PLUS_JUMP,pooled,us10y,asset_price,a,6,-0.0035546522632057265,-0.005807922559438655,0.01113752677156619,-0.31915992985809555,0.7496052405382485,-0.021874253568685494,0.014764949042274041,-0.03343417334960098,0.026324868823189525,2.6827788340475083,303,True
LEVEL_PLUS_JUMP,pooled,us10y,asset_price,a,7,-0.003986394482514394,-0.00651334328408741,0.006330499951128484,-0.6297124260784132,0.5288827510996525,-0.014399140287544198,0.0064263513225154105,-0.020969725760340677,0.01299693679531189,2.6827788340475083,302,True
LEVEL_PLUS_JUMP,pooled,us10y,asset_price,a,8,-0.00612100984598301,-0.010001077050211978,0.00579656613546565,-1.0559717085831708,0.29098114051699897,-0.015655512677767765,0.003413492985801744,-0.02167191478436682,0.0094298950924008,2.6827788340475083,301,True
LEVEL_PLUS_JUMP,pooled,us10y,asset_price,a,9,-0.02011675299970761,-0.03286862818595067,0.004252348893229675,-4.730739058532157,2.2370391915270856e-06,-0.02711124449979952,-0.013122261499615701,-0.03152486460544953,-0.008708641393965691,2.6827788340475083,300,True
LEVEL_PLUS_JUMP,pooled,us10y,asset_price,a,10,-0.006060314809015365,-0.009901907835237221,0.010786390551692315,-0.5618482642522656,0.5742194051335812,-0.023802348429681562,0.01168171881165083,-0.03499781507686553,0.0228771854588348,2.6827788340475083,299,True
LEVEL_PLUS_JUMP,pooled,us10y,asset_price,a,11,-0.016548425355282156,-0.02703836151259766,0.006103880022962564,-2.711132147589338,0.006705389659957859,-0.026588414549528767,-0.006508436161035547,-0.03292378548645154,-0.00017306522411277003,2.6827788340475083,298,True
LEVEL_PLUS_JUMP,pooled,us10y,asset_price,a,12,-0.0004404879250142393,-0.0007197102747100581,0.006231955849414183,-0.07068213184720269,0.9436507419847151,-0.0106911431069246,0.009810167256896122,-0.01715944717254117,0.016278471322512693,2.6827788340475083,297,True
LEVEL_PLUS_JUMP,pooled,us10y,asset_price,a,13,0.0163202225323791,0.026665502446470344,0.004026907351976443,4.052793150150074,5.0609747074414765e-05,0.0096965493690831,0.022943895695675103,0.0055169207218264005,0.027123524342931804,2.6827788340475083,296,True
LEVEL_PLUS_JUMP,pooled,us10y,asset_price,a,14,-0.007146132386307046,-0.01167601791285704,0.008894336995704568,-0.8034474508620709,0.42171615816623576,-0.021776014853020366,0.007483750080406274,-0.031007671421268965,0.016715406648654875,2.6827788340475083,295,True
LEVEL_PLUS_JUMP,pooled,us10y,asset_price,a,15,0.002183507481977694,0.0035676182715674515,0.003482863006785926,0.62692890237813,0.5307058407403973,-0.0035452923669092463,0.007912307330864635,-0.007160243674514652,0.01152725863847004,2.6827788340475083,294,True
LEVEL_PLUS_JUMP,pooled,us10y,asset_price,a,16,-0.011471284740248661,-0.018742855417466384,0.0036613138864082418,-3.133106064146284,0.0017296692681298134,-0.01749361016571505,-0.005448959314782274,-0.021293780139508917,-0.0016487893409884071,2.6827788340475083,293,True
LEVEL_PLUS_JUMP,pooled,us10y,asset_price,a,17,0.007159387071587173,0.011697674654489284,0.004992789888936095,1.4339451951407383,0.15158790311718998,-0.0010530214858360011,0.015371795629010348,-0.006235163965296992,0.020553938108471337,2.6827788340475083,292,True
LEVEL_PLUS_JUMP,pooled,us10y,asset_price,a,18,0.011684541313667756,0.01909129390652195,0.011377954978521558,1.0269456449533285,0.3044460594021495,-0.007030529200043987,0.030399611827379498,-0.01883999547745535,0.04220907810479086,2.6827788340475083,291,True
LEVEL_PLUS_JUMP,pooled,us10y,asset_price,a,19,-0.018412467657608008,-0.030084007763705997,0.010341298568530409,-1.7804792633721032,0.0749975600344466,-0.03542239011544332,-0.0014025451997726965,-0.04615588457382719,0.009330949258611169,2.6827788340475083,290,True
LEVEL_PLUS_JUMP,pooled,us10y,asset_price,a,20,-0.0020483123984418763,-0.00334672392875915,0.010986578151210043,-0.18643770337320895,0.8521015276958683,-0.020119625318245515,0.016023000521361762,-0.031522871721116986,0.027426246924233233,2.6827788340475083,289,True
LEVEL_PLUS_JUMP,pooled,us10y,asset_price,a,21,0.027870631308965152,0.04553763809772909,0.01133547060687617,2.458709680042631,0.01394373250546762,0.00922544136804308,0.04651582124988722,-0.0025399293091298986,0.0582811919270602,2.6827788340475083,288,True
LEVEL_PLUS_JUMP,pooled,us10y,asset_price,a,22,-0.0010200929387082444,-0.0016667230302028554,0.005484576579589851,-0.1859930158518325,0.8524502383111542,-0.01004141861793971,0.00800123274052322,-0.015733998900144576,0.013693813022728086,2.6827788340475083,287,True
LEVEL_PLUS_JUMP,pooled,us10y,asset_price,a,23,-0.024840405853739082,-0.04058657299249682,0.006246614531726847,-3.9766189713761753,6.990203437420519e-05,-0.03511517242241776,-0.014565639285060406,-0.04159869110390946,-0.00808212060356871,2.6827788340475083,286,True
LEVEL_PLUS_JUMP,pooled,us10y,asset_price,a,24,0.015582786978487265,0.02546061142691447,0.005440840483008595,2.8640404046307433,0.004182746539313199,0.006633400776346178,0.02453217318062835,0.000986215291242985,0.030179358665731543,2.6827788340475083,285,True
LEVEL_PLUS_JUMP,pooled,ip,real_macro,a,0,0.004479481356929995,0.007318994630444076,0.017516497508164745,0.2557292834850135,0.7981598818864241,-0.024332593100861215,0.0332915558147212,-0.04406313439908493,0.053022097112944915,2.7712512580433595,309,True
LEVEL_PLUS_JUMP,pooled,ip,real_macro,a,1,-0.009892392176955552,-0.016163113417890305,0.024338137064399138,-0.4064564247781212,0.6844072681515778,-0.049925065200574534,0.030140280846663425,-0.07733948513510337,0.05755470078119227,2.7712512580433595,308,True
LEVEL_PLUS_JUMP,pooled,ip,real_macro,a,2,-0.02929294229376532,-0.04786154250341869,0.02800620734593504,-1.0459446340568868,0.2955865953458836,-0.07535905402388153,0.01677316943635089,-0.10690517963421098,0.04831929504668034,2.7712512580433595,307,True
LEVEL_PLUS_JUMP,pooled,ip,real_macro,a,3,0.03788987654244548,0.06190801587628559,0.015461000878803453,2.4506742376809068,0.014258893370843283,0.012458793170645723,0.06332095991424525,-0.004956441593548078,0.08073619467843904,2.7712512580433595,306,True
LEVEL_PLUS_JUMP,pooled,ip,real_macro,a,4,0.007761875654611318,0.012682076720865935,0.01633600349591992,0.4751392013689225,0.634687758733597,-0.019108458945544495,0.034632210254767135,-0.03750929458485748,0.053033045894080116,2.7712512580433595,305,True
LEVEL_PLUS_JUMP,pooled,ip,real_macro,a,5,0.029572435568074734,0.048318204695069776,0.011789898818370321,2.5082857812144,0.012131850409549012,0.010179777735287436,0.04896509340086203,-0.0031003363645379367,0.062245207500687405,2.7712512580433595,304,True
LEVEL_PLUS_JUMP,pooled,ip,real_macro,a,6,0.02381264772366215,0.03890732585738125,0.011556421707685545,2.0605554492551668,0.039345470712825896,0.004804025563194855,0.042821269884129445,-0.008213100472241004,0.055838395919565305,2.7712512580433595,303,True
LEVEL_PLUS_JUMP,pooled,ip,real_macro,a,7,0.021409617048782636,0.03498103010909638,0.01121436050726005,1.9091250932161752,0.05624595639032167,0.0029636354944745924,0.03985559860309068,-0.009668193615113542,0.052487427712678815,2.7712512580433595,302,True
LEVEL_PLUS_JUMP,pooled,ip,real_macro,a,8,0.0007887283588260055,0.0012886979904929916,0.030015420960524238,0.026277437849808183,0.979036050684176,-0.048582245672567526,0.05015970239021954,-0.08239154473872781,0.08396900145637981,2.7712512580433595,301,True
LEVEL_PLUS_JUMP,pooled,ip,real_macro,a,9,-0.0023315690590802636,-0.003809535092163725,0.01448402623894196,-0.1609752026554311,0.872112931323866,-0.02615567215106424,0.02149253403290371,-0.0424704449952812,0.03780730687712067,2.7712512580433595,300,True
LEVEL_PLUS_JUMP,pooled,ip,real_macro,a,10,-0.009426211005962389,-0.015401423120410982,0.00975242353010879,-0.96655061963426,0.33376873026748977,-0.02546752022102871,0.006615098209103934,-0.03645262698274803,0.017600204970823256,2.7712512580433595,299,True
LEVEL_PLUS_JUMP,pooled,ip,real_macro,a,11,0.015359436714815053,0.025095680924860652,0.017641959521626307,0.8706196551458337,0.38396186085629525,-0.013659004390863037,0.04437787782049314,-0.033530865803841875,0.06424973923347198,2.7712512580433595,298,True
LEVEL_PLUS_JUMP,pooled,ip,real_macro,a,12,-0.007035323384741766,-0.01149496782628698,0.014166093397923345,-0.49663115914321854,0.6194491760060626,-0.030336473490049285,0.016265826720565753,-0.04629312753529656,0.032222480765813036,2.7712512580433595,297,True
LEVEL_PLUS_JUMP,pooled,ip,real_macro,a,13,0.02576564859320605,0.04209832091651479,0.011000463232561191,2.342233054053592,0.019168741085366744,0.007671496746981459,0.043859800439430635,-0.004719398979088872,0.05625069616550097,2.7712512580433595,296,True
LEVEL_PLUS_JUMP,pooled,ip,real_macro,a,14,-0.05430378389507706,-0.08872658932400505,0.021772902100042943,-2.494099484100007,0.012627714666154513,-0.09011702088359203,-0.0184905469065621,-0.11464196623107598,0.006034398440921844,2.7712512580433595,295,True
LEVEL_PLUS_JUMP,pooled,ip,real_macro,a,15,0.034365749259339204,0.05614996787768123,0.012498867635990254,2.7495090163515035,0.005968462081836403,0.013806941495494263,0.05492455702318415,-0.0002717534010162198,0.06900325191969463,2.7712512580433595,294,True
LEVEL_PLUS_JUMP,pooled,ip,real_macro,a,16,0.012049270491763605,0.01968722247131439,0.016446660259635405,0.7326271900524269,0.46378584279968127,-0.015003078287536333,0.039101619271063544,-0.033528557443362736,0.05762709842688994,2.7712512580433595,293,True
LEVEL_PLUS_JUMP,pooled,ip,real_macro,a,17,-0.014941511171359686,-0.02441283517448307,0.008888647057435632,-1.680965739196568,0.09276956950023871,-0.029562034522474218,-0.00032098782024515653,-0.03957418551158159,0.009691163168862213,2.7712512580433595,292,True
LEVEL_PLUS_JUMP,pooled,ip,real_macro,a,18,-0.02616417650895261,-0.04274947301270973,0.013986704679713576,-1.87064623927474,0.06139413100212494,-0.04917025843047862,-0.003158094587426604,-0.06492484944848981,0.012596496430584584,2.7712512580433595,291,True
LEVEL_PLUS_JUMP,pooled,ip,real_macro,a,19,-0.0169507596627636,-0.02769573284679119,0.01295494434976942,-1.3084394039149463,0.19072431494427433,-0.03825974686343631,0.004358227537909112,-0.052852165489943814,0.018950646164416617,2.7712512580433595,290,True
LEVEL_PLUS_JUMP,pooled,ip,real_macro,a,20,0.003417341160614973,0.00558357086724837,0.01204922460954811,0.28361502680487716,0.7767054200696311,-0.016401869640353173,0.02323655196158312,-0.029974087697042236,0.03680877001827218,2.7712512580433595,289,True
LEVEL_PLUS_JUMP,pooled,ip,real_macro,a,21,0.00028468730900774,0.00046514869020712515,0.022884049194560514,0.01244042549407775,0.9900742325946703,-0.03735622400800104,0.03792559862601652,-0.06313276281054421,0.0637021374285597,2.7712512580433595,288,True
LEVEL_PLUS_JUMP,pooled,ip,real_macro,a,22,-0.000825674573871778,-0.0013490641641610442,0.019114253054389223,-0.04319680039404823,0.9655446556254518,-0.032265823036852145,0.030614473889108592,-0.05379607239740704,0.05214472324966349,2.7712512580433595,287,True
LEVEL_PLUS_JUMP,pooled,ip,real_macro,a,23,0.026359771591562157,0.04306905451005113,0.008845090567192609,2.9801584722414693,0.002880992976410232,0.011810892291401141,0.04090865089172317,0.0018478032297221877,0.05087173995340213,2.7712512580433595,286,True
LEVEL_PLUS_JUMP,pooled,ip,real_macro,a,24,-0.007514841462559989,-0.012278449206630916,0.011512793976271342,-0.6527382908135586,0.5139250125147657,-0.026451702390774965,0.011422019465654989,-0.03941968625289596,0.024390003327775977,2.7712512580433595,285,True
LEVEL_PLUS_JUMP,pooled,cpi,real_macro,a,0,-0.027680171657513183,-0.045226447347010444,0.00768429911186508,-3.6021725930440573,0.0003155687253764463,-0.04031971892224444,-0.01504062439278193,-0.04892510969827738,-0.006435233616748984,2.764720338379407,309,True
LEVEL_PLUS_JUMP,pooled,cpi,real_macro,a,1,-0.009365958826689853,-0.015302977487662446,0.008884114889063216,-1.0542365720888875,0.2917746199723288,-0.02397902742421906,0.005247109770839354,-0.033928051948982234,0.015196134295602529,2.764720338379407,308,True
LEVEL_PLUS_JUMP,pooled,cpi,real_macro,a,2,-0.003605930745662773,-0.005891706128976193,0.01340172674399844,-0.2690646373070978,0.7878799425786014,-0.02564980958794115,0.018437948096615607,-0.04065795724419849,0.03344609575287294,2.764720338379407,307,True
LEVEL_PLUS_JUMP,pooled,cpi,real_macro,a,3,-0.0015425329962940517,-0.002520334346228068,0.008104562971623175,-0.19032895440444883,0.8490513659906367,-0.014873352795025033,0.01178828680243693,-0.023949383077617285,0.020864317085029185,2.764720338379407,306,True
LEVEL_PLUS_JUMP,pooled,cpi,real_macro,a,4,-0.00664566599238928,-0.010858309218939804,0.007950825940589438,-0.835845991604817,0.40324154916730437,-0.019723610878027667,0.006432278893249106,-0.028627476177251476,0.015336144192472916,2.764720338379407,305,True
LEVEL_PLUS_JUMP,pooled,cpi,real_macro,a,5,-0.0009270234809391903,-0.0015146574655998828,0.006260709849539757,-0.1480700277153618,0.8822875030894181,-0.011224974784245466,0.009370927822367085,-0.01823613533465403,0.01638208837277565,2.764720338379407,304,True
LEVEL_PLUS_JUMP,pooled,cpi,real_macro,a,6,0.008938402863374086,0.01460439665868293,0.004392737560014557,2.0348137673274667,0.041869615270262506,0.0017129925555381814,0.01616381317120999,-0.0032062880099612903,0.02108309373670946,2.764720338379407,303,True
LEVEL_PLUS_JUMP,pooled,cpi,real_macro,a,7,-0.00170271320662475,-0.0027820517206067078,0.004784386562827549,-0.3558895553829277,0.7219232779916855,-0.009572328797229532,0.006166902383980032,-0.014930204043543218,0.011524777630293718,2.764720338379407,302,True
LEVEL_PLUS_JUMP,pooled,cpi,real_macro,a,8,-0.0033473152944028316,-0.005469156072775353,0.004418731369515173,-0.7575285787898217,0.44873325081588633,-0.01061548161407411,0.0039208510252684466,-0.015563871781536521,0.008869241192730857,2.764720338379407,301,True
LEVEL_PLUS_JUMP,pooled,cpi,real_macro,a,9,0.0012649233500058692,0.0020667498018032207,0.003966080742821502,0.31893535004181295,0.7497755375635791,-0.005258698944606467,0.007788545644618205,-0.009700180743327642,0.01223002744333938,2.764720338379407,300,True
LEVEL_PLUS_JUMP,pooled,cpi,real_macro,a,10,0.0012173099214005736,0.001988954539242284,0.004458416357832871,0.2730363931268812,0.7848252403540377,-0.006116132395240596,0.008550752238041744,-0.011108964460063403,0.01354358430286455,2.764720338379407,299,True
LEVEL_PLUS_JUMP,pooled,cpi,real_macro,a,11,-0.005413977564055429,-0.008845861733382282,0.0037809395607113854,-1.43191327899375,0.15216864144381398,-0.011633069713775857,0.000805114585665,-0.015867218065737494,0.005039262937626638,2.764720338379407,298,True
LEVEL_PLUS_JUMP,pooled,cpi,real_macro,a,12,0.0005750298498217416,0.0009395374258404718,0.003891361226504515,0.14777087408517778,0.8825235960595219,-0.005825689777372539,0.006975749477016023,-0.010183495677076325,0.011333555376719808,2.764720338379407,297,True
LEVEL_PLUS_JUMP,pooled,cpi,real_macro,a,13,0.0009036327128946128,0.0014764394461286388,0.004030677176741739,0.2241888082997206,0.8226103915365621,-0.005726241260339557,0.007533506686128783,-0.01024006245508496,0.012047327880874186,2.764720338379407,296,True
LEVEL_PLUS_JUMP,pooled,cpi,real_macro,a,14,-0.002939424768856775,-0.004802706471045878,0.003751714293650094,-0.7834884372277102,0.4333403410860708,-0.009110445632052813,0.0032315960943392623,-0.01331186558029992,0.007433016042586371,2.764720338379407,295,True
LEVEL_PLUS_JUMP,pooled,cpi,real_macro,a,15,0.0030068307469565594,0.004912840647853852,0.007114084341483391,0.422658855676371,0.6725441786549889,-0.008694796684571071,0.01470845817848419,-0.01666162292088904,0.022675284414802162,2.764720338379407,294,True
LEVEL_PLUS_JUMP,pooled,cpi,real_macro,a,16,0.0070181670927353425,0.011466936275518477,0.007020438482404193,0.9996764604270026,0.3174671074016677,-0.004529426607836885,0.01856576079330757,-0.012391381963908987,0.026427716149379672,2.764720338379407,293,True
LEVEL_PLUS_JUMP,pooled,cpi,real_macro,a,17,-0.004739049447989228,-0.0077431011984417505,0.0050465752882678325,-0.9390624685628818,0.347698672375082,-0.013039927114580243,0.0035618282186017872,-0.018691418786626224,0.009213319890647767,2.764720338379407,292,True
LEVEL_PLUS_JUMP,pooled,cpi,real_macro,a,18,-0.0215590166668319,-0.03522513314584668,0.005917190584992953,-3.6434548384345433,0.00026900286891904475,-0.03129192906192066,-0.011826104271743137,-0.037918393823229056,-0.005199639510434742,2.764720338379407,291,True
LEVEL_PLUS_JUMP,pooled,cpi,real_macro,a,19,-0.010427337636949793,-0.017037157227274884,0.005217798393522074,-1.9984171197368206,0.045671457130911405,-0.019009852249236143,-0.0018448230246634438,-0.024853090977083665,0.00399841570318408,2.764720338379407,290,True
LEVEL_PLUS_JUMP,pooled,cpi,real_macro,a,20,-0.0022578357410428422,-0.003689062716948715,0.005101493377464464,-0.44258329355413734,0.6580671709188033,-0.010649045625834182,0.006133374143748497,-0.016362038237826698,0.011846366755741012,2.764720338379407,289,True
LEVEL_PLUS_JUMP,pooled,cpi,real_macro,a,21,0.0003598632058447529,0.0005879780852748618,0.004230627058469788,0.08506143436214747,0.9322125500655986,-0.006598899055558316,0.007318625467247822,-0.011336637466804913,0.012056363878494418,2.764720338379407,288,True
LEVEL_PLUS_JUMP,pooled,cpi,real_macro,a,22,0.011302814136005326,0.018467592423919807,0.004568726668485298,2.473952800453398,0.01336273496654426,0.003787927504797368,0.018817700767213286,-0.001328437404852367,0.02393406567686302,2.764720338379407,287,True
LEVEL_PLUS_JUMP,pooled,cpi,real_macro,a,23,0.012061541050519797,0.019707271255200987,0.006032477160935612,1.9994341841236416,0.04556139636836302,0.002138999112852936,0.02198408298818666,-0.004616571247128149,0.02873965334816774,2.764720338379407,286,True
LEVEL_PLUS_JUMP,pooled,cpi,real_macro,a,24,-0.006890939716562965,-0.0112590603164835,0.007361929959348268,-0.9360235365745047,0.34926106955253844,-0.019000236911559668,0.005218357478433738,-0.0272446172048978,0.013462737771771871,2.764720338379407,285,True
LEVEL_PLUS_JUMP,pooled,infl_exp,real_macro,a,0,-0.056311675168650085,-0.09200726944717631,0.021945046042127745,-2.5660313065896045,0.010286954314780477,-0.09240806374466096,-0.020215286592639214,-0.11344056357289088,0.0008172132355907108,2.6032703825077825,309,True
LEVEL_PLUS_JUMP,pooled,infl_exp,real_macro,a,1,-0.026486811448323464,-0.04327662408237448,0.005331729131028289,-4.967771392245345,6.7726736775366e-07,-0.03525672544741817,-0.01771689744922876,-0.04036674398268336,-0.012606878913963563,2.6032703825077825,308,True
LEVEL_PLUS_JUMP,pooled,infl_exp,real_macro,a,2,0.0465483740711577,0.07605507708066342,0.01622050939263105,2.869723320298717,0.004108311093043892,0.019868010365688096,0.0732287377766273,0.004322002380131987,0.08877474576218342,2.6032703825077825,307,True
LEVEL_PLUS_JUMP,pooled,infl_exp,real_macro,a,3,0.007284025610456789,0.011901320729569348,0.004193646713002553,1.736919227810107,0.08240142899633385,0.00038609060442141956,0.014181960616492158,-0.003633170672203874,0.01820122189311745,2.6032703825077825,306,True
LEVEL_PLUS_JUMP,pooled,infl_exp,real_macro,a,4,0.0018902835517652363,0.0030885216530666176,0.006997386375192768,0.2701413714221493,0.7870514950650176,-0.009619392806651403,0.013399959910181877,-0.016325805153737584,0.02010637225726806,2.6032703825077825,305,True
LEVEL_PLUS_JUMP,pooled,infl_exp,real_macro,a,5,0.011612706319133127,0.01897392318938222,0.010934018904404123,1.0620711762676425,0.2882033741753711,-0.006372154332931958,0.02959756697119821,-0.01685150125648232,0.04007691389474857,2.6032703825077825,304,True
LEVEL_PLUS_JUMP,pooled,infl_exp,real_macro,a,6,0.006614135778020096,0.010806792212555172,0.005700470671136712,1.1602788891642861,0.24593527676046278,-0.0027623040807296176,0.01599057563676981,-0.008225730686504368,0.02145400224254456,2.6032703825077825,303,True
LEVEL_PLUS_JUMP,pooled,infl_exp,real_macro,a,7,0.005125543171942062,0.00837459070914926,0.008092832056380703,0.6333435732057339,0.5265093045922893,-0.008185980988304878,0.018437067332189003,-0.015942286831043376,0.0261933731749275,2.6032703825077825,302,True
LEVEL_PLUS_JUMP,pooled,infl_exp,real_macro,a,8,-0.0033300533850837088,-0.005440951954585996,0.009306010931364241,-0.35783897199823406,0.7204638236693899,-0.01863707921798823,0.01197697244782081,-0.027556116021997902,0.020896009251830487,2.6032703825077825,301,True
LEVEL_PLUS_JUMP,pooled,infl_exp,real_macro,a,9,-0.010017028630843644,-0.016366756086333003,0.009925786139642241,-1.0091924699885475,0.3128823372192463,-0.026343493962978838,0.006309436701291549,-0.035856533711280544,0.01582247644959326,2.6032703825077825,300,True
LEVEL_PLUS_JUMP,pooled,infl_exp,real_macro,a,10,0.0021191589128097266,0.0034624795747653083,0.007825163522569546,0.27081337108133163,0.7865345754085453,-0.01075208968877715,0.014990407514396602,-0.018251857523775842,0.022490175349395295,2.6032703825077825,299,True
LEVEL_PLUS_JUMP,pooled,infl_exp,real_macro,a,11,-0.015160551017500162,-0.024770722914159736,0.011482894865608672,-1.3202725614867457,0.1867440331397887,-0.034048232285099025,0.003727130250098701,-0.0450536311265899,0.014732529091589577,2.6032703825077825,298,True
LEVEL_PLUS_JUMP,pooled,infl_exp,real_macro,a,12,0.004853151915688834,0.00792953245730208,0.014015061540487534,0.3462811705584569,0.7291314180079176,-0.018199572891130174,0.02790587672250784,-0.03163184270168626,0.04133814653306393,2.6032703825077825,297,True
LEVEL_PLUS_JUMP,pooled,infl_exp,real_macro,a,13,0.007992228370082953,0.013058448482082633,0.015151462715048079,0.527488897962654,0.5978541240735774,-0.016929710030383884,0.032914166770549785,-0.031451125767672665,0.047435582507838574,2.6032703825077825,296,True
LEVEL_PLUS_JUMP,pooled,infl_exp,real_macro,a,14,-0.003204569746451697,-0.005235925076656156,0.01329327344454618,-0.24106701481917028,0.8095031773215915,-0.025070058785771173,0.01866091929286778,-0.03781055479121598,0.031401415298312585,2.6032703825077825,295,True
LEVEL_PLUS_JUMP,pooled,infl_exp,real_macro,a,15,-0.005882835260464911,-0.009611925187838806,0.008981698535277173,-0.6549802620694805,0.5124804622255308,-0.020656414672400293,0.008890744151470472,-0.02926462504196551,0.017498954521035684,2.6032703825077825,294,True
LEVEL_PLUS_JUMP,pooled,infl_exp,real_macro,a,16,0.0010699748989684388,0.0017482248314628563,0.005672034488424172,0.18864040780289817,0.8503746605038214,-0.008259691601509899,0.010399641399446777,-0.01369586449330889,0.015835814291245767,2.6032703825077825,293,True
LEVEL_PLUS_JUMP,pooled,infl_exp,real_macro,a,17,0.007957011216195787,0.013000907409877716,0.009528947814708791,0.8350356588073052,0.4036976313312127,-0.007716713157859274,0.023630735590250848,-0.016849416406297866,0.03276343883868944,2.6032703825077825,292,True
LEVEL_PLUS_JUMP,pooled,infl_exp,real_macro,a,18,-0.021595069663777115,-0.03528403989643405,0.014827376555040662,-1.4564322679480162,0.14527316080457073,-0.045983933768510975,0.0027937944409567456,-0.06019473989980474,0.017004600572250516,2.6032703825077825,291,True
LEVEL_PLUS_JUMP,pooled,infl_exp,real_macro,a,19,0.0004112177256849862,0.0006718858917842516,0.018540392461631618,0.02217955884892836,0.9823047232555115,-0.030085014059933513,0.030907449511303486,-0.047854436849751165,0.04867687230112113,2.6032703825077825,290,True
LEVEL_PLUS_JUMP,pooled,infl_exp,real_macro,a,20,-8.636687970456724e-06,-1.4111426713005872e-05,0.014591262583943884,-0.0005919081999086543,0.9995277256134576,-0.024009127870971866,0.02399185449503095,-0.037993638416145545,0.03797636504020463,2.6032703825077825,289,True
LEVEL_PLUS_JUMP,pooled,infl_exp,real_macro,a,21,-0.02589331601923776,-0.04230691587007189,0.013746967285723439,-1.8835656971504255,0.05962374548901747,-0.048505065018743194,-0.003281567019732326,-0.06168038880346499,0.009893756764989468,2.6032703825077825,288,True
LEVEL_PLUS_JUMP,pooled,infl_exp,real_macro,a,22,0.027928334625827788,0.045631919161232805,0.00722444747110291,3.8658090791771165,0.00011072152994066363,0.016045176000263776,0.0398114932513918,0.00912114449432233,0.046735524757333245,2.6032703825077825,287,True
LEVEL_PLUS_JUMP,pooled,infl_exp,real_macro,a,23,0.007437296291923089,0.012151748670947178,0.005243095200254363,1.4184934676681584,0.15604674449508557,-0.0011868278646671553,0.016061420448513334,-0.006211898155567806,0.021086490739413984,2.6032703825077825,286,True
LEVEL_PLUS_JUMP,pooled,infl_exp,real_macro,a,24,-0.006237158607465383,-0.010190851734798414,0.007220968483625993,-0.8637565198641344,0.3877216577810809,-0.01811459480785987,0.005640277592929104,-0.025035291993911066,0.0125609747789803,2.6032703825077825,285,True
LEVEL_PLUS_JUMP,pooled,freight,physical_channel,a,0,-0.0009385437676092289,-0.0015334803849427097,0.0011947459589506534,-0.7855592735660332,0.4321257319908949,-0.0029037259914748256,0.001026638456256368,-0.004114313546737904,0.002237226011519446,2.6581130116714995,309,True
LEVEL_PLUS_JUMP,pooled,freight,physical_channel,a,1,0.000539966565011044,0.000882247759290524,0.002607429287288412,0.2070877118867452,0.8359413585842828,-0.0037488729552047923,0.004828806085226881,-0.006390875150543628,0.007470808280565716,2.6581130116714995,308,True
LEVEL_PLUS_JUMP,pooled,freight,physical_channel,a,2,0.00040056332242263443,0.0006544777335502409,0.0011586424038390743,0.34571781689967335,0.7295547930498425,-0.001505233837871839,0.002306360482717108,-0.0026792391270963533,0.0034803657719416218,2.6581130116714995,307,True
LEVEL_PLUS_JUMP,pooled,freight,physical_channel,a,3,0.00042870695283680593,0.0007004614230601564,0.000561376142064308,0.7636714863947599,0.4450630368517553,-0.0004946746305216959,0.0013520885361953078,-0.0010634942748262793,0.001920908180499891,2.6581130116714995,306,True
LEVEL_PLUS_JUMP,pooled,freight,physical_channel,a,4,0.00025421240716424104,0.0004153559519003085,0.0006303591778791024,0.40328183690378,0.6867409019206657,-0.0007826361728523487,0.001291060987180831,-0.0014213535255827503,0.0019297783399112325,2.6581130116714995,305,True
LEVEL_PLUS_JUMP,pooled,freight,physical_channel,a,5,0.00011248851051737406,0.00018379422501438024,0.0005260150434391454,0.2138503678182121,0.8306637455429254,-0.0007527292415145405,0.0009777062625492886,-0.0012857189207831673,0.0015106959418179154,2.6581130116714995,304,True
LEVEL_PLUS_JUMP,pooled,freight,physical_channel,a,6,0.00021090605434765026,0.0003445979916649361,0.00046498583045034305,0.45357522861155963,0.6501345860837913,-0.0005539275753496388,0.0009757396840449393,-0.0010250788318152842,0.001446890940510585,2.6581130116714995,303,True
LEVEL_PLUS_JUMP,pooled,freight,physical_channel,a,7,0.0009307887625709477,0.001520809534075915,0.0008088197392549454,1.1507987718355583,0.24981503018432905,-0.0003996013190924932,0.0022611788442343885,-0.001219145510439372,0.0030807230355812676,2.6581130116714995,302,True
LEVEL_PLUS_JUMP,pooled,freight,physical_channel,a,8,0.0021597810556440804,0.003528851822262624,0.0005690196087135044,3.7956179762014286,0.00014727613786231768,0.001223827088445165,0.003095735022842996,0.0006472626298264889,0.003672299481461672,2.6581130116714995,301,True
LEVEL_PLUS_JUMP,pooled,freight,physical_channel,a,9,-0.0012372252388032031,-0.002021494043153364,0.0013131075209377285,-0.9422116765576549,0.34608427694545996,-0.003397094907194882,0.0009226444295884757,-0.004727613425931485,0.002253162948325079,2.6581130116714995,300,True
LEVEL_PLUS_JUMP,pooled,freight,physical_channel,a,10,0.0002899538898091345,0.00047375372135578103,0.0008776954956938544,0.3303581837114408,0.7411293340219907,-0.0011537267296418722,0.0017336345092601412,-0.002043059927580166,0.0026229677071984356,2.6581130116714995,299,True
LEVEL_PLUS_JUMP,pooled,freight,physical_channel,a,11,0.0011903708143757117,0.0019449389124423433,0.0015948515621064736,0.7463834520144775,0.45543581264287747,-0.0014329265620043423,0.0038136681907557654,-0.0030489248745441226,0.0054296665032955455,2.6581130116714995,298,True
LEVEL_PLUS_JUMP,pooled,freight,physical_channel,a,12,-0.0006993522872885444,-0.001142667024952557,0.0013747243426798176,-0.5087218328623342,0.6109472166107818,-0.002960572608403921,0.001561868033826832,-0.0043535249500273165,0.002954820375450228,2.6581130116714995,297,True
LEVEL_PLUS_JUMP,pooled,freight,physical_channel,a,13,0.0012002521362994892,0.0019610839382476035,0.0009711751143501151,1.2358761242586682,0.21650461313291036,-0.0003971887729443083,0.0027976930455432866,-0.0013812410717661083,0.0037817453443650868,2.6581130116714995,296,True
LEVEL_PLUS_JUMP,pooled,freight,physical_channel,a,14,9.346426762739499e-05,0.0001527106417900385,0.001038139495677482,0.09003054793363865,0.9282629396523742,-0.0016141232471192832,0.0018010517823740732,-0.002666027833763008,0.0028529563690177983,2.6581130116714995,295,True
LEVEL_PLUS_JUMP,pooled,freight,physical_channel,a,15,0.0003153745866983138,0.0005152884279901138,0.0008937917316732095,0.35285019487472935,0.7242007508681408,-0.0011547819848836019,0.0017855311582802296,-0.002060424844986646,0.002691174018383274,2.6581130116714995,294,True
LEVEL_PLUS_JUMP,pooled,freight,physical_channel,a,16,-0.000631263768319709,-0.001031417649183454,0.0010508634964310735,-0.6007095788021921,0.5480334379639398,-0.0023597804018552658,0.0010972528652158477,-0.003424577701673752,0.002162050165034334,2.6581130116714995,293,True
LEVEL_PLUS_JUMP,pooled,freight,physical_channel,a,17,-0.0003205706318148184,-0.0005237782113549687,0.0007450659604493715,-0.43025805610750584,0.6670079345756228,-0.0015460950791780493,0.0009049538155484124,-0.0023010401558388157,0.0016598988922091789,2.6581130116714995,292,True
LEVEL_PLUS_JUMP,pooled,freight,physical_channel,a,18,-0.0014827536447442789,-0.0024226612635334962,0.0012108935069999746,-1.2245120121403954,0.22075913768482236,-0.003474496221585175,0.0005089889320966173,-0.004701445431449445,0.0017359381419608875,2.6581130116714995,291,True
LEVEL_PLUS_JUMP,pooled,freight,physical_channel,a,19,0.0033293432081453658,0.00543979160123608,0.0016426893259952004,2.02676376808398,0.04268657748878097,0.0006273597123276913,0.006031326703963041,-0.0010371106634163617,0.007695797079707093,2.6581130116714995,290,True
LEVEL_PLUS_JUMP,pooled,freight,physical_channel,a,20,-0.0003886002113020955,-0.0006349312862993391,0.0005429648455245888,-0.7157004997748004,0.47417630215201667,-0.001281697906770361,0.0005044974841661702,-0.0018318621320712108,0.0010546617094670196,2.6581130116714995,289,True
LEVEL_PLUS_JUMP,pooled,freight,physical_channel,a,21,0.0014452441963007613,0.0023613748265837566,0.0004898364293799842,2.9504628680437164,0.003172981815427258,0.0006395349688221357,0.002250953423779387,0.00014320360977511772,0.002747284782826405,2.6581130116714995,288,True
LEVEL_PLUS_JUMP,pooled,freight,physical_channel,a,22,3.0445233128140403e-05,4.974426279121583e-05,0.0004918345563662435,0.061901370560610694,0.9506413760435768,-0.0007785506207709435,0.0008394410870272243,-0.001276906600738651,0.0013377970669949317,2.6581130116714995,287,True
LEVEL_PLUS_JUMP,pooled,freight,physical_channel,a,23,-0.0008309490230797111,-0.00135768205144652,0.0006223830108050216,-1.3351087813353384,0.18184074582157983,-0.001854677975755328,0.0001927799295959059,-0.0024853134023438226,0.0008234153561844003,2.6581130116714995,286,True
LEVEL_PLUS_JUMP,pooled,freight,physical_channel,a,24,-0.000306779119574649,-0.0005012443517429973,0.0005736895963834535,-0.5347475734414366,0.5928244199884256,-0.0012504145329302987,0.0006368562937810007,-0.0018317109003820778,0.0012181526612327796,2.6581130116714995,285,True
LEVEL_PLUS_JUMP,pooled,oil,asset_price,b,0,-0.0020841402960883795,-0.0034052628911078117,0.003739198638827291,-0.5573761913707851,0.5772704288690105,-0.008234574739055457,0.004066294146878698,-0.012609208357120316,0.008440927764943557,2.814792440214642,309,True
LEVEL_PLUS_JUMP,pooled,oil,asset_price,b,1,-0.0026409997345033403,-0.004315111803273939,0.003529151981216686,-0.7483383397936996,0.45425610433340713,-0.00844593817087058,0.0031639387018638997,-0.012574830051600592,0.0072928305825939125,2.814792440214642,308,True
LEVEL_PLUS_JUMP,pooled,oil,asset_price,b,2,2.138515067965979e-06,3.494105467221694e-06,0.0030531660242358524,0.0007004254111930278,0.9994411414241107,-0.005019872693581382,0.005024149723717315,-0.008591890128671306,0.008596167158807238,2.814792440214642,307,True
LEVEL_PLUS_JUMP,pooled,oil,asset_price,b,3,-0.0021398224250786637,-0.003496241549264543,0.003023243196131225,-0.7077903715509706,0.47907544651646783,-0.0071126149613914705,0.002832970111234143,-0.010649624518479187,0.00636997966832186,2.814792440214642,306,True
LEVEL_PLUS_JUMP,pooled,oil,asset_price,b,4,0.002292030091088724,0.0037449326367978413,0.003226117158599499,0.7104608972365173,0.47741837109223506,-0.00301446041820404,0.007598520600381488,-0.006788820098183887,0.011372880280361335,2.814792440214642,305,True
LEVEL_PLUS_JUMP,pooled,oil,asset_price,b,5,0.0006117244651558259,0.0009994925124222889,0.005000965305259244,0.1223212775566566,0.9026445814788109,-0.007614131455458317,0.00883758038576997,-0.0134649548698636,0.014688403800175253,2.814792440214642,304,True
LEVEL_PLUS_JUMP,pooled,oil,asset_price,b,6,0.0067360040116716344,0.01100591190446714,0.0038160787426211994,1.765163788796661,0.07753624251063627,0.0004591130511387414,0.013012894972204527,-0.004005465584322314,0.017477473607665585,2.814792440214642,303,True
LEVEL_PLUS_JUMP,pooled,oil,asset_price,b,7,-0.006096731726219993,-0.009961409192702558,0.0025696465080310552,-2.372595494036066,0.0176635964796025,-0.01032342410493806,-0.001870039347501927,-0.01332975329104976,0.001136289838609774,2.814792440214642,302,True
LEVEL_PLUS_JUMP,pooled,oil,asset_price,b,8,0.0033988313947675595,0.005553327884623069,0.003121799709981128,1.0887410181699666,0.2762681080428466,-0.001736072180810953,0.008533734970346072,-0.005388386828751581,0.0121860496182867,2.814792440214642,301,True
LEVEL_PLUS_JUMP,pooled,oil,asset_price,b,9,0.002125111994293942,0.0034722062747883286,0.002703591082006756,0.7860330685499102,0.4318481141382581,-0.0023218996027385254,0.00657212359132641,-0.005484935744770398,0.009735159733358282,2.814792440214642,300,True
LEVEL_PLUS_JUMP,pooled,oil,asset_price,b,10,-0.0001561280784009205,-0.0002550966231191186,0.0026752294354428522,-0.058360631178938624,0.9534613730642729,-0.004556488918216435,0.004244232761414594,-0.007686343669125145,0.007374087512323304,2.814792440214642,299,True
LEVEL_PLUS_JUMP,pooled,oil,asset_price,b,11,0.002707236156919378,0.004423335050872195,0.002976255164593268,0.9096115780413425,0.36302739043686083,-0.0021882679452949094,0.007602740259133666,-0.005670304380527536,0.011084776694366293,2.814792440214642,298,True
LEVEL_PLUS_JUMP,pooled,oil,asset_price,b,12,-0.004929941963342394,-0.00805499920259358,0.004051966288756625,-1.2166789188305862,0.22372640295806878,-0.011594833409688825,0.0017349494830040373,-0.01633538604093912,0.006475502114254333,2.814792440214642,297,True
LEVEL_PLUS_JUMP,pooled,oil,asset_price,b,13,0.0005280897685270799,0.0008628423409470519,0.002703100938997914,0.19536442790880457,0.8451076624318979,-0.003918115614999568,0.004974295152053729,-0.0070805783197013476,0.008136757856755508,2.814792440214642,296,True
LEVEL_PLUS_JUMP,pooled,oil,asset_price,b,14,0.005476329215691374,0.008947737679984183,0.003932177514866107,1.392696335551333,0.16371163720297288,-0.0009915272314531681,0.011944185662835916,-0.00559193432673574,0.01654459275811849,2.814792440214642,295,True
LEVEL_PLUS_JUMP,pooled,oil,asset_price,b,15,0.0034143110136575306,0.005578619930400141,0.002724026843178442,1.2534057886425425,0.210058065889841,-0.0010663144192576994,0.00789493644657276,-0.0042532591514629035,0.011081881178777965,2.814792440214642,294,True
LEVEL_PLUS_JUMP,pooled,oil,asset_price,b,16,0.0020912250170452822,0.003416838569296883,0.002376799288385914,0.8798492271787218,0.37894099282228766,-0.0018182619129919666,0.006000711947082531,-0.0045989716518109285,0.008781421685901493,2.814792440214642,293,True
LEVEL_PLUS_JUMP,pooled,oil,asset_price,b,17,-0.006033870612837207,-0.009858700839959761,0.004664644023640094,-1.2935329217530787,0.19582680529258634,-0.013706527253559125,0.0016387860278847099,-0.019163875346871754,0.007096134121197338,2.814792440214642,292,True
LEVEL_PLUS_JUMP,pooled,oil,asset_price,b,18,-0.00788769149620118,-0.012887646382986841,0.0031966934147753126,-2.4674532314371427,0.013607799624057443,-0.01314578425374624,-0.00262959873865612,-0.016885719953794658,0.001110336961392299,2.814792440214642,291,True
LEVEL_PLUS_JUMP,pooled,oil,asset_price,b,19,0.002216326607563042,0.0036212412213679737,0.0030412378761370635,0.7287580576821528,0.4661496718649675,-0.002786064543423199,0.007218717758549284,-0.006344126775081997,0.010776779990208082,2.814792440214642,290,True
LEVEL_PLUS_JUMP,pooled,oil,asset_price,b,20,0.006041790328131153,0.009871640809811708,0.0024425273838110163,2.4735814092304236,0.013376632381502955,0.0020241903019413126,0.010059390354320994,-0.0008334172868373424,0.01291699794309965,2.814792440214642,289,True
LEVEL_PLUS_JUMP,pooled,oil,asset_price,b,21,-0.00013546106480244262,-0.00022132892782096445,0.0020404853643857376,-0.06638668777868029,0.9470699684357445,-0.0034917608171537197,0.003220838687548834,-0.005879003842844036,0.00560808171323915,2.814792440214642,288,True
LEVEL_PLUS_JUMP,pooled,oil,asset_price,b,22,0.0015814984327126133,0.0025839997121926256,0.0023104865387291126,0.6844871875265369,0.49366757721643184,-0.0022189137305385206,0.005381910595963747,-0.004922041609719787,0.008085038475145013,2.814792440214642,287,True
LEVEL_PLUS_JUMP,pooled,oil,asset_price,b,23,-0.0014862778689284642,-0.0024284194698581253,0.0028520538702495692,-0.521125454337371,0.6022793799315571,-0.006177489021669451,0.003204933283812523,-0.009514217541991863,0.006541661804134934,2.814792440214642,286,True
LEVEL_PLUS_JUMP,pooled,oil,asset_price,b,24,0.0015056541391314264,0.0024600782281548016,0.0040824754242246636,0.3688091127743598,0.7122700117771843,-0.005209420369344762,0.008220728647607613,-0.009985666822338219,0.012996975100601073,2.814792440214642,285,True
LEVEL_PLUS_JUMP,pooled,dxy,asset_price,b,0,0.000579710995042842,0.0009471859177098615,0.0004974118931469474,1.1654546323273807,0.24383501407724995,-0.00023845876148871257,0.0013978807515743965,-0.0008190500259874711,0.001978472016073155,2.812077958532217,309,True
LEVEL_PLUS_JUMP,pooled,dxy,asset_price,b,1,0.0001578213854249632,0.0002578633061409128,0.0004777497769226889,0.33034319019787295,0.7411406618294274,-0.0006280070679215784,0.0009436498387715049,-0.001185648231953014,0.0015012910028029405,2.812077958532217,308,True
LEVEL_PLUS_JUMP,pooled,dxy,asset_price,b,2,0.0003411924851003241,0.0005574721195197885,0.0003822809605516695,0.8925175991185891,0.3721155639348752,-0.00028760373937758215,0.0009699887095782303,-0.0007338113780335497,0.0014161963482341978,2.812077958532217,307,True
LEVEL_PLUS_JUMP,pooled,dxy,asset_price,b,3,0.0007573735036020878,0.0012374675022430118,0.0004555231992778285,1.6626452940328897,0.09638345881291373,8.10451710941333e-06,0.0015066424900947622,-0.0005235932446871726,0.002038340251891348,2.812077958532217,306,True
LEVEL_PLUS_JUMP,pooled,dxy,asset_price,b,4,-0.00015170205848676738,-0.0002478649787824791,0.00036642561452072676,-0.41400505989514114,0.6788704011954121,-0.0007544185595391069,0.0004510144425655721,-0.0011821194525221258,0.000878715335548591,2.812077958532217,305,True
LEVEL_PLUS_JUMP,pooled,dxy,asset_price,b,5,0.000499122229131934,0.000815512472063402,0.0007004514297461274,0.7125722183375891,0.4761105080818109,-0.000653017845589328,0.001651262303853196,-0.0014706017974795286,0.0024688462557433963,2.812077958532217,304,True
LEVEL_PLUS_JUMP,pooled,dxy,asset_price,b,6,-0.0006210548620394497,-0.001014737385489013,0.00045395650313768005,-1.3680933255649177,0.1712828656468156,-0.0013677468627036702,0.00012563713862477068,-0.001897615938645281,0.0006555062145663816,2.812077958532217,303,True
LEVEL_PLUS_JUMP,pooled,dxy,asset_price,b,7,-0.0012825069951922492,-0.0020954796020743287,0.00033161820874625444,-3.867420308556066,0.00010999275599478545,-0.0018279704086116761,-0.0007370435817728222,-0.002215043250655527,-0.00034997073972897145,2.812077958532217,302,True
LEVEL_PLUS_JUMP,pooled,dxy,asset_price,b,8,-0.001778524066680444,-0.0029059185778308313,0.0005440079389173711,-3.26929799998853,0.0010781468776459647,-0.0026733374980990768,-0.0008837106352618112,-0.003308316800976524,-0.0002487313323843638,2.812077958532217,301,True
LEVEL_PLUS_JUMP,pooled,dxy,asset_price,b,9,0.00016173887864547314,0.00026426407211382083,0.0005047731671547599,0.32041893105598684,0.7486507765312984,-0.0006685390961368154,0.0009920168534277617,-0.0012577226187689256,0.001581200376059872,2.812077958532217,300,True
LEVEL_PLUS_JUMP,pooled,dxy,asset_price,b,10,-0.00026790503900620693,-0.0004377282514909644,0.00045960942354773376,-0.5828971846100172,0.5599625160241716,-0.0010238952663097723,0.00048808518829735836,-0.001560362568498487,0.0010245524904860734,2.812077958532217,299,True
LEVEL_PLUS_JUMP,pooled,dxy,asset_price,b,11,0.0005690997144246068,0.0009298482172756699,0.0004808789279813336,1.183457376295552,0.23662792953949063,-0.00022187573439002553,0.001360075163239239,-0.0007831693196743028,0.0019213687485235163,2.812077958532217,298,True
LEVEL_PLUS_JUMP,pooled,dxy,asset_price,b,12,-0.00020534545481286237,-0.00033551256527417756,0.0003797815710351552,-0.5406935735537683,0.5887188087365007,-0.0008300305493793656,0.0004193396397536408,-0.0012733208397775597,0.000862629930151835,2.812077958532217,297,True
LEVEL_PLUS_JUMP,pooled,dxy,asset_price,b,13,-0.00014177407438849322,-0.00023164371196238406,0.0004660628212672798,-0.3041952027046328,0.7609791794616263,-0.0009083791963372141,0.0006248310475602277,-0.001452379061365551,0.0011688309125885644,2.812077958532217,296,True
LEVEL_PLUS_JUMP,pooled,dxy,asset_price,b,14,-0.0014306687216105753,-0.0023375600559678213,0.0003708602380288927,-3.857703185476346,0.00011445752133933373,-0.0020406795292244855,-0.0008206579139966648,-0.0024735566226676362,-0.00038778082055351457,2.812077958532217,295,True
LEVEL_PLUS_JUMP,pooled,dxy,asset_price,b,15,-0.0004931399766750143,-0.0008057381097831751,0.0003761162454407063,-1.3111371355342227,0.1898114364693998,-0.0011117961471435302,0.00012551619379350164,-0.0015508081803247181,0.0005645282269746895,2.812077958532217,294,True
LEVEL_PLUS_JUMP,pooled,dxy,asset_price,b,16,-0.00022197179756381415,-0.0003626782354984505,0.0004182985108635585,-0.5306540468087332,0.5956585355765086,-0.0009100116203061381,0.00046606802517850987,-0.001398259820050076,0.0009543162249224478,2.812077958532217,293,True
LEVEL_PLUS_JUMP,pooled,dxy,asset_price,b,17,2.207087036016958e-06,3.606144747212818e-06,0.0004667244307240578,0.004728886877837037,0.9962269082329421,-0.0007654862856273105,0.0007699004596993446,-0.0013102583973116026,0.0013146725713836366,2.812077958532217,292,True
LEVEL_PLUS_JUMP,pooled,dxy,asset_price,b,18,-0.0005556259060623424,-0.0009078334519050129,0.00044502087896934633,-1.248538961473344,0.2118337495027054,-0.001287620112904204,0.00017636830077951912,-0.0018070593108986746,0.00069580749877399,2.812077958532217,291,True
LEVEL_PLUS_JUMP,pooled,dxy,asset_price,b,19,-0.0019329979349948353,-0.00315831239815288,0.00042750848040959465,-4.521542901658549,6.139051421046325e-06,-0.0026361868095490697,-0.0012298090604406012,-0.003135185109840259,-0.0007308107601494121,2.812077958532217,290,True
LEVEL_PLUS_JUMP,pooled,dxy,asset_price,b,20,-0.0006153815841929421,-0.001005467854758325,0.0005432308206437704,-1.1328178755831038,0.2572907431124356,-0.0015089167698006725,0.00027815360141478836,-0.002142989001320657,0.0009122258329347727,2.812077958532217,289,True
LEVEL_PLUS_JUMP,pooled,dxy,asset_price,b,21,0.0011308504545509072,0.0018476889945950679,0.00042139789550221107,2.683569297856101,0.007284087772108917,0.0004377125977443778,0.0018239883113574367,-5.415327916272303e-05,0.0023158541882645376,2.812077958532217,288,True
LEVEL_PLUS_JUMP,pooled,dxy,asset_price,b,22,0.00025538127799073145,0.0004172657621263363,0.00043581065708304506,0.5859913562005157,0.5578813235343978,-0.0004614634619764195,0.0009722260179578824,-0.0009701522648859421,0.001480914820867405,2.812077958532217,287,True
LEVEL_PLUS_JUMP,pooled,dxy,asset_price,b,23,-0.001517699083303011,-0.0024797583818805097,0.0003263917698983594,-4.649930614903779,3.3204671779674074e-06,-0.002054565769827438,-0.000980832396778584,-0.0024355381852805063,-0.0005998599813255153,2.812077958532217,286,True
LEVEL_PLUS_JUMP,pooled,dxy,asset_price,b,24,-0.00032004024576593235,-0.0005229116171369006,0.00033335757462515117,-0.9600509186743583,0.337029588767503,-0.0008683646614598584,0.00022828416992799364,-0.0012574677336790786,0.000617387242147214,2.812077958532217,285,True
LEVEL_PLUS_JUMP,pooled,vix,asset_price,b,0,0.0509950765805943,0.08332051457141203,0.17640934159860658,0.289072427335657,0.772525953070457,-0.23917246877599493,0.34116262193718355,-0.3991090269932889,0.5010991801544775,2.551475446226814,309,True
LEVEL_PLUS_JUMP,pooled,vix,asset_price,b,1,-0.12907563863369415,-0.2108958227093948,0.1904922834004882,-0.6775898547151509,0.49803178045578933,-0.4424075618912549,0.18425628462386662,-0.6151120224257196,0.35696074515833126,2.551475446226814,308,True
LEVEL_PLUS_JUMP,pooled,vix,asset_price,b,2,-0.2503863089602545,-0.40910451563365074,0.15378413156498863,-1.6281673955055767,0.10348939617032993,-0.5033386955325084,0.002566077611999451,-0.6427627446676369,0.14199012674712796,2.551475446226814,307,True
LEVEL_PLUS_JUMP,pooled,vix,asset_price,b,3,-0.2706871344025132,-0.4422738985524144,0.13819503124425164,-1.9587327559128338,0.05014409223890408,-0.49799773277129256,-0.04337653603373384,-0.6232883634127686,0.0819140946077423,2.551475446226814,306,True
LEVEL_PLUS_JUMP,pooled,vix,asset_price,b,4,-0.22018281049866242,-0.3597552214973937,0.15386607826734117,-1.4310029408567653,0.15242937228957743,-0.4732699874014976,0.0329043664041728,-0.6127683312049966,0.17240271020767176,2.551475446226814,305,True
LEVEL_PLUS_JUMP,pooled,vix,asset_price,b,5,-0.14173470849790284,-0.2315793922970264,0.16765169010861505,-0.8454117486443375,0.3978809871321425,-0.4174971990376025,0.13402778204179686,-0.569493879328461,0.2860244623326553,2.551475446226814,304,True
LEVEL_PLUS_JUMP,pooled,vix,asset_price,b,6,-0.016856499977905715,-0.027541722578107983,0.1593085833461395,-0.10581036893210309,0.9157328097588381,-0.2788958010993042,0.24518280114349272,-0.42332843875875864,0.3896154388029472,2.551475446226814,303,True
LEVEL_PLUS_JUMP,pooled,vix,asset_price,b,7,-0.19783032454473956,-0.3232336441900691,0.1646635388557625,-1.2014215528188643,0.22958771979009507,-0.46867774365830517,0.07301709456882602,-0.6179653008240324,0.22230465173455335,2.551475446226814,302,True
LEVEL_PLUS_JUMP,pooled,vix,asset_price,b,8,-0.030628108344464135,-0.05004306138410293,0.15347193556316546,-0.19956813753650954,0.841818349020313,-0.28306697819079946,0.2218107615018712,-0.4222079836187846,0.36095176692985637,2.551475446226814,301,True
LEVEL_PLUS_JUMP,pooled,vix,asset_price,b,9,0.09592693692719192,0.1567343806887145,0.2351906407112595,0.40786885327193007,0.6833699606351162,-0.29092724147176385,0.48278111532614765,-0.5041562080299392,0.696010081884323,2.551475446226814,300,True
LEVEL_PLUS_JUMP,pooled,vix,asset_price,b,10,0.13903151165838412,0.2271626570598403,0.27462724230980523,0.5062553535804856,0.6126774007900904,-0.3126901039145798,0.590753127231348,-0.5616731539600656,0.8397361772768338,2.551475446226814,299,True
LEVEL_PLUS_JUMP,pooled,vix,asset_price,b,11,0.5682106223768005,0.9283955357249816,0.27908828926122564,2.035952937620243,0.04175508128601912,0.10915123754579192,1.0272700072078091,-0.1438762950026633,1.2802975397562644,2.551475446226814,298,True
LEVEL_PLUS_JUMP,pooled,vix,asset_price,b,12,0.21623565363023517,0.3533059882885432,0.24435723258721634,0.8849161178523989,0.3762018742758708,-0.1856962266626721,0.6181675339231425,-0.407235825423982,0.8397071326844523,2.551475446226814,297,True
LEVEL_PLUS_JUMP,pooled,vix,asset_price,b,13,-0.0628376210109173,-0.10266996871351664,0.27028267565942427,-0.23248852653100585,0.8161585976153608,-0.5074130603714697,0.38173781834963505,-0.7524572314964241,0.6267819894745895,2.551475446226814,296,True
LEVEL_PLUS_JUMP,pooled,vix,asset_price,b,14,-0.10330890181446194,-0.1687957237476539,0.31916523447470374,-0.3236846957485589,0.7461767586338317,-0.6282889953369954,0.42167119170807155,-0.9176511608658924,0.7110333572369685,2.551475446226814,295,True
LEVEL_PLUS_JUMP,pooled,vix,asset_price,b,15,0.033079220563181494,0.05404791724529646,0.3288229018976405,0.1005988949439986,0.9198688739643984,-0.5077863222478607,0.5739447633742236,-0.8059043397856968,0.8720627809120597,2.551475446226814,294,True
LEVEL_PLUS_JUMP,pooled,vix,asset_price,b,16,-0.022034540894029012,-0.036002089000371544,0.3374934042863025,-0.06528880450456645,0.9479440560376372,-0.5771617910065532,0.5330927092184952,-0.8831406751940292,0.8390715934059712,2.551475446226814,293,True
LEVEL_PLUS_JUMP,pooled,vix,asset_price,b,17,-0.043337843053520425,-0.07080941192288595,0.3315092546225558,-0.13072890861784023,0.895989762819486,-0.5886220428874104,0.5019463567803696,-0.8891755664199246,0.8024998803128838,2.551475446226814,292,True
LEVEL_PLUS_JUMP,pooled,vix,asset_price,b,18,-0.30618835760411434,-0.50027910971034,0.24736552831433034,-1.2377971970897947,0.2157912680137447,-0.7130684440347077,0.10069172882647903,-0.937335429341052,0.3249587141328233,2.551475446226814,291,True
LEVEL_PLUS_JUMP,pooled,vix,asset_price,b,19,-0.43326673940974925,-0.7079116278459656,0.2639489842175205,-1.6414790937505328,0.10069800334357909,-0.8674241834300948,0.0008907046105962602,-1.1067260916972617,0.24019261287776317,2.551475446226814,290,True
LEVEL_PLUS_JUMP,pooled,vix,asset_price,b,20,-0.49171670844133464,-0.8034126413349435,0.2742592352628516,-1.7928902484179632,0.07299047491578546,-0.9428330062883732,-0.04060041059429603,-1.1914824131154438,0.2080489962327745,2.551475446226814,289,True
LEVEL_PLUS_JUMP,pooled,vix,asset_price,b,21,-0.4760097778351005,-0.7777491924649225,0.30129359777954884,-1.5798867992654406,0.11413279284894262,-0.9715936449200495,0.019574089249848436,-1.2447529946749571,0.29273343900475607,2.551475446226814,288,True
LEVEL_PLUS_JUMP,pooled,vix,asset_price,b,22,-0.541628090287473,-0.8849625143274475,0.2685838465497981,-2.0166070940049994,0.04373653212531102,-0.9834092044254861,-0.09984697614945998,-1.2269131800124333,0.14365699943748722,2.551475446226814,287,True
LEVEL_PLUS_JUMP,pooled,vix,asset_price,b,23,-0.37215136784335384,-0.6080556309814981,0.3481631808276264,-1.0688992643010229,0.2851150635116726,-0.9448288385986363,0.20052610291192868,-1.260481175005269,0.5161784393185611,2.551475446226814,286,True
LEVEL_PLUS_JUMP,pooled,vix,asset_price,b,24,-0.5301790956520157,-0.8662560785631241,0.2689683591303555,-1.9711578617136316,0.04870582209178257,-0.9725926767027671,-0.08776551460126436,-1.2164452597850335,0.15608706848100207,2.551475446226814,285,True
LEVEL_PLUS_JUMP,pooled,us10y,asset_price,b,0,-0.003307359420357148,-0.005403872437395859,0.010462385992029989,-0.31611904042506367,0.7519121550649428,-0.02051645296591395,0.013901734125199655,-0.03207996949089403,0.02546525065017973,2.7501002249826385,309,True
LEVEL_PLUS_JUMP,pooled,us10y,asset_price,b,1,0.01918839653556364,0.031351792768007446,0.009519851591159373,2.0156192932023203,0.043839800752888645,0.003529634117805401,0.034847158953321876,-0.006992149467085082,0.04536894253821236,2.7501002249826385,308,True
LEVEL_PLUS_JUMP,pooled,us10y,asset_price,b,2,0.010657726620298322,0.01741358824633308,0.005451510480249377,1.9550043348372668,0.0505825586253405,0.0016907898344961717,0.019624663406100473,-0.004334473577930702,0.025649926818527347,2.7501002249826385,307,True
LEVEL_PLUS_JUMP,pooled,us10y,asset_price,b,3,-0.016883483220980895,-0.027585810318505356,0.005534255694718029,-3.0507233767848363,0.0022829079514663985,-0.02598652377291468,-0.007780442669047106,-0.0321032410521364,-0.0016637253898253955,2.7501002249826385,306,True
LEVEL_PLUS_JUMP,pooled,us10y,asset_price,b,4,-0.007946170595404131,-0.012983194992067994,0.008502286458872427,-0.9345921986799245,0.34999850098394114,-0.02193118731466083,0.006038846123852569,-0.031328310498816035,0.015435969308007773,2.7501002249826385,305,True
LEVEL_PLUS_JUMP,pooled,us10y,asset_price,b,5,0.024737826271727176,0.04041896889949689,0.0080145450785983,3.086616399199752,0.0020244866678756726,0.011555072730828692,0.03792057981262566,0.0026970240479404946,0.046778628495513855,2.7501002249826385,304,True
LEVEL_PLUS_JUMP,pooled,us10y,asset_price,b,6,-0.006931250018913438,-0.011324923049899783,0.01274762217388593,-0.5437288558106477,0.5866280724450813,-0.02789922258663672,0.014036722548809846,-0.041988488627310805,0.028125988589483928,2.7501002249826385,303,True
LEVEL_PLUS_JUMP,pooled,us10y,asset_price,b,7,-0.0005956736040858996,-0.0009732671178678383,0.0084688238819433,-0.07033722892218337,0.9439252514756183,-0.014525649282313582,0.013334302074141784,-0.02388578806715651,0.02269444085898471,2.7501002249826385,302,True
LEVEL_PLUS_JUMP,pooled,us10y,asset_price,b,8,-0.007661846000931224,-0.012518638938713507,0.006473277122399611,-1.1836116168144237,0.23656683974085924,-0.018309439353972213,0.0029857473521097654,-0.02546400687161736,0.010140314869754911,2.7501002249826385,301,True
LEVEL_PLUS_JUMP,pooled,us10y,asset_price,b,9,-0.01538533752658212,-0.025138000087982972,0.00490420230755515,-3.1371743173972044,0.0017058467389353955,-0.023452032479467987,-0.007318642573696254,-0.028872385395949912,-0.001898289657214329,2.7501002249826385,300,True
LEVEL_PLUS_JUMP,pooled,us10y,asset_price,b,10,-0.007906939423668853,-0.012919095442946683,0.011786113933630068,-0.6708690810384482,0.5023039347200755,-0.027293371675063557,0.011479492827725849,-0.040319934004215914,0.02450605515687821,2.7501002249826385,299,True
LEVEL_PLUS_JUMP,pooled,us10y,asset_price,b,11,-0.018959630289136466,-0.030978013127952234,0.006765913331921099,-2.8022277790178416,0.00507510270389776,-0.030088567372786208,-0.007830693205486726,-0.03756657006546571,-0.00035269051280721955,2.7501002249826385,298,True
LEVEL_PLUS_JUMP,pooled,us10y,asset_price,b,12,-0.004677732856290748,-0.007642916429349225,0.006516776452560173,-0.7177985757748464,0.4728814916647899,-0.015396876240316295,0.0060414105277348,-0.02259952124463804,0.013244055532056546,2.7501002249826385,297,True
LEVEL_PLUS_JUMP,pooled,us10y,asset_price,b,13,0.01967239247393173,0.03214259049475601,0.004709190546886062,4.1774466923917615,2.9479972474165377e-05,0.011926463322880606,0.027418321624982856,0.006721646491454257,0.032623138456409205,2.7501002249826385,296,True
LEVEL_PLUS_JUMP,pooled,us10y,asset_price,b,14,-0.007368073897116749,-0.012038646663030507,0.009894633164736944,-0.74465356870182,0.4564811750477631,-0.023643297145488636,0.00890714935125514,-0.034579306789580495,0.019843158995347,2.7501002249826385,295,True
LEVEL_PLUS_JUMP,pooled,us10y,asset_price,b,15,0.0025575171557840333,0.004178710176233573,0.005391553988541949,0.47435621737614625,0.6352459089806672,-0.006310799977173867,0.011425834288741934,-0.012269796681111222,0.01738483099267929,2.7501002249826385,294,True
LEVEL_PLUS_JUMP,pooled,us10y,asset_price,b,16,-0.00984238856818206,-0.016081412855938008,0.004594652361191875,-2.1421399911154313,0.032182218663918245,-0.01739991916906966,-0.0022848579672944576,-0.022478143060412847,0.002793365924048729,2.7501002249826385,293,True
LEVEL_PLUS_JUMP,pooled,us10y,asset_price,b,17,0.004292428104392514,0.0070133695721299166,0.005132791322317955,0.8362755925277058,0.40299988077361326,-0.004150262318507216,0.012735118527292245,-0.009823262465903027,0.018408118674688057,2.7501002249826385,292,True
LEVEL_PLUS_JUMP,pooled,us10y,asset_price,b,18,0.013328629805277247,0.02177755909734565,0.010403470796114115,1.2811714538820766,0.20013345042362218,-0.003783556866594774,0.030440816477149267,-0.01528195757171649,0.041939217182270984,2.7501002249826385,291,True
LEVEL_PLUS_JUMP,pooled,us10y,asset_price,b,19,-0.014143527580798579,-0.023109015122756822,0.010354296582124145,-1.3659573558300653,0.171952348599703,-0.03117482986843671,0.0028877747068395514,-0.04261888094083516,0.014331825779237996,2.7501002249826385,290,True
LEVEL_PLUS_JUMP,pooled,us10y,asset_price,b,20,-0.002807662330435032,-0.0045874207041320305,0.011573027963388414,-0.24260395285634387,0.8083122187518295,-0.021843599350825273,0.01622827468995521,-0.03463464913627987,0.02901932447540981,2.7501002249826385,289,True
LEVEL_PLUS_JUMP,pooled,us10y,asset_price,b,21,0.025503702483819373,0.04167032892027602,0.011569397018698687,2.204410691637584,0.027495474440915175,0.006473737835971289,0.044533667131667454,-0.006313298860217354,0.057320703827856104,2.7501002249826385,288,True
LEVEL_PLUS_JUMP,pooled,us10y,asset_price,b,22,-0.0005158523730687491,-0.0008428477423510377,0.005889228949758045,-0.08759251465167484,0.9302005517548253,-0.010202771971025877,0.00917106722488838,-0.016711822232772615,0.015680117486635115,2.7501002249826385,287,True
LEVEL_PLUS_JUMP,pooled,us10y,asset_price,b,23,-0.02422090444698079,-0.03957437378720223,0.007277203588601318,-3.328325798788881,0.0008736962628710903,-0.03619083916375594,-0.012250969730205643,-0.04423394367323774,-0.00420786522072384,2.7501002249826385,286,True
LEVEL_PLUS_JUMP,pooled,us10y,asset_price,b,24,0.011916175165200152,0.019469758907380123,0.0052473524929309324,2.270892832386093,0.023153466270162928,0.0032850483853098574,0.020547301945090447,-0.0025145701061724153,0.02634692043657272,2.7501002249826385,285,True
LEVEL_PLUS_JUMP,pooled,ip,real_macro,b,0,0.026824690479661826,0.043828682371952886,0.03412295068379091,0.7861187248500199,0.431797935280988,-0.029302568714857872,0.08295194967418153,-0.06918403028678176,0.1228334112461054,2.813611333208932,309,True
LEVEL_PLUS_JUMP,pooled,ip,real_macro,b,1,-0.00239978203118843,-0.0039209878110848416,0.03451007435202269,-0.06953859347590119,0.9445609138372072,-0.05916380299547793,0.05436423893310107,-0.09949771833792236,0.0946981542755455,2.813611333208932,308,True
LEVEL_PLUS_JUMP,pooled,ip,real_macro,b,2,-0.03366154656430038,-0.05499937580394488,0.03487606219210504,-0.9651762397625385,0.33445654565212823,-0.09102756395476946,0.023704470826168708,-0.13178923040570667,0.0644661372771059,2.813611333208932,307,True
LEVEL_PLUS_JUMP,pooled,ip,real_macro,b,3,0.03741474151828193,0.06113169593799429,0.02104426723218177,1.777906595914433,0.07541919674381875,0.002800002234891734,0.07202948080167212,-0.02179564726526205,0.09662513030182592,2.813611333208932,306,True
LEVEL_PLUS_JUMP,pooled,ip,real_macro,b,4,0.017097498281688654,0.02793548809486913,0.03164263267796676,0.5403310924123547,0.5889687195983506,-0.034950000844958154,0.06914499740833546,-0.07193257163360592,0.10612756819698324,2.813611333208932,305,True
LEVEL_PLUS_JUMP,pooled,ip,real_macro,b,5,0.021338169622005444,0.034864292636323485,0.020125642103452596,1.0602478923315861,0.2890318381894026,-0.011765565786585816,0.054441905030596704,-0.035287565088375626,0.07796390433238651,2.813611333208932,304,True
LEVEL_PLUS_JUMP,pooled,ip,real_macro,b,6,0.012606306426001367,0.020597359758824995,0.022344815250052802,0.5641714323850396,0.5726374677663132,-0.02414764398160855,0.04936025683361128,-0.05026331900000697,0.07547593185200971,2.813611333208932,303,True
LEVEL_PLUS_JUMP,pooled,ip,real_macro,b,7,0.044457243299427796,0.07263839249815701,0.02968862896984212,1.497450196995884,0.1342761552279195,-0.004376205740833569,0.09329069233968916,-0.03907501963755501,0.1279895062364106,2.813611333208932,302,True
LEVEL_PLUS_JUMP,pooled,ip,real_macro,b,8,0.009063629013862182,0.0148090028284565,0.03924110608517397,0.23097282207563952,0.8173359160295275,-0.05548224665592372,0.07360950468364807,-0.10134559179503728,0.11947284982276164,2.813611333208932,301,True
LEVEL_PLUS_JUMP,pooled,ip,real_macro,b,9,0.02225279179360414,0.03635868768553154,0.033025689159401427,0.6738024961780226,0.5004368876693539,-0.03206963280280921,0.07657521639001749,-0.07066866151232307,0.11517424509953136,2.813611333208932,300,True
LEVEL_PLUS_JUMP,pooled,ip,real_macro,b,10,-0.00791798308829504,-0.012937139612719693,0.019785174110634532,-0.40019779679568873,0.6890108372359672,-0.04046169848403862,0.024625732307448536,-0.0635857731954883,0.04774980701889823,2.813611333208932,299,True
LEVEL_PLUS_JUMP,pooled,ip,real_macro,b,11,0.0023623310131243064,0.0038597968431412135,0.0300580424545519,0.0785923107499824,0.9373569037539736,-0.04707874913730672,0.05180341116355534,-0.08220931789107815,0.08693397991732675,2.813611333208932,298,True
LEVEL_PLUS_JUMP,pooled,ip,real_macro,b,12,-0.0006174831438739583,-0.001008901579065966,0.03723318175579828,-0.016584216410078848,0.9867683163082399,-0.061860617197842145,0.06062565091009423,-0.10537718530341604,0.10414221901566813,2.813611333208932,297,True
LEVEL_PLUS_JUMP,pooled,ip,real_macro,b,13,-0.00760177320562201,-0.012420486400222927,0.03756099243364617,-0.20238478040885144,0.8396159256929306,-0.06938410784200172,0.054180561430757695,-0.11328380720350381,0.09808026079225979,2.813611333208932,296,True
LEVEL_PLUS_JUMP,pooled,ip,real_macro,b,14,-0.047787014741661714,-0.07807888378820636,0.024218367990024966,-1.9731723773189083,0.04847592643088949,-0.0876226851688997,-0.007951344314423715,-0.11592808939022037,0.020354059906896947,2.813611333208932,295,True
LEVEL_PLUS_JUMP,pooled,ip,real_macro,b,15,0.05788703414865341,0.09458123794864773,0.026875036151917733,2.1539332569241116,0.031245406426632368,0.013681533459719591,0.10209253483758723,-0.017728872148782077,0.1335029404460889,2.813611333208932,294,True
LEVEL_PLUS_JUMP,pooled,ip,real_macro,b,16,0.015117728826565969,0.02470075602278595,0.023202302991698343,0.6515615640384926,0.5146840497191717,-0.023046663402956042,0.05328212105608798,-0.050164533827424,0.08039999148055593,2.813611333208932,293,True
LEVEL_PLUS_JUMP,pooled,ip,real_macro,b,17,0.016817273765580273,0.027477631132133237,0.019803503499544937,0.8492069984468514,0.39576611971497366,-0.01575659079199239,0.049391138323152936,-0.038902088117982105,0.07253663564914264,2.813611333208932,292,True
LEVEL_PLUS_JUMP,pooled,ip,real_macro,b,18,-0.03838567675718723,-0.06271810053125441,0.032070261695023805,-1.1969243382614292,0.23133604683734732,-0.09113656302353,0.014365209509155541,-0.1286189285212825,0.051847575006908043,2.813611333208932,291,True
LEVEL_PLUS_JUMP,pooled,ip,real_macro,b,19,-0.020481608389347452,-0.03346476296694074,0.022555966091144884,-0.9080350762447815,0.3638596899168175,-0.05758287102376153,0.016619654245066628,-0.08394533021486907,0.042982113436174155,2.813611333208932,290,True
LEVEL_PLUS_JUMP,pooled,ip,real_macro,b,20,-0.004564515348191153,-0.007457931100060769,0.022543462618273082,-0.20247623115764338,0.8395444383683794,-0.04164521159990257,0.03251618090352026,-0.06799305726073619,0.05886402656435389,2.813611333208932,289,True
LEVEL_PLUS_JUMP,pooled,ip,real_macro,b,21,-0.0030936367177884063,-0.0050546723430401445,0.021802721414800347,-0.14189222798986698,0.8871651333688657,-0.038955922114335295,0.03276864867875848,-0.06443802078526774,0.05825074734969093,2.813611333208932,288,True
LEVEL_PLUS_JUMP,pooled,ip,real_macro,b,22,0.0007985503425435524,0.0013047460639999439,0.025323320299141597,0.03153418797813103,0.9748435276309075,-0.040854604897953346,0.04245170558304045,-0.07045143064560104,0.07204853133068816,2.813611333208932,287,True
LEVEL_PLUS_JUMP,pooled,ip,real_macro,b,23,-0.003572146015551735,-0.00583650548439908,0.02379881686741478,-0.1500976302919789,0.8806875895591295,-0.0427177162570728,0.03557342422596934,-0.07053276687067385,0.06338847483957037,2.813611333208932,286,True
LEVEL_PLUS_JUMP,pooled,ip,real_macro,b,24,0.021533493513371693,0.035183431036106175,0.02082791489938162,1.0338765842571702,0.30119386300011974,-0.012725377850712774,0.05579236487745616,-0.03706816389463961,0.08013515092138299,2.813611333208932,285,True
LEVEL_PLUS_JUMP,pooled,cpi,real_macro,b,0,-0.019971870791956912,-0.03263190611567488,0.008544859114092968,-2.3372966745604344,0.019423763342866416,-0.03402691329756208,-0.00591682828635175,-0.04405824916058992,0.004114507576676092,2.8188151550570955,309,True
LEVEL_PLUS_JUMP,pooled,cpi,real_macro,b,1,-0.0010786152695250856,-0.0017623422751288091,0.010799094816565834,-0.09988015549881898,0.9204394711759376,-0.01884154554634624,0.01668431500729607,-0.03151926739935938,0.029362036860309214,2.8188151550570955,308,True
LEVEL_PLUS_JUMP,pooled,cpi,real_macro,b,2,-0.002952997719555463,-0.004824883224416957,0.01326258109323127,-0.22265633656050282,0.8238029866247722,-0.02476800233349494,0.018862006894384015,-0.04033776230032947,0.03443176686121854,2.8188151550570955,307,True
LEVEL_PLUS_JUMP,pooled,cpi,real_macro,b,3,-0.00211146065075703,-0.0034499014358831655,0.009065640763614453,-0.2329080432164836,0.8158328126024172,-0.017023112741427378,0.012800191439913317,-0.02766582622553683,0.02344290492402277,2.8188151550570955,306,True
LEVEL_PLUS_JUMP,pooled,cpi,real_macro,b,4,-0.005457795830326642,-0.008917456105587501,0.008365300345040096,-0.652432740632277,0.5141220489657685,-0.019217490443404248,0.008301898782750962,-0.029038031219530015,0.01812243955887673,2.8188151550570955,305,True
LEVEL_PLUS_JUMP,pooled,cpi,real_macro,b,5,-0.0026123813167365823,-0.004268352361883996,0.007164688961342153,-0.3646189431016427,0.7153958724257912,-0.014397245940779398,0.009172483307306235,-0.022808315142238123,0.01758355250876496,2.8188151550570955,304,True
LEVEL_PLUS_JUMP,pooled,cpi,real_macro,b,6,0.008093032733845823,0.01322315205785807,0.0061731600458615485,1.3110032258553455,0.18985667375606496,-0.0020609119573414617,0.018246977425033107,-0.009307964358021665,0.02549402982571331,2.8188151550570955,303,True
LEVEL_PLUS_JUMP,pooled,cpi,real_macro,b,7,0.0026865499156974205,0.004389535939688631,0.0066407192916376374,0.40455706644315975,0.6858031226509269,-0.008236461296719358,0.013609561128114199,-0.01603241026405077,0.021405510095445612,2.8188151550570955,302,True
LEVEL_PLUS_JUMP,pooled,cpi,real_macro,b,8,-0.001652759197501151,-0.0027004321991906505,0.0062129646538139635,-0.26601780141893594,0.7902254992837238,-0.011872176642448346,0.008566658247446044,-0.01916595812150601,0.01586043972650371,2.8188151550570955,301,True
LEVEL_PLUS_JUMP,pooled,cpi,real_macro,b,9,0.0009512495459273827,0.0015542402711608571,0.0061647596885758115,0.15430440016829614,0.877369728037267,-0.009188877787110769,0.011091376878965534,-0.016426068491515178,0.01832856758336994,2.8188151550570955,300,True
LEVEL_PLUS_JUMP,pooled,cpi,real_macro,b,10,0.0025597630051715477,0.004182379654527657,0.006310286763266098,0.4056492361127908,0.6850003465526118,-0.00781973506449056,0.012939261074833654,-0.015227768955879115,0.02034729496622221,2.8188151550570955,299,True
LEVEL_PLUS_JUMP,pooled,cpi,real_macro,b,11,-0.004080585303317058,-0.006667241036251355,0.0060291176356152935,-0.6768130180794888,0.4985245974118221,-0.013997601313575959,0.005836430706941842,-0.021075553466211448,0.012914382859577333,2.8188151550570955,298,True
LEVEL_PLUS_JUMP,pooled,cpi,real_macro,b,12,0.002142715131571809,0.0035009679230573543,0.005882198649488681,0.3642711270483984,0.7156555581920019,-0.007532640651488698,0.011818070914632316,-0.014438115566663263,0.01872354582980688,2.8188151550570955,297,True
LEVEL_PLUS_JUMP,pooled,cpi,real_macro,b,13,0.0007867266572786345,0.001285427423722065,0.006139922986576599,0.12813298456651898,0.8980437332773756,-0.0093125479363946,0.010886001250951868,-0.016520581308166905,0.018094034622724176,2.8188151550570955,296,True
LEVEL_PLUS_JUMP,pooled,cpi,real_macro,b,14,0.0007180913850668408,0.0011732847114859627,0.00760873931085545,0.09437718335839607,0.9248095399367191,-0.011797171066921991,0.013233353837055671,-0.020729538295251183,0.022165721065384864,2.8188151550570955,295,True
LEVEL_PLUS_JUMP,pooled,cpi,real_macro,b,15,0.01042794286598039,0.01703814610694022,0.009137654447830844,1.141205648070424,0.2537843545034678,-0.004602161194363425,0.025458046926324206,-0.015329415973240067,0.036185301705200845,2.8188151550570955,294,True
LEVEL_PLUS_JUMP,pooled,cpi,real_macro,b,16,0.009816336191554944,0.016038846052004518,0.00799299410182603,1.2281175322414368,0.21940285044958163,-0.0033309691470353262,0.022963641530145212,-0.012714436716954245,0.032347109100064136,2.8188151550570955,293,True
LEVEL_PLUS_JUMP,pooled,cpi,real_macro,b,17,-0.0026575305913171124,-0.004342121459664061,0.005074550948524348,-0.5236976864110326,0.6004888250605831,-0.01100442412414742,0.0056893629415131946,-0.016961751710126902,0.01164669052749268,2.8188151550570955,292,True
LEVEL_PLUS_JUMP,pooled,cpi,real_macro,b,18,-0.021753672098289302,-0.03554317935345495,0.006768825281148842,-3.213803162990957,0.0013098943632620017,-0.032887398912187796,-0.01061994528439081,-0.04083373938272526,-0.002673604813853342,2.8188151550570955,291,True
LEVEL_PLUS_JUMP,pooled,cpi,real_macro,b,19,-0.012412771674915692,-0.020281144623381018,0.006680541151271425,-1.8580488307527785,0.063162080275121,-0.02340128401758306,-0.001424259332248325,-0.031243982316102162,0.006418438966270777,2.8188151550570955,290,True
LEVEL_PLUS_JUMP,pooled,cpi,real_macro,b,20,-0.0008092658415507685,-0.0013222540461628818,0.0066980653486409985,-0.1208208339912605,0.903832947852543,-0.011826602923820892,0.010208071240719355,-0.019689873955862806,0.018071342272761266,2.8188151550570955,289,True
LEVEL_PLUS_JUMP,pooled,cpi,real_macro,b,21,-0.0002822143471460743,-0.00046110813436044806,0.0060158655060995195,-0.046911678271386814,0.9625836204280664,-0.010177432544106121,0.009613003849813975,-0.017239827206524623,0.016675398512232473,2.8188151550570955,288,True
LEVEL_PLUS_JUMP,pooled,cpi,real_macro,b,22,0.013793500601029046,0.022537108381481864,0.005676891778877806,2.4297628241480607,0.015108706154497007,0.004455844568730893,0.0231311566333272,-0.0022086079788907476,0.02979560918094884,2.8188151550570955,287,True
LEVEL_PLUS_JUMP,pooled,cpi,real_macro,b,23,0.010366577063855952,0.016937880933261838,0.006137647878784751,1.6890146304562075,0.09121662625118364,0.00027104468948584495,0.02046210943822606,-0.00693431779326654,0.027667471920978445,2.8188151550570955,286,True
LEVEL_PLUS_JUMP,pooled,cpi,real_macro,b,24,-0.007687638781711259,-0.012560781590728622,0.008878560982331436,-0.8658654028518651,0.3865639777621419,-0.022291572015608947,0.006916294452186428,-0.03271466103380572,0.017339383470383204,2.8188151550570955,285,True
LEVEL_PLUS_JUMP,pooled,infl_exp,real_macro,b,0,-0.05838576267796338,-0.09539610715720506,0.020523828730732947,-2.844779277978233,0.0044442207192846184,-0.0921444568046403,-0.024627068551286463,-0.1141473314849685,-0.002624193870958254,2.7169184433655995,309,True
LEVEL_PLUS_JUMP,pooled,infl_exp,real_macro,b,1,-0.026616388030267054,-0.04348833839300762,0.007729677236320544,-3.4434022555561326,0.0005744442000338981,-0.03933057566759313,-0.013902200392940977,-0.047617290674889574,-0.005615485385644534,2.7169184433655995,308,True
LEVEL_PLUS_JUMP,pooled,infl_exp,real_macro,b,2,0.05192409546510458,0.08483843231356152,0.017710719789278483,2.931789113197862,0.003370155124520754,0.02279255378378866,0.0810556371464205,0.0038055142243337697,0.1000426767058754,2.7169184433655995,307,True
LEVEL_PLUS_JUMP,pooled,infl_exp,real_macro,b,3,0.006708508288943307,0.010960986826991937,0.006372896553074173,1.0526623542488291,0.2924957681199528,-0.003773973720567281,0.017190990298453897,-0.010606131893764968,0.02402314847165158,2.7169184433655995,306,True
LEVEL_PLUS_JUMP,pooled,infl_exp,real_macro,b,4,-0.0025649755484144303,-0.004190896394070861,0.006891151776258976,-0.3722128944033921,0.7097343463808377,-0.013899911541467087,0.008769960444638226,-0.02128767290536405,0.016157721808535194,2.7169184433655995,305,True
LEVEL_PLUS_JUMP,pooled,infl_exp,real_macro,b,5,0.007205362059134961,0.011772792879164204,0.011256203455941126,0.6401236515791571,0.5220922136421569,-0.011309445021073495,0.025720169139343416,-0.023376824712587084,0.037787548830857005,2.7169184433655995,304,True
LEVEL_PLUS_JUMP,pooled,infl_exp,real_macro,b,6,0.009344181497191253,0.015267395654640845,0.007519467794900666,1.2426652726045344,0.21399120601456778,-0.0030242423779958966,0.021712605372378402,-0.01108559923906802,0.029773962233450527,2.7169184433655995,303,True
LEVEL_PLUS_JUMP,pooled,infl_exp,real_macro,b,7,0.006812909951226878,0.011131568004761718,0.009339059127592737,0.7295071011059113,0.46569152562484695,-0.008548475327108288,0.022174295229562043,-0.018560552036211674,0.03218637193866543,2.7169184433655995,302,True
LEVEL_PLUS_JUMP,pooled,infl_exp,real_macro,b,8,-0.0002459003071549892,-0.00040177486728628015,0.01134821424236911,-0.021668634544887988,0.9827122839029648,-0.018912051663138172,0.018420251048828194,-0.031078072881511796,0.030586272267201817,2.7169184433655995,301,True
LEVEL_PLUS_JUMP,pooled,infl_exp,real_macro,b,9,-0.007983379397665927,-0.01304399020523213,0.010789536059618287,-0.7399186909940559,0.45934933237596665,-0.02573058691845276,0.009763828123120908,-0.03729766891340104,0.02133091011806919,2.7169184433655995,300,True
LEVEL_PLUS_JUMP,pooled,infl_exp,real_macro,b,10,0.0009915185184069745,0.0016200354759775203,0.009970473883055582,0.09944547571525364,0.9207845772847195,-0.015408451610561931,0.01739148864737588,-0.026097445863561764,0.028080482900375712,2.7169184433655995,299,True
LEVEL_PLUS_JUMP,pooled,infl_exp,real_macro,b,11,-0.01410077291235663,-0.023039158555931527,0.012587263872825868,-1.120241305403807,0.2626109465076566,-0.0348049795469695,0.0066034337222562346,-0.04829934227994674,0.020097796455233477,2.7169184433655995,298,True
LEVEL_PLUS_JUMP,pooled,infl_exp,real_macro,b,12,0.011070633482999073,0.01808823400779049,0.015895702822289835,0.6964544824954337,0.48614425332040345,-0.015075470957187113,0.03721673792318526,-0.03211669468513879,0.054257961651136936,2.7169184433655995,297,True
LEVEL_PLUS_JUMP,pooled,infl_exp,real_macro,b,13,-0.0017362727345597018,-0.0028368844088544573,0.015380045863635566,-0.11289125857972429,0.910116766669856,-0.02703419695604065,0.023561651486921246,-0.04352260300127997,0.040050057532160566,2.7169184433655995,296,True
LEVEL_PLUS_JUMP,pooled,infl_exp,real_macro,b,14,0.0042900342262506795,0.007009458230644162,0.012993255995213636,0.3301739169790091,0.7412685539856592,-0.01708197002338543,0.02566203847588679,-0.031011582626515894,0.03959165107901726,2.7169184433655995,295,True
LEVEL_PLUS_JUMP,pooled,infl_exp,real_macro,b,15,-0.007734642355554046,-0.012637580415671788,0.009656411106982489,-0.8009851972811282,0.4231402154825674,-0.02361802518820867,0.008148740477100581,-0.033970323788835195,0.018501039077727106,2.7169184433655995,294,True
LEVEL_PLUS_JUMP,pooled,infl_exp,real_macro,b,16,-0.00928384307657626,-0.015168809112739646,0.007616386673596636,-1.2189301140342723,0.22287071875619024,-0.021811684320906542,0.0032439981677540256,-0.02997694450187493,0.01140925834872241,2.7169184433655995,293,True
LEVEL_PLUS_JUMP,pooled,infl_exp,real_macro,b,17,0.016650258387263767,0.027204745822495994,0.009273447564944023,1.7954766305258418,0.07257779285526227,0.0013967945257212927,0.03190372224880624,-0.008544942335516455,0.04184545911004399,2.7169184433655995,292,True
LEVEL_PLUS_JUMP,pooled,infl_exp,real_macro,b,18,-0.020677514587927805,-0.033784852794586095,0.014017645290299677,-1.47510613656609,0.14018401090228624,-0.04373448928499645,0.002379460109140842,-0.05876231360969993,0.017407284433844324,2.7169184433655995,291,True
LEVEL_PLUS_JUMP,pooled,infl_exp,real_macro,b,19,-0.002414311252996394,-0.003944727009425853,0.016387600613557353,-0.14732548772265358,0.8828751156846798,-0.029369515559238377,0.02454089305324559,-0.046938085602479786,0.04210946309648699,2.7169184433655995,290,True
LEVEL_PLUS_JUMP,pooled,infl_exp,real_macro,b,20,0.009295788500292728,0.01518832666065933,0.015236708882833856,0.6100916262018794,0.5418011133759661,-0.015766367368440254,0.034357944369025714,-0.032101106879671035,0.050692683880256495,2.7169184433655995,289,True
LEVEL_PLUS_JUMP,pooled,infl_exp,real_macro,b,21,-0.02759764806935426,-0.04509161260823299,0.015577875035925257,-1.7715925956338294,0.07646220969065493,-0.053220972322392715,-0.0019743238163158067,-0.06992146406290414,0.014726167924195621,2.7169184433655995,288,True
LEVEL_PLUS_JUMP,pooled,infl_exp,real_macro,b,22,0.018954624746468675,0.030969834605264257,0.009047618434215674,2.0949849824333167,0.03617232748195754,0.004072616749676024,0.033836632743261326,-0.005627016645986478,0.04353626613892383,2.7169184433655995,287,True
LEVEL_PLUS_JUMP,pooled,infl_exp,real_macro,b,23,0.010682452861697035,0.01745398828678604,0.005792448431576153,1.8442033602688956,0.06515350884857803,0.0011547230500896337,0.020210182673304437,-0.005055157114296355,0.026420062837690425,2.7169184433655995,286,True
LEVEL_PLUS_JUMP,pooled,infl_exp,real_macro,b,24,-0.006876294531249757,-0.011235131646146831,0.008868790461178137,-0.7753362266647017,0.43814100821783264,-0.021464156687991235,0.0077115676254917226,-0.030972074905569538,0.017219485843070023,2.7169184433655995,285,True
LEVEL_PLUS_JUMP,pooled,freight,physical_channel,b,0,-0.00064092033901675,-0.0010471954554624793,0.0011824567603029676,-0.5420243348708448,0.5878017419392529,-0.002585888629914374,0.001304047951880874,-0.003847003030101764,0.0025651623520682636,2.711374148060649,309,True
LEVEL_PLUS_JUMP,pooled,freight,physical_channel,b,1,0.0006375020297120459,0.0010416103027510787,0.0026771104696704474,0.23813064008170068,0.8117797708235835,-0.0037659528360751487,0.005040956895499241,-0.006621146089254907,0.007896150148678999,2.711374148060649,308,True
LEVEL_PLUS_JUMP,pooled,freight,physical_channel,b,2,0.0005004777925696744,0.0008177273180983565,0.001160073652222873,0.43141898069203183,0.6661637512264154,-0.0014076735618199587,0.0024086291469593074,-0.0026449159179137227,0.0036458715030530716,2.711374148060649,307,True
LEVEL_PLUS_JUMP,pooled,freight,physical_channel,b,3,0.0002872820263736873,0.0004693881815579505,0.0006999423657379434,0.41043668798474325,0.6814856379401084,-0.0008640207125673626,0.0014385847653147373,-0.001610523609220584,0.0021850876619679584,2.711374148060649,306,True
LEVEL_PLUS_JUMP,pooled,freight,physical_channel,b,4,0.0007093751016072971,0.00115904323423567,0.0008630207301295087,0.8219676270126735,0.4110953218290213,-0.000710167676480533,0.002128917879695127,-0.0016305969953062786,0.003049347198520873,2.711374148060649,305,True
LEVEL_PLUS_JUMP,pooled,freight,physical_channel,b,5,-0.0003463710682552308,-0.0005659333719023738,0.0006966699510480311,-0.4971810076409491,0.6190614132917005,-0.0014922911640246894,0.000799549027514228,-0.0022353039632575403,0.0015425618267470786,2.711374148060649,304,True
LEVEL_PLUS_JUMP,pooled,freight,physical_channel,b,6,-1.189820565912554e-05,-1.944039865158436e-05,0.0006355242308529575,-0.018721875707487307,0.9850629770213994,-0.0010572425417931573,0.0010334461304749062,-0.0017350421756599623,0.0017112457643417111,2.711374148060649,303,True
LEVEL_PLUS_JUMP,pooled,freight,physical_channel,b,7,0.0011017767501447853,0.001800185663410013,0.0009039771960531492,1.2188103360961402,0.22291618753215103,-0.00038513341946465915,0.00258868691975423,-0.0013492436496700764,0.003552797149959647,2.711374148060649,302,True
LEVEL_PLUS_JUMP,pooled,freight,physical_channel,b,8,0.0020446757991750496,0.0033407821135385545,0.0006863087122811481,2.979236257075873,0.002889678774590011,0.0009157984245710088,0.0031735531737790905,0.0001838360991071508,0.0039055154992429482,2.711374148060649,301,True
LEVEL_PLUS_JUMP,pooled,freight,physical_channel,b,9,-0.0010208649495398168,-0.001667984413537375,0.0013376696541975972,-0.7631667103580846,0.4453639793233508,-0.003221135731909656,0.0011794058328300225,-0.004647787868576409,0.002606057969496776,2.711374148060649,300,True
LEVEL_PLUS_JUMP,pooled,freight,physical_channel,b,10,0.00031842111787370433,0.0005202661349024705,0.0008649642987757245,0.36813209322558105,0.7127747417032275,-0.001104318546151083,0.0017411607818984915,-0.002026820720822202,0.002663662956569611,2.711374148060649,299,True
LEVEL_PLUS_JUMP,pooled,freight,physical_channel,b,11,0.001063649376026213,0.001737889601832471,0.0014573815069161406,0.7298359221511768,0.4654904839839543,-0.001333529881476803,0.003460828633529229,-0.002887857165687882,0.005015155917740308,2.711374148060649,298,True
LEVEL_PLUS_JUMP,pooled,freight,physical_channel,b,12,-0.0007423572813653682,-0.0012129325971585027,0.0014166387039008458,-0.5240272479646495,0.6002595881879054,-0.0030725205915565074,0.0015878060288257707,-0.0045833948402642655,0.0030986802775335295,2.711374148060649,297,True
LEVEL_PLUS_JUMP,pooled,freight,physical_channel,b,13,0.0010823370305536348,0.0017684232355823237,0.001008305320298713,1.0734219177113828,0.2830818549319405,-0.0005761776326141691,0.0027408516937214387,-0.001651555948256308,0.0038162300093635775,2.711374148060649,296,True
LEVEL_PLUS_JUMP,pooled,freight,physical_channel,b,14,0.000662925039492766,0.0010831487884034312,0.0010976172961062452,0.6039673771946442,0.5458653315375509,-0.0011424947510122593,0.0024683448299977913,-0.0023131261216339377,0.0036389762006194693,2.711374148060649,295,True
LEVEL_PLUS_JUMP,pooled,freight,physical_channel,b,15,0.0005603612376709545,0.0009155704785505614,0.0009657093272294672,0.5802586988349593,0.5617401747693052,-0.0010280892518033007,0.0021488117271452095,-0.0020580380667200643,0.0031787605420619735,2.711374148060649,294,True
LEVEL_PLUS_JUMP,pooled,freight,physical_channel,b,16,-0.00039760735565136477,-0.0006496479992120851,0.0011008675536181322,-0.3611763779798768,0.7179675996144237,-0.002208373344013344,0.0014131586327106142,-0.0033824711809703383,0.002587256469667609,2.711374148060649,293,True
LEVEL_PLUS_JUMP,pooled,freight,physical_channel,b,17,-0.00018460872620811898,-0.00030163096309353813,0.0008969136267606297,-0.20582664896604116,0.8369263240027778,-0.0016599003582475397,0.0012906829058313017,-0.002616477146850208,0.00224725969443397,2.711374148060649,292,True
LEVEL_PLUS_JUMP,pooled,freight,physical_channel,b,18,-0.0016147035688325426,-0.002638253362023973,0.0012418247369470445,-1.3002668740535799,0.19350951737556377,-0.0036573234914379464,0.00042791635377286124,-0.004981755057012975,0.0017523479193478895,2.711374148060649,291,True
LEVEL_PLUS_JUMP,pooled,freight,physical_channel,b,19,0.00300168753269148,0.00490443718446381,0.0017405952267475335,1.7245178468634645,0.08461439995773691,0.00013866316092137976,0.00586471190446158,-0.001717717367349545,0.007721092432732505,2.711374148060649,290,True
LEVEL_PLUS_JUMP,pooled,freight,physical_channel,b,20,-5.83446477471296e-06,-9.532892974669123e-06,0.0006884945983005494,-0.008474234640496094,0.993238619941264,-0.0011383073019258685,0.0011266383723764425,-0.0018726009196862238,0.0018609319901367978,2.711374148060649,289,True
LEVEL_PLUS_JUMP,pooled,freight,physical_channel,b,21,0.0011564589965281718,0.0018895306200625206,0.0006259773023886906,1.8474455736896465,0.06468258930909966,0.00012681796030483564,0.002186100032751508,-0.0005407996784412674,0.002853717671497611,2.711374148060649,288,True
LEVEL_PLUS_JUMP,pooled,freight,physical_channel,b,22,-0.00013571368686893898,-0.00022174168532588365,0.000630055843889759,-0.21539945734188737,0.829455893054669,-0.0011720633268729797,0.0009006359531351017,-0.0018440308138261675,0.0015726034400882893,2.711374148060649,287,True
LEVEL_PLUS_JUMP,pooled,freight,physical_channel,b,23,-0.0008488097503559505,-0.0013868645742911318,0.0006764449444204709,-1.2548098072979899,0.20954781151182622,-0.001961462670618949,0.0002638431699070481,-0.0026829050852439375,0.0009852855845320367,2.711374148060649,286,True
LEVEL_PLUS_JUMP,pooled,freight,physical_channel,b,24,-0.0004885327995960029,-0.0007982104739664476,0.0006200681576574452,-0.7878695165409402,0.4307730334778517,-0.0015084541576759689,0.0005313885584839632,-0.0021697695723039943,0.0011927039731119888,2.711374148060649,285,True
LEVEL_PLUS_JUMP,act,oil,asset_price,a,0,-0.0030365975547274387,-0.00830261311045195,0.0011525323183608988,-2.6347179218765926,0.008420723009390181,-0.004932344518762152,-0.0011408505906927255,-0.006248047758594869,0.00017485264913999184,2.78642963212925,309,True
LEVEL_PLUS_JUMP,act,oil,asset_price,a,1,-0.0020117970515389897,-0.005500621098002382,0.0012868008351291627,-1.5634098118509967,0.11795623377739518,-0.004128396072365377,0.00010480196928739716,-0.005597377029191554,0.0015737829261135748,2.78642963212925,308,True
LEVEL_PLUS_JUMP,act,oil,asset_price,a,2,-0.00013036934256946192,-0.0003564536272292992,0.0012352598807938992,-0.1055400119411907,0.9159473223197424,-0.0021621910377209504,0.0019014523525820266,-0.0035723340777940277,0.003311595392655104,2.78642963212925,307,True
LEVEL_PLUS_JUMP,act,oil,asset_price,a,3,-0.0018519341397718124,-0.005063526658191993,0.0006943595724901082,-2.667111123895674,0.007650637079571083,-0.0029940540009906406,-0.0007098142785529841,-0.003786718227910848,8.284994836722315e-05,2.78642963212925,306,True
LEVEL_PLUS_JUMP,act,oil,asset_price,a,4,0.0023806305488701532,0.006509079339611692,0.001118113999428997,2.129148324845144,0.033241990674956014,0.0005414966815641511,0.004219764416176155,-0.0007349154312373514,0.005496176528977658,2.78642963212925,305,True
LEVEL_PLUS_JUMP,act,oil,asset_price,a,5,0.003966910426544314,0.010846258656877444,0.0008626853326084056,4.598328355195293,4.258943882003583e-06,0.002547919328285541,0.0053859015248030875,0.001563098452560975,0.006370722400527653,2.78642963212925,304,True
LEVEL_PLUS_JUMP,act,oil,asset_price,a,6,0.0012649761384158108,0.0034586761274536734,0.0007588175921072413,1.6670358615473897,0.09550727424057609,1.6832269843632076e-05,0.00251312000698799,-0.000849415685612773,0.0033793679624443945,2.78642963212925,303,True
LEVEL_PLUS_JUMP,act,oil,asset_price,a,7,-0.002407788690887852,-0.006583334667131344,0.000987936252826275,-2.4371903389512046,0.014801885796024166,-0.004032799219545997,-0.0007827781622297069,-0.005160603540417719,0.0003450261586420149,2.78642963212925,302,True
LEVEL_PLUS_JUMP,act,oil,asset_price,a,8,0.002482030744027862,0.006786326019339835,0.0009745194033622213,2.5469279887753147,0.01086758565476066,0.0008790889688729275,0.004084972519182797,-0.00023339899858554856,0.0051974604866412725,2.78642963212925,301,True
LEVEL_PLUS_JUMP,act,oil,asset_price,a,9,0.0005876003475054433,0.0016066068225964552,0.0006350417419847753,0.9252940533781961,0.3548129711539798,-0.0004569503650637953,0.0016321510600746819,-0.0011818987799999121,0.002357099475010799,2.78642963212925,300,True
LEVEL_PLUS_JUMP,act,oil,asset_price,a,10,0.0007239275274526243,0.0019793502669090825,0.000700274391636557,1.0337769538605994,0.3012404479282277,-0.00042792134549200225,0.001875776400397251,-0.0012273377880247615,0.0026751928429300104,2.78642963212925,299,True
LEVEL_PLUS_JUMP,act,oil,asset_price,a,11,0.0012230665393995286,0.00334408761844804,0.0005898275772673432,2.0736001274575293,0.038116463363863026,0.00025288650965533943,0.0021932465691437177,-0.00042044649974520127,0.0028665795785442587,2.78642963212925,298,True
LEVEL_PLUS_JUMP,act,oil,asset_price,a,12,-0.0020674306985055467,-0.005652733664242083,0.0012174401653672815,-1.6981784873853223,0.08947407951539031,-0.00406994157010632,-6.491982690477347e-05,-0.005459742050629273,0.0013248806536181805,2.78642963212925,297,True
LEVEL_PLUS_JUMP,act,oil,asset_price,a,13,3.383582662217383e-05,9.251333858149508e-05,0.0005596817317933339,0.06045547799774879,0.9517928743646098,-0.0008867586998565725,0.0009544303531009201,-0.001525677935408187,0.0015933495886525345,2.78642963212925,296,True
LEVEL_PLUS_JUMP,act,oil,asset_price,a,14,0.002662491437405411,0.007279738561421715,0.0006883065215643285,3.868176973471516,0.00010965207327519532,0.0015303279589559734,0.0037946549158548483,0.0007445737497307555,0.004580409125080067,2.78642963212925,295,True
LEVEL_PLUS_JUMP,act,oil,asset_price,a,15,0.001576904218025078,0.00431154454897042,0.0012207200010045198,1.2917820767477042,0.19643262403624995,-0.000431001503119411,0.003584809939169567,-0.0018245461653067637,0.00497835460135692,2.78642963212925,294,True
LEVEL_PLUS_JUMP,act,oil,asset_price,a,16,0.001638732078065903,0.004480593226681095,0.0008340093784334104,1.9648844730548123,0.049427610220021546,0.0002669087270381651,0.003010555429093641,-0.0006851763674746488,0.003962640523606455,2.78642963212925,293,True
LEVEL_PLUS_JUMP,act,oil,asset_price,a,17,-0.004656468838687897,-0.01273163747639626,0.0009082803036067049,-5.126687015228064,2.948851280477821e-07,-0.00615045699036397,-0.0031624806870118247,-0.007187327990936972,-0.002125609686438823,2.78642963212925,292,True
LEVEL_PLUS_JUMP,act,oil,asset_price,a,18,-0.004263291330068711,-0.011656618255388721,0.0006722189565005595,-6.342117086763772,2.266289648805413e-10,-0.00536899311877419,-0.0031575895413632317,-0.0061363821497408735,-0.0023902005103965487,2.78642963212925,291,True
LEVEL_PLUS_JUMP,act,oil,asset_price,a,19,0.003001075081178104,0.008205488170682689,0.0006179472639555989,4.856522969237936,1.1946492933121553e-06,0.0019846422827959984,0.004017507879560209,0.001279208513799028,0.00472294164855718,2.78642963212925,290,True
LEVEL_PLUS_JUMP,act,oil,asset_price,a,20,0.002200451736603483,0.006016437512043208,0.0006503796707782481,3.383334128464393,0.0007161145056668875,0.0011306723762283771,0.003270231096978589,0.0003882145498125065,0.004012688923394459,2.78642963212925,289,True
LEVEL_PLUS_JUMP,act,oil,asset_price,a,21,0.0012260272621394358,0.0033521827759372164,0.0012616638860173306,0.9717542649251948,0.33117281346985794,-0.0008492251567698591,0.0033012796810487307,-0.0022895103756465944,0.004741564899925466,2.78642963212925,288,True
LEVEL_PLUS_JUMP,act,oil,asset_price,a,22,0.0013122426133273777,0.0035879113149333815,0.0005577914214599475,2.352568653517028,0.01864424770229523,0.0003947573706565658,0.00222972785599819,-0.00024200393197611517,0.0028664891586308704,2.78642963212925,287,True
LEVEL_PLUS_JUMP,act,oil,asset_price,a,23,-0.0017266956366997488,-0.004721101684582731,0.0008551994467350156,-2.019056073167418,0.04348139176829736,-0.0031333735484287313,-0.00032001772497076606,-0.004109648716462737,0.0006562574430632388,2.78642963212925,286,True
LEVEL_PLUS_JUMP,act,oil,asset_price,a,24,0.0005557183990573681,0.0015194357443086368,0.0008919089768704252,0.6230662696178937,0.5332409742204012,-0.0009113413164585275,0.0020227781145732635,-0.0019295232032564666,0.0030409600013712027,2.78642963212925,285,True
LEVEL_PLUS_JUMP,act,dxy,asset_price,a,0,0.00023912798852784953,0.0006538196573123214,0.00016426808018065524,1.4557179231952213,0.14547061310178167,-3.106895894965648e-05,0.0005093249360053555,-0.00021162669788758601,0.000689882674943285,2.7440187157463227,309,True
LEVEL_PLUS_JUMP,act,dxy,asset_price,a,1,-0.00010678449624476511,-0.000291968343692608,0.00011736647282070428,-0.9098381648385668,0.3629078640618567,-0.00029983516474640194,8.62661722568717e-05,-0.00042884029426590976,0.0002152713017763795,2.7440187157463227,308,True
LEVEL_PLUS_JUMP,act,dxy,asset_price,a,2,0.00040815116628221916,0.0011159599397507828,0.0001359662524428744,3.001856408844555,0.0026833871623738828,0.00018450658280855776,0.0006317957497558805,3.505722486908268e-05,0.0007812451076953556,2.7440187157463227,307,True
LEVEL_PLUS_JUMP,act,dxy,asset_price,a,3,0.00030923830469872646,0.000845514084949606,0.00020606016288068064,1.5007185298489318,0.13342837830281357,-2.970050158577223e-05,0.0006481771109832252,-0.0002561946388155969,0.0008746712482130498,2.7440187157463227,306,True
LEVEL_PLUS_JUMP,act,dxy,asset_price,a,4,6.425628685400962e-05,0.00017568844077889257,9.913457674690607e-05,0.6481723023648762,0.5168735141410679,-9.880558126443791e-05,0.00022731815497245716,-0.00020777084711709085,0.0003362834208251101,2.7440187157463227,305,True
LEVEL_PLUS_JUMP,act,dxy,asset_price,a,5,-0.00019359847468313336,-0.0005293336390807832,0.0001872999051341463,-1.0336282580841456,0.30130998364691863,-0.0005016794029707005,0.00011448245360443386,-0.0007075529198287416,0.0003203559704624749,2.7440187157463227,304,True
LEVEL_PLUS_JUMP,act,dxy,asset_price,a,6,-0.000654342250751843,-0.0017890913932131275,9.191638661826128e-05,-7.1188857049983625,1.088030854138286e-12,-0.0008055312526571638,-0.0005031532488465223,-0.0009065625359161269,-0.00040212196558755926,2.7440187157463227,303,True
LEVEL_PLUS_JUMP,act,dxy,asset_price,a,7,-0.0008528441063831928,-0.002331831772638156,0.00015941330536090934,-5.349892874075764,8.80063108273603e-08,-0.001115055659890407,-0.0005906325528759785,-0.0012902771998325117,-0.00041541101293387394,2.7440187157463227,302,True
LEVEL_PLUS_JUMP,act,dxy,asset_price,a,8,-0.0008727034220128875,-0.002386130773852529,0.00017458618716131193,-4.998696839667723,5.771906618480058e-07,-0.0011598721451807998,-0.000585534698844975,-0.0013517711870943178,-0.0003936356569314572,2.7440187157463227,301,True
LEVEL_PLUS_JUMP,act,dxy,asset_price,a,9,0.0001887281686710313,0.0005160173316613034,0.00014643170009370757,1.288847760083756,0.1974510183599898,-5.213054432877382e-05,0.0004295868816708364,-0.00021308315696465482,0.0005905394943067175,2.7440187157463227,300,True
LEVEL_PLUS_JUMP,act,dxy,asset_price,a,10,-6.031221604717036e-05,-0.00016490462981967122,0.00017106869620000807,-0.3525613825726201,0.7244172929627797,-0.00034169518144961313,0.0002210707493552724,-0.0005297279200983144,0.0004091034880039736,2.7440187157463227,299,True
LEVEL_PLUS_JUMP,act,dxy,asset_price,a,11,0.00026536673235674817,0.0007255611820252193,0.00021028337810537965,1.2619482088772822,0.20696742317664685,-8.051864480749333e-05,0.0006112521095209897,-0.0003116547927747741,0.0008423882574882704,2.7440187157463227,298,True
LEVEL_PLUS_JUMP,act,dxy,asset_price,a,12,-3.1695444159023266e-06,-8.666114144978449e-06,0.00012309635976099915,-0.025748482100171246,0.9794579535357282,-0.00020564503823330505,0.00019930594940150039,-0.0003409482594403265,0.0003346091706085219,2.7440187157463227,297,True
LEVEL_PLUS_JUMP,act,dxy,asset_price,a,13,-0.00010474916521946209,-0.00028640337640595444,0.0001240474372909986,-0.8444282889434842,0.3984301199716175,-0.0003087890423615964,9.929071192267224e-05,-0.00044513765478633053,0.00023563932434740635,2.7440187157463227,296,True
LEVEL_PLUS_JUMP,act,dxy,asset_price,a,14,-0.0008319703416230865,-0.002274759081957779,0.00014200947292156507,-5.858555239357884,4.6691131019401885e-09,-0.0010655551382195896,-0.0005983855450265833,-0.0012216469931331316,-0.0004422936901130413,2.7440187157463227,295,True
LEVEL_PLUS_JUMP,act,dxy,asset_price,a,15,-0.00035637198486990185,-0.0009743861873208322,9.894334529300494e-05,-3.601778207665842,0.00031604795466283914,-0.0005191193052378129,-0.0001936246645019908,-0.0006278743761524582,-8.486959358734546e-05,2.7440187157463227,294,True
LEVEL_PLUS_JUMP,act,dxy,asset_price,a,16,-0.00016402098670938596,-0.00044846337721721793,9.695312295020253e-05,-1.691755579586963,0.09069258633118092,-0.0003234946826382986,-4.547290780473304e-06,-0.00043006217063479605,0.00010202019721602411,2.7440187157463227,293,True
LEVEL_PLUS_JUMP,act,dxy,asset_price,a,17,-0.000307411444240998,-0.0008405191143241145,0.00014078974890479497,-2.183478887009566,0.029000562107802275,-0.0005389899733646371,-7.583291511735891e-05,-0.0006937411502209807,7.891826173898474e-05,2.7440187157463227,292,True
LEVEL_PLUS_JUMP,act,dxy,asset_price,a,18,-0.00049454131777139,-0.0013521664147416053,0.00011842463162231176,-4.176000473859325,2.966792002421331e-05,-0.0006893325026157415,-0.00029975013292703846,-0.0008195007233483772,-0.00016958191219440267,2.7440187157463227,291,True
LEVEL_PLUS_JUMP,act,dxy,asset_price,a,19,-0.0009813963791046568,-0.0026833171985596767,0.000214582754232603,-4.573510031662864,4.79620703758833e-06,-0.0013343536006853902,-0.0006284391575239233,-0.001570215472795313,-0.00039257728541400067,2.7440187157463227,290,True
LEVEL_PLUS_JUMP,act,dxy,asset_price,a,20,-3.578256742686167e-05,-9.783608400177315e-05,0.00011386778639864037,-0.3142466237254344,0.7533337342505264,-0.00022307840887760078,0.00015151327402387744,-0.0003482379044253354,0.00027667276957161205,2.7440187157463227,289,True
LEVEL_PLUS_JUMP,act,dxy,asset_price,a,21,0.0007213143029755457,0.001972205233228156,0.0001652349808982916,4.365384975107311,1.2689906544668834e-05,0.00044952694534573356,0.0009931016606053579,0.00026790642289464746,0.001174722183056444,2.7440187157463227,288,True
LEVEL_PLUS_JUMP,act,dxy,asset_price,a,22,9.897276603894781e-05,0.0002706096445389581,0.00014663062102376423,0.6749802009152469,0.499688344066636,-0.00014221314277413757,0.0003401586748520332,-0.00030338440235176743,0.0005013299344296631,2.7440187157463227,287,True
LEVEL_PLUS_JUMP,act,dxy,asset_price,a,23,-0.0010397095608871742,-0.0028427561030750148,8.13277906216935e-05,-12.784185491076656,2.0095706953920017e-37,-0.0011734818722632166,-0.0009059372495111317,-0.0012628745404633993,-0.0008165445813109489,2.7440187157463227,286,True
LEVEL_PLUS_JUMP,act,dxy,asset_price,a,24,-0.0003894820688995064,-0.0010649152129154126,0.00011248739926340547,-3.462450651805701,0.0005352800645919318,-0.0005745073755642572,-0.00020445676223475556,-0.0006981495977639201,-8.081454003509267e-05,2.7440187157463227,285,True
LEVEL_PLUS_JUMP,act,vix,asset_price,a,0,0.08021413263387557,0.2193201098422557,0.058213158936844915,1.3779381517656406,0.1682223844084635,-0.015537992979696297,0.17596625824744744,-0.055420276494267104,0.21584854176201823,2.32996132842218,309,True
LEVEL_PLUS_JUMP,act,vix,asset_price,a,1,-0.0953168870154193,-0.2606138026257881,0.04554308305464301,-2.0928949166892634,0.03635853612990523,-0.170228592360401,-0.020405181670437603,-0.201430509309857,0.010796735279018407,2.32996132842218,308,True
LEVEL_PLUS_JUMP,act,vix,asset_price,a,2,-0.07661826998900327,-0.2094883636853696,0.04587311913906588,-1.670221502852955,0.0948755471628216,-0.15207283638447278,-0.0011637035935337658,-0.18350086359713014,0.030264323619123595,2.32996132842218,307,True
LEVEL_PLUS_JUMP,act,vix,asset_price,a,3,-0.13583212143029122,-0.3713898637808999,0.06039375089676078,-2.2491088798655254,0.02450556973581484,-0.2351710016380319,-0.03649324122255053,-0.2765472254981062,0.004882982637523764,2.32996132842218,306,True
LEVEL_PLUS_JUMP,act,vix,asset_price,a,4,-0.09787356249646456,-0.2676042210087084,0.05284583400435102,-1.8520582433878556,0.06401745977407518,-0.18479722422779676,-0.010949900765132345,-0.2210023120948203,0.02525518710189116,2.32996132842218,305,True
LEVEL_PLUS_JUMP,act,vix,asset_price,a,5,-0.16381219730320312,-0.4478925087929849,0.05020002023322385,-3.2631898661026315,0.0011016568702516426,-0.24638388265685868,-0.08124051194954758,-0.2807763031326257,-0.046848091473780565,2.32996132842218,304,True
LEVEL_PLUS_JUMP,act,vix,asset_price,a,6,-0.07699186710578017,-0.2105098465338129,0.06015892813307882,-1.2798078272848354,0.2006127303778774,-0.17594449823898783,0.021960764027427485,-0.21715984321518295,0.06317610900362262,2.32996132842218,303,True
LEVEL_PLUS_JUMP,act,vix,asset_price,a,7,-0.1538185462906041,-0.4205680390787446,0.09013014314314102,-1.70662711637233,0.08789138177607363,-0.302069439137255,-0.005567653443953213,-0.3638182943392782,0.05618120175807001,2.32996132842218,302,True
LEVEL_PLUS_JUMP,act,vix,asset_price,a,8,-0.04015178498781312,-0.10978232394637735,0.10379169386396761,-0.3868496937764327,0.6988674855472643,-0.2108739290873971,0.13057035911177084,-0.28198241790229134,0.20167884792666507,2.32996132842218,301,True
LEVEL_PLUS_JUMP,act,vix,asset_price,a,9,0.0923373828991923,0.2524672934186264,0.11908979335174812,0.775359334334061,0.4381273575134107,-0.10354789562833192,0.2882226614267165,-0.18513723022016965,0.36981199601855425,2.32996132842218,300,True
LEVEL_PLUS_JUMP,act,vix,asset_price,a,10,0.12232079634535632,0.334447429767833,0.1085757149285591,1.1265944362037243,0.25991399257615644,-0.0562703621537332,0.30091195484444583,-0.13065642064397714,0.37529801333468976,2.32996132842218,299,True
LEVEL_PLUS_JUMP,act,vix,asset_price,a,11,0.3162974080248719,0.8648149645582476,0.11610557209695697,2.724222466779971,0.006445307518475864,0.12532073665191656,0.5072740793978272,0.0457759150246288,0.586818901025115,2.32996132842218,298,True
LEVEL_PLUS_JUMP,act,vix,asset_price,a,12,0.10057123144679622,0.2749801413244623,0.1245353450269681,0.8075717895591613,0.41933713203491085,-0.10427118250446524,0.3054136453980577,-0.18959130648775288,0.3907337693813453,2.32996132842218,297,True
LEVEL_PLUS_JUMP,act,vix,asset_price,a,13,0.008543669867715986,0.023359956061559512,0.12732868103228798,0.06709933534573789,0.9465026230218355,-0.20089337294319,0.21798071267862199,-0.28812723293651776,0.30521457267194974,2.32996132842218,296,True
LEVEL_PLUS_JUMP,act,vix,asset_price,a,14,-0.006908239351018771,-0.018888389907518306,0.14497625667284794,-0.0476508326919203,0.9619945193821499,-0.2453729609612003,0.23155648225916273,-0.34469731093816247,0.33088083223612497,2.32996132842218,295,True
LEVEL_PLUS_JUMP,act,vix,asset_price,a,15,0.0716031527407522,0.19577611586018143,0.14827703622073676,0.4829011596519785,0.6291659183651763,-0.1722908680805415,0.3154971735620459,-0.27387660754661936,0.4170829130281237,2.32996132842218,294,True
LEVEL_PLUS_JUMP,act,vix,asset_price,a,16,0.05620030656244618,0.15366191721730035,0.1483571638426305,0.378817612218986,0.7048233077778425,-0.18782551246833842,0.3002261255932308,-0.2894661479852762,0.40186676111016856,2.32996132842218,293,True
LEVEL_PLUS_JUMP,act,vix,asset_price,a,17,0.03927933826624691,0.10739689503849673,0.14218883083472508,0.2762477055029992,0.7823578185142483,-0.19460047584423998,0.2731591523767338,-0.2920151389122258,0.3705738154447196,2.32996132842218,292,True
LEVEL_PLUS_JUMP,act,vix,asset_price,a,18,-0.1328226631550752,-0.3631614544244255,0.12378184095093411,-1.0730383563104768,0.2832539069565,-0.33642567319394945,0.07078034688379903,-0.4212295657316567,0.15558423942150626,2.32996132842218,291,True
LEVEL_PLUS_JUMP,act,vix,asset_price,a,19,-0.190940749650003,-0.5220669327404281,0.143848538614352,-1.3273735798032815,0.18438513489212394,-0.4275505401214888,0.04566904082148282,-0.5261022817714879,0.14422078247148187,2.32996132842218,290,True
LEVEL_PLUS_JUMP,act,vix,asset_price,a,20,-0.1837623744027945,-0.5024399418846819,0.16197990654273198,-1.1344763577469783,0.2565947854063064,-0.45019561117286766,0.08267086236727869,-0.5611692926287989,0.19364454382320986,2.32996132842218,289,True
LEVEL_PLUS_JUMP,act,vix,asset_price,a,21,-0.1876070157281613,-0.5129518944558354,0.1677222705256181,-1.118557572230731,0.26332893235626187,-0.46348560072276024,0.08827156926643764,-0.5783934199680147,0.20317938851169215,2.32996132842218,288,True
LEVEL_PLUS_JUMP,act,vix,asset_price,a,22,-0.20376517923665521,-0.5571312688275208,0.1502638485485552,-1.3560492507338646,0.17508349831013925,-0.45092721552143294,0.04339685704812252,-0.5538741354146761,0.14634377694136574,2.32996132842218,287,True
LEVEL_PLUS_JUMP,act,vix,asset_price,a,23,-0.11819241893332258,-0.3231596908402023,0.16103156410927522,-0.7339705081242196,0.46296671262323663,-0.3830657712121325,0.1466809333454873,-0.49338973596327096,0.25700489809662574,2.32996132842218,286,True
LEVEL_PLUS_JUMP,act,vix,asset_price,a,24,-0.23768821886464345,-0.6498830637182326,0.1378461701771218,-1.724300490606538,0.08465361078463275,-0.46442499184185215,-0.010951445887434769,-0.5588644646484401,0.08348802691915316,2.32996132842218,285,True
LEVEL_PLUS_JUMP,act,us10y,asset_price,a,0,-0.0070547457274189795,-0.019288965136715696,0.0026196484846307037,-2.693012352156667,0.007080964558457359,-0.011363684038701721,-0.0027458074161362386,-0.014198780002747411,8.928854790945118e-05,2.7270965235381714,309,True
LEVEL_PLUS_JUMP,act,us10y,asset_price,a,1,0.005271720830527639,0.014413848952107873,0.0035312910636740662,1.492859335430361,0.13547401154425373,-0.0005367360833779707,0.01108017774443325,-0.004358450752819318,0.014901892413874598,2.7270965235381714,308,True
LEVEL_PLUS_JUMP,act,us10y,asset_price,a,2,0.00396611684730217,0.01084408886608322,0.0017747029080273128,2.2348060790133846,0.025430082592708,0.0010469903322721194,0.006885243362332221,-0.0008736692834921981,0.008805902978096539,2.7270965235381714,307,True
LEVEL_PLUS_JUMP,act,us10y,asset_price,a,3,-0.0036455075713077334,-0.009967484465852501,0.0018172864588473267,-2.006017022555715,0.04485443185838996,-0.006634677794352556,-0.000656337348262911,-0.008601423155503272,0.0013104080128878057,2.7270965235381714,306,True
LEVEL_PLUS_JUMP,act,us10y,asset_price,a,4,-0.004016819381952129,-0.010982718869345435,0.0027716353925289336,-1.4492596655316368,0.14726508055940998,-0.008575753909940413,0.0005421151460361547,-0.011575336625433138,0.0035416978615288803,2.7270965235381714,305,True
LEVEL_PLUS_JUMP,act,us10y,asset_price,a,5,0.013066534299178265,0.03572629465226094,0.0020295219078081297,6.438232693575619,1.2087259859140077e-10,0.009728267828142591,0.01640480077021394,0.007531832159950157,0.018601236438406374,2.7270965235381714,304,True
LEVEL_PLUS_JUMP,act,us10y,asset_price,a,6,-0.007139316471366999,-0.019520197018718093,0.001756392414018956,-4.064761618407871,4.808157915615941e-05,-0.010028324903916131,-0.004250308038817868,-0.01192916811760691,-0.002349464825127087,2.7270965235381714,303,True
LEVEL_PLUS_JUMP,act,us10y,asset_price,a,7,-0.0016140439721821856,-0.004413091429723091,0.0022919024842402206,-0.7042376293410454,0.48128480072163726,-0.005383888086003802,0.0021558001416394305,-0.00786428326924219,0.004636195324877819,2.7270965235381714,302,True
LEVEL_PLUS_JUMP,act,us10y,asset_price,a,8,-0.004144893400529591,-0.011332896660964233,0.0016083202305909345,-2.577156788612091,0.009961675385947553,-0.006790344765116517,-0.001499442035942664,-0.00853093791011024,0.00024115110905105746,2.7270965235381714,301,True
LEVEL_PLUS_JUMP,act,us10y,asset_price,a,9,-0.010659228900051524,-0.029144281393198877,0.0016161892984127614,-6.59528491527559,4.2443995618635226e-11,-0.01331762372938591,-0.008000834070717139,-0.015066733117132563,-0.006251724682970487,2.7270965235381714,300,True
LEVEL_PLUS_JUMP,act,us10y,asset_price,a,10,-0.005167942498370914,-0.01413010001086149,0.003614922120334126,-1.429613785951561,0.15282789663283758,-0.011113960259149607,0.0007780752624077791,-0.015026184045595345,0.004690299048853517,2.7270965235381714,299,True
LEVEL_PLUS_JUMP,act,us10y,asset_price,a,11,-0.0070535287409953275,-0.01928563767324576,0.0023926788835798396,-2.947962967116629,0.003198753815037165,-0.010989135280781825,-0.0031179222012088286,-0.0135785950063491,-0.0005284624756415534,2.7270965235381714,298,True
LEVEL_PLUS_JUMP,act,us10y,asset_price,a,12,0.0016188743020628294,0.004426298435087502,0.001438163708002954,1.125653702046766,0.26031212773239676,-0.0007466944891958076,0.003984443093321466,-0.002303136946310792,0.0055408855504364505,2.7270965235381714,297,True
LEVEL_PLUS_JUMP,act,us10y,asset_price,a,13,0.00960508114637597,0.026262048630284824,0.0021033468835771436,4.566570175072926,4.9576911796339096e-06,0.006145383396187029,0.013064778896564912,0.003869051172377895,0.015341111120374045,2.7270965235381714,296,True
LEVEL_PLUS_JUMP,act,us10y,asset_price,a,14,-0.007497793088764143,-0.020500337656307172,0.0016103084174186471,-4.656122397213347,3.2222041994605186e-06,-0.01014651472966569,-0.004849071447862596,-0.01188925957573079,-0.003106326601797495,2.7270965235381714,295,True
LEVEL_PLUS_JUMP,act,us10y,asset_price,a,15,0.0002610878187993983,0.0007138618497431276,0.0014686360280373872,0.17777571421035013,0.8588991207695249,-0.0021546034785895024,0.002676779116188299,-0.0037440243876042693,0.004266200025203066,2.7270965235381714,294,True
LEVEL_PLUS_JUMP,act,us10y,asset_price,a,16,-0.005626097273897221,-0.015382778963980886,0.0013134448332442791,-4.283466752083115,1.840036052738245e-05,-0.007786521771659745,-0.003465672776134697,-0.009207988112496868,-0.002044206435297574,2.7270965235381714,293,True
LEVEL_PLUS_JUMP,act,us10y,asset_price,a,17,0.004157446008100021,0.011367217785942537,0.001722512386874846,2.4135942590478985,0.01579604154179743,0.0013241652610800933,0.006990726755119948,-0.0005400115338978096,0.008854903550097852,2.7270965235381714,292,True
LEVEL_PLUS_JUMP,act,us10y,asset_price,a,18,0.0022951532166177635,0.006275368679369509,0.0025245879471067615,0.9091199295505091,0.36328682373253796,-0.0018574244247387644,0.006447730857974291,-0.004589641797303454,0.009179948230538982,2.7270965235381714,291,True
LEVEL_PLUS_JUMP,act,us10y,asset_price,a,19,-0.015081376788550144,-0.04123524253431116,0.0021152475991271093,-7.129839927379526,1.0048571916642134e-12,-0.018560649473874764,-0.011602104103225524,-0.020849861162552146,-0.009312892414548142,2.7270965235381714,290,True
LEVEL_PLUS_JUMP,act,us10y,asset_price,a,20,0.001679566532124757,0.00459224209272835,0.0027076556418199754,0.6203028576395413,0.5350584139052423,-0.0027741306708584457,0.00613326373510796,-0.0057044717556210146,0.009063604819870529,2.7270965235381714,289,True
LEVEL_PLUS_JUMP,act,us10y,asset_price,a,21,0.02094745164487908,0.05727416410072886,0.0015066150361123267,13.903652321784826,6.018990113725014e-44,0.018469290438310096,0.023425612851448063,0.01683876701758682,0.02505613627217134,2.7270965235381714,288,True
LEVEL_PLUS_JUMP,act,us10y,asset_price,a,22,0.0007663384300613191,0.002095309431625151,0.0021600823402192037,0.3547727861075664,0.7227598174598453,-0.002786680841762062,0.004319357701884701,-0.005124414610506669,0.006657091470629308,2.7270965235381714,287,True
LEVEL_PLUS_JUMP,act,us10y,asset_price,a,23,-0.014178888077764053,-0.03876767333320244,0.001846914328609528,-7.677068642614734,1.627702229114357e-14,-0.017216791809846078,-0.011140984345682028,-0.019215601722587933,-0.009142174432940173,2.7270965235381714,286,True
LEVEL_PLUS_JUMP,act,us10y,asset_price,a,24,0.006464212571699365,0.017674339480049015,0.0017208558490785855,3.756393991490084,0.00017237924057281288,0.0036336565868817987,0.009294768556516932,0.001771272568166827,0.011157152575231904,2.7270965235381714,285,True
LEVEL_PLUS_JUMP,act,ip,real_macro,a,0,-0.0005621377810094139,-0.0015369875086750015,0.009665573193567938,-0.05815876303988828,0.9536221674202977,-0.01646059090501456,0.015336315342995732,-0.02775707046767317,0.02663279490565434,2.8135871657110747,309,True
LEVEL_PLUS_JUMP,act,ip,real_macro,a,1,-0.01270563134974684,-0.0347395199791123,0.007403640524338056,-1.7161329359494832,0.0861377142739004,-0.024883536318849188,-0.0005277263806444891,-0.033536419308562805,0.008125156609069128,2.8135871657110747,308,True
LEVEL_PLUS_JUMP,act,ip,real_macro,a,2,-0.009500248679704806,-0.02597541749247402,0.009738935569187403,-0.9754914807899779,0.3293165254957149,-0.025519372173329405,0.0065188748139197936,-0.036901592804857566,0.01790109544544795,2.8135871657110747,307,True
LEVEL_PLUS_JUMP,act,ip,real_macro,a,3,0.019022673471045158,0.05201146853018603,0.0068256043839950535,2.7869581066916616,0.005320535676119195,0.0077955533438950255,0.03024979359819529,-0.0001817594219845689,0.038227106364074885,2.8135871657110747,306,True
LEVEL_PLUS_JUMP,act,ip,real_macro,a,4,0.0027628020004849675,0.007554005987753716,0.00577928625342324,0.4780524582682644,0.6326128685135473,-0.006743277954649032,0.012268881955618968,-0.013497723629117102,0.019023327630087038,2.8135871657110747,305,True
LEVEL_PLUS_JUMP,act,ip,real_macro,a,5,0.01849938509630084,0.050580702403823515,0.0052096112937106386,3.5510106327192643,0.0003837549131987078,0.009930337064833544,0.027068433127768132,0.0038416896219731177,0.033157080570628564,2.8135871657110747,304,True
LEVEL_PLUS_JUMP,act,ip,real_macro,a,6,0.014759186202951228,0.04035431454439916,0.0059551035462775,2.4784096679858925,0.013196952316498263,0.004963912535985108,0.024554459869917347,-0.0019960167053356525,0.031514389111238106,2.8135871657110747,303,True
LEVEL_PLUS_JUMP,act,ip,real_macro,a,7,0.007786028064330432,0.021288424797885036,0.0039867354011981476,1.9529834014041838,0.050821562051647555,0.0012284318799738268,0.014343624248687037,-0.003430999493566669,0.01900305562222753,2.8135871657110747,302,True
LEVEL_PLUS_JUMP,act,ip,real_macro,a,8,0.01401185430103526,0.03831097243703076,0.007784952821578731,1.7998637399826605,0.07188215636441096,0.0012067464168153876,0.02681696218525513,-0.007891789043424875,0.0359154976454954,2.8135871657110747,301,True
LEVEL_PLUS_JUMP,act,ip,real_macro,a,9,0.0067513289681360444,0.018459368221697612,0.00957360714321941,0.70520221554294,0.4806844027350232,-0.008995853464396925,0.022498511400669014,-0.020184849219585955,0.03368750715585804,2.8135871657110747,300,True
LEVEL_PLUS_JUMP,act,ip,real_macro,a,10,-0.006937392648832516,-0.018968100355899745,0.0056304878436197235,-1.2321121795323176,0.2179071823491977,-0.016198720999916594,0.00232393570225156,-0.022779260982333197,0.008904475684668164,2.8135871657110747,299,True
LEVEL_PLUS_JUMP,act,ip,real_macro,a,11,0.002870576602018725,0.007848681460397383,0.007261572824084453,0.3953105851252894,0.692613688470904,-0.009073647795048831,0.01481480099908628,-0.017560491498701612,0.023301644702739065,2.8135871657110747,298,True
LEVEL_PLUS_JUMP,act,ip,real_macro,a,12,-0.004306530251841931,-0.011774841375945888,0.005922925508937435,-0.7270951230677418,0.4671676861131535,-0.014048875757381066,0.005435815253697203,-0.020971197447251032,0.012358136943567168,2.8135871657110747,297,True
LEVEL_PLUS_JUMP,act,ip,real_macro,a,13,0.010527355076043762,0.028783714238546552,0.005693238213254005,1.8490979442131559,0.0644436711909077,0.0011628115518741919,0.019891898600213332,-0.005491066892103559,0.02654577704419108,2.8135871657110747,296,True
LEVEL_PLUS_JUMP,act,ip,real_macro,a,14,-0.017575862544578543,-0.04805562283449091,0.006248004736392016,-2.8130360468849345,0.00490761493405746,-0.027852915796442924,-0.00729880929271416,-0.035155168482193126,3.443393036040021e-06,2.8135871657110747,295,True
LEVEL_PLUS_JUMP,act,ip,real_macro,a,15,0.02182922433334133,0.05968509190782916,0.007585580152564921,2.877726409094786,0.00400552361216406,0.009352055306863819,0.034306393359818846,0.0004865333716120128,0.043171915295070654,2.8135871657110747,294,True
LEVEL_PLUS_JUMP,act,ip,real_macro,a,16,0.0068037199818538965,0.018602614835555455,0.009391064958400332,0.7244886508604065,0.4687657922187676,-0.008643207275907767,0.022250647239615562,-0.019618859857460286,0.03322629982116808,2.8135871657110747,293,True
LEVEL_PLUS_JUMP,act,ip,real_macro,a,17,-0.006660815373418264,-0.018211887498739105,0.004892433681133498,-1.3614523583843572,0.1733707794558742,-0.014708152658450241,0.0013865219116137133,-0.020426103987748065,0.0071044732409115356,2.8135871657110747,292,True
LEVEL_PLUS_JUMP,act,ip,real_macro,a,18,-0.013187201096140596,-0.03605621974519793,0.006877300085809419,-1.917496827476089,0.05517484363702632,-0.024499353085917892,-0.001875049106363302,-0.03253708435231765,0.006162682160036457,2.8135871657110747,291,True
LEVEL_PLUS_JUMP,act,ip,real_macro,a,19,-0.004208809924252784,-0.011507656127200557,0.004565723932603796,-0.9218275100247975,0.35661855547092336,-0.011718757494455277,0.0033011376459497095,-0.01705487218320672,0.008637252334701154,2.8135871657110747,290,True
LEVEL_PLUS_JUMP,act,ip,real_macro,a,20,-0.003003146685880777,-0.008211152316837753,0.005663160636009544,-0.5302951618191951,0.5959073006483064,-0.012318216998029883,0.006311923626268328,-0.018936942768717397,0.012930649396955842,2.8135871657110747,289,True
LEVEL_PLUS_JUMP,act,ip,real_macro,a,21,0.006768252938207583,0.01850564145127922,0.006363905745979588,1.0635375834224825,0.28753823077321083,-0.0036994405096442582,0.017235946386059423,-0.01113715059247555,0.024673656468890717,2.8135871657110747,288,True
LEVEL_PLUS_JUMP,act,ip,real_macro,a,22,0.005214931747992272,0.014258577213693066,0.013044784211043126,0.39977140776139064,0.6893248918671855,-0.016241828874341314,0.026671692370325857,-0.031487705687669135,0.04191756918365368,2.8135871657110747,287,True
LEVEL_PLUS_JUMP,act,ip,real_macro,a,23,0.013219259248931924,0.0361438725983881,0.0029433651649189213,4.491205986429504,7.082101533539767e-06,0.00837785438197242,0.01806066411589143,0.004937844796914987,0.02150067370094886,2.8135871657110747,286,True
LEVEL_PLUS_JUMP,act,ip,real_macro,a,24,-0.0006626991734253202,-0.001811940748289445,0.004338091522756083,-0.15276283820869993,0.8785853045088164,-0.007798224748678098,0.006472826401827458,-0.012868297805531847,0.011542899458681206,2.8135871657110747,285,True
LEVEL_PLUS_JUMP,act,cpi,real_macro,a,0,-0.014268512272031575,-0.03901272227265798,0.001850978653997651,-7.708631453536839,1.2717408395015139e-14,-0.017313101224469364,-0.011223923319593784,-0.01942622846328634,-0.00911079608077681,2.78648064369375,309,True
LEVEL_PLUS_JUMP,act,cpi,real_macro,a,1,-0.004964858407962398,-0.013574830963461728,0.0022554543912797387,-2.2012674816915054,0.027717093519297287,-0.008674750743882501,-0.001254966072042295,-0.01124963841199746,0.0013199215960726634,2.78648064369375,308,True
LEVEL_PLUS_JUMP,act,cpi,real_macro,a,2,-0.007570711594155457,-0.020699710186892917,0.003764164912968826,-2.011259275084305,0.04429807769692518,-0.013762211903695703,-0.0013792112846152116,-0.01805948426381426,0.0029180610755033453,2.78648064369375,307,True
LEVEL_PLUS_JUMP,act,cpi,real_macro,a,3,-0.003060025636672142,-0.008366669771501424,0.002304740474631604,-1.327709419066485,0.18427412069482174,-0.006850986365551794,0.0007309350922075093,-0.009482140357970653,0.003362089084626369,2.78648064369375,306,True
LEVEL_PLUS_JUMP,act,cpi,real_macro,a,4,-0.0003765850370807148,-0.0010296523690466516,0.0018597081587886065,-0.20249684623958317,0.8395283236798179,-0.0034355327471353985,0.002682362672973969,-0.00555862582446451,0.00480545575030308,2.78648064369375,305,True
LEVEL_PLUS_JUMP,act,cpi,real_macro,a,5,0.0015472939478904514,0.00423058465468313,0.001322691834736156,1.1698068342571253,0.24207871275335413,-0.0006283405138144123,0.003722928409595315,-0.0021383612471736198,0.005232949142954522,2.78648064369375,304,True
LEVEL_PLUS_JUMP,act,cpi,real_macro,a,6,0.003257832305961807,0.008907509384318215,0.0016748570103961883,1.9451405616955713,0.051758063222445215,0.0005029376777865371,0.006012726934137077,-0.0014091243344619537,0.007924788946385567,2.78648064369375,303,True
LEVEL_PLUS_JUMP,act,cpi,real_macro,a,7,-0.003069905361457175,-0.008393682746072311,0.002265425693887516,-1.35511191990992,0.17538190151352206,-0.006796199030637112,0.0006563883077227617,-0.009382470207201222,0.0032426594842868716,2.78648064369375,302,True
LEVEL_PLUS_JUMP,act,cpi,real_macro,a,8,-0.001788262897428236,-0.004889437836109676,0.0015812174141734857,-1.130940553398202,0.25808011305109835,-0.004389134096130322,0.0008126083012738499,-0.006194294615494138,0.0026177688206376654,2.78648064369375,301,True
LEVEL_PLUS_JUMP,act,cpi,real_macro,a,9,0.0011411140869754936,0.003120014624359577,0.0014105350202709105,0.8089938006334141,0.4185187121776526,-0.0011790095570591817,0.003461237731010169,-0.00278931444426157,0.005071542618212558,2.78648064369375,300,True
LEVEL_PLUS_JUMP,act,cpi,real_macro,a,10,-0.0011178117836567938,-0.003056301865078596,0.0012443922552424391,-0.8982792836805431,0.3690366741291826,-0.003164654898042642,0.0009290313307290543,-0.004585286716052263,0.002349663148738675,2.78648064369375,299,True
LEVEL_PLUS_JUMP,act,cpi,real_macro,a,11,-0.003482469061890735,-0.009521707361248457,0.002071200748237311,-1.6813768848116144,0.09268973245551525,-0.0068892911247734785,-7.564699900799087e-05,-0.009253829856058014,0.0022888917322765445,2.78648064369375,298,True
LEVEL_PLUS_JUMP,act,cpi,real_macro,a,12,0.0006014191411014762,0.0016443899317550707,0.0015689392276037014,0.3833285129979481,0.7014762005927595,-0.0019792562378889134,0.0031820945200918657,-0.0037703996477480603,0.004973237929951012,2.78648064369375,297,True
LEVEL_PLUS_JUMP,act,cpi,real_macro,a,13,1.8154216986073033e-05,4.9636949658970714e-05,0.0015724669226529308,0.011545054922646514,0.9907885835530498,-0.0025683237040008203,0.0026046321379729663,-0.0043634944258349965,0.004399802859807142,2.78648064369375,296,True
LEVEL_PLUS_JUMP,act,cpi,real_macro,a,14,-0.0018505876868918443,-0.005059845209750982,0.00160182576800989,-1.1552989868498722,0.24796801071367947,-0.004485356611147239,0.0007841812373635506,-0.006314044184021278,0.002612868810237589,2.78648064369375,295,True
LEVEL_PLUS_JUMP,act,cpi,real_macro,a,15,0.0027961811236681465,0.00764527061560162,0.0025126452693939637,1.1128435667891035,0.265775620558939,-0.0013367525609369736,0.006929114808273266,-0.004205256283966801,0.009797618531303095,2.78648064369375,294,True
LEVEL_PLUS_JUMP,act,cpi,real_macro,a,16,0.005175092533950885,0.014149649515883664,0.0022855372471455976,2.264278361866142,0.023556999568804176,0.0014157183034507657,0.008934466764451005,-0.0011935127656614204,0.011543697833563191,2.78648064369375,293,True
LEVEL_PLUS_JUMP,act,cpi,real_macro,a,17,-0.003403297724394993,-0.009305238444041823,0.0021445186503058315,-1.5869751115988877,0.11251828158986978,-0.006930717004415617,0.00012412155562562975,-0.009378957433512438,0.0025723619847224516,2.78648064369375,292,True
LEVEL_PLUS_JUMP,act,cpi,real_macro,a,18,-0.014176044738323613,-0.0387598991231235,0.0017946861608309408,-7.898899009596249,2.8137774028089517e-15,-0.017128040779206,-0.011224048697441227,-0.019176902986984077,-0.009175186489663149,2.78648064369375,291,True
LEVEL_PLUS_JUMP,act,cpi,real_macro,a,19,-0.008854358992420014,-0.02420943695375961,0.0017884259666069576,-4.9509228549274,7.38623809824593e-07,-0.011796057930127661,-0.005912660054712367,-0.013837773331049586,-0.0038709446537904414,2.78648064369375,290,True
LEVEL_PLUS_JUMP,act,cpi,real_macro,a,20,-0.0029004375647790352,-0.007930326794175149,0.0014992577881584263,-1.9345822897753369,0.053041575037684204,-0.005366497175366665,-0.0004343779541914057,-0.007078090371389595,0.001277215241831524,2.78648064369375,289,True
LEVEL_PLUS_JUMP,act,cpi,real_macro,a,21,0.00129753883249462,0.003547708488804773,0.0017922218568669967,0.7239833771265698,0.46907594036361633,-0.0016504037890747616,0.004245481454064002,-0.0036964526808701366,0.006291530345859377,2.78648064369375,288,True
LEVEL_PLUS_JUMP,act,cpi,real_macro,a,22,0.0060037970024750245,0.016415479103458436,0.0019072110190491937,3.1479458447487954,0.0016442215191225813,0.002866714040430145,0.009140879964519904,0.0006893904144550144,0.011318203590495034,2.78648064369375,287,True
LEVEL_PLUS_JUMP,act,cpi,real_macro,a,23,0.004783953662474775,0.013080204301693462,0.0020195250492200095,2.368850866357145,0.01784344674055642,0.0014621305605458921,0.008105776764403659,-0.0008434137966314486,0.010411321121581,2.78648064369375,286,True
LEVEL_PLUS_JUMP,act,cpi,real_macro,a,24,-0.006925535633047577,-0.0189356811060872,0.001491396318150704,-4.643658797304178,3.4229267843455107e-06,-0.009378664276179834,-0.00447240698991532,-0.011081282605650639,-0.0027697886604445146,2.78648064369375,285,True
LEVEL_PLUS_JUMP,act,infl_exp,real_macro,a,0,-0.035544310731917994,-0.09718464662048015,0.006229631701825894,-5.705684129207834,1.158767148852885e-08,-0.045791143031238185,-0.025297478432597803,-0.052641790424691984,-0.018446831039144,2.7445410115918656,309,True
LEVEL_PLUS_JUMP,act,infl_exp,real_macro,a,1,-0.017118515461694864,-0.046805152260784015,0.0028814964743809125,-5.940842063800465,2.835617066274948e-09,-0.02185815538862819,-0.01237887553476154,-0.025026900710390647,-0.00921013021299908,2.7445410115918656,308,True
LEVEL_PLUS_JUMP,act,infl_exp,real_macro,a,2,0.028081183659553154,0.07677909219344745,0.0053722684121084415,5.22706266802708,1.7222413968266734e-07,0.01924458847693976,0.03691777884216655,0.013336772677242027,0.04282559464186428,2.7445410115918656,307,True
LEVEL_PLUS_JUMP,act,infl_exp,real_macro,a,3,0.004110537995504081,0.011238962699996764,0.0017323429948149665,2.3728199368180736,0.017652867392095033,0.001261087337358708,0.006959988653649454,-0.0006439483999094693,0.00886502439091763,2.7445410115918656,306,True
LEVEL_PLUS_JUMP,act,infl_exp,real_macro,a,4,0.001976069294961524,0.005402934876887801,0.002318423681151139,0.852333122296426,0.3940292273184066,-0.0018373983057901103,0.005789536895713158,-0.00438693958020356,0.008339078170126607,2.7445410115918656,305,True
LEVEL_PLUS_JUMP,act,infl_exp,real_macro,a,5,0.010224135489835699,0.02795465643077826,0.0024418152296955967,4.187104480919413,2.8253578461202125e-05,0.006207706852925554,0.014240564126745844,0.0035224734492065217,0.016925797530464876,2.7445410115918656,304,True
LEVEL_PLUS_JUMP,act,infl_exp,real_macro,a,6,0.002521075026992085,0.006893080230190818,0.0020768172702051394,1.2139127804648233,0.22478103196627253,-0.0008949853924202942,0.005937135446404464,-0.003178835144668185,0.008220985198652355,2.7445410115918656,303,True
LEVEL_PLUS_JUMP,act,infl_exp,real_macro,a,7,-0.00010990877144248493,-0.00030051068351530364,0.0018610412695900783,-0.05905767552736429,0.952906169804149,-0.0031710492536340977,0.0029512317107491274,-0.005217612860097448,0.004997795317212478,2.7445410115918656,302,True
LEVEL_PLUS_JUMP,act,infl_exp,real_macro,a,8,-0.0012114725138629905,-0.003312387432075725,0.004012798116273308,-0.30190218365335725,0.7627266310746175,-0.007811938049639177,0.005388993021913197,-0.01222476151521367,0.009801816487487689,2.7445410115918656,301,True
LEVEL_PLUS_JUMP,act,infl_exp,real_macro,a,9,-0.0012125150692311936,-0.003315237969136502,0.001872976024119762,-0.6473735133908276,0.5173902338405503,-0.0042932864756977315,0.0018682563372353447,-0.006352974581156155,0.003927944442693768,2.7445410115918656,300,True
LEVEL_PLUS_JUMP,act,infl_exp,real_macro,a,10,-0.0005252786693724005,-0.0014362079559019807,0.001830905216525885,-0.2868956102321391,0.7741922517954564,-0.003536849755379373,0.002486292416634572,-0.005550273124465176,0.0044997157857203755,2.7445410115918656,299,True
LEVEL_PLUS_JUMP,act,infl_exp,real_macro,a,11,-0.006023771985309819,-0.016470094359967165,0.002993217675629028,-2.0124737450121857,0.04417002160389148,-0.010947176935323481,-0.0011003670352961572,-0.014238780652695364,0.0021912366820757267,2.7445410115918656,298,True
LEVEL_PLUS_JUMP,act,infl_exp,real_macro,a,12,0.0020821067055959027,0.005692860551879129,0.0047719414087733815,0.43632277248163115,0.6626025617711683,-0.005767038428224911,0.009931251839416717,-0.011014682195696105,0.015178895606887911,2.7445410115918656,297,True
LEVEL_PLUS_JUMP,act,infl_exp,real_macro,a,13,-0.00028365415927525004,-0.0007755623520036408,0.0029987825390607047,-0.09458977287632793,0.9246406734738262,-0.0052162124950879945,0.004648904176537495,-0.00851393582257294,0.00794662750402244,2.7445410115918656,296,True
LEVEL_PLUS_JUMP,act,infl_exp,real_macro,a,14,0.002946371768995235,0.008055919309900477,0.003244257320700443,0.9081806643990575,0.3637827780276911,-0.0023899566517227547,0.008282700189713225,-0.005957625499824275,0.011850369037814746,2.7445410115918656,295,True
LEVEL_PLUS_JUMP,act,infl_exp,real_macro,a,15,-0.0003037066814540177,-0.0008303896152607927,0.002193099948804998,-0.13848282729635963,0.8898588406796282,-0.003911035086513007,0.0033036217236049716,-0.006322759433469357,0.00571534607056132,2.7445410115918656,294,True
LEVEL_PLUS_JUMP,act,infl_exp,real_macro,a,16,0.0017785738448805322,0.004862946194309733,0.002057345302222694,0.8644994318450163,0.3873135923077373,-0.0016054580373720383,0.005162605727133103,-0.0038678947120755125,0.007425042401836577,2.7445410115918656,293,True
LEVEL_PLUS_JUMP,act,infl_exp,real_macro,a,17,0.008536987546413789,0.02334168537291804,0.0027523303135455796,3.101730742272847,0.001923928669731801,0.004009807047609859,0.013064168045217718,0.0009831041234404474,0.01609087096938713,2.7445410115918656,292,True
LEVEL_PLUS_JUMP,act,infl_exp,real_macro,a,18,-0.012904682508907486,-0.03528376225485443,0.004482368902415893,-2.878987158319825,0.003989545789313008,-0.020277523255380757,-0.005531841762434215,-0.025206727790671922,-0.0006026372271430505,2.7445410115918656,291,True
LEVEL_PLUS_JUMP,act,infl_exp,real_macro,a,19,-0.010375133160443343,-0.02836751167979965,0.0030757267643167947,-3.3732297942752894,0.0007429192306299071,-0.015434253484241538,-0.0053160128366451466,-0.018816591405561536,-0.0019336749153251506,2.7445410115918656,290,True
LEVEL_PLUS_JUMP,act,infl_exp,real_macro,a,20,0.0004489573994297152,0.0012275316446647617,0.005031069437431478,0.08923697138613183,0.9288935836523095,-0.007826415412174156,0.008724330211033585,-0.013359019003767392,0.014256933802626822,2.7445410115918656,289,True
LEVEL_PLUS_JUMP,act,infl_exp,real_macro,a,21,-0.007526230498185864,-0.02057809073488833,0.001791703555430834,-4.20060030319921,2.6620819748848703e-05,-0.01047332058975812,-0.004579140406613608,-0.012443634386680748,-0.0026088266096909807,2.7445410115918656,288,True
LEVEL_PLUS_JUMP,act,infl_exp,real_macro,a,22,0.015071964066446715,0.041209506430486896,0.003117701841162819,4.8343186213166796,1.3360245429285201e-06,0.00994380088525677,0.02020012724763666,0.006515303501459889,0.023628624631433538,2.7445410115918656,287,True
LEVEL_PLUS_JUMP,act,infl_exp,real_macro,a,23,0.006024619467752775,0.01647241153197134,0.002078971030462062,2.8978852420150236,0.003756880271586009,0.002605016427970213,0.009444222507535337,0.0003187982127382449,0.011730440722767306,2.7445410115918656,286,True
LEVEL_PLUS_JUMP,act,infl_exp,real_macro,a,24,-0.0034844058992360427,-0.009527003028799441,0.0033700549984254707,-1.0339314642829265,0.3011682043863584,-0.009027653086422116,0.0020588412879500306,-0.012733660053734906,0.005764848255262821,2.7445410115918656,285,True
LEVEL_PLUS_JUMP,act,freight,physical_channel,a,0,-0.00015792121768530692,-0.00043178549305334393,0.0004068156718421086,-0.3881886284523438,0.6978764478308672,-0.0008270734510154993,0.0005112310156448854,-0.0012851916026050004,0.0009693491672343865,2.7709610591334455,309,True
LEVEL_PLUS_JUMP,act,freight,physical_channel,a,1,-0.0006343622274088654,-0.0017344623550331134,0.0006707272171833893,-0.9457827432033654,0.344259409129405,-0.001737610323288031,0.0004688858684703004,-0.0024929212275249784,0.0012241967727072475,2.7709610591334455,308,True
LEVEL_PLUS_JUMP,act,freight,physical_channel,a,2,-0.0002829417903247197,-0.0007736146050001091,0.0001898650445503058,-1.490225812733806,0.13616487143031747,-0.000595241997484593,2.9358416835153632e-05,-0.0008090504352642539,0.00024316685461481442,2.7709610591334455,307,True
LEVEL_PLUS_JUMP,act,freight,physical_channel,a,3,8.08518622733935e-05,0.00022106377931789705,0.00022049781213092458,0.3666787506507604,0.7138586586976625,-0.0002818347637450221,0.00044353848829180916,-0.0005301389887655207,0.0006918427133123077,2.7709610591334455,306,True
LEVEL_PLUS_JUMP,act,freight,physical_channel,a,4,-0.00018256079996440915,-0.000499154617601327,0.00021538953649468022,-0.84758434850394,0.3966694939169948,-0.0005368450602750804,0.0001717234603462621,-0.0007793968181359702,0.00041427521820715186,2.7709610591334455,305,True
LEVEL_PLUS_JUMP,act,freight,physical_channel,a,5,-0.00020165863892347436,-0.0005513716023235805,0.00021065206616820273,-0.9573067218930231,0.3384124635420439,-0.0005481504539850641,0.0001448331761381154,-0.000785367311301566,0.00038205003345461727,2.7709610591334455,304,True
LEVEL_PLUS_JUMP,act,freight,physical_channel,a,6,-0.00010182249794075691,-0.0002784013327764721,0.00016239624027999366,-0.6270003404339952,0.5306590120034581,-0.00036894054276858724,0.00016529554688707345,-0.0005518161559062976,0.0003481711600247839,2.7709610591334455,303,True
LEVEL_PLUS_JUMP,act,freight,physical_channel,a,7,0.0006459629925919679,0.0017661809688318216,0.00030301891801985117,2.131757966839714,0.033026748740440585,0.0001475412262521049,0.0011443847589318308,-0.0001936906294217896,0.0014856166146057252,2.7709610591334455,302,True
LEVEL_PLUS_JUMP,act,freight,physical_channel,a,8,0.0010179708359085325,0.00278331845295533,0.000256869230413583,3.9629925089490325,7.401610505952342e-05,0.000595458550610517,0.001440483121206548,0.00030619620114291743,0.0017297454706741476,2.7709610591334455,301,True
LEVEL_PLUS_JUMP,act,freight,physical_channel,a,9,-0.0002022615461488228,-0.0005530200609498384,0.00037669712024714807,-0.5369341449069761,0.5913131043300569,-0.0008218731706495191,0.0004173500783518735,-0.0012460745974413791,0.0008415515051437335,2.7709610591334455,300,True
LEVEL_PLUS_JUMP,act,freight,physical_channel,a,10,4.121450288194186e-06,1.1268798904077514e-05,0.00021957251655678171,0.018770337712681696,0.9850243167292025,-0.00035704319994909036,0.00036528610052547877,-0.0006043054427465817,0.00061254834332297,2.7709610591334455,299,True
LEVEL_PLUS_JUMP,act,freight,physical_channel,a,11,0.0008751499504383402,0.002392820030039485,0.0004873379320067728,1.795776386284205,0.07253008770418448,7.355038542597003e-05,0.0016767495154507103,-0.0004752444817910501,0.0022255443826677303,2.7709610591334455,298,True
LEVEL_PLUS_JUMP,act,freight,physical_channel,a,12,0.00032174855264532556,0.0008797193909687505,0.00015858057355532264,2.028927916149073,0.04246563290132997,6.09067210688084e-05,0.0005825903842218427,-0.00011767204141152051,0.0007611691467021716,2.7709610591334455,297,True
LEVEL_PLUS_JUMP,act,freight,physical_channel,a,13,0.0003887361217249064,0.0010628756569057937,0.0002910794495220218,1.3354983402752942,0.18171329812869796,-9.004696655242912e-05,0.0008675192100022419,-0.00041783369801461534,0.0011953059414644281,2.7709610591334455,296,True
LEVEL_PLUS_JUMP,act,freight,physical_channel,a,14,0.00017530587725286318,0.00047931833197749704,0.00027891780921425615,0.6285216341929553,0.529662278865245,-0.0002834730928545648,0.0006340848473602911,-0.0005975645107786523,0.0009481762652843787,2.7709610591334455,295,True
LEVEL_PLUS_JUMP,act,freight,physical_channel,a,15,0.0003315118140060309,0.0009064139332362843,0.00027889085439661315,1.1886794019232523,0.2345658491405146,-0.00012722281937183316,0.000790246447383895,-0.00044128388327543976,0.0011043075112875016,2.7709610591334455,294,True
LEVEL_PLUS_JUMP,act,freight,physical_channel,a,16,-0.0008378905002528184,-0.002290945878452641,0.00022096834013782761,-3.7919029474095227,0.00014949734062778093,-0.0012013510759699708,-0.00047442992453566613,-0.0014501851660760927,-0.00022559583442954422,2.7709610591334455,293,True
LEVEL_PLUS_JUMP,act,freight,physical_channel,a,17,-0.0003277561299302352,-0.0008961452060558015,0.00035445748427418106,-0.9246697967215393,0.3551376947857322,-0.0009107868085387164,0.00025527454867824595,-0.0013099440159723965,0.0006544317561119261,2.7709610591334455,292,True
LEVEL_PLUS_JUMP,act,freight,physical_channel,a,18,-0.0005678174846705913,-0.001552516857306452,0.0003802090051785144,-1.4934351289338652,0.13532332324930418,-0.001193205645838082,5.757067649689925e-05,-0.0016213618323521212,0.00048572686301093877,2.7709610591334455,291,True
LEVEL_PLUS_JUMP,act,freight,physical_channel,a,19,0.0023171793941234075,0.006335592277273287,0.00037023714209752124,6.258635697639049,3.883598898981775e-10,0.001708193488112152,0.002926165300134663,0.00129126669072632,0.003343092097520495,2.7709610591334455,290,True
LEVEL_PLUS_JUMP,act,freight,physical_channel,a,20,-5.4224168938398414e-05,-0.00014825879551619335,0.0002143162477993092,-0.2530100703758831,0.8002604312942156,-0.00040674302644572256,0.0002982946885689258,-0.0006480861459298782,0.0005396378080530814,2.7709610591334455,289,True
LEVEL_PLUS_JUMP,act,freight,physical_channel,a,21,0.0007603928789045597,0.0020790532073170854,0.0002373637218739229,3.203492399350086,0.0013577162383569892,0.00036996430007353717,0.0011508214577355823,0.00010266724874093776,0.0014181185090681816,2.7709610591334455,288,True
LEVEL_PLUS_JUMP,act,freight,physical_channel,a,22,-8.518216293663987e-05,-0.00023290361334624761,0.00020573552558411306,-0.41403720963987783,0.6788468563620043,-0.0004235869883864356,0.0002532226625131559,-0.0006552672928105698,0.0004849029669372901,2.7709610591334455,287,True
LEVEL_PLUS_JUMP,act,freight,physical_channel,a,23,-0.00020072587801427306,-0.0005488212633951981,0.00022460473959566509,-0.8936849613041162,0.37149047394216506,-0.0005701677985686937,0.00016871604254014758,-0.0008230968651306689,0.00042164510910212274,2.7709610591334455,286,True
LEVEL_PLUS_JUMP,act,freight,physical_channel,a,24,0.0001415278595971747,0.0003869630536836735,0.00022011911152184816,0.642960343691589,0.5202498321814741,-0.00022053585935087285,0.0005035915785452222,-0.00046841362680091867,0.0007514693459952681,2.7709610591334455,285,True
LEVEL_PLUS_JUMP,act,oil,asset_price,b,0,-0.0015319652521725779,-0.004188673196961243,0.0015189308608926058,-1.0085812933396536,0.31317548249546656,-0.004030384187800303,0.0009664536834551468,-0.005856965245300474,0.0027930347409553186,2.847397537624782,309,True
LEVEL_PLUS_JUMP,act,oil,asset_price,b,1,-0.0024355185129506037,-0.006659153072454854,0.0013779506447633338,-1.767493285921652,0.07714565244957035,-0.004702045628749693,-0.0001689913971515142,-0.006359091785818201,0.0014880547599169934,2.847397537624782,308,True
LEVEL_PLUS_JUMP,act,oil,asset_price,b,2,-0.00048196559253826303,-0.001317782081845252,0.0013804094189487784,-0.34914684435092724,0.7269790700188171,-0.0027525370319741354,0.0017886058468976095,-0.004412539972967071,0.003448608787890544,2.847397537624782,307,True
LEVEL_PLUS_JUMP,act,oil,asset_price,b,3,-0.00111945249161734,-0.003060787860729369,0.00118600866735618,-0.9438822180893457,0.3452298397635779,-0.0030702631497140347,0.0008313581664793547,-0.004496490650648976,0.002257585667414296,2.847397537624782,306,True
LEVEL_PLUS_JUMP,act,oil,asset_price,b,4,0.0018784429057783348,0.0051360064729257604,0.0014254039188766612,1.3178320060033977,0.18755989113703964,-0.00046613790005678316,0.004223023711613453,-0.002180248702951785,0.005937134514508455,2.847397537624782,305,True
LEVEL_PLUS_JUMP,act,oil,asset_price,b,5,0.002655306925231951,0.007260094791087149,0.0013804598511468046,1.9234944957117577,0.05441797710297122,0.0003846525322122401,0.004925961318251662,-0.0012754110557133334,0.006586024906177235,2.847397537624782,304,True
LEVEL_PLUS_JUMP,act,oil,asset_price,b,6,0.0022552058797826098,0.0061661453540662135,0.0013820576757665052,1.6317740708844488,0.10272708950007452,-1.807670085804793e-05,0.004528488460423268,-0.0016800617430503665,0.0061904735026155865,2.847397537624782,303,True
LEVEL_PLUS_JUMP,act,oil,asset_price,b,7,-0.0031703005435115006,-0.008668181536158202,0.0011904911221359115,-2.663019055382393,0.0077443028497260254,-0.005128484183610282,-0.0012121169034127184,-0.006560102033245458,0.00021950094622245767,2.847397537624782,302,True
LEVEL_PLUS_JUMP,act,oil,asset_price,b,8,0.0022805227843136324,0.006235366401533663,0.0015178493003302938,1.5024698326885126,0.13297581324146507,-0.00021611714250040562,0.00477716271112767,-0.0020413975759323447,0.0066024431445596094,2.847397537624782,301,True
LEVEL_PLUS_JUMP,act,oil,asset_price,b,9,0.0018596513043537253,0.005084626797633769,0.0012468171360985056,1.4915188847763818,0.13582531686828322,-0.00019118038410314902,0.003910482992810599,-0.0016905327388415424,0.005409835347548993,2.847397537624782,300,True
LEVEL_PLUS_JUMP,act,oil,asset_price,b,10,-0.0005423698002028489,-0.0014829382335722686,0.00120371340359698,-0.4505805107612159,0.6522919157044864,-0.002522302157919443,0.001437562557513745,-0.003969820381610836,0.0028850807812051374,2.847397537624782,299,True
LEVEL_PLUS_JUMP,act,oil,asset_price,b,11,0.002334570152030383,0.006383141790172803,0.0012681797911378917,1.8408826322138896,0.06563876006692669,0.0002486000229506612,0.0044205402811101045,-0.00127644186252116,0.005945582166581926,2.847397537624782,298,True
LEVEL_PLUS_JUMP,act,oil,asset_price,b,12,-0.003350106352394014,-0.00915980350425182,0.0016700672045110907,-2.0059709832903114,0.04485934393754753,-0.006097122450986788,-0.0006030902538012406,-0.008105451598186797,0.001405238893398769,2.847397537624782,297,True
LEVEL_PLUS_JUMP,act,oil,asset_price,b,13,5.050282210688063e-05,0.00013808395264187256,0.0012099878243950354,0.041738289500665694,0.9667073299361028,-0.0019397500394164144,0.002040755683630176,-0.0033948135296315105,0.0034958191738452713,2.847397537624782,296,True
LEVEL_PLUS_JUMP,act,oil,asset_price,b,14,0.004643062903633773,0.01269498319800334,0.0011265059136780892,4.1216498264744805,3.76168696958527e-05,0.002790125565738086,0.00649600024152946,0.001435452738907026,0.00785067306836052,2.847397537624782,295,True
LEVEL_PLUS_JUMP,act,oil,asset_price,b,15,0.0024394377004793508,0.006669868847980602,0.0014485031470199972,1.6841093548868025,0.09216053676859302,5.6862045452887085e-05,0.004822013355505814,-0.001685026593587137,0.0065639019945458385,2.847397537624782,294,True
LEVEL_PLUS_JUMP,act,oil,asset_price,b,16,0.0013148280154981118,0.0035949802773400426,0.0009985030635665372,1.316799180166457,0.18790594773851843,-0.00032756337013146336,0.002957219401127687,-0.0015283071490120473,0.004157963180008271,2.847397537624782,293,True
LEVEL_PLUS_JUMP,act,oil,asset_price,b,17,-0.005083814310830241,-0.013900078159020656,0.0014757332180051447,-3.44494130023203,0.0005711834173156841,-0.007511179446878771,-0.0026564491747817108,-0.009285813441969186,-0.0008818151796912959,2.847397537624782,292,True
LEVEL_PLUS_JUMP,act,oil,asset_price,b,18,-0.005100808646208843,-0.01394654378022164,0.0010382219864221917,-4.91302314236929,8.968268643212871e-07,-0.0068085318461561465,-0.0033930854462615387,-0.008057039373855301,-0.002144577918562384,2.847397537624782,291,True
LEVEL_PLUS_JUMP,act,oil,asset_price,b,19,0.001779507620063989,0.004865499306449441,0.0011561990695463224,1.5391014116299582,0.12377954049224373,-0.00012227061295719678,0.003681285853085175,-0.0015126507635662735,0.005071666003694251,2.847397537624782,290,True
LEVEL_PLUS_JUMP,act,oil,asset_price,b,20,0.0036717020086318307,0.010039104848477582,0.0010942390146766547,3.3554844594138427,0.0007922610769057605,0.00187183899658913,0.005471565020674531,0.0005559685326685564,0.006787435484595105,2.847397537624782,289,True
LEVEL_PLUS_JUMP,act,oil,asset_price,b,21,0.0009097369329002,0.002487387166073613,0.001349319787372801,0.6742189223145592,0.5001721412319458,-0.001309696613277341,0.0031291704790777407,-0.0029323129071335075,0.004751786772933908,2.847397537624782,288,True
LEVEL_PLUS_JUMP,act,oil,asset_price,b,22,0.0012714847655208462,0.0034764719043913123,0.001085126954113045,1.1717382567094423,0.24130215846003922,-0.0005133902406547995,0.003056359771696492,-0.0018183030516309177,0.00436127258267261,2.847397537624782,287,True
LEVEL_PLUS_JUMP,act,oil,asset_price,b,23,-0.0008789516528047427,-0.0024032145796432647,0.0014310078006476894,-0.6142186313777743,0.5390708631641077,-0.0032327500238959438,0.0014748467182864582,-0.0049535997406908285,0.003195696435081343,2.847397537624782,286,True
LEVEL_PLUS_JUMP,act,oil,asset_price,b,24,-0.0009708114163236584,-0.0026543759743192946,0.001084232590696205,-0.8953903661024275,0.3705784487732817,-0.002754215325589302,0.0008125924929419853,-0.00405805262528457,0.0021164297926372535,2.847397537624782,285,True
LEVEL_PLUS_JUMP,act,dxy,asset_price,b,0,0.00018303158234060784,0.0005004418227242817,0.0002473092638633328,0.7400918974137343,0.4592442348445538,-0.00022375595730369377,0.0005898191219849095,-0.0005137564579179655,0.0008798196225991812,2.8174765044128307,309,True
LEVEL_PLUS_JUMP,act,dxy,asset_price,b,1,5.005551593720665e-05,0.00013686093576137107,0.0001623880086228998,0.3082463807623038,0.757894862710675,-0.00021704898901959703,0.00031716002089401035,-0.00040746888295620167,0.000507579914830615,2.8174765044128307,308,True
LEVEL_PLUS_JUMP,act,dxy,asset_price,b,2,0.0002669901431478107,0.000729999884050959,0.0001683925421473895,1.585522373752879,0.11284769761584687,-9.990940554901572e-06,0.000543971226850523,-0.0002074518878708065,0.0007414321741664279,2.8174765044128307,307,True
LEVEL_PLUS_JUMP,act,dxy,asset_price,b,3,0.0002521686406050438,0.0006894751852358016,0.00024888467528359504,1.013194726905973,0.3109671586863213,-0.0001572102202278169,0.0006615475014379046,-0.00044905808431490197,0.0009533953655249896,2.8174765044128307,306,True
LEVEL_PLUS_JUMP,act,dxy,asset_price,b,4,-8.160794385042335e-05,-0.0002231310446373485,0.0001578481731920514,-0.5170027767830563,0.6051542204361295,-0.00034124508403303325,0.00017802919633218652,-0.0005263414630835154,0.0003631255753826687,2.8174765044128307,305,True
LEVEL_PLUS_JUMP,act,dxy,asset_price,b,5,1.0818997293430425e-05,2.958111740244824e-05,0.0002053305315909483,0.05269064083944233,0.9579783961963366,-0.00032691967231781476,0.00034855766690467557,-0.0005676949511026629,0.0005893329456895238,2.8174765044128307,304,True
LEVEL_PLUS_JUMP,act,dxy,asset_price,b,6,-0.00048584318316996424,-0.001328384123846375,0.0001683737246281694,-2.885504755821511,0.003907865574142847,-0.0007627933148079371,-0.00020889305153199138,-0.0009602321962703075,-1.1454170069620973e-05,2.8174765044128307,303,True
LEVEL_PLUS_JUMP,act,dxy,asset_price,b,7,-0.0006978148326791483,-0.0019079533833681708,0.00018473294097836086,-3.777425016802437,0.0001584581900356095,-0.0010016734806648174,-0.00039395618469347925,-0.0012182955534767621,-0.00017733411188153444,2.8174765044128307,302,True
LEVEL_PLUS_JUMP,act,dxy,asset_price,b,8,-0.0008393712566884575,-0.0022949945373790708,0.00021790314546773161,-3.8520382754766453,0.00011713870749466693,-0.00119779003583519,-0.0004809524775417249,-0.0014533082492814427,-0.00022543426409547243,2.8174765044128307,301,True
LEVEL_PLUS_JUMP,act,dxy,asset_price,b,9,0.00019643707428634182,0.0005370948895778178,0.00018329563477831518,1.0716953217348597,0.2838569027864283,-0.0001050574153831423,0.0004979315639558259,-0.00031999407006299657,0.0007128682186356803,2.8174765044128307,300,True
LEVEL_PLUS_JUMP,act,dxy,asset_price,b,10,-0.00010232948911879466,-0.0002797875393862701,0.00021793536549980945,-0.46954053961877124,0.6386833147678074,-0.000460801265502151,0.00025614228726456164,-0.0007163572608951304,0.000511698282657541,2.8174765044128307,299,True
LEVEL_PLUS_JUMP,act,dxy,asset_price,b,11,0.00030160270340889135,0.0008246369544663538,0.0002405185677713026,1.2539684823654473,0.209853461479522,-9.40151351389092e-05,0.0006972205419566919,-0.00037605271016177887,0.0009792581169795617,2.8174765044128307,298,True
LEVEL_PLUS_JUMP,act,dxy,asset_price,b,12,4.985686272291419e-06,1.3631778153968296e-05,0.0001793948427822124,0.02779169230825718,0.9778282919825707,-0.00029009257153441977,0.0003000639440790026,-0.0005004550682794258,0.0005104264408240085,2.8174765044128307,297,True
LEVEL_PLUS_JUMP,act,dxy,asset_price,b,13,-0.00019600962829984783,-0.0005359261740705719,0.00021222104148495608,-0.9236107170539098,0.35568903198850266,-0.0005450821781017967,0.000153062921502101,-0.0007939374264257323,0.0004019181698260366,2.8174765044128307,296,True
LEVEL_PLUS_JUMP,act,dxy,asset_price,b,14,-0.0008935192082155882,-0.0024430449405526402,0.00017628871148031683,-5.068499285703568,4.009644874604533e-07,-0.001183488334684589,-0.0006035500817465874,-0.0013902085108045933,-0.0003968299056265831,2.8174765044128307,295,True
LEVEL_PLUS_JUMP,act,dxy,asset_price,b,15,-0.0002977167657264812,-0.0008140120901019111,0.0001582833859635172,-1.8809097614016297,0.05998419513882742,-0.0005580697672147322,-3.736376423823021e-05,-0.0007436764867175985,0.00014824295526463615,2.8174765044128307,294,True
LEVEL_PLUS_JUMP,act,dxy,asset_price,b,16,-0.00015635433381296969,-0.00042750134596221233,0.0001660885001957016,-0.9413916895434532,0.34650417079615115,-0.00042954560575479976,0.00011683693812886037,-0.0006243047807675247,0.00031159611314158543,2.8174765044128307,293,True
LEVEL_PLUS_JUMP,act,dxy,asset_price,b,17,-0.0001855937210644365,-0.0005074471786122028,0.00021217419772257397,-0.8747233313784343,0.3817244620888727,-0.0005345892197339311,0.0001634017776050581,-0.000783389537990431,0.0004122020958615579,2.8174765044128307,292,True
LEVEL_PLUS_JUMP,act,dxy,asset_price,b,18,-0.00035337875537057176,-0.0009662021504058845,0.00018120212650854237,-1.9501909948827918,0.05115335871430618,-0.0006514297303694672,-5.532778037167633e-05,-0.0008639114893580313,0.00015715397861688777,2.8174765044128307,291,True
LEVEL_PLUS_JUMP,act,dxy,asset_price,b,19,-0.0010653115209085138,-0.0029127565443898404,0.0002149995341496425,-4.95494804266433,7.234961950945564e-07,-0.00141895428444743,-0.0007116687573695974,-0.0016710676568348357,-0.000459555384982192,2.8174765044128307,290,True
LEVEL_PLUS_JUMP,act,dxy,asset_price,b,20,-0.00010787739092049405,-0.00029495651762725527,0.00015690427153885735,-0.6875363548899828,0.4917447993902715,-0.0003659619510453622,0.0001502071692043741,-0.0005499514894232355,0.00033419670758224733,2.8174765044128307,289,True
LEVEL_PLUS_JUMP,act,dxy,asset_price,b,21,0.0006420031093672683,0.0017553539238300679,0.0002186305768169256,2.9364744799848452,0.003319661332990309,0.0002823878121274558,0.0010016184066070808,2.601659603935591e-05,0.0012579896226951807,2.8174765044128307,288,True
LEVEL_PLUS_JUMP,act,dxy,asset_price,b,22,0.00012653601754965504,0.00034597261550730674,0.00019736374664025842,0.6411310065991832,0.5214375704661196,-0.00019809845694030548,0.00045117049203961557,-0.00042953170143215984,0.0006826037365314699,2.8174765044128307,287,True
LEVEL_PLUS_JUMP,act,dxy,asset_price,b,23,-0.0008039496801394016,-0.0021981454684627043,0.00015288066392560946,-5.258674704150927,1.4509729767299665e-07,-0.0010554159946881895,-0.0005524833655906138,-0.0012346873587288404,-0.0003732120015499627,2.8174765044128307,286,True
LEVEL_PLUS_JUMP,act,dxy,asset_price,b,24,-0.00022213174051115316,-0.0006073488066089649,0.0001442321886431762,-1.5400982443710736,0.1235364076712128,-0.00045937257912403046,1.510909810172414e-05,-0.0006285025431933412,0.0001842390621710349,2.8174765044128307,285,True
LEVEL_PLUS_JUMP,act,vix,asset_price,b,0,0.009540022231693495,0.026084165658221713,0.07100852984343275,0.13435036963486446,0.8931255250297183,-0.10725861562576873,0.12633866008915573,-0.16435653819190488,0.1834365826552919,2.4489531160133047,309,True
LEVEL_PLUS_JUMP,act,vix,asset_price,b,1,-0.12850915339850802,-0.35136752980600444,0.06192379412321306,-2.075279062242319,0.03796067880285012,-0.2303647307566713,-0.026653576040344754,-0.280157621971917,0.023139315174900976,2.4489531160133047,308,True
LEVEL_PLUS_JUMP,act,vix,asset_price,b,2,-0.1623663511952898,-0.4439393010876805,0.0575887044165882,-2.8194131616637104,0.004811154691798957,-0.2570913405263512,-0.06764136186422844,-0.30339838832346266,-0.021334314067116972,2.4489531160133047,307,True
LEVEL_PLUS_JUMP,act,vix,asset_price,b,3,-0.17923193625371187,-0.49005289536476815,0.07765951850432307,-2.3079197464214842,0.02100360055914948,-0.3069704769328526,-0.05149339557457111,-0.3694164560829667,0.01095258357554299,2.4489531160133047,306,True
LEVEL_PLUS_JUMP,act,vix,asset_price,b,4,-0.12228106996956686,-0.3343388105904425,0.07845919364001784,-1.5585308017644197,0.11910747222179772,-0.2513349591960381,0.006772819256904372,-0.3144239567141798,0.06986181677504608,2.4489531160133047,305,True
LEVEL_PLUS_JUMP,act,vix,asset_price,b,5,-0.1458240251799978,-0.3987095561588166,0.08021362065628825,-1.8179459297174376,0.06907239737251641,-0.27776369004740303,-0.013884360312592547,-0.3422634214329241,0.05061537107292849,2.4489531160133047,304,True
LEVEL_PLUS_JUMP,act,vix,asset_price,b,6,-0.079548411922508,-0.21749990765659072,0.08419845094359339,-0.9447728673274456,0.34477484674838277,-0.2180425393407732,0.058945715495757195,-0.2857464707243144,0.12664964687929842,2.4489531160133047,303,True
LEVEL_PLUS_JUMP,act,vix,asset_price,b,7,-0.13911098261880883,-0.38035486997632306,0.10536508739299229,-1.3202758718355216,0.18674292830015338,-0.31242112877123107,0.03419916353361338,-0.3971451417088915,0.11892317647127382,2.4489531160133047,302,True
LEVEL_PLUS_JUMP,act,vix,asset_price,b,8,-0.0778902672322986,-0.2129662367977289,0.11950535625397123,-0.6517721855643626,0.5145481473716336,-0.274459085906771,0.11867855144217378,-0.3705532818107415,0.21477274734614432,2.4489531160133047,301,True
LEVEL_PLUS_JUMP,act,vix,asset_price,b,9,0.03956873724415721,0.10818816477537996,0.13810223253468235,0.2865177232686669,0.7744816210002416,-0.18758922083061064,0.26672669531892507,-0.2986371554500471,0.37777462993836153,2.4489531160133047,300,True
LEVEL_PLUS_JUMP,act,vix,asset_price,b,10,0.08977681981556698,0.245466245619207,0.13262766607236012,0.6769086908804215,0.4984638896000062,-0.12837627775766328,0.30792991738879727,-0.23502211628191141,0.4145757559130454,2.4489531160133047,299,True
LEVEL_PLUS_JUMP,act,vix,asset_price,b,11,0.3021501707690428,0.8261338303611729,0.1403211019793352,2.1532767809473152,0.03129693247761603,0.07134249724050593,0.5329578442975798,-0.04148962916567078,0.6457899707037564,2.4489531160133047,298,True
LEVEL_PLUS_JUMP,act,vix,asset_price,b,12,0.08323237107608666,0.22757252578119339,0.15437611274451477,0.539153173352877,0.5897811680540974,-0.17069373788639786,0.3371584800385712,-0.294827491267614,0.4612922334197873,2.4489531160133047,297,True
LEVEL_PLUS_JUMP,act,vix,asset_price,b,13,-0.049427705714295056,-0.13514438778499974,0.15975022732960778,-0.3094061682448337,0.757012578864456,-0.3121934465437226,0.2133380351151325,-0.4406485227169718,0.3417931112883817,2.4489531160133047,296,True
LEVEL_PLUS_JUMP,act,vix,asset_price,b,14,-0.045335365148474194,-0.12395518018607957,0.17436542731458954,-0.2600020304866989,0.7948622073469902,-0.3321409706818201,0.2414702403848717,-0.47234812169552964,0.38167739139858126,2.4489531160133047,295,True
LEVEL_PLUS_JUMP,act,vix,asset_price,b,15,0.037057713340231016,0.10132256615400877,0.17023184939060818,0.21768965956070685,0.8276709209544292,-0.24294876155256762,0.3170641882330296,-0.3798321046696065,0.4539475313500685,2.4489531160133047,294,True
LEVEL_PLUS_JUMP,act,vix,asset_price,b,16,0.011102547680659406,0.030356396022697404,0.17640240847548339,0.06293875336856555,0.9498152752764679,-0.2790535937032146,0.30125868906453335,-0.42089868022762744,0.4431037755889462,2.4489531160133047,293,True
LEVEL_PLUS_JUMP,act,vix,asset_price,b,17,0.0026706385769014844,0.00730201433092152,0.17455636118663395,0.015299577504632237,0.9877931795469028,-0.28444902522838456,0.2897903023821875,-0.4248097060710496,0.43015098322485257,2.4489531160133047,292,True
LEVEL_PLUS_JUMP,act,vix,asset_price,b,18,-0.16498000444124045,-0.4510855071011253,0.1538096414411576,-1.0726245955417317,0.28343958475660025,-0.417974351025834,0.08801434214335313,-0.5416526051214525,0.21169259623897158,2.4489531160133047,291,True
LEVEL_PLUS_JUMP,act,vix,asset_price,b,19,-0.23630335056234894,-0.6460965804863735,0.16929899088099945,-1.3957753045819805,0.16278216923143096,-0.514775409752185,0.0421687086274872,-0.6509086418182806,0.1783019406935827,2.4489531160133047,290,True
LEVEL_PLUS_JUMP,act,vix,asset_price,b,20,-0.26388308743987005,-0.7215046254627764,0.17743216023965155,-1.4872336958725643,0.13695309940551229,-0.5557330197478957,0.027966844868155594,-0.6984061291397368,0.17063995425999662,2.4489531160133047,289,True
LEVEL_PLUS_JUMP,act,vix,asset_price,b,21,-0.2523016279909879,-0.689838797072459,0.19099656316751593,-1.3209747013599589,0.18650979977391047,-0.5664630176523424,0.061859761670366664,-0.720043256507908,0.2154400005259322,2.4489531160133047,288,True
LEVEL_PLUS_JUMP,act,vix,asset_price,b,22,-0.29333919652588236,-0.8020430152469901,0.1757869263671229,-1.6687202091084803,0.0951728421466311,-0.5824829599314958,-0.004195433120268877,-0.7238331376070493,0.1371547445552846,2.4489531160133047,287,True
LEVEL_PLUS_JUMP,act,vix,asset_price,b,23,-0.16481856806441278,-0.4506441105200517,0.19031796045881208,-0.8660168891421165,0.38648090002675495,-0.47786375559909666,0.14822661947027113,-0.6308983303633175,0.30126119423449194,2.4489531160133047,286,True
LEVEL_PLUS_JUMP,act,vix,asset_price,b,24,-0.28083254449934764,-0.7678475411309978,0.16647279765780035,-1.6869575597367201,0.09161151288225934,-0.5546559295155391,-0.007009159483156169,-0.6885166210548701,0.1268515320561749,2.4489531160133047,285,True
LEVEL_PLUS_JUMP,act,us10y,asset_price,b,0,-0.006385028571762038,-0.017457835941411117,0.0025295736120104486,-2.524152110634709,0.011597773330175722,-0.01054580690211816,-0.0022242502414059158,-0.013422256533298593,0.0006521993897745165,2.781981883477794,309,True
LEVEL_PLUS_JUMP,act,us10y,asset_price,b,1,0.010434086823570617,0.02852870177745604,0.004500513675509457,2.3184213127381468,0.020426434866270052,0.0030314005812641853,0.017836773065877047,-0.0020862606880407523,0.022954434335181986,2.781981883477794,308,True
LEVEL_PLUS_JUMP,act,us10y,asset_price,b,2,0.0060607622223872275,0.016571232433677162,0.0026319065284655576,2.3028029897098,0.021289930245975044,0.0017316612232433966,0.010389863221531058,-0.0012611540588108872,0.013382678503585342,2.781981883477794,307,True
LEVEL_PLUS_JUMP,act,us10y,asset_price,b,3,-0.00676037795325415,-0.01848410980207625,0.002620852692994245,-2.5794574305244997,0.0098955654156145,-0.011071297011031267,-0.0024494588954770326,-0.014051542664428127,0.0005307867579198277,2.781981883477794,306,True
LEVEL_PLUS_JUMP,act,us10y,asset_price,b,4,-0.004697509779747285,-0.012843850915669593,0.0033115424313015854,-1.4185262237153193,0.15603718809450923,-0.010144512358677395,0.0007494927991828241,-0.013910160829996302,0.004515141270501732,2.781981883477794,305,True
LEVEL_PLUS_JUMP,act,us10y,asset_price,b,5,0.012817639469202224,0.0350457706640671,0.002494876486766584,5.137584781126448,2.7829192836429134e-07,0.008713932831148262,0.016921346107256187,0.005876938281502861,0.019758340656901588,2.781981883477794,304,True
LEVEL_PLUS_JUMP,act,us10y,asset_price,b,6,-0.009630552915229176,-0.026331693105133915,0.0022898434946568022,-4.2057690570126,2.6019583080380317e-05,-0.01339701029256665,-0.005864095537891701,-0.016000856033363882,-0.003260249797094471,2.781981883477794,303,True
LEVEL_PLUS_JUMP,act,us10y,asset_price,b,7,0.0009365693260498651,0.0025607518366083646,0.0031507110935499014,0.2972564917066496,0.7662706956942424,-0.0042458892436519294,0.0061190278957516595,-0.007828651856278469,0.0097017905083782,2.781981883477794,302,True
LEVEL_PLUS_JUMP,act,us10y,asset_price,b,8,-0.004434588077187258,-0.012124974892306278,0.002136380527580606,-2.0757482199153494,0.03791724364758689,-0.007948621336526717,-0.0009205548178477982,-0.010377960001131236,0.00150878384675672,2.781981883477794,301,True
LEVEL_PLUS_JUMP,act,us10y,asset_price,b,9,-0.007016361010841139,-0.019184014301000238,0.0023615751586645107,-2.971051327796379,0.0029678217463636834,-0.010900806475888957,-0.0031319155457933206,-0.013586220318717004,-0.00044650170296527385,2.781981883477794,300,True
LEVEL_PLUS_JUMP,act,us10y,asset_price,b,10,-0.005929246907334426,-0.01621164550807924,0.0043600553229075694,-1.3599017600034529,0.17386101397671005,-0.013100899718928014,0.0012424059042591617,-0.01805884182662421,0.006200348011955356,2.781981883477794,299,True
LEVEL_PLUS_JUMP,act,us10y,asset_price,b,11,-0.008079981944349631,-0.022092148470228796,0.0030532257236483614,-2.646375563315606,0.00813594325844397,-0.013102091349794173,-0.0030578725389050912,-0.01657400059370775,0.00041403670500848866,2.781981883477794,298,True
LEVEL_PLUS_JUMP,act,us10y,asset_price,b,12,-0.00040026671347894024,-0.0010944024037146587,0.0021325594079184703,-0.187693112788651,0.8511172295190774,-0.00390801479028312,0.0031074813633252397,-0.006333008351748255,0.005532474924790375,2.781981883477794,297,True
LEVEL_PLUS_JUMP,act,us10y,asset_price,b,13,0.011668098761507997,0.031902716117427656,0.0026559349540307255,4.393217064220698,1.1168551390585885e-05,0.0072994745194233665,0.01603672300359263,0.004279335835699091,0.019056861687316903,2.781981883477794,296,True
LEVEL_PLUS_JUMP,act,us10y,asset_price,b,14,-0.007176977979825871,-0.01962317047116102,0.002900987569232874,-2.473977501986926,0.013361811090908176,-0.0119486779048197,-0.002405278054832043,-0.01524747284162601,0.0008935168819742684,2.781981883477794,295,True
LEVEL_PLUS_JUMP,act,us10y,asset_price,b,15,0.0009257776293425839,0.0025312453640017447,0.002359922337901372,0.3922915659020619,0.6948427946778355,-0.002955949187478285,0.004807504446163453,-0.005639483561113593,0.007491038819798761,2.781981883477794,294,True
LEVEL_PLUS_JUMP,act,us10y,asset_price,b,16,-0.00505875235788506,-0.013831554195819723,0.002000945595994614,-2.528180860095047,0.011465527170748181,-0.008350014978789375,-0.001767489736980744,-0.010625346755766752,0.0005078420399966333,2.781981883477794,293,True
LEVEL_PLUS_JUMP,act,us10y,asset_price,b,17,0.0030764902053650196,0.008411686913688937,0.0022289087431502604,1.3802674581539025,0.16750431057726445,-0.0005897384249495337,0.006742718835679572,-0.0031242935380042646,0.009277273948734304,2.781981883477794,292,True
LEVEL_PLUS_JUMP,act,us10y,asset_price,b,18,0.0039762880517056785,0.010871898799242847,0.003212194680989176,1.2378726841304664,0.2157632722844831,-0.0013073020197935945,0.009259878123204952,-0.004959979357009941,0.012912555460421297,2.781981883477794,291,True
LEVEL_PLUS_JUMP,act,us10y,asset_price,b,19,-0.012683565385389742,-0.0346791875966796,0.0027036044645197574,-4.691353913577269,2.714030259536305e-06,-0.01713059899469726,-0.008236531776082226,-0.02020494402577339,-0.005162186745006094,2.781981883477794,290,True
LEVEL_PLUS_JUMP,act,us10y,asset_price,b,20,0.0018637213443272102,0.0050957550313344485,0.002917415193580603,0.6388262282407007,0.5229359837182279,-0.0029349996181571754,0.006662442306811596,-0.006252474870796888,0.009979917559451308,2.781981883477794,289,True
LEVEL_PLUS_JUMP,act,us10y,asset_price,b,21,0.02048022424609198,0.05599667893622528,0.002599528085524873,7.878439306016114,3.314954484354186e-15,0.016204381046254174,0.024756067445929782,0.013248384206570069,0.027712064285613888,2.781981883477794,288,True
LEVEL_PLUS_JUMP,act,us10y,asset_price,b,22,0.0010277404103167735,0.0028100302562494867,0.0027167478993762447,0.3782980417699923,0.7052091999694505,-0.003440912225485036,0.005496393046118583,-0.0065302030277242925,0.008585683848357839,2.781981883477794,287,True
LEVEL_PLUS_JUMP,act,us10y,asset_price,b,23,-0.013761954078579493,-0.03762769952191035,0.002827424407917931,-4.867311055263038,1.1312690087602255e-06,-0.018412653370874422,-0.009111254786284566,-0.021627797558310104,-0.0058961105988488815,2.781981883477794,286,True
LEVEL_PLUS_JUMP,act,us10y,asset_price,b,24,0.005051022857240995,0.013810420327327747,0.002163442152201003,2.3347159303992844,0.019558265499378964,0.0014924771864934763,0.008609568527988514,-0.0009676340161344039,0.011069679730616393,2.781981883477794,285,True
LEVEL_PLUS_JUMP,act,ip,real_macro,b,0,0.0077161573797809736,0.0210973855669295,0.01682608681188747,0.4585830006730728,0.6465336463150089,-0.01996029254015247,0.03539260729971441,-0.039913685841357203,0.05534600060091915,2.830714220937464,309,True
LEVEL_PLUS_JUMP,act,ip,real_macro,b,1,-0.012193473782542428,-0.03333918751639641,0.010102780712996522,-1.2069423388410654,0.22745435086530985,-0.028811069280610134,0.004424121715525279,-0.04079155881783441,0.016404611252749557,2.830714220937464,308,True
LEVEL_PLUS_JUMP,act,ip,real_macro,b,2,-0.011970847498848611,-0.03273048653827375,0.013724199490664156,-0.8722437696269092,0.38307540616217506,-0.03454514680807309,0.010603451810375874,-0.05082013416805434,0.02687843917035711,2.830714220937464,307,True
LEVEL_PLUS_JUMP,act,ip,real_macro,b,3,0.019725525467779687,0.05393319444138246,0.009423613247318045,2.0932019332811183,0.03633113225023366,0.00422506103894066,0.035225989896618716,-0.006950030564018179,0.04640108149957756,2.830714220937464,306,True
LEVEL_PLUS_JUMP,act,ip,real_macro,b,4,0.00694055065630585,0.018976734925933627,0.012475278502614314,0.5563443457275435,0.5779754771624206,-0.013579456435949034,0.027460557748560734,-0.028373397611199915,0.04225449892381161,2.830714220937464,305,True
LEVEL_PLUS_JUMP,act,ip,real_macro,b,5,0.012223042457921034,0.03342003368301303,0.010587937099498887,1.1544309663966115,0.24832352569103944,-0.005192564282123762,0.02963864919796583,-0.01774838166002183,0.0421944665758639,2.830714220937464,304,True
LEVEL_PLUS_JUMP,act,ip,real_macro,b,6,0.008309309828823738,0.022719172850612264,0.012594819670873485,0.6597402778254676,0.5094205145163844,-0.012407324987612262,0.02902594464525974,-0.027343025323660744,0.04396164498130822,2.830714220937464,303,True
LEVEL_PLUS_JUMP,act,ip,real_macro,b,7,0.01798034858459968,0.04916156164868973,0.011474241403322457,1.5670185027999612,0.11711036678954094,-0.0008930990041720113,0.036853796173371374,-0.01449994973025464,0.050460646899454,2.830714220937464,302,True
LEVEL_PLUS_JUMP,act,ip,real_macro,b,8,0.02340383268457467,0.06399035913707532,0.009956858153539154,2.350523862414953,0.01874700557264473,0.007026258437684455,0.03978140693146488,-0.004781187286505752,0.05158885265565509,2.830714220937464,301,True
LEVEL_PLUS_JUMP,act,ip,real_macro,b,9,0.021512381539930292,0.05881878575987376,0.018198359893107627,1.1821055120509956,0.23716383756177295,-0.008421256734815995,0.05144601981467658,-0.03000197460722745,0.07302673768708803,2.830714220937464,300,True
LEVEL_PLUS_JUMP,act,ip,real_macro,b,10,-0.004186439740840575,-0.011446491954229308,0.012555681158655027,-0.3334299181334921,0.7388097825698567,-0.02483869743350056,0.01646581795181941,-0.03972798495020194,0.031355105468520786,2.830714220937464,299,True
LEVEL_PLUS_JUMP,act,ip,real_macro,b,11,-0.0032708459194378385,-0.008943090983760737,0.013495587790505224,-0.24236409485913843,0.8084980532465207,-0.02546911244449236,0.018927420605616682,-0.04147299819793098,0.0349313063590553,2.830714220937464,298,True
LEVEL_PLUS_JUMP,act,ip,real_macro,b,12,-0.0033809357570570597,-0.009244096735320369,0.01634629554305976,-0.20683192397634845,0.8361411234668259,-0.030268199268279592,0.02350632775416547,-0.049652627010443005,0.04289075549632889,2.830714220937464,297,True
LEVEL_PLUS_JUMP,act,ip,real_macro,b,13,-0.009475726437923559,-0.025908369198308835,0.017713830410252148,-0.5349337900649279,0.5926956417288428,-0.03861238463543009,0.019660931759582972,-0.05961851808749882,0.04066706521165171,2.830714220937464,296,True
LEVEL_PLUS_JUMP,act,ip,real_macro,b,14,-0.017199978940063823,-0.047027888310372204,0.008898975164425336,-1.9328044659370096,0.05326028999142117,-0.03183749051541991,-0.002562467364707735,-0.04239043448977193,0.007990476609644283,2.830714220937464,295,True
LEVEL_PLUS_JUMP,act,ip,real_macro,b,15,0.035359175243347786,0.09667845233331822,0.01307668653400457,2.703985841627381,0.006851320836589719,0.013849939969382892,0.05686841051731268,-0.0016571872912003877,0.07237553777789596,2.830714220937464,294,True
LEVEL_PLUS_JUMP,act,ip,real_macro,b,16,0.01174431411814949,0.03211110284232779,0.014784205581357122,0.7943824951243282,0.42697279166816726,-0.012573540053941972,0.036062168290240955,-0.030105546866261143,0.05359417510256012,2.830714220937464,293,True
LEVEL_PLUS_JUMP,act,ip,real_macro,b,17,0.009827950601364372,0.02687141448320308,0.01001177479613989,0.9816391999901564,0.3262776283483225,-0.006639953484287661,0.026295854687016403,-0.01851252269089209,0.03816842389362084,2.830714220937464,292,True
LEVEL_PLUS_JUMP,act,ip,real_macro,b,18,-0.01802518561735596,-0.04928415429697021,0.015517959071159628,-1.1615693490812238,0.24541043845535737,-0.04354995687843737,0.007499585643725451,-0.061952093040013034,0.025901721805301117,2.830714220937464,291,True
LEVEL_PLUS_JUMP,act,ip,real_macro,b,19,-0.005317925673117104,-0.014540181442645655,0.01047505408197524,-0.5076752474498274,0.6116811100876884,-0.022547856372366903,0.011912005026132693,-0.03496981022805345,0.02433395888181924,2.830714220937464,290,True
LEVEL_PLUS_JUMP,act,ip,real_macro,b,20,-0.004939978377710172,-0.013506804410177122,0.012594731823944088,-0.39222576921556074,0.6948914054276478,-0.025656468698805737,0.01577651194338539,-0.040592064860642346,0.030712108105222,2.830714220937464,289,True
LEVEL_PLUS_JUMP,act,ip,real_macro,b,21,0.0035666473717350902,0.009751866256634963,0.008972632886082956,0.3975028753563689,0.690996666616851,-0.011192020374242518,0.0183253151177127,-0.021832312138151094,0.028965606881621274,2.830714220937464,288,True
LEVEL_PLUS_JUMP,act,ip,real_macro,b,22,0.00572040556048002,0.015640635068550162,0.016571614618813308,0.3451930117893158,0.7299492720435212,-0.02153747484971709,0.032978285970677125,-0.04118909960488998,0.05262991072585002,2.830714220937464,287,True
LEVEL_PLUS_JUMP,act,ip,real_macro,b,23,-0.001996041122380843,-0.0054575415059134914,0.011780995692462382,-0.16942889841288486,0.8654592944355852,-0.02137405461622726,0.017381972371465576,-0.035344673165837115,0.031352590921075424,2.830714220937464,286,True
LEVEL_PLUS_JUMP,act,ip,real_macro,b,24,0.012955749198107795,0.03542338792326142,0.013855602632760295,0.9350549046113029,0.3497600049157158,-0.009834689045986346,0.035746187442201934,-0.026265502214105334,0.05217700061032093,2.830714220937464,285,True
LEVEL_PLUS_JUMP,act,cpi,real_macro,b,0,-0.009543838998749448,-0.026094601397442067,0.002906149104649775,-3.2840156010851316,0.001023392570470899,-0.014324028893994405,-0.004763649103504492,-0.017758754750501517,-0.00132892324699738,2.826735812903881,309,True
LEVEL_PLUS_JUMP,act,cpi,real_macro,b,1,6.38440234366289e-05,0.00017456123719250487,0.00414835493442719,0.015390202729951449,0.9877208795914053,-0.006759592636337971,0.006887280683211229,-0.01166245943434524,0.011790147481218496,2.826735812903881,308,True
LEVEL_PLUS_JUMP,act,cpi,real_macro,b,2,-0.00680166390389229,-0.018596993142350318,0.004198510960681575,-1.6200181368082285,0.10522838095896549,-0.01370759988536489,0.00010427207758030837,-0.018669745197320377,0.005066417389535796,2.826735812903881,307,True
LEVEL_PLUS_JUMP,act,cpi,real_macro,b,3,-0.0029748869051239974,-0.008133884907514953,0.002753598416623709,-1.0803633845677536,0.27998039423924737,-0.007504153247875336,0.0015543794376273409,-0.010758582163749657,0.0048088083535016615,2.826735812903881,306,True
LEVEL_PLUS_JUMP,act,cpi,real_macro,b,4,0.0003260519267856538,0.000891485602958563,0.002653502562022038,0.12287605501205687,0.9022052472475173,-0.004038571386481319,0.004690675240052627,-0.007174698794914242,0.00782680264848555,2.826735812903881,305,True
LEVEL_PLUS_JUMP,act,cpi,real_macro,b,5,0.0008980217438689655,0.0024553556965459097,0.0024059785386299774,0.37324594939251654,0.7089654004175361,-0.0030594607817639556,0.004855504269501886,-0.005903043956354536,0.007699087444092466,2.826735812903881,304,True
LEVEL_PLUS_JUMP,act,cpi,real_macro,b,6,0.0035823663033899256,0.009794844690782931,0.0028617941921700446,1.2517903325093704,0.21064627375036782,-0.0011248662531896307,0.008289598859969481,-0.00450716982877747,0.011671902435557322,2.826735812903881,303,True
LEVEL_PLUS_JUMP,act,cpi,real_macro,b,7,-0.000322851313592366,-0.0008827345410937114,0.0031311816504215493,-0.1031084586066416,0.9178768918102215,-0.005473186807932149,0.004827484180747416,-0.00917387462154644,0.008528171994361707,2.826735812903881,302,True
LEVEL_PLUS_JUMP,act,cpi,real_macro,b,8,-0.0004699746152100853,-0.0012849965566718324,0.002838644120365084,-0.16556306295614148,0.8685008175323075,-0.005139128692217065,0.004199179461796895,-0.008494071610335104,0.007554122379914933,2.826735812903881,301,True
LEVEL_PLUS_JUMP,act,cpi,real_macro,b,9,0.0013417111501889574,0.003668483684529045,0.0028251808300533373,0.474911600672169,0.6348499825303663,-0.003305297784918045,0.00598872008529596,-0.006644328680052323,0.009327750980430238,2.826735812903881,300,True
LEVEL_PLUS_JUMP,act,cpi,real_macro,b,10,0.00022399815942941308,0.0006124519373008195,0.0026033079867681976,0.08604366466354571,0.931431706529589,-0.004058062424677992,0.0045060587435368175,-0.007134865758786954,0.00758286207764578,2.826735812903881,299,True
LEVEL_PLUS_JUMP,act,cpi,real_macro,b,11,-0.00187060230419343,-0.005114568834141089,0.0025349512732557797,-0.7379243632525176,0.4605604130528316,-0.006040226100153452,0.002299021491766592,-0.009036239852271834,0.005295035243884975,2.826735812903881,298,True
LEVEL_PLUS_JUMP,act,cpi,real_macro,b,12,0.0019526386505981325,0.005338871209716965,0.002708582506592426,0.7209079457042937,0.4709661538594395,-0.0025025831092677295,0.006407860410463994,-0.005703808522991641,0.009609085824187905,2.826735812903881,297,True
LEVEL_PLUS_JUMP,act,cpi,real_macro,b,13,0.000363278289001872,0.0009932692859855187,0.003078337440365212,0.11801119794026638,0.9060587852126273,-0.004700136214763359,0.005426692792767102,-0.008338368397881338,0.009064924975885083,2.826735812903881,296,True
LEVEL_PLUS_JUMP,act,cpi,real_macro,b,14,0.0007425477720688218,0.0020302614213455945,0.0034472987675216917,0.21539988905651167,0.8294555564951818,-0.004927754108874573,0.006412849653012216,-0.009002055111864153,0.010487150656001797,2.826735812903881,295,True
LEVEL_PLUS_JUMP,act,cpi,real_macro,b,15,0.007516932446070085,0.020552668159783523,0.00337040901335367,2.2302730666479214,0.02572932009054289,0.0019731029561453678,0.013060761935994803,-0.0020103234161107696,0.01704418830825094,2.826735812903881,294,True
LEVEL_PLUS_JUMP,act,cpi,real_macro,b,16,0.00761669622955612,0.020825440590700465,0.0026047706904205343,2.924133113739245,0.003454169999294998,0.0033322297120410137,0.011901162747071226,0.0002536976345420281,0.014979694824570212,2.826735812903881,293,True
LEVEL_PLUS_JUMP,act,cpi,real_macro,b,17,-0.0015775456191248198,-0.0043132982568898255,0.002360545784615304,-0.6682969800485827,0.503944040678604,-0.005460297914534311,0.002305206676284672,-0.008250184926496191,0.005095093688246551,2.826735812903881,292,True
LEVEL_PLUS_JUMP,act,cpi,real_macro,b,18,-0.01331563199799942,-0.036407373320982185,0.00282431295101544,-4.714644668967008,2.4213291979256142e-06,-0.017961213399123183,-0.008670050596875659,-0.02129921856348301,-0.005332045432515833,2.826735812903881,291,True
LEVEL_PLUS_JUMP,act,cpi,real_macro,b,19,-0.008767806362976988,-0.023972786234325617,0.0028939601741127174,-3.029691438537222,0.002448037028363262,-0.013527947251619404,-0.004007665474334571,-0.016948267228258956,-0.0005873454976950201,2.826735812903881,290,True
LEVEL_PLUS_JUMP,act,cpi,real_macro,b,20,-0.0013985109653908057,-0.003823784768017022,0.0028321922870270795,-0.49379096602893685,0.6214538139006867,-0.006057052720931283,0.003260030790149671,-0.009404370332160399,0.006607348401378787,2.826735812903881,289,True
LEVEL_PLUS_JUMP,act,cpi,real_macro,b,21,0.0022768945872835627,0.006225446247253665,0.002840279116412044,0.8016446602472748,0.42275853583055556,-0.0023949488189013105,0.006948737993468436,-0.005751824109721352,0.010305613284288476,2.826735812903881,288,True
LEVEL_PLUS_JUMP,act,cpi,real_macro,b,22,0.008574342543808417,0.023443820768050235,0.0027739259301437238,3.0910495664764053,0.0019945033663236805,0.004011640416716777,0.013137044670900058,0.0007331867747284448,0.01641549831288839,2.826735812903881,287,True
LEVEL_PLUS_JUMP,act,cpi,real_macro,b,23,0.005580267121312464,0.01525747094444704,0.0030137340390873502,1.8516123350427889,0.06408151048481084,0.0006231157564525261,0.010537418486172402,-0.002938762817543212,0.014099297060168142,2.826735812903881,286,True
LEVEL_PLUS_JUMP,act,cpi,real_macro,b,24,-0.006893609157663801,-0.01884838828301317,0.002907969011083017,-2.3705923726802056,0.0177596055287535,-0.011676792532606187,-0.0021104257827214137,-0.015113669304106847,0.0013264509887792458,2.826735812903881,285,True
LEVEL_PLUS_JUMP,act,infl_exp,real_macro,b,0,-0.03662528375684573,-0.10014022458135866,0.005921339916155218,-6.185303373130262,6.198315068431741e-10,-0.04636502119434617,-0.026885546319345296,-0.053147204024385344,-0.020103363489306122,2.7902333764800065,309,True
LEVEL_PLUS_JUMP,act,infl_exp,real_macro,b,1,-0.015980279514239946,-0.043693006996287434,0.0047958373449942795,-3.3321145745110767,0.0008618876442766024,-0.023868729965423108,-0.008091829063056786,-0.029361784942412244,-0.0025987740860676477,2.7902333764800065,308,True
LEVEL_PLUS_JUMP,act,infl_exp,real_macro,b,2,0.031801035456895506,0.08694984737088979,0.005932483176047439,5.360493154922553,8.299507191628937e-08,0.022042968987945284,0.04155910192584573,0.015248022893681826,0.04835404802010919,2.7902333764800065,307,True
LEVEL_PLUS_JUMP,act,infl_exp,real_macro,b,3,0.0031223729066158367,0.008537138610886981,0.003075564454889987,1.0152194669994403,0.3100012229978769,-0.0019364804419329863,0.00818122625516466,-0.005459169686933742,0.011703915500165415,2.7902333764800065,306,True
LEVEL_PLUS_JUMP,act,infl_exp,real_macro,b,4,-0.0013596894501280196,-0.0037176396448061364,0.002954048627830909,-0.4602799822988725,0.6453152675866951,-0.006218667049806711,0.003499288149550671,-0.009602174527246786,0.006882795626990747,2.7902333764800065,305,True
LEVEL_PLUS_JUMP,act,infl_exp,real_macro,b,5,0.00766475876233861,0.020956852345998818,0.003475765812472019,2.205199997892641,0.02744006334588902,0.0019476327592600788,0.01338188476541714,-0.002033439016448965,0.017362956541126184,2.7902333764800065,304,True
LEVEL_PLUS_JUMP,act,infl_exp,real_macro,b,6,0.0039415972882837,0.010777047907082143,0.0034967585810310713,1.1272145894388457,0.25965176352520847,-0.0018100587462989417,0.00969325332286634,-0.005815175214002062,0.013698369790569462,2.7902333764800065,303,True
LEVEL_PLUS_JUMP,act,infl_exp,real_macro,b,7,0.0007931194905832702,0.0021685337493669585,0.0032618376089214142,0.24315112696414384,0.8078883258075298,-0.004572125930977835,0.006158364912144376,-0.008308168674486999,0.00989440765565354,2.7902333764800065,302,True
LEVEL_PLUS_JUMP,act,infl_exp,real_macro,b,8,0.001352839131457184,0.003698909620631972,0.004815192156490063,0.2809522626493287,0.7787470145016318,-0.006567447151613778,0.009273125414528145,-0.01208267073774613,0.014788349000660497,2.7902333764800065,301,True
LEVEL_PLUS_JUMP,act,infl_exp,real_macro,b,9,-2.214516646522035e-06,-6.054893548242439e-06,0.0027877618255930893,-0.0007943708196990259,0.9993661838540688,-0.004587674666550173,0.004583245633257129,-0.007780720608093194,0.0077762915748001505,2.7902333764800065,300,True
LEVEL_PLUS_JUMP,act,infl_exp,real_macro,b,10,-0.0006492420572172658,-0.001775146531260611,0.004149383980427117,-0.1564670949422319,0.8756648541926966,-0.007474371347037145,0.006175887232602613,-0.012226991731236468,0.010928507616801938,2.7902333764800065,299,True
LEVEL_PLUS_JUMP,act,infl_exp,real_macro,b,11,-0.004668720191742347,-0.012765134916428212,0.004023524697629566,-1.1603557931414947,0.24590397738713865,-0.011286829383767164,0.0019493890002824695,-0.015895293094159987,0.006557852710675292,2.7902333764800065,298,True
LEVEL_PLUS_JUMP,act,infl_exp,real_macro,b,12,0.0048849862122967574,0.013356445771831139,0.005987864287145755,0.8158144503681282,0.4146062671979325,-0.004964174078108129,0.014734146502701644,-0.011822552575529988,0.021592525000123503,2.7902333764800065,297,True
LEVEL_PLUS_JUMP,act,infl_exp,real_macro,b,13,-0.005364556034307887,-0.014667677378867093,0.0038622543879411396,-1.388970144239407,0.16484182889050192,-0.011717399172522108,0.000988287103906335,-0.016141147135997614,0.00541203506738184,2.7902333764800065,296,True
LEVEL_PLUS_JUMP,act,infl_exp,real_macro,b,14,0.006731958190376745,0.01840640497237482,0.003781145084152225,1.7804019789116674,0.07501019814822613,0.0005125279846792284,0.012951388396074261,-0.003818319024738096,0.017282235405491585,2.7902333764800065,295,True
LEVEL_PLUS_JUMP,act,infl_exp,real_macro,b,15,-0.001492475785494758,-0.0040807017724128715,0.0033500159442632,-0.445513039438089,0.6559490387171444,-0.007002761661761343,0.004017810090771828,-0.010839802084918124,0.007854850513928608,2.7902333764800065,294,True
LEVEL_PLUS_JUMP,act,infl_exp,real_macro,b,16,-0.0029447630136113863,-0.008051520678438544,0.0031511006080023195,-0.9345188808421628,0.3500363012276898,-0.00812786227757299,0.002238336250350218,-0.011737069102705899,0.005847543075483127,2.7902333764800065,293,True
LEVEL_PLUS_JUMP,act,infl_exp,real_macro,b,17,0.01299859754890102,0.03554054315132358,0.0037106083241763674,3.503090710008117,0.00045989282040710206,0.006895189988683199,0.019102005109118844,0.002645134355739577,0.023352060742062464,2.7902333764800065,292,True
LEVEL_PLUS_JUMP,act,infl_exp,real_macro,b,18,-0.012380506766442322,-0.03385056990284294,0.004787824105370155,-2.5858315790164483,0.00971443854680217,-0.020255776611366107,-0.004505236921518536,-0.025739653385961656,0.0009786398530770117,2.7902333764800065,291,True
LEVEL_PLUS_JUMP,act,infl_exp,real_macro,b,19,-0.011140859940667804,-0.030461148748899644,0.0042644806839459565,-2.6124775245456338,0.008988860244860451,-0.018155306460720805,-0.004126413420614802,-0.023039756278368097,0.0007580363970324903,2.7902333764800065,290,True
LEVEL_PLUS_JUMP,act,infl_exp,real_macro,b,20,0.005723553182918485,0.015649241243999284,0.005454464223413006,1.049333710605421,0.29402455597573707,-0.003248242078039443,0.014695348443876413,-0.009495674944064583,0.020942781309901553,2.7902333764800065,289,True
LEVEL_PLUS_JUMP,act,infl_exp,real_macro,b,21,-0.007775023076740471,-0.021258335148994115,0.0031152860010398298,-2.4957654206211886,0.012568568723134112,-0.012899212554541982,-0.002650833598938959,-0.016467398054122732,0.0009173519006417906,2.7902333764800065,288,True
LEVEL_PLUS_JUMP,act,infl_exp,real_macro,b,22,0.011211097574766852,0.03065319128703909,0.0036563622334560386,3.0661889766239008,0.0021680623900592858,0.005196916893618301,0.017225278255915404,0.0010089936344768319,0.021413201515056872,2.7902333764800065,287,True
LEVEL_PLUS_JUMP,act,infl_exp,real_macro,b,23,0.007320903051079038,0.02001668793996387,0.0032593128128371876,2.2461492564459595,0.024694449232542198,0.0019598105495143847,0.012681995552643691,-0.001773340343688216,0.016415146445846292,2.7902333764800065,286,True
LEVEL_PLUS_JUMP,act,infl_exp,real_macro,b,24,-0.004124458301942382,-0.011277023363832909,0.004068883424371836,-1.0136585081886749,0.3107457290299407,-0.010817175960163123,0.002568259356278359,-0.015477592637630941,0.007228676033746178,2.7902333764800065,285,True
LEVEL_PLUS_JUMP,act,freight,physical_channel,b,0,6.798731139071295e-05,0.0001858897442692497,0.0004055410279707522,0.1676459512146234,0.8668618189135232,-0.0005990683193446073,0.0007350429421260332,-0.0010646651975929177,0.0012006398203743436,2.792941850177778,309,True
LEVEL_PLUS_JUMP,act,freight,physical_channel,b,1,-0.0006172284348889198,-0.0016876154325008875,0.0006902193091890895,-0.8942497358036482,0.3711882868396913,-0.0017525381690005333,0.0005180812992226936,-0.0025449708293239235,0.0013105139595460836,2.792941850177778,308,True
LEVEL_PLUS_JUMP,act,freight,physical_channel,b,2,-0.0001694682017425761,-0.0004633570594174181,0.00023363014092055726,-0.7253695994653423,0.46822531807365675,-0.0005537555864009383,0.00021481918291578605,-0.0008219835997825322,0.00048304719629738006,2.792941850177778,307,True
LEVEL_PLUS_JUMP,act,freight,physical_channel,b,3,6.184058995792391e-05,0.00016908348363233396,0.0003094570456880908,0.19983577953579548,0.8416090176558527,-0.0004471709540278197,0.0005708521339436675,-0.0008024549437767216,0.0009261361236925695,2.792941850177778,306,True
LEVEL_PLUS_JUMP,act,freight,physical_channel,b,4,-7.276573744763018e-05,-0.0001989548350863459,0.0002606169612822685,-0.279205685960014,0.7800869803252615,-0.000501442491457841,0.00035591101656258056,-0.0008006537554790395,0.000655122280583779,2.792941850177778,305,True
LEVEL_PLUS_JUMP,act,freight,physical_channel,b,5,-0.0004951797420232238,-0.0013539119834143634,0.00026552639323255674,-1.8648983854103314,0.06219564881067298,-0.0009319317929831376,-5.8427691063309985e-05,-0.001236779518009193,0.0002464200339627454,2.792941850177778,304,True
LEVEL_PLUS_JUMP,act,freight,physical_channel,b,6,-0.00024414838356270213,-0.000667546335571389,0.0002166434050206824,-1.1269596853843482,0.25975952639444366,-0.0006004950740660883,0.00011219830694068406,-0.0008492208160099805,0.0003609240488845763,2.792941850177778,303,True
LEVEL_PLUS_JUMP,act,freight,physical_channel,b,7,0.0006636733653066025,0.0018146043670732505,0.0004077293315362739,1.627730246450416,0.10358209670153246,-6.981704485336908e-06,0.001334328435098542,-0.0004750909482860669,0.001802437678899272,2.792941850177778,302,True
LEVEL_PLUS_JUMP,act,freight,physical_channel,b,8,0.0009569786672833045,0.0026165547084234446,0.0003102214866615461,3.084823935252993,0.0020367268208124527,0.00044670972978978264,0.0014672476047768264,9.054809436190509e-05,0.001823409240204704,2.792941850177778,301,True
LEVEL_PLUS_JUMP,act,freight,physical_channel,b,9,-4.074782089713729e-05,-0.00011141199513785639,0.00036762866752175136,-0.11083961751901836,0.9117435286541383,-0.0006454431680416269,0.0005639475262473523,-0.0010675133117437287,0.0009860176699494543,2.792941850177778,300,True
LEVEL_PLUS_JUMP,act,freight,physical_channel,b,10,4.00465178044527e-05,0.00010949450421362813,0.0002672820730979359,0.14982867103765352,0.8808997884646408,-0.00039959336954979567,0.0004796864051587011,-0.0007064567699530484,0.0007865498055619538,2.792941850177778,299,True
LEVEL_PLUS_JUMP,act,freight,physical_channel,b,11,0.0008010129640229543,0.002190115949472895,0.00044650856233201713,1.7939476005553796,0.07282153280616495,6.657173580624837e-05,0.0015354541922396603,-0.0004460594861768493,0.002048085414222758,2.792941850177778,298,True
LEVEL_PLUS_JUMP,act,freight,physical_channel,b,12,0.00036588845411119724,0.001000405954795447,0.00021308814627852443,1.7170755882072846,0.08596536189835118,1.5389643844600503e-05,0.0007163872643777939,-0.0002292543474068977,0.0009610312556292923,2.792941850177778,297,True
LEVEL_PLUS_JUMP,act,freight,physical_channel,b,13,0.00037795027884827,0.0010333851897428264,0.000336886336914779,1.1218925715704486,0.2619081195011562,-0.00017617843429639993,0.0009320789919929399,-0.0005629536702741072,0.001318854227970647,2.792941850177778,296,True
LEVEL_PLUS_JUMP,act,freight,physical_channel,b,14,0.0005212285060563479,0.0014251340686181754,0.00032090809387322566,1.624229852744875,0.10432676185147453,-6.618336069110918e-06,0.0010490753481818067,-0.0003750491393829631,0.0014175061514956587,2.792941850177778,295,True
LEVEL_PLUS_JUMP,act,freight,physical_channel,b,15,0.0005862502243169541,0.0016029153388606454,0.0003193500558284823,1.8357605192711146,0.06639308291556441,6.0966126720319864e-05,0.0011115343219135882,-0.0003056759114630239,0.0014781763600969322,2.792941850177778,294,True
LEVEL_PLUS_JUMP,act,freight,physical_channel,b,16,-0.0006896214392870108,-0.0018855511472566564,0.0002851810107280042,-2.4181884955332733,0.015597994381357205,-0.0011587024591206553,-0.00022054041945336638,-0.0014861154190252517,0.00010687254045123004,2.792941850177778,293,True
LEVEL_PLUS_JUMP,act,freight,physical_channel,b,17,-0.0002644389050725379,-0.000723024332529926,0.00040793301015000727,-0.6482410064713738,0.5168290833960298,-0.000935428996371009,0.0004065511862259333,-0.0014037720811894893,0.0008748942710444137,2.792941850177778,292,True
LEVEL_PLUS_JUMP,act,freight,physical_channel,b,18,-0.0005942642891466303,-0.0016248272578830705,0.00037017145477695457,-1.6053757832426654,0.10841113051436176,-0.0012031421491304067,1.4613570837146233e-05,-0.0016281316369343773,0.0004396030586411168,2.792941850177778,291,True
LEVEL_PLUS_JUMP,act,freight,physical_channel,b,19,0.0022050494089117323,0.006029008389051458,0.00038325954612509426,5.753410270417671,8.746088030846327e-09,0.0015746435544040961,0.0028354552634193685,0.0011346277830588162,0.0032754710347646485,2.792941850177778,290,True
LEVEL_PLUS_JUMP,act,freight,physical_channel,b,20,0.00016472122068121912,0.0004503779449694954,0.00027861337105862386,0.5912179306231489,0.5543744101682573,-0.00029355699322173467,0.0006229994345841729,-0.0006134297233675216,0.0009428721647299598,2.792941850177778,289,True
LEVEL_PLUS_JUMP,act,freight,physical_channel,b,21,0.0005991154956552496,0.0016380913437667158,0.00030513123377184654,1.9634682698632604,0.04959178789705354,9.721927908945029e-05,0.001101011712221049,-0.0002530982969425195,0.0014513292882530186,2.792941850177778,288,True
LEVEL_PLUS_JUMP,act,freight,physical_channel,b,22,-0.00014757486089970862,-0.0004034966612455898,0.00029668242108757143,-0.4974169361256126,0.618895064915694,-0.0006355740172783444,0.0003404242954789272,-0.000976191610967253,0.0006810418891678357,2.792941850177778,287,True
LEVEL_PLUS_JUMP,act,freight,physical_channel,b,23,-0.0001799616129934647,-0.000492047965029641,0.00029111196933357325,-0.6181869244519249,0.5364521282218231,-0.0006587981916007784,0.000298874965613849,-0.0009930204152328714,0.0006330971892459418,2.792941850177778,286,True
LEVEL_PLUS_JUMP,act,freight,physical_channel,b,24,4.514401398893056e-05,0.00012343199111762568,0.0003018845027944707,0.14954068052862438,0.8811270118062958,-0.0004514118053529964,0.0005416998333308575,-0.000798001847785857,0.0008882898757637182,2.792941850177778,285,True
LEVEL_PLUS_JUMP,threat,oil,asset_price,a,0,-0.0025556100589613426,-0.00260113526273277,0.01185919711603106,-0.21549604361552543,0.8293805963465728,-0.02206225344799747,0.016951033330074784,-0.03558495167892887,0.030473731561006183,2.785124599650935,309,True
LEVEL_PLUS_JUMP,threat,oil,asset_price,a,1,-0.008239218589063376,-0.00838599063038837,0.013194046704003174,-0.6244648646395601,0.5323223378981878,-0.029941494164310113,0.013463056986183363,-0.04498628263332595,0.0285078454551992,2.785124599650935,308,True
LEVEL_PLUS_JUMP,threat,oil,asset_price,a,2,0.003914621866483637,0.00398435627589983,0.00880518223515089,0.4445815841103434,0.6566221584985313,-0.010568614068972975,0.018397857801940247,-0.02060890778104451,0.02843815151401178,2.785124599650935,307,True
LEVEL_PLUS_JUMP,threat,oil,asset_price,a,3,-0.0048021084631838015,-0.004887652408181338,0.00775995332835071,-0.6188321321005206,0.5360269519589342,-0.017566095840295615,0.007961878913928013,-0.02641454537011651,0.016810328443748912,2.785124599650935,306,True
LEVEL_PLUS_JUMP,threat,oil,asset_price,a,4,0.0030206478361273193,0.0030744571439202725,0.008199146756174896,0.36841002191507616,0.7125675257655273,-0.010465748443674356,0.016507044115928994,-0.01981499749064355,0.025856293162898187,2.785124599650935,305,True
LEVEL_PLUS_JUMP,threat,oil,asset_price,a,5,-0.010413665155969202,-0.01059917241932126,0.012266148938418594,-0.8489759262055543,0.39589468809274675,-0.030589684726053976,0.009762354414115573,-0.044576418307341034,0.023749087995402627,2.785124599650935,304,True
LEVEL_PLUS_JUMP,threat,oil,asset_price,a,6,0.006023688941643469,0.006130993913919039,0.008120627004847456,0.7417763355031257,0.4582228606790898,-0.0073335538403999385,0.01938093172368688,-0.01659326909414687,0.028640646977433806,2.785124599650935,303,True
LEVEL_PLUS_JUMP,threat,oil,asset_price,a,7,-0.0019040959031649991,-0.0019380151443606443,0.007285258448492065,-0.2613628489129466,0.7938127038303922,-0.013887279685446027,0.010079087879116029,-0.022194448422875053,0.018386256616545055,2.785124599650935,302,True
LEVEL_PLUS_JUMP,threat,oil,asset_price,a,8,0.001690715528991688,0.001720833648423471,0.008502336170849813,0.19885305579756912,0.8423776921163243,-0.012294382959191318,0.015675814017174695,-0.021989350094944057,0.025370781152927437,2.785124599650935,301,True
LEVEL_PLUS_JUMP,threat,oil,asset_price,a,9,-0.008853122453303152,-0.009010830473854547,0.006824144264938972,-1.2973234605822515,0.19451991546839165,-0.020077840898328106,0.0023715959917218043,-0.02785921451715153,0.010152969610545225,2.785124599650935,300,True
LEVEL_PLUS_JUMP,threat,oil,asset_price,a,10,0.014311457801043771,0.01456639968091863,0.006840369286856854,2.0922054352448387,0.03642014250642067,0.003060051569869819,0.025562864032217723,-0.004739822970477975,0.03336273857256552,2.785124599650935,299,True
LEVEL_PLUS_JUMP,threat,oil,asset_price,a,11,-0.007100116364863348,-0.007226596632530873,0.007323247326826008,-0.969531144859016,0.33228024860174465,-0.01914578629145578,0.0049455535617290835,-0.02749627264413441,0.013296039914407715,2.785124599650935,298,True
LEVEL_PLUS_JUMP,threat,oil,asset_price,a,12,-0.0015379258472022783,-0.0015653221971789583,0.007459506348797913,-0.2061699226853145,0.8366581813460618,-0.013807721920290058,0.010731870225885502,-0.022313580480491674,0.019237728786087115,2.785124599650935,297,True
LEVEL_PLUS_JUMP,threat,oil,asset_price,a,13,0.004992872578260222,0.005081814762821215,0.005105909974959912,0.9778614591220681,0.32814284916491376,-0.0034056019629402894,0.013391347119460733,-0.009227722896603717,0.019213468053124162,2.785124599650935,296,True
LEVEL_PLUS_JUMP,threat,oil,asset_price,a,14,-0.004616780236101603,-0.0046990227755216605,0.008677272875304981,-0.532054287383389,0.5946883966318441,-0.01888962399709463,0.009656063524891425,-0.028784066378997303,0.0195505059067941,2.785124599650935,295,True
LEVEL_PLUS_JUMP,threat,oil,asset_price,a,15,-0.0014752344848773897,-0.0015015140615675738,0.00712320532140139,-0.20710262000241741,0.8359297159912793,-0.013191864593304493,0.010241395623549716,-0.021314248853876845,0.018363779884122064,2.785124599650935,294,True
LEVEL_PLUS_JUMP,threat,oil,asset_price,a,16,-0.00017735967609392174,-0.00018051913125676915,0.008575403164558444,-0.020682371742816383,0.9834990313244452,-0.01428264267388901,0.013927923321701166,-0.024060925981630118,0.023706206629442273,2.785124599650935,293,True
LEVEL_PLUS_JUMP,threat,oil,asset_price,a,17,-0.0007441582478185545,-0.0007574145565231371,0.010570207024634166,-0.07040148277931291,0.9438741110915904,-0.018130601609915992,0.01664228511427888,-0.030183501855530287,0.028695185359893176,2.785124599650935,292,True
LEVEL_PLUS_JUMP,threat,oil,asset_price,a,18,-0.0007319453470883279,-0.0007449840972524618,0.009057287147827702,-0.08081286759953035,0.9355907746772164,-0.01562985696253368,0.014165966268357023,-0.025957618588605513,0.024493727894428857,2.785124599650935,291,True
LEVEL_PLUS_JUMP,threat,oil,asset_price,a,19,0.005889418924549642,0.005994332033533253,0.0075323722080043905,0.7818810279039532,0.43428449571695626,-0.006500230821334848,0.018279068670434134,-0.015089176205690415,0.0268680140547897,2.785124599650935,290,True
LEVEL_PLUS_JUMP,threat,oil,asset_price,a,20,0.006427763936133676,0.006542267031768715,0.009308840307120186,0.6905010424571555,0.4898791546012996,-0.008883915805745018,0.02173944367801237,-0.019498516197448915,0.032354044069716266,2.785124599650935,289,True
LEVEL_PLUS_JUMP,threat,oil,asset_price,a,21,-0.012291396607281634,-0.012510353459959446,0.011077578450386918,-1.1095743227936534,0.26718250107934316,-0.030512391699240027,0.005929598484676758,-0.04314383285401732,0.018561039639454054,2.785124599650935,288,True
LEVEL_PLUS_JUMP,threat,oil,asset_price,a,22,0.003064836925296147,0.003119433410022385,0.00625060459346876,0.4903264763377589,0.6239028945826983,-0.007216492710910476,0.01334616656150277,-0.01434387569066483,0.020473549541257123,2.785124599650935,287,True
LEVEL_PLUS_JUMP,threat,oil,asset_price,a,23,-0.0069434860584849,-0.007067176140462845,0.010147977745596708,-0.6842236189863282,0.49383396996275597,-0.02363542405955247,0.00974845194258267,-0.03520686851445653,0.02131989639748673,2.785124599650935,286,True
LEVEL_PLUS_JUMP,threat,oil,asset_price,a,24,0.01648965006858418,0.016783393895761372,0.008176218625097263,2.016781940978006,0.043718274343052886,0.003040967208344769,0.029938332928823592,-0.006282137556298351,0.03926143769346671,2.785124599650935,285,True
LEVEL_PLUS_JUMP,threat,dxy,asset_price,a,0,0.0009809884964934923,0.0009984636590456553,0.0010432823112523479,0.9402905483137363,0.34706854642508256,-0.0007350581971042468,0.0026970351900912314,-0.0019277277624724276,0.003889704755459412,2.7880433010258936,309,True
LEVEL_PLUS_JUMP,threat,dxy,asset_price,a,1,0.00045914374239232455,0.0004673228510789141,0.0013942334394331092,0.3293162603953976,0.7419166549383754,-0.0018341661872762509,0.0027524536720609,-0.0034280394584854466,0.004346326943270096,2.7880433010258936,308,True
LEVEL_PLUS_JUMP,threat,dxy,asset_price,a,2,0.00010140741309707052,0.00010321386753991059,0.0011621187361274196,0.08726080214057558,0.930464210489665,-0.0018101078049703764,0.0020129226311645177,-0.00313862994415966,0.003341444770353801,2.7880433010258936,307,True
LEVEL_PLUS_JUMP,threat,dxy,asset_price,a,3,0.001657662055942004,0.00168719136641576,0.0010261530837375403,1.6154139983717917,0.10622107080611298,-3.0209565651126858e-05,0.0033455336775351347,-0.0012032971749995078,0.004518621286883516,2.7880433010258936,306,True
LEVEL_PLUS_JUMP,threat,dxy,asset_price,a,4,0.001034875818796514,0.0010533109209607237,0.0012132028823921407,0.8530113419743868,0.39365301452671864,-0.0009606653425341791,0.003030416980127207,-0.0023475863502421986,0.004417337987835227,2.7880433010258936,305,True
LEVEL_PLUS_JUMP,threat,dxy,asset_price,a,5,0.0008661593219827972,0.0008815889371126635,0.0014798224323680396,0.5853130098837284,0.5583372686055502,-0.0015679319731419224,0.003300250617107517,-0.0032596496972887587,0.004991968341254353,2.7880433010258936,304,True
LEVEL_PLUS_JUMP,threat,dxy,asset_price,a,6,-0.0006836579966088415,-0.000695836564108389,0.0015413214499083697,-0.4435531580057388,0.6573656784170396,-0.0032189061737887253,0.001851590180571042,-0.004980928939753389,0.003613612946535706,2.7880433010258936,303,True
LEVEL_PLUS_JUMP,threat,dxy,asset_price,a,7,-0.0021767951412424314,-0.0022155722003740544,0.0013579730162005695,-1.6029737817124077,0.10894044264609881,-0.004410461982242169,5.687169975730549e-05,-0.005962882712034356,0.0016092924295494936,2.7880433010258936,302,True
LEVEL_PLUS_JUMP,threat,dxy,asset_price,a,8,-0.002768496180262622,-0.00281781370126115,0.001277604013910779,-2.1669438653281805,0.03023913465896104,-0.004869967776351526,-0.0006670245841737181,-0.006330511492610363,0.0007935191320851179,2.7880433010258936,301,True
LEVEL_PLUS_JUMP,threat,dxy,asset_price,a,9,0.00029903897868044306,0.0003043660082843098,0.00120145738277971,0.2488968672268524,0.8034405586501556,-0.0016771825550123862,0.0022752605123732726,-0.0030506762288466304,0.003648754186207516,2.7880433010258936,300,True
LEVEL_PLUS_JUMP,threat,dxy,asset_price,a,10,-0.0007151056494589228,-0.0007278444201080521,0.0009318221676573272,-0.7674271704189584,0.44282757925326577,-0.00224781672160386,0.0008176054226860146,-0.0033130662017433607,0.0018828549028255153,2.7880433010258936,299,True
LEVEL_PLUS_JUMP,threat,dxy,asset_price,a,11,0.0005069367922919402,0.0005159672782564945,0.001130131455707435,0.44856444773020676,0.6537458852306711,-0.0013519640315603812,0.002365837616144262,-0.0026439186420718153,0.003657792226655696,2.7880433010258936,298,True
LEVEL_PLUS_JUMP,threat,dxy,asset_price,a,12,-0.0005705505997087052,-0.0005807142912400359,0.0010840300787360935,-0.5263235872328644,0.5986633972756883,-0.0023536214064422585,0.0012125202070248481,-0.003592873398839443,0.0024517721994220323,2.7880433010258936,297,True
LEVEL_PLUS_JUMP,threat,dxy,asset_price,a,13,0.001033531128570368,0.0010519422766511524,0.0009454353810664962,1.0931800832379424,0.27431473991839617,-0.0005215716870251054,0.0025886339441658413,-0.0016023836521649396,0.0036694459093056754,2.7880433010258936,296,True
LEVEL_PLUS_JUMP,threat,dxy,asset_price,a,14,-0.0007658712693380959,-0.0007795143701222073,0.0014014654234373143,-0.5464788902602222,0.5847367945257254,-0.0030710767541260427,0.0015393342154498512,-0.004673217554771917,0.003141475016095726,2.7880433010258936,295,True
LEVEL_PLUS_JUMP,threat,dxy,asset_price,a,15,-9.186805002846558e-06,-9.350457187692371e-06,0.0012279709742504831,-0.007481288398086046,0.9940308511741932,-0.0020290193157898864,0.0020106457057841934,-0.003432823053616146,0.003414449443610453,2.7880433010258936,294,True
LEVEL_PLUS_JUMP,threat,dxy,asset_price,a,16,0.00010828409021027144,0.00011021304461187909,0.0010273448702346442,0.10540188922687617,0.9160569170300845,-0.0015815478457251726,0.0017981160261457156,-0.0027559978930907446,0.002972566073511287,2.7880433010258936,293,True
LEVEL_PLUS_JUMP,threat,dxy,asset_price,a,17,0.0005850108401527985,0.0005954321239527513,0.0011516897113685162,0.5079587274055343,0.6114822878761177,-0.0013093501587143996,0.0024793718390199965,-0.002625949944488638,0.003795971624794235,2.7880433010258936,292,True
LEVEL_PLUS_JUMP,threat,dxy,asset_price,a,18,-0.0019111676079382341,-0.0019452128232822765,0.0013095506120014819,-1.4594072122323376,0.14445306212990172,-0.004065186681765392,0.00024285146588892345,-0.005562251419083324,0.0017399162032068565,2.7880433010258936,291,True
LEVEL_PLUS_JUMP,threat,dxy,asset_price,a,19,-0.0014165375426912312,-0.0014417715020172111,0.0015484610099568454,-0.9148034942970306,0.3602948000634164,-0.003963529251111687,0.0011304541657292254,-0.005733713888401204,0.0029006388030187414,2.7880433010258936,290,True
LEVEL_PLUS_JUMP,threat,dxy,asset_price,a,20,-0.0019510229219293282,-0.0019857781130713046,0.0012686011197428511,-1.5379325239164268,0.12406511398067564,-0.004037686074893056,0.00013564023103439932,-0.005487937775502332,0.0015858919316436753,2.7880433010258936,289,True
LEVEL_PLUS_JUMP,threat,dxy,asset_price,a,21,0.0017113605903917085,0.001741846477442739,0.0013917897137409527,1.2296114660826096,0.21884263423995398,-0.0005779297682088486,0.0040006509489922655,-0.0021690093974405006,0.005591730578223918,2.7880433010258936,288,True
LEVEL_PLUS_JUMP,threat,dxy,asset_price,a,22,6.126307078167189e-05,6.235440072507199e-05,0.001069802214251477,0.05726579171883343,0.9543334698700917,-0.0016984049814505859,0.0018209311230139298,-0.002921391826084826,0.00304391796764817,2.7880433010258936,287,True
LEVEL_PLUS_JUMP,threat,dxy,asset_price,a,23,-0.002579111390093584,-0.0026250552425884127,0.0014670072974489854,-1.7580767284378636,0.07873445483687123,-0.004992123664066825,-0.00016609911612034322,-0.006669191258302329,0.0015109684781151604,2.7880433010258936,286,True
LEVEL_PLUS_JUMP,threat,dxy,asset_price,a,24,-0.0008635210328752378,-0.0008789036499707958,0.0009281590758724401,-0.9303588741655685,0.3521853044181743,-0.0023902068552119475,0.0006631647894614718,-0.003451268726647779,0.001724226660897303,2.7880433010258936,285,True
LEVEL_PLUS_JUMP,threat,vix,asset_price,a,0,0.11858626335537223,0.12069873892057627,0.4450002601002138,0.26648582930865405,0.7898650715368633,-0.6133740284648129,0.8505465551755574,-1.0866194635532622,1.3237919902640067,2.708325893196608,309,True
LEVEL_PLUS_JUMP,threat,vix,asset_price,a,1,-0.07282132587806611,-0.07411855261572102,0.4690345971135821,-0.1552578985136817,0.8766180051928809,-0.8443145841060641,0.6986719323499319,-1.3431198700458196,1.1974772182896873,2.708325893196608,308,True
LEVEL_PLUS_JUMP,threat,vix,asset_price,a,2,-0.4038081955536762,-0.41100156620218,0.3507099700912586,-1.1514020985733622,0.24956685088898822,-0.9806747618663252,0.1730583707589728,-1.3536450885540399,0.5460286974466875,2.708325893196608,307,True
LEVEL_PLUS_JUMP,threat,vix,asset_price,a,3,-0.25219436356626845,-0.25668691114843994,0.3212038662792381,-0.7851535739206317,0.4323635318483301,-0.7805277080065088,0.27613898087397193,-1.1221191116051898,0.6177303844726529,2.708325893196608,306,True
LEVEL_PLUS_JUMP,threat,vix,asset_price,a,4,-0.5517303408473445,-0.5615587714820881,0.3115853017073815,-1.770720049450503,0.07660726671559547,-1.0642425544654999,-0.03921812722918927,-1.3956048814009232,0.2921441997062342,2.708325893196608,305,True
LEVEL_PLUS_JUMP,threat,vix,asset_price,a,5,-0.19302166720451175,-0.19646012241835506,0.37758282166652274,-0.5112035191446991,0.6092085547467551,-0.8140901408972626,0.4280468064882391,-1.2156389999501926,0.8295956655411691,2.708325893196608,304,True
LEVEL_PLUS_JUMP,threat,vix,asset_price,a,6,0.14553750371042148,0.14813008409629405,0.3894643966470257,0.37368628548175903,0.7086377299456508,-0.4950744216829055,0.7861494291037485,-0.9092590062069125,1.2003340136277554,2.708325893196608,303,True
LEVEL_PLUS_JUMP,threat,vix,asset_price,a,7,-0.6620240153185638,-0.6738171987478094,0.35280075398498323,-1.8764812938771172,0.06058922096405424,-1.2423296151019776,-0.08171841553515014,-1.6175234324753802,0.2934754018382527,2.708325893196608,302,True
LEVEL_PLUS_JUMP,threat,vix,asset_price,a,8,0.03535774024118769,0.035987597023811047,0.34741069772264477,0.10177504743799091,0.9189352320452105,-0.5360820059496462,0.6067974864320215,-0.9055436479745511,0.9762591284569264,2.708325893196608,301,True
LEVEL_PLUS_JUMP,threat,vix,asset_price,a,9,0.01194002462656596,0.012152722198425258,0.4579641370512737,0.026071964288393947,0.9791999387155041,-0.7413439472159227,0.7652239964690546,-1.2283761059048388,1.2522561551579707,2.708325893196608,300,True
LEVEL_PLUS_JUMP,threat,vix,asset_price,a,10,-0.1755219564380523,-0.1786486747749059,0.5403556202841351,-0.3248267434430637,0.7453122028189465,-1.0643278583060243,0.7132839454299198,-1.6389810743878896,1.287937161511785,2.708325893196608,299,True
LEVEL_PLUS_JUMP,threat,vix,asset_price,a,11,0.4700503860073157,0.47842378379184247,0.6782647949281982,0.6930189942367209,0.4882976315594819,-0.6455959219638276,1.5856966939784591,-1.366911720540411,2.3070124925550424,2.708325893196608,298,True
LEVEL_PLUS_JUMP,threat,vix,asset_price,a,12,0.1825998899276018,0.18585269337014765,0.45889894009749904,0.3979087201395716,0.6906974719354375,-0.5722216960959559,0.9374214759511594,-1.060247991898934,1.4254477717541376,2.708325893196608,297,True
LEVEL_PLUS_JUMP,threat,vix,asset_price,a,13,-0.15449354102848178,-0.15724566274283658,0.4146916662517587,-0.37255038767692283,0.7094831034859774,-0.8366006323292364,0.5276135502722729,-1.2776137184309657,0.9686266363740021,2.708325893196608,296,True
LEVEL_PLUS_JUMP,threat,vix,asset_price,a,14,-0.22810704219382985,-0.23217050232193417,0.39957752904074156,-0.5708705460525827,0.5680873979717207,-0.8853535900848007,0.4291395056971411,-1.3102932104343898,0.8540791260467302,2.708325893196608,295,True
LEVEL_PLUS_JUMP,threat,vix,asset_price,a,15,-0.16765465958225592,-0.17064123122840663,0.5322467134610621,-0.3149942598838069,0.7527660121408266,-1.0431225966516848,0.707813277487173,-1.609152215217646,1.2738428960531343,2.708325893196608,294,True
LEVEL_PLUS_JUMP,threat,vix,asset_price,a,16,-0.015046061957159042,-0.015314089950770705,0.4811410588377425,-0.031271623322908094,0.9750529206437906,-0.8064526776616915,0.7763605537473733,-1.3181328498874498,1.2880407259731317,2.708325893196608,293,True
LEVEL_PLUS_JUMP,threat,vix,asset_price,a,17,-0.16781673703446298,-0.1708061959008344,0.4380832159848955,-0.38307045536355144,0.7016675250415648,-0.8883995037537835,0.5527660296848576,-1.3542888542611977,1.0186553801922718,2.708325893196608,292,True
LEVEL_PLUS_JUMP,threat,vix,asset_price,a,18,-0.648792264862488,-0.66034974013522,0.2758037970118876,-2.3523688647206114,0.018654266016257214,-1.102449140704479,-0.19513538902049704,-1.3957588297517245,0.09817430002674854,2.708325893196608,291,True
LEVEL_PLUS_JUMP,threat,vix,asset_price,a,19,-0.7276505635200256,-0.7406128071387201,0.2622620137855035,-2.774517563626846,0.005528364884356881,-1.159033188106708,-0.2962679389333431,-1.4379415662571904,-0.017359560782860606,2.708325893196608,290,True
LEVEL_PLUS_JUMP,threat,vix,asset_price,a,20,-0.754447180137811,-0.767886774136166,0.3366281405884242,-2.2411886861836368,0.025013855399135834,-1.3081511981186107,-0.20074316215701127,-1.6661458896720682,0.15725152939644638,2.708325893196608,289,True
LEVEL_PLUS_JUMP,threat,vix,asset_price,a,21,-0.6461548881906183,-0.6576653816830165,0.3934320253980975,-1.6423545783717048,0.10051654232825134,-1.2932929821255428,0.0009832057443061037,-1.7116970297890715,0.4193872534078349,2.708325893196608,288,True
LEVEL_PLUS_JUMP,threat,vix,asset_price,a,22,-0.665275486983251,-0.6771265915767888,0.2950057163327751,-2.2551274438112947,0.024125330490161145,-1.1505167094646334,-0.1800342645018687,-1.4642471071683194,0.1336961332018174,2.708325893196608,287,True
LEVEL_PLUS_JUMP,threat,vix,asset_price,a,23,-0.7028250200919376,-0.71534502569418,0.3983208131407626,-1.7644697362162851,0.07765292626359835,-1.3580044542767806,-0.047645585907094556,-1.7816075921201926,0.3759575519363175,2.708325893196608,286,True
LEVEL_PLUS_JUMP,threat,vix,asset_price,a,24,-0.7518507580940162,-0.76524409987083,0.3013402875624125,-2.4950223688171653,0.012594919010687418,-1.24751142303765,-0.25619009315038244,-1.5679784615626098,0.06427694537457729,2.708325893196608,285,True
LEVEL_PLUS_JUMP,threat,us10y,asset_price,a,0,0.016871083260503777,0.017171621873812926,0.02624612798824228,0.6428027504880595,0.5203520981911625,-0.026299955554389087,0.06004212207539664,-0.05560932711456522,0.08935149363557278,2.7615658358268584,309,True
LEVEL_PLUS_JUMP,threat,us10y,asset_price,a,1,0.015764588278725844,0.0160454159782589,0.021351039748146058,0.7383522519129171,0.46030042190443476,-0.01935474689019725,0.050883923447648936,-0.0431977136491356,0.0747268902065873,2.7615658358268584,308,True
LEVEL_PLUS_JUMP,threat,us10y,asset_price,a,2,0.009328328885663291,0.009494502152933695,0.016914055862642517,0.5515134253675043,0.5812817660170928,-0.018492817246464066,0.037149475017790645,-0.03738094992987727,0.05603760770120385,2.7615658358268584,307,True
LEVEL_PLUS_JUMP,threat,us10y,asset_price,a,3,-0.01382386564735998,-0.014070121643378666,0.017134219126759637,-0.806798695936504,0.41978247058866547,-0.042007148122991854,0.014359416828271895,-0.061141139811390494,0.03349340851667054,2.7615658358268584,306,True
LEVEL_PLUS_JUMP,threat,us10y,asset_price,a,4,0.0025210777347294453,0.0025659877855389234,0.021690487244841707,0.11622964972024738,0.9074705389160751,-0.03315659888029308,0.03819875434975197,-0.05737863080306366,0.06242078627252255,2.7615658358268584,305,True
LEVEL_PLUS_JUMP,threat,us10y,asset_price,a,5,0.026975783322890873,0.02745632534782233,0.025052507986768446,1.0767697723971672,0.2815831326538559,-0.014231925303375931,0.06818349194915768,-0.04220836683514838,0.09615993348093012,2.7615658358268584,304,True
LEVEL_PLUS_JUMP,threat,us10y,asset_price,a,6,0.016821332288484935,0.017120984646423847,0.025310997087505466,0.6645859201172531,0.5063153772652362,-0.02481155307265658,0.05845421764962645,-0.05307665253908328,0.08671931711605316,2.7615658358268584,303,True
LEVEL_PLUS_JUMP,threat,us10y,asset_price,a,7,-0.003188858138988884,-0.003245663916563044,0.014883558755192868,-0.2142537407511018,0.8303491898873536,-0.02767013373941321,0.021292417461435446,-0.04429078551285123,0.03791306923487346,2.7615658358268584,302,True
LEVEL_PLUS_JUMP,threat,us10y,asset_price,a,8,-0.0020391911691966156,-0.00207551697452871,0.01677700600131335,-0.12154678665770174,0.9032579589833201,-0.02963491033984349,0.025556528001450262,-0.048369997769885736,0.0442916154314925,2.7615658358268584,301,True
LEVEL_PLUS_JUMP,threat,us10y,asset_price,a,9,-0.02717423840693282,-0.02765831567704333,0.0188553794840606,-1.4411928664657516,0.14953020313943627,-0.058188577738836275,0.003840100924970634,-0.07924461021166523,0.02489613339779959,2.7615658358268584,300,True
LEVEL_PLUS_JUMP,threat,us10y,asset_price,a,10,0.007528354605316794,0.007662463436305628,0.023546169623804347,0.31972735802029956,0.7491750188330069,-0.03120164790121237,0.04625835711184596,-0.057495942992365434,0.07255265220299903,2.7615658358268584,299,True
LEVEL_PLUS_JUMP,threat,us10y,asset_price,a,11,-0.044520690267516594,-0.0453137742864835,0.018206870182591536,-2.445268726641714,0.01447442481509481,-0.07446832672278689,-0.014573053812246294,-0.09480016094109608,0.005758780406062904,2.7615658358268584,298,True
LEVEL_PLUS_JUMP,threat,us10y,asset_price,a,12,0.0010031487866632004,0.0010210187088627019,0.017929665458852675,0.055949107860676854,0.9553823496523901,-0.028488526473357152,0.030494824046683557,-0.04851080279230924,0.05051710036563564,2.7615658358268584,297,True
LEVEL_PLUS_JUMP,threat,us10y,asset_price,a,13,0.023011801600479456,0.023421729927900137,0.016802370636326024,1.3695568380528937,0.17082528080593073,-0.00462563868206432,0.050649241883023235,-0.023389051109698883,0.0694126543106578,2.7615658358268584,296,True
LEVEL_PLUS_JUMP,threat,us10y,asset_price,a,14,0.008681002422511897,0.008835644326052428,0.02200975002062712,0.3944162207374562,0.6932737699961689,-0.027521814727211862,0.04488381957223565,-0.05210037128954145,0.06946237613456524,2.7615658358268584,295,True
LEVEL_PLUS_JUMP,threat,us10y,asset_price,a,15,0.0027473775115704428,0.002796318828189816,0.013341259842539104,0.20593088988570085,0.8368448959071677,-0.01919704212853203,0.024691797151672912,-0.03409538987647436,0.039590144899615244,2.7615658358268584,294,True
LEVEL_PLUS_JUMP,threat,us10y,asset_price,a,16,-0.01582699742766027,-0.01610893687317839,0.01227302046876264,-1.289576389768373,0.19719777766484603,-0.03601431965935416,0.004360324804033616,-0.04971975145659891,0.01806575660127837,2.7615658358268584,293,True
LEVEL_PLUS_JUMP,threat,us10y,asset_price,a,17,-0.0002483335406648951,-0.0002527573122032824,0.015993341821990404,-0.01552730776525037,0.9876114986709481,-0.026555039843640476,0.026058372762310687,-0.04441499991697448,0.04391833283564468,2.7615658358268584,292,True
LEVEL_PLUS_JUMP,threat,us10y,asset_price,a,18,0.021515673917007327,0.02189895047984471,0.018860327601198292,1.140790042037251,0.2539573055150266,-0.009506804343316643,0.05253815217733129,-0.030568362438964203,0.07359971027297886,2.7615658358268584,291,True
LEVEL_PLUS_JUMP,threat,us10y,asset_price,a,19,0.001481436219227593,0.001507826272560737,0.030953106826668093,0.04786066314839971,0.9618272897025725,-0.049431893810033795,0.052394766248488975,-0.08399760610599812,0.08696047854445331,2.7615658358268584,290,True
LEVEL_PLUS_JUMP,threat,us10y,asset_price,a,20,0.0013301048257862522,0.0013537990873653792,0.019910095484167112,0.06680554730859915,0.9467365071641151,-0.031419087944296153,0.034079297595868654,-0.05365293465134026,0.05631314430291276,2.7615658358268584,289,True
LEVEL_PLUS_JUMP,threat,us10y,asset_price,a,21,0.006766244245882406,0.006886776972297733,0.037271659589313576,0.18153858240920412,0.8559448518478684,-0.05454018021210065,0.06807266870386545,-0.09616189752053449,0.10969438601229929,2.7615658358268584,288,True
LEVEL_PLUS_JUMP,threat,us10y,asset_price,a,22,-0.023574152064938285,-0.02399409800807294,0.01493785680041656,-1.5781482163010754,0.11453156346824173,-0.04814474000198518,0.000996435872108608,-0.06482602706544256,0.017677722935565993,2.7615658358268584,287,True
LEVEL_PLUS_JUMP,threat,us10y,asset_price,a,23,-0.02391571258116782,-0.024341743025358145,0.024350581920419917,-0.982141316348279,0.32603023333847925,-0.06396885557134946,0.016137430409013824,-0.09116144769510265,0.043330022532767,2.7615658358268584,286,True
LEVEL_PLUS_JUMP,threat,us10y,asset_price,a,24,0.025053182673745844,0.02549947581707798,0.012765665697580812,1.9625441608183118,0.049699164480474976,0.004055531150630051,0.04605083419686164,-0.010200043588280167,0.060306408935771855,2.7615658358268584,285,True
LEVEL_PLUS_JUMP,threat,ip,real_macro,a,0,0.028377276875354362,0.028882784868523623,0.049554700602066744,0.5726455115374232,0.5668847377978756,-0.053132952142449424,0.10988750589315815,-0.1106528782312952,0.16740743198200392,2.8055896497708055,309,True
LEVEL_PLUS_JUMP,threat,ip,real_macro,a,1,0.037269670995033546,0.037933586587552595,0.12295376470654702,0.3031193968235526,0.7617988725946985,-0.16497127482986823,0.23951061681993535,-0.30768813866600975,0.3822274806560768,2.8055896497708055,308,True
LEVEL_PLUS_JUMP,threat,ip,real_macro,a,2,-0.13254091400212964,-0.13490197534513068,0.13905300248264993,-0.9531683001139596,0.3405048049630742,-0.36126274947420844,0.09618092146994917,-0.5226665785370064,0.2575847505327471,2.8055896497708055,307,True
LEVEL_PLUS_JUMP,threat,ip,real_macro,a,3,0.0589221599242247,0.059971789278983605,0.06149755933308802,0.9581219248895027,0.338001280924758,-0.0422323235934685,0.1600766434419179,-0.11361475602685306,0.23145907587530246,2.8055896497708055,306,True
LEVEL_PLUS_JUMP,threat,ip,real_macro,a,4,0.040583917380221234,0.04130687239524737,0.07529896413610497,0.5389704605612459,0.5899072371706284,-0.08327185688473984,0.16443969164518232,-0.17067407703849793,0.2518419117989404,2.8055896497708055,305,True
LEVEL_PLUS_JUMP,threat,ip,real_macro,a,5,0.04917588709028994,0.05005189799523059,0.05162094629963066,0.9526343590226237,0.34077536220505134,-0.03573301365732474,0.13408478783790462,-0.09565130555932841,0.1940030797399083,2.8055896497708055,304,True
LEVEL_PLUS_JUMP,threat,ip,real_macro,a,6,-0.0034704910145557004,-0.003532313752367575,0.038731088437758306,-0.08960478918977076,0.928601278496241,-0.06717746230718068,0.06023648027806928,-0.11213403185988811,0.10519304983077672,2.8055896497708055,303,True
LEVEL_PLUS_JUMP,threat,ip,real_macro,a,7,0.05968540747794643,0.060748633195064836,0.03546113664197038,1.6831216686750299,0.09235154054011722,0.001357028256579705,0.11801378669931314,-0.03980399045387392,0.15917480540976678,2.8055896497708055,302,True
LEVEL_PLUS_JUMP,threat,ip,real_macro,a,8,-0.02152408434199977,-0.021907510726720286,0.045510137236966855,-0.47295142684202335,0.636247833648081,-0.09638159863928396,0.05333342995528441,-0.1492068543336829,0.10615868564968335,2.8055896497708055,301,True
LEVEL_PLUS_JUMP,threat,ip,real_macro,a,9,-0.04588397831196522,-0.0467013477127356,0.043465969003834586,-1.0556299413897186,0.29113731607421367,-0.11737913507688282,0.02561117845295237,-0.1678316510663822,0.07606369444245174,2.8055896497708055,300,True
LEVEL_PLUS_JUMP,threat,ip,real_macro,a,10,-0.0104114846893859,-0.010596953110276381,0.038993010289334454,-0.2670090001292795,0.7894622314917594,-0.07454927908955375,0.053726309710781954,-0.11980987077054917,0.09898690139177738,2.8055896497708055,299,True
LEVEL_PLUS_JUMP,threat,ip,real_macro,a,11,0.05181280071914857,0.05273578515585339,0.04072125239245004,1.2723773871148172,0.20323906454523888,-0.015167698972579184,0.11879330041087632,-0.0624343235188139,0.16605992495711105,2.8055896497708055,298,True
LEVEL_PLUS_JUMP,threat,ip,real_macro,a,12,-0.03425425967383465,-0.034864459240948775,0.05307406124134502,-0.6454049091526912,0.5186648229125643,-0.12155332180370555,0.05304480245603625,-0.18315829656385413,0.11464977721618481,2.8055896497708055,297,True
LEVEL_PLUS_JUMP,threat,ip,real_macro,a,13,0.07945503580088525,0.08087043432102235,0.03936019181008664,2.0186648526576465,0.04352206545021021,0.014713281544558615,0.1441967900572119,-0.030973510954487443,0.18988358255625795,2.8055896497708055,296,True
LEVEL_PLUS_JUMP,threat,ip,real_macro,a,14,-0.11466567397476919,-0.1167083088262735,0.029876977133274706,-3.837927560852978,0.00012407707050467496,-0.1638089281747823,-0.06552241977475609,-0.19848821178632375,-0.030843136163214643,2.8055896497708055,295,True
LEVEL_PLUS_JUMP,threat,ip,real_macro,a,15,0.04904192240732548,0.04991554688814453,0.043707244545583265,1.1220547741502798,0.26183915152845116,-0.022850097307532097,0.12093394212218306,-0.07358267050976443,0.1716665153244154,2.8055896497708055,294,True
LEVEL_PLUS_JUMP,threat,ip,real_macro,a,16,0.004471205518279302,0.0045508548143876155,0.041342020665175075,0.10815159603569337,0.9138754404222614,-0.06353036711833664,0.07247277815489524,-0.11151753976054664,0.12045995079710524,2.8055896497708055,293,True
LEVEL_PLUS_JUMP,threat,ip,real_macro,a,17,-0.03855099558380808,-0.03923773647504466,0.03786648023252373,-1.0180770789120352,0.30864132719163007,-0.10083581293416097,0.023733821766544802,-0.14478880059742746,0.06768680942981131,2.8055896497708055,292,True
LEVEL_PLUS_JUMP,threat,ip,real_macro,a,18,-0.00787886813174575,-0.008019220951194157,0.06092099124630108,-0.1293292832332916,0.8970971013352014,-0.10808498154070297,0.09232724527721146,-0.1787981706261459,0.16304043436265442,2.8055896497708055,291,True
LEVEL_PLUS_JUMP,threat,ip,real_macro,a,19,-0.09257870222592465,-0.09422788351199396,0.04523896923613824,-2.0464370384453856,0.0407133911112068,-0.1669901848535327,-0.018167219598316603,-0.219500686081134,0.03434328162928468,2.8055896497708055,290,True
LEVEL_PLUS_JUMP,threat,ip,real_macro,a,20,0.03289767505351833,0.03348370865248856,0.04591909543154165,0.716426897009845,0.473727791672259,-0.04263251561338373,0.10842786572042039,-0.09593246381605279,0.16172781392308944,2.8055896497708055,289,True
LEVEL_PLUS_JUMP,threat,ip,real_macro,a,21,0.03494337831885179,0.03556585372852925,0.07711729167536216,0.45311988478474646,0.6504624174778831,-0.09190327859404222,0.1617900352317458,-0.1814160970239006,0.25130285366160415,2.8055896497708055,288,True
LEVEL_PLUS_JUMP,threat,ip,real_macro,a,22,-0.10839576962872038,-0.11032671346853051,0.11590993344033457,-0.9351723912818728,0.34969946428236753,-0.29905064404775844,0.08225910479031767,-0.433591479194546,0.21679993993710522,2.8055896497708055,287,True
LEVEL_PLUS_JUMP,threat,ip,real_macro,a,23,0.03520469681452899,0.035831827307529214,0.06216416222691594,0.5663182057537004,0.571177486477072,-0.0670462508908134,0.13745564451987138,-0.13920243331597965,0.2096118269450376,2.8055896497708055,286,True
LEVEL_PLUS_JUMP,threat,ip,real_macro,a,24,-0.025169166943444177,-0.0256175262108682,0.09741736188466048,-0.25836428390704924,0.7961257783588903,-0.18540646796747207,0.1350681340805837,-0.2984823091550246,0.24814397526813625,2.8055896497708055,285,True
LEVEL_PLUS_JUMP,threat,cpi,real_macro,a,0,-0.027649224601876566,-0.028141763195434134,0.029851228064725555,-0.9262340745890102,0.35432434800752544,-0.07675012535309597,0.021451676149342843,-0.11107479861992992,0.05577634941617679,2.7947116224888333,309,True
LEVEL_PLUS_JUMP,threat,cpi,real_macro,a,1,-0.01972382534961102,-0.020075182226237977,0.02381909041295919,-0.8280679491807937,0.4076320195109697,-0.05890274260605198,0.01945509190682994,-0.08629131416382041,0.04684366346459837,2.7947116224888333,308,True
LEVEL_PLUS_JUMP,threat,cpi,real_macro,a,2,-0.0014911050827422106,-0.001517667375568699,0.028187834275938548,-0.05289888780192789,0.9578124705628356,-0.047855966527426755,0.04487375636194234,-0.08026797314649678,0.07728576298101236,2.7947116224888333,307,True
LEVEL_PLUS_JUMP,threat,cpi,real_macro,a,3,0.003129245831376291,0.003184989685421925,0.026561114157328834,0.11781304853557352,0.9062157903185539,-0.04055989912617814,0.04681839078893072,-0.07110140861036329,0.07735990027311587,2.7947116224888333,306,True
LEVEL_PLUS_JUMP,threat,cpi,real_macro,a,4,-0.014421005177352493,-0.014677898515593072,0.017625446038326636,-0.8181923536002398,0.41324736061389156,-0.04341228402013152,0.014570273665426533,-0.06367904407221371,0.03483703371750872,2.7947116224888333,305,True
LEVEL_PLUS_JUMP,threat,cpi,real_macro,a,5,-0.015947695144331274,-0.01623178467848554,0.02023122178728174,-0.7882714801909154,0.4305379260025768,-0.04922509367880129,0.017329703390138743,-0.07248812581039686,0.04059273552173431,2.7947116224888333,304,True
LEVEL_PLUS_JUMP,threat,cpi,real_macro,a,6,0.009240472268477521,0.009405080472883178,0.01560387952697779,0.5921906954293978,0.5537228993787349,-0.01642562556598572,0.034906570102940765,-0.034367871201482866,0.052848815738437915,2.7947116224888333,303,True
LEVEL_PLUS_JUMP,threat,cpi,real_macro,a,7,-0.0005591137447744331,-0.0005690737021133891,0.016668361239458262,-0.03354341418104548,0.9732412457852144,-0.027976128184834692,0.026857900695285826,-0.04714237662853081,0.04602414913898195,2.7947116224888333,302,True
LEVEL_PLUS_JUMP,threat,cpi,real_macro,a,8,0.0010244623784723922,0.0010427119773783662,0.017096147907451523,0.059923579511491604,0.9522164999033869,-0.027096198513998065,0.02914512327094285,-0.04675434087827053,0.04880326563521531,2.7947116224888333,301,True
LEVEL_PLUS_JUMP,threat,cpi,real_macro,a,9,-0.016827710000936046,-0.017127475970361936,0.020552688256696504,-0.8187595603438017,0.4129236075550201,-0.05063387382356622,0.016978453821694127,-0.07426654674531552,0.04061112674344343,2.7947116224888333,300,True
LEVEL_PLUS_JUMP,threat,cpi,real_macro,a,10,0.011373454435440095,0.011576059222090878,0.012634134809543996,0.9002163271875518,0.36800513895307074,-0.009407848029432193,0.03215475690031239,-0.023935308956883252,0.04668221782776344,2.7947116224888333,299,True
LEVEL_PLUS_JUMP,threat,cpi,real_macro,a,11,0.001746387717513647,0.0017774975718613168,0.010804367228782258,0.16163720470934784,0.8715915574240155,-0.016025214905664473,0.01951799034069177,-0.028448702950401594,0.031941478385428886,2.7947116224888333,298,True
LEVEL_PLUS_JUMP,threat,cpi,real_macro,a,12,-0.006313898494686182,-0.006426373210676117,0.01222128321300633,-0.5166313867897852,0.6054135011728974,-0.026416120513600788,0.013788323524228423,-0.04046886073180264,0.02784106374243028,2.7947116224888333,297,True
LEVEL_PLUS_JUMP,threat,cpi,real_macro,a,13,-0.003999158381165512,-0.00407039870970404,0.012813710670365793,-0.3120999438838858,0.7549645691796465,-0.025075836852023466,0.017077520089692443,-0.039809784518845974,0.03181146775651495,2.7947116224888333,296,True
LEVEL_PLUS_JUMP,threat,cpi,real_macro,a,14,0.0034872647687194335,0.003549386311340609,0.012496594271651597,0.27905721294243024,0.780200918355413,-0.017067803643547687,0.02404233318098655,-0.03143711248379266,0.038411642021231526,2.7947116224888333,295,True
LEVEL_PLUS_JUMP,threat,cpi,real_macro,a,15,0.004399120841076669,0.004477486032981784,0.015898701222228716,0.2766968684791719,0.7820128766219854,-0.021751915528124038,0.030550157210277377,-0.04003316424716335,0.04883140592931668,2.7947116224888333,294,True
LEVEL_PLUS_JUMP,threat,cpi,real_macro,a,16,-0.00042114091956621253,-0.00042864305241801793,0.020126548145494496,-0.020924647213312067,0.9833057652934901,-0.03352636663469626,0.03268408479556383,-0.05666903894236076,0.055826757103228326,2.7947116224888333,293,True
LEVEL_PLUS_JUMP,threat,cpi,real_macro,a,17,-0.013523634994033026,-0.013764542732157981,0.015751990686085307,-0.8585349790727896,0.39059712416606673,-0.039433354005746254,0.0123860840176802,-0.05754590644177149,0.030498636453705433,2.7947116224888333,292,True
LEVEL_PLUS_JUMP,threat,cpi,real_macro,a,18,-0.023818780909109546,-0.02424308462894813,0.02187899356159563,-1.0886598070451852,0.27630393234863526,-0.05980652282294803,0.012168961004728935,-0.08496425850405921,0.03732669668584011,2.7947116224888333,291,True
LEVEL_PLUS_JUMP,threat,cpi,real_macro,a,19,0.008410690572758384,0.008560517186893277,0.020552758191373748,0.40922442109441337,0.6823749741951315,-0.0253955882821793,0.042216969427696066,-0.0490283416188764,0.06584972276439317,2.7947116224888333,290,True
LEVEL_PLUS_JUMP,threat,cpi,real_macro,a,20,0.014551711813019919,0.014810933537080616,0.019317880789276105,0.7532768201519279,0.4512835849900044,-0.017223374468237053,0.04632679809427689,-0.03943619415062377,0.0685396177766636,2.7947116224888333,289,True
LEVEL_PLUS_JUMP,threat,cpi,real_macro,a,21,-0.006924937694349334,-0.0070482973589171835,0.01640427399519422,-0.42214228416192373,0.6729211658631199,-0.03390756727285026,0.020057691884151595,-0.052770152887209945,0.03892027749851128,2.7947116224888333,288,True
LEVEL_PLUS_JUMP,threat,cpi,real_macro,a,22,0.008714843244719182,0.00887008798292198,0.018718877648664884,0.46556441087378786,0.6415273222501774,-0.0220749705481481,0.03950465703758646,-0.043599021679951014,0.06102870816938938,2.7947116224888333,287,True
LEVEL_PLUS_JUMP,threat,cpi,real_macro,a,23,0.01046805324031201,0.010654529363766086,0.016961722216784037,0.6171574505537897,0.537130877852183,-0.01743149706730858,0.038367603547932595,-0.036935068976361396,0.05787117545698542,2.7947116224888333,286,True
LEVEL_PLUS_JUMP,threat,cpi,real_macro,a,24,0.0034641752966965826,0.003525885527382618,0.021157599990948527,0.16373195911533434,0.8699421573164678,-0.031336979786003534,0.0382653303793967,-0.0556652153019769,0.06259356589537006,2.7947116224888333,285,True
LEVEL_PLUS_JUMP,threat,infl_exp,real_macro,a,0,-0.06544642150847726,-0.06661227295159418,0.05757063375972442,-1.1368021721216943,0.2556209951206395,-0.16014168725405484,0.029248844237100308,-0.2247061166786169,0.09381327366166237,2.766335625812676,309,True
LEVEL_PLUS_JUMP,threat,infl_exp,real_macro,a,1,-0.024625609604186256,-0.02506428603343847,0.024914773588165674,-0.9883938747042531,0.3229597861982928,-0.06560676530535531,0.016355546096982795,-0.09354823539018567,0.04429701618181316,2.766335625812676,308,True
LEVEL_PLUS_JUMP,threat,infl_exp,real_macro,a,2,0.04188767286317957,0.04263385275706454,0.048663295235747035,0.8607652371311215,0.3893673546837324,-0.03815632480474923,0.12193167053110837,-0.09273133441690773,0.17650668014326687,2.766335625812676,307,True
LEVEL_PLUS_JUMP,threat,infl_exp,real_macro,a,3,-0.0009042584717083844,-0.0009203667786240704,0.019268396804920918,-0.046929616452441314,0.9625693235766155,-0.032597950841822716,0.030789433898405945,-0.05420711100545626,0.05239859406203949,2.766335625812676,306,True
LEVEL_PLUS_JUMP,threat,infl_exp,real_macro,a,4,0.009566273807652908,0.009736685785372103,0.01683362438256021,0.5682836678691522,0.5698423670415329,-0.01812257431273999,0.03725512192804581,-0.03700118103337231,0.05613372864867813,2.766335625812676,305,True
LEVEL_PLUS_JUMP,threat,infl_exp,real_macro,a,5,0.005519113619818194,0.005617430172963239,0.02678125716571904,0.20608120020903484,0.8367274836413945,-0.03853213436353487,0.04957036160317126,-0.0685668321817614,0.07960505942139778,2.766335625812676,304,True
LEVEL_PLUS_JUMP,threat,infl_exp,real_macro,a,6,0.0067319136109714305,0.006851834777284134,0.016911700183622577,0.39806249743539496,0.6905841176935845,-0.021085357773976042,0.034549184995918907,-0.04005152510004648,0.05351535232198935,2.766335625812676,303,True
LEVEL_PLUS_JUMP,threat,infl_exp,real_macro,a,7,0.015071256716095204,0.015339733524865704,0.01872634150281138,0.8048158639973836,0.42092594573419495,-0.015730834024335977,0.04587334745652638,-0.03673208892426641,0.06687460235645681,2.766335625812676,302,True
LEVEL_PLUS_JUMP,threat,infl_exp,real_macro,a,8,-0.008090991925255898,-0.00823512348195354,0.017244769982520627,-0.4691852621668461,0.6389372189386864,-0.03645611437694883,0.02027413052643703,-0.05579581348684775,0.03961382963633595,2.766335625812676,301,True
LEVEL_PLUS_JUMP,threat,infl_exp,real_macro,a,9,-0.026183336721630694,-0.026649762237326385,0.02186453643632196,-1.1975253533449821,0.23110185162231933,-0.062147298780527487,0.009780625337266098,-0.08666798280730748,0.03430130936404608,2.766335625812676,300,True
LEVEL_PLUS_JUMP,threat,infl_exp,real_macro,a,10,0.008108555377476987,0.008252999806531072,0.024822814921270968,0.3266573675545826,0.7439270485313312,-0.03272134177692068,0.04893845253187466,-0.06055968187218938,0.07677679262714335,2.766335625812676,299,True
LEVEL_PLUS_JUMP,threat,infl_exp,real_macro,a,11,-0.012003574986204652,-0.01221740463338278,0.02541992069500854,-0.4722113467711045,0.6367759414485075,-0.05381562373820824,0.02980847376579893,-0.08232360721013969,0.05831645723773039,2.766335625812676,298,True
LEVEL_PLUS_JUMP,threat,infl_exp,real_macro,a,12,-0.003964105110263084,-0.004034721005784105,0.02704443906860789,-0.1465774572068851,0.8834655480142468,-0.04844824880113087,0.0405200385806047,-0.07877810038587328,0.07084989016534711,2.766335625812676,297,True
LEVEL_PLUS_JUMP,threat,infl_exp,real_macro,a,13,0.02642969842041226,0.02690051258158975,0.03307110974474856,0.7991778511336195,0.42418729295954116,-0.02796743639054759,0.0808268332313721,-0.06505609065164644,0.11791548749247097,2.766335625812676,296,True
LEVEL_PLUS_JUMP,threat,infl_exp,real_macro,a,14,-0.0013511613582219248,-0.0013752307172954807,0.025815987067549905,-0.05233816373886797,0.9582592447076173,-0.04381468131961369,0.041112358603169835,-0.07276684609870455,0.0700645233822607,2.766335625812676,295,True
LEVEL_PLUS_JUMP,threat,infl_exp,real_macro,a,15,-0.00916268591780348,-0.009325908449362588,0.02723251869826492,-0.33646119991050505,0.7365231057288504,-0.05395619306966831,0.03563082123406136,-0.08449697257342356,0.06617160073781661,2.766335625812676,294,True
LEVEL_PLUS_JUMP,threat,infl_exp,real_macro,a,16,-0.012913589962165028,-0.01314363046164841,0.01811003062644466,-0.7130628450350782,0.4758068696045876,-0.042701939522274766,0.01687475959794471,-0.06301201286865754,0.03718483294432749,2.766335625812676,293,True
LEVEL_PLUS_JUMP,threat,infl_exp,real_macro,a,17,0.015769977478064037,0.016050901179879278,0.022358372136363668,0.705327623222432,0.48060637383976945,-0.021006272023164477,0.05254622697929255,-0.04608078389793625,0.07762073885406433,2.766335625812676,292,True
LEVEL_PLUS_JUMP,threat,infl_exp,real_macro,a,18,-0.0550984969630548,-0.05608001223489635,0.023833561477279358,-2.3118029177292887,0.02078854656531285,-0.09430121700212864,-0.01589577692398096,-0.12103012716764928,0.010833133241539686,2.766335625812676,291,True
LEVEL_PLUS_JUMP,threat,infl_exp,real_macro,a,19,0.038518109243536616,0.039204264303090104,0.04070287328411589,0.9463240831837818,0.34398331340674004,-0.028432159505187585,0.10546837799226082,-0.07407969919525217,0.1511159176823254,2.766335625812676,290,True
LEVEL_PLUS_JUMP,threat,infl_exp,real_macro,a,20,0.010709057302698739,0.010899826631609346,0.023464654464048516,0.4563910079778363,0.6481088307170839,-0.02788686469765452,0.049304979303052,-0.054202052288583116,0.07562016689398059,2.766335625812676,289,True
LEVEL_PLUS_JUMP,threat,infl_exp,real_macro,a,21,-0.05816957289064779,-0.05920579578774341,0.03146785418967923,-1.8485395457859388,0.06452432903314054,-0.10992958698692173,-0.006409558794373833,-0.14522021900343612,0.028881073222140542,2.766335625812676,288,True
LEVEL_PLUS_JUMP,threat,infl_exp,real_macro,a,22,0.0280950953067214,0.028595576565327806,0.028914230931031754,0.971670156945754,0.3312146679054745,-0.019464582310698628,0.07565477292414143,-0.05189137181076657,0.10808156242420937,2.766335625812676,287,True
LEVEL_PLUS_JUMP,threat,infl_exp,real_macro,a,23,0.014339472831952036,0.014594913766831898,0.015496009187963618,0.9253655349591615,0.3547758000813622,-0.011149194084143258,0.03982813974804733,-0.02852768944263228,0.05720663510653635,2.766335625812676,286,True
LEVEL_PLUS_JUMP,threat,infl_exp,real_macro,a,24,-0.008919901772116543,-0.009078799388117384,0.015591898227842616,-0.5720856846146021,0.567263926933508,-0.0345662921232417,0.016726488579008617,-0.05205232531384311,0.03421252176961002,2.766335625812676,285,True
LEVEL_PLUS_JUMP,threat,freight,physical_channel,a,0,-0.0045418604937333285,-0.004622768425580585,0.0023856569959223818,-1.9038195773727649,0.05693368592215422,-0.008465917056138412,-0.0006178039313282455,-0.011146197422052318,0.0020624764345856614,2.7683514183335114,309,True
LEVEL_PLUS_JUMP,threat,freight,physical_channel,a,1,0.0038196141846751144,0.0038876561433752775,0.0038196848856547052,0.9999814903632872,0.3173194655262268,-0.0024632083533057472,0.010102436722655976,-0.006754615886114165,0.014393844255464394,2.7683514183335114,308,True
LEVEL_PLUS_JUMP,threat,freight,physical_channel,a,2,0.0034609090319567977,0.0035225610779572123,0.003264028134905895,1.0603183823526015,0.28899977913552877,-0.0019079394842148128,0.008829757548128408,-0.005575067884790423,0.012496885948704019,2.7683514183335114,307,True
LEVEL_PLUS_JUMP,threat,freight,physical_channel,a,3,0.0021893359553584353,0.0022283364144238976,0.001893512576865598,1.156229951734741,0.24758711163139036,-0.000925215074377172,0.005303886985094043,-0.003052572272439785,0.007431244183156656,2.7683514183335114,306,True
LEVEL_PLUS_JUMP,threat,freight,physical_channel,a,4,0.0019198306510864098,0.0019540301884105283,0.0014867856797275325,1.291262538551109,0.19661265593542276,-0.0005257141667129319,0.004365375468885752,-0.002196114594145259,0.006035775896318078,2.7683514183335114,305,True
LEVEL_PLUS_JUMP,threat,freight,physical_channel,a,5,0.0011656530829188888,0.001186417829066524,0.0012745962445274536,0.9145273163354136,0.3604398310893362,-0.0009308711727908188,0.0032621773386285963,-0.0023628772384212547,0.004694183404259032,2.7683514183335114,304,True
LEVEL_PLUS_JUMP,threat,freight,physical_channel,a,6,0.0014247147461947931,0.001450094372835892,0.001292638137722022,1.1021760109178937,0.2703851589921198,-0.0007014857829730713,0.0035509152753626576,-0.002153761875759955,0.005003191368149541,2.7683514183335114,303,True
LEVEL_PLUS_JUMP,threat,freight,physical_channel,a,7,0.0012263423856855795,0.001248188240770594,0.0018086581606407016,0.6780398929840663,0.4977463995605885,-0.0017486355497596568,0.004201320321130816,-0.0037806589986045867,0.006233343769975745,2.7683514183335114,302,True
LEVEL_PLUS_JUMP,threat,freight,physical_channel,a,8,0.0035714754443326533,0.0036350971016343055,0.0016147602004202928,2.2117683129687387,0.026982677605205275,0.0009154312720144487,0.006227519616650858,-0.0008987482467693693,0.008041699135434677,2.7683514183335114,301,True
LEVEL_PLUS_JUMP,threat,freight,physical_channel,a,9,-0.004192320456332308,-0.0042670017412882845,0.001949288891759996,-2.1506922211756403,0.03150050075885105,-0.007398615359919953,-0.0009860255527446632,-0.009588637124577852,0.001203996211913235,2.7683514183335114,300,True
LEVEL_PLUS_JUMP,threat,freight,physical_channel,a,10,0.00011821038607317944,0.00012031616582428427,0.002432960902500177,0.04858704714560075,0.9612483926543798,-0.003883654178635364,0.004120074950781723,-0.006617080379113166,0.0068535011512595246,2.7683514183335114,299,True
LEVEL_PLUS_JUMP,threat,freight,physical_channel,a,11,0.0019768032640829964,0.0020120177018638436,0.0025420327716315287,0.7776466480462577,0.4367773526557651,-0.002204468560164627,0.0061580750883306196,-0.005060436764713414,0.009014043292879406,2.7683514183335114,298,True
LEVEL_PLUS_JUMP,threat,freight,physical_channel,a,12,-0.0036420536847721393,-0.003706932610868211,0.002990717144204014,-1.2177860724242713,0.2233052783089542,-0.00856134562660206,0.0012772382570577822,-0.01192140973276367,0.0046373023632193915,2.7683514183335114,297,True
LEVEL_PLUS_JUMP,threat,freight,physical_channel,a,13,0.0012832684064921925,0.0013061283320485726,0.0019565708230556643,0.6558762869048894,0.5119037267880525,-0.0019350042081983441,0.004501541021182729,-0.004133207206583922,0.006699744019568306,2.7683514183335114,296,True
LEVEL_PLUS_JUMP,threat,freight,physical_channel,a,14,0.0007527135261472418,0.0007661222371276994,0.002525660151668848,0.2980264489067862,0.7656829770533575,-0.0034016277347720687,0.004907054787066552,-0.006239201336953645,0.0077446283892481284,2.7683514183335114,295,True
LEVEL_PLUS_JUMP,threat,freight,physical_channel,a,15,-0.001368129748949388,-0.0013925013800549515,0.002262445376472082,-0.6047128311591616,0.5453698210431079,-0.005089521232219081,0.002353261734320305,-0.007631373615807971,0.004895114117909195,2.7683514183335114,294,True
LEVEL_PLUS_JUMP,threat,freight,physical_channel,a,16,5.48562852359286e-05,5.5833485789178956e-05,0.0025057870859112627,0.02189183811520019,0.9825342354568697,-0.004066796691393372,0.004176509261865229,-0.006882042948088312,0.006991755518560169,2.7683514183335114,293,True
LEVEL_PLUS_JUMP,threat,freight,physical_channel,a,17,-0.0004316754978490841,-0.00043936529189015895,0.0019560925096882543,-0.22068255755341598,0.8253396137008087,-0.0036491613570624167,0.002785810361364249,-0.005846826971436121,0.0049834759757379525,2.7683514183335114,292,True
LEVEL_PLUS_JUMP,threat,freight,physical_channel,a,18,-0.0015360749404745456,-0.0015634383187129724,0.0019626743636326576,-0.7826438093538189,0.4338363076453112,-0.0047643869860203945,0.0016922371050713037,-0.006969447298763835,0.003897297417814744,2.7683514183335114,291,True
LEVEL_PLUS_JUMP,threat,freight,physical_channel,a,19,0.0026343252590647973,0.002681252682048836,0.004044221252338603,0.6513801037817795,0.5148011508797197,-0.0040178267360385786,0.009286477254168174,-0.008561500380901303,0.013830150899030898,2.7683514183335114,290,True
LEVEL_PLUS_JUMP,threat,freight,physical_channel,a,20,-0.0018779151900885304,-0.0019113680525056494,0.0015283155669001225,-1.228748323160445,0.21916618219618023,-0.0043917705934305926,0.0006359402132535314,-0.006108829757377669,0.0023529993772006086,2.7683514183335114,289,True
LEVEL_PLUS_JUMP,threat,freight,physical_channel,a,21,0.001672454371343359,0.0017022471896126553,0.0015001101750069436,1.1148876923894058,0.2648985514712241,-0.0007950072908436202,0.004139916033530338,-0.002480377759293645,0.005825286501980363,2.7683514183335114,288,True
LEVEL_PLUS_JUMP,threat,freight,physical_channel,a,22,-5.3776824426398956e-05,-5.4734795648028556e-05,0.0013751639664885947,-0.03910575446774912,0.9688060730784794,-0.0023157202623581364,0.0022081666135053387,-0.0038607139414962373,0.0037531602926434396,2.7683514183335114,287,True
LEVEL_PLUS_JUMP,threat,freight,physical_channel,a,23,-0.0014605957390000331,-0.0014866145435561084,0.001079051523445877,-1.353592212479086,0.17586651279283982,-0.0032354775510074953,0.0003142860730074293,-0.004447789554386363,0.001526598076386297,2.7683514183335114,286,True
LEVEL_PLUS_JUMP,threat,freight,physical_channel,a,24,-0.0014689372555511417,-0.0014951046544670727,0.0013220211268540995,-1.111129940144486,0.26651242215771986,-0.00364346850096358,0.0007055939898612965,-0.005128756317144555,0.0021908818060422715,2.7683514183335114,285,True
LEVEL_PLUS_JUMP,threat,oil,asset_price,b,0,0.0026619853810570457,0.0027094055367589045,0.013395938032209474,0.19871586257390206,0.8424850149404152,-0.019372371877639877,0.024696342639753968,-0.03474882448908382,0.04007279525119791,2.7926980387778393,309,True
LEVEL_PLUS_JUMP,threat,oil,asset_price,b,1,-0.006422701666597853,-0.006537114583822709,0.012243644982312714,-0.5245743139298917,0.5998791467057112,-0.026561705522861113,0.013716302189665408,-0.04061550499619471,0.027770101662998998,2.7926980387778393,308,True
LEVEL_PLUS_JUMP,threat,oil,asset_price,b,2,0.001234849388017108,0.0012568467853975788,0.009213626446684189,0.13402425148910904,0.8933833975233039,-0.013920217490187386,0.0163899162662216,-0.02449602711966946,0.026965725895703674,2.7926980387778393,307,True
LEVEL_PLUS_JUMP,threat,oil,asset_price,b,3,-0.0012934479952300816,-0.0013164892582522368,0.009034312360522326,-0.14317060818952024,0.8861554419224286,-0.016153569448447747,0.013566673457987583,-0.026523554406167174,0.02393665841570701,2.7926980387778393,306,True
LEVEL_PLUS_JUMP,threat,oil,asset_price,b,4,0.0046357078713285226,0.004718287584429517,0.008671845128574857,0.534569956289148,0.5929472632262256,-0.009628208040769286,0.01889962378342633,-0.01958213701182764,0.028853552754484684,2.7926980387778393,305,True
LEVEL_PLUS_JUMP,threat,oil,asset_price,b,5,-0.01582574310695236,-0.016107660208214313,0.010963954848442772,-1.4434338088504728,0.14889830591886632,-0.033859844005145634,0.002208357791240914,-0.046444758309447276,0.014793272095542553,2.7926980387778393,304,True
LEVEL_PLUS_JUMP,threat,oil,asset_price,b,6,0.012043992945972016,0.012258542591824425,0.00965890327942415,1.246931726879251,0.21242253227057117,-0.0038434891455622656,0.027931475037506297,-0.014930407299220648,0.03901839319116468,2.7926980387778393,303,True
LEVEL_PLUS_JUMP,threat,oil,asset_price,b,7,-0.004575143100576642,-0.004656643923132428,0.007915098341831073,-0.5780273223387685,0.5632456729402633,-0.017594321315815065,0.008444035114661783,-0.026679622716542006,0.017529336515388724,2.7926980387778393,302,True
LEVEL_PLUS_JUMP,threat,oil,asset_price,b,8,0.002612254028287498,0.002658788278113097,0.00933877691433639,0.2797212153421617,0.7796914003316391,-0.01274866705054939,0.017973175107124387,-0.023468129944963497,0.028692638001538495,2.7926980387778393,301,True
LEVEL_PLUS_JUMP,threat,oil,asset_price,b,9,-0.004680918977185103,-0.004764304073251168,0.007817121026401242,-0.5988034420058163,0.5493039667599706,-0.0175389388497798,0.008177100895409595,-0.02651177753650486,0.017149939582134656,2.7926980387778393,300,True
LEVEL_PLUS_JUMP,threat,oil,asset_price,b,10,0.00966005018105616,0.009832132675172469,0.0076670793629984215,1.2599387229087364,0.20769146833643293,-0.0029511731172965766,0.022271273479408896,-0.01175178731914358,0.0310718876812559,2.7926980387778393,299,True
LEVEL_PLUS_JUMP,threat,oil,asset_price,b,11,-0.007342835227276185,-0.007473639247556816,0.00914927235015491,-0.8025594764540877,0.42222939852810815,-0.022392049036395308,0.00770637858184294,-0.03289399017579812,0.018208319721245744,2.7926980387778393,298,True
LEVEL_PLUS_JUMP,threat,oil,asset_price,b,12,-0.0017325772490428106,-0.00176344108604949,0.00911776743584469,-0.19002209271444317,0.8492918184518683,-0.016729970085591975,0.013264815587506355,-0.027195748485158728,0.02373059398707311,2.7926980387778393,297,True
LEVEL_PLUS_JUMP,threat,oil,asset_price,b,13,0.007097033395754517,0.007223458743933676,0.00648948797315946,1.0936199319742739,0.27412170371622024,-0.0035772244339547787,0.017771291225463812,-0.011026146939560283,0.025220213731069314,2.7926980387778393,296,True
LEVEL_PLUS_JUMP,threat,oil,asset_price,b,14,0.0004962291864895713,0.0005050689289819956,0.009860064692111392,0.050327173500857726,0.9598616698798768,-0.015722133984306004,0.016714592357285146,-0.027039954141392535,0.028032412514371677,2.7926980387778393,295,True
LEVEL_PLUS_JUMP,threat,oil,asset_price,b,15,0.0005521588519186436,0.0005619949159768709,0.007597889560774585,0.07267266094117225,0.9420666044164097,-0.01194525734929816,0.013049575053135448,-0.02066645242330716,0.021770770127144446,2.7926980387778393,294,True
LEVEL_PLUS_JUMP,threat,oil,asset_price,b,16,-0.003100923897737916,-0.00315616322966541,0.00823965312533609,-0.37634155838464756,0.7066629872448875,-0.016653947225769017,0.010452099430293186,-0.02611178702107371,0.019909939225597875,2.7926980387778393,293,True
LEVEL_PLUS_JUMP,threat,oil,asset_price,b,17,-0.00026327514653280335,-0.00026796508530175996,0.011949617664603372,-0.022032097923322294,0.9824223513072446,-0.01991864710283904,0.019392096809773433,-0.03363494896261566,0.03310839866955006,2.7926980387778393,292,True
LEVEL_PLUS_JUMP,threat,oil,asset_price,b,18,-0.00046367086515493924,-0.0004719306192379357,0.009588801707701466,-0.048355454548875625,0.9614329598670494,-0.016235846132186166,0.015308504401876286,-0.02724229858848242,0.02631495685817254,2.7926980387778393,291,True
LEVEL_PLUS_JUMP,threat,oil,asset_price,b,19,-8.099244630195484e-05,-8.24352319917801e-05,0.008240165547055955,-0.009828982905676185,0.9921577325635139,-0.013634858633057505,0.013472873740453594,-0.02309328660876984,0.02293130171616593,2.7926980387778393,290,True
LEVEL_PLUS_JUMP,threat,oil,asset_price,b,20,0.010653357604473333,0.010843134708414866,0.010679448079319517,0.9975569453915218,0.31849424745488075,-0.006912771302635309,0.028219486511581973,-0.019171116101872047,0.04047783131081871,2.7926980387778393,289,True
LEVEL_PLUS_JUMP,threat,oil,asset_price,b,21,-0.012964268836591606,-0.013195212120941203,0.010811662901119056,-1.199100356268946,0.23048892559762302,-0.030747871772873962,0.00481933409969075,-0.04315797861647391,0.017229440943290705,2.7926980387778393,288,True
LEVEL_PLUS_JUMP,threat,oil,asset_price,b,22,0.0003829879249914879,0.0003898104068744712,0.006837401583674117,0.05601366546992947,0.9553309207827348,-0.010863536868838623,0.011629512718821598,-0.01871181006807171,0.019477785918054685,2.7926980387778393,287,True
LEVEL_PLUS_JUMP,threat,oil,asset_price,b,23,-0.004041206888671603,-0.004113196262185042,0.009007193012038821,-0.44866440446765293,0.6536737661491945,-0.018856720983175614,0.010774307205832407,-0.02919557714828588,0.021113163370942673,2.7926980387778393,286,True
LEVEL_PLUS_JUMP,threat,oil,asset_price,b,24,0.013694383111313409,0.01393833252741483,0.008409763439282573,1.6283910017428103,0.10344200439431009,-0.00013844678359441719,0.027527213006221234,-0.009791546752156608,0.03718031297478343,2.7926980387778393,285,True
LEVEL_PLUS_JUMP,threat,dxy,asset_price,b,0,0.0007672219404102633,0.0007808891018195758,0.0011271503467039188,0.680674004718022,0.4960777884968738,-0.0010867753954852868,0.0026212192763058135,-0.002395959033512763,0.003930402914333289,2.8063523053273163,309,True
LEVEL_PLUS_JUMP,threat,dxy,asset_price,b,1,0.0005409780712707338,0.0005506149628004546,0.0013599926983107594,0.39778012921884076,0.690792265807086,-0.0016960108511732382,0.0027779669937147058,-0.0032756405728619833,0.004357596715403451,2.8063523053273163,308,True
LEVEL_PLUS_JUMP,threat,dxy,asset_price,b,2,-0.0004483766381759857,-0.00045636394349579863,0.001085003307859573,-0.4132490978857154,0.6794241194935213,-0.002233048264363149,0.0013362949880111779,-0.0034932781724754626,0.0025965248961234907,2.8063523053273163,307,True
LEVEL_PLUS_JUMP,threat,dxy,asset_price,b,3,0.001626228229322252,0.0016551975829445461,0.0010647356407533486,1.5273539901149753,0.12667301083976634,-0.0001251060511153932,0.0033775625097598972,-0.0013617950906700653,0.004614251549314569,2.8063523053273163,306,True
LEVEL_PLUS_JUMP,threat,dxy,asset_price,b,4,0.0005724040814431934,0.0005826007905835108,0.001240953764287618,0.46126140869703375,0.6446110687036442,-0.001468783218624377,0.002613591381510764,-0.002910149375769974,0.004054957538656361,2.8063523053273163,305,True
LEVEL_PLUS_JUMP,threat,dxy,asset_price,b,5,0.0014193914202110208,0.0014446762180266878,0.0012685965903206156,1.1188674406355565,0.2631966951245961,-0.0006672642825161145,0.003506047122938156,-0.002140737545565612,0.004979520385987654,2.8063523053273163,304,True
LEVEL_PLUS_JUMP,threat,dxy,asset_price,b,6,-0.000443955340114421,-0.00045186388518108766,0.001345707872153297,-0.32990469127897587,0.74147197864967,-0.0026574478144429196,0.0017695371342140778,-0.004220485729428944,0.0033325750492001014,2.8063523053273163,303,True
LEVEL_PLUS_JUMP,threat,dxy,asset_price,b,7,-0.002135739546981591,-0.0021737852487263044,0.0011940471027842038,-1.7886560270542158,0.07367022881059698,-0.004099772254747086,-0.0001717068392160957,-0.005486656386549445,0.0012151772925862625,2.8063523053273163,302,True
LEVEL_PLUS_JUMP,threat,dxy,asset_price,b,8,-0.002961190228687601,-0.003013940368754647,0.00135002304972751,-2.1934367930127494,0.02827592388114441,-0.005181780538499983,-0.0007405999188752183,-0.0067498305265354126,0.000827450069160211,2.8063523053273163,301,True
LEVEL_PLUS_JUMP,threat,dxy,asset_price,b,9,0.00013269255817845648,0.00013505632088507276,0.0012702942043697123,0.10445813081883276,0.9168057932181419,-0.0019567554711744997,0.0022221405875314125,-0.003432200510698415,0.0036975856270553276,2.8063523053273163,300,True
LEVEL_PLUS_JUMP,threat,dxy,asset_price,b,10,-0.0009390418223297795,-0.0009557697539489055,0.001102573441724513,-0.8516818805838847,0.3943906799929052,-0.0027526137469307123,0.0008745301022711533,-0.00403325134230604,0.002155167697646481,2.8063523053273163,299,True
LEVEL_PLUS_JUMP,threat,dxy,asset_price,b,11,0.00040548908367753244,0.00041271239738174115,0.001236026613505306,0.32805853793680617,0.7428674025903488,-0.0016275937745552152,0.0024385719419102803,-0.0030632370525789984,0.0038742152199340634,2.8063523053273163,298,True
LEVEL_PLUS_JUMP,threat,dxy,asset_price,b,12,-0.0006352567200028543,-0.0006465730753771372,0.0011642803693095284,-0.5456217735420469,0.5853259542034512,-0.0025503275082500317,0.0012798140682443232,-0.0039026376184619887,0.0026321241784562797,2.8063523053273163,297,True
LEVEL_PLUS_JUMP,threat,dxy,asset_price,b,13,0.000811615612362426,0.0008260735951079973,0.0011282852325267421,0.7193354915625818,0.47193423293969494,-0.0010442484445949709,0.002667479669319823,-0.002354750251005764,0.003977981475730616,2.8063523053273163,296,True
LEVEL_PLUS_JUMP,threat,dxy,asset_price,b,14,-0.0011286350925738722,-0.0011487404065253645,0.0014754457096415638,-0.7649451858503532,0.4443041855042783,-0.003555527319447787,0.0012982571343000428,-0.005269255561211773,0.003011985376064028,2.8063523053273163,295,True
LEVEL_PLUS_JUMP,threat,dxy,asset_price,b,15,0.00013280074875917722,0.00013516643875443292,0.0013153072851183696,0.10096556923367604,0.9195777922385479,-0.002030687209723467,0.0022962887072418216,-0.003558414883046573,0.0038240163805649276,2.8063523053273163,294,True
LEVEL_PLUS_JUMP,threat,dxy,asset_price,b,16,7.346371451782781e-05,7.477238465766493e-05,0.0011137108620739471,0.06596300442021731,0.9474072794733511,-0.0017584276363397549,0.0019053550653754107,-0.0030520013307314665,0.0031989287597671222,2.8063523053273163,293,True
LEVEL_PLUS_JUMP,threat,dxy,asset_price,b,17,0.0010055822234203602,0.0010234954944491738,0.0010807264632545447,0.9304687704158812,0.35212842631434094,-0.0007720546194063145,0.0027832190662470347,-0.0020273169781622686,0.0040384814250029885,2.8063523053273163,292,True
LEVEL_PLUS_JUMP,threat,dxy,asset_price,b,18,-0.0017373606695926438,-0.0017683097176410046,0.0013424866891161953,-1.2941362351506125,0.1956183673224441,-0.0039455547693194905,0.00047083343013420336,-0.0055048512844651145,0.002030129945279827,2.8063523053273163,291,True
LEVEL_PLUS_JUMP,threat,dxy,asset_price,b,19,-0.0020040207965172662,-0.002039720082800678,0.001487318707887054,-1.3474050893666634,0.17784980237899806,-0.004450442367618064,0.0004424007745835318,-0.006177961081152546,0.0021699194881180128,2.8063523053273163,290,True
LEVEL_PLUS_JUMP,threat,dxy,asset_price,b,20,-0.0022294965010776274,-0.0022692123732872146,0.0011866223959004776,-1.8788592805765787,0.060263710088559845,-0.004181316652796373,-0.00027767634935888116,-0.0055595769973659556,0.0011005839952107012,2.8063523053273163,289,True
LEVEL_PLUS_JUMP,threat,dxy,asset_price,b,21,0.00140066361086218,0.0014256147946611825,0.0013690393979104319,1.023099563825567,0.306260773166771,-0.0008512058082302536,0.003652533029954614,-0.0024413432595476814,0.005242670481272042,2.8063523053273163,288,True
LEVEL_PLUS_JUMP,threat,dxy,asset_price,b,22,-7.189807903837694e-05,-7.317885921355226e-05,0.0011538793138287484,-0.06230987779805853,0.9503160624184438,-0.00196986065345387,0.001826064495377116,-0.0033100899514711866,0.0031662937933944328,2.8063523053273163,287,True
LEVEL_PLUS_JUMP,threat,dxy,asset_price,b,23,-0.001848519796792408,-0.001881449014663265,0.001281442330936794,-1.442530617387248,0.1491527406672104,-0.003956304862562942,0.0002592652689781265,-0.00544469843636089,0.0017476588427760738,2.8063523053273163,286,True
LEVEL_PLUS_JUMP,threat,dxy,asset_price,b,24,-0.0006140391259414335,-0.0006249775146968269,0.0009193628074449119,-0.667896418007128,0.5041997140427613,-0.002126256374251485,0.0008981781223686178,-0.0031940950600466552,0.0019660168081637886,2.8063523053273163,285,True
LEVEL_PLUS_JUMP,threat,vix,asset_price,b,0,0.017965116649670158,0.01828514418805999,0.42795651552801317,0.04197883662900839,0.9665155691661149,-0.6859607100940963,0.7218909433934366,-1.1398255083950428,1.1757557416943831,2.705393148685281,309,True
LEVEL_PLUS_JUMP,threat,vix,asset_price,b,1,-0.08753134817865083,-0.08909061675651846,0.5256766944987743,-0.16651175350680286,0.8677542343306266,-0.9521925657288207,0.7771298693715191,-1.5096934758991603,1.3346307795418586,2.705393148685281,308,True
LEVEL_PLUS_JUMP,threat,vix,asset_price,b,2,-0.5029971639660202,-0.5119574700603349,0.420307309599599,-1.1967366554847565,0.2314092149867174,-1.194341166595136,0.18834683866309554,-1.6400936796991186,0.6340993517670781,2.705393148685281,307,True
LEVEL_PLUS_JUMP,threat,vix,asset_price,b,3,-0.27858114374346016,-0.2835437409485098,0.3975175331887263,-0.7008021545837083,0.4834264932699509,-0.9324392999857387,0.37527701249881845,-1.354022354514514,0.7968600670275936,2.705393148685281,306,True
LEVEL_PLUS_JUMP,threat,vix,asset_price,b,4,-0.526285632332145,-0.5356607952486789,0.31600423278716955,-1.665438553434191,0.09582529309844148,-1.0460663407641382,-0.006504923900151782,-1.3812013186701022,0.32863005400581213,2.705393148685281,305,True
LEVEL_PLUS_JUMP,threat,vix,asset_price,b,5,-0.06894998443801081,-0.070178247756419,0.3639571291494172,-0.18944534648668587,0.8497437865275586,-0.6676061883742751,0.5297062194982535,-1.053597108054008,0.9156971391779865,2.705393148685281,304,True
LEVEL_PLUS_JUMP,threat,vix,asset_price,b,6,0.1519675572697609,0.15467468153822764,0.401823150220361,0.37819512685225193,0.7052856453123231,-0.5089727087632663,0.812907823302788,-0.9351220403195402,1.239057154859062,2.705393148685281,303,True
LEVEL_PLUS_JUMP,threat,vix,asset_price,b,7,-0.602729156237263,-0.6134660711122318,0.3835881843803382,-1.5712922889189946,0.11611477151483085,-1.2336755725709923,0.028217260096466412,-1.6404860021764562,0.4350276897019303,2.705393148685281,302,True
LEVEL_PLUS_JUMP,threat,vix,asset_price,b,8,0.001912671821067842,0.0019467438322092326,0.38830097946639536,0.0049257455484563615,0.9960698395693433,-0.6367856026030417,0.6406109462451773,-1.0485941376551022,1.0524194812972378,2.705393148685281,301,True
LEVEL_PLUS_JUMP,threat,vix,asset_price,b,9,-0.04484775117601725,-0.04564666140248907,0.4573622855714335,-0.09805738818185232,0.9218867237050364,-0.7971417654290046,0.7074462630769701,-1.2821925450280143,1.1924970426759798,2.705393148685281,300,True
LEVEL_PLUS_JUMP,threat,vix,asset_price,b,10,-0.25984879792018195,-0.2644777002965815,0.5683076370351146,-0.4572326342046437,0.6475038442383474,-1.194631675921611,0.6749340800812471,-1.7973443855005022,1.2776467896601382,2.705393148685281,299,True
LEVEL_PLUS_JUMP,threat,vix,asset_price,b,11,0.45599014145033945,0.4641130724250773,0.6910833346540026,0.6598193279810968,0.5093697784774369,-0.6807407880810149,1.592721070981694,-1.4136619772931764,2.325642260193855,2.705393148685281,298,True
LEVEL_PLUS_JUMP,threat,vix,asset_price,b,12,0.17793746094765595,0.18110720867180785,0.49149053935205156,0.36203639073548977,0.7173248364976502,-0.6304925353179013,0.9863674572132132,-1.151737676859018,1.5076125987543296,2.705393148685281,297,True
LEVEL_PLUS_JUMP,threat,vix,asset_price,b,13,-0.2982048686828642,-0.3035170395928256,0.48271593332667045,-0.6177647102463857,0.5367304490116471,-1.092201922402503,0.4957921850367747,-1.6041412474660592,1.0077315101003308,2.705393148685281,296,True
LEVEL_PLUS_JUMP,threat,vix,asset_price,b,14,-0.3912671845055422,-0.3982371517120913,0.48067876189269226,-0.813988916350104,0.41565130052912413,-1.18191338940328,0.39937902039219575,-1.6916922136485553,0.9091578446374708,2.705393148685281,295,True
LEVEL_PLUS_JUMP,threat,vix,asset_price,b,15,-0.3729901508925914,-0.3796345341249152,0.5764883135090422,-0.6470038371154961,0.5176294600875901,-1.3212290442630767,0.575248742477894,-1.9326176845570864,1.1866373827719034,2.705393148685281,294,True
LEVEL_PLUS_JUMP,threat,vix,asset_price,b,16,-0.19806523393818862,-0.2015935343936721,0.5325089639412349,-0.37194722971845806,0.7099321395311355,-1.0739645346610995,0.6778340667847224,-1.6387113365983028,1.2425808687219257,2.705393148685281,293,True
LEVEL_PLUS_JUMP,threat,vix,asset_price,b,17,-0.3924155178936468,-0.3994059413162402,0.517228994649989,-0.7586881670452292,0.44803911701413257,-1.2431815057081448,0.45835046992085116,-1.7917232963211027,1.006892260533809,2.705393148685281,292,True
LEVEL_PLUS_JUMP,threat,vix,asset_price,b,18,-0.7757329705856901,-0.7895517460417867,0.35315423236397814,-2.196584096962433,0.02805016302672518,-1.3566199905628427,-0.1948459506085377,-1.7311540112524062,0.17968807008102605,2.705393148685281,291,True
LEVEL_PLUS_JUMP,threat,vix,asset_price,b,19,-0.9319579819070293,-0.9485597231953576,0.3344536058552869,-2.7865089973354142,0.005327913901692355,-1.482085208545096,-0.3818307552689625,-1.8367864757410097,-0.027129488073048824,2.705393148685281,290,True
LEVEL_PLUS_JUMP,threat,vix,asset_price,b,20,-0.9998160510000099,-1.0176266044121445,0.4001076996967886,-2.4988673093711893,0.01245909520106562,-1.6579346520174831,-0.3416974499825367,-2.0822646804959297,0.08263257849590977,2.705393148685281,289,True
LEVEL_PLUS_JUMP,threat,vix,asset_price,b,21,-0.8099400788793809,-0.8243682139559096,0.4333783604444846,-1.868898294895676,0.0616369655978835,-1.522784046898774,-0.09709611085998804,-1.9823989260143497,0.36251876825558793,2.705393148685281,288,True
LEVEL_PLUS_JUMP,threat,vix,asset_price,b,22,-0.8706909855356461,-0.8862013269507856,0.3205843435996,-2.7159498051567748,0.006608593667522049,-1.398005305849305,-0.34337666522198707,-1.737997672285772,-0.0033842987855202677,2.705393148685281,287,True
LEVEL_PLUS_JUMP,threat,vix,asset_price,b,23,-0.8871968543868269,-0.9030012285477836,0.4063235391981225,-2.1834739285292346,0.02900092688203571,-1.5555396015526175,-0.2188541072210365,-1.9864617734829826,0.2120680647093287,2.705393148685281,286,True
LEVEL_PLUS_JUMP,threat,vix,asset_price,b,24,-0.9294569041652326,-0.9460140916792307,0.35485220098902504,-2.619278960577672,0.008811585728797816,-1.5131368339937432,-0.34577697433672205,-1.8894716175168331,0.030557809186367968,2.705393148685281,285,True
LEVEL_PLUS_JUMP,threat,us10y,asset_price,b,0,0.01307490941386252,0.013307823630674205,0.022692968697853238,0.5761656655834285,0.5645032101204579,-0.02425170245509761,0.050401521282822645,-0.04979481200744233,0.07594463083516738,2.770449395951106,309,True
LEVEL_PLUS_JUMP,threat,us10y,asset_price,b,1,0.021466111486986274,0.021848505153108565,0.024326349151988384,0.8824222390654818,0.37754851377109744,-0.01854717214614969,0.06147939512012224,-0.04592880782683564,0.08886103080080818,2.770449395951106,308,True
LEVEL_PLUS_JUMP,threat,us10y,asset_price,b,2,0.010735548759942334,0.010926790003175311,0.018382889228741976,0.5839968149923415,0.5592224548877389,-0.019501613261801054,0.040972710781685726,-0.04019331559966196,0.06166441311954663,2.770449395951106,307,True
LEVEL_PLUS_JUMP,threat,us10y,asset_price,b,3,-0.028171920218696682,-0.028673770023243866,0.018984611364177326,-1.4839345235086132,0.13782629190805412,-0.059398827077327895,0.003054986639934528,-0.08076782530494825,0.024423984867554892,2.770449395951106,306,True
LEVEL_PLUS_JUMP,threat,us10y,asset_price,b,4,0.0033822555404750625,0.003442506466529778,0.0229906012446326,0.1471147058959446,0.8830414825478551,-0.0344339183025539,0.04119842938350402,-0.06031204179027006,0.06707655287122019,2.770449395951106,305,True
LEVEL_PLUS_JUMP,threat,us10y,asset_price,b,5,0.022230368115789108,0.022626376119763102,0.026177279107510897,0.8492237877163741,0.39575677916420904,-0.02082742436792119,0.0652881605994994,-0.05029245897525796,0.09475319520683617,2.770449395951106,304,True
LEVEL_PLUS_JUMP,threat,us10y,asset_price,b,6,0.013937788983505115,0.014186074390495223,0.028445370088500593,0.4899844487922358,0.6241449032960744,-0.032850681176542,0.06072625914355224,-0.064868669395787,0.09274424736279724,2.770449395951106,303,True
LEVEL_PLUS_JUMP,threat,us10y,asset_price,b,7,-0.0013389872523659045,-0.0013628397439843151,0.016538160854071702,-0.08096349190099002,0.9354709863956535,-0.028541841116292602,0.02586386661156079,-0.047157125000671075,0.044479150495939264,2.770449395951106,302,True
LEVEL_PLUS_JUMP,threat,us10y,asset_price,b,8,-0.003168344161963589,-0.003224784507033301,0.018752817203939613,-0.16895296997285184,0.8658336340176704,-0.03401398355542163,0.02767729523149445,-0.0551220752569996,0.04878538693307242,2.770449395951106,301,True
LEVEL_PLUS_JUMP,threat,us10y,asset_price,b,9,-0.02803384937541202,-0.02853323960939468,0.017217627532210338,-1.6282062858525048,0.10348115239407531,-0.05635432646926772,0.0002866277184436772,-0.07573441517173528,0.019666716420911237,2.770449395951106,300,True
LEVEL_PLUS_JUMP,threat,us10y,asset_price,b,10,0.005962827564682693,0.0060690483627204,0.025468625656412957,0.23412443392607105,0.8148883774840976,-0.03592933371973748,0.047854988849102865,-0.06459671100083142,0.0765223661301968,2.770449395951106,299,True
LEVEL_PLUS_JUMP,threat,us10y,asset_price,b,11,-0.05103237111217706,-0.051941453108342465,0.019391024040989982,-2.631752248065991,0.008494578241630855,-0.08292776733630262,-0.019136974888051494,-0.10475422195341114,0.0026894797290570108,2.770449395951106,298,True
LEVEL_PLUS_JUMP,threat,us10y,asset_price,b,12,-0.00680123071305063,-0.006922386682453083,0.018004783319197335,-0.3777457685813368,0.7056194641056505,-0.036416463858107734,0.022814002432006472,-0.05668257178395143,0.04308011035785017,2.770449395951106,297,True
LEVEL_PLUS_JUMP,threat,us10y,asset_price,b,13,0.02859383523615927,0.02910320096320678,0.018670555738912603,1.5314935257425075,0.12564746530288548,-0.002116496088190749,0.05930416656050929,-0.0231319946327826,0.08031966510510113,2.770449395951106,296,True
LEVEL_PLUS_JUMP,threat,us10y,asset_price,b,14,0.007985805272620222,0.008128063052143414,0.022914232960474772,0.3485085137431875,0.7274583210821596,-0.029704753921227678,0.045676364466468125,-0.05549691759141003,0.07146852813665047,2.770449395951106,295,True
LEVEL_PLUS_JUMP,threat,us10y,asset_price,b,15,-0.00395748656062371,-0.004027984554424964,0.015705444234740507,-0.25198182881511455,0.8010551092166334,-0.029790643473020722,0.0218756703517733,-0.047468625053904326,0.039553651932656905,2.770449395951106,294,True
LEVEL_PLUS_JUMP,threat,us10y,asset_price,b,16,-0.010784235195255865,-0.010976343730382917,0.013598997132885883,-0.7930169474906942,0.42776794885847347,-0.03315259495218588,0.011584124561674151,-0.04845956858760038,0.026891098197088653,2.770449395951106,293,True
LEVEL_PLUS_JUMP,threat,us10y,asset_price,b,17,-0.0031707715189502146,-0.0032272551045452384,0.015280642593864085,-0.20750249863336456,0.8356174415115255,-0.028305191911616706,0.021963648873716275,-0.04550501856286571,0.03916347552496528,2.770449395951106,292,True
LEVEL_PLUS_JUMP,threat,us10y,asset_price,b,18,0.017746199874739972,0.018062327666862676,0.01684415520372963,1.053552384200937,0.2920878990558383,-0.009959969905048223,0.04545236965452817,-0.02891967973473946,0.0644120794842194,2.770449395951106,291,True
LEVEL_PLUS_JUMP,threat,us10y,asset_price,b,19,0.0060147590382706095,0.0061219049347633605,0.026795367735641673,0.2244701060874085,0.8223915253238231,-0.03805969876719805,0.05008921684373927,-0.06822045131922562,0.08024996939576683,2.770449395951106,290,True
LEVEL_PLUS_JUMP,threat,us10y,asset_price,b,20,0.0013450088946428574,0.0013689686547746064,0.02097096892073487,0.06413670726072132,0.9488613738335512,-0.0331491653953145,0.03583918318460021,-0.05675399928431648,0.05944401707360219,2.770449395951106,289,True
LEVEL_PLUS_JUMP,threat,us10y,asset_price,b,21,-0.0037131917939508367,-0.0037793379622480094,0.03524677788842407,-0.10534840392234385,0.916099355854821,-0.061688982242078125,0.054262598654176444,-0.1013626063041581,0.09393622271625642,2.770449395951106,288,True
LEVEL_PLUS_JUMP,threat,us10y,asset_price,b,22,-0.02234237756417444,-0.022740380885448188,0.015374784323069457,-1.4531831533174935,0.1461729083490336,-0.04763164732157187,0.0029468921932229927,-0.06493743950490075,0.020252684376551873,2.770449395951106,287,True
LEVEL_PLUS_JUMP,threat,us10y,asset_price,b,23,-0.024884591417064252,-0.025327881304368496,0.022831558565208795,-1.0899208368097968,0.27574801707524266,-0.06243916333200289,0.012669980497874381,-0.08813826905266926,0.03836908621854075,2.770449395951106,286,True
LEVEL_PLUS_JUMP,threat,us10y,asset_price,b,24,0.019523050939416958,0.019870831254782496,0.013159690629881933,1.4835493848985808,0.13792850572430537,-0.0021227139227036444,0.041168815801537556,-0.016935206017042872,0.05598130789587678,2.770449395951106,285,True
LEVEL_PLUS_JUMP,threat,ip,real_macro,b,0,0.056885519093820724,0.057898868074549865,0.05173039970392483,1.0996535773819813,0.2714830884949716,-0.028203416482829397,0.14197445467047085,-0.08878846928168224,0.2025595074693237,2.816022864877469,309,True
LEVEL_PLUS_JUMP,threat,ip,real_macro,b,1,0.07096233578427481,0.07222644678796547,0.14319132048010835,0.495577075107235,0.6201928304139561,-0.16456642705540203,0.30649109862395163,-0.33226769673970774,0.47419236830825734,2.816022864877469,308,True
LEVEL_PLUS_JUMP,threat,ip,real_macro,b,2,-0.12455953704038401,-0.12677841948904006,0.13112522031512253,-0.949928143045558,0.34214876568327646,-0.34024133126052414,0.09112225717975612,-0.49381115560986466,0.2446920815290966,2.816022864877469,307,True
LEVEL_PLUS_JUMP,threat,ip,real_macro,b,3,0.06184584531802089,0.06294755670808459,0.06950692292530233,0.8897796466185872,0.3735842174828993,-0.05248286895389908,0.17617455958994085,-0.1338872389069064,0.2575789295429482,2.816022864877469,306,True
LEVEL_PLUS_JUMP,threat,ip,real_macro,b,4,0.0477172856300792,0.0485673132562076,0.08683141284543325,0.5495394358608414,0.5826353088613954,-0.09510767872205231,0.19054224998221073,-0.19680195833227598,0.2922365295924344,2.816022864877469,305,True
LEVEL_PLUS_JUMP,threat,ip,real_macro,b,5,0.043775140473664806,0.044554943395162305,0.052001019653806616,0.8418131176099034,0.3998925682286866,-0.0417589253090738,0.1293092062564034,-0.10266091986839727,0.1902112008157269,2.816022864877469,304,True
LEVEL_PLUS_JUMP,threat,ip,real_macro,b,6,-0.011596538042394182,-0.011803116802550443,0.042303370277332435,-0.27412799420872613,0.7839862612729787,-0.08117939007533553,0.05798631399054718,-0.13072379600474024,0.10753071991995186,2.816022864877469,303,True
LEVEL_PLUS_JUMP,threat,ip,real_macro,b,7,0.10873245272241273,0.1106693941777014,0.06936538592277425,1.567531864429711,0.11699042417204632,-0.005363453897551079,0.22282835934237655,-0.08660206006716926,0.30406696551199475,2.816022864877469,302,True
LEVEL_PLUS_JUMP,threat,ip,real_macro,b,8,-0.033984035183536564,-0.03458942101745156,0.07009902758066451,-0.48480037964050754,0.6278179534051161,-0.14928667494536388,0.08131860457829074,-0.23138449965636415,0.163416429289291,2.816022864877469,301,True
LEVEL_PLUS_JUMP,threat,ip,real_macro,b,9,-0.0029769008413547265,-0.0030299308476089233,0.07560702271114403,-0.03937333774837227,0.9685927368154157,-0.1273393863707823,0.12138558468807285,-0.21588800554124637,0.20993420385853695,2.816022864877469,300,True
LEVEL_PLUS_JUMP,threat,ip,real_macro,b,10,-0.003218291983665009,-0.0032756220907517873,0.04486013256520979,-0.07174058121622402,0.9428083602072208,-0.07700664373907419,0.07057005977174417,-0.12954545100873013,0.1231088670414001,2.816022864877469,299,True
LEVEL_PLUS_JUMP,threat,ip,real_macro,b,11,0.027076927176024838,0.02755927096038669,0.06727393544737306,0.4024876350099442,0.6873251865676973,-0.08357884954388596,0.13773270389593564,-0.16236801325406858,0.21652186760611825,2.816022864877469,298,True
LEVEL_PLUS_JUMP,threat,ip,real_macro,b,12,-0.023002364047935264,-0.023412124256396962,0.07676700126587238,-0.2996386946035525,0.7644527655044597,-0.1492728445102937,0.10326811641442318,-0.23917999488070948,0.19317526678483896,2.816022864877469,297,True
LEVEL_PLUS_JUMP,threat,ip,real_macro,b,13,0.03564446890176834,0.036279433420078624,0.06807269365798564,0.5236235998072168,0.6005403637689111,-0.07632514815792582,0.1476140859614625,-0.1560497929129187,0.22733873071645538,2.816022864877469,296,True
LEVEL_PLUS_JUMP,threat,ip,real_macro,b,14,-0.08776460993172193,-0.0893280337948622,0.04755242697734592,-1.8456389191982394,0.06494465151634038,-0.1659813919157544,-0.009547827947689463,-0.22167333158034425,0.046144111716900374,2.816022864877469,295,True
LEVEL_PLUS_JUMP,threat,ip,real_macro,b,15,0.08682655713631462,0.08837327068619348,0.07121720950354979,1.219179433476494,0.22277609615576555,-0.030315328216962104,0.20396844248959134,-0.11372273319845055,0.2873758474710798,2.816022864877469,294,True
LEVEL_PLUS_JUMP,threat,ip,real_macro,b,16,-0.0026471159389746274,-0.002694271212959342,0.045927485612937684,-0.057636857399154896,0.9540378904998689,-0.07819110722617673,0.07289687534822747,-0.13197996555133815,0.1266857336733889,2.816022864877469,293,True
LEVEL_PLUS_JUMP,threat,ip,real_macro,b,17,0.007000230182508074,0.007124931094678963,0.04766185317623005,0.1468728074131879,0.8832324156675624,-0.07139654188164246,0.08539700224665861,-0.12721663814418854,0.14121709850920472,2.816022864877469,292,True
LEVEL_PLUS_JUMP,threat,ip,real_macro,b,18,-0.024983571934807505,-0.025428625044252726,0.0836237414043448,-0.29876170947679515,0.7651218686793063,-0.16253238628299604,0.11256524241338102,-0.26046993977604316,0.21050279590642818,2.816022864877469,291,True
LEVEL_PLUS_JUMP,threat,ip,real_macro,b,19,-0.0822102996690194,-0.08367477999199298,0.04427465476832013,-1.8568253123419807,0.0633360112445742,-0.15503562614671507,-0.009384973191323726,-0.20688873983116515,0.04246814049312636,2.816022864877469,290,True
LEVEL_PLUS_JUMP,threat,ip,real_macro,b,20,0.0036704734574732065,0.003735858648575873,0.059779527850330014,0.061400174766568415,0.9510405131804421,-0.09465809974458866,0.10199904665953508,-0.16467004382063558,0.172010990735582,2.816022864877469,289,True
LEVEL_PLUS_JUMP,threat,ip,real_macro,b,21,0.044942784595177795,0.04574338773084646,0.09807154242866055,0.45826529778370917,0.6467618523606024,-0.11637054766932971,0.2062561168596853,-0.23122892127773115,0.32111449046808677,2.816022864877469,288,True
LEVEL_PLUS_JUMP,threat,ip,real_macro,b,22,-0.11007661766330779,-0.1120375038446794,0.1114834979071927,-0.9873803722497467,0.3234562028261492,-0.29345065354119054,0.07329741821457497,-0.4240166968264819,0.20386346149986634,2.816022864877469,287,True
LEVEL_PLUS_JUMP,threat,ip,real_macro,b,23,0.0016803028705585994,0.0017102355006606209,0.06500965032487828,0.025846975982203847,0.9793793929342391,-0.10525105625316439,0.1086116619942816,-0.18138835888198762,0.1847489646231048,2.816022864877469,286,True
LEVEL_PLUS_JUMP,threat,ip,real_macro,b,24,0.011331912749244331,0.01153377751934899,0.07983637173631801,0.14193922522770885,0.8871280107134554,-0.11998723286388435,0.14265105836237302,-0.2134891355090845,0.23615296100757316,2.816022864877469,285,True
LEVEL_PLUS_JUMP,threat,cpi,real_macro,b,0,-0.018518788646178314,-0.018848679203527233,0.025664983785531087,-0.7215585562387334,0.4705659271566517,-0.06073393031145985,0.023696353019103222,-0.09053043936144307,0.05349286206908645,2.8058326986305016,309,True
LEVEL_PLUS_JUMP,threat,cpi,real_macro,b,1,-0.011111756265286168,-0.011309699205157514,0.025835026326756303,-0.4301043136069177,0.6671197623377529,-0.05360659302123804,0.0313830804906657,-0.08360051790287885,0.06137700537230652,2.8058326986305016,308,True
LEVEL_PLUS_JUMP,threat,cpi,real_macro,b,2,-0.002715902886589754,-0.0027642835195825894,0.02764910403803442,-0.09822751879604226,0.9217516312850935,-0.04819463194550926,0.04276282617232976,-0.08029466308434337,0.07486285731116386,2.8058326986305016,307,True
LEVEL_PLUS_JUMP,threat,cpi,real_macro,b,3,-0.0013178781287124218,-0.001341354585985377,0.026900664191483604,-0.04899054236473628,0.9609268329903988,-0.045565533191477825,0.04292977693405298,-0.07679664133205577,0.07416088507463092,2.8058326986305016,306,True
LEVEL_PLUS_JUMP,threat,cpi,real_macro,b,4,-0.012001369500202879,-0.012215159859227755,0.01922497500210985,-0.6242593032701361,0.5324573061075311,-0.04362363936047465,0.019620900360068895,-0.06594343299147669,0.041940693991070935,2.8058326986305016,305,True
LEVEL_PLUS_JUMP,threat,cpi,real_macro,b,5,-0.01682174101364598,-0.01712140065254553,0.020099984598291206,-0.8369031792728874,0.40264699315586894,-0.049883273581814,0.016239791554522036,-0.07321893504150091,0.03957545301420895,2.8058326986305016,304,True
LEVEL_PLUS_JUMP,threat,cpi,real_macro,b,6,0.004024616295269573,0.004096310126768428,0.017063754780441354,0.23585760268206785,0.8135431683059986,-0.02404276264474991,0.03209199523528906,-0.043853424829105314,0.05190265741964446,2.8058326986305016,303,True
LEVEL_PLUS_JUMP,threat,cpi,real_macro,b,7,0.0012585546543713915,0.0012809743333426907,0.01696228751630836,0.07419722446995174,0.9408534543176339,-0.02664192548822209,0.029159034796964876,-0.04633478630245856,0.048851895611201346,2.8058326986305016,302,True
LEVEL_PLUS_JUMP,threat,cpi,real_macro,b,8,0.0020255426420355814,0.0020616253148216883,0.016575876647605108,0.1221982212523422,0.9027420351339273,-0.02523934818167789,0.029290433465749055,-0.04448359406428057,0.048534679348351734,2.8058326986305016,301,True
LEVEL_PLUS_JUMP,threat,cpi,real_macro,b,9,-0.016925805508561948,-0.017227318934708816,0.021416242838378095,-0.7903256251012786,0.42933762526768193,-0.05215239021694165,0.018300779199817752,-0.07701619994629451,0.04316458892917062,2.8058326986305016,300,True
LEVEL_PLUS_JUMP,threat,cpi,real_macro,b,10,0.013051575956151529,0.013284074514708442,0.014985836816000324,0.8709274040817266,0.38379379268412495,-0.011597932083549506,0.03770108399585256,-0.02899617499852298,0.05509932691082604,2.8058326986305016,299,True
LEVEL_PLUS_JUMP,threat,cpi,real_macro,b,11,0.0004951988371147257,0.0005040202251382899,0.01408305574539244,0.035162740676982704,0.9719499724787687,-0.022669366484253797,0.02365976415848325,-0.03901949946994353,0.04000989714417298,2.8058326986305016,298,True
LEVEL_PLUS_JUMP,threat,cpi,real_macro,b,12,-0.007671245157442519,-0.007807899416471021,0.014903640006937523,-0.514722923652988,0.6067466522214028,-0.032185551477632766,0.01684306116274773,-0.04948836561752554,0.0341458753026405,2.8058326986305016,297,True
LEVEL_PLUS_JUMP,threat,cpi,real_macro,b,13,-0.006078218419900547,-0.006186494771045322,0.014285939722068717,-0.425468575267121,0.6704951250124486,-0.029576498186155382,0.017420061346354286,-0.046162175222745294,0.0340057383829442,2.8058326986305016,296,True
LEVEL_PLUS_JUMP,threat,cpi,real_macro,b,14,0.0066246733871627925,0.006742684194332769,0.017115354179672485,0.38706025698438457,0.6987115991603896,-0.02152757901183053,0.03477692578615611,-0.04139814701880449,0.054647493793130074,2.8058326986305016,295,True
LEVEL_PLUS_JUMP,threat,cpi,real_macro,b,15,0.01407784463147426,0.01432862496600262,0.01973059201321495,0.7135034074013262,0.47553430538617214,-0.018376091203362102,0.046531780466310624,-0.041282895602542065,0.0694385848654906,2.8058326986305016,294,True
LEVEL_PLUS_JUMP,threat,cpi,real_macro,b,16,-0.000885555623899786,-0.0009013307614594481,0.020942446203569512,-0.04228520466481363,0.9662713397043348,-0.03533281421907719,0.03356170297127761,-0.05964655597118534,0.05787544472338576,2.8058326986305016,293,True
LEVEL_PLUS_JUMP,threat,cpi,real_macro,b,17,-0.014427544314946097,-0.014684554140273741,0.014390856825651756,-1.0025493610101759,0.31607833902601445,-0.038098397359558736,0.009243308729666545,-0.054805880957669736,0.02595079232777754,2.8058326986305016,292,True
LEVEL_PLUS_JUMP,threat,cpi,real_macro,b,18,-0.025493035690499214,-0.025947164300806038,0.02039796723278902,-1.2497831474854049,0.21137877389731452,-0.059044706075789516,0.008058634694791091,-0.08272631913785218,0.031740247756853746,2.8058326986305016,291,True
LEVEL_PLUS_JUMP,threat,cpi,real_macro,b,19,0.0041921039057039354,0.004266781333063778,0.02159735538342449,0.19410264966613858,0.8460955069516235,-0.03133238442928173,0.03971659224068961,-0.05640646203305199,0.06479066984445986,2.8058326986305016,290,True
LEVEL_PLUS_JUMP,threat,cpi,real_macro,b,20,0.013588515846510269,0.013830579361127625,0.019543659170975444,0.6952902589854186,0.48687341760944747,-0.018557942824772092,0.045734974517792626,-0.041247722106302516,0.06842475379932306,2.8058326986305016,289,True
LEVEL_PLUS_JUMP,threat,cpi,real_macro,b,21,-0.015514645158906406,-0.015791020414131246,0.01709734345707772,-0.9074301629288419,0.36417936482218427,-0.04363727255551572,0.012607982237702906,-0.06348693049049134,0.03245764017267852,2.8058326986305016,288,True
LEVEL_PLUS_JUMP,threat,cpi,real_macro,b,22,0.009980393355830827,0.010158182388883805,0.01872950412135513,0.5328701331954281,0.5941234812201814,-0.020826899429182703,0.040787686140844354,-0.04257146173700213,0.06253224844866379,2.8058326986305016,287,True
LEVEL_PLUS_JUMP,threat,cpi,real_macro,b,23,0.0001464684097811468,0.0001490775731697405,0.018039910215864947,0.008119131859777064,0.9935219412146382,-0.029526543338663225,0.02981948015822552,-0.050470501554251146,0.050763438373813446,2.8058326986305016,286,True
LEVEL_PLUS_JUMP,threat,cpi,real_macro,b,24,-0.00298219173823316,-0.0030353159956262106,0.021993907817283664,-0.1355917176250797,0.8921440533590093,-0.03915895078232853,0.03319456730586222,-0.06469341746263267,0.05872903398616635,2.8058326986305016,285,True
LEVEL_PLUS_JUMP,threat,infl_exp,real_macro,b,0,-0.06417157942118046,-0.06531472104376075,0.0543189608871211,-1.181384517913254,0.23745000555355888,-0.15351831924859677,0.02517516040623584,-0.215358155778931,0.08701499693657008,2.783311276368627,309,True
LEVEL_PLUS_JUMP,threat,infl_exp,real_macro,b,1,-0.02329486719687897,-0.02370983800678307,0.02335294741907933,-0.9975129382532284,0.318515596831092,-0.06170704745915862,0.015117313065400685,-0.08829338908484609,0.04170365469108815,2.783311276368627,308,True
LEVEL_PLUS_JUMP,threat,infl_exp,real_macro,b,2,0.04181037024939922,0.04255517308764455,0.05219483347194598,0.8010442311665145,0.4231060400182589,-0.044042490895059225,0.12766323139385766,-0.10346409832125068,0.18708483882004912,2.783311276368627,307,True
LEVEL_PLUS_JUMP,threat,infl_exp,real_macro,b,3,-0.0041058492053705825,-0.00417899010614056,0.0199250602752788,-0.20606458141884498,0.8367404649383203,-0.03687965686638962,0.02866795845564845,-0.05956349415187865,0.05135179574113748,2.783311276368627,306,True
LEVEL_PLUS_JUMP,threat,infl_exp,real_macro,b,4,0.004682993444989185,0.004766415495272568,0.017713072125525472,0.26438064564987257,0.7914866236516052,-0.024452417485134412,0.033818404375112784,-0.04461799994111666,0.05398398683109504,2.783311276368627,305,True
LEVEL_PLUS_JUMP,threat,infl_exp,real_macro,b,5,0.004403175056079171,0.004481612469082132,0.02451503220611401,0.17961122869669435,0.8574577888224397,-0.03592046458297961,0.04472681469513795,-0.06382979052373802,0.07263614063589635,2.783311276368627,304,True
LEVEL_PLUS_JUMP,threat,infl_exp,real_macro,b,6,0.008826067722703789,0.00898329379487687,0.018868142763761725,0.4677761787797785,0.6399446573703472,-0.02220926533610786,0.03986140078151544,-0.04368984679580733,0.06134198224121491,2.783311276368627,303,True
LEVEL_PLUS_JUMP,threat,infl_exp,real_macro,b,7,0.017003690761174042,0.017306591621989796,0.020130713838030664,0.8446640739113238,0.39829842350796385,-0.016108386908432887,0.05011576843078097,-0.039026352065566663,0.07303373358791475,2.783311276368627,302,True
LEVEL_PLUS_JUMP,threat,infl_exp,real_macro,b,8,-0.007459897408829905,-0.007592786754941241,0.020907025380301786,-0.3568129503424472,0.7212318406325425,-0.04184889393438578,0.02692909911672597,-0.06565065690514894,0.050730862087489136,2.783311276368627,301,True
LEVEL_PLUS_JUMP,threat,infl_exp,real_macro,b,9,-0.022162621840994615,-0.02255742302432946,0.02440874248911758,-0.907978846139887,0.3638893981023297,-0.062311430453544175,0.017986186771554946,-0.09009975005293361,0.04577450637094438,2.783311276368627,300,True
LEVEL_PLUS_JUMP,threat,infl_exp,real_macro,b,10,0.002638768982078849,0.002685775564790331,0.027365970652587064,0.09642519227906103,0.9231828847988045,-0.04237424710087653,0.04765178506503423,-0.07352924572403964,0.07880678368819734,2.783311276368627,299,True
LEVEL_PLUS_JUMP,threat,infl_exp,real_macro,b,11,-0.010746290577669876,-0.010937723173820411,0.02605206232930151,-0.41249289372316644,0.6799781882532085,-0.053598119789587284,0.03210553863424753,-0.08325728943147309,0.06176470827613334,2.783311276368627,298,True
LEVEL_PLUS_JUMP,threat,infl_exp,real_macro,b,12,0.004900343299716524,0.0049876371834165325,0.029641520286418428,0.16532024175432838,0.8686919274126346,-0.04385561885175447,0.05365630545118752,-0.0776012343621813,0.08740192096161434,2.783311276368627,297,True
LEVEL_PLUS_JUMP,threat,infl_exp,real_macro,b,13,0.012242177016084765,0.0124602570793201,0.035051110324156934,0.34926645412563606,0.7268892802916997,-0.04541176892928096,0.0698961229614505,-0.08531597359838203,0.10980032763055156,2.783311276368627,296,True
LEVEL_PLUS_JUMP,threat,infl_exp,real_macro,b,14,0.0089925149785617,0.009152706113895947,0.029050574759698324,0.30954688686700127,0.7569055516551054,-0.03879142827995298,0.05677645823707639,-0.07186427733509647,0.08984930729221986,2.783311276368627,295,True
LEVEL_PLUS_JUMP,threat,infl_exp,real_macro,b,15,-0.011214479582636312,-0.011414252418245485,0.026719910216615766,-0.41970498746895457,0.674700981176685,-0.05516482081425445,0.032735861648981825,-0.08558430699210026,0.06315534782682763,2.783311276368627,294,True
LEVEL_PLUS_JUMP,threat,infl_exp,real_macro,b,16,-0.03274954379041745,-0.03333293860421232,0.018302145786350706,-1.789382740839124,0.07355319694838289,-0.06285389466809102,-0.002645192912743892,-0.08369011253930991,0.018191024958475015,2.783311276368627,293,True
LEVEL_PLUS_JUMP,threat,infl_exp,real_macro,b,17,0.02902715249320724,0.029544237260315503,0.02329977893596984,1.245812356116202,0.212833292241288,-0.009297573396790264,0.06735187838320475,-0.03582338495617382,0.0938776899425883,2.783311276368627,292,True
LEVEL_PLUS_JUMP,threat,infl_exp,real_macro,b,18,-0.05143411947805802,-0.052350358151415796,0.022908305667664868,-2.2452170939318923,0.024754199251187967,-0.08911492914282954,-0.013753309813286492,-0.11519506496536897,0.012326826009252938,2.783311276368627,291,True
LEVEL_PLUS_JUMP,threat,infl_exp,real_macro,b,19,0.03138106598074264,0.031940082963137266,0.03632405515730206,0.8639196765021497,0.38763201692259497,-0.028366687890330984,0.09112881985181626,-0.06972008634201217,0.13248221830349743,2.783311276368627,290,True
LEVEL_PLUS_JUMP,threat,infl_exp,real_macro,b,20,0.021444426059610024,0.021826433425210172,0.023636230776659415,0.9072692791943046,0.36426441563259115,-0.017433713860840225,0.06032256598006028,-0.04434256159191731,0.08723141371113736,2.783311276368627,289,True
LEVEL_PLUS_JUMP,threat,infl_exp,real_macro,b,21,-0.0606815659275987,-0.06176253704223972,0.032855489752036615,-1.8469231895664324,0.06475827331007875,-0.11472403741150305,-0.00663909444369435,-0.1521286210450561,0.030765489189858677,2.783311276368627,288,True
LEVEL_PLUS_JUMP,threat,infl_exp,real_macro,b,22,0.005997293065987889,0.006104127826615272,0.02919973721155412,0.2053885972513069,0.8372685284529383,-0.04203200059246678,0.054026586724442556,-0.07527466478193132,0.08726925091390708,2.783311276368627,287,True
LEVEL_PLUS_JUMP,threat,infl_exp,real_macro,b,23,0.02063439074537934,0.021001968279396575,0.016303867381266865,1.2656132598998102,0.20565157643807552,-0.006183084650033262,0.04745186614079194,-0.02474434718531936,0.06601312867607805,2.783311276368627,286,True
LEVEL_PLUS_JUMP,threat,infl_exp,real_macro,b,24,-0.010478592268193485,-0.010665256132101225,0.01709324629616213,-0.6130252900261665,0.5398596177003058,-0.038594480434810584,0.01763729589842361,-0.0580544174340478,0.037097232897660835,2.783311276368627,285,True
LEVEL_PLUS_JUMP,threat,freight,physical_channel,b,0,-0.0044709453935732005,-0.004550590055864156,0.002467994669654772,-1.8115701174502963,0.07005264573050358,-0.008530435377251754,-0.0004114554098946484,-0.011365092227438839,0.0024232014402924386,2.793420471540162,309,True
LEVEL_PLUS_JUMP,threat,freight,physical_channel,b,1,0.004137442537528968,0.004211146236554997,0.003943478087751445,1.0491861360609513,0.2940924582065517,-0.002349001697912652,0.01062388677297059,-0.006878349881865969,0.015153234956923906,2.793420471540162,308,True
LEVEL_PLUS_JUMP,threat,freight,physical_channel,b,2,0.003578693707647581,0.0036424439498666137,0.003231047171503739,1.1075956238614884,0.2680364942235507,-0.0017359059512516394,0.008893293366546802,-0.0054469796057429005,0.012604367021038062,2.793420471540162,307,True
LEVEL_PLUS_JUMP,threat,freight,physical_channel,b,3,0.001974013677145227,0.0020091784216979018,0.0021319370684138848,0.9259249282690369,0.354484995378025,-0.0015327107422676402,0.005480738096558095,-0.003981382973797437,0.007929410328087892,2.793420471540162,306,True
LEVEL_PLUS_JUMP,threat,freight,physical_channel,b,4,0.0028874580549975615,0.002938894742638648,0.001706363318800946,1.6921707254153622,0.09061342651027819,8.074016117087454e-05,0.0056941759488242484,-0.0018791321716262123,0.007654048281621336,2.793420471540162,305,True
LEVEL_PLUS_JUMP,threat,freight,physical_channel,b,5,0.0008154439771874633,0.0008299701577741567,0.0016767318355957424,0.4863293938101535,0.6267336419982508,-0.0019425344640171933,0.0035734224183921197,-0.0038683730576487964,0.005499261012023723,2.793420471540162,304,True
LEVEL_PLUS_JUMP,threat,freight,physical_channel,b,6,0.000865240045908846,0.0008806532852107795,0.0014460083780723821,0.5983644763263848,0.5495967634551786,-0.0015132320793657273,0.003243712171183419,-0.003174069359417132,0.004904549451234824,2.793420471540162,303,True
LEVEL_PLUS_JUMP,threat,freight,physical_channel,b,7,0.0019445105552571905,0.0019791497362047538,0.00188220594907744,1.0331019069460965,0.3015562110481288,-0.0011514427267524745,0.005040463837266855,-0.0033132820745504095,0.00720230318506479,2.793420471540162,302,True
LEVEL_PLUS_JUMP,threat,freight,physical_channel,b,8,0.003539996221991742,0.0036030571137702617,0.0017124529200915537,2.067207910044313,0.03871456717885944,0.0007232618253955104,0.006356730618587974,-0.0012436048215407327,0.008323597265524216,2.793420471540162,301,True
LEVEL_PLUS_JUMP,threat,freight,physical_channel,b,9,-0.004008912252144234,-0.004080326334484642,0.0020532018670040455,-1.9525173420935407,0.05087681405324328,-0.007386128789949373,-0.0006316957143390955,-0.009744368379637816,0.0017265438753493473,2.793420471540162,300,True
LEVEL_PLUS_JUMP,threat,freight,physical_channel,b,10,-0.00015550915422238385,-0.00015827936789777284,0.0025013239923042203,-0.062170736258412004,0.9504268664771457,-0.004269820995144717,0.0039588026866999495,-0.007142758800279559,0.006831740491834791,2.793420471540162,299,True
LEVEL_PLUS_JUMP,threat,freight,physical_channel,b,11,0.0019889356756538873,0.002024366238154962,0.00237559247979575,0.8372377386145341,0.40245894850538566,-0.0019185662308967943,0.0058964375822045684,-0.004647092989444419,0.008624964340752194,2.793420471540162,298,True
LEVEL_PLUS_JUMP,threat,freight,physical_channel,b,12,-0.003926476947439036,-0.00399642254125495,0.0029240723686450305,-1.342811138856493,0.17933313565847098,-0.008736147988473397,0.0008831940935953245,-0.012094640562276996,0.004241686667398923,2.793420471540162,297,True
LEVEL_PLUS_JUMP,threat,freight,physical_channel,b,13,0.0007712281095100112,0.0007849666361356129,0.00207043312951533,0.37249602439009893,0.7095235714613268,-0.0026343313329337667,0.004176787551953789,-0.0050123621794330745,0.0065548183984530965,2.793420471540162,296,True
LEVEL_PLUS_JUMP,threat,freight,physical_channel,b,14,0.001524893062646569,0.0015520572488115097,0.0024668662121416648,0.6181498839058236,0.5364765421967823,-0.002532740773598688,0.0055825268988918255,-0.005366101514900693,0.00841588764019383,2.793420471540162,295,True
LEVEL_PLUS_JUMP,threat,freight,physical_channel,b,15,-0.0011880114712209428,-0.0012091745059024184,0.0024723242383219084,-0.4805241370878224,0.6308547443597972,-0.00525462296162477,0.0028786000191828847,-0.0080942526108343,0.005718229668392414,2.793420471540162,294,True
LEVEL_PLUS_JUMP,threat,freight,physical_channel,b,16,4.7484050879108626e-05,4.832992370097521e-05,0.002265787028524101,0.020956978869297795,0.9832799740199394,-0.003679403960888358,0.0037743720626465752,-0.006281811818750268,0.006376779920508485,2.793420471540162,293,True
LEVEL_PLUS_JUMP,threat,freight,physical_channel,b,17,2.309465517002368e-05,2.3506059436867695e-05,0.0020342136587232855,0.011353111838074258,0.9909417219394134,-0.003322889059375197,0.0033690783697152443,-0.005659319422594214,0.005705508732934262,2.793420471540162,292,True
LEVEL_PLUS_JUMP,threat,freight,physical_channel,b,18,-0.001863578646233581,-0.0018967761198921194,0.0021803616945516796,-0.8547107807343705,0.392711280775079,-0.00544995448758297,0.0017227971951158073,-0.00795424563915624,0.004227088346689078,2.793420471540162,291,True
LEVEL_PLUS_JUMP,threat,freight,physical_channel,b,19,0.0018490627384796859,0.001882001628221595,0.003951405959276728,0.4679505870913201,0.6398199263299772,-0.0046504216851943015,0.008348547162153674,-0.009188875559529719,0.01288700103648909,2.793420471540162,290,True
LEVEL_PLUS_JUMP,threat,freight,physical_channel,b,20,-0.0014676058326874414,-0.0014937495138624896,0.0017697576771131742,-0.8292693692852897,0.4069519994415316,-0.004378598166712259,0.0014433865013373758,-0.006411283157600745,0.0034760714922258628,2.793420471540162,289,True
LEVEL_PLUS_JUMP,threat,freight,physical_channel,b,21,0.001249422604491768,0.0012716796066766917,0.0015781270721507775,0.7917122939846479,0.42852845223134206,-0.0013463654339257458,0.003845210642909282,-0.003158949865545951,0.005657795074529488,2.793420471540162,288,True
LEVEL_PLUS_JUMP,threat,freight,physical_channel,b,22,-0.0004140350099259804,-0.00042141055930969425,0.001514029250553033,-0.27346566109917947,0.7844952851346879,-0.002904391514008756,0.0020763214941567952,-0.004643355312931432,0.003815285293079471,2.793420471540162,287,True
LEVEL_PLUS_JUMP,threat,freight,physical_channel,b,23,-0.0018702801930958444,-0.0019035970469725887,0.0012055149404489557,-1.5514367597960403,0.12079705160759115,-0.003853175815237497,0.00011261542904580815,-0.005237790306493476,0.0014972299203017873,2.793420471540162,286,True
LEVEL_PLUS_JUMP,threat,freight,physical_channel,b,24,-0.0017958839003423082,-0.0018278754712888312,0.0013773731932354843,-1.3038469959791592,0.1922857553459294,-0.0040614611929014255,0.00046969339221680935,-0.005643466375276953,0.0020516985745923366,2.793420471540162,285,True
